run,app,t_seconds,phase,total_bytes,n_processes,cpu_seconds,cpu_percent
1,pgadmin,0.251,launch,31147400,1,0.1715,
1,pgadmin,0.506,launch,142644336,5,0.6746,193.1
1,pgadmin,0.756,launch,158766216,5,0.9126,96.2
1,pgadmin,1.011,launch,169546912,5,1.1510,93.5
1,pgadmin,1.266,launch,180196536,5,1.3844,91.5
1,pgadmin,1.521,launch,192697552,5,1.6245,94.1
1,pgadmin,1.777,launch,201512144,5,1.8676,95.2
1,pgadmin,2.031,launch,210539728,5,2.1046,93.2
1,pgadmin,2.286,launch,220140776,5,2.3441,93.9
1,pgadmin,2.540,launch,250156744,6,2.8147,184.9
1,pgadmin,2.795,launch,233837824,5,2.8064,91.1
1,pgadmin,3.050,launch,243848472,5,3.0515,96.2
1,pgadmin,3.305,launch,254006552,5,3.3044,98.8
1,pgadmin,3.561,launch,260887832,5,3.5044,79.0
1,pgadmin,3.813,launch,260887832,5,3.5044,0.0
1,pgadmin,4.064,launch,263378200,5,3.5568,20.9
1,pgadmin,4.315,settle,318952992,5,3.8981,167.9
1,pgadmin,4.570,settle,440506032,5,4.3146,163.5
1,pgadmin,4.823,settle,482318048,5,4.6709,140.4
1,pgadmin,5.078,settle,643454952,5,5.2590,229.5
1,pgadmin,5.334,settle,692017392,5,5.5234,104.4
1,pgadmin,5.589,settle,694851800,5,5.7930,105.6
1,pgadmin,5.844,settle,787781992,5,6.1142,123.4
1,pgadmin,6.099,settle,788781440,5,6.1705,22.1
1,pgadmin,6.353,settle,799398848,6,6.3095,56.3
1,pgadmin,6.608,settle,799447976,6,6.3338,9.4
1,pgadmin,6.863,settle,797498280,6,6.3655,12.4
1,pgadmin,7.119,settle,795335592,6,6.3974,12.6
1,pgadmin,7.371,settle,765205392,6,6.4361,15.2
1,pgadmin,7.623,settle,765287312,6,6.4675,12.5
1,pgadmin,7.878,settle,765680504,6,6.5196,20.1
1,pgadmin,8.131,settle,765762424,6,6.5542,13.6
1,pgadmin,8.386,settle,765909880,6,6.5918,14.7
1,pgadmin,8.641,settle,765991800,6,6.6281,14.3
1,pgadmin,8.896,settle,766073720,6,6.6561,11.1
1,pgadmin,9.149,settle,766139256,6,6.6848,11.2
1,pgadmin,9.400,query,766204792,6,6.7050,8.3
1,pgadmin,9.653,query,766237560,6,6.7345,11.5
1,pgadmin,9.909,query,768744312,6,6.8113,30.2
1,pgadmin,10.164,query,768842616,6,6.8452,13.1
1,pgadmin,10.419,query,768957304,6,6.8720,10.6
1,pgadmin,10.674,query,769170296,6,6.9019,11.6
1,pgadmin,10.929,query,621091704,6,6.9427,16.3
1,pgadmin,11.184,query,621173624,6,6.9677,9.7
1,pgadmin,11.440,query,621255544,6,7.0033,13.9
1,pgadmin,11.695,query,621403024,6,7.0329,11.5
1,pgadmin,11.950,query,621796240,6,7.0932,24.1
1,pgadmin,12.205,query,621910928,6,7.1191,10.0
1,pgadmin,12.460,query,622091152,6,7.1534,13.5
1,pgadmin,12.715,query,622222224,6,7.1771,9.5
1,pgadmin,12.970,query,622386064,6,7.2038,10.4
1,pgadmin,13.223,query,622549904,6,7.2268,9.1
1,pgadmin,13.478,query,622680976,6,7.2486,8.5
1,pgadmin,13.728,query,622828432,6,7.2743,10.3
1,pgadmin,13.983,query,624827280,6,7.3315,22.6
1,pgadmin,14.237,query,624974736,6,7.3491,6.9
1,pgadmin,14.492,query,625154960,6,7.3756,10.4
1,pgadmin,14.747,query,625269648,6,7.3961,7.9
1,pgadmin,15.002,query,625384336,6,7.4257,11.7
1,pgadmin,15.253,query,625548176,6,7.4501,9.7
1,pgadmin,15.508,query,625679248,6,7.4767,10.5
1,pgadmin,15.764,query,728537976,6,7.9832,196.3
1,pgadmin,16.016,query,729766776,6,8.0180,13.7
1,pgadmin,16.266,query,729750392,6,8.0367,7.6
1,pgadmin,16.521,query,729750392,6,8.0562,7.5
1,pgadmin,16.776,query,729783160,6,8.0798,9.3
1,pgadmin,17.030,query,727686008,6,8.1025,8.9
1,pgadmin,17.285,query,783620984,6,8.2666,64.9
1,pgadmin,17.536,query,788913064,6,8.4754,82.0
1,pgadmin,17.792,query,792206248,6,8.6036,50.3
1,pgadmin,18.045,query,803691432,6,8.7676,65.1
1,pgadmin,18.300,query,810326976,6,8.9234,61.0
1,pgadmin,18.555,query,818387904,6,9.0469,48.3
1,pgadmin,18.811,query,824531904,6,9.1691,47.5
1,pgadmin,19.065,query,829496280,6,9.3390,68.0
1,pgadmin,19.320,query,847207408,6,9.5417,78.8
1,pgadmin,19.575,query,850369520,6,9.6314,35.1
1,pgadmin,19.828,query,870702064,6,9.8435,84.1
1,pgadmin,20.082,query,874879984,6,9.9482,40.8
1,pgadmin,20.337,query,884677640,6,10.1002,59.5
1,pgadmin,20.592,query,887987208,6,10.2453,57.2
1,pgadmin,20.845,query,890919944,6,10.4177,67.7
1,pgadmin,21.100,query,894327816,6,10.5079,35.6
1,pgadmin,21.353,query,913841184,6,10.7173,82.8
1,pgadmin,21.607,query,917183520,6,10.7926,29.6
1,pgadmin,21.861,query,926030880,6,10.9412,58.7
1,pgadmin,22.115,query,932142112,6,11.1085,66.7
1,pgadmin,22.365,query,938794016,6,11.1944,34.0
1,pgadmin,22.619,query,940334112,6,11.2544,23.4
1,pgadmin,22.870,after-query,937909280,6,11.2759,8.6
1,pgadmin,23.126,after-query,937991200,6,11.3009,9.7
1,pgadmin,23.381,after-query,938040352,6,11.3219,8.2
1,pgadmin,23.633,after-query,911662064,6,11.3445,9.0
1,pgadmin,23.885,after-query,912055280,6,11.3939,19.7
1,pgadmin,24.137,after-query,912104432,6,11.4136,7.8
1,pgadmin,24.389,after-query,912219120,6,11.4350,8.5
1,pgadmin,24.644,after-query,912268272,6,11.4580,8.9
1,pgadmin,24.899,after-query,910760944,6,11.4825,9.7
1,pgadmin,25.153,after-query,910810096,6,11.5060,9.2
1,pgadmin,25.409,after-query,910875632,6,11.5316,10.2
1,pgadmin,25.664,after-query,910990320,6,11.5577,10.2
1,pgadmin,25.919,after-query,901831664,6,11.6125,21.5
1,pgadmin,26.172,after-query,901929968,6,11.6357,9.0
1,pgadmin,26.424,after-query,901995504,6,11.6594,9.5
1,pgadmin,26.679,after-query,902044656,6,11.6808,8.4
1,pgadmin,26.934,after-query,902110192,6,11.6985,7.0
1,pgadmin,27.187,after-query,902159344,6,11.7208,8.8
1,pgadmin,27.440,after-query,858266608,6,11.7413,8.3
1,dbgate,0.253,launch,7537432,1,0.0867,
1,dbgate,0.508,launch,36947312,1,0.2453,61.5
1,dbgate,0.764,launch,82005136,3,0.5268,110.9
1,dbgate,1.018,settle,125293056,4,0.8257,116.7
1,dbgate,1.270,settle,237605568,4,1.1837,142.3
1,dbgate,1.524,settle,562422136,7,2.0833,356.4
1,dbgate,1.775,settle,620356920,8,2.7499,263.3
1,dbgate,2.030,settle,620471608,8,2.7801,11.7
1,dbgate,2.285,settle,621094200,8,2.8499,27.4
1,dbgate,2.538,settle,621126968,8,2.8695,7.7
1,dbgate,2.790,settle,613721400,8,2.8993,11.9
1,dbgate,3.045,settle,613737784,8,2.9161,6.7
1,dbgate,3.300,settle,613737784,8,2.9308,5.7
1,dbgate,3.556,settle,609183032,8,2.9480,6.8
1,dbgate,3.811,settle,599188792,8,2.9662,7.0
1,dbgate,4.062,settle,587965728,8,2.9813,6.2
1,dbgate,4.317,settle,587949344,8,2.9934,4.7
1,dbgate,4.572,settle,587965728,8,3.0104,6.7
1,dbgate,4.827,settle,587949344,8,3.0220,4.5
1,dbgate,5.082,settle,587965728,8,3.0433,8.3
1,dbgate,5.336,settle,587949344,8,3.0549,4.6
1,dbgate,5.589,settle,587982112,8,3.0717,6.6
1,dbgate,5.844,settle,587883808,8,3.0862,5.8
1,dbgate,6.095,query,587900192,8,3.1006,5.8
1,dbgate,6.350,query,587900192,8,3.1108,4.0
1,dbgate,6.605,query,580478240,8,3.1367,10.0
1,dbgate,6.861,query,580232480,8,3.1520,5.9
1,dbgate,7.111,query,521119008,8,3.1732,8.7
1,dbgate,7.362,query,482026784,8,3.1861,5.1
1,dbgate,7.615,query,482043168,8,3.2032,6.7
1,dbgate,7.866,query,482043168,8,3.2156,5.0
1,dbgate,8.116,query,482059552,8,3.2328,6.8
1,dbgate,8.371,query,482043168,8,3.2442,4.4
1,dbgate,8.627,query,482059552,8,3.2610,6.6
1,dbgate,8.882,query,482059552,8,3.2760,5.9
1,dbgate,9.137,query,482075936,8,3.2930,6.6
1,dbgate,9.391,query,482059576,8,3.3047,4.8
1,dbgate,9.645,query,482059576,8,3.3169,4.8
1,dbgate,9.900,query,482075960,8,3.3281,4.4
1,dbgate,10.155,query,482092344,8,3.3400,4.6
1,dbgate,10.408,query,482075960,8,3.3504,4.1
1,dbgate,10.663,query,482075960,8,3.3677,6.8
1,dbgate,10.918,query,482075960,8,3.3776,3.9
1,dbgate,11.173,query,482075960,8,3.3903,5.0
1,dbgate,11.428,query,482092344,8,3.3989,3.3
1,dbgate,11.682,query,482092344,8,3.4167,7.0
1,dbgate,11.936,query,541877560,8,3.4719,21.8
1,dbgate,12.191,query,541943096,8,3.4871,5.9
1,dbgate,12.447,query,608232760,8,3.5505,24.6
1,dbgate,12.698,query,608281912,8,3.5694,7.5
1,dbgate,12.954,query,608970040,8,3.6056,14.2
1,dbgate,13.209,query,665364872,9,3.9143,123.2
1,dbgate,13.460,query,687745536,9,4.2183,120.9
1,dbgate,13.715,query,732785152,9,4.3342,44.6
1,dbgate,13.970,query,732948992,9,4.3555,8.4
1,dbgate,14.225,query,736258560,9,4.4524,38.4
1,dbgate,14.481,query,756705840,9,4.7619,119.6
1,dbgate,14.733,query,762964552,9,4.9796,87.4
1,dbgate,14.986,query,769223240,9,5.2080,90.2
1,dbgate,15.240,query,780053088,9,5.4583,98.5
1,dbgate,15.495,query,791849592,9,5.6884,89.7
1,dbgate,15.749,query,790555256,9,5.9460,102.1
1,dbgate,15.999,query,797796984,9,6.1263,72.8
1,dbgate,16.254,query,798026360,9,6.3099,70.9
1,dbgate,16.508,query,798075512,9,6.4474,54.3
1,dbgate,16.763,query,798255736,9,6.5952,58.1
1,dbgate,17.016,query,798665336,9,6.7303,53.3
1,dbgate,17.271,query,797502072,9,6.8459,45.1
1,dbgate,17.522,query,798419576,9,6.9923,58.0
1,dbgate,17.774,query,800418424,9,7.0827,36.5
1,dbgate,18.026,query,776923768,9,7.2361,59.9
1,dbgate,18.278,query,779266680,9,7.3815,58.5
1,dbgate,18.533,query,781347448,9,7.4854,40.3
1,dbgate,18.788,query,695888504,9,7.6568,67.4
1,dbgate,19.041,query,697821816,9,7.8655,84.0
1,dbgate,19.296,query,697248376,9,7.9737,41.2
1,dbgate,19.549,query,697231992,9,7.9909,6.9
1,dbgate,19.802,after-query,696232568,9,8.0063,6.2
1,dbgate,20.055,after-query,696216184,9,8.0175,4.4
1,dbgate,20.310,after-query,696232568,9,8.0314,5.4
1,dbgate,20.563,after-query,691513976,9,8.0432,4.6
1,dbgate,20.816,after-query,691497592,9,8.0599,6.6
1,dbgate,21.068,after-query,671246944,9,8.0750,6.0
1,dbgate,21.323,after-query,671312480,9,8.0957,8.0
1,dbgate,21.578,after-query,671312480,9,8.1116,6.3
1,dbgate,21.833,after-query,669264480,9,8.1353,9.3
1,dbgate,22.088,after-query,669149792,9,8.1499,5.8
1,dbgate,22.344,after-query,669117024,9,8.1668,6.6
1,dbgate,22.595,after-query,669117024,9,8.1802,5.4
1,dbgate,22.850,after-query,669133408,9,8.1990,7.3
1,dbgate,23.105,after-query,658025056,9,8.2166,6.9
1,dbgate,23.357,after-query,658008672,9,8.2286,4.8
1,dbgate,23.612,after-query,658041440,9,8.2426,5.5
1,dbgate,23.864,after-query,658057824,9,8.2586,6.4
1,dbgate,24.115,after-query,658057824,9,8.2699,4.6
1,pgpad,0.251,launch,29296728,4,0.1718,
1,pgpad,0.507,settle,48499184,4,0.3901,85.1
1,pgpad,0.759,settle,54414048,4,0.5100,47.0
1,pgpad,1.014,settle,249139832,7,0.8554,136.0
1,pgpad,1.269,settle,248779384,7,0.8579,0.9
1,pgpad,1.525,settle,244978296,7,0.8642,2.5
1,pgpad,1.777,settle,241160824,7,0.8914,10.8
1,pgpad,2.033,settle,239915640,7,0.8971,2.2
1,pgpad,2.288,settle,181949048,7,0.9015,1.7
1,pgpad,2.541,settle,179999352,7,0.9037,0.9
1,pgpad,2.796,settle,179851896,7,0.9050,0.5
1,pgpad,3.047,settle,179622520,7,0.9057,0.3
1,pgpad,3.302,settle,179622520,7,0.9065,0.3
1,pgpad,3.556,settle,179573368,7,0.9070,0.2
1,pgpad,3.811,settle,179573368,7,0.9075,0.2
1,pgpad,4.067,settle,179573368,7,0.9081,0.2
1,pgpad,4.321,settle,179573368,7,0.9088,0.3
1,pgpad,4.574,settle,179573368,7,0.9094,0.2
1,pgpad,4.829,settle,179573368,7,0.9094,0.0
1,pgpad,5.084,settle,179573368,7,0.9094,0.0
1,pgpad,5.340,settle,179573368,7,0.9139,1.8
1,pgpad,5.595,query,179278456,7,0.9151,0.5
1,pgpad,5.850,query,179278456,7,0.9154,0.1
1,pgpad,6.105,query,179229304,7,0.9160,0.2
1,pgpad,6.358,query,178934368,7,0.9165,0.2
1,pgpad,6.613,query,178934368,7,0.9168,0.1
1,pgpad,6.865,query,178934368,7,0.9171,0.1
1,pgpad,7.116,query,178885216,7,0.9172,0.0
1,pgpad,7.368,query,178885216,7,0.9172,0.0
1,pgpad,7.621,query,178836064,7,0.9173,0.1
1,pgpad,7.876,query,178836064,7,0.9173,0.0
1,pgpad,8.132,query,178836064,7,0.9173,0.0
1,pgpad,8.383,query,178836064,7,0.9173,0.0
1,pgpad,8.636,query,178836064,7,0.9174,0.0
1,pgpad,8.889,query,178557536,7,0.9299,5.0
1,pgpad,9.142,query,178557536,7,0.9355,2.2
1,pgpad,9.397,query,178557536,7,0.9362,0.3
1,pgpad,9.649,query,178557536,7,0.9369,0.3
1,pgpad,9.904,query,178557536,7,0.9376,0.3
1,pgpad,10.157,query,178541152,7,0.9382,0.2
1,pgpad,10.413,query,178442848,7,0.9385,0.1
1,pgpad,10.668,query,256479888,7,0.9796,16.3
1,pgpad,10.923,query,324195032,7,1.0650,32.8
1,pgpad,11.178,query,317035224,7,1.0699,1.9
1,pgpad,11.433,query,317035224,7,1.0751,2.0
1,pgpad,11.691,query,316871384,7,1.0771,0.8
1,pgpad,11.946,query,267621080,7,1.1269,19.8
1,pgpad,12.202,query,277976392,8,1.2412,44.7
1,pgpad,12.457,query,291427656,8,1.2731,12.5
1,pgpad,12.712,query,278467912,8,1.3115,15.1
1,pgpad,12.964,query,291476808,8,1.3343,9.0
1,pgpad,13.217,query,291460424,8,1.3361,0.7
1,pgpad,13.472,query,290510152,8,1.3642,10.9
1,pgpad,13.726,query,290624840,8,1.3817,7.0
1,pgpad,13.981,query,249091400,8,1.3862,1.8
1,pgpad,14.232,query,329192800,8,1.6010,85.5
1,pgpad,14.487,query,382031272,8,1.6921,34.8
1,pgpad,14.743,query,377279912,8,1.6959,1.5
1,pgpad,14.998,query,373757352,8,1.7075,4.6
1,pgpad,15.253,query,373659048,8,1.7089,0.6
1,pgpad,15.507,query,297653672,8,1.7224,5.4
1,pgpad,15.760,query,279664040,8,1.7256,1.3
1,pgpad,16.015,query,279680424,8,1.7334,3.1
1,pgpad,16.270,query,372938152,8,1.7724,15.2
1,pgpad,16.526,query,418567616,8,1.8440,28.2
1,pgpad,16.780,query,424695232,8,1.8754,12.2
1,pgpad,17.031,query,419370432,8,1.9456,28.0
1,pgpad,17.286,query,419583424,8,1.9867,16.3
1,pgpad,17.540,query,410228160,8,2.0514,25.4
1,pgpad,17.795,query,410162624,8,2.0573,2.3
1,pgpad,18.050,query,416650688,8,2.1150,23.0
1,pgpad,18.305,after-query,396858816,8,2.1430,11.1
1,pgpad,18.560,after-query,396793280,8,2.1482,2.0
1,pgpad,18.815,after-query,396121536,8,2.1518,1.4
1,pgpad,19.070,after-query,394548672,8,2.1538,0.8
1,pgpad,19.322,after-query,280483264,8,2.1569,1.2
1,pgpad,19.578,after-query,280434112,8,2.1580,0.4
1,pgpad,19.833,after-query,280417728,8,2.1587,0.3
1,pgpad,20.088,after-query,280417728,8,2.1594,0.3
1,pgpad,20.341,after-query,280384960,8,2.1603,0.4
1,pgpad,20.596,after-query,280303040,8,2.1610,0.3
1,pgpad,20.849,after-query,280286656,8,2.1613,0.1
1,pgpad,21.102,after-query,280319424,8,2.1696,3.3
1,pgpad,21.357,after-query,280319424,8,2.1700,0.2
1,pgpad,21.607,after-query,280303040,8,2.1709,0.3
1,pgpad,21.860,after-query,280303040,8,2.1720,0.4
1,pgpad,22.115,after-query,280303040,8,2.1726,0.2
1,pgpad,22.370,after-query,280303040,8,2.1740,0.6
1,pgpad,22.625,after-query,280303040,8,2.1741,0.0
1,pgpad,22.880,after-query,280253888,8,2.1744,0.1
1,pgpad,23.132,after-query,280253888,8,2.1744,0.0
1,pgpad,23.387,after-query,280155584,8,2.1747,0.2
1,dbeaver,0.255,launch,21218168,1,0.1104,
1,dbeaver,0.510,launch,69895104,1,0.5821,182.2
1,dbeaver,0.765,launch,108921864,1,1.1431,223.3
1,dbeaver,1.020,launch,141231160,1,1.7232,224.0
1,dbeaver,1.275,launch,161842256,1,2.3755,254.8
1,dbeaver,1.531,launch,181110032,1,3.0100,249.5
1,dbeaver,1.786,launch,226362736,1,3.8217,319.6
1,dbeaver,2.040,launch,257246576,1,4.3610,213.9
1,dbeaver,2.292,launch,270779760,1,4.9678,238.5
1,dbeaver,2.546,launch,281150856,1,5.8406,342.0
1,dbeaver,2.802,launch,300467616,1,6.7763,367.6
1,dbeaver,3.052,launch,316196280,1,7.4949,286.9
1,dbeaver,3.307,launch,323127024,1,8.1536,259.2
1,dbeaver,3.562,launch,635078768,1,8.8496,272.1
1,dbeaver,3.812,settle,848333488,2,9.6542,319.5
1,dbeaver,4.067,settle,1007061680,2,10.3851,285.0
1,dbeaver,4.322,settle,1070009008,2,10.6653,111.3
1,dbeaver,4.577,settle,1066732208,2,11.3982,284.9
1,dbeaver,4.829,settle,1010076336,2,11.4315,13.1
1,dbeaver,5.084,settle,984435376,2,11.4694,15.1
1,dbeaver,5.339,settle,823102128,2,11.4991,11.6
1,dbeaver,5.590,settle,724732592,2,11.5031,1.6
1,dbeaver,5.841,settle,724159152,2,11.5204,6.8
1,dbeaver,6.096,settle,715410096,2,11.5291,3.4
1,dbeaver,6.351,settle,715410096,2,11.5447,6.1
1,dbeaver,6.607,settle,715410096,2,11.5496,2.0
1,dbeaver,6.862,settle,715410096,2,11.5669,6.7
1,dbeaver,7.117,settle,715410096,2,11.5740,2.8
1,dbeaver,7.371,settle,715410096,2,11.5908,6.5
1,dbeaver,7.625,settle,715410096,2,11.5959,2.0
1,dbeaver,7.879,settle,715459248,2,11.6198,9.5
1,dbeaver,8.134,settle,715459248,2,11.6288,3.5
1,dbeaver,8.389,settle,715393712,2,11.6401,4.4
1,dbeaver,8.642,settle,715279024,2,11.6508,4.3
1,dbeaver,8.897,query,715164336,2,11.6559,2.0
1,dbeaver,9.148,query,715000496,2,11.6667,4.2
1,dbeaver,9.403,query,715000496,2,11.6755,3.5
1,dbeaver,9.659,query,715016880,2,11.6905,5.9
1,dbeaver,9.914,query,715016880,2,11.6979,2.9
1,dbeaver,10.169,query,715016880,2,11.7072,3.6
1,dbeaver,10.424,query,715016880,2,11.7155,3.3
1,dbeaver,10.680,query,715016880,2,11.7215,2.3
1,dbeaver,10.935,query,715016880,2,11.7380,6.5
1,dbeaver,11.190,query,715016880,2,11.7434,2.1
1,dbeaver,11.445,query,715016880,2,11.7600,6.5
1,dbeaver,11.700,query,715049648,2,11.7753,6.0
1,dbeaver,11.954,query,715049648,2,11.7902,6.0
1,dbeaver,12.207,query,715049648,2,11.7950,1.9
1,dbeaver,12.462,query,715049648,2,11.8025,2.9
1,dbeaver,12.716,query,715049648,2,11.8066,1.6
1,dbeaver,12.971,query,715049648,2,11.8121,2.2
1,dbeaver,13.225,query,715049648,2,11.8213,3.6
1,dbeaver,13.479,query,715049648,2,11.8314,4.0
1,dbeaver,13.734,query,715066008,2,11.8560,9.8
1,dbeaver,13.985,query,715147928,2,11.8662,3.9
1,dbeaver,14.241,query,754043544,2,11.9406,29.4
1,dbeaver,14.494,query,795970200,2,12.0364,37.9
1,dbeaver,14.749,query,796920472,2,12.2229,73.0
1,dbeaver,15.004,query,796199576,2,12.2624,15.4
1,dbeaver,15.260,query,756173464,2,12.2772,5.9
1,dbeaver,15.514,query,756419224,2,12.3067,11.5
1,dbeaver,15.769,query,756550296,2,12.3312,9.7
1,dbeaver,16.024,query,715639448,2,12.3422,4.2
1,dbeaver,16.277,query,715655832,2,12.3544,4.8
1,dbeaver,16.532,query,803179160,2,12.6439,115.1
1,dbeaver,16.787,query,866929328,2,13.4596,321.7
1,dbeaver,17.043,query,914655920,2,14.0117,215.7
1,dbeaver,17.294,query,916392624,2,14.1311,47.2
1,dbeaver,17.549,query,913967792,2,14.2664,52.5
1,dbeaver,17.805,query,913967792,2,14.2787,4.9
1,dbeaver,18.060,query,913148616,2,14.3168,14.9
1,dbeaver,18.315,query,739543752,2,14.4557,54.5
1,dbeaver,18.570,query,739658440,2,14.4972,16.0
1,dbeaver,18.825,query,739871432,2,14.6371,55.5
1,dbeaver,19.081,query,732629704,2,14.7370,39.3
1,dbeaver,19.332,query,732662472,2,14.8009,25.1
1,dbeaver,19.587,query,732695240,2,14.9023,40.4
1,dbeaver,19.840,query,744164040,2,15.0421,54.8
1,dbeaver,20.093,query,744426184,2,15.1999,62.4
1,dbeaver,20.348,query,742329032,2,15.3024,40.3
1,dbeaver,20.603,query,742361800,2,15.3829,31.4
1,dbeaver,20.859,query,788204232,2,15.5323,58.9
1,dbeaver,21.110,query,803637960,2,15.6178,33.9
1,dbeaver,21.365,query,790252232,2,15.7084,35.4
1,dbeaver,21.620,query,786123464,2,15.7659,22.5
1,dbeaver,21.875,query,786156232,2,15.8126,18.3
1,dbeaver,22.130,query,735775432,2,15.8687,22.4
1,dbeaver,22.384,after-query,735775432,2,15.8790,4.0
1,dbeaver,22.639,after-query,735726280,2,15.8927,5.3
1,dbeaver,22.894,after-query,733285064,2,15.9008,3.2
1,dbeaver,23.146,after-query,721963720,2,15.9119,4.3
1,dbeaver,23.401,after-query,721963720,2,15.9201,3.2
1,dbeaver,23.656,after-query,721963720,2,15.9284,3.3
1,dbeaver,23.908,after-query,721865416,2,15.9394,4.3
1,dbeaver,24.163,after-query,721865416,2,15.9478,3.3
1,dbeaver,24.418,after-query,721914568,2,15.9594,4.6
1,dbeaver,24.673,after-query,721914568,2,15.9680,3.4
1,dbeaver,24.928,after-query,721914568,2,15.9767,3.4
1,dbeaver,25.180,after-query,721914568,2,15.9878,4.4
1,dbeaver,25.436,after-query,721898184,2,15.9999,4.7
1,dbeaver,25.689,after-query,721898184,2,16.0082,3.3
1,dbeaver,25.941,after-query,721357488,2,16.0142,2.4
1,dbeaver,26.197,after-query,721373872,2,16.0255,4.4
1,dbeaver,26.452,after-query,721455792,2,16.0439,7.3
1,dbeaver,26.704,after-query,721455792,2,16.0520,3.2
2,dbgate,0.252,launch,8258424,1,0.0921,
2,dbgate,0.507,launch,53971968,3,0.3829,112.5
2,dbgate,0.762,launch,95571064,3,0.6344,98.5
2,dbgate,1.018,settle,195203776,4,1.0655,170.6
2,dbgate,1.269,settle,543023384,7,1.8729,318.4
2,dbgate,1.521,settle,623846808,8,2.6960,327.1
2,dbgate,1.776,settle,627090840,8,2.7603,24.8
2,dbgate,2.031,settle,627369368,8,2.8157,21.9
2,dbgate,2.285,settle,627615128,8,2.8554,15.5
2,dbgate,2.536,settle,627598744,8,2.8714,6.4
2,dbgate,2.791,settle,616850840,8,2.9001,11.2
2,dbgate,3.047,settle,616850840,8,2.9173,6.7
2,dbgate,3.302,settle,612148632,8,2.9339,6.5
2,dbgate,3.556,settle,612132248,8,2.9538,7.8
2,dbgate,3.811,settle,591521152,8,2.9740,8.0
2,dbgate,4.061,settle,591046016,8,2.9910,6.8
2,dbgate,4.314,settle,591095168,8,3.0089,7.0
2,dbgate,4.570,settle,591078784,8,3.0231,5.5
2,dbgate,4.823,settle,591095168,8,3.0368,5.5
2,dbgate,5.078,settle,591078784,8,3.0530,6.2
2,dbgate,5.331,settle,591095168,8,3.0686,6.2
2,dbgate,5.586,settle,591078784,8,3.0827,5.5
2,dbgate,5.840,settle,591046016,8,3.1003,7.1
2,dbgate,6.091,query,591046016,8,3.1115,4.5
2,dbgate,6.343,query,575776128,8,3.1333,8.6
2,dbgate,6.598,query,575776128,8,3.1470,5.3
2,dbgate,6.853,query,513713536,8,3.1680,8.3
2,dbgate,7.108,query,482141568,8,3.1859,7.0
2,dbgate,7.364,query,482157952,8,3.2020,6.2
2,dbgate,7.619,query,482157952,8,3.2165,5.8
2,dbgate,7.874,query,482190720,8,3.2297,5.1
2,dbgate,8.126,query,482141568,8,3.2419,4.8
2,dbgate,8.377,query,482157952,8,3.2587,6.7
2,dbgate,8.632,query,482141568,8,3.2756,6.6
2,dbgate,8.887,query,482157952,8,3.2926,6.6
2,dbgate,9.142,query,482141568,8,3.3037,4.5
2,dbgate,9.397,query,482256256,8,3.3154,4.6
2,dbgate,9.652,query,482239872,8,3.3254,3.9
2,dbgate,9.906,query,482256256,8,3.3379,4.9
2,dbgate,10.161,query,482239872,8,3.3468,3.5
2,dbgate,10.415,query,482256256,8,3.3606,5.4
2,dbgate,10.670,query,482239872,8,3.3713,4.2
2,dbgate,10.924,query,482256256,8,3.3865,6.0
2,dbgate,11.179,query,482190720,8,3.3995,5.1
2,dbgate,11.433,query,482223488,8,3.4167,6.8
2,dbgate,11.688,query,482207104,8,3.4277,4.3
2,dbgate,11.944,query,545154432,8,3.4798,19.9
2,dbgate,12.199,query,599516544,8,3.5368,22.5
2,dbgate,12.454,query,599549312,8,3.5553,7.3
2,dbgate,12.709,query,599975296,8,3.5928,14.7
2,dbgate,12.964,query,626747856,9,3.7359,57.1
2,dbgate,13.218,query,667757104,9,3.9927,99.4
2,dbgate,13.473,query,745728656,9,4.2303,92.4
2,dbgate,13.728,query,745941648,9,4.2539,9.2
2,dbgate,13.984,query,746449552,9,4.2944,15.7
2,dbgate,14.239,query,759917248,9,4.6125,126.4
2,dbgate,14.491,query,767191744,9,4.8463,93.1
2,dbgate,14.746,query,772696768,9,5.1473,117.5
2,dbgate,15.001,query,775662272,9,5.3881,94.8
2,dbgate,15.256,query,782494424,9,5.6304,94.7
2,dbgate,15.512,query,787868376,9,5.8549,87.8
2,dbgate,15.764,query,794290928,9,6.0435,74.0
2,dbgate,16.015,query,800008944,9,6.2229,73.1
2,dbgate,16.268,query,813411080,9,6.3904,65.7
2,dbgate,16.523,query,815475464,9,6.6360,95.9
2,dbgate,16.773,query,815459080,9,6.7683,53.0
2,dbgate,17.025,query,815475464,9,6.8642,38.0
2,dbgate,17.280,query,815557384,9,7.0149,58.7
2,dbgate,17.535,query,815639304,9,7.1503,53.8
2,dbgate,17.789,query,815704840,9,7.2625,44.0
2,dbgate,18.043,query,784624392,9,7.4122,59.2
2,dbgate,18.297,query,785066760,9,7.5422,50.9
2,dbgate,18.548,query,690793224,9,7.6664,49.3
2,dbgate,18.803,query,691202824,9,7.7968,51.6
2,dbgate,19.056,query,691661576,9,7.9477,59.6
2,dbgate,19.309,query,691677960,9,7.9712,9.3
2,dbgate,19.562,after-query,691137288,9,7.9897,7.2
2,dbgate,19.817,after-query,691137288,9,8.0039,5.6
2,dbgate,20.073,after-query,677161736,9,8.0184,5.6
2,dbgate,20.323,after-query,671902472,9,8.0311,5.1
2,dbgate,20.578,after-query,671918856,9,8.0439,5.1
2,dbgate,20.834,after-query,661072600,9,8.0622,7.1
2,dbgate,21.089,after-query,653748952,9,8.0797,6.9
2,dbgate,21.344,after-query,653798104,9,8.0986,7.4
2,dbgate,21.599,after-query,653191896,9,8.1190,8.0
2,dbgate,21.855,after-query,653159128,9,8.1340,5.9
2,dbgate,22.105,after-query,651651800,9,8.1537,7.9
2,dbgate,22.360,after-query,651651800,9,8.1659,4.7
2,dbgate,22.615,after-query,651668184,9,8.1827,6.6
2,dbgate,22.866,after-query,651651800,9,8.1958,5.2
2,dbgate,23.119,after-query,651619032,9,8.2147,7.6
2,dbgate,23.372,after-query,651651800,9,8.2279,5.2
2,dbgate,23.627,after-query,651668184,9,8.2398,4.6
2,dbgate,23.882,after-query,651651800,9,8.2526,5.1
2,pgadmin,0.251,launch,8946624,1,0.1020,
2,pgadmin,0.506,launch,49176,1,0.0000,0.0
2,pgadmin,0.761,launch,107385920,5,0.7296,125.0
2,pgadmin,1.016,launch,160617608,5,1.0093,109.7
2,pgadmin,1.267,launch,170923192,5,1.2323,89.1
2,pgadmin,1.522,launch,180573368,5,1.4649,91.1
2,pgadmin,1.775,launch,194630864,5,1.6890,88.9
2,pgadmin,2.030,launch,208704720,5,1.9314,94.7
2,pgadmin,2.285,launch,220402896,5,2.1699,93.7
2,pgadmin,2.540,launch,230200528,5,2.4069,92.8
2,pgadmin,2.795,launch,253105840,6,2.8848,186.4
2,pgadmin,3.050,launch,237032704,5,2.8673,90.6
2,pgadmin,3.301,launch,247256344,5,3.1051,95.4
2,pgadmin,3.556,launch,256726296,5,3.3566,98.8
2,pgadmin,3.807,launch,263853336,5,3.5631,82.0
2,pgadmin,4.062,launch,264377624,5,3.5828,7.7
2,pgadmin,4.317,launch,266900760,5,3.6362,20.8
2,pgadmin,4.568,settle,347706864,5,4.0577,208.7
2,pgadmin,4.823,settle,480843416,5,4.4043,134.2
2,pgadmin,5.078,settle,502830792,5,4.7884,149.7
2,pgadmin,5.333,settle,685512632,5,5.3476,217.8
2,pgadmin,5.584,settle,685660280,5,5.6466,117.3
2,pgadmin,5.840,settle,698341520,5,5.8926,98.5
2,pgadmin,6.095,settle,789502216,5,6.1410,97.4
2,pgadmin,6.347,settle,790305056,5,6.2123,28.2
2,pgadmin,6.602,settle,800955232,6,6.3482,10.2
2,pgadmin,6.857,settle,801004360,6,6.3759,10.7
2,pgadmin,7.112,settle,801119048,6,6.4057,11.7
2,pgadmin,7.364,settle,786029408,6,6.4449,15.7
2,pgadmin,7.619,settle,761600864,6,6.4793,13.7
2,pgadmin,7.872,settle,761682784,6,6.5089,11.5
2,pgadmin,8.127,settle,761928520,6,6.5683,23.1
2,pgadmin,8.381,settle,762026824,6,6.5930,9.9
2,pgadmin,8.636,settle,762141512,6,6.6279,13.4
2,pgadmin,8.889,settle,762207048,6,6.6556,10.9
2,pgadmin,9.144,settle,762321736,6,6.6794,9.5
2,pgadmin,9.398,settle,762387272,6,6.7095,11.9
2,pgadmin,9.651,query,762436424,6,6.7314,8.7
2,pgadmin,9.905,query,762518344,6,6.7667,13.6
2,pgadmin,10.160,query,764369736,6,6.8488,32.3
2,pgadmin,10.416,query,764435272,6,6.8819,12.9
2,pgadmin,10.671,query,764599112,6,6.9148,12.8
2,pgadmin,10.926,query,764730184,6,6.9433,11.2
2,pgadmin,11.181,query,621927240,6,6.9858,16.8
2,pgadmin,11.437,query,622058312,6,7.0130,10.6
2,pgadmin,11.691,query,622156616,6,7.0440,12.1
2,pgadmin,11.946,query,622435144,6,7.0965,20.6
2,pgadmin,12.201,query,622631752,6,7.1261,11.8
2,pgadmin,12.456,query,622746440,6,7.1550,11.3
2,pgadmin,12.711,query,622910280,6,7.1842,11.6
2,pgadmin,12.966,query,623008584,6,7.2055,8.3
2,pgadmin,13.221,query,623156040,6,7.2283,8.9
2,pgadmin,13.472,query,623319880,6,7.2473,7.6
2,pgadmin,13.727,query,623450952,6,7.2724,9.8
2,pgadmin,13.980,query,625105736,6,7.3319,23.4
2,pgadmin,14.235,query,625236808,6,7.3570,10.0
2,pgadmin,14.489,query,625400648,6,7.3767,7.7
2,pgadmin,14.744,query,625580872,6,7.4035,10.6
2,pgadmin,14.997,query,625711944,6,7.4228,7.6
2,pgadmin,15.247,query,625810248,6,7.4473,9.7
2,pgadmin,15.503,query,625990472,6,7.4679,8.1
2,pgadmin,15.755,query,654613320,6,7.5265,23.2
2,pgadmin,16.010,query,721394504,6,7.9762,176.1
2,pgadmin,16.261,query,722099016,6,8.0141,15.0
2,pgadmin,16.516,query,722099016,6,8.0371,8.9
2,pgadmin,16.767,query,722099016,6,8.0555,7.3
2,pgadmin,17.021,query,720034632,6,8.0801,9.8
2,pgadmin,17.274,query,717822792,6,8.1031,9.0
2,pgadmin,17.527,query,772987720,6,8.3189,86.3
2,pgadmin,17.780,query,794254176,6,8.5172,78.3
2,pgadmin,18.035,query,795532104,6,8.6346,46.1
2,pgadmin,18.290,query,798399304,6,8.7673,51.9
2,pgadmin,18.544,query,812620640,6,8.9556,74.3
2,pgadmin,18.797,query,823073632,6,9.1217,65.6
2,pgadmin,19.049,query,827054944,6,9.2033,31.8
2,pgadmin,19.301,query,844749712,6,9.4106,83.6
2,pgadmin,19.556,query,853744528,6,9.5526,55.9
2,pgadmin,19.810,query,859020176,6,9.6831,51.0
2,pgadmin,20.064,query,873405328,6,9.8731,74.9
2,pgadmin,20.318,query,876616592,6,9.9699,37.8
2,pgadmin,20.569,query,886299560,6,10.1215,61.9
2,pgadmin,20.822,query,888134568,6,10.2929,66.4
2,pgadmin,21.077,query,897866664,6,10.4866,76.9
2,pgadmin,21.332,query,903764904,6,10.5804,36.6
2,pgadmin,21.587,query,917806016,6,10.7701,74.3
2,pgadmin,21.842,query,919903168,6,10.8364,25.7
2,pgadmin,22.093,query,929471424,6,10.9956,64.3
2,pgadmin,22.346,query,941038528,6,11.1858,74.8
2,pgadmin,22.601,query,938122176,6,11.2656,32.0
2,pgadmin,22.855,query,936025024,6,11.2941,11.1
2,pgadmin,23.109,after-query,936106944,6,11.3223,11.0
2,pgadmin,23.364,after-query,936156096,6,11.3475,10.1
2,pgadmin,23.618,after-query,936238016,6,11.3659,7.0
2,pgadmin,23.873,after-query,910007208,6,11.3902,9.5
2,pgadmin,24.128,after-query,910433192,6,11.4417,20.2
2,pgadmin,24.384,after-query,910531496,6,11.4644,8.9
2,pgadmin,24.634,after-query,910629800,6,11.4870,9.3
2,pgadmin,24.890,after-query,909106088,6,11.5065,7.6
2,pgadmin,25.145,after-query,909155240,6,11.5238,6.7
2,pgadmin,25.400,after-query,909220776,6,11.5471,9.1
2,pgadmin,25.655,after-query,909319080,6,11.5731,10.0
2,pgadmin,25.910,after-query,909384616,6,11.5959,9.1
2,pgadmin,26.161,after-query,909712296,6,11.6503,21.7
2,pgadmin,26.414,after-query,909777832,6,11.6705,8.0
2,pgadmin,26.668,after-query,909810600,6,11.6914,8.2
2,pgadmin,26.921,after-query,909876136,6,11.7115,7.9
2,pgadmin,27.176,after-query,909941672,6,11.7351,9.5
2,pgadmin,27.432,after-query,910056360,6,11.7576,8.6
2,dbeaver,0.255,launch,18498448,1,0.0989,
2,dbeaver,0.510,launch,61916120,1,0.5041,157.2
2,dbeaver,0.763,launch,105022472,1,1.1012,234.4
2,dbeaver,1.018,launch,134120528,1,1.6565,219.0
2,dbeaver,1.272,launch,159564880,1,2.3014,256.7
2,dbeaver,1.526,launch,177063232,1,2.9226,241.4
2,dbeaver,1.781,launch,217515376,1,3.7544,325.3
2,dbeaver,2.036,launch,259720608,1,4.1538,159.1
2,dbeaver,2.292,launch,276596128,1,4.8675,275.7
2,dbeaver,2.547,launch,287016352,1,5.8067,364.0
2,dbeaver,2.802,launch,296142240,1,6.7829,388.2
2,dbeaver,3.053,launch,312755664,1,7.5837,320.1
2,dbeaver,3.307,launch,321553896,1,8.2723,269.9
2,dbeaver,3.562,launch,359876504,1,8.9221,255.0
2,dbeaver,3.814,settle,840223408,2,9.6644,297.3
2,dbeaver,4.069,settle,917097136,2,10.5407,337.9
2,dbeaver,4.324,settle,958483120,2,10.7110,67.5
2,dbeaver,4.579,settle,1021086408,2,11.5494,325.5
2,dbeaver,4.835,settle,1019857608,2,11.5786,11.3
2,dbeaver,5.089,settle,940182216,2,11.6206,16.8
2,dbeaver,5.340,settle,827706056,2,11.6390,7.2
2,dbeaver,5.591,settle,787761864,2,11.6521,5.2
2,dbeaver,5.845,settle,728763080,2,11.6680,6.2
2,dbeaver,6.100,settle,720898760,2,11.6783,4.1
2,dbeaver,6.351,settle,720898760,2,11.6913,5.3
2,dbeaver,6.606,settle,720898760,2,11.7015,3.9
2,dbeaver,6.860,settle,720915144,2,11.7185,6.7
2,dbeaver,7.115,settle,720915144,2,11.7268,3.3
2,dbeaver,7.370,settle,720915144,2,11.7336,2.6
2,dbeaver,7.623,settle,720915144,2,11.7430,3.7
2,dbeaver,7.876,settle,720915144,2,11.7553,4.9
2,dbeaver,8.131,settle,720915144,2,11.7680,5.0
2,dbeaver,8.386,settle,720718536,2,11.7812,5.2
2,dbeaver,8.641,settle,720653000,2,11.7961,5.8
2,dbeaver,8.893,query,720636616,2,11.8040,3.2
2,dbeaver,9.147,query,720554696,2,11.8151,4.3
2,dbeaver,9.402,query,720472776,2,11.8296,5.6
2,dbeaver,9.654,query,720472776,2,11.8399,4.1
2,dbeaver,9.909,query,720472776,2,11.8471,2.8
2,dbeaver,10.164,query,720472776,2,11.8523,2.1
2,dbeaver,10.415,query,720472776,2,11.8656,5.2
2,dbeaver,10.671,query,720472776,2,11.8710,2.1
2,dbeaver,10.926,query,720456392,2,11.8886,6.9
2,dbeaver,11.181,query,720440008,2,11.8950,2.5
2,dbeaver,11.432,query,720440008,2,11.9045,3.8
2,dbeaver,11.687,query,720489160,2,11.9128,3.2
2,dbeaver,11.942,query,720505544,2,11.9290,6.5
2,dbeaver,12.197,query,720505544,2,11.9350,2.4
2,dbeaver,12.451,query,720538312,2,11.9442,3.6
2,dbeaver,12.706,query,720538312,2,11.9511,2.7
2,dbeaver,12.961,query,720538312,2,11.9596,3.3
2,dbeaver,13.214,query,720538312,2,11.9693,3.8
2,dbeaver,13.465,query,720538312,2,11.9749,2.2
2,dbeaver,13.720,query,720554696,2,11.9874,4.9
2,dbeaver,13.973,query,720587416,2,12.0167,11.4
2,dbeaver,14.229,query,759515800,2,12.0907,29.3
2,dbeaver,14.484,query,759450264,2,12.1225,12.5
2,dbeaver,14.739,query,759466648,2,12.2582,52.8
2,dbeaver,14.994,query,762366616,2,12.3786,46.9
2,dbeaver,15.249,query,762366616,2,12.4064,11.1
2,dbeaver,15.504,query,762366616,2,12.4229,6.5
2,dbeaver,15.760,query,762628760,2,12.4635,15.8
2,dbeaver,16.015,query,721701528,2,12.4776,5.5
2,dbeaver,16.270,query,721717912,2,12.4862,3.3
2,dbeaver,16.523,query,845187736,2,12.6426,62.2
2,dbeaver,16.779,query,904170136,2,13.3241,269.3
2,dbeaver,17.031,query,875956912,2,13.9455,245.4
2,dbeaver,17.285,query,946473648,2,14.1938,97.0
2,dbeaver,17.541,query,945867440,2,14.3189,48.9
2,dbeaver,17.796,query,944655024,2,14.3355,6.6
2,dbeaver,18.051,query,902515376,2,14.3565,8.1
2,dbeaver,18.306,query,741935792,2,14.4885,52.5
2,dbeaver,18.561,query,742083248,2,14.5541,25.7
2,dbeaver,18.817,query,753568432,2,14.6812,49.8
2,dbeaver,19.072,query,748702384,2,14.7586,30.4
2,dbeaver,19.327,query,748800688,2,14.8420,32.6
2,dbeaver,19.579,query,748817072,2,14.9193,30.9
2,dbeaver,19.835,query,737610416,2,15.1126,75.3
2,dbeaver,20.090,query,737757872,2,15.1972,33.6
2,dbeaver,20.340,query,737888944,2,15.3533,61.7
2,dbeaver,20.592,query,735808176,2,15.3976,17.4
2,dbeaver,20.847,query,735890096,2,15.4972,39.2
2,dbeaver,21.102,query,858802864,2,15.6891,75.6
2,dbeaver,21.357,query,856754864,2,15.7666,30.7
2,dbeaver,21.611,query,852658864,2,15.8348,26.5
2,dbeaver,21.864,query,852708016,2,15.9035,27.4
2,dbeaver,22.119,query,743885488,2,15.9582,21.2
2,dbeaver,22.374,after-query,743918256,2,15.9836,10.1
2,dbeaver,22.628,after-query,743918256,2,15.9902,2.6
2,dbeaver,22.883,after-query,743901872,2,16.0031,5.0
2,dbeaver,23.138,after-query,738986672,2,16.0077,1.8
2,dbeaver,23.389,after-query,727681712,2,16.0195,4.7
2,dbeaver,23.644,after-query,727681712,2,16.0246,2.0
2,dbeaver,23.898,after-query,727616176,2,16.0369,4.8
2,dbeaver,24.153,after-query,727616176,2,16.0428,2.3
2,dbeaver,24.409,after-query,727632560,2,16.0587,6.2
2,dbeaver,24.660,after-query,727665328,2,16.0705,4.7
2,dbeaver,24.912,after-query,727681712,2,16.0839,5.4
2,dbeaver,25.164,after-query,727681712,2,16.0896,2.3
2,dbeaver,25.419,after-query,727583408,2,16.0997,3.9
2,dbeaver,25.673,after-query,727583408,2,16.1085,3.5
2,dbeaver,25.926,after-query,727206576,2,16.1172,3.4
2,dbeaver,26.182,after-query,727206576,2,16.1265,3.6
2,dbeaver,26.436,after-query,727206576,2,16.1334,2.8
2,dbeaver,26.691,after-query,727206576,2,16.1441,4.1
2,dbeaver,26.945,after-query,727272112,2,16.1542,4.1
2,pgpad,0.255,launch,18727944,2,0.1432,
2,pgpad,0.510,settle,48056864,4,0.3993,98.0
2,pgpad,0.765,settle,53218016,4,0.5017,40.6
2,pgpad,1.020,settle,234245744,5,0.7941,114.4
2,pgpad,1.275,settle,233786992,5,0.7959,0.7
2,pgpad,1.527,settle,228609648,5,0.8029,2.8
2,pgpad,1.778,settle,225726064,5,0.8280,10.0
2,pgpad,2.033,settle,225021552,5,0.8333,2.1
2,pgpad,2.286,settle,158207600,5,0.8380,1.8
2,pgpad,2.540,settle,157814384,5,0.8396,0.6
2,pgpad,2.795,settle,157503088,5,0.8403,0.3
2,pgpad,3.050,settle,157470320,5,0.8408,0.2
2,pgpad,3.303,settle,157142640,5,0.8415,0.3
2,pgpad,3.559,settle,157077104,5,0.8420,0.2
2,pgpad,3.809,settle,157077104,5,0.8423,0.1
2,pgpad,4.059,settle,157077104,5,0.8427,0.2
2,pgpad,4.310,settle,157077104,5,0.8430,0.1
2,pgpad,4.565,settle,157077104,5,0.8433,0.1
2,pgpad,4.818,settle,157077104,5,0.8433,0.0
2,pgpad,5.073,settle,157077104,5,0.8433,0.0
2,pgpad,5.329,settle,157077104,5,0.8436,0.1
2,pgpad,5.582,query,156814960,5,0.8494,2.3
2,pgpad,5.835,query,156814960,5,0.8496,0.1
2,pgpad,6.090,query,156733040,5,0.8503,0.3
2,pgpad,6.345,query,156667504,5,0.8505,0.1
2,pgpad,6.600,query,156667504,5,0.8507,0.1
2,pgpad,6.856,query,156618352,5,0.8511,0.2
2,pgpad,7.111,query,156618352,5,0.8511,0.0
2,pgpad,7.366,query,156520048,5,0.8513,0.1
2,pgpad,7.618,query,156520048,5,0.8513,0.0
2,pgpad,7.873,query,156520048,5,0.8513,0.0
2,pgpad,8.129,query,156520048,5,0.8513,0.0
2,pgpad,8.381,query,156520048,5,0.8513,0.0
2,pgpad,8.636,query,156520048,5,0.8513,0.0
2,pgpad,8.887,query,156388976,5,0.8629,4.6
2,pgpad,9.137,query,156388976,5,0.8671,1.7
2,pgpad,9.392,query,156388976,5,0.8691,0.8
2,pgpad,9.647,query,156388976,5,0.8699,0.3
2,pgpad,9.902,query,156388976,5,0.8706,0.3
2,pgpad,10.154,query,156388976,5,0.8711,0.2
2,pgpad,10.407,query,156388976,5,0.8713,0.1
2,pgpad,10.661,query,230002312,5,0.9005,11.6
2,pgpad,10.915,query,287215336,5,1.0324,51.2
2,pgpad,11.170,query,286871272,5,1.0354,1.2
2,pgpad,11.425,query,286822120,5,1.0410,2.1
2,pgpad,11.681,query,286609128,5,1.0431,0.8
2,pgpad,11.936,query,237244136,5,1.0726,11.5
2,pgpad,12.191,query,245535040,6,1.1994,50.0
2,pgpad,12.444,query,261345600,6,1.2551,21.8
2,pgpad,12.699,query,261263680,6,1.2587,1.4
2,pgpad,12.955,query,261542208,6,1.3213,24.9
2,pgpad,13.209,query,261509440,6,1.3246,1.3
2,pgpad,13.460,query,260575552,6,1.3465,8.8
2,pgpad,13.715,query,260673856,6,1.3735,10.6
2,pgpad,13.970,query,219173184,6,1.3774,1.5
2,pgpad,14.225,query,219107648,6,1.3825,2.0
2,pgpad,14.480,query,355897736,6,1.6450,105.9
2,pgpad,14.735,query,350507400,6,1.6471,0.8
2,pgpad,14.990,query,349245832,6,1.6595,4.8
2,pgpad,15.243,query,347984264,6,1.6619,1.0
2,pgpad,15.494,query,276992392,6,1.6731,4.5
2,pgpad,15.750,query,260673928,6,1.6774,1.7
2,pgpad,16.001,query,260673928,6,1.6788,0.5
2,pgpad,16.252,query,260624776,6,1.6885,3.8
2,pgpad,16.508,query,386584992,6,1.7824,37.2
2,pgpad,16.763,query,386388384,6,1.7962,5.4
2,pgpad,17.015,query,401609144,6,1.8763,32.0
2,pgpad,17.266,query,408113592,6,1.8952,7.6
2,pgpad,17.521,query,402395576,6,1.9725,29.9
2,pgpad,17.776,query,402166200,6,1.9754,1.2
2,pgpad,18.031,query,402346424,6,1.9985,8.9
2,pgpad,18.286,after-query,402575800,6,2.0630,25.4
2,pgpad,18.537,after-query,373723576,6,2.0667,1.5
2,pgpad,18.790,after-query,373707192,6,2.0721,2.1
2,pgpad,19.045,after-query,373150136,6,2.0743,0.9
2,pgpad,19.301,after-query,344789432,6,2.0769,1.0
2,pgpad,19.552,after-query,261132728,6,2.0786,0.7
2,pgpad,19.807,after-query,261116344,6,2.0796,0.4
2,pgpad,20.062,after-query,261116344,6,2.0803,0.3
2,pgpad,20.318,after-query,261083576,6,2.0811,0.3
2,pgpad,20.573,after-query,261018040,6,2.0820,0.4
2,pgpad,20.828,after-query,260919736,6,2.0825,0.2
2,pgpad,21.083,after-query,260985272,6,2.0863,1.5
2,pgpad,21.338,after-query,260985272,6,2.0872,0.3
2,pgpad,21.593,after-query,260919760,6,2.0882,0.4
2,pgpad,21.848,after-query,260919760,6,2.0893,0.4
2,pgpad,22.102,after-query,260919760,6,2.0899,0.2
2,pgpad,22.357,after-query,260870608,6,2.0904,0.2
2,pgpad,22.612,after-query,260870608,6,2.0906,0.1
2,pgpad,22.867,after-query,260870608,6,2.0906,0.0
2,pgpad,23.122,after-query,260870608,6,2.0906,0.0
2,pgpad,23.377,after-query,260674000,6,2.0911,0.2
3,dbgate,0.255,launch,8405904,1,0.0928,
3,dbgate,0.505,launch,40683536,3,0.3066,85.6
3,dbgate,0.760,launch,79219856,3,0.5687,100.8
3,dbgate,1.015,settle,180425432,4,0.9162,137.2
3,dbgate,1.271,settle,277944224,5,1.3206,157.7
3,dbgate,1.525,settle,606626312,7,2.2647,372.8
3,dbgate,1.780,settle,639837568,8,2.7502,188.7
3,dbgate,2.033,settle,641475968,8,2.7916,16.4
3,dbgate,2.288,settle,641836416,8,2.8442,20.2
3,dbgate,2.544,settle,642229632,8,2.9148,28.0
3,dbgate,2.799,settle,631186816,8,2.9363,8.3
3,dbgate,3.054,settle,631203200,8,2.9525,6.4
3,dbgate,3.310,settle,631186816,8,2.9658,5.2
3,dbgate,3.565,settle,631203200,8,2.9838,7.0
3,dbgate,3.818,settle,616621440,8,2.9965,5.0
3,dbgate,4.071,settle,605283664,8,3.0194,9.2
3,dbgate,4.327,settle,605267280,8,3.0280,3.4
3,dbgate,4.579,settle,605300048,8,3.0466,7.3
3,dbgate,4.833,settle,605300048,8,3.0616,5.8
3,dbgate,5.086,settle,605332816,8,3.0851,9.3
3,dbgate,5.338,settle,605316432,8,3.0982,5.2
3,dbgate,5.592,settle,605267280,8,3.1163,7.3
3,dbgate,5.847,settle,605267280,8,3.1288,4.8
3,dbgate,6.101,query,605250896,8,3.1445,6.3
3,dbgate,6.354,query,605234512,8,3.1565,4.7
3,dbgate,6.609,query,575219024,8,3.1827,10.1
3,dbgate,6.863,query,575219024,8,3.1931,4.2
3,dbgate,7.118,query,520332624,8,3.2172,9.4
3,dbgate,7.373,query,514893136,8,3.2300,5.0
3,dbgate,7.629,query,483386704,8,3.2531,9.2
3,dbgate,7.883,query,483403088,8,3.2670,5.5
3,dbgate,8.138,query,483403088,8,3.2823,5.9
3,dbgate,8.394,query,483403088,8,3.2978,6.1
3,dbgate,8.649,query,483386704,8,3.3125,5.7
3,dbgate,8.904,query,483403088,8,3.3275,5.9
3,dbgate,9.158,query,483386704,8,3.3424,5.9
3,dbgate,9.413,query,483452240,8,3.3543,4.8
3,dbgate,9.669,query,483435856,8,3.3664,4.7
3,dbgate,9.924,query,483452240,8,3.3806,5.5
3,dbgate,10.178,query,483435856,8,3.3949,5.6
3,dbgate,10.429,query,483452240,8,3.4097,5.9
3,dbgate,10.684,query,483435856,8,3.4216,4.7
3,dbgate,10.939,query,483452240,8,3.4333,4.6
3,dbgate,11.194,query,483386704,8,3.4471,5.4
3,dbgate,11.449,query,483419472,8,3.4603,5.1
3,dbgate,11.704,query,483403088,8,3.4729,5.0
3,dbgate,11.959,query,546268496,8,3.5264,20.7
3,dbgate,12.215,query,603284816,8,3.5964,27.6
3,dbgate,12.470,query,603268432,8,3.6092,5.0
3,dbgate,12.725,query,603776336,8,3.6496,15.7
3,dbgate,12.980,query,16384,1,0.0000,0.0
3,dbgate,13.234,query,666003920,9,3.9999,82.9
3,dbgate,13.487,query,711256648,9,4.3055,120.3
3,dbgate,13.743,query,712239688,9,4.3461,15.7
3,dbgate,13.994,query,712256072,9,4.3604,5.7
3,dbgate,14.245,query,725330528,9,4.6385,111.6
3,dbgate,14.495,query,733555320,9,4.8643,90.3
3,dbgate,14.750,query,748251816,9,5.1027,94.2
3,dbgate,15.004,query,754330304,9,5.3333,90.4
3,dbgate,15.255,query,768240344,9,5.5767,97.3
3,dbgate,15.510,query,769632984,9,5.8764,116.5
3,dbgate,15.762,query,769649368,9,6.0694,76.4
3,dbgate,16.017,query,768371416,9,6.2687,78.5
3,dbgate,16.268,query,771271384,9,6.4333,65.4
3,dbgate,16.520,query,771664600,9,6.5835,59.9
3,dbgate,16.775,query,772123352,9,6.7231,54.9
3,dbgate,17.027,query,766962392,9,6.8348,43.8
3,dbgate,17.279,query,770009816,9,6.9887,61.3
3,dbgate,17.529,query,773352152,9,7.1314,57.3
3,dbgate,17.783,query,775105240,9,7.2364,41.3
3,dbgate,18.037,query,749267672,9,7.3819,57.3
3,dbgate,18.291,query,752577240,9,7.5304,58.8
3,dbgate,18.545,query,709536472,9,7.6442,44.3
3,dbgate,18.797,query,712829656,9,7.7932,60.0
3,dbgate,19.053,query,710453976,9,8.0075,82.9
3,dbgate,19.304,query,710421208,9,8.0686,24.3
3,dbgate,19.559,after-query,698870488,9,8.0835,5.9
3,dbgate,19.814,after-query,698264280,9,8.1034,7.7
3,dbgate,20.069,after-query,695823064,9,8.1148,4.5
3,dbgate,20.322,after-query,691612376,9,8.1292,5.6
3,dbgate,20.576,after-query,691612376,9,8.1422,5.2
3,dbgate,20.831,after-query,691612376,9,8.1582,6.2
3,dbgate,21.086,after-query,673884840,9,8.1798,8.4
3,dbgate,21.342,after-query,673950376,9,8.1990,7.5
3,dbgate,21.595,after-query,673852072,9,8.2140,5.9
3,dbgate,21.847,after-query,671967912,9,8.2336,7.8
3,dbgate,22.102,after-query,671951528,9,8.2485,5.9
3,dbgate,22.355,after-query,671935144,9,8.2618,5.2
3,dbgate,22.610,after-query,671951528,9,8.2775,6.1
3,dbgate,22.866,after-query,671935144,9,8.2923,5.8
3,dbgate,23.121,after-query,671918760,9,8.3100,7.0
3,dbgate,23.376,after-query,671918760,9,8.3253,5.9
3,dbgate,23.631,after-query,671935144,9,8.3432,7.1
3,dbgate,23.886,after-query,671918760,9,8.3572,5.5
3,dbgate,24.141,after-query,671935144,9,8.3719,5.9
3,pgpad,0.255,launch,20874536,2,0.1423,
3,pgpad,0.510,settle,47811104,4,0.3943,76.6
3,pgpad,0.760,settle,52988616,4,0.4946,39.9
3,pgpad,1.015,settle,233819688,5,0.7857,113.8
3,pgpad,1.270,settle,233639464,5,0.7878,0.9
3,pgpad,1.522,settle,228691496,5,0.7986,4.2
3,pgpad,1.773,settle,225365544,5,0.8297,12.4
3,pgpad,2.024,settle,219336232,5,0.8353,2.3
3,pgpad,2.274,settle,157371944,5,0.8402,2.0
3,pgpad,2.530,settle,156913192,5,0.8415,0.5
3,pgpad,2.785,settle,156814888,5,0.8426,0.4
3,pgpad,3.039,settle,156814888,5,0.8432,0.3
3,pgpad,3.291,settle,156667432,5,0.8443,0.4
3,pgpad,3.543,settle,156601896,5,0.8450,0.3
3,pgpad,3.796,settle,156601896,5,0.8454,0.2
3,pgpad,4.050,settle,156601896,5,0.8458,0.1
3,pgpad,4.302,settle,156601896,5,0.8461,0.1
3,pgpad,4.553,settle,156601896,5,0.8464,0.1
3,pgpad,4.804,settle,156601896,5,0.8464,0.0
3,pgpad,5.058,settle,156601896,5,0.8464,0.0
3,pgpad,5.313,settle,156519976,5,0.8469,0.2
3,pgpad,5.568,query,156519976,5,0.8517,1.9
3,pgpad,5.822,query,156470824,5,0.8520,0.1
3,pgpad,6.072,query,156438056,5,0.8526,0.2
3,pgpad,6.327,query,156323368,5,0.8529,0.1
3,pgpad,6.582,query,156323368,5,0.8532,0.1
3,pgpad,6.836,query,156274216,5,0.8534,0.1
3,pgpad,7.087,query,156274216,5,0.8535,0.0
3,pgpad,7.342,query,156110376,5,0.8538,0.1
3,pgpad,7.597,query,156110376,5,0.8538,0.0
3,pgpad,7.850,query,156110376,5,0.8538,0.0
3,pgpad,8.104,query,156110376,5,0.8538,0.0
3,pgpad,8.355,query,156110376,5,0.8538,0.0
3,pgpad,8.610,query,156110376,5,0.8538,0.0
3,pgpad,8.864,query,156061224,5,0.8638,4.0
3,pgpad,9.119,query,156061224,5,0.8684,1.8
3,pgpad,9.372,query,156061224,5,0.8698,0.6
3,pgpad,9.625,query,156028456,5,0.8710,0.4
3,pgpad,9.880,query,156028456,5,0.8715,0.2
3,pgpad,10.130,query,156012072,5,0.8722,0.3
3,pgpad,10.385,query,156012072,5,0.8724,0.1
3,pgpad,10.637,query,238063168,5,0.9028,12.0
3,pgpad,10.893,query,291098248,5,1.0275,48.3
3,pgpad,11.146,query,290901640,5,1.0308,1.3
3,pgpad,11.397,query,290672264,5,1.0364,2.2
3,pgpad,11.653,query,290541192,5,1.0395,1.2
3,pgpad,11.907,query,242617992,5,1.1014,24.4
3,pgpad,12.163,query,253071584,6,1.2446,55.6
3,pgpad,12.416,query,266424544,6,1.2726,11.1
3,pgpad,12.670,query,266408160,6,1.2795,2.7
3,pgpad,12.920,query,269537504,6,1.3374,23.1
3,pgpad,13.176,query,269521120,6,1.3406,1.3
3,pgpad,13.429,query,268341472,6,1.3623,8.6
3,pgpad,13.684,query,268439776,6,1.3835,8.3
3,pgpad,13.936,query,226939104,6,1.3864,1.2
3,pgpad,14.188,query,269406456,6,1.4290,17.0
3,pgpad,14.444,query,362713408,6,1.6568,87.8
3,pgpad,14.699,query,357683520,6,1.6597,1.1
3,pgpad,14.954,query,354603328,6,1.6719,4.7
3,pgpad,15.205,query,353587520,6,1.6739,0.8
3,pgpad,15.455,query,280547648,6,1.6845,4.3
3,pgpad,15.710,query,257118528,6,1.6891,1.8
3,pgpad,15.965,query,257134912,6,1.6973,3.2
3,pgpad,16.216,query,338989376,6,1.7273,12.1
3,pgpad,16.471,query,384667992,6,1.8025,29.2
3,pgpad,16.722,query,384749912,6,1.8218,7.8
3,pgpad,16.973,query,385405272,6,1.8949,28.7
3,pgpad,17.228,query,385487192,6,1.9183,9.3
3,pgpad,17.481,query,386240856,6,1.9981,31.2
3,pgpad,17.734,query,386240856,6,2.0006,1.0
3,pgpad,17.988,query,388911448,6,2.0305,11.9
3,pgpad,18.243,query,381161816,6,2.1065,29.9
3,pgpad,18.495,after-query,381096280,6,2.1089,0.9
3,pgpad,18.750,after-query,381047128,6,2.1143,2.1
3,pgpad,19.005,after-query,380506456,6,2.1172,1.1
3,pgpad,19.261,after-query,352932184,6,2.1198,1.0
3,pgpad,19.514,after-query,258822488,6,2.1225,1.1
3,pgpad,19.768,after-query,258806104,6,2.1235,0.4
3,pgpad,20.023,after-query,258806104,6,2.1244,0.4
3,pgpad,20.278,after-query,258773336,6,2.1251,0.2
3,pgpad,20.529,after-query,258707800,6,2.1261,0.4
3,pgpad,20.784,after-query,258691416,6,2.1264,0.1
3,pgpad,21.039,after-query,258724184,6,2.1301,1.4
3,pgpad,21.295,after-query,258724184,6,2.1306,0.2
3,pgpad,21.548,after-query,258724184,6,2.1312,0.3
3,pgpad,21.803,after-query,258724184,6,2.1320,0.3
3,pgpad,22.058,after-query,258707800,6,2.1329,0.4
3,pgpad,22.313,after-query,258707800,6,2.1336,0.3
3,pgpad,22.564,after-query,258691416,6,2.1344,0.3
3,pgpad,22.819,after-query,258609496,6,2.1350,0.2
3,pgpad,23.071,after-query,258429272,6,2.1356,0.3
3,pgpad,23.327,after-query,258380120,6,2.1360,0.1
3,pgpad,23.582,after-query,258281816,6,2.1366,0.2
3,pgadmin,0.255,launch,9913304,1,0.1046,
3,pgadmin,0.510,launch,41502760,3,0.3370,89.7
3,pgadmin,0.762,launch,145396848,5,0.7972,185.2
3,pgadmin,1.017,launch,160011400,5,1.0314,90.7
3,pgadmin,1.273,launch,170153096,5,1.2587,89.0
3,pgadmin,1.528,launch,179475616,5,1.4921,91.7
3,pgadmin,1.783,launch,189535440,5,1.7169,88.2
3,pgadmin,2.038,launch,207967440,5,1.9590,95.3
3,pgadmin,2.293,launch,218649808,5,2.2016,94.8
3,pgadmin,2.548,launch,228267240,5,2.4396,93.0
3,pgadmin,2.803,launch,251090608,6,2.9113,184.6
3,pgadmin,3.058,launch,235164928,5,2.9002,91.5
3,pgadmin,3.313,launch,245273880,5,3.1441,95.6
3,pgadmin,3.568,launch,255169816,5,3.3990,99.0
3,pgadmin,3.824,launch,261936408,5,3.6084,83.1
3,pgadmin,4.074,launch,262329624,5,3.6194,4.3
3,pgadmin,4.329,launch,265885144,6,3.7105,36.2
3,pgadmin,4.583,settle,321590672,5,4.1321,205.8
3,pgadmin,4.838,settle,449844744,5,4.4783,135.8
3,pgadmin,5.091,settle,506500664,5,4.8660,153.3
3,pgadmin,5.346,settle,708614024,5,5.3942,207.6
3,pgadmin,5.599,settle,679270400,5,5.6974,118.5
3,pgadmin,5.850,settle,695097440,5,5.9616,105.6
3,pgadmin,6.101,settle,784095376,5,6.1719,82.8
3,pgadmin,6.356,settle,785684864,6,6.2580,34.2
3,pgadmin,6.608,settle,795515696,6,6.3908,52.9
3,pgadmin,6.863,settle,795630360,6,6.4241,12.9
3,pgadmin,7.118,settle,791288600,6,6.4490,10.0
3,pgadmin,7.373,settle,780524336,6,6.4895,15.5
3,pgadmin,7.628,settle,758913840,6,6.5251,14.2
3,pgadmin,7.883,settle,758979376,6,6.5543,11.4
3,pgadmin,8.134,settle,759339800,6,6.6177,25.6
3,pgadmin,8.389,settle,759405336,6,6.6472,11.4
3,pgadmin,8.641,settle,759536408,6,6.6870,15.8
3,pgadmin,8.897,settle,759601944,6,6.7121,9.9
3,pgadmin,9.152,settle,759716632,6,6.7464,13.3
3,pgadmin,9.405,settle,759765784,6,6.7731,10.8
3,pgadmin,9.659,query,759847704,6,6.7938,8.2
3,pgadmin,9.914,query,760011568,6,6.8361,16.1
3,pgadmin,10.169,query,762305304,6,6.9019,26.0
3,pgadmin,10.424,query,762436376,6,6.9353,13.2
3,pgadmin,10.679,query,762600216,6,6.9681,12.7
3,pgadmin,10.935,query,664869656,6,7.0066,15.0
3,pgadmin,11.190,query,619862808,6,7.0412,13.6
3,pgadmin,11.445,query,619993880,6,7.0691,10.9
3,pgadmin,11.701,query,620108568,6,7.1086,15.5
3,pgadmin,11.953,query,620403480,6,7.1665,22.9
3,pgadmin,12.208,query,620600088,6,7.1942,10.9
3,pgadmin,12.464,query,620731160,6,7.2224,11.0
3,pgadmin,12.716,query,620845848,6,7.2513,11.7
3,pgadmin,12.971,query,620927768,6,7.2769,10.0
3,pgadmin,13.226,query,621058840,6,7.3027,10.2
3,pgadmin,13.481,query,621239064,6,7.3289,10.3
3,pgadmin,13.736,query,621370136,6,7.3557,10.5
3,pgadmin,13.991,query,622877464,6,7.4112,21.9
3,pgadmin,14.246,query,623008536,6,7.4327,8.4
3,pgadmin,14.501,query,623155992,6,7.4589,10.3
3,pgadmin,14.756,query,623336216,6,7.4839,9.7
3,pgadmin,15.011,query,623483672,6,7.5100,10.2
3,pgadmin,15.265,query,623565592,6,7.5390,11.5
3,pgadmin,15.520,query,623729432,6,7.5615,8.8
3,pgadmin,15.774,query,682433328,6,7.6690,41.8
3,pgadmin,16.029,query,730290992,6,8.0748,158.3
3,pgadmin,16.284,query,730880792,6,8.1168,16.4
3,pgadmin,16.535,query,730880792,6,8.1378,8.5
3,pgadmin,16.790,query,730880792,6,8.1575,7.6
3,pgadmin,17.041,query,730913560,6,8.1797,9.0
3,pgadmin,17.296,query,728816408,6,8.1998,7.9
3,pgadmin,17.546,query,778427208,6,8.4377,95.5
3,pgadmin,17.802,query,795269984,6,8.6337,76.3
3,pgadmin,18.055,query,800136008,6,8.7892,61.3
3,pgadmin,18.308,query,803183432,6,8.8942,41.4
3,pgadmin,18.563,query,814947168,6,9.0885,76.6
3,pgadmin,18.815,query,820599648,6,9.2276,55.2
3,pgadmin,19.068,query,818666336,6,9.2991,28.1
3,pgadmin,19.322,query,837458832,6,9.5030,81.1
3,pgadmin,19.575,query,850271120,6,9.6203,46.2
3,pgadmin,19.826,query,862133160,6,9.7934,69.3
3,pgadmin,20.080,query,870718352,6,9.9549,63.1
3,pgadmin,20.331,query,878713744,6,10.0559,39.9
3,pgadmin,20.586,query,898964392,6,10.2103,60.7
3,pgadmin,20.841,query,912595880,6,10.4067,77.3
3,pgadmin,21.093,query,906550184,6,10.5597,60.4
3,pgadmin,21.343,query,916331456,6,10.6661,42.8
3,pgadmin,21.598,query,924687296,6,10.8257,62.8
3,pgadmin,21.849,query,931879872,6,10.9233,38.7
3,pgadmin,22.104,query,936598464,6,11.0765,61.2
3,pgadmin,22.358,query,947166144,6,11.2406,63.9
3,pgadmin,22.611,query,949214144,6,11.3354,37.2
3,pgadmin,22.866,query,946789312,6,11.3605,10.0
3,pgadmin,23.121,after-query,946838464,6,11.3855,9.7
3,pgadmin,23.375,after-query,946904000,6,11.4064,8.2
3,pgadmin,23.630,after-query,946985920,6,11.4293,8.9
3,pgadmin,23.885,after-query,921066408,6,11.4956,26.4
3,pgadmin,24.141,after-query,921164712,6,11.5165,8.1
3,pgadmin,24.391,after-query,921263016,6,11.5365,8.1
3,pgadmin,24.647,after-query,921361320,6,11.5572,8.2
3,pgadmin,24.902,after-query,919821224,6,11.5790,8.5
3,pgadmin,25.153,after-query,919886760,6,11.6038,9.8
3,pgadmin,25.408,after-query,919968680,6,11.6295,10.0
3,pgadmin,25.661,after-query,920050600,6,11.6564,10.7
3,pgadmin,25.916,after-query,920345512,6,11.7101,20.8
3,pgadmin,26.168,after-query,920427432,6,11.7348,9.8
3,pgadmin,26.424,after-query,920476584,6,11.7593,9.6
3,pgadmin,26.679,after-query,865098664,6,11.7871,10.9
3,pgadmin,26.933,after-query,865147816,6,11.8077,8.1
3,pgadmin,27.187,after-query,865229736,6,11.8282,8.2
3,pgadmin,27.442,after-query,865311656,6,11.8497,8.5
3,dbeaver,0.255,launch,22938512,1,0.1287,
3,dbeaver,0.506,launch,68240368,1,0.5768,178.5
3,dbeaver,0.761,launch,107873288,1,1.1607,226.3
3,dbeaver,1.016,launch,139412536,1,1.7327,224.2
3,dbeaver,1.271,launch,164037688,1,2.3768,251.8
3,dbeaver,1.526,launch,179651904,1,2.9880,240.0
3,dbeaver,1.779,launch,230671728,1,3.7736,311.1
3,dbeaver,2.032,launch,255378824,1,4.2824,201.6
3,dbeaver,2.287,launch,275547528,1,4.9836,273.9
3,dbeaver,2.542,launch,287360416,1,5.9673,387.0
3,dbeaver,2.798,launch,298190288,1,6.9206,374.4
3,dbeaver,3.048,launch,314033616,1,7.6056,271.8
3,dbeaver,3.303,launch,320653112,1,8.2999,273.0
3,dbeaver,3.558,launch,587548760,1,9.0293,285.5
3,dbeaver,3.812,settle,837274288,2,9.9376,361.5
3,dbeaver,4.067,settle,993036976,2,10.6666,281.1
3,dbeaver,4.322,settle,1053756104,2,10.8971,90.4
3,dbeaver,4.577,settle,1055443656,2,11.6343,288.4
3,dbeaver,4.832,settle,997477064,2,11.6718,14.5
3,dbeaver,5.085,settle,971705032,2,11.6995,10.9
3,dbeaver,5.339,settle,822921928,2,11.7285,11.4
3,dbeaver,5.590,settle,782944968,2,11.7362,3.1
3,dbeaver,5.840,settle,723929800,2,11.7523,6.4
3,dbeaver,6.090,settle,715066056,2,11.7595,2.9
3,dbeaver,6.342,settle,715066056,2,11.7805,8.4
3,dbeaver,6.593,settle,715066056,2,11.7892,3.5
3,dbeaver,6.847,settle,715066056,2,11.8088,7.7
3,dbeaver,7.102,settle,715066056,2,11.8144,2.2
3,dbeaver,7.358,settle,677235400,2,11.8260,4.5
3,dbeaver,7.613,settle,715082440,2,11.8380,4.7
3,dbeaver,7.868,settle,715082440,2,11.8491,4.4
3,dbeaver,8.121,settle,714918600,2,11.8627,5.3
3,dbeaver,8.374,settle,714836680,2,11.8720,3.7
3,dbeaver,8.626,settle,714721992,2,11.8858,5.7
3,dbeaver,8.877,query,714721992,2,11.8915,2.3
3,dbeaver,9.130,query,714672840,2,11.9051,5.2
3,dbeaver,9.386,query,714558152,2,11.9182,5.2
3,dbeaver,9.641,query,714590920,2,11.9297,4.5
3,dbeaver,9.895,query,714590920,2,11.9359,2.4
3,dbeaver,10.149,query,714590920,2,11.9431,2.8
3,dbeaver,10.400,query,714590920,2,11.9554,4.9
3,dbeaver,10.656,query,714590920,2,11.9625,2.8
3,dbeaver,10.906,query,714590920,2,11.9760,5.4
3,dbeaver,11.160,query,714590920,2,11.9827,2.6
3,dbeaver,11.415,query,714590920,2,11.9964,5.3
3,dbeaver,11.666,query,714607304,2,12.0070,4.2
3,dbeaver,11.921,query,714672840,2,12.0309,9.7
3,dbeaver,12.172,query,714672840,2,12.0364,2.2
3,dbeaver,12.423,query,714672840,2,12.0433,2.7
3,dbeaver,12.678,query,714672840,2,12.0476,1.7
3,dbeaver,12.928,query,714689224,2,12.0537,2.5
3,dbeaver,13.183,query,714689224,2,12.0618,3.2
3,dbeaver,13.438,query,714689224,2,12.0680,2.4
3,dbeaver,13.693,query,714738352,2,12.0859,7.1
3,dbeaver,13.947,query,714689200,2,12.1006,5.7
3,dbeaver,14.202,query,715836080,2,12.1718,27.6
3,dbeaver,14.457,query,795642544,2,12.2700,39.1
3,dbeaver,14.713,query,796101296,2,12.4931,86.9
3,dbeaver,14.968,query,756124336,2,12.5177,9.7
3,dbeaver,15.223,query,755960496,2,12.5447,10.4
3,dbeaver,15.478,query,756157104,2,12.5695,9.8
3,dbeaver,15.730,query,756320944,2,12.6112,16.6
3,dbeaver,15.985,query,715393712,2,12.6246,5.2
3,dbeaver,16.241,query,715393712,2,12.6331,3.3
3,dbeaver,16.496,query,843975344,2,12.9957,143.3
3,dbeaver,16.751,query,898419376,2,13.7775,309.4
3,dbeaver,17.006,query,905497264,2,14.3606,226.4
3,dbeaver,17.261,query,907823792,2,14.4722,43.6
3,dbeaver,17.513,query,906906288,2,14.6398,66.9
3,dbeaver,17.764,query,906840752,2,14.6544,5.8
3,dbeaver,18.014,query,905464520,2,14.6848,12.2
3,dbeaver,18.270,query,800082632,2,14.8327,58.0
3,dbeaver,18.521,query,731384520,2,14.8738,16.2
3,dbeaver,18.776,query,731613896,2,15.0087,53.3
3,dbeaver,19.031,query,726878920,2,15.0858,30.3
3,dbeaver,19.286,query,738167496,2,15.1663,31.6
3,dbeaver,19.539,query,738249416,2,15.2595,37.1
3,dbeaver,19.794,query,738282184,2,15.3953,52.6
3,dbeaver,20.049,query,738495176,2,15.5404,57.0
3,dbeaver,20.304,query,736463560,2,15.6641,48.2
3,dbeaver,20.558,query,736496328,2,15.7351,28.2
3,dbeaver,20.813,query,850512584,2,15.9080,67.6
3,dbeaver,21.068,query,856558280,2,15.9940,33.7
3,dbeaver,21.323,query,843320008,2,16.0858,35.8
3,dbeaver,21.578,query,839256776,2,16.1559,27.7
3,dbeaver,21.833,query,837995208,2,16.2075,20.2
3,dbeaver,22.088,query,730450632,2,16.2819,29.1
3,dbeaver,22.339,after-query,730450632,2,16.2917,3.9
3,dbeaver,22.595,after-query,730401480,2,16.3023,4.1
3,dbeaver,22.850,after-query,730417864,2,16.3109,3.4
3,dbeaver,23.103,after-query,716671688,2,16.3209,3.9
3,dbeaver,23.359,after-query,716720840,2,16.3364,6.0
3,dbeaver,23.614,after-query,716737224,2,16.3471,4.2
3,dbeaver,23.866,after-query,716638920,2,16.3576,4.3
3,dbeaver,24.121,after-query,716638920,2,16.3646,2.6
3,dbeaver,24.376,after-query,716655304,2,16.3738,3.7
3,dbeaver,24.630,after-query,716671688,2,16.3871,5.2
3,dbeaver,24.882,after-query,716704456,2,16.4013,5.7
3,dbeaver,25.137,after-query,716704456,2,16.4093,3.1
3,dbeaver,25.392,after-query,716704456,2,16.4207,4.4
3,dbeaver,25.646,after-query,716540616,2,16.4288,3.2
3,dbeaver,25.901,after-query,716344008,2,16.4357,2.8
3,dbeaver,26.157,after-query,716344008,2,16.4461,4.0
3,dbeaver,26.409,after-query,716344008,2,16.4518,2.3
3,dbeaver,26.664,after-query,716344008,2,16.4721,8.2
4,dbgate,0.254,launch,9946024,1,0.1025,
4,dbgate,0.505,launch,53038176,3,0.3780,108.7
4,dbgate,0.757,launch,80612520,3,0.5797,79.3
4,dbgate,1.012,settle,209457880,4,0.9560,147.3
4,dbgate,1.266,settle,290920352,5,1.3690,163.9
4,dbgate,1.517,settle,578823168,8,2.3549,395.8
4,dbgate,1.772,settle,606528920,8,2.8070,174.6
4,dbgate,2.026,settle,605611416,8,2.8424,13.8
4,dbgate,2.279,settle,613934488,8,2.9197,31.0
4,dbgate,2.534,settle,614049176,8,2.9476,10.8
4,dbgate,2.789,settle,598975896,8,2.9605,5.0
4,dbgate,3.044,settle,599008664,8,2.9839,9.3
4,dbgate,3.296,settle,598992280,8,2.9958,4.7
4,dbgate,3.551,settle,594404760,8,3.0139,7.1
4,dbgate,3.806,settle,586884504,8,3.0273,5.2
4,dbgate,4.061,settle,576595328,8,3.0496,8.6
4,dbgate,4.317,settle,576578944,8,3.0619,4.9
4,dbgate,4.572,settle,576595328,8,3.0814,7.6
4,dbgate,4.827,settle,576595328,8,3.0933,4.7
4,dbgate,5.082,settle,576628096,8,3.1141,8.3
4,dbgate,5.337,settle,576611712,8,3.1263,4.7
4,dbgate,5.592,settle,576611712,8,3.1456,7.6
4,dbgate,5.847,settle,576595328,8,3.1579,4.8
4,dbgate,6.100,query,576562560,8,3.1726,6.0
4,dbgate,6.355,query,576562560,8,3.1840,4.4
4,dbgate,6.610,query,554067328,8,3.2030,7.5
4,dbgate,6.865,query,521528704,8,3.2219,7.2
4,dbgate,7.121,query,521528704,8,3.2362,5.6
4,dbgate,7.376,query,482469248,8,3.2552,7.4
4,dbgate,7.630,query,482452864,8,3.2713,6.4
4,dbgate,7.885,query,482502016,8,3.2899,7.3
4,dbgate,8.140,query,482485632,8,3.3049,5.9
4,dbgate,8.395,query,482502016,8,3.3198,5.9
4,dbgate,8.650,query,482485632,8,3.3339,5.4
4,dbgate,8.906,query,482502016,8,3.3469,5.1
4,dbgate,9.161,query,482420096,8,3.3596,5.0
4,dbgate,9.416,query,482534784,8,3.3731,5.4
4,dbgate,9.671,query,482534784,8,3.3848,4.6
4,dbgate,9.926,query,482551168,8,3.3947,3.9
4,dbgate,10.181,query,482534784,8,3.4053,4.1
4,dbgate,10.436,query,482551168,8,3.4177,4.9
4,dbgate,10.692,query,482534784,8,3.4308,5.1
4,dbgate,10.946,query,482551168,8,3.4432,4.9
4,dbgate,11.201,query,482534784,8,3.4563,5.1
4,dbgate,11.456,query,482551168,8,3.4723,6.3
4,dbgate,11.708,query,482534784,8,3.4846,4.9
4,dbgate,11.962,query,545334656,8,3.5394,21.3
4,dbgate,12.217,query,603858304,8,3.6094,27.6
4,dbgate,12.472,query,603841920,8,3.6202,4.2
4,dbgate,12.727,query,604120448,8,3.6615,15.9
4,dbgate,12.982,query,604267904,8,3.6863,10.1
4,dbgate,13.234,query,658926080,9,4.0081,126.5
4,dbgate,13.487,query,725183120,9,4.3252,124.8
4,dbgate,13.741,query,726280848,9,4.3711,17.9
4,dbgate,13.996,query,726280848,9,4.3847,5.4
4,dbgate,14.249,query,747416232,9,4.6661,111.1
4,dbgate,14.503,query,757115584,9,4.9003,92.5
4,dbgate,14.756,query,763947712,9,5.1402,94.9
4,dbgate,15.008,query,765815488,9,5.4279,113.7
4,dbgate,15.263,query,767650520,9,5.6816,99.6
4,dbgate,15.517,query,771091160,9,5.9267,96.3
4,dbgate,15.770,query,782101256,9,6.1038,69.1
4,dbgate,16.025,query,786836232,9,6.2992,78.9
4,dbgate,16.280,query,794110728,9,6.4611,62.7
4,dbgate,16.535,query,800762632,9,6.6154,60.6
4,dbgate,16.787,query,804203272,9,6.7445,51.9
4,dbgate,17.038,query,806710024,9,6.8328,34.6
4,dbgate,17.292,query,810248968,9,6.9927,63.4
4,dbgate,17.547,query,814279432,9,7.1491,61.3
4,dbgate,17.802,query,816474888,9,7.2481,38.5
4,dbgate,18.057,query,788572936,9,7.4056,61.0
4,dbgate,18.312,query,791735072,9,7.5549,59.4
4,dbgate,18.567,query,716679968,9,7.6597,41.1
4,dbgate,18.818,query,722725664,9,7.8189,64.0
4,dbgate,19.071,query,725773088,9,7.9578,54.8
4,dbgate,19.326,query,726625056,9,8.0089,19.8
4,dbgate,19.579,after-query,726182688,9,8.0273,7.4
4,dbgate,19.831,after-query,725625632,9,8.0479,8.0
4,dbgate,20.086,after-query,723184416,9,8.0656,6.9
4,dbgate,20.342,after-query,717925152,9,8.0805,5.8
4,dbgate,20.596,after-query,717925152,9,8.0957,6.0
4,dbgate,20.852,after-query,707341064,9,8.1131,6.8
4,dbgate,21.102,after-query,699968264,9,8.1298,6.7
4,dbgate,21.353,after-query,700082952,9,8.1513,8.6
4,dbgate,21.607,after-query,700033800,9,8.1679,6.5
4,dbgate,21.862,after-query,697985800,9,8.1826,5.8
4,dbgate,22.116,after-query,697953032,9,8.1972,5.9
4,dbgate,22.372,after-query,697936648,9,8.2077,4.1
4,dbgate,22.625,after-query,697953032,9,8.2258,7.0
4,dbgate,22.880,after-query,697936648,9,8.2406,5.8
4,dbgate,23.136,after-query,686844680,9,8.2593,7.4
4,dbgate,23.391,after-query,686893832,9,8.2752,6.2
4,dbgate,23.646,after-query,686910216,9,8.2936,7.2
4,dbgate,23.899,after-query,686893832,9,8.3066,5.1
4,pgpad,0.255,launch,17581016,1,0.1289,
4,pgpad,0.510,settle,47843848,4,0.3910,88.9
4,pgpad,0.765,settle,53250760,4,0.4865,37.6
4,pgpad,1.018,settle,228298376,5,0.7658,109.8
4,pgpad,1.273,settle,227511944,5,0.7679,0.8
4,pgpad,1.527,settle,222367368,5,0.7885,8.1
4,pgpad,1.783,settle,219483784,5,0.7919,1.3
4,pgpad,2.038,settle,219074184,5,0.7949,1.2
4,pgpad,2.293,settle,159420040,5,0.7991,1.6
4,pgpad,2.548,settle,159288968,5,0.8000,0.4
4,pgpad,2.803,settle,158682760,5,0.8007,0.3
4,pgpad,3.059,settle,158633608,5,0.8014,0.2
4,pgpad,3.313,settle,158633608,5,0.8019,0.2
4,pgpad,3.566,settle,158584456,5,0.8025,0.2
4,pgpad,3.817,settle,158584456,5,0.8030,0.2
4,pgpad,4.067,settle,158584456,5,0.8035,0.2
4,pgpad,4.323,settle,158584456,5,0.8038,0.1
4,pgpad,4.574,settle,158584456,5,0.8040,0.1
4,pgpad,4.830,settle,158584456,5,0.8040,0.0
4,pgpad,5.085,settle,158584456,5,0.8040,0.0
4,pgpad,5.339,settle,158420616,5,0.8049,0.4
4,pgpad,5.594,query,158371464,5,0.8108,2.3
4,pgpad,5.848,query,158371464,5,0.8109,0.1
4,pgpad,6.098,query,158256776,5,0.8115,0.2
4,pgpad,6.354,query,158191240,5,0.8117,0.1
4,pgpad,6.606,query,158191240,5,0.8120,0.1
4,pgpad,6.861,query,158191240,5,0.8122,0.1
4,pgpad,7.115,query,158142088,5,0.8123,0.0
4,pgpad,7.370,query,158092936,5,0.8124,0.0
4,pgpad,7.623,query,158092936,5,0.8124,0.0
4,pgpad,7.878,query,158092936,5,0.8124,0.0
4,pgpad,8.134,query,158092936,5,0.8124,0.0
4,pgpad,8.389,query,158092936,5,0.8124,0.0
4,pgpad,8.644,query,158092936,5,0.8125,0.0
4,pgpad,8.895,query,157929096,5,0.8226,4.2
4,pgpad,9.150,query,157929096,5,0.8265,1.5
4,pgpad,9.402,query,157929096,5,0.8277,0.5
4,pgpad,9.654,query,157912712,5,0.8288,0.4
4,pgpad,9.906,query,157912712,5,0.8292,0.2
4,pgpad,10.157,query,157912712,5,0.8299,0.3
4,pgpad,10.411,query,157912712,5,0.8301,0.1
4,pgpad,10.665,query,227511968,5,0.8683,15.1
4,pgpad,10.915,query,283709184,5,0.9803,44.2
4,pgpad,11.167,query,283578112,5,0.9829,1.1
4,pgpad,11.422,query,283496192,5,0.9873,1.7
4,pgpad,11.673,query,283299584,5,0.9894,0.8
4,pgpad,11.923,query,239193880,5,1.0377,19.4
4,pgpad,12.178,query,249581960,6,1.1718,52.6
4,pgpad,12.433,query,263164296,6,1.1978,10.1
4,pgpad,12.687,query,263131528,6,1.1998,0.8
4,pgpad,12.939,query,265376136,6,1.2431,17.1
4,pgpad,13.194,query,265359752,6,1.2454,0.9
4,pgpad,13.448,query,264409480,6,1.2661,8.1
4,pgpad,13.704,query,254595464,6,1.2943,11.0
4,pgpad,13.956,query,213078408,6,1.2978,1.4
4,pgpad,14.207,query,213045640,6,1.3163,7.3
4,pgpad,14.462,query,360829392,6,1.6054,112.7
4,pgpad,14.718,query,360731088,6,1.6087,1.3
4,pgpad,14.973,query,357110224,6,1.6230,5.6
4,pgpad,15.226,query,354537936,6,1.6268,1.5
4,pgpad,15.481,query,284053968,6,1.6357,3.4
4,pgpad,15.736,query,260919760,6,1.6400,1.7
4,pgpad,15.990,query,260936144,6,1.6448,1.9
4,pgpad,16.245,query,344609232,6,1.6796,13.7
4,pgpad,16.500,query,389353960,6,1.7578,30.8
4,pgpad,16.755,query,392876520,6,1.7841,10.2
4,pgpad,17.006,query,392794600,6,1.8538,27.8
4,pgpad,17.260,query,399135208,6,1.8804,10.4
4,pgpad,17.516,query,393810408,6,1.9595,31.0
4,pgpad,17.771,query,393794024,6,1.9620,1.0
4,pgpad,18.022,query,399823336,6,1.9887,10.7
4,pgpad,18.277,after-query,380441064,6,2.0581,27.7
4,pgpad,18.530,after-query,374870504,6,2.0606,1.0
4,pgpad,18.781,after-query,374821352,6,2.0647,1.6
4,pgpad,19.032,after-query,373887464,6,2.0678,1.2
4,pgpad,19.286,after-query,346739176,6,2.0698,0.8
4,pgpad,19.541,after-query,260837864,6,2.0720,0.9
4,pgpad,19.794,after-query,260821480,6,2.0730,0.4
4,pgpad,20.050,after-query,260821480,6,2.0737,0.3
4,pgpad,20.305,after-query,260788712,6,2.0745,0.3
4,pgpad,20.560,after-query,260723176,6,2.0751,0.2
4,pgpad,20.815,after-query,260641256,6,2.0759,0.3
4,pgpad,21.068,after-query,260674024,6,2.0814,2.2
4,pgpad,21.323,after-query,260674024,6,2.0822,0.3
4,pgpad,21.577,after-query,260624872,6,2.0831,0.4
4,pgpad,21.832,after-query,260624872,6,2.0837,0.2
4,pgpad,22.087,after-query,260624872,6,2.0842,0.2
4,pgpad,22.339,after-query,260624872,6,2.0849,0.3
4,pgpad,22.595,after-query,260624872,6,2.0851,0.1
4,pgpad,22.850,after-query,260624872,6,2.0851,0.0
4,pgpad,23.105,after-query,260624872,6,2.0851,0.0
4,pgpad,23.360,after-query,260444648,6,2.0859,0.3
4,dbeaver,0.255,launch,25838480,1,0.1496,
4,dbeaver,0.510,launch,82740184,1,0.7545,234.1
4,dbeaver,0.765,launch,121242656,1,1.3538,235.0
4,dbeaver,1.021,launch,154567784,1,2.0043,254.9
4,dbeaver,1.276,launch,173049200,1,2.6542,255.1
4,dbeaver,1.531,launch,202409376,1,3.4407,307.6
4,dbeaver,1.784,launch,252003768,1,3.9890,217.6
4,dbeaver,2.037,launch,269436344,1,4.6178,246.4
4,dbeaver,2.292,launch,283526584,1,5.5619,369.6
4,dbeaver,2.547,launch,295093688,1,6.5133,373.6
4,dbeaver,2.803,launch,317441512,1,7.3338,322.9
4,dbeaver,3.058,launch,327386624,1,7.9763,254.3
4,dbeaver,3.313,launch,517146664,1,8.5691,229.6
4,dbeaver,3.568,settle,825772696,2,9.4320,338.7
4,dbeaver,3.821,settle,917523120,2,10.1353,276.3
4,dbeaver,4.076,settle,917326536,2,10.3351,78.9
4,dbeaver,4.331,settle,984828616,2,11.0840,289.5
4,dbeaver,4.586,settle,983616200,2,11.1006,6.5
4,dbeaver,4.842,settle,904628936,2,11.1477,18.3
4,dbeaver,5.096,settle,827902664,2,11.1666,7.5
4,dbeaver,5.349,settle,787942088,2,11.1793,5.0
4,dbeaver,5.603,settle,728959688,2,11.1955,6.5
4,dbeaver,5.858,settle,717867720,2,11.2022,2.6
4,dbeaver,6.110,settle,717867720,2,11.2173,6.1
4,dbeaver,6.365,settle,717867720,2,11.2234,2.4
4,dbeaver,6.620,settle,717867720,2,11.2387,6.0
4,dbeaver,6.873,settle,717867720,2,11.2436,2.0
4,dbeaver,7.124,settle,718605000,2,11.2863,16.8
4,dbeaver,7.377,settle,718605000,2,11.3003,5.5
4,dbeaver,7.630,settle,718588616,2,11.3085,3.3
4,dbeaver,7.882,settle,718588616,2,11.3244,6.2
4,dbeaver,8.136,settle,718473928,2,11.3350,4.2
4,dbeaver,8.391,settle,718473928,2,11.3482,5.2
4,dbeaver,8.643,query,718277320,2,11.3547,2.6
4,dbeaver,8.897,query,718228168,2,11.3650,4.0
4,dbeaver,9.153,query,718179016,2,11.3743,3.6
4,dbeaver,9.408,query,718195400,2,11.3918,6.8
4,dbeaver,9.663,query,718195400,2,11.3979,2.4
4,dbeaver,9.918,query,718195400,2,11.4048,2.7
4,dbeaver,10.170,query,718195400,2,11.4165,4.7
4,dbeaver,10.426,query,718195400,2,11.4238,2.8
4,dbeaver,10.681,query,718195400,2,11.4384,5.7
4,dbeaver,10.936,query,718097096,2,11.4464,3.2
4,dbeaver,11.191,query,718097096,2,11.4578,4.4
4,dbeaver,11.444,query,718260936,2,11.4877,11.9
4,dbeaver,11.699,query,718277320,2,11.5004,5.1
4,dbeaver,11.954,query,718424776,2,11.5174,6.7
4,dbeaver,12.207,query,718424776,2,11.5294,4.7
4,dbeaver,12.460,query,718441160,2,11.5358,2.6
4,dbeaver,12.715,query,718441160,2,11.5418,2.4
4,dbeaver,12.969,query,718441160,2,11.5501,3.2
4,dbeaver,13.223,query,718441160,2,11.5559,2.3
4,dbeaver,13.478,query,718441160,2,11.5649,3.5
4,dbeaver,13.733,query,718457520,2,11.5945,11.4
4,dbeaver,13.988,query,719653552,2,11.6839,35.5
4,dbeaver,14.243,query,719604400,2,11.7249,16.0
4,dbeaver,14.497,query,757254832,2,11.8202,37.1
4,dbeaver,14.753,query,759892656,2,11.9202,39.6
4,dbeaver,15.008,query,759302832,2,11.9442,9.5
4,dbeaver,15.263,query,759466672,2,11.9706,10.3
4,dbeaver,15.518,query,759614128,2,11.9960,10.0
4,dbeaver,15.773,query,718703280,2,12.0142,7.1
4,dbeaver,16.029,query,718703280,2,12.0220,3.1
4,dbeaver,16.282,query,807602864,2,12.3273,122.5
4,dbeaver,16.534,query,864127664,2,13.0735,295.3
4,dbeaver,16.789,query,948767408,2,13.6256,216.0
4,dbeaver,17.040,query,912427720,2,13.7338,43.0
4,dbeaver,17.294,query,910117576,2,13.8928,61.7
4,dbeaver,17.550,query,910133960,2,13.9149,8.6
4,dbeaver,17.802,query,867863240,2,13.9481,13.4
4,dbeaver,18.057,query,755354312,2,14.0792,51.1
4,dbeaver,18.312,query,735791816,2,14.1274,18.9
4,dbeaver,18.563,query,736037576,2,14.2543,50.4
4,dbeaver,18.819,query,742574792,2,14.3293,29.2
4,dbeaver,19.074,query,742656712,2,14.4217,36.3
4,dbeaver,19.326,query,742705864,2,14.5053,33.5
4,dbeaver,19.581,query,742755016,2,14.6504,56.8
4,dbeaver,19.836,query,731663048,2,14.7700,47.1
4,dbeaver,20.092,query,741493424,2,14.9213,59.0
4,dbeaver,20.345,query,741526192,2,14.9735,20.6
4,dbeaver,20.600,query,846416560,2,15.1020,50.8
4,dbeaver,20.855,query,864586440,2,15.2353,52.1
4,dbeaver,21.110,query,862538440,2,15.3105,29.4
4,dbeaver,21.360,query,847088328,2,15.3716,24.5
4,dbeaver,21.616,query,847121096,2,15.4319,23.6
4,dbeaver,21.871,query,738347720,2,15.4948,25.0
4,dbeaver,22.124,query,738396872,2,15.5067,4.6
4,dbeaver,22.377,after-query,738347720,2,15.5190,4.9
4,dbeaver,22.628,after-query,738347720,2,15.5277,3.5
4,dbeaver,22.883,after-query,733448904,2,15.5365,3.4
4,dbeaver,23.134,after-query,722127560,2,15.5478,4.6
4,dbeaver,23.390,after-query,722143944,2,15.5557,3.1
4,dbeaver,23.645,after-query,722143944,2,15.5640,3.2
4,dbeaver,23.900,after-query,722045640,2,15.5715,3.0
4,dbeaver,24.155,after-query,722045640,2,15.5846,5.1
4,dbeaver,24.410,after-query,722078408,2,15.5994,5.8
4,dbeaver,24.665,after-query,722078408,2,15.6079,3.3
4,dbeaver,24.921,after-query,722078408,2,15.6161,3.2
4,dbeaver,25.173,after-query,722078408,2,15.6226,2.6
4,dbeaver,25.428,after-query,721930952,2,15.6384,6.2
4,dbeaver,25.683,after-query,721930952,2,15.6468,3.3
4,dbeaver,25.934,after-query,720571080,2,15.6580,4.5
4,dbeaver,26.185,after-query,720571080,2,15.6655,3.0
4,dbeaver,26.440,after-query,720571080,2,15.6771,4.7
4,pgadmin,0.253,launch,13517952,1,0.1084,
4,pgadmin,0.508,launch,55151448,3,0.3635,98.9
4,pgadmin,0.762,launch,146232432,5,0.8082,173.9
4,pgadmin,1.017,launch,158373000,5,1.0352,90.5
4,pgadmin,1.273,launch,170185888,5,1.2641,88.9
4,pgadmin,1.527,launch,179918008,5,1.4990,92.1
4,pgadmin,1.782,launch,194286776,5,1.7260,89.0
4,pgadmin,2.037,launch,209687736,5,1.9676,94.8
4,pgadmin,2.292,launch,220796112,5,2.2085,94.5
4,pgadmin,2.548,launch,238048872,6,2.4643,100.0
4,pgadmin,2.803,launch,255743640,6,2.9482,189.0
4,pgadmin,3.058,launch,239047936,5,2.9057,91.0
4,pgadmin,3.313,launch,248829184,5,3.1527,96.9
4,pgadmin,3.568,launch,259462400,5,3.4023,98.3
4,pgadmin,3.823,launch,264688896,5,3.5721,66.2
4,pgadmin,4.078,launch,264688896,5,3.5721,0.0
4,pgadmin,4.333,settle,264442320,5,3.6504,65.3
4,pgadmin,4.587,settle,430708232,5,4.1532,216.1
4,pgadmin,4.842,settle,460789280,5,4.4627,122.1
4,pgadmin,5.097,settle,516462208,5,4.8880,164.3
4,pgadmin,5.352,settle,743790496,5,5.4075,202.7
4,pgadmin,5.604,settle,700799024,5,5.7423,123.2
4,pgadmin,5.859,settle,721868968,5,6.0109,114.8
4,pgadmin,6.111,settle,782833832,5,6.1688,62.5
4,pgadmin,6.367,settle,786143880,6,6.2473,30.3
4,pgadmin,6.622,settle,793991960,6,6.3492,40.2
4,pgadmin,6.877,settle,786307864,6,6.3819,12.9
4,pgadmin,7.132,settle,782097176,6,6.4148,12.9
4,pgadmin,7.388,settle,771316504,6,6.4522,14.6
4,pgadmin,7.643,settle,750639896,6,6.4877,13.9
4,pgadmin,7.898,settle,750754584,6,6.5255,14.9
4,pgadmin,8.153,settle,751049496,6,6.5826,22.5
4,pgadmin,8.409,settle,751115032,6,6.6102,10.7
4,pgadmin,8.664,settle,751246104,6,6.6495,15.3
4,pgadmin,8.919,settle,751328024,6,6.6776,11.0
4,pgadmin,9.174,settle,751426328,6,6.7094,12.5
4,pgadmin,9.429,query,751475480,6,6.7344,10.1
4,pgadmin,9.681,query,751557400,6,6.7573,9.0
4,pgadmin,9.933,query,754244376,6,6.8436,34.1
4,pgadmin,10.188,query,754375448,6,6.8690,9.8
4,pgadmin,10.443,query,754506520,6,6.8988,11.9
4,pgadmin,10.698,query,754653976,6,6.9271,10.9
4,pgadmin,10.954,query,674241304,6,6.9672,15.9
4,pgadmin,11.204,query,629218072,6,6.9922,10.1
4,pgadmin,11.459,query,629316376,6,7.0212,11.3
4,pgadmin,11.714,query,629447448,6,7.0565,13.8
4,pgadmin,11.969,query,629775128,6,7.1116,21.5
4,pgadmin,12.225,query,629938968,6,7.1422,12.0
4,pgadmin,12.482,query,630070040,6,7.1684,10.3
4,pgadmin,12.737,query,630283032,6,7.1962,11.1
4,pgadmin,12.988,query,630348568,6,7.2172,8.3
4,pgadmin,13.243,query,630512408,6,7.2414,9.5
4,pgadmin,13.496,query,630659864,6,7.2665,9.9
4,pgadmin,13.751,query,630823704,6,7.2930,10.5
4,pgadmin,14.006,query,632527640,6,7.3426,19.4
4,pgadmin,14.261,query,632675096,6,7.3663,9.3
4,pgadmin,14.515,query,632838936,6,7.3897,9.2
4,pgadmin,14.770,query,633002776,6,7.4162,10.3
4,pgadmin,15.021,query,633117464,6,7.4412,10.0
4,pgadmin,15.276,query,633248536,6,7.4715,11.8
4,pgadmin,15.529,query,633395992,6,7.4970,10.1
4,pgadmin,15.780,query,737106736,6,7.7130,86.6
4,pgadmin,16.035,query,751409968,6,8.0356,123.7
4,pgadmin,16.285,query,751590192,6,8.0659,12.1
4,pgadmin,16.541,query,751606576,6,8.0878,8.6
4,pgadmin,16.796,query,751655728,6,8.1117,9.3
4,pgadmin,17.051,query,749574960,6,8.1341,8.7
4,pgadmin,17.306,query,747379504,6,8.1671,13.0
4,pgadmin,17.561,query,818092872,6,8.4359,106.1
4,pgadmin,17.812,query,820894512,6,8.6242,75.0
4,pgadmin,18.066,query,830479152,6,8.7687,57.1
4,pgadmin,18.320,query,834493232,6,8.8927,48.4
4,pgadmin,18.575,query,839326560,6,9.0103,46.0
4,pgadmin,18.827,query,851630968,6,9.1938,73.0
4,pgadmin,19.082,query,853007224,6,9.2706,29.7
4,pgadmin,19.336,query,856939360,6,9.4715,81.5
4,pgadmin,19.591,query,873749344,6,9.5862,43.9
4,pgadmin,19.844,query,882989920,6,9.7774,77.5
4,pgadmin,20.096,query,890739552,6,9.9479,66.3
4,pgadmin,20.347,query,892476256,6,10.0219,29.5
4,pgadmin,20.601,query,903584656,6,10.1807,62.9
4,pgadmin,20.857,query,906845072,6,10.3610,70.6
4,pgadmin,21.108,query,913152936,6,10.5155,62.3
4,pgadmin,21.358,query,917330856,6,10.6374,47.9
4,pgadmin,21.613,query,930044840,6,10.8020,65.3
4,pgadmin,21.867,query,931797928,6,11.1459,135.2
4,pgadmin,22.122,query,931732392,6,11.3205,68.6
4,pgadmin,22.377,query,931830696,6,11.4491,50.4
4,pgadmin,22.631,query,926833576,6,11.5388,34.9
4,pgadmin,22.881,query,924359592,6,11.5714,13.0
4,pgadmin,23.136,after-query,924359592,6,11.5956,9.4
4,pgadmin,23.387,after-query,924359592,6,11.6197,9.8
4,pgadmin,23.642,after-query,924359592,6,11.6443,9.5
4,pgadmin,23.896,after-query,898096040,6,11.7012,22.2
4,pgadmin,24.151,after-query,898096040,6,11.7207,7.7
4,pgadmin,24.403,after-query,898096040,6,11.7406,8.0
4,pgadmin,24.658,after-query,898128808,6,11.7609,7.9
4,pgadmin,24.913,after-query,896523176,6,11.7849,9.6
4,pgadmin,25.168,after-query,896523176,6,11.8090,9.3
4,pgadmin,25.423,after-query,896523176,6,11.8319,9.0
4,pgadmin,25.678,after-query,896539560,6,11.8586,10.4
4,pgadmin,25.931,after-query,896539560,6,11.9125,21.4
4,pgadmin,26.186,after-query,872864680,6,11.9360,9.4
4,pgadmin,26.441,after-query,872864680,6,11.9532,6.6
4,pgadmin,26.696,after-query,872815528,6,11.9757,8.7
4,pgadmin,26.951,after-query,872815528,6,12.0029,10.7
4,pgadmin,27.205,after-query,872815528,6,12.0245,8.5
4,pgadmin,27.458,after-query,850795432,6,12.0461,8.8
5,pgadmin,0.251,launch,30442888,1,0.1735,
5,pgadmin,0.506,launch,122655832,5,0.6625,188.4
5,pgadmin,0.761,launch,156325024,5,0.9097,97.2
5,pgadmin,1.017,launch,166778016,5,1.1509,94.5
5,pgadmin,1.268,launch,177509584,5,1.3833,92.8
5,pgadmin,1.523,launch,190518504,5,1.6167,92.5
5,pgadmin,1.778,launch,197809384,5,1.8621,95.0
5,pgadmin,2.029,launch,210687208,5,2.0967,93.5
5,pgadmin,2.284,launch,220501248,5,2.3341,92.9
5,pgadmin,2.539,launch,249779912,6,2.7917,179.0
5,pgadmin,2.794,launch,235312432,5,2.8007,91.1
5,pgadmin,3.049,launch,245421360,5,3.0519,97.0
5,pgadmin,3.304,launch,254858544,5,3.3049,99.4
5,pgadmin,3.558,launch,262100272,5,3.5154,83.2
5,pgadmin,3.812,launch,262624560,5,3.5330,6.8
5,pgadmin,4.067,launch,265016624,5,3.5858,20.7
5,pgadmin,4.322,settle,346494472,5,3.9821,187.8
5,pgadmin,4.577,settle,452187752,5,4.3538,145.4
5,pgadmin,4.832,settle,497358488,5,4.7373,150.2
5,pgadmin,5.087,settle,689657808,5,5.2967,217.3
5,pgadmin,5.342,settle,687216832,5,5.5908,116.6
5,pgadmin,5.597,settle,706435264,5,5.8398,97.2
5,pgadmin,5.852,settle,780982512,5,6.0792,91.3
5,pgadmin,6.107,settle,782031256,6,6.1603,32.4
5,pgadmin,6.362,settle,792959840,6,6.2842,48.9
5,pgadmin,6.618,settle,785308512,6,6.3153,12.1
5,pgadmin,6.873,settle,785406816,6,6.3473,12.5
5,pgadmin,7.128,settle,781212512,6,6.3843,14.6
5,pgadmin,7.383,settle,750918496,6,6.4239,15.6
5,pgadmin,7.638,settle,751000416,6,6.4561,12.5
5,pgadmin,7.893,settle,753982328,6,6.5162,24.2
5,pgadmin,8.148,settle,754064248,6,6.5444,10.8
5,pgadmin,8.400,settle,754211704,6,6.5819,14.9
5,pgadmin,8.655,settle,754260856,6,6.6055,9.4
5,pgadmin,8.909,settle,754375544,6,6.6355,11.6
5,pgadmin,9.166,settle,754441080,6,6.6641,11.2
5,pgadmin,9.420,query,754506616,6,6.6871,9.2
5,pgadmin,9.674,query,754752376,6,6.7377,19.2
5,pgadmin,9.930,query,759470968,6,6.7992,24.5
5,pgadmin,10.185,query,759536504,6,6.8299,12.0
5,pgadmin,10.440,query,759683960,6,6.8629,13.0
5,pgadmin,10.696,query,759749496,6,6.8920,11.4
5,pgadmin,10.949,query,624581496,6,6.9303,15.2
5,pgadmin,11.200,query,624745336,6,6.9546,9.8
5,pgadmin,11.452,query,624778104,6,6.9855,12.1
5,pgadmin,11.704,query,627579768,6,7.0417,22.4
5,pgadmin,11.959,query,627710840,6,7.0712,11.6
5,pgadmin,12.214,query,627825528,6,7.0996,11.0
5,pgadmin,12.469,query,627972984,6,7.1296,12.0
5,pgadmin,12.720,query,628120440,6,7.1516,8.7
5,pgadmin,12.975,query,628267896,6,7.1753,9.3
5,pgadmin,13.228,query,628448120,6,7.1969,8.6
5,pgadmin,13.483,query,628546424,6,7.2183,8.4
5,pgadmin,13.737,query,640047992,6,7.5224,120.6
5,pgadmin,13.992,query,640015224,6,7.5371,5.7
5,pgadmin,14.245,query,640015224,6,7.5563,7.5
5,pgadmin,14.500,query,640064376,6,7.5879,12.4
5,pgadmin,14.752,query,640113528,6,7.6101,8.8
5,pgadmin,15.003,query,640129912,6,7.6417,12.6
5,pgadmin,15.257,query,640129912,6,7.6606,7.5
5,pgadmin,15.512,query,661674872,6,7.7080,18.5
5,pgadmin,15.767,query,715529104,6,7.9498,93.6
5,pgadmin,16.021,query,716151672,6,7.9873,14.9
5,pgadmin,16.274,query,716168056,6,8.0081,8.1
5,pgadmin,16.526,query,716168056,6,8.0309,8.9
5,pgadmin,16.778,query,716200824,6,8.0475,6.7
5,pgadmin,17.033,query,711875448,6,8.0708,9.1
5,pgadmin,17.286,query,761977720,6,8.2623,75.9
5,pgadmin,17.537,query,788454288,6,8.4662,80.9
5,pgadmin,17.788,query,789748624,6,8.5816,46.0
5,pgadmin,18.043,query,793566096,6,8.7141,52.4
5,pgadmin,18.296,query,810277824,6,8.8882,68.4
5,pgadmin,18.551,query,812899264,6,9.2497,142.5
5,pgadmin,18.802,query,813030336,6,9.3407,35.8
5,pgadmin,19.054,query,813620160,6,9.5160,70.4
5,pgadmin,19.307,query,814029760,6,9.6782,64.1
5,pgadmin,19.559,query,814078912,6,9.7772,39.0
5,pgadmin,19.815,query,815684544,6,9.9749,78.1
5,pgadmin,20.067,query,817191872,6,10.0895,45.2
5,pgadmin,20.322,query,820304832,6,10.2273,54.0
5,pgadmin,20.576,query,818469824,6,10.3725,57.1
5,pgadmin,20.829,query,813685696,6,10.5319,62.6
5,pgadmin,21.082,query,815733696,6,10.6270,38.0
5,pgadmin,21.337,query,822205400,6,10.8068,70.6
5,pgadmin,21.592,query,824187864,6,10.8877,31.5
5,pgadmin,21.845,query,826727384,6,11.0329,57.6
5,pgadmin,22.101,query,830184408,6,11.2055,68.1
5,pgadmin,22.356,query,831249392,6,11.2909,33.2
5,pgadmin,22.608,query,829185008,6,11.3396,19.1
5,pgadmin,22.863,after-query,829250544,6,11.3622,8.9
5,pgadmin,23.114,after-query,829332464,6,11.3787,6.5
5,pgadmin,23.368,after-query,829398000,6,11.4015,8.9
5,pgadmin,23.623,after-query,802954176,6,11.4324,12.1
5,pgadmin,23.875,after-query,803101632,6,11.4839,20.4
5,pgadmin,24.128,after-query,803167168,6,11.5044,8.1
5,pgadmin,24.379,after-query,803265472,6,11.5262,8.8
5,pgadmin,24.634,after-query,801708992,6,11.5430,6.6
5,pgadmin,24.889,after-query,801790912,6,11.5674,9.5
5,pgadmin,25.144,after-query,801872832,6,11.5915,9.5
5,pgadmin,25.400,after-query,801921984,6,11.6174,10.1
5,pgadmin,25.655,after-query,802003904,6,11.6422,9.7
5,pgadmin,25.908,after-query,783244224,6,11.6987,22.6
5,pgadmin,26.163,after-query,783358912,6,11.7234,9.6
5,pgadmin,26.414,after-query,783391680,6,11.7433,7.9
5,pgadmin,26.669,after-query,783473600,6,11.7615,7.3
5,pgadmin,26.923,after-query,783555520,6,11.7802,7.2
5,pgadmin,27.178,after-query,759602112,6,11.8051,9.8
5,dbeaver,0.253,launch,19153808,1,0.1046,
5,dbeaver,0.509,launch,61916144,1,0.5180,162.5
5,dbeaver,0.764,launch,105563144,1,1.1284,236.3
5,dbeaver,1.019,launch,136807480,1,1.6917,220.1
5,dbeaver,1.274,launch,163120208,1,2.3412,255.2
5,dbeaver,1.529,launch,181814568,1,2.9429,234.7
5,dbeaver,1.779,launch,218875248,1,3.7718,333.4
5,dbeaver,2.034,launch,260539784,1,4.2138,172.7
5,dbeaver,2.289,launch,274335112,1,4.8334,243.8
5,dbeaver,2.545,launch,284738952,1,5.7363,351.6
5,dbeaver,2.800,launch,294733240,1,6.7121,384.6
5,dbeaver,3.055,launch,311395792,1,7.4424,285.0
5,dbeaver,3.310,launch,317474400,1,8.2020,299.0
5,dbeaver,3.565,launch,575260712,1,8.9437,289.6
5,dbeaver,3.819,settle,832424600,2,9.7815,328.7
5,dbeaver,4.074,settle,967117464,2,10.5154,288.1
5,dbeaver,4.328,settle,996231832,2,10.7067,76.0
5,dbeaver,4.579,settle,1056361160,2,11.5280,324.9
5,dbeaver,4.834,settle,1000311496,2,11.5504,8.9
5,dbeaver,5.084,settle,885967560,2,11.6070,22.0
5,dbeaver,5.339,settle,822364872,2,11.6546,18.6
5,dbeaver,5.590,settle,781781704,2,11.6652,4.3
5,dbeaver,5.841,settle,781781704,2,11.6813,6.4
5,dbeaver,6.096,settle,712182472,2,11.6898,3.3
5,dbeaver,6.351,settle,712215240,2,11.7096,7.8
5,dbeaver,6.602,settle,712215240,2,11.7161,2.6
5,dbeaver,6.857,settle,712215240,2,11.7294,5.2
5,dbeaver,7.112,settle,712215240,2,11.7350,2.2
5,dbeaver,7.366,settle,712215240,2,11.7442,3.6
5,dbeaver,7.616,settle,712231624,2,11.7593,6.0
5,dbeaver,7.871,settle,712231624,2,11.7706,4.5
5,dbeaver,8.124,settle,712231624,2,11.7810,4.1
5,dbeaver,8.377,settle,712084168,2,11.8001,7.5
5,dbeaver,8.628,settle,711969480,2,11.8139,5.5
5,dbeaver,8.882,query,711953096,2,11.8196,2.3
5,dbeaver,9.134,query,711822024,2,11.8308,4.4
5,dbeaver,9.389,query,711822024,2,11.8396,3.4
5,dbeaver,9.644,query,711822024,2,11.8462,2.6
5,dbeaver,9.899,query,711822024,2,11.8520,2.3
5,dbeaver,10.154,query,673974984,2,11.8582,2.4
5,dbeaver,10.409,query,711822024,2,11.8736,6.0
5,dbeaver,10.664,query,711822024,2,11.8793,2.2
5,dbeaver,10.920,query,711822024,2,11.8908,4.5
5,dbeaver,11.173,query,711805664,2,11.8981,2.9
5,dbeaver,11.428,query,711805664,2,11.9103,4.8
5,dbeaver,11.684,query,711838432,2,11.9203,3.9
5,dbeaver,11.935,query,711838432,2,11.9329,5.2
5,dbeaver,12.190,query,711838432,2,11.9388,2.3
5,dbeaver,12.444,query,711838432,2,11.9503,4.6
5,dbeaver,12.699,query,711871200,2,11.9555,2.0
5,dbeaver,12.954,query,711871200,2,11.9633,3.1
5,dbeaver,13.209,query,711871200,2,11.9703,2.8
5,dbeaver,13.464,query,711871200,2,11.9756,2.1
5,dbeaver,13.719,query,711854816,2,11.9850,3.7
5,dbeaver,13.972,query,711985888,2,12.0146,11.4
5,dbeaver,14.223,query,713050848,2,12.0935,31.8
5,dbeaver,14.478,query,713231072,2,12.1435,19.6
5,dbeaver,14.733,query,750717664,2,12.2266,32.6
5,dbeaver,14.984,query,753388256,2,12.3535,50.6
5,dbeaver,15.240,query,752274144,2,12.3806,10.6
5,dbeaver,15.492,query,752306912,2,12.4100,11.3
5,dbeaver,15.742,query,752421600,2,12.4365,10.9
5,dbeaver,15.997,query,711494368,2,12.4501,5.3
5,dbeaver,16.253,query,711510752,2,12.4578,3.0
5,dbeaver,16.505,query,798132960,2,12.6677,84.2
5,dbeaver,16.760,query,863013624,2,13.5225,335.7
5,dbeaver,17.016,query,925649656,2,14.1805,256.8
5,dbeaver,17.271,query,917031672,2,14.3675,73.0
5,dbeaver,17.521,query,916949752,2,14.5103,57.0
5,dbeaver,17.777,query,873925368,2,14.5222,4.7
5,dbeaver,18.028,query,873057016,2,14.5456,9.4
5,dbeaver,18.283,query,759810832,2,14.6618,45.6
5,dbeaver,18.533,query,740707088,2,14.7301,27.2
5,dbeaver,18.788,query,741051152,2,14.8594,50.9
5,dbeaver,19.044,query,733711120,2,14.9374,30.2
5,dbeaver,19.299,query,733776656,2,15.0243,33.8
5,dbeaver,19.554,query,733694736,2,15.1041,31.4
5,dbeaver,19.809,query,745065232,2,15.2727,66.8
5,dbeaver,20.064,query,745212688,2,15.3904,46.7
5,dbeaver,20.318,query,745376528,2,15.5511,62.0
5,dbeaver,20.570,query,743279376,2,15.5941,17.1
5,dbeaver,20.825,query,743279376,2,15.6764,32.6
5,dbeaver,21.080,query,793021200,2,15.8564,70.2
5,dbeaver,21.336,query,786844432,2,15.9396,32.6
5,dbeaver,21.591,query,786860816,2,15.9979,22.5
5,dbeaver,21.847,query,786926352,2,16.0679,27.7
5,dbeaver,22.102,query,785648400,2,16.1318,25.2
5,dbeaver,22.352,after-query,736545552,2,16.1502,7.5
5,dbeaver,22.606,after-query,736496400,2,16.1603,3.9
5,dbeaver,22.861,after-query,736496400,2,16.1682,3.1
5,dbeaver,23.117,after-query,734055184,2,16.1734,2.0
5,dbeaver,23.370,after-query,722733840,2,16.1873,5.5
5,dbeaver,23.622,after-query,722733840,2,16.1937,2.5
5,dbeaver,23.877,after-query,722733840,2,16.2061,4.9
5,dbeaver,24.130,after-query,722635536,2,16.2127,2.6
5,dbeaver,24.386,after-query,722684688,2,16.2296,6.6
5,dbeaver,24.636,after-query,722684688,2,16.2399,4.2
5,dbeaver,24.892,after-query,722684688,2,16.2511,4.4
5,dbeaver,25.144,after-query,722701072,2,16.2574,2.5
5,dbeaver,25.396,after-query,722701072,2,16.2666,3.6
5,dbeaver,25.648,after-query,722701072,2,16.2764,3.9
5,dbeaver,25.901,after-query,722340600,2,16.2846,3.2
5,dbeaver,26.153,after-query,722340600,2,16.2965,4.7
5,dbeaver,26.405,after-query,722340600,2,16.3049,3.3
5,dbeaver,26.657,after-query,722422520,2,16.3367,12.7
5,dbgate,0.252,launch,9831312,1,0.1053,
5,dbgate,0.507,launch,53152816,3,0.3836,108.2
5,dbgate,0.761,launch,83168376,3,0.5911,81.2
5,dbgate,1.016,settle,212701840,4,0.9611,145.6
5,dbgate,1.271,settle,283236232,5,1.3985,171.5
5,dbgate,1.526,settle,590275608,8,2.3828,384.3
5,dbgate,1.781,settle,608200040,8,2.7273,134.2
5,dbgate,2.036,settle,608183656,8,2.7632,14.0
5,dbgate,2.292,settle,608773480,8,2.8159,20.6
5,dbgate,2.547,settle,606807400,8,2.8685,20.3
5,dbgate,2.799,settle,586278248,8,2.9100,16.6
5,dbgate,3.055,settle,596223336,8,2.9681,22.9
5,dbgate,3.307,settle,596206952,8,2.9810,5.1
5,dbgate,3.562,settle,596206952,8,3.0000,7.4
5,dbgate,3.817,settle,596223336,8,3.0165,6.5
5,dbgate,4.073,settle,591160656,8,3.0367,7.9
5,dbgate,4.328,settle,591144272,8,3.0493,4.9
5,dbgate,4.583,settle,591144272,8,3.0685,7.5
5,dbgate,4.834,settle,581150032,8,3.0813,5.1
5,dbgate,5.089,settle,581182800,8,3.1024,8.3
5,dbgate,5.344,settle,581166416,8,3.1148,4.8
5,dbgate,5.599,settle,581150032,8,3.1321,6.9
5,dbgate,5.853,settle,570664248,8,3.1459,5.3
5,dbgate,6.109,query,570680632,8,3.1596,5.5
5,dbgate,6.362,query,556672312,8,3.1748,5.9
5,dbgate,6.617,query,556426552,8,3.1915,6.5
5,dbgate,6.871,query,519464248,8,3.2086,6.8
5,dbgate,7.126,query,519447864,8,3.2236,6.0
5,dbgate,7.381,query,514024760,8,3.2382,5.7
5,dbgate,7.632,query,514008376,8,3.2524,5.7
5,dbgate,7.887,query,514024760,8,3.2675,5.9
5,dbgate,8.142,query,482452792,8,3.2846,6.7
5,dbgate,8.397,query,482469176,8,3.2995,5.8
5,dbgate,8.653,query,482469176,8,3.3148,6.0
5,dbgate,8.908,query,482485560,8,3.3294,5.7
5,dbgate,9.161,query,482469176,8,3.3436,5.7
5,dbgate,9.417,query,482567504,8,3.3569,5.3
5,dbgate,9.672,query,482583888,8,3.3689,4.7
5,dbgate,9.923,query,482616656,8,3.3794,4.2
5,dbgate,10.178,query,482600272,8,3.3919,4.9
5,dbgate,10.433,query,482616656,8,3.4044,4.9
5,dbgate,10.684,query,482600272,8,3.4177,5.3
5,dbgate,10.939,query,482616656,8,3.4287,4.3
5,dbgate,11.194,query,482600272,8,3.4406,4.7
5,dbgate,11.445,query,482649424,8,3.4533,5.1
5,dbgate,11.695,query,482633040,8,3.4649,4.6
5,dbgate,11.945,query,542532944,8,3.5162,20.0
5,dbgate,12.201,query,606823760,8,3.5844,27.1
5,dbgate,12.452,query,606823760,8,3.5991,5.8
5,dbgate,12.707,query,607642960,8,3.6379,15.5
5,dbgate,12.963,query,608183800,9,3.6897,19.8
5,dbgate,13.218,query,666577360,9,4.0608,148.2
5,dbgate,13.473,query,732326496,9,4.3703,120.6
5,dbgate,13.727,query,733112928,9,4.4103,15.7
5,dbgate,13.982,query,733112928,9,4.4241,5.3
5,dbgate,14.234,query,754199136,9,4.6594,94.5
5,dbgate,14.490,query,763832952,9,4.9527,115.8
5,dbgate,14.745,query,776776312,9,5.1942,94.7
5,dbgate,14.997,query,782658168,9,5.4203,89.5
5,dbgate,15.252,query,792685224,9,5.6545,91.6
5,dbgate,15.503,query,797289128,9,5.9465,117.0
5,dbgate,15.758,query,797338280,9,6.1286,71.5
5,dbgate,16.012,query,807103168,9,6.3295,78.7
5,dbgate,16.267,query,807316160,9,6.4912,63.6
5,dbgate,16.520,query,807971520,9,6.6434,59.9
5,dbgate,16.773,query,808856256,9,6.7797,53.9
5,dbgate,17.027,query,797256384,9,6.8709,36.0
5,dbgate,17.282,query,801598144,9,7.0233,59.6
5,dbgate,17.536,query,806120128,9,7.1829,62.2
5,dbgate,17.792,query,808037056,9,7.2623,31.7
5,dbgate,18.046,query,787245760,9,7.4180,60.1
5,dbgate,18.300,query,790850240,9,7.5659,59.2
5,dbgate,18.552,query,703785664,9,7.6800,44.4
5,dbgate,18.803,query,708209344,9,7.8262,58.4
5,dbgate,19.058,query,711764672,9,7.9769,59.9
5,dbgate,19.313,query,712714944,9,8.0254,18.7
5,dbgate,19.565,after-query,712731328,9,8.0415,6.4
5,dbgate,19.821,after-query,712174272,9,8.0602,7.3
5,dbgate,20.076,after-query,700656320,9,8.0805,7.9
5,dbgate,20.331,after-query,700639936,9,8.0948,5.6
5,dbgate,20.582,after-query,695397056,9,8.1087,5.5
5,dbgate,20.836,after-query,683813544,9,8.1299,8.4
5,dbgate,21.091,after-query,673999528,9,8.1465,6.7
5,dbgate,21.345,after-query,674114216,9,8.1651,7.1
5,dbgate,21.600,after-query,672098984,9,8.1868,8.4
5,dbgate,21.856,after-query,672131752,9,8.2003,5.3
5,dbgate,22.111,after-query,672017064,9,8.2188,7.4
5,dbgate,22.366,after-query,672000680,9,8.2296,4.2
5,dbgate,22.620,after-query,672017064,9,8.2486,7.5
5,dbgate,22.875,after-query,672000680,9,8.2611,4.9
5,dbgate,23.131,after-query,671984296,9,8.2781,6.7
5,dbgate,23.386,after-query,671984296,9,8.2938,6.2
5,dbgate,23.638,after-query,672000680,9,8.3118,7.1
5,dbgate,23.890,after-query,671984296,9,8.3243,4.9
5,pgpad,0.254,launch,25200464,4,0.1648,
5,pgpad,0.505,settle,48122376,4,0.3969,91.2
5,pgpad,0.760,settle,53725896,4,0.5043,42.1
5,pgpad,1.015,settle,231968344,5,0.7937,113.8
5,pgpad,1.270,settle,231755352,5,0.7959,0.9
5,pgpad,1.526,settle,227462744,5,0.8049,3.5
5,pgpad,1.781,settle,222678616,5,0.8269,8.7
5,pgpad,2.032,settle,221335128,5,0.8323,2.1
5,pgpad,2.287,settle,158043736,5,0.8358,1.4
5,pgpad,2.538,settle,157470296,5,0.8369,0.4
5,pgpad,2.793,settle,157306456,5,0.8379,0.4
5,pgpad,3.048,settle,157290072,5,0.8386,0.3
5,pgpad,3.301,settle,157257304,5,0.8394,0.3
5,pgpad,3.556,settle,157191768,5,0.8399,0.2
5,pgpad,3.808,settle,157191768,5,0.8402,0.1
5,pgpad,4.061,settle,157191768,5,0.8405,0.1
5,pgpad,4.315,settle,157191768,5,0.8408,0.1
5,pgpad,4.570,settle,157191768,5,0.8411,0.1
5,pgpad,4.825,settle,157191768,5,0.8411,0.0
5,pgpad,5.077,settle,157191768,5,0.8411,0.0
5,pgpad,5.332,settle,157191768,5,0.8416,0.2
5,pgpad,5.587,query,156896856,5,0.8472,2.2
5,pgpad,5.838,query,156896856,5,0.8474,0.1
5,pgpad,6.094,query,156765784,5,0.8483,0.4
5,pgpad,6.349,query,156765784,5,0.8484,0.0
5,pgpad,6.604,query,156667480,5,0.8490,0.2
5,pgpad,6.858,query,156667480,5,0.8493,0.1
5,pgpad,7.112,query,156667480,5,0.8493,0.0
5,pgpad,7.363,query,156667480,5,0.8493,0.0
5,pgpad,7.618,query,156552792,5,0.8494,0.0
5,pgpad,7.873,query,156552792,5,0.8494,0.0
5,pgpad,8.128,query,156552792,5,0.8494,0.0
5,pgpad,8.384,query,156552792,5,0.8494,0.0
5,pgpad,8.638,query,156552792,5,0.8495,0.0
5,pgpad,8.893,query,156323416,5,0.8591,3.8
5,pgpad,9.148,query,156323416,5,0.8644,2.1
5,pgpad,9.403,query,156323416,5,0.8652,0.3
5,pgpad,9.658,query,156323416,5,0.8660,0.3
5,pgpad,9.913,query,156323416,5,0.8667,0.3
5,pgpad,10.168,query,156323416,5,0.8672,0.2
5,pgpad,10.421,query,156323416,5,0.8674,0.1
5,pgpad,10.673,query,231804504,5,0.9022,13.8
5,pgpad,10.928,query,292146872,5,1.0200,46.6
5,pgpad,11.183,query,284937912,5,1.0241,1.5
5,pgpad,11.435,query,284970680,5,1.0290,2.0
5,pgpad,11.690,query,284790456,5,1.0315,1.0
5,pgpad,11.945,query,295112376,5,1.0842,20.6
5,pgpad,12.200,query,248172840,6,1.1936,42.8
5,pgpad,12.455,query,261673256,6,1.2208,10.9
5,pgpad,12.708,query,270635304,6,1.2587,14.8
5,pgpad,12.962,query,264556840,6,1.2663,3.0
5,pgpad,13.217,query,264540456,6,1.2692,1.1
5,pgpad,13.472,query,263557416,6,1.2953,10.3
5,pgpad,13.728,query,254988584,6,1.3205,9.9
5,pgpad,13.982,query,216600872,6,1.3258,2.1
5,pgpad,14.237,query,313217368,6,1.5722,97.5
5,pgpad,14.492,query,370250120,6,1.6365,24.7
5,pgpad,14.746,query,370250120,6,1.6396,1.2
5,pgpad,15.001,query,366596488,6,1.6530,5.2
5,pgpad,15.253,query,365777288,6,1.6545,0.6
5,pgpad,15.508,query,294818184,6,1.6647,4.0
5,pgpad,15.762,query,262394248,6,1.6700,2.1
5,pgpad,16.017,query,262410632,6,1.6803,4.0
5,pgpad,16.270,query,348426632,6,1.7234,17.0
5,pgpad,16.525,query,388288928,6,1.7897,26.2
5,pgpad,16.780,query,388403616,6,1.8207,12.1
5,pgpad,17.035,query,388272544,6,1.8940,29.0
5,pgpad,17.290,query,397021600,6,1.9424,18.8
5,pgpad,17.545,query,397332896,6,2.0004,22.6
5,pgpad,17.800,query,397300128,6,2.0056,2.1
5,pgpad,18.055,query,398021024,6,2.0636,22.7
5,pgpad,18.310,after-query,381243808,6,2.0961,12.9
5,pgpad,18.562,after-query,381178272,6,2.1009,1.9
5,pgpad,18.813,after-query,381047200,6,2.1045,1.4
5,pgpad,19.068,after-query,379851168,6,2.1067,0.9
5,pgpad,19.319,after-query,261525920,6,2.1099,1.2
5,pgpad,19.570,after-query,261427616,6,2.1111,0.5
5,pgpad,19.821,after-query,261411232,6,2.1116,0.2
5,pgpad,20.076,after-query,261411232,6,2.1124,0.3
5,pgpad,20.328,after-query,261378464,6,2.1133,0.4
5,pgpad,20.579,after-query,261312928,6,2.1138,0.2
5,pgpad,20.834,after-query,261231008,6,2.1145,0.3
5,pgpad,21.089,after-query,261263776,6,2.1195,2.0
5,pgpad,21.344,after-query,261263776,6,2.1202,0.3
5,pgpad,21.597,after-query,261181856,6,2.1212,0.4
5,pgpad,21.849,after-query,261181856,6,2.1221,0.3
5,pgpad,22.104,after-query,261181856,6,2.1227,0.3
5,pgpad,22.359,after-query,261181856,6,2.1234,0.3
5,pgpad,22.614,after-query,261181856,6,2.1235,0.0
5,pgpad,22.869,after-query,261181856,6,2.1235,0.0
5,pgpad,23.124,after-query,261116320,6,2.1239,0.2
5,pgpad,23.379,after-query,261116320,6,2.1239,0.0
6,dbeaver,0.255,launch,37585832,1,0.1853,
6,dbeaver,0.510,launch,96289776,1,0.8507,256.9
6,dbeaver,0.765,launch,120079392,1,1.4157,221.8
6,dbeaver,1.020,launch,159499344,1,2.1826,301.4
6,dbeaver,1.276,launch,178767144,1,2.8329,254.2
6,dbeaver,1.531,launch,214582640,1,3.6951,338.9
6,dbeaver,1.785,launch,251086216,1,4.1196,168.8
6,dbeaver,2.041,launch,272844192,1,4.8427,278.6
6,dbeaver,2.296,launch,291308960,1,5.7907,373.2
6,dbeaver,2.551,launch,320062928,1,6.8527,416.0
6,dbeaver,2.806,launch,333596112,1,7.5968,290.5
6,dbeaver,3.061,launch,341559120,1,8.2765,264.9
6,dbeaver,3.315,launch,628443560,2,9.0688,314.4
6,dbeaver,3.570,settle,849873560,2,9.9669,353.3
6,dbeaver,3.825,settle,983812784,2,10.6993,284.6
6,dbeaver,4.081,settle,1046104752,2,10.9184,86.2
6,dbeaver,4.336,settle,1042238128,2,11.4790,218.6
6,dbeaver,4.591,settle,985385648,2,11.5208,16.3
6,dbeaver,4.845,settle,875154096,2,11.5631,16.7
6,dbeaver,5.100,settle,841927344,2,11.5818,7.3
6,dbeaver,5.355,settle,743017136,2,11.5984,6.6
6,dbeaver,5.610,settle,743033520,2,11.6106,4.7
6,dbeaver,5.865,settle,731941552,2,11.6214,4.2
6,dbeaver,6.121,settle,731941552,2,11.6371,6.2
6,dbeaver,6.375,settle,731941552,2,11.6479,4.2
6,dbeaver,6.629,settle,731941552,2,11.6619,5.5
6,dbeaver,6.884,settle,731941552,2,11.6704,3.3
6,dbeaver,7.139,settle,732023472,2,11.6939,9.4
6,dbeaver,7.391,settle,732023472,2,11.7024,3.4
6,dbeaver,7.642,settle,732023472,2,11.7158,5.4
6,dbeaver,7.895,settle,731941552,2,11.7239,3.1
6,dbeaver,8.149,settle,731859632,2,11.7340,3.9
6,dbeaver,8.404,query,731859632,2,11.7440,4.1
6,dbeaver,8.656,query,731777712,2,11.7502,2.4
6,dbeaver,8.908,query,731630256,2,11.7633,5.2
6,dbeaver,9.163,query,731646640,2,11.7747,4.4
6,dbeaver,9.418,query,731646640,2,11.7857,4.4
6,dbeaver,9.673,query,731646640,2,11.7916,2.3
6,dbeaver,9.924,query,731646640,2,11.8035,4.9
6,dbeaver,10.179,query,731646640,2,11.8085,1.9
6,dbeaver,10.434,query,731646640,2,11.8165,3.1
6,dbeaver,10.690,query,731646640,2,11.8324,6.3
6,dbeaver,10.945,query,731646640,2,11.8385,2.4
6,dbeaver,11.200,query,731646640,2,11.8501,4.5
6,dbeaver,11.455,query,731679408,2,11.8621,4.8
6,dbeaver,11.710,query,731679408,2,11.8747,5.1
6,dbeaver,11.961,query,731679408,2,11.8795,1.9
6,dbeaver,12.211,query,731679408,2,11.8869,3.0
6,dbeaver,12.466,query,731679408,2,11.8921,2.0
6,dbeaver,12.722,query,731712176,2,11.9013,3.7
6,dbeaver,12.976,query,731712176,2,11.9068,2.1
6,dbeaver,13.228,query,731712176,2,11.9121,2.1
6,dbeaver,13.483,query,731794072,2,11.9359,9.3
6,dbeaver,13.738,query,731826840,2,11.9517,6.1
6,dbeaver,13.990,query,770738840,2,12.0326,33.0
6,dbeaver,14.245,query,813189784,2,12.1593,49.3
6,dbeaver,14.497,query,814008984,2,12.3052,57.4
6,dbeaver,14.753,query,773311128,2,12.3284,9.1
6,dbeaver,15.005,query,773327512,2,12.3492,8.2
6,dbeaver,15.260,query,773343896,2,12.3617,4.9
6,dbeaver,15.515,query,772819608,2,12.4005,15.1
6,dbeaver,15.770,query,732400280,2,12.4091,3.4
6,dbeaver,16.025,query,732334744,2,12.4177,3.4
6,dbeaver,16.280,query,822594200,2,12.8517,170.9
6,dbeaver,16.534,query,984205976,2,13.5062,258.0
6,dbeaver,16.789,query,960645760,2,13.9864,186.9
6,dbeaver,17.044,query,963201664,2,14.1214,53.6
6,dbeaver,17.299,query,961563264,2,14.1967,28.9
6,dbeaver,17.554,query,879774336,2,14.2050,3.3
6,dbeaver,17.809,query,879364760,2,14.2522,18.6
6,dbeaver,18.064,query,767150744,2,14.3917,54.6
6,dbeaver,18.319,query,747588248,2,14.4505,23.1
6,dbeaver,18.574,query,755108504,2,14.5816,50.9
6,dbeaver,18.829,query,752781976,2,14.6900,43.4
6,dbeaver,19.084,query,752847512,2,14.7735,32.3
6,dbeaver,19.339,query,752896664,2,14.8930,46.6
6,dbeaver,19.594,query,764267160,2,15.0267,52.5
6,dbeaver,19.849,query,764398232,2,15.1505,48.5
6,dbeaver,20.105,query,763267736,2,15.2685,45.9
6,dbeaver,20.356,query,763284120,2,15.3499,32.9
6,dbeaver,20.612,query,788105880,2,15.5233,67.7
6,dbeaver,20.867,query,803244696,2,15.5964,28.3
6,dbeaver,21.118,query,801196696,2,15.7050,44.2
6,dbeaver,21.369,query,797035160,2,15.7499,17.8
6,dbeaver,21.622,query,795822744,2,15.8034,21.1
6,dbeaver,21.877,query,746670744,2,15.8651,24.2
6,dbeaver,22.132,query,746670744,2,15.8743,3.7
6,dbeaver,22.387,after-query,746736280,2,15.8991,9.5
6,dbeaver,22.642,after-query,744278680,2,15.9056,2.5
6,dbeaver,22.897,after-query,732957336,2,15.9172,4.6
6,dbeaver,23.153,after-query,732957336,2,15.9273,4.0
6,dbeaver,23.408,after-query,732957336,2,15.9351,3.0
6,dbeaver,23.659,after-query,732859032,2,15.9457,4.3
6,dbeaver,23.914,after-query,732859032,2,15.9575,4.6
6,dbeaver,24.169,after-query,732875416,2,15.9691,4.5
6,dbeaver,24.425,after-query,732875416,2,15.9784,3.6
6,dbeaver,24.680,after-query,732924568,2,15.9957,6.8
6,dbeaver,24.935,after-query,732924568,2,16.0058,4.0
6,dbeaver,25.190,after-query,732940952,2,16.0159,4.0
6,dbeaver,25.445,after-query,732596888,2,16.0249,3.5
6,dbeaver,25.695,after-query,731351704,2,16.0389,5.6
6,dbeaver,25.947,after-query,731351704,2,16.0473,3.3
6,dbeaver,26.200,after-query,731368088,2,16.0645,6.8
6,dbeaver,26.452,after-query,731368088,2,16.0770,5.1
6,pgadmin,0.250,launch,10355672,1,0.1108,
6,pgadmin,0.505,launch,44009872,3,0.3544,94.3
6,pgadmin,0.760,launch,143381688,5,0.8047,176.5
6,pgadmin,1.015,launch,157422824,5,1.0350,90.7
6,pgadmin,1.270,launch,168367336,5,1.2628,89.3
6,pgadmin,1.525,launch,178361576,5,1.4987,92.6
6,pgadmin,1.778,launch,189846784,5,1.7230,88.0
6,pgadmin,2.028,launch,208950552,5,1.9618,95.9
6,pgadmin,2.283,launch,219354392,5,2.2023,93.9
6,pgadmin,2.538,launch,228185560,6,2.4422,94.7
6,pgadmin,2.790,launch,252860152,6,2.9195,190.1
6,pgadmin,3.045,launch,236148040,5,2.8958,90.9
6,pgadmin,3.300,launch,246551904,5,3.1395,95.7
6,pgadmin,3.555,launch,256316768,5,3.3923,99.1
6,pgadmin,3.806,launch,263361888,5,3.5961,81.0
6,pgadmin,4.061,launch,263361888,5,3.5961,0.0
6,pgadmin,4.317,launch,266966584,6,3.6998,41.1
6,pgadmin,4.567,settle,320673312,5,4.1060,203.6
6,pgadmin,4.820,settle,448583296,5,4.4532,135.9
6,pgadmin,5.073,settle,498521800,5,4.8297,151.9
6,pgadmin,5.328,settle,703813632,5,5.3896,215.8
6,pgadmin,5.581,settle,683317416,5,5.6899,116.7
6,pgadmin,5.837,settle,698800392,5,5.9657,109.5
6,pgadmin,6.089,settle,805493024,5,6.1744,81.9
6,pgadmin,6.344,settle,806787552,6,6.2634,35.5
6,pgadmin,6.598,settle,816913296,6,6.3842,47.0
6,pgadmin,6.851,settle,816962424,6,6.4146,12.2
6,pgadmin,7.102,settle,812637072,6,6.4418,10.7
6,pgadmin,7.357,settle,801856400,6,6.4796,14.8
6,pgadmin,7.612,settle,778476432,6,6.5159,14.4
6,pgadmin,7.867,settle,778541968,6,6.5489,12.9
6,pgadmin,8.123,settle,778918776,6,6.6137,25.1
6,pgadmin,8.376,settle,779000696,6,6.6423,11.3
6,pgadmin,8.631,settle,779131768,6,6.6801,14.8
6,pgadmin,8.884,settle,779197304,6,6.7070,10.6
6,pgadmin,9.138,settle,779311992,6,6.7408,13.3
6,pgadmin,9.389,settle,779377528,6,6.7669,10.7
6,pgadmin,9.641,query,779574136,6,6.7883,8.5
6,pgadmin,9.896,query,779672440,6,6.8227,13.2
6,pgadmin,10.151,query,781867896,6,6.8945,28.6
6,pgadmin,10.406,query,782015352,6,6.9243,11.4
6,pgadmin,10.661,query,782195600,6,6.9558,12.6
6,pgadmin,10.912,query,782343056,6,6.9815,10.2
6,pgadmin,11.166,query,616995728,6,7.0227,16.0
6,pgadmin,11.421,query,616995728,6,7.0563,12.9
6,pgadmin,11.677,query,617110416,6,7.0971,16.3
6,pgadmin,11.931,query,617405328,6,7.1645,26.8
6,pgadmin,12.185,query,617601936,6,7.1950,12.1
6,pgadmin,12.440,query,617733008,6,7.2300,13.7
6,pgadmin,12.695,query,617913232,6,7.2658,14.3
6,pgadmin,12.948,query,618027920,6,7.2929,10.7
6,pgadmin,13.203,query,618158992,6,7.3165,9.3
6,pgadmin,13.456,query,618322832,6,7.3403,9.4
6,pgadmin,13.711,query,618453904,6,7.3652,9.8
6,pgadmin,13.965,query,619928488,6,7.4143,19.3
6,pgadmin,14.220,query,620059560,6,7.4423,11.0
6,pgadmin,14.473,query,620223400,6,7.4671,9.9
6,pgadmin,14.728,query,620387240,6,7.4984,12.2
6,pgadmin,14.981,query,620518312,6,7.5225,9.5
6,pgadmin,15.236,query,620633000,6,7.5526,11.8
6,pgadmin,15.491,query,620780456,6,7.5810,11.1
6,pgadmin,15.743,query,652647360,6,7.6729,36.8
6,pgadmin,15.994,query,726064040,6,8.1671,194.3
6,pgadmin,16.249,query,726866856,6,8.2115,17.5
6,pgadmin,16.502,query,726883240,6,8.2415,11.8
6,pgadmin,16.757,query,726916008,6,8.2681,10.3
6,pgadmin,17.009,query,726948776,6,8.2921,9.6
6,pgadmin,17.260,query,724868008,6,8.3170,9.8
6,pgadmin,17.515,query,807902168,6,8.5522,92.8
6,pgadmin,17.768,query,810785752,6,8.7438,75.5
6,pgadmin,18.023,query,818076608,6,8.8979,60.0
6,pgadmin,18.278,query,820779968,6,9.0070,42.7
6,pgadmin,18.531,query,828447728,6,9.1877,72.7
6,pgadmin,18.785,query,837901320,6,9.3519,63.5
6,pgadmin,19.039,query,845683720,6,9.4278,29.5
6,pgadmin,19.294,query,860396576,6,9.6294,81.3
6,pgadmin,19.549,query,868244512,6,9.7617,51.4
6,pgadmin,19.802,query,876223520,6,9.9400,71.0
6,pgadmin,20.057,query,890706976,6,10.1202,70.4
6,pgadmin,20.311,query,898849824,6,10.2220,40.0
6,pgadmin,20.565,query,904567864,6,10.3520,51.2
6,pgadmin,20.816,query,915922000,6,10.5179,67.4
6,pgadmin,21.071,query,910269520,6,10.6767,62.0
6,pgadmin,21.326,query,918920272,6,10.7900,44.2
6,pgadmin,21.580,query,927587408,6,10.9602,66.2
6,pgadmin,21.835,query,934747216,6,11.0693,43.2
6,pgadmin,22.090,query,940432464,6,11.2336,64.9
6,pgadmin,22.344,query,950721616,6,11.3783,56.2
6,pgadmin,22.596,query,942971984,6,11.4752,38.5
6,pgadmin,22.851,query,940547152,6,11.5019,10.4
6,pgadmin,23.101,after-query,940596304,6,11.5306,11.5
6,pgadmin,23.353,after-query,940694608,6,11.5584,10.9
6,pgadmin,23.608,after-query,931306576,6,11.5856,10.7
6,pgadmin,23.862,after-query,905190432,6,11.6413,22.2
6,pgadmin,24.115,after-query,905272352,6,11.6633,8.6
6,pgadmin,24.371,after-query,905321504,6,11.6851,8.7
6,pgadmin,24.626,after-query,905419808,6,11.7103,9.8
6,pgadmin,24.881,after-query,903879712,6,11.7358,10.1
6,pgadmin,25.136,after-query,903961632,6,11.7591,9.0
6,pgadmin,25.391,after-query,904027168,6,11.7817,9.1
6,pgadmin,25.644,after-query,904125472,6,11.8048,8.9
6,pgadmin,25.899,after-query,904453152,6,11.8563,20.4
6,pgadmin,26.154,after-query,904535072,6,11.8743,7.0
6,pgadmin,26.408,after-query,904584224,6,11.8949,8.0
6,pgadmin,26.660,after-query,904567840,6,11.9154,8.2
6,pgadmin,26.912,after-query,904616992,6,11.9365,8.3
6,pgadmin,27.167,after-query,904715296,6,11.9563,8.0
6,pgadmin,27.419,after-query,863624224,6,11.9793,9.1
6,pgpad,0.255,launch,16958424,1,0.1313,
6,pgpad,0.510,settle,48056840,4,0.3977,102.7
6,pgpad,0.765,settle,49990272,4,0.4831,33.5
6,pgpad,1.020,settle,232050336,5,0.7952,121.9
6,pgpad,1.276,settle,231853728,5,0.7967,0.6
6,pgpad,1.531,settle,227856032,5,0.8051,3.3
6,pgpad,1.786,settle,225775264,5,0.8296,9.6
6,pgpad,2.039,settle,203476640,5,0.8346,2.0
6,pgpad,2.291,settle,157879968,5,0.8394,1.9
6,pgpad,2.546,settle,157552288,5,0.8405,0.4
6,pgpad,2.801,settle,157306528,5,0.8415,0.4
6,pgpad,3.054,settle,157257376,5,0.8419,0.2
6,pgpad,3.310,settle,157224608,5,0.8426,0.3
6,pgpad,3.565,settle,157175456,5,0.8431,0.2
6,pgpad,3.820,settle,157175456,5,0.8433,0.1
6,pgpad,4.075,settle,157175456,5,0.8437,0.1
6,pgpad,4.330,settle,157175456,5,0.8441,0.2
6,pgpad,4.583,settle,157175456,5,0.8443,0.1
6,pgpad,4.838,settle,157175456,5,0.8443,0.0
6,pgpad,5.093,settle,157175456,5,0.8443,0.0
6,pgpad,5.346,settle,157175456,5,0.8449,0.2
6,pgpad,5.599,query,156962464,5,0.8506,2.3
6,pgpad,5.853,query,156962464,5,0.8508,0.1
6,pgpad,6.108,query,156864160,5,0.8513,0.2
6,pgpad,6.361,query,156831392,5,0.8514,0.1
6,pgpad,6.616,query,156733088,5,0.8519,0.2
6,pgpad,6.870,query,156733088,5,0.8521,0.1
6,pgpad,7.121,query,156733088,5,0.8522,0.0
6,pgpad,7.376,query,156618400,5,0.8524,0.1
6,pgpad,7.627,query,156618400,5,0.8524,0.0
6,pgpad,7.881,query,156618400,5,0.8524,0.0
6,pgpad,8.136,query,156618400,5,0.8524,0.0
6,pgpad,8.391,query,156618400,5,0.8524,0.0
6,pgpad,8.646,query,156618400,5,0.8524,0.0
6,pgpad,8.901,query,156520096,5,0.8648,4.9
6,pgpad,9.153,query,156520096,5,0.8691,1.7
6,pgpad,9.408,query,156520096,5,0.8705,0.5
6,pgpad,9.663,query,156487328,5,0.8717,0.4
6,pgpad,9.916,query,156487328,5,0.8721,0.2
6,pgpad,10.170,query,156470944,5,0.8730,0.3
6,pgpad,10.424,query,156421792,5,0.8733,0.1
6,pgpad,10.678,query,227987128,5,0.9159,16.7
6,pgpad,10.933,query,284888880,5,1.0474,50.8
6,pgpad,11.188,query,284135216,5,1.0515,1.7
6,pgpad,11.440,query,284151600,5,1.0556,1.6
6,pgpad,11.696,query,283971376,5,1.0574,0.7
6,pgpad,11.952,query,234164016,5,1.1114,21.1
6,pgpad,12.207,query,244044192,6,1.2460,53.0
6,pgpad,12.457,query,257708448,6,1.2730,10.7
6,pgpad,12.712,query,250433952,6,1.2868,5.3
6,pgpad,12.968,query,263000504,6,1.3381,20.4
6,pgpad,13.223,query,262984120,6,1.3404,0.9
6,pgpad,13.478,query,262017464,6,1.3637,9.2
6,pgpad,13.728,query,262083000,6,1.3878,9.7
6,pgpad,13.984,query,220484024,6,1.3916,1.5
6,pgpad,14.234,query,287445432,6,1.4998,43.4
6,pgpad,14.489,query,358863336,6,1.6541,59.7
6,pgpad,14.740,query,351572456,6,1.6560,0.8
6,pgpad,14.993,query,349868520,6,1.6689,5.1
6,pgpad,15.248,query,349393384,6,1.6720,1.2
6,pgpad,15.499,query,276500968,6,1.6841,4.8
6,pgpad,15.752,query,259658216,6,1.6890,1.9
6,pgpad,16.007,query,258822632,6,1.6973,3.3
6,pgpad,16.263,query,340824552,6,1.7423,17.7
6,pgpad,16.515,query,388747776,6,1.8138,28.3
6,pgpad,16.769,query,388829696,6,1.8367,9.1
6,pgpad,17.019,query,389599744,6,1.9171,32.2
6,pgpad,17.270,query,389648896,6,1.9445,10.8
6,pgpad,17.525,query,396055040,6,2.0140,27.5
6,pgpad,17.780,query,396038656,6,2.0159,0.7
6,pgpad,18.036,query,396022272,6,2.0429,10.5
6,pgpad,18.291,after-query,382718464,6,2.1135,28.1
6,pgpad,18.541,after-query,380178944,6,2.1164,1.2
6,pgpad,18.796,after-query,380146176,6,2.1219,2.1
6,pgpad,19.051,after-query,379146752,6,2.1237,0.7
6,pgpad,19.303,after-query,352276992,6,2.1262,1.0
6,pgpad,19.558,after-query,262328832,6,2.1280,0.7
6,pgpad,19.812,after-query,262312448,6,2.1288,0.3
6,pgpad,20.067,after-query,262312448,6,2.1299,0.4
6,pgpad,20.322,after-query,262279680,6,2.1308,0.3
6,pgpad,20.576,after-query,262181376,6,2.1316,0.3
6,pgpad,20.831,after-query,262164992,6,2.1318,0.1
6,pgpad,21.083,after-query,262246912,6,2.1365,1.9
6,pgpad,21.335,after-query,262246912,6,2.1371,0.2
6,pgpad,21.586,after-query,262246912,6,2.1378,0.3
6,pgpad,21.841,after-query,262246912,6,2.1386,0.3
6,pgpad,22.096,after-query,262246912,6,2.1395,0.3
6,pgpad,22.349,after-query,262246912,6,2.1401,0.3
6,pgpad,22.605,after-query,262246912,6,2.1405,0.2
6,pgpad,22.860,after-query,262164992,6,2.1409,0.1
6,pgpad,23.111,after-query,262164992,6,2.1409,0.0
6,pgpad,23.365,after-query,262164992,6,2.1409,0.0
6,pgpad,23.620,after-query,262050304,6,2.1412,0.1
6,dbgate,0.254,launch,8979344,1,0.1009,
6,dbgate,0.510,launch,52071400,3,0.3693,104.0
6,dbgate,0.764,launch,81087584,3,0.5849,84.4
6,dbgate,1.020,settle,210899624,4,0.9608,146.7
6,dbgate,1.273,settle,289249112,5,1.3730,163.6
6,dbgate,1.528,settle,595518008,7,2.3527,383.4
6,dbgate,1.784,settle,621356464,8,2.7498,153.9
6,dbgate,2.039,settle,623519152,8,2.8004,19.7
6,dbgate,2.294,settle,623699376,8,2.8473,18.3
6,dbgate,2.545,settle,621651376,8,2.9026,21.9
6,dbgate,2.800,settle,600712624,8,2.9507,19.4
6,dbgate,3.056,settle,610706864,8,3.0095,22.6
6,dbgate,3.308,settle,610690480,8,3.0216,4.8
6,dbgate,3.563,settle,610690480,8,3.0389,6.7
6,dbgate,3.814,settle,610706864,8,3.0508,4.8
6,dbgate,4.069,settle,605775280,8,3.0657,6.0
6,dbgate,4.324,settle,605758896,8,3.0775,4.5
6,dbgate,4.579,settle,605758896,8,3.0963,7.4
6,dbgate,4.832,settle,595764656,8,3.1092,5.1
6,dbgate,5.087,settle,595781040,8,3.1297,7.9
6,dbgate,5.340,settle,595764656,8,3.1406,4.4
6,dbgate,5.595,settle,595715504,8,3.1593,7.2
6,dbgate,5.849,settle,595715504,8,3.1721,5.1
6,dbgate,6.104,query,584803760,8,3.1913,7.7
6,dbgate,6.359,query,584738224,8,3.2097,7.1
6,dbgate,6.615,query,560162224,8,3.2321,8.6
6,dbgate,6.870,query,515810736,8,3.2497,6.9
6,dbgate,7.125,query,512714160,8,3.2655,6.2
6,dbgate,7.380,query,512730544,8,3.2818,6.3
6,dbgate,7.635,query,512746928,8,3.2975,6.2
6,dbgate,7.891,query,512763312,8,3.3124,5.8
6,dbgate,8.144,query,481224112,8,3.3297,6.9
6,dbgate,8.399,query,481224112,8,3.3458,6.3
6,dbgate,8.655,query,481207728,8,3.3604,5.7
6,dbgate,8.910,query,481240496,8,3.3727,4.9
6,dbgate,9.162,query,481224112,8,3.3870,5.6
6,dbgate,9.416,query,481289648,8,3.4000,5.3
6,dbgate,9.671,query,481273264,8,3.4108,4.2
6,dbgate,9.925,query,481289648,8,3.4246,5.4
6,dbgate,10.180,query,481273264,8,3.4380,5.3
6,dbgate,10.432,query,481289648,8,3.4511,5.3
6,dbgate,10.687,query,481273264,8,3.4633,4.7
6,dbgate,10.942,query,481289648,8,3.4758,4.9
6,dbgate,11.197,query,481256880,8,3.4891,5.2
6,dbgate,11.448,query,481306032,8,3.5018,5.1
6,dbgate,11.703,query,481289648,8,3.5140,4.7
6,dbgate,11.958,query,544269744,8,3.5657,20.3
6,dbgate,12.213,query,600974768,8,3.6334,26.4
6,dbgate,12.468,query,600942000,8,3.6453,4.7
6,dbgate,12.724,query,601515440,8,3.6880,16.6
6,dbgate,12.979,query,601679280,8,3.7146,10.5
6,dbgate,13.231,query,659532312,9,4.0141,120.4
6,dbgate,13.483,query,716630672,9,4.3406,128.8
6,dbgate,13.735,query,723348112,9,4.3898,19.5
6,dbgate,13.991,query,723331728,9,4.4039,5.5
6,dbgate,14.246,query,733276840,9,4.6638,102.2
6,dbgate,14.499,query,753920728,9,4.8969,93.2
6,dbgate,14.752,query,759999192,9,5.2089,122.3
6,dbgate,15.005,query,760015576,9,5.4022,76.6
6,dbgate,15.258,query,764799728,9,5.6479,97.1
6,dbgate,15.509,query,776235784,9,5.8970,98.0
6,dbgate,15.764,query,779807496,9,6.0768,70.8
6,dbgate,16.018,query,784804616,9,6.2634,73.4
6,dbgate,16.273,query,789834504,9,6.4314,66.1
6,dbgate,16.528,query,795896584,9,6.5966,64.9
6,dbgate,16.784,query,799697672,9,6.7170,47.2
6,dbgate,17.039,query,800697096,9,6.8349,45.5
6,dbgate,17.290,query,804104968,9,6.9856,60.9
6,dbgate,17.545,query,807627528,9,7.1294,56.7
6,dbgate,17.796,query,809577224,9,7.2306,40.3
6,dbgate,18.049,query,783887112,9,7.3860,60.8
6,dbgate,18.300,query,783592224,9,7.6268,96.6
6,dbgate,18.553,query,727296800,9,7.7236,38.5
6,dbgate,18.807,query,714386208,9,7.8813,61.7
6,dbgate,19.063,query,714468128,9,8.0053,48.7
6,dbgate,19.318,query,714517280,9,8.0694,24.9
6,dbgate,19.573,after-query,701016864,9,8.0879,7.2
6,dbgate,19.827,after-query,700476192,9,8.1071,7.5
6,dbgate,20.079,after-query,698034976,9,8.1241,6.8
6,dbgate,20.334,after-query,698018592,9,8.1389,5.8
6,dbgate,20.590,after-query,693300000,9,8.1528,5.4
6,dbgate,20.845,after-query,693267232,9,8.1704,6.9
6,dbgate,21.100,after-query,684600048,9,8.1876,6.9
6,dbgate,21.355,after-query,684681968,9,8.2049,6.6
6,dbgate,21.607,after-query,684288752,9,8.2244,7.8
6,dbgate,21.862,after-query,673540848,9,8.2476,9.2
6,dbgate,22.117,after-query,673524464,9,8.2597,4.8
6,dbgate,22.372,after-query,673508080,9,8.2743,5.7
6,dbgate,22.624,after-query,673508080,9,8.2894,6.0
6,dbgate,22.880,after-query,673508080,9,8.3063,6.6
6,dbgate,23.135,after-query,673491696,9,8.3236,6.8
6,dbgate,23.390,after-query,673508080,9,8.3388,5.9
6,dbgate,23.643,after-query,673524464,9,8.3560,6.8
6,dbgate,23.899,after-query,673508080,9,8.3705,5.7
7,dbeaver,0.254,launch,20005776,1,0.1063,
7,dbeaver,0.509,launch,65012720,1,0.5299,163.8
7,dbeaver,0.764,launch,106824736,1,1.1129,229.3
7,dbeaver,1.019,launch,139117648,1,1.6688,218.6
7,dbeaver,1.271,launch,159745104,1,2.2735,238.5
7,dbeaver,1.523,launch,193758576,1,2.9521,269.6
7,dbeaver,1.778,launch,226706848,1,3.7577,316.9
7,dbeaver,2.033,launch,257066448,1,4.2077,175.7
7,dbeaver,2.288,launch,273155536,1,4.9435,289.5
7,dbeaver,2.541,launch,282756584,1,5.7762,328.5
7,dbeaver,2.796,launch,293438952,1,6.6931,364.2
7,dbeaver,3.051,launch,310150632,1,7.4722,301.1
7,dbeaver,3.306,launch,319718888,1,8.2544,306.4
7,dbeaver,3.561,launch,375146416,1,9.0170,300.0
7,dbeaver,3.816,settle,846269128,2,9.7393,280.5
7,dbeaver,4.071,settle,916228832,2,10.5178,306.0
7,dbeaver,4.327,settle,982289144,2,10.8427,127.4
7,dbeaver,4.582,settle,1044433680,2,11.7428,354.4
7,dbeaver,4.837,settle,1042385680,2,11.7852,16.3
7,dbeaver,5.092,settle,967084816,2,11.8200,13.9
7,dbeaver,5.347,settle,850250512,2,11.8517,12.2
7,dbeaver,5.603,settle,850250512,2,11.8629,4.5
7,dbeaver,5.858,settle,751291152,2,11.8824,7.5
7,dbeaver,6.113,settle,742542096,2,11.8903,3.1
7,dbeaver,6.368,settle,742558480,2,11.9106,7.9
7,dbeaver,6.624,settle,742574864,2,11.9192,3.4
7,dbeaver,6.875,settle,742574864,2,11.9280,3.5
7,dbeaver,7.126,settle,742656784,2,11.9479,8.0
7,dbeaver,7.381,settle,742656784,2,11.9571,3.7
7,dbeaver,7.636,settle,742656784,2,11.9671,3.8
7,dbeaver,7.891,settle,742656784,2,11.9773,4.0
7,dbeaver,8.142,settle,742656784,2,11.9933,6.5
7,dbeaver,8.397,settle,742607632,2,12.0031,3.8
7,dbeaver,8.652,settle,742476560,2,12.0187,6.1
7,dbeaver,8.907,query,742427408,2,12.0259,2.9
7,dbeaver,9.160,query,742427408,2,12.0386,5.0
7,dbeaver,9.415,query,742411024,2,12.0454,2.7
7,dbeaver,9.670,query,742411024,2,12.0529,2.9
7,dbeaver,9.926,query,742427408,2,12.0685,6.1
7,dbeaver,10.181,query,742427408,2,12.0747,2.4
7,dbeaver,10.436,query,742427408,2,12.0858,4.4
7,dbeaver,10.691,query,742427408,2,12.0928,2.8
7,dbeaver,10.946,query,742427408,2,12.1057,5.1
7,dbeaver,11.201,query,742427408,2,12.1145,3.5
7,dbeaver,11.453,query,742624016,2,12.1394,9.9
7,dbeaver,11.708,query,742656784,2,12.1544,5.8
7,dbeaver,11.961,query,742656784,2,12.1659,4.6
7,dbeaver,12.217,query,742656784,2,12.1728,2.7
7,dbeaver,12.472,query,742656784,2,12.1805,3.0
7,dbeaver,12.726,query,742656784,2,12.1894,3.5
7,dbeaver,12.977,query,742656784,2,12.1957,2.5
7,dbeaver,13.228,query,742656784,2,12.2061,4.2
7,dbeaver,13.483,query,742656784,2,12.2111,2.0
7,dbeaver,13.738,query,742656784,2,12.2188,3.0
7,dbeaver,13.993,query,742787832,2,12.2465,10.6
7,dbeaver,14.249,query,781667064,2,12.3208,29.3
7,dbeaver,14.504,query,781667064,2,12.3351,5.6
7,dbeaver,14.759,query,781241080,2,12.4660,51.5
7,dbeaver,15.011,query,784157432,2,12.6491,73.4
7,dbeaver,15.265,query,784009976,2,12.6774,11.1
7,dbeaver,15.520,query,784009976,2,12.6902,4.9
7,dbeaver,15.772,query,784206584,2,12.7424,21.3
7,dbeaver,16.023,query,743181048,2,12.7520,3.7
7,dbeaver,16.278,query,743181048,2,12.7622,4.0
7,dbeaver,16.533,query,866831096,2,12.9162,60.8
7,dbeaver,16.788,query,925403896,2,13.6649,293.5
7,dbeaver,17.043,query,1005669136,2,14.3412,264.3
7,dbeaver,17.298,query,975276816,2,14.5982,101.2
7,dbeaver,17.553,query,954551056,2,14.6827,32.7
7,dbeaver,17.806,query,953322256,2,14.7096,10.7
7,dbeaver,18.061,query,953305872,2,14.7310,8.4
7,dbeaver,18.316,query,768068416,2,14.8437,44.3
7,dbeaver,18.571,query,768363328,2,14.9175,28.8
7,dbeaver,18.827,query,787139392,2,15.0367,46.5
7,dbeaver,19.082,query,782093120,2,15.1174,31.7
7,dbeaver,19.332,query,782158656,2,15.2006,33.1
7,dbeaver,19.587,query,782191424,2,15.2714,27.8
7,dbeaver,19.840,query,763693888,2,15.4518,72.8
7,dbeaver,20.095,query,782994240,2,15.5769,48.8
7,dbeaver,20.350,query,781044544,2,15.7299,59.4
7,dbeaver,20.600,query,781044544,2,15.7690,15.4
7,dbeaver,20.856,query,781077312,2,15.8570,34.6
7,dbeaver,21.111,query,881773376,2,16.0631,80.6
7,dbeaver,21.366,query,879692608,2,16.1357,28.7
7,dbeaver,21.621,query,875481920,2,16.1975,24.1
7,dbeaver,21.876,query,875596608,2,16.2630,25.5
7,dbeaver,22.131,query,825150272,2,16.3136,20.2
7,dbeaver,22.386,after-query,766806848,2,16.3405,10.6
7,dbeaver,22.637,after-query,766757696,2,16.3502,3.8
7,dbeaver,22.893,after-query,761842496,2,16.3590,3.5
7,dbeaver,23.144,after-query,761875264,2,16.3671,3.2
7,dbeaver,23.400,after-query,750553920,2,16.3757,3.4
7,dbeaver,23.655,after-query,750553920,2,16.3813,2.2
7,dbeaver,23.907,after-query,750488384,2,16.3948,5.4
7,dbeaver,24.162,after-query,750488384,2,16.4034,3.4
7,dbeaver,24.417,after-query,750488384,2,16.4181,5.8
7,dbeaver,24.672,after-query,750521152,2,16.4293,4.3
7,dbeaver,24.927,after-query,749734720,2,16.4407,4.5
7,dbeaver,25.181,after-query,749734720,2,16.4468,2.4
7,dbeaver,25.435,after-query,749734720,2,16.4552,3.2
7,dbeaver,25.691,after-query,749603648,2,16.4649,3.8
7,dbeaver,25.946,after-query,749407040,2,16.4727,3.0
7,dbeaver,26.198,after-query,749308736,2,16.4831,4.1
7,dbeaver,26.451,after-query,749308736,2,16.4905,2.9
7,dbeaver,26.706,after-query,749374272,2,16.5113,8.1
7,pgpad,0.255,launch,17531840,1,0.1279,
7,pgpad,0.510,settle,47974944,4,0.3915,90.1
7,pgpad,0.761,settle,49924784,4,0.4788,34.9
7,pgpad,1.016,settle,231231064,5,0.7862,119.5
7,pgpad,1.266,settle,230821464,5,0.7880,0.7
7,pgpad,1.521,settle,226741848,5,0.7965,3.3
7,pgpad,1.777,settle,222383704,5,0.8255,11.2
7,pgpad,2.032,settle,221679192,5,0.8297,1.7
7,pgpad,2.287,settle,156946008,5,0.8343,1.8
7,pgpad,2.542,settle,156454488,5,0.8360,0.7
7,pgpad,2.794,settle,156307032,5,0.8372,0.5
7,pgpad,3.044,settle,156307032,5,0.8379,0.3
7,pgpad,3.300,settle,156061272,5,0.8388,0.4
7,pgpad,3.550,settle,156044888,5,0.8393,0.2
7,pgpad,3.806,settle,156044888,5,0.8398,0.2
7,pgpad,4.057,settle,156044888,5,0.8401,0.1
7,pgpad,4.310,settle,156044888,5,0.8403,0.1
7,pgpad,4.564,settle,156044888,5,0.8406,0.1
7,pgpad,4.817,settle,156044888,5,0.8406,0.0
7,pgpad,5.072,settle,156044888,5,0.8406,0.0
7,pgpad,5.328,settle,155848280,5,0.8417,0.4
7,pgpad,5.583,query,155831896,5,0.8472,2.2
7,pgpad,5.833,query,155831896,5,0.8475,0.1
7,pgpad,6.089,query,155766360,5,0.8479,0.2
7,pgpad,6.340,query,155651672,5,0.8483,0.1
7,pgpad,6.595,query,155651672,5,0.8487,0.1
7,pgpad,6.850,query,155602520,5,0.8489,0.1
7,pgpad,7.106,query,155602520,5,0.8490,0.0
7,pgpad,7.361,query,155487832,5,0.8492,0.1
7,pgpad,7.616,query,155487832,5,0.8492,0.0
7,pgpad,7.870,query,155487832,5,0.8492,0.0
7,pgpad,8.126,query,155487832,5,0.8492,0.0
7,pgpad,8.381,query,155487832,5,0.8492,0.0
7,pgpad,8.636,query,155487832,5,0.8492,0.0
7,pgpad,8.889,query,155389528,5,0.8587,3.8
7,pgpad,9.142,query,155389528,5,0.8624,1.5
7,pgpad,9.395,query,155389528,5,0.8634,0.4
7,pgpad,9.650,query,155389528,5,0.8645,0.4
7,pgpad,9.902,query,155389528,5,0.8650,0.2
7,pgpad,10.157,query,155389528,5,0.8658,0.3
7,pgpad,10.412,query,155389528,5,0.8660,0.1
7,pgpad,10.666,query,218549872,5,0.9007,13.4
7,pgpad,10.917,query,276074168,5,1.0138,45.3
7,pgpad,11.172,query,275844792,5,1.0182,1.7
7,pgpad,11.424,query,275631800,5,1.0227,1.8
7,pgpad,11.679,query,275500728,5,1.0249,0.9
7,pgpad,11.932,query,230756024,5,1.0730,18.9
7,pgpad,12.188,query,241094904,6,1.2061,52.2
7,pgpad,12.441,query,254365944,6,1.2338,10.9
7,pgpad,12.695,query,254120184,6,1.2365,1.1
7,pgpad,12.951,query,264917264,6,1.2962,23.3
7,pgpad,13.206,query,264884496,6,1.2993,1.2
7,pgpad,13.461,query,263704848,6,1.3223,9.2
7,pgpad,13.716,query,263803152,6,1.3461,9.3
7,pgpad,13.971,query,222269712,6,1.3491,1.2
7,pgpad,14.226,query,264671528,6,1.4018,20.6
7,pgpad,14.481,query,358093168,6,1.6576,99.4
7,pgpad,14.734,query,350671216,6,1.6601,1.0
7,pgpad,14.989,query,346706288,6,1.6710,4.3
7,pgpad,15.244,query,345166192,6,1.6745,1.4
7,pgpad,15.499,query,274108784,6,1.6845,3.9
7,pgpad,15.750,query,258969968,6,1.6879,1.4
7,pgpad,16.006,query,258986352,6,1.6989,4.3
7,pgpad,16.258,query,337301872,6,1.7270,11.3
7,pgpad,16.510,query,383095176,6,1.8087,32.2
7,pgpad,16.762,query,385847688,6,1.8313,9.1
7,pgpad,17.015,query,386273672,6,1.8986,26.2
7,pgpad,17.266,query,386552200,6,1.9190,8.2
7,pgpad,17.520,query,387502472,6,1.9986,31.4
7,pgpad,17.775,query,387273096,6,2.0015,1.2
7,pgpad,18.030,query,387256712,6,2.0282,10.2
7,pgpad,18.284,query,373903752,6,2.1047,30.6
7,pgpad,18.537,after-query,373854600,6,2.1088,1.6
7,pgpad,18.792,after-query,373690760,6,2.1124,1.4
7,pgpad,19.047,after-query,372150664,6,2.1150,1.0
7,pgpad,19.302,after-query,345788808,6,2.1175,1.0
7,pgpad,19.558,after-query,260231584,6,2.1199,0.9
7,pgpad,19.812,after-query,260215200,6,2.1205,0.3
7,pgpad,20.064,after-query,260198816,6,2.1216,0.4
7,pgpad,20.320,after-query,260166048,6,2.1223,0.3
7,pgpad,20.573,after-query,260100512,6,2.1230,0.3
7,pgpad,20.824,after-query,260084128,6,2.1233,0.1
7,pgpad,21.079,after-query,260149664,6,2.1286,2.1
7,pgpad,21.332,after-query,260149664,6,2.1292,0.2
7,pgpad,21.587,after-query,260149664,6,2.1301,0.4
7,pgpad,21.842,after-query,260149664,6,2.1311,0.4
7,pgpad,22.098,after-query,260149664,6,2.1319,0.3
7,pgpad,22.351,after-query,260100512,6,2.1326,0.3
7,pgpad,22.606,after-query,260100512,6,2.1329,0.1
7,pgpad,22.856,after-query,260034976,6,2.1332,0.1
7,pgpad,23.110,after-query,260034976,6,2.1332,0.0
7,pgpad,23.362,after-query,259805600,6,2.1340,0.3
7,pgpad,23.616,after-query,259805600,6,2.1340,0.0
7,dbgate,0.254,launch,9028496,1,0.1016,
7,dbgate,0.505,launch,49744776,3,0.3562,101.4
7,dbgate,0.760,launch,80596112,3,0.5875,89.2
7,dbgate,1.013,settle,190288528,4,0.9416,140.4
7,dbgate,1.266,settle,280172424,5,1.3624,166.4
7,dbgate,1.521,settle,594600408,7,2.2798,359.9
7,dbgate,1.773,settle,625354112,8,2.7231,174.7
7,dbgate,2.029,settle,625386880,8,2.7522,11.3
7,dbgate,2.280,settle,626058624,8,2.8144,24.8
7,dbgate,2.536,settle,626091392,8,2.8343,7.7
7,dbgate,2.789,settle,613950848,8,2.8537,7.8
7,dbgate,3.042,settle,614000000,8,2.8722,7.2
7,dbgate,3.296,settle,614114688,8,2.8973,9.9
7,dbgate,3.551,settle,609265024,8,2.9149,6.8
7,dbgate,3.807,settle,599270784,8,2.9301,6.0
7,dbgate,4.061,settle,588539192,8,2.9545,9.5
7,dbgate,4.315,settle,588522808,8,2.9658,4.6
7,dbgate,4.571,settle,588555576,8,2.9786,4.9
7,dbgate,4.826,settle,588555576,8,2.9909,4.8
7,dbgate,5.081,settle,588571960,8,3.0112,8.0
7,dbgate,5.334,settle,588555576,8,3.0237,4.9
7,dbgate,5.589,settle,588555576,8,3.0449,8.3
7,dbgate,5.842,settle,588555576,8,3.0562,4.5
7,dbgate,6.097,query,588522832,8,3.0708,5.9
7,dbgate,6.351,query,588506448,8,3.0813,4.1
7,dbgate,6.606,query,559441232,8,3.1074,10.1
7,dbgate,6.861,query,556442960,8,3.1214,5.5
7,dbgate,7.112,query,519480656,8,3.1400,7.5
7,dbgate,7.367,query,482485584,8,3.1547,5.7
7,dbgate,7.622,query,482485584,8,3.1732,7.2
7,dbgate,7.877,query,482518352,8,3.1875,5.6
7,dbgate,8.132,query,482518352,8,3.2025,5.9
7,dbgate,8.388,query,482518352,8,3.2174,5.9
7,dbgate,8.638,query,482501968,8,3.2316,5.6
7,dbgate,8.893,query,482518352,8,3.2481,6.5
7,dbgate,9.149,query,482485608,8,3.2626,5.7
7,dbgate,9.399,query,482534760,8,3.2750,5.1
7,dbgate,9.651,query,482534760,8,3.2889,5.6
7,dbgate,9.906,query,482551144,8,3.2995,4.1
7,dbgate,10.157,query,482534760,8,3.3118,4.9
7,dbgate,10.412,query,482567528,8,3.3248,5.1
7,dbgate,10.667,query,482551144,8,3.3376,5.0
7,dbgate,10.922,query,482567528,8,3.3525,5.8
7,dbgate,11.174,query,482485608,8,3.3675,6.0
7,dbgate,11.428,query,482534760,8,3.3812,5.4
7,dbgate,11.683,query,482518376,8,3.3941,5.0
7,dbgate,11.939,query,545432936,8,3.4514,22.0
7,dbgate,12.191,query,601646440,8,3.5075,22.7
7,dbgate,12.446,query,601662824,8,3.5209,5.3
7,dbgate,12.701,query,602596712,8,3.5574,14.1
7,dbgate,12.956,query,602252648,8,3.5867,11.3
7,dbgate,13.211,query,668215784,9,3.9727,154.9
7,dbgate,13.465,query,737536608,9,4.2954,126.7
7,dbgate,13.721,query,738421344,9,4.3401,17.3
7,dbgate,13.972,query,738421344,9,4.3541,5.6
7,dbgate,14.227,query,753986144,9,4.5696,84.0
7,dbgate,14.482,query,772876944,9,4.8186,98.9
7,dbgate,14.737,query,776333968,9,5.1098,113.3
7,dbgate,14.992,query,779758224,9,5.3219,83.4
7,dbgate,15.245,query,784362128,9,5.5646,95.7
7,dbgate,15.499,query,790080192,9,5.8600,117.3
7,dbgate,15.753,query,790391488,9,6.0278,65.0
7,dbgate,16.004,query,795765440,9,6.2239,78.9
7,dbgate,16.254,query,795830976,9,6.3928,67.9
7,dbgate,16.509,query,796256960,9,6.5350,56.2
7,dbgate,16.764,query,797108928,9,6.6679,51.7
7,dbgate,17.019,query,796814016,9,6.7834,44.8
7,dbgate,17.270,query,801204928,9,6.9492,67.0
7,dbgate,17.523,query,805382848,9,7.0994,58.3
7,dbgate,17.778,query,807283392,9,7.1845,33.6
7,dbgate,18.029,query,783379136,9,7.3416,62.3
7,dbgate,18.282,query,787081920,9,7.5050,65.8
7,dbgate,18.537,query,700787392,9,7.6233,45.9
7,dbgate,18.793,query,704867008,9,7.7791,60.8
7,dbgate,19.045,query,707865280,9,7.9095,51.9
7,dbgate,19.299,query,708700864,9,7.9674,22.9
7,dbgate,19.555,after-query,708700864,9,7.9805,5.1
7,dbgate,19.806,after-query,696609472,9,8.0024,8.6
7,dbgate,20.061,after-query,696642240,9,8.0190,6.5
7,dbgate,20.316,after-query,691907264,9,8.0309,4.7
7,dbgate,20.567,after-query,691907264,9,8.0421,4.5
7,dbgate,20.821,after-query,691923648,9,8.0578,6.1
7,dbgate,21.076,after-query,670706344,9,8.0753,7.0
7,dbgate,21.331,after-query,670804648,9,8.0932,6.8
7,dbgate,21.585,after-query,670804648,9,8.1093,6.3
7,dbgate,21.840,after-query,668756648,9,8.1286,7.6
7,dbgate,22.090,after-query,668641960,9,8.1458,6.9
7,dbgate,22.345,after-query,668625576,9,8.1578,4.7
7,dbgate,22.600,after-query,668625576,9,8.1734,6.1
7,dbgate,22.856,after-query,668625576,9,8.1897,6.4
7,dbgate,23.111,after-query,668592808,9,8.2072,6.9
7,dbgate,23.366,after-query,668609192,9,8.2228,6.0
7,dbgate,23.620,after-query,668625576,9,8.2394,6.6
7,dbgate,23.872,after-query,668609192,9,8.2517,4.8
7,dbgate,24.124,after-query,668625576,9,8.2641,5.1
7,pgadmin,0.254,launch,9192408,1,0.1047,
7,pgadmin,0.509,launch,40241168,3,0.3034,77.1
7,pgadmin,0.761,launch,140186832,5,0.7948,194.3
7,pgadmin,1.014,launch,155505920,5,1.0256,91.7
7,pgadmin,1.269,launch,165598464,5,1.2533,89.3
7,pgadmin,1.524,launch,174953776,5,1.4874,91.9
7,pgadmin,1.779,launch,189093168,5,1.7143,88.5
7,pgadmin,2.034,launch,206935344,5,1.9563,95.2
7,pgadmin,2.289,launch,218928456,5,2.1969,94.4
7,pgadmin,2.544,launch,229086872,6,2.4387,94.9
7,pgadmin,2.799,launch,252466960,6,2.9235,189.7
7,pgadmin,3.054,launch,235574624,5,2.8969,90.7
7,pgadmin,3.310,launch,245994848,5,3.1420,96.1
7,pgadmin,3.561,launch,256071008,5,3.3909,99.1
7,pgadmin,3.816,launch,262952312,5,3.5818,75.0
7,pgadmin,4.070,launch,262952312,5,3.5818,0.0
7,pgadmin,4.323,launch,265229688,5,3.6369,21.7
7,pgadmin,4.579,settle,349017680,5,4.0873,211.5
7,pgadmin,4.832,settle,448583320,5,4.4286,134.2
7,pgadmin,5.087,settle,500061920,5,4.8138,151.2
7,pgadmin,5.343,settle,701388800,5,5.3672,214.2
7,pgadmin,5.598,settle,688003264,5,5.6614,115.8
7,pgadmin,5.853,settle,700356824,5,5.9185,101.4
7,pgadmin,6.107,settle,773511456,5,6.1362,84.3
7,pgadmin,6.362,settle,775428576,6,6.2292,36.6
7,pgadmin,6.615,settle,785275768,6,6.3468,46.7
7,pgadmin,6.870,settle,785341304,6,6.3767,11.6
7,pgadmin,7.125,settle,783342456,6,6.4067,12.0
7,pgadmin,7.380,settle,770382712,6,6.4487,16.4
7,pgadmin,7.635,settle,749296504,6,6.4792,12.0
7,pgadmin,7.891,settle,749378424,6,6.5068,10.6
7,pgadmin,8.146,settle,749935480,6,6.5717,25.5
7,pgadmin,8.401,settle,750001016,6,6.6035,12.4
7,pgadmin,8.656,settle,750148472,6,6.6440,15.8
7,pgadmin,8.911,settle,750214008,6,6.6730,11.6
7,pgadmin,9.163,settle,750328696,6,6.6998,10.5
7,pgadmin,9.418,settle,750394232,6,6.7252,10.2
7,pgadmin,9.669,query,750476152,6,6.7465,8.5
7,pgadmin,9.925,query,750623632,6,6.7907,16.4
7,pgadmin,10.180,query,752917368,6,6.8545,26.0
7,pgadmin,10.431,query,753048440,6,6.8904,14.2
7,pgadmin,10.686,query,753228664,6,6.9240,13.2
7,pgadmin,10.937,query,753359736,6,6.9522,11.4
7,pgadmin,11.195,query,627776376,6,6.9930,15.7
7,pgadmin,11.446,query,627891064,6,7.0258,13.0
7,pgadmin,11.701,query,627907448,6,7.0723,18.1
7,pgadmin,11.956,query,628251512,6,7.1419,27.2
7,pgadmin,12.211,query,628431736,6,7.1780,14.2
7,pgadmin,12.466,query,628562808,6,7.2144,14.1
7,pgadmin,12.719,query,628710264,6,7.2485,14.0
7,pgadmin,12.974,query,628874104,6,7.2796,12.0
7,pgadmin,13.229,query,628988792,6,7.3137,13.4
7,pgadmin,13.484,query,629152632,6,7.3380,9.5
7,pgadmin,13.739,query,629300088,6,7.3634,10.0
7,pgadmin,13.994,query,630807416,6,7.4102,18.4
7,pgadmin,14.249,query,630954872,6,7.4304,7.9
7,pgadmin,14.504,query,631118712,6,7.4500,7.7
7,pgadmin,14.759,query,631282552,6,7.4761,10.2
7,pgadmin,15.011,query,631413624,6,7.4985,8.9
7,pgadmin,15.266,query,631544696,6,7.5254,10.6
7,pgadmin,15.520,query,631708536,6,7.5496,9.5
7,pgadmin,15.775,query,688757672,6,7.6762,49.8
7,pgadmin,16.030,query,739072912,6,8.0840,158.3
7,pgadmin,16.281,query,739761040,6,8.1220,15.0
7,pgadmin,16.534,query,739761040,6,8.1391,6.8
7,pgadmin,16.790,query,739761040,6,8.1593,7.9
7,pgadmin,17.043,query,737696656,6,8.1813,8.6
7,pgadmin,17.294,query,735468432,6,8.2070,10.4
7,pgadmin,17.545,query,801872784,6,8.4518,97.8
7,pgadmin,17.800,query,813685672,6,8.6497,77.4
7,pgadmin,18.055,query,816618384,6,8.7727,48.5
7,pgadmin,18.310,query,821812112,6,8.8883,45.2
7,pgadmin,18.561,query,829299624,6,9.0684,71.8
7,pgadmin,18.816,query,841243560,6,9.2338,65.2
7,pgadmin,19.069,query,843652008,6,9.2982,25.5
7,pgadmin,19.324,query,860707776,6,9.4979,77.9
7,pgadmin,19.580,query,874388440,6,9.6534,60.9
7,pgadmin,19.833,query,880761816,6,9.8065,60.4
7,pgadmin,20.088,query,895015896,6,9.9934,73.0
7,pgadmin,20.340,query,897883096,6,10.0733,31.4
7,pgadmin,20.594,query,908057584,6,10.2486,69.1
7,pgadmin,20.849,query,906697712,6,10.4270,70.7
7,pgadmin,21.101,query,924097520,6,10.5953,66.4
7,pgadmin,21.353,query,927472648,6,10.6926,39.2
7,pgadmin,21.606,query,945708040,6,10.8763,72.4
7,pgadmin,21.862,query,938810376,6,10.9169,15.6
7,pgadmin,22.112,query,950082568,6,11.1070,78.0
7,pgadmin,22.367,query,955112480,6,11.2484,54.8
7,pgadmin,22.618,query,962223136,6,11.3511,40.8
7,pgadmin,22.873,query,959847456,6,11.3694,7.3
7,pgadmin,23.128,after-query,959945760,6,11.3919,8.7
7,pgadmin,23.383,after-query,960011296,6,11.4157,9.2
7,pgadmin,23.639,after-query,960076832,6,11.4381,8.8
7,pgadmin,23.894,after-query,933698568,6,11.4621,9.3
7,pgadmin,24.149,after-query,934124552,6,11.5100,19.1
7,pgadmin,24.403,after-query,934190088,6,11.5313,8.3
7,pgadmin,24.654,after-query,934304776,6,11.5533,8.8
7,pgadmin,24.909,after-query,913628168,6,11.5791,10.0
7,pgadmin,25.160,after-query,913693704,6,11.5997,8.2
7,pgadmin,25.412,after-query,913775624,6,11.6209,8.5
7,pgadmin,25.665,after-query,913857544,6,11.6483,10.7
7,pgadmin,25.920,after-query,913988640,6,11.6777,11.5
7,pgadmin,26.175,after-query,909499400,6,11.7274,19.6
7,pgadmin,26.429,after-query,909581320,6,11.7528,10.0
7,pgadmin,26.684,after-query,909646856,6,11.7776,9.7
7,pgadmin,26.939,after-query,909663240,6,11.7993,8.7
7,pgadmin,27.195,after-query,909761544,6,11.8214,8.4
7,pgadmin,27.449,after-query,909810696,6,11.8420,8.4
8,dbeaver,0.251,launch,19759992,1,0.1041,
8,dbeaver,0.506,launch,65323992,1,0.5264,163.6
8,dbeaver,0.761,launch,106546184,1,1.1168,232.0
8,dbeaver,1.015,launch,137397304,1,1.6703,217.4
8,dbeaver,1.270,launch,161858640,1,2.3061,249.1
8,dbeaver,1.525,launch,183797032,1,2.9534,249.0
8,dbeaver,1.781,launch,222627208,1,3.6836,291.5
8,dbeaver,2.036,launch,253953416,1,4.2092,205.7
8,dbeaver,2.291,launch,267634056,1,4.8158,238.9
8,dbeaver,2.546,launch,278824328,1,5.6973,343.6
8,dbeaver,2.801,launch,303105464,1,6.7000,395.3
8,dbeaver,3.056,launch,321439184,1,7.3542,255.3
8,dbeaver,3.311,launch,328992328,1,8.1462,310.9
8,dbeaver,3.566,launch,526731256,1,8.8115,260.3
8,dbeaver,3.817,settle,835668632,2,9.5919,316.8
8,dbeaver,4.072,settle,924371632,2,10.3429,287.2
8,dbeaver,4.324,settle,966970032,2,10.5382,78.3
8,dbeaver,4.579,settle,1027705520,2,11.3720,325.2
8,dbeaver,4.835,settle,1026493104,2,11.4031,12.1
8,dbeaver,5.090,settle,941935280,2,11.4933,35.2
8,dbeaver,5.341,settle,829328048,2,11.5156,8.9
8,dbeaver,5.591,settle,789351088,2,11.5260,4.2
8,dbeaver,5.847,settle,719162032,2,11.5427,6.5
8,dbeaver,6.100,settle,719162032,2,11.5500,2.9
8,dbeaver,6.351,settle,719178416,2,11.5734,9.4
8,dbeaver,6.606,settle,719178416,2,11.5825,3.5
8,dbeaver,6.861,settle,719211184,2,11.5971,5.8
8,dbeaver,7.116,settle,719211184,2,11.6032,2.4
8,dbeaver,7.372,settle,719211184,2,11.6105,2.8
8,dbeaver,7.627,settle,719211184,2,11.6196,3.6
8,dbeaver,7.880,settle,719211184,2,11.6310,4.4
8,dbeaver,8.135,settle,719211184,2,11.6447,5.4
8,dbeaver,8.390,settle,719080112,2,11.6576,5.0
8,dbeaver,8.646,settle,719096496,2,11.6710,5.3
8,dbeaver,8.898,query,718867120,2,11.6767,2.3
8,dbeaver,9.153,query,718801584,2,11.6877,4.2
8,dbeaver,9.409,query,718670512,2,11.6935,2.3
8,dbeaver,9.664,query,718686896,2,11.7074,5.4
8,dbeaver,9.919,query,718686896,2,11.7149,3.0
8,dbeaver,10.174,query,718686896,2,11.7215,2.5
8,dbeaver,10.428,query,718686896,2,11.7336,4.8
8,dbeaver,10.681,query,718686896,2,11.7389,2.1
8,dbeaver,10.936,query,718686896,2,11.7471,3.2
8,dbeaver,11.191,query,718686896,2,11.7546,2.9
8,dbeaver,11.446,query,718686896,2,11.7645,3.9
8,dbeaver,11.701,query,718719664,2,11.7745,3.9
8,dbeaver,11.954,query,718719664,2,11.7886,5.7
8,dbeaver,12.207,query,718719664,2,11.7937,2.0
8,dbeaver,12.462,query,718719664,2,11.8033,3.7
8,dbeaver,12.715,query,719227568,2,11.8196,6.4
8,dbeaver,12.970,query,719227568,2,11.8269,2.8
8,dbeaver,13.223,query,719243952,2,11.8363,3.7
8,dbeaver,13.473,query,719243952,2,11.8417,2.2
8,dbeaver,13.727,query,719243952,2,11.8496,3.2
8,dbeaver,13.978,query,719325848,2,11.8835,13.2
8,dbeaver,14.229,query,720325272,2,11.9517,27.2
8,dbeaver,14.485,query,720390808,2,11.9959,17.4
8,dbeaver,14.735,query,799689368,2,12.1122,45.3
8,dbeaver,14.991,query,760564376,2,12.2644,60.1
8,dbeaver,15.243,query,759974552,2,12.2866,8.8
8,dbeaver,15.496,query,760138392,2,12.3160,11.6
8,dbeaver,15.748,query,760269464,2,12.3539,15.2
8,dbeaver,16.003,query,719342232,2,12.3636,3.7
8,dbeaver,16.259,query,719358616,2,12.3733,3.8
8,dbeaver,16.514,query,843795096,2,12.5689,76.8
8,dbeaver,16.769,query,906578608,2,13.3154,294.3
8,dbeaver,17.024,query,876300952,2,14.0096,271.5
8,dbeaver,17.279,query,940968600,2,14.2251,84.2
8,dbeaver,17.534,query,940804760,2,14.3626,53.7
8,dbeaver,17.789,query,939608728,2,14.3931,11.8
8,dbeaver,18.045,query,939264664,2,14.4186,10.0
8,dbeaver,18.299,query,745343664,2,14.5499,52.3
8,dbeaver,18.555,query,745573040,2,14.6071,22.3
8,dbeaver,18.810,query,757140144,2,14.7426,53.1
8,dbeaver,19.065,query,752405168,2,14.8136,27.8
8,dbeaver,19.317,query,752437936,2,14.8970,33.3
8,dbeaver,19.572,query,752470704,2,14.9757,31.1
8,dbeaver,19.827,query,752634544,2,15.1601,71.9
8,dbeaver,20.082,query,752749232,2,15.2772,45.6
8,dbeaver,20.337,query,750996144,2,15.4059,50.5
8,dbeaver,20.593,query,750996144,2,15.4710,25.4
8,dbeaver,20.848,query,751143600,2,15.5640,36.9
8,dbeaver,21.099,query,859753136,2,15.7378,68.4
8,dbeaver,21.354,query,857721520,2,15.8135,29.8
8,dbeaver,21.608,query,853559984,2,15.8790,25.4
8,dbeaver,21.863,query,853625520,2,15.9471,27.2
8,dbeaver,22.119,query,744786608,2,16.0164,26.9
8,dbeaver,22.374,after-query,744835760,2,16.0269,4.2
8,dbeaver,22.629,after-query,744786608,2,16.0373,4.0
8,dbeaver,22.884,after-query,742345392,2,16.0486,4.4
8,dbeaver,23.139,after-query,742345392,2,16.0573,3.4
8,dbeaver,23.394,after-query,731024048,2,16.0652,3.1
8,dbeaver,23.649,after-query,731040432,2,16.0745,3.6
8,dbeaver,23.903,after-query,731024048,2,16.0940,7.7
8,dbeaver,24.157,after-query,731024048,2,16.1010,2.8
8,dbeaver,24.411,after-query,731024048,2,16.1118,4.3
8,dbeaver,24.662,after-query,731073200,2,16.1282,6.5
8,dbeaver,24.913,after-query,731073200,2,16.1400,4.7
8,dbeaver,25.168,after-query,731089584,2,16.1464,2.5
8,dbeaver,25.420,after-query,731089584,2,16.1524,2.4
8,dbeaver,25.673,after-query,730811056,2,16.1632,4.2
8,dbeaver,25.928,after-query,730630832,2,16.1698,2.6
8,dbeaver,26.184,after-query,729598640,2,16.1799,3.8
8,dbeaver,26.435,after-query,729598640,2,16.1871,2.9
8,dbeaver,26.690,after-query,729598640,2,16.1986,4.5
8,pgpad,0.251,launch,20268328,2,0.1418,
8,pgpad,0.506,settle,48040552,4,0.4219,109.4
8,pgpad,0.758,settle,49957552,4,0.5157,36.7
8,pgpad,1.013,settle,233885392,5,0.8191,118.8
8,pgpad,1.268,settle,233672400,5,0.8213,0.9
8,pgpad,1.522,settle,229232336,5,0.8296,3.3
8,pgpad,1.773,settle,227118800,5,0.8502,8.1
8,pgpad,2.028,settle,225726160,5,0.8554,2.0
8,pgpad,2.284,settle,158420688,5,0.8602,1.9
8,pgpad,2.539,settle,157929168,5,0.8618,0.6
8,pgpad,2.790,settle,157519568,5,0.8632,0.6
8,pgpad,3.042,settle,157519568,5,0.8641,0.4
8,pgpad,3.297,settle,157208272,5,0.8647,0.2
8,pgpad,3.551,settle,157126352,5,0.8651,0.2
8,pgpad,3.805,settle,157126352,5,0.8654,0.1
8,pgpad,4.060,settle,157126352,5,0.8657,0.1
8,pgpad,4.311,settle,157126352,5,0.8660,0.2
8,pgpad,4.567,settle,157126352,5,0.8663,0.1
8,pgpad,4.819,settle,157126352,5,0.8663,0.0
8,pgpad,5.074,settle,157126352,5,0.8663,0.0
8,pgpad,5.330,settle,157126352,5,0.8666,0.1
8,pgpad,5.584,query,157028048,5,0.8702,1.4
8,pgpad,5.839,query,157028048,5,0.8705,0.1
8,pgpad,6.094,query,156831440,5,0.8715,0.4
8,pgpad,6.349,query,156798672,5,0.8716,0.1
8,pgpad,6.602,query,156749520,5,0.8721,0.2
8,pgpad,6.858,query,156700368,5,0.8726,0.2
8,pgpad,7.111,query,156585680,5,0.8730,0.2
8,pgpad,7.366,query,156503760,5,0.8734,0.2
8,pgpad,7.621,query,156503760,5,0.8735,0.0
8,pgpad,7.875,query,156503760,5,0.8735,0.0
8,pgpad,8.130,query,156503760,5,0.8735,0.0
8,pgpad,8.385,query,156503760,5,0.8735,0.0
8,pgpad,8.636,query,156503760,5,0.8735,0.0
8,pgpad,8.891,query,156552912,5,0.8836,4.0
8,pgpad,9.146,query,156552912,5,0.8878,1.6
8,pgpad,9.401,query,156552912,5,0.8890,0.5
8,pgpad,9.652,query,156552912,5,0.8897,0.3
8,pgpad,9.904,query,156552912,5,0.8901,0.2
8,pgpad,10.156,query,156552912,5,0.8908,0.3
8,pgpad,10.411,query,156552912,5,0.8910,0.1
8,pgpad,10.665,query,231542480,5,0.9314,16.0
8,pgpad,10.921,query,293343024,5,1.0287,37.5
8,pgpad,11.173,query,286215984,5,1.0334,1.9
8,pgpad,11.429,query,286166832,5,1.0380,1.8
8,pgpad,11.684,query,286052144,5,1.0403,0.9
8,pgpad,11.936,query,289328944,5,1.0964,22.3
8,pgpad,12.191,query,242274720,6,1.2159,46.9
8,pgpad,12.446,query,255775136,6,1.2464,12.0
8,pgpad,12.701,query,256889248,6,1.2649,7.3
8,pgpad,12.952,query,264327584,6,1.2941,11.5
8,pgpad,13.207,query,264311200,6,1.2966,1.0
8,pgpad,13.458,query,263279008,6,1.3217,10.1
8,pgpad,13.713,query,263262624,6,1.3480,10.3
8,pgpad,13.968,query,221794720,6,1.3503,0.9
8,pgpad,14.218,query,285725112,6,1.4496,40.2
8,pgpad,14.473,query,358715928,6,1.6611,81.8
8,pgpad,14.729,query,358486552,6,1.6635,0.9
8,pgpad,14.983,query,354243096,6,1.6777,5.6
8,pgpad,15.238,query,353145368,6,1.6793,0.7
8,pgpad,15.490,query,280695320,6,1.6915,4.8
8,pgpad,15.745,query,258232856,6,1.6975,2.4
8,pgpad,16.000,query,258265624,6,1.7101,4.9
8,pgpad,16.255,query,355684912,6,1.7467,14.4
8,pgpad,16.508,query,395530824,6,1.8220,29.5
8,pgpad,16.758,query,401723976,6,1.8505,11.5
8,pgpad,17.013,query,396382792,6,1.9304,31.3
8,pgpad,17.269,query,396431944,6,1.9534,9.1
8,pgpad,17.524,query,383767112,6,2.0296,29.3
8,pgpad,17.774,query,383750728,6,2.0320,1.0
8,pgpad,18.027,query,383799880,6,2.0633,12.5
8,pgpad,18.282,after-query,375689800,6,2.1218,23.3
8,pgpad,18.533,after-query,375640648,6,2.1266,1.9
8,pgpad,18.788,after-query,375476808,6,2.1294,1.1
8,pgpad,19.039,after-query,373903944,6,2.1312,0.7
8,pgpad,19.294,after-query,272699976,6,2.1334,0.9
8,pgpad,19.549,after-query,261853768,6,2.1350,0.6
8,pgpad,19.800,after-query,261821000,6,2.1359,0.3
8,pgpad,20.050,after-query,261821000,6,2.1366,0.3
8,pgpad,20.305,after-query,261689928,6,2.1377,0.4
8,pgpad,20.561,after-query,261689928,6,2.1382,0.2
8,pgpad,20.815,after-query,261673544,6,2.1387,0.2
8,pgpad,21.067,after-query,261722696,6,2.1461,2.9
8,pgpad,21.322,after-query,261722696,6,2.1469,0.3
8,pgpad,21.576,after-query,261722696,6,2.1478,0.4
8,pgpad,21.829,after-query,261706312,6,2.1493,0.6
8,pgpad,22.081,after-query,261706312,6,2.1499,0.2
8,pgpad,22.336,after-query,261575240,6,2.1510,0.4
8,pgpad,22.589,after-query,261575240,6,2.1517,0.3
8,pgpad,22.844,after-query,261460552,6,2.1523,0.2
8,pgpad,23.099,after-query,261460552,6,2.1524,0.0
8,pgpad,23.350,after-query,261280328,6,2.1526,0.1
8,dbgate,0.255,launch,11404368,1,0.1055,
8,dbgate,0.508,launch,53627976,3,0.3998,115.2
8,dbgate,0.763,launch,85003408,3,0.6034,79.5
8,dbgate,1.016,settle,214291208,4,0.9772,147.4
8,dbgate,1.271,settle,292378672,6,1.4103,170.3
8,dbgate,1.526,settle,605479456,7,2.4075,391.1
8,dbgate,1.781,settle,631399832,8,2.7745,103.6
8,dbgate,2.032,settle,631547288,8,2.8152,16.1
8,dbgate,2.287,settle,632006040,8,2.8715,22.0
8,dbgate,2.542,settle,632022424,8,2.9154,17.3
8,dbgate,2.798,settle,618767768,8,2.9830,26.0
8,dbgate,3.053,settle,618784152,8,3.0023,7.7
8,dbgate,3.308,settle,618767768,8,3.0129,4.2
8,dbgate,3.563,settle,618767768,8,3.0330,7.9
8,dbgate,3.817,settle,618767768,8,3.0453,4.9
8,dbgate,4.073,settle,602924416,8,3.0663,8.0
8,dbgate,4.328,settle,602908032,8,3.0786,4.8
8,dbgate,4.582,settle,602908032,8,3.0973,7.3
8,dbgate,4.835,settle,592930176,8,3.1093,4.8
8,dbgate,5.090,settle,592979328,8,3.1306,8.5
8,dbgate,5.346,settle,592962944,8,3.1442,5.2
8,dbgate,5.601,settle,592962944,8,3.1639,7.8
8,dbgate,5.856,settle,592930176,8,3.1806,6.5
8,dbgate,6.107,query,592897408,8,3.1930,5.1
8,dbgate,6.359,query,561243520,8,3.2057,5.0
8,dbgate,6.614,query,555804032,8,3.2243,7.2
8,dbgate,6.868,query,515712384,8,3.2430,7.3
8,dbgate,7.124,query,515712384,8,3.2584,6.0
8,dbgate,7.379,query,515712384,8,3.2731,5.8
8,dbgate,7.634,query,515712384,8,3.2884,6.0
8,dbgate,7.890,query,484074880,8,3.3076,7.5
8,dbgate,8.145,query,484025728,8,3.3230,6.0
8,dbgate,8.396,query,484042112,8,3.3381,6.1
8,dbgate,8.651,query,484025728,8,3.3523,5.6
8,dbgate,8.906,query,484042112,8,3.3673,5.9
8,dbgate,9.158,query,484009344,8,3.3823,6.0
8,dbgate,9.409,query,484058496,8,3.3954,5.3
8,dbgate,9.664,query,484042112,8,3.4081,5.0
8,dbgate,9.919,query,484058496,8,3.4185,4.1
8,dbgate,10.174,query,484042112,8,3.4291,4.2
8,dbgate,10.430,query,484058496,8,3.4395,4.0
8,dbgate,10.684,query,484042112,8,3.4521,4.9
8,dbgate,10.937,query,484058496,8,3.4675,6.1
8,dbgate,11.192,query,484042112,8,3.4816,5.5
8,dbgate,11.447,query,484091264,8,3.4967,6.0
8,dbgate,11.702,query,484074880,8,3.5081,4.4
8,dbgate,11.953,query,547005824,8,3.5631,21.7
8,dbgate,12.204,query,603678080,8,3.6183,21.9
8,dbgate,12.458,query,603661696,8,3.6345,6.3
8,dbgate,12.713,query,604513664,8,3.6761,16.3
8,dbgate,12.966,query,604743040,8,3.7116,14.2
8,dbgate,13.221,query,668051992,9,4.0256,42.6
8,dbgate,13.474,query,737684088,9,4.3332,120.7
8,dbgate,13.729,query,738585208,9,4.3690,13.8
8,dbgate,13.984,query,738585208,9,4.3821,5.1
8,dbgate,14.239,query,760851088,9,4.6798,117.8
8,dbgate,14.494,query,766798504,9,4.9116,90.8
8,dbgate,14.744,query,781118144,9,5.2123,120.3
8,dbgate,14.995,query,781970112,9,5.4306,87.0
8,dbgate,15.250,query,784788184,9,5.6720,94.3
8,dbgate,15.505,query,791243504,9,5.9036,92.0
8,dbgate,15.757,query,796273416,9,6.0883,73.0
8,dbgate,16.012,query,801942280,9,6.2738,72.3
8,dbgate,16.266,query,806693640,9,6.4406,65.8
8,dbgate,16.519,query,813705992,9,6.6013,62.8
8,dbgate,16.773,query,816704264,9,6.7233,48.6
8,dbgate,17.028,query,819309320,9,6.8089,33.4
8,dbgate,17.283,query,823372552,9,6.9664,61.8
8,dbgate,17.538,query,827321096,9,7.1200,60.9
8,dbgate,17.793,query,829532936,9,7.2221,39.8
8,dbgate,18.045,query,803121928,9,7.3729,59.5
8,dbgate,18.301,query,806906656,9,7.5341,63.9
8,dbgate,18.556,query,717744928,9,7.7254,74.9
8,dbgate,18.810,query,719891232,9,7.8610,52.1
8,dbgate,19.065,query,719383328,9,8.0020,56.8
8,dbgate,19.319,query,719334176,9,8.0465,17.1
8,dbgate,19.574,after-query,719334176,9,8.0621,6.2
8,dbgate,19.825,after-query,703081248,9,8.0794,6.8
8,dbgate,20.080,after-query,703097632,9,8.0966,6.7
8,dbgate,20.336,after-query,698362656,9,8.1094,5.0
8,dbgate,20.590,after-query,698362656,9,8.1220,5.0
8,dbgate,20.843,after-query,687991536,9,8.1423,8.1
8,dbgate,21.097,after-query,678161136,9,8.1596,6.7
8,dbgate,21.353,after-query,678226672,9,8.1793,7.8
8,dbgate,21.608,after-query,676178672,9,8.2030,9.2
8,dbgate,21.859,after-query,676096752,9,8.2171,5.7
8,dbgate,22.114,after-query,676080368,9,8.2338,6.6
8,dbgate,22.369,after-query,676063984,9,8.2446,4.2
8,dbgate,22.624,after-query,676080368,9,8.2632,7.3
8,dbgate,22.879,after-query,676063984,9,8.2777,5.7
8,dbgate,23.133,after-query,676047600,9,8.2945,6.6
8,dbgate,23.388,after-query,676063984,9,8.3083,5.4
8,dbgate,23.642,after-query,676080368,9,8.3283,7.9
8,dbgate,23.897,after-query,676063984,9,8.3425,5.5
8,pgadmin,0.253,launch,30442912,1,0.1659,
8,pgadmin,0.508,launch,121115736,5,0.6359,181.8
8,pgadmin,0.763,launch,157406368,5,0.8838,97.2
8,pgadmin,1.019,launch,169333944,5,1.1146,90.3
8,pgadmin,1.274,launch,176952504,5,1.3423,89.7
8,pgadmin,1.529,launch,187356392,5,1.5622,86.1
8,pgadmin,1.784,launch,196351208,5,1.8037,94.7
8,pgadmin,2.039,launch,207099112,5,2.0332,89.8
8,pgadmin,2.294,launch,217715968,5,2.2701,92.7
8,pgadmin,2.549,launch,243046112,6,2.6787,160.0
8,pgadmin,2.800,launch,231298328,5,2.7131,87.0
8,pgadmin,3.055,launch,240211248,5,2.9569,95.2
8,pgadmin,3.310,launch,249632048,5,3.2039,96.9
8,pgadmin,3.564,launch,259855664,5,3.4432,94.1
8,pgadmin,3.817,launch,260576560,5,3.5058,24.5
8,pgadmin,4.073,launch,262985032,5,3.5564,19.9
8,pgadmin,4.323,settle,338826784,5,3.9275,180.1
8,pgadmin,4.578,settle,468145840,5,4.2875,140.2
8,pgadmin,4.832,settle,495802056,5,4.6618,149.7
8,pgadmin,5.087,settle,704829368,5,5.2346,220.9
8,pgadmin,5.342,settle,698308680,5,5.5392,118.0
8,pgadmin,5.597,settle,709564536,5,5.7974,102.9
8,pgadmin,5.849,settle,777083096,5,6.0296,91.7
8,pgadmin,6.104,settle,777820376,5,6.1002,27.7
8,pgadmin,6.357,settle,788486984,6,6.2366,9.1
8,pgadmin,6.608,settle,780835656,6,6.2622,10.2
8,pgadmin,6.864,settle,780933960,6,6.2900,10.8
8,pgadmin,7.115,settle,776723272,6,6.3248,13.9
8,pgadmin,7.370,settle,745085768,6,6.3613,14.3
8,pgadmin,7.623,settle,745151304,6,6.3938,12.9
8,pgadmin,7.878,settle,745544520,6,6.4383,17.3
8,pgadmin,8.131,settle,745610056,6,6.4657,10.9
8,pgadmin,8.387,settle,745741128,6,6.5047,15.0
8,pgadmin,8.641,settle,745823048,6,6.5392,13.6
8,pgadmin,8.894,settle,745921352,6,6.5762,14.6
8,pgadmin,9.149,settle,745986888,6,6.6070,12.0
8,pgadmin,9.404,query,746052424,6,6.6311,9.7
8,pgadmin,9.657,query,746167112,6,6.6591,10.9
8,pgadmin,9.913,query,748886856,6,6.7369,30.5
8,pgadmin,10.168,query,748919600,6,6.7686,12.3
8,pgadmin,10.423,query,749132592,6,6.7994,12.1
8,pgadmin,10.678,query,749263664,6,6.8290,11.5
8,pgadmin,10.930,query,623778608,6,6.8726,17.1
8,pgadmin,11.186,query,623762224,6,6.9034,12.0
8,pgadmin,11.441,query,623893296,6,6.9365,13.1
8,pgadmin,11.696,query,624188208,6,6.9948,23.0
8,pgadmin,11.951,query,624368432,6,7.0245,11.7
8,pgadmin,12.206,query,624499504,6,7.0526,10.9
8,pgadmin,12.461,query,624646960,6,7.0826,12.0
8,pgadmin,12.716,query,624745264,6,7.1037,8.3
8,pgadmin,12.971,query,624876336,6,7.1264,9.0
8,pgadmin,13.226,query,625023792,6,7.1485,8.6
8,pgadmin,13.481,query,625171248,6,7.1736,9.9
8,pgadmin,13.736,query,627219272,6,7.2212,18.6
8,pgadmin,13.991,query,627333960,6,7.2419,8.1
8,pgadmin,14.246,query,627497800,6,7.2683,10.3
8,pgadmin,14.501,query,627661640,6,7.3005,12.6
8,pgadmin,14.757,query,627792712,6,7.3241,9.4
8,pgadmin,15.011,query,627891016,6,7.3472,9.1
8,pgadmin,15.266,query,628054856,6,7.3699,8.8
8,pgadmin,15.519,query,656776008,6,7.4312,24.5
8,pgadmin,15.775,query,735484744,6,7.8831,174.0
8,pgadmin,16.028,query,736189256,6,7.9189,14.1
8,pgadmin,16.284,query,736189256,6,7.9424,9.2
8,pgadmin,16.534,query,736189256,6,7.9653,9.2
8,pgadmin,16.789,query,736222024,6,7.9837,7.1
8,pgadmin,17.040,query,731896648,6,8.0092,10.2
8,pgadmin,17.296,query,796924744,6,8.2034,76.2
8,pgadmin,17.548,query,815242080,6,8.4110,82.2
8,pgadmin,17.799,query,816667464,6,8.5244,45.4
8,pgadmin,18.054,query,823565128,6,8.6571,51.8
8,pgadmin,18.309,query,831855456,6,8.8446,73.8
8,pgadmin,18.562,query,842275680,6,9.0003,61.2
8,pgadmin,18.817,query,846715792,6,9.0828,32.1
8,pgadmin,19.070,query,859806632,6,9.2943,85.2
8,pgadmin,19.325,query,868604840,6,9.4395,56.2
8,pgadmin,19.580,query,873634728,6,9.5740,52.9
8,pgadmin,19.832,query,887528360,6,9.7575,73.3
8,pgadmin,20.084,query,896408488,6,9.8798,48.0
8,pgadmin,20.339,query,901848000,6,10.0039,49.2
8,pgadmin,20.594,query,915102656,6,10.1904,73.6
8,pgadmin,20.848,query,910351296,6,10.3525,63.4
8,pgadmin,21.099,query,918412248,6,10.4682,45.8
8,pgadmin,21.354,query,927685592,6,10.6457,70.1
8,pgadmin,21.606,query,929995736,6,10.7159,27.7
8,pgadmin,21.861,query,940022744,6,10.9074,75.1
8,pgadmin,22.115,query,950852568,6,11.0853,70.1
8,pgadmin,22.371,query,943479768,6,11.1629,30.6
8,pgadmin,22.626,query,941169624,6,11.1942,12.2
8,pgadmin,22.878,after-query,941235160,6,11.2138,7.7
8,pgadmin,23.134,after-query,941317080,6,11.2378,9.4
8,pgadmin,23.392,after-query,941382616,6,11.2602,8.6
8,pgadmin,23.648,after-query,914987944,6,11.2816,8.4
8,pgadmin,23.903,after-query,915397544,6,11.3292,18.6
8,pgadmin,24.157,after-query,915446696,6,11.3534,9.6
8,pgadmin,24.412,after-query,915545000,6,11.3780,9.5
8,pgadmin,24.668,after-query,896900008,6,11.4054,10.8
8,pgadmin,24.923,after-query,896965544,6,11.4267,8.5
8,pgadmin,25.176,after-query,897031080,6,11.4475,8.0
8,pgadmin,25.431,after-query,897096616,6,11.4734,10.3
8,pgadmin,25.686,after-query,887462824,6,11.5259,20.4
8,pgadmin,25.942,after-query,887708584,6,11.5580,12.5
8,pgadmin,26.197,after-query,887659432,6,11.5790,8.3
8,pgadmin,26.448,after-query,887741352,6,11.6071,11.1
8,pgadmin,26.703,after-query,887806888,6,11.6268,7.8
8,pgadmin,26.953,after-query,887888808,6,11.6506,9.5
8,pgadmin,27.208,after-query,887937960,6,11.6750,9.7
9,pgpad,0.255,launch,20432168,2,0.1414,
9,pgpad,0.510,settle,48302600,4,0.3936,97.5
9,pgpad,0.761,settle,53136048,4,0.4903,38.6
9,pgpad,1.016,settle,231493232,5,0.7893,116.8
9,pgpad,1.272,settle,231263856,5,0.7913,0.8
9,pgpad,1.527,settle,225447536,5,0.7999,3.3
9,pgpad,1.782,settle,223153776,5,0.8148,6.0
9,pgpad,2.037,settle,221826672,5,0.8207,2.3
9,pgpad,2.291,settle,158191216,5,0.8247,1.6
9,pgpad,2.547,settle,157617776,5,0.8260,0.5
9,pgpad,2.802,settle,157568624,5,0.8271,0.4
9,pgpad,3.054,settle,157535856,5,0.8275,0.2
9,pgpad,3.309,settle,157372016,5,0.8282,0.3
9,pgpad,3.564,settle,157306480,5,0.8287,0.2
9,pgpad,3.819,settle,157306480,5,0.8291,0.2
9,pgpad,4.070,settle,157306480,5,0.8296,0.2
9,pgpad,4.325,settle,157306480,5,0.8299,0.1
9,pgpad,4.579,settle,157306480,5,0.8302,0.1
9,pgpad,4.830,settle,157306480,5,0.8302,0.0
9,pgpad,5.085,settle,157306480,5,0.8302,0.0
9,pgpad,5.337,settle,157175408,5,0.8311,0.4
9,pgpad,5.592,query,157175408,5,0.8371,2.4
9,pgpad,5.847,query,157109872,5,0.8377,0.2
9,pgpad,6.102,query,157077104,5,0.8382,0.2
9,pgpad,6.358,query,156962416,5,0.8384,0.1
9,pgpad,6.613,query,156929648,5,0.8387,0.1
9,pgpad,6.868,query,156880496,5,0.8391,0.2
9,pgpad,7.123,query,156880496,5,0.8391,0.0
9,pgpad,7.374,query,156749424,5,0.8392,0.0
9,pgpad,7.629,query,156749424,5,0.8392,0.0
9,pgpad,7.884,query,156749424,5,0.8392,0.0
9,pgpad,8.139,query,156749424,5,0.8392,0.0
9,pgpad,8.394,query,156749424,5,0.8392,0.0
9,pgpad,8.649,query,156749424,5,0.8392,0.0
9,pgpad,8.904,query,156716656,5,0.8493,4.0
9,pgpad,9.157,query,156716656,5,0.8540,1.9
9,pgpad,9.411,query,156700272,5,0.8549,0.3
9,pgpad,9.664,query,156700272,5,0.8555,0.2
9,pgpad,9.918,query,156700272,5,0.8562,0.3
9,pgpad,10.168,query,156700272,5,0.8568,0.3
9,pgpad,10.419,query,156700272,5,0.8570,0.1
9,pgpad,10.674,query,223022728,5,0.9043,18.6
9,pgpad,10.925,query,289230568,5,1.0197,45.8
9,pgpad,11.180,query,282037992,5,1.0254,2.2
9,pgpad,11.435,query,282037992,5,1.0288,1.4
9,pgpad,11.690,query,281890536,5,1.0312,0.9
9,pgpad,11.941,query,237211368,5,1.0914,24.0
9,pgpad,12.196,query,247746880,6,1.2275,53.3
9,pgpad,12.448,query,261411136,6,1.2531,10.2
9,pgpad,12.699,query,262033728,6,1.2763,9.2
9,pgpad,12.954,query,269128024,6,1.3141,14.8
9,pgpad,13.206,query,269095256,6,1.3163,0.9
9,pgpad,13.460,query,268144984,6,1.3387,8.8
9,pgpad,13.715,query,268276056,6,1.3559,6.6
9,pgpad,13.970,query,226726232,6,1.3587,1.1
9,pgpad,14.225,query,308089200,6,1.5281,67.0
9,pgpad,14.480,query,365564320,6,1.6267,38.3
9,pgpad,14.732,query,353161632,6,1.6291,1.0
9,pgpad,14.987,query,350884256,6,1.6422,5.1
9,pgpad,15.240,query,350589344,6,1.6437,0.6
9,pgpad,15.495,query,272978336,6,1.6593,6.1
9,pgpad,15.748,query,262345120,6,1.6620,1.1
9,pgpad,16.001,query,262279584,6,1.6734,4.4
9,pgpad,16.256,query,347623840,6,1.7125,15.4
9,pgpad,16.512,query,393482680,6,1.7790,25.9
9,pgpad,16.767,query,393597368,6,1.8001,8.4
9,pgpad,17.019,query,394777016,6,1.8713,27.5
9,pgpad,17.274,query,394793400,6,1.9054,13.6
9,pgpad,17.529,query,391025080,6,1.9759,27.8
9,pgpad,17.781,query,384897464,6,1.9791,1.3
9,pgpad,18.034,query,398299576,6,2.0284,19.3
9,pgpad,18.289,after-query,378589624,6,2.0879,23.5
9,pgpad,18.545,after-query,378540472,6,2.0925,1.8
9,pgpad,18.800,after-query,378491320,6,2.0952,1.1
9,pgpad,19.055,after-query,377360824,6,2.0976,0.9
9,pgpad,19.310,after-query,340447672,6,2.1013,1.5
9,pgpad,19.566,after-query,261755320,6,2.1024,0.4
9,pgpad,19.820,after-query,261738936,6,2.1032,0.3
9,pgpad,20.070,after-query,261738936,6,2.1040,0.4
9,pgpad,20.321,after-query,261706168,6,2.1049,0.3
9,pgpad,20.576,after-query,261657016,6,2.1055,0.3
9,pgpad,20.831,after-query,261558712,6,2.1060,0.2
9,pgpad,21.087,after-query,261624248,6,2.1119,2.3
9,pgpad,21.339,after-query,261624248,6,2.1128,0.3
9,pgpad,21.594,after-query,261558712,6,2.1137,0.4
9,pgpad,21.849,after-query,261558712,6,2.1143,0.2
9,pgpad,22.104,after-query,261558712,6,2.1148,0.2
9,pgpad,22.355,after-query,261558712,6,2.1155,0.3
9,pgpad,22.611,after-query,261558712,6,2.1159,0.2
9,pgpad,22.864,after-query,261558712,6,2.1159,0.0
9,pgpad,23.119,after-query,261558712,6,2.1159,0.0
9,pgpad,23.374,after-query,261558712,6,2.1159,0.0
9,dbgate,0.251,launch,9962408,1,0.1013,
9,dbgate,0.506,launch,53660744,3,0.3933,113.3
9,dbgate,0.761,launch,84184208,3,0.5823,73.9
9,dbgate,1.016,settle,212865752,4,0.9512,144.5
9,dbgate,1.271,settle,281139440,7,1.4108,180.8
9,dbgate,1.526,settle,598041264,8,2.3988,388.1
9,dbgate,1.781,settle,621978936,8,2.7874,151.2
9,dbgate,2.037,settle,622224696,8,2.8376,19.3
9,dbgate,2.292,settle,622617912,8,2.8813,17.1
9,dbgate,2.547,settle,622617912,8,2.9018,8.1
9,dbgate,2.802,settle,616654136,8,2.9180,6.3
9,dbgate,3.058,settle,616686904,8,2.9357,6.9
9,dbgate,3.313,settle,612083000,8,2.9454,3.9
9,dbgate,3.567,settle,612083000,8,2.9620,6.3
9,dbgate,3.819,settle,602088760,8,2.9727,4.3
9,dbgate,4.074,settle,591914272,8,2.9875,5.7
9,dbgate,4.330,settle,591897888,8,3.0006,5.2
9,dbgate,4.585,settle,591897888,8,3.0204,7.7
9,dbgate,4.840,settle,591897888,8,3.0322,4.7
9,dbgate,5.095,settle,591930656,8,3.0537,8.4
9,dbgate,5.350,settle,591914272,8,3.0677,5.5
9,dbgate,5.606,settle,591914272,8,3.0873,7.6
9,dbgate,5.861,settle,591865120,8,3.1025,6.0
9,dbgate,6.114,query,591865120,8,3.1132,4.3
9,dbgate,6.369,query,569615648,8,3.1330,7.6
9,dbgate,6.625,query,569615648,8,3.1493,6.3
9,dbgate,6.880,query,524969248,8,3.1688,7.6
9,dbgate,7.135,query,485893408,8,3.1869,7.1
9,dbgate,7.387,query,485909792,8,3.2048,7.2
9,dbgate,7.642,query,485909792,8,3.2199,5.8
9,dbgate,7.897,query,485926176,8,3.2351,6.0
9,dbgate,8.152,query,485909792,8,3.2483,5.2
9,dbgate,8.406,query,485926176,8,3.2641,6.3
9,dbgate,8.661,query,485909792,8,3.2784,5.5
9,dbgate,8.916,query,485844256,8,3.2936,5.9
9,dbgate,9.171,query,485827872,8,3.3067,5.3
9,dbgate,9.425,query,485893408,8,3.3189,4.8
9,dbgate,9.680,query,485893408,8,3.3299,4.3
9,dbgate,9.931,query,485909792,8,3.3418,4.8
9,dbgate,10.186,query,485893408,8,3.3539,4.7
9,dbgate,10.441,query,485909792,8,3.3676,5.4
9,dbgate,10.692,query,485893408,8,3.3821,5.8
9,dbgate,10.946,query,485909792,8,3.3959,5.5
9,dbgate,11.197,query,485877024,8,3.4081,4.8
9,dbgate,11.452,query,485909792,8,3.4208,5.0
9,dbgate,11.707,query,485893408,8,3.4319,4.4
9,dbgate,11.958,query,545252640,8,3.4833,20.1
9,dbgate,12.210,query,607315232,8,3.5432,24.2
9,dbgate,12.465,query,607298848,8,3.5629,7.6
9,dbgate,12.716,query,607921440,8,3.5980,13.9
9,dbgate,12.971,query,608265696,9,3.6606,25.0
9,dbgate,13.226,query,664480160,9,3.9604,115.8
9,dbgate,13.481,query,725674520,9,4.2684,121.3
9,dbgate,13.735,query,726280728,9,4.3028,13.8
9,dbgate,13.990,query,726297112,9,4.3172,5.5
9,dbgate,14.242,query,746252848,9,4.6153,118.9
9,dbgate,14.493,query,757246536,9,4.8306,86.5
9,dbgate,14.748,query,763980360,9,5.1297,117.2
9,dbgate,15.003,query,765012552,9,5.3538,87.7
9,dbgate,15.257,query,770878024,9,5.5865,92.1
9,dbgate,15.513,query,777202272,9,5.8249,92.8
9,dbgate,15.767,query,781068896,9,6.0124,73.8
9,dbgate,16.018,query,785754720,9,6.2069,77.6
9,dbgate,16.273,query,790489696,9,6.3706,64.3
9,dbgate,16.526,query,795404896,9,6.5078,54.2
9,dbgate,16.781,query,798943864,9,6.6366,50.3
9,dbgate,17.036,query,796076664,9,6.8428,81.0
9,dbgate,17.291,query,796093048,9,6.9995,61.3
9,dbgate,17.544,query,796109432,9,7.1571,62.2
9,dbgate,17.797,query,796109432,9,7.2499,36.5
9,dbgate,18.052,query,770583160,9,7.4068,61.7
9,dbgate,18.308,query,770484856,9,7.5613,60.3
9,dbgate,18.563,query,696789624,9,7.6712,43.5
9,dbgate,18.817,query,699132536,9,7.8118,55.3
9,dbgate,19.073,query,699656824,9,7.9577,57.8
9,dbgate,19.327,query,699640440,9,7.9967,15.0
9,dbgate,19.578,after-query,699640440,9,8.0186,8.8
9,dbgate,19.833,after-query,699083384,9,8.0321,5.3
9,dbgate,20.088,after-query,699099768,9,8.0501,7.0
9,dbgate,20.343,after-query,693840504,9,8.0656,6.1
9,dbgate,20.596,after-query,693398136,9,8.0851,7.7
9,dbgate,20.851,after-query,683010680,9,8.1043,7.5
9,dbgate,21.106,after-query,673196664,9,8.1191,5.8
9,dbgate,21.361,after-query,673278584,9,8.1388,7.7
9,dbgate,21.616,after-query,660122232,9,8.1604,8.5
9,dbgate,21.872,after-query,660105848,9,8.1737,5.2
9,dbgate,22.127,after-query,659991160,9,8.1926,7.4
9,dbgate,22.382,after-query,659974776,9,8.2074,5.8
9,dbgate,22.637,after-query,659991160,9,8.2257,7.2
9,dbgate,22.893,after-query,659974776,9,8.2378,4.7
9,dbgate,23.145,after-query,659958392,9,8.2556,7.1
9,dbgate,23.398,after-query,659974776,9,8.2686,5.1
9,dbgate,23.653,after-query,659991160,9,8.2859,6.7
9,dbgate,23.908,after-query,659974776,9,8.2994,5.3
9,pgadmin,0.255,launch,28968256,1,0.1580,
9,pgadmin,0.510,launch,111842368,5,0.6253,180.5
9,pgadmin,0.765,launch,156308592,5,0.8937,105.7
9,pgadmin,1.021,launch,168367240,5,1.1281,91.3
9,pgadmin,1.276,launch,177657016,5,1.3514,87.7
9,pgadmin,1.531,launch,192222392,5,1.5859,92.2
9,pgadmin,1.786,launch,203297976,5,1.8252,93.8
9,pgadmin,2.041,launch,212440272,5,2.0620,93.0
9,pgadmin,2.296,launch,221811920,5,2.2965,91.6
9,pgadmin,2.551,launch,251516568,6,2.7747,188.0
9,pgadmin,2.804,launch,235754752,5,2.7668,93.3
9,pgadmin,3.057,launch,245912832,5,3.0041,93.8
9,pgadmin,3.312,launch,255284480,5,3.2532,98.8
9,pgadmin,3.567,launch,262558976,5,3.4669,82.9
9,pgadmin,3.822,launch,262935808,5,3.4805,5.3
9,pgadmin,4.077,launch,265458944,5,3.5327,20.6
9,pgadmin,4.329,settle,338351648,5,3.9145,185.3
9,pgadmin,4.584,settle,472225360,5,4.2717,137.8
9,pgadmin,4.839,settle,501372568,5,4.6623,152.9
9,pgadmin,5.095,settle,690870176,5,5.2150,217.1
9,pgadmin,5.350,settle,685447240,5,5.5210,117.9
9,pgadmin,5.605,settle,695425144,5,5.7851,104.6
9,pgadmin,5.857,settle,805542128,5,6.0164,90.9
9,pgadmin,6.112,settle,806312176,5,6.0880,28.3
9,pgadmin,6.367,settle,816945992,6,6.2207,9.4
9,pgadmin,6.621,settle,817011528,6,6.2484,10.7
9,pgadmin,6.872,settle,811998024,6,6.2744,10.3
9,pgadmin,7.127,settle,812129096,6,6.3031,11.5
9,pgadmin,7.377,settle,759192392,6,6.3369,13.1
9,pgadmin,7.632,settle,759274312,6,6.3729,14.3
9,pgadmin,7.887,settle,759585608,6,6.4333,23.9
9,pgadmin,8.143,settle,759683912,6,6.4612,10.8
9,pgadmin,8.394,settle,759798600,6,6.4967,14.4
9,pgadmin,8.649,settle,759880520,6,6.5249,10.9
9,pgadmin,8.905,settle,759995208,6,6.5591,13.4
9,pgadmin,9.160,settle,760060744,6,6.5878,11.3
9,pgadmin,9.414,query,760093512,6,6.6112,9.4
9,pgadmin,9.669,query,760208224,6,6.6470,13.7
9,pgadmin,9.925,query,762403656,6,6.7199,28.6
9,pgadmin,10.180,query,762518344,6,6.7553,13.8
9,pgadmin,10.434,query,762731336,6,6.7878,12.9
9,pgadmin,10.686,query,762862408,6,6.8156,11.1
9,pgadmin,10.941,query,623024968,6,6.8445,11.2
9,pgadmin,11.197,query,623090504,6,6.8730,11.2
9,pgadmin,11.452,query,623172424,6,6.9109,14.8
9,pgadmin,11.707,query,623483720,6,6.9727,24.4
9,pgadmin,11.962,query,623696712,6,7.0030,11.9
9,pgadmin,12.217,query,623811400,6,7.0301,10.6
9,pgadmin,12.472,query,623975240,6,7.0600,11.9
9,pgadmin,12.727,query,624089928,6,7.0847,9.6
9,pgadmin,12.982,query,624221000,6,7.1125,11.0
9,pgadmin,13.237,query,624401224,6,7.1392,10.5
9,pgadmin,13.490,query,624532296,6,7.1620,9.0
9,pgadmin,13.740,query,626269000,6,7.2193,22.8
9,pgadmin,13.995,query,626350920,6,7.2411,8.6
9,pgadmin,14.248,query,626498376,6,7.2606,7.7
9,pgadmin,14.503,query,626678600,6,7.2907,11.7
9,pgadmin,14.759,query,626793288,6,7.3176,10.6
9,pgadmin,15.014,query,626940744,6,7.3453,10.9
9,pgadmin,15.268,query,627104584,6,7.3655,7.9
9,pgadmin,15.520,query,656481120,6,7.4237,23.2
9,pgadmin,15.775,query,733338440,6,7.9289,195.3
9,pgadmin,16.030,query,734075720,6,7.9637,13.9
9,pgadmin,16.285,query,734075720,6,7.9829,7.3
9,pgadmin,16.540,query,734075720,6,8.0055,9.0
9,pgadmin,16.795,query,734108488,6,8.0280,8.8
9,pgadmin,17.050,query,732011336,6,8.0513,9.2
9,pgadmin,17.305,query,797350728,6,8.2587,81.3
9,pgadmin,17.558,query,804576096,6,8.4716,84.4
9,pgadmin,17.813,query,811588424,6,8.6130,55.3
9,pgadmin,18.069,query,814881608,6,8.7159,40.0
9,pgadmin,18.324,query,822844256,6,8.9018,72.9
9,pgadmin,18.577,query,832117624,6,9.0601,63.1
9,pgadmin,18.829,query,835214200,6,9.1379,30.1
9,pgadmin,19.082,query,854236024,6,9.3558,87.8
9,pgadmin,19.337,query,862935928,6,9.4941,54.3
9,pgadmin,19.590,query,867834744,6,9.6182,49.0
9,pgadmin,19.845,query,890100600,6,9.8056,73.3
9,pgadmin,20.099,query,898620280,6,9.9129,42.4
9,pgadmin,20.354,query,903158672,6,10.0313,46.2
9,pgadmin,20.609,query,914856872,6,10.2349,80.2
9,pgadmin,20.864,query,917248936,6,10.3914,60.6
9,pgadmin,21.119,query,916577216,6,10.7774,153.2
9,pgadmin,21.374,query,917937088,6,10.9267,58.6
9,pgadmin,21.629,query,918428632,6,11.0359,42.8
9,pgadmin,21.882,query,918690776,6,11.1978,63.4
9,pgadmin,22.135,query,919428056,6,11.3665,68.0
9,pgadmin,22.390,query,919362520,6,11.4559,34.7
9,pgadmin,22.645,query,916888536,6,11.4824,10.4
9,pgadmin,22.899,after-query,916888536,6,11.5062,9.4
9,pgadmin,23.154,after-query,916888536,6,11.5286,8.7
9,pgadmin,23.407,after-query,914791384,6,11.5505,8.9
9,pgadmin,23.662,after-query,889707456,6,11.6075,22.1
9,pgadmin,23.917,after-query,889723840,6,11.6302,8.8
9,pgadmin,24.172,after-query,889740224,6,11.6544,9.4
9,pgadmin,24.427,after-query,883432384,6,11.6759,8.5
9,pgadmin,24.682,after-query,883432384,6,11.6979,8.7
9,pgadmin,24.936,after-query,883432384,6,11.7153,6.8
9,pgadmin,25.191,after-query,883432384,6,11.7359,8.0
9,pgadmin,25.444,after-query,883448768,6,11.7593,9.3
9,pgadmin,25.698,after-query,883448768,6,11.8100,20.0
9,pgadmin,25.949,after-query,861592536,6,11.8379,11.2
9,pgadmin,26.204,after-query,861592536,6,11.8616,9.3
9,pgadmin,26.457,after-query,861510616,6,11.8844,9.1
9,pgadmin,26.712,after-query,861510616,6,11.9012,6.5
9,pgadmin,26.967,after-query,861510616,6,11.9250,9.3
9,pgadmin,27.217,after-query,837540824,6,11.9503,10.4
9,dbeaver,0.255,launch,17826704,1,0.0975,
9,dbeaver,0.509,launch,60883928,1,0.4824,149.6
9,dbeaver,0.760,launch,104678432,1,1.0819,239.0
9,dbeaver,1.015,launch,134366288,1,1.6288,213.7
9,dbeaver,1.270,launch,158778448,1,2.2902,259.2
9,dbeaver,1.525,launch,179193152,1,2.8814,233.0
9,dbeaver,1.780,launch,215483784,1,3.7064,323.7
9,dbeaver,2.035,launch,257721784,1,4.0857,148.6
9,dbeaver,2.287,launch,270910904,1,4.7921,281.2
9,dbeaver,2.542,launch,281150904,1,5.5592,299.5
9,dbeaver,2.797,launch,292095440,1,6.4836,362.6
9,dbeaver,3.052,launch,308790784,1,7.2951,318.3
9,dbeaver,3.307,launch,318178816,1,7.9926,274.3
9,dbeaver,3.562,launch,340592488,1,8.5532,219.9
9,dbeaver,3.817,settle,837225064,2,9.3393,308.2
9,dbeaver,4.072,settle,910166632,2,10.0606,283.8
9,dbeaver,4.326,settle,914688640,2,10.3783,124.4
9,dbeaver,4.581,settle,985156224,2,11.2739,350.3
9,dbeaver,4.836,settle,983566976,2,11.3043,11.8
9,dbeaver,5.091,settle,900729472,2,11.3531,19.2
9,dbeaver,5.342,settle,828344960,2,11.3709,7.2
9,dbeaver,5.594,settle,827738752,2,11.3797,3.4
9,dbeaver,5.849,settle,787778176,2,11.3937,5.5
9,dbeaver,6.105,settle,720636544,2,11.4037,3.9
9,dbeaver,6.360,settle,720652928,2,11.4176,5.5
9,dbeaver,6.614,settle,720652928,2,11.4252,3.0
9,dbeaver,6.865,settle,720652928,2,11.4478,8.9
9,dbeaver,7.116,settle,720652928,2,11.4565,3.5
9,dbeaver,7.367,settle,720685696,2,11.4701,5.4
9,dbeaver,7.621,settle,720685696,2,11.4876,7.0
9,dbeaver,7.875,settle,720685696,2,11.4990,4.5
9,dbeaver,8.131,settle,720636544,2,11.5111,4.7
9,dbeaver,8.386,settle,720636544,2,11.5231,4.7
9,dbeaver,8.638,settle,720358016,2,11.5348,4.7
9,dbeaver,8.893,query,720374400,2,11.5448,4.0
9,dbeaver,9.144,query,720259712,2,11.5578,5.2
9,dbeaver,9.399,query,720259712,2,11.5646,2.6
9,dbeaver,9.655,query,720276096,2,11.5745,3.9
9,dbeaver,9.910,query,720276096,2,11.5862,4.6
9,dbeaver,10.165,query,720276096,2,11.5918,2.2
9,dbeaver,10.420,query,720276096,2,11.6040,4.9
9,dbeaver,10.675,query,720276096,2,11.6109,2.6
9,dbeaver,10.931,query,720243328,2,11.6249,5.5
9,dbeaver,11.186,query,720243328,2,11.6319,2.7
9,dbeaver,11.440,query,720276096,2,11.6442,4.8
9,dbeaver,11.695,query,720308864,2,11.6569,5.0
9,dbeaver,11.950,query,720308864,2,11.6688,4.7
9,dbeaver,12.205,query,720325248,2,11.6788,4.0
9,dbeaver,12.458,query,682478208,2,11.6836,1.9
9,dbeaver,12.712,query,720325248,2,11.6934,3.9
9,dbeaver,12.966,query,720325248,2,11.7024,3.5
9,dbeaver,13.218,query,720325248,2,11.7120,3.8
9,dbeaver,13.473,query,720325248,2,11.7187,2.6
9,dbeaver,13.725,query,720325248,2,11.7263,3.0
9,dbeaver,13.980,query,720374376,2,11.7523,10.0
9,dbeaver,14.235,query,759204456,2,11.8279,29.8
9,dbeaver,14.488,query,759122536,2,11.8402,4.8
9,dbeaver,14.745,query,758745704,2,11.9170,30.2
9,dbeaver,15.001,query,761498216,2,12.0512,52.0
9,dbeaver,15.256,query,761317992,2,12.0773,10.3
9,dbeaver,15.511,query,761465448,2,12.0965,7.4
9,dbeaver,15.766,query,761629288,2,12.1364,15.7
9,dbeaver,16.022,query,720718440,2,12.1500,5.3
9,dbeaver,16.277,query,720652904,2,12.1615,4.6
9,dbeaver,16.532,query,807324264,2,12.3629,78.1
9,dbeaver,16.787,query,865389160,2,13.0937,288.8
9,dbeaver,17.041,query,956828264,2,13.6854,232.6
9,dbeaver,17.296,query,928582248,2,13.9028,85.5
9,dbeaver,17.551,query,926550632,2,14.0257,48.2
9,dbeaver,17.806,query,926567016,2,14.0466,8.0
9,dbeaver,18.062,query,884296296,2,14.0695,9.1
9,dbeaver,18.317,query,739871360,2,14.2152,57.7
9,dbeaver,18.571,query,740067968,2,14.2637,19.3
9,dbeaver,18.826,query,740215424,2,14.3906,49.4
9,dbeaver,19.081,query,735431296,2,14.4703,31.5
9,dbeaver,19.336,query,735529600,2,14.5476,30.3
9,dbeaver,19.591,query,735545984,2,14.6263,30.2
9,dbeaver,19.846,query,746883712,2,14.7818,61.9
9,dbeaver,20.097,query,747145856,2,14.9162,53.6
9,dbeaver,20.347,query,745556608,2,15.0422,51.1
9,dbeaver,20.602,query,745638528,2,15.0920,19.2
9,dbeaver,20.854,query,745687680,2,15.1780,34.0
9,dbeaver,21.109,query,865815168,2,15.3704,76.0
9,dbeaver,21.364,query,852494976,2,15.4451,29.3
9,dbeaver,21.618,query,848300672,2,15.5055,23.4
9,dbeaver,21.870,query,848415360,2,15.5693,25.6
9,dbeaver,22.125,query,797952640,2,15.6246,21.5
9,dbeaver,22.380,after-query,739592832,2,15.6468,8.9
9,dbeaver,22.635,after-query,739543680,2,15.6565,3.7
9,dbeaver,22.891,after-query,737102464,2,15.6698,5.2
9,dbeaver,23.146,after-query,737102464,2,15.6748,2.0
9,dbeaver,23.401,after-query,725879424,2,15.6935,7.3
9,dbeaver,23.657,after-query,725879424,2,15.7004,2.7
9,dbeaver,23.912,after-query,725781120,2,15.7120,4.5
9,dbeaver,24.167,after-query,725781120,2,15.7159,1.5
9,dbeaver,24.422,after-query,725813888,2,15.7278,4.6
9,dbeaver,24.674,after-query,725846656,2,15.7443,6.6
9,dbeaver,24.929,after-query,725846656,2,15.7581,5.4
9,dbeaver,25.185,after-query,725846656,2,15.7629,1.9
9,dbeaver,25.440,after-query,725863040,2,15.7725,3.8
9,dbeaver,25.694,after-query,725699200,2,15.7844,4.6
9,dbeaver,25.949,after-query,725518976,2,15.7915,2.8
9,dbeaver,26.204,after-query,725518976,2,15.8035,4.7
9,dbeaver,26.454,after-query,725518976,2,15.8115,3.2
9,dbeaver,26.710,after-query,725518976,2,15.8220,4.1
9,dbeaver,26.965,after-query,725535360,2,15.8370,6.0
10,pgpad,0.255,launch,20120824,2,0.1409,
10,pgpad,0.510,settle,47712776,4,0.3950,98.1
10,pgpad,0.766,settle,49924760,4,0.4911,37.5
10,pgpad,1.021,settle,225349304,5,0.7858,117.6
10,pgpad,1.275,settle,225103544,5,0.7878,0.8
10,pgpad,1.527,settle,221384376,5,0.7991,4.5
10,pgpad,1.778,settle,216288952,5,0.8226,9.6
10,pgpad,2.033,settle,199528120,5,0.8273,1.8
10,pgpad,2.288,settle,156847800,5,0.8303,1.2
10,pgpad,2.543,settle,156470968,5,0.8320,0.7
10,pgpad,2.798,settle,156225208,5,0.8331,0.5
10,pgpad,3.049,settle,155913912,5,0.8340,0.3
10,pgpad,3.304,settle,155913912,5,0.8345,0.2
10,pgpad,3.560,settle,155864760,5,0.8349,0.2
10,pgpad,3.814,settle,155864760,5,0.8352,0.1
10,pgpad,4.069,settle,155864760,5,0.8355,0.1
10,pgpad,4.325,settle,155864760,5,0.8358,0.1
10,pgpad,4.579,settle,155864760,5,0.8362,0.1
10,pgpad,4.834,settle,155864760,5,0.8362,0.0
10,pgpad,5.089,settle,155864760,5,0.8362,0.0
10,pgpad,5.340,settle,155864760,5,0.8366,0.2
10,pgpad,5.594,query,155684536,5,0.8434,2.7
10,pgpad,5.848,query,155684536,5,0.8437,0.1
10,pgpad,6.098,query,155389624,5,0.8449,0.5
10,pgpad,6.350,query,155389624,5,0.8451,0.1
10,pgpad,6.605,query,155340472,5,0.8455,0.2
10,pgpad,6.856,query,155340472,5,0.8457,0.1
10,pgpad,7.111,query,155225784,5,0.8460,0.1
10,pgpad,7.366,query,155225784,5,0.8460,0.0
10,pgpad,7.621,query,155225784,5,0.8460,0.0
10,pgpad,7.875,query,155225784,5,0.8460,0.0
10,pgpad,8.128,query,155225784,5,0.8460,0.0
10,pgpad,8.383,query,155225784,5,0.8460,0.0
10,pgpad,8.638,query,155225784,5,0.8460,0.0
10,pgpad,8.893,query,155143864,5,0.8553,3.7
10,pgpad,9.148,query,155143864,5,0.8596,1.7
10,pgpad,9.403,query,155143864,5,0.8602,0.2
10,pgpad,9.657,query,155143864,5,0.8609,0.3
10,pgpad,9.912,query,155143864,5,0.8614,0.2
10,pgpad,10.167,query,155127480,5,0.8621,0.3
10,pgpad,10.420,query,155127480,5,0.8623,0.1
10,pgpad,10.673,query,221531856,5,0.9072,17.5
10,pgpad,10.929,query,287215384,5,1.0200,43.8
10,pgpad,11.184,query,280071960,5,1.0264,2.5
10,pgpad,11.439,query,280071960,5,1.0303,1.5
10,pgpad,11.694,query,279908120,5,1.0337,1.3
10,pgpad,11.949,query,242896664,5,1.0894,21.9
10,pgpad,12.202,query,246944112,6,1.2275,54.8
10,pgpad,12.458,query,260444528,6,1.2525,9.8
10,pgpad,12.713,query,261345648,6,1.2744,8.6
10,pgpad,12.966,query,265769352,6,1.3121,14.8
10,pgpad,13.222,query,265752968,6,1.3136,0.6
10,pgpad,13.477,query,264802696,6,1.3372,9.2
10,pgpad,13.729,query,264835464,6,1.3553,7.2
10,pgpad,13.984,query,223269256,6,1.3579,1.0
10,pgpad,14.234,query,292295072,6,1.5085,60.6
10,pgpad,14.489,query,359141816,6,1.6621,60.1
10,pgpad,14.745,query,354488760,6,1.6643,0.9
10,pgpad,15.000,query,351293880,6,1.6774,5.2
10,pgpad,15.254,query,350507448,6,1.6788,0.5
10,pgpad,15.510,query,278958520,6,1.6906,4.5
10,pgpad,15.765,query,258527672,6,1.6948,1.7
10,pgpad,16.020,query,258494904,6,1.7044,3.8
10,pgpad,16.271,query,336777656,6,1.7302,10.4
10,pgpad,16.526,query,388157904,6,1.8069,29.5
10,pgpad,16.781,query,388256208,6,1.8304,9.5
10,pgpad,17.033,query,389059024,6,1.9096,31.2
10,pgpad,17.288,query,389124560,6,1.9449,13.7
10,pgpad,17.543,query,389796304,6,2.0109,26.1
10,pgpad,17.798,query,383635920,6,2.0151,1.6
10,pgpad,18.053,query,399167976,6,2.0683,21.2
10,pgpad,18.308,after-query,379195880,6,2.1139,17.9
10,pgpad,18.563,after-query,378917352,6,2.1188,1.9
10,pgpad,18.818,after-query,378393064,6,2.1216,1.1
10,pgpad,19.073,after-query,378393064,6,2.1228,0.5
10,pgpad,19.328,after-query,334926312,6,2.1265,1.5
10,pgpad,19.582,after-query,258609640,6,2.1277,0.5
10,pgpad,19.835,after-query,258576872,6,2.1288,0.4
10,pgpad,20.091,after-query,258576872,6,2.1293,0.2
10,pgpad,20.346,after-query,258478568,6,2.1303,0.4
10,pgpad,20.601,after-query,258478568,6,2.1306,0.1
10,pgpad,20.855,after-query,258380264,6,2.1314,0.3
10,pgpad,21.110,after-query,258413032,6,2.1357,1.7
10,pgpad,21.365,after-query,258413032,6,2.1366,0.3
10,pgpad,21.620,after-query,258347496,6,2.1371,0.2
10,pgpad,21.876,after-query,258347496,6,2.1379,0.3
10,pgpad,22.129,after-query,258347496,6,2.1384,0.2
10,pgpad,22.383,after-query,258347496,6,2.1392,0.3
10,pgpad,22.635,after-query,258347496,6,2.1394,0.0
10,pgpad,22.890,after-query,258347496,6,2.1394,0.0
10,pgpad,23.144,after-query,258167272,6,2.1400,0.2
10,pgpad,23.399,after-query,258167272,6,2.1400,0.0
10,pgadmin,0.253,launch,25625992,1,0.1433,
10,pgadmin,0.504,launch,86643440,5,0.5607,163.7
10,pgadmin,0.759,launch,165598440,5,0.8648,119.3
10,pgadmin,1.014,launch,173298920,5,1.0961,90.7
10,pgadmin,1.270,launch,184849640,5,1.3261,90.2
10,pgadmin,1.522,launch,194499864,5,1.5439,86.6
10,pgadmin,1.776,launch,216241432,5,1.7834,94.1
10,pgadmin,2.031,launch,216913176,5,2.0208,93.0
10,pgadmin,2.287,launch,228873520,5,2.2632,94.6
10,pgadmin,2.542,launch,250205944,6,2.6308,143.7
10,pgadmin,2.796,launch,241915160,5,2.7186,89.0
10,pgadmin,3.051,launch,251286856,5,2.9620,95.8
10,pgadmin,3.304,launch,260838728,5,3.2067,97.6
10,pgadmin,3.560,launch,271324488,5,3.4538,95.8
10,pgadmin,3.815,launch,272700744,5,3.5415,34.5
10,pgadmin,4.069,launch,274601288,5,3.5886,18.5
10,pgadmin,4.322,settle,288593392,5,3.7877,108.9
10,pgadmin,4.575,settle,433444504,5,4.2821,197.3
10,pgadmin,4.830,settle,484562680,5,4.6564,145.2
10,pgadmin,5.085,settle,676009960,5,5.2487,225.9
10,pgadmin,5.338,settle,685119680,5,5.5025,103.6
10,pgadmin,5.592,settle,700094680,5,5.7830,109.2
10,pgadmin,5.847,settle,774052128,5,6.1038,125.0
10,pgadmin,6.102,settle,774822176,5,6.1577,21.5
10,pgadmin,6.357,settle,785570680,6,6.2925,52.3
10,pgadmin,6.609,settle,785652600,6,6.3176,10.0
10,pgadmin,6.865,settle,783653752,6,6.3493,12.3
10,pgadmin,7.117,settle,781491064,6,6.3835,13.5
10,pgadmin,7.372,settle,749689720,6,6.4236,15.7
10,pgadmin,7.627,settle,749771640,6,6.4597,14.2
10,pgadmin,7.882,settle,750050168,6,6.5236,24.9
10,pgadmin,8.137,settle,750132088,6,6.5511,10.9
10,pgadmin,8.393,settle,750279544,6,6.5872,14.1
10,pgadmin,8.648,settle,750345080,6,6.6192,12.5
10,pgadmin,8.902,settle,750443384,6,6.6470,10.9
10,pgadmin,9.154,settle,750492536,6,6.6773,12.2
10,pgadmin,9.407,query,750574456,6,6.6994,8.8
10,pgadmin,9.660,query,750672760,6,6.7250,10.1
10,pgadmin,9.912,query,752163704,6,6.8043,30.9
10,pgadmin,10.167,query,752327544,6,6.8400,14.0
10,pgadmin,10.422,query,752442232,6,6.8672,10.6
10,pgadmin,10.678,query,752638840,6,6.8991,12.5
10,pgadmin,10.933,query,627153784,6,6.9407,16.3
10,pgadmin,11.188,query,627186552,6,6.9725,12.5
10,pgadmin,11.443,query,627317624,6,6.9981,10.1
10,pgadmin,11.698,query,627465080,6,7.0269,11.2
10,pgadmin,11.954,query,627825528,6,7.0834,22.0
10,pgadmin,12.209,query,627989368,6,7.1144,12.2
10,pgadmin,12.464,query,628153208,6,7.1379,9.3
10,pgadmin,12.719,query,628251512,6,7.1600,8.8
10,pgadmin,12.974,query,628398968,6,7.1860,10.2
10,pgadmin,13.229,query,628562808,6,7.2108,9.7
10,pgadmin,13.484,query,628693880,6,7.2324,8.5
10,pgadmin,13.739,query,628792184,6,7.2555,9.0
10,pgadmin,13.993,query,630627192,6,7.3102,21.7
10,pgadmin,14.248,query,630774648,6,7.3336,9.2
10,pgadmin,14.503,query,630987640,6,7.3645,12.0
10,pgadmin,14.754,query,631069560,6,7.3869,8.9
10,pgadmin,15.010,query,631233400,6,7.4177,12.0
10,pgadmin,15.263,query,631348088,6,7.4417,9.5
10,pgadmin,15.518,query,631495544,6,7.4682,10.5
10,pgadmin,15.773,query,741448592,6,7.9641,194.5
10,pgadmin,16.025,query,742202232,6,7.9984,13.3
10,pgadmin,16.280,query,742185848,6,8.0187,8.0
10,pgadmin,16.535,query,742185848,6,8.0387,8.0
10,pgadmin,16.788,query,742218616,6,8.0531,5.6
10,pgadmin,17.044,query,740137848,6,8.0774,9.5
10,pgadmin,17.296,query,799808376,6,8.2410,64.6
10,pgadmin,17.548,query,804117392,6,8.4420,79.0
10,pgadmin,17.803,query,805297040,6,8.5622,48.3
10,pgadmin,18.058,query,811457424,6,8.7280,63.8
10,pgadmin,18.313,query,818322344,6,8.8931,65.3
10,pgadmin,18.568,query,826596264,6,9.0080,45.0
10,pgadmin,18.822,query,833510312,6,9.1333,49.3
10,pgadmin,19.073,query,838097832,6,9.2831,59.6
10,pgadmin,19.329,query,856005568,6,9.4886,80.5
10,pgadmin,19.584,query,859151296,6,9.5797,35.6
10,pgadmin,19.839,query,880253888,6,9.7952,85.1
10,pgadmin,20.094,query,889281472,6,9.9176,47.3
10,pgadmin,20.349,query,894393304,6,10.0481,51.3
10,pgadmin,20.602,query,896572376,6,10.1959,57.3
10,pgadmin,20.853,query,909597656,6,10.3632,67.9
10,pgadmin,21.108,query,905436144,6,10.4518,34.9
10,pgadmin,21.362,query,919149552,6,10.6521,78.9
10,pgadmin,21.617,query,922459120,6,10.7347,32.2
10,pgadmin,21.870,query,928848880,6,10.8793,57.7
10,pgadmin,22.121,query,939940848,6,11.0379,62.7
10,pgadmin,22.372,query,941218800,6,11.0968,23.3
10,pgadmin,22.628,query,943119344,6,11.1638,26.1
10,pgadmin,22.883,after-query,943201264,6,11.1918,11.0
10,pgadmin,23.138,after-query,943283184,6,11.2152,9.2
10,pgadmin,23.389,after-query,943348720,6,11.2347,7.8
10,pgadmin,23.643,after-query,916970432,6,11.2580,9.2
10,pgadmin,23.897,after-query,917511104,6,11.3050,18.2
10,pgadmin,24.150,after-query,917609408,6,11.3260,8.4
10,pgadmin,24.405,after-query,917707712,6,11.3496,9.4
10,pgadmin,24.658,after-query,917756864,6,11.3722,9.1
10,pgadmin,24.914,after-query,916249536,6,11.3960,9.1
10,pgadmin,25.169,after-query,916331456,6,11.4166,8.3
10,pgadmin,25.424,after-query,916396992,6,11.4403,9.2
10,pgadmin,25.679,after-query,916478912,6,11.4673,10.5
10,pgadmin,25.934,after-query,890346432,6,11.5230,21.8
10,pgadmin,26.190,after-query,890428352,6,11.5493,10.3
10,pgadmin,26.444,after-query,890477504,6,11.5753,10.2
10,pgadmin,26.697,after-query,890510272,6,11.5974,8.8
10,pgadmin,26.952,after-query,890592192,6,11.6212,9.2
10,pgadmin,27.204,after-query,890608576,6,11.6417,8.4
10,pgadmin,27.459,after-query,871373760,6,11.6619,8.1
10,dbgate,0.255,launch,9700240,1,0.1034,
10,dbgate,0.510,launch,53038152,3,0.3794,106.9
10,dbgate,0.764,launch,85413008,3,0.5912,82.1
10,dbgate,1.015,settle,193712856,4,0.9472,143.7
10,dbgate,1.271,settle,282007504,5,1.3758,167.6
10,dbgate,1.526,settle,594256848,8,2.3385,379.9
10,dbgate,1.781,settle,619717992,8,2.7403,156.2
10,dbgate,2.036,settle,619783528,8,2.7763,14.0
10,dbgate,2.288,settle,620242280,8,2.8356,23.3
10,dbgate,2.541,settle,620373352,8,2.8958,23.6
10,dbgate,2.796,settle,597648744,8,2.9418,18.3
10,dbgate,3.051,settle,607757672,8,3.0131,27.9
10,dbgate,3.306,settle,607741288,8,3.0297,6.5
10,dbgate,3.562,settle,607741288,8,3.0487,7.5
10,dbgate,3.817,settle,607741288,8,3.0621,5.2
10,dbgate,4.070,settle,607774056,8,3.0811,7.5
10,dbgate,4.324,settle,602908008,8,3.0950,5.5
10,dbgate,4.579,settle,602908008,8,3.1092,5.6
10,dbgate,4.834,settle,592913768,8,3.1221,5.0
10,dbgate,5.089,settle,582165840,8,3.1461,9.3
10,dbgate,5.339,settle,582149456,8,3.1569,4.3
10,dbgate,5.594,settle,582116688,8,3.1761,7.5
10,dbgate,5.845,settle,582116688,8,3.1888,5.1
10,dbgate,6.100,query,578970984,8,3.2027,5.6
10,dbgate,6.352,query,578970984,8,3.2158,5.1
10,dbgate,6.607,query,564569448,8,3.2403,9.7
10,dbgate,6.862,query,564569448,8,3.2518,4.4
10,dbgate,7.117,query,520217960,8,3.2711,7.7
10,dbgate,7.372,query,514794856,8,3.2865,6.1
10,dbgate,7.627,query,514778472,8,3.3026,6.2
10,dbgate,7.880,query,514778472,8,3.3158,5.2
10,dbgate,8.136,query,483239272,8,3.3325,6.5
10,dbgate,8.390,query,483255656,8,3.3509,7.2
10,dbgate,8.645,query,483239272,8,3.3647,5.5
10,dbgate,8.898,query,483272040,8,3.3794,5.8
10,dbgate,9.154,query,483190120,8,3.3937,5.6
10,dbgate,9.407,query,483255656,8,3.4059,4.9
10,dbgate,9.662,query,483239272,8,3.4196,5.3
10,dbgate,9.915,query,483272040,8,3.4297,4.0
10,dbgate,10.165,query,483255656,8,3.4404,4.3
10,dbgate,10.418,query,483288424,8,3.4539,5.4
10,dbgate,10.673,query,483272040,8,3.4691,6.0
10,dbgate,10.928,query,483288424,8,3.4839,5.8
10,dbgate,11.182,query,483255656,8,3.4963,4.9
10,dbgate,11.437,query,483288424,8,3.5089,4.9
10,dbgate,11.692,query,483272040,8,3.5214,5.0
10,dbgate,11.947,query,546334056,8,3.5741,20.4
10,dbgate,12.199,query,608527720,8,3.6405,26.4
10,dbgate,12.454,query,608511336,8,3.6528,4.8
10,dbgate,12.707,query,612066664,8,3.7679,45.7
10,dbgate,12.962,query,612296040,8,3.8043,14.0
10,dbgate,13.216,query,667445736,9,4.1170,44.3
10,dbgate,13.470,query,740698720,9,4.4304,122.1
10,dbgate,13.725,query,741681760,9,4.4770,18.2
10,dbgate,13.981,query,741681760,9,4.4915,5.6
10,dbgate,14.236,query,756148832,9,4.7229,91.8
10,dbgate,14.487,query,766257808,9,5.0178,116.9
10,dbgate,14.739,query,767928976,9,5.2533,95.2
10,dbgate,14.992,query,779070096,9,5.4841,90.2
10,dbgate,15.245,query,786737832,9,5.7043,88.6
10,dbgate,15.498,query,789998272,9,6.0088,118.0
10,dbgate,15.753,query,790096576,9,6.1845,68.5
10,dbgate,16.008,query,798091968,9,6.3768,76.0
10,dbgate,16.259,query,798239424,9,6.5414,65.6
10,dbgate,16.512,query,799582912,9,6.6841,57.2
10,dbgate,16.767,query,800959168,9,6.8193,52.3
10,dbgate,17.021,query,803908288,9,6.9382,46.4
10,dbgate,17.277,query,808692416,9,7.0949,61.2
10,dbgate,17.528,query,812690112,9,7.2469,60.3
10,dbgate,17.783,query,814656192,9,7.3353,34.7
10,dbgate,18.039,query,787720896,9,7.4926,62.1
10,dbgate,18.294,query,790145728,9,7.6467,60.8
10,dbgate,18.548,query,702819008,9,7.7712,48.4
10,dbgate,18.803,query,706964160,9,7.9228,60.0
10,dbgate,19.058,query,709962432,9,8.0701,57.0
10,dbgate,19.310,query,710765248,9,8.1217,20.5
10,dbgate,19.566,after-query,699247296,9,8.1416,7.8
10,dbgate,19.821,after-query,698690240,9,8.1608,7.5
10,dbgate,20.076,after-query,698723008,9,8.1782,6.8
10,dbgate,20.328,after-query,694512320,9,8.1896,4.6
10,dbgate,20.580,after-query,694512320,9,8.2027,5.1
10,dbgate,20.835,after-query,684223144,9,8.2240,8.4
10,dbgate,21.090,after-query,674425512,9,8.2411,6.7
10,dbgate,21.341,after-query,674491048,9,8.2606,7.9
10,dbgate,21.595,after-query,672426664,9,8.2772,6.7
10,dbgate,21.846,after-query,672361128,9,8.2926,5.9
10,dbgate,22.101,after-query,672344744,9,8.3087,6.3
10,dbgate,22.356,after-query,672328360,9,8.3235,5.8
10,dbgate,22.612,after-query,672344744,9,8.3404,6.6
10,dbgate,22.867,after-query,672393896,9,8.3559,6.0
10,dbgate,23.122,after-query,672410280,9,8.3715,6.1
10,dbgate,23.373,after-query,672426664,9,8.3856,5.6
10,dbgate,23.627,after-query,672410280,9,8.4031,6.9
10,dbgate,23.878,after-query,672393896,9,8.4157,5.0
10,dbeaver,0.255,launch,23610256,1,0.1250,
10,dbeaver,0.510,launch,69452760,1,0.5907,182.2
10,dbeaver,0.765,launch,114312224,1,1.1684,223.6
10,dbeaver,1.020,launch,140952656,1,1.7119,216.0
10,dbeaver,1.275,launch,164234368,1,2.3702,254.7
10,dbeaver,1.530,launch,183207256,1,2.9410,223.4
10,dbeaver,1.786,launch,231081400,1,3.7270,306.9
10,dbeaver,2.041,launch,261768656,1,4.1945,183.8
10,dbeaver,2.296,launch,276547024,1,4.7930,235.9
10,dbeaver,2.551,launch,286393808,1,5.6159,321.0
10,dbeaver,2.806,launch,298829288,1,6.5791,376.1
10,dbeaver,3.062,launch,319227392,1,7.3243,293.6
10,dbeaver,3.317,launch,329582368,1,8.0454,281.3
10,dbeaver,3.567,launch,595036248,1,8.7677,287.5
10,dbeaver,3.823,settle,831621832,2,9.5966,327.7
10,dbeaver,4.078,settle,943803128,2,10.3414,288.9
10,dbeaver,4.332,settle,1009322744,2,10.6002,102.2
10,dbeaver,4.586,settle,1014582008,2,11.2552,256.9
10,dbeaver,4.841,settle,939035384,2,11.2780,9.0
10,dbeaver,5.093,settle,816958200,2,11.3160,14.8
10,dbeaver,5.349,settle,816990968,2,11.3419,10.2
10,dbeaver,5.600,settle,718621432,2,11.3492,2.9
10,dbeaver,5.854,settle,717998840,2,11.3721,9.1
10,dbeaver,6.104,settle,711445240,2,11.3781,2.4
10,dbeaver,6.357,settle,711461624,2,11.3940,6.4
10,dbeaver,6.613,settle,711461624,2,11.4007,2.6
10,dbeaver,6.868,settle,711461624,2,11.4143,5.4
10,dbeaver,7.122,settle,711461624,2,11.4239,3.7
10,dbeaver,7.373,settle,711478008,2,11.4412,6.9
10,dbeaver,7.628,settle,711478008,2,11.4448,1.4
10,dbeaver,7.882,settle,672582392,2,11.4544,3.8
10,dbeaver,8.137,settle,710429432,2,11.4688,5.6
10,dbeaver,8.388,settle,710462200,2,11.4826,5.5
10,dbeaver,8.644,settle,710265592,2,11.4957,5.2
10,dbeaver,8.895,query,710265592,2,11.5017,2.4
10,dbeaver,9.150,query,710232824,2,11.5120,3.9
10,dbeaver,9.404,query,710232824,2,11.5188,2.8
10,dbeaver,9.659,query,710150904,2,11.5294,4.1
10,dbeaver,9.914,query,710150904,2,11.5363,2.8
10,dbeaver,10.169,query,710183672,2,11.5458,3.7
10,dbeaver,10.424,query,710183672,2,11.5525,2.6
10,dbeaver,10.679,query,710183672,2,11.5592,2.6
10,dbeaver,10.935,query,710183672,2,11.5698,4.2
10,dbeaver,11.187,query,710167288,2,11.5736,1.6
10,dbeaver,11.442,query,710167288,2,11.5839,4.1
10,dbeaver,11.695,query,710232824,2,11.5963,4.8
10,dbeaver,11.950,query,710249208,2,11.6093,5.2
10,dbeaver,12.205,query,710249208,2,11.6151,2.2
10,dbeaver,12.460,query,710249208,2,11.6237,3.4
10,dbeaver,12.712,query,710249208,2,11.6274,1.5
10,dbeaver,12.967,query,710249208,2,11.6374,3.9
10,dbeaver,13.222,query,710249208,2,11.6484,4.3
10,dbeaver,13.477,query,710249208,2,11.6559,3.0
10,dbeaver,13.732,query,710560456,2,11.6774,8.4
10,dbeaver,13.987,query,710576840,2,11.6917,5.5
10,dbeaver,14.243,query,711690928,2,11.7658,29.2
10,dbeaver,14.495,query,791694000,2,11.8448,31.3
10,dbeaver,14.750,query,792709808,2,12.0221,70.2
10,dbeaver,15.005,query,752061104,2,12.0640,16.1
10,dbeaver,15.260,query,752093872,2,12.0781,5.6
10,dbeaver,15.516,query,752274096,2,12.1054,10.7
10,dbeaver,15.770,query,752388784,2,12.1322,10.4
10,dbeaver,16.024,query,711494320,2,12.1505,7.2
10,dbeaver,16.280,query,711510704,2,12.1589,3.4
10,dbeaver,16.531,query,850168520,2,12.5810,167.5
10,dbeaver,16.786,query,929188576,2,13.3421,297.5
10,dbeaver,17.041,query,918883016,2,13.8672,205.9
10,dbeaver,17.296,query,921815752,2,13.9931,49.4
10,dbeaver,17.551,query,920275656,2,14.1019,42.4
10,dbeaver,17.806,query,877234888,2,14.1110,3.6
10,dbeaver,18.061,query,876890848,2,14.1526,16.3
10,dbeaver,18.316,query,822414048,2,14.2485,38.0
10,dbeaver,18.572,query,802917088,2,14.3262,30.0
10,dbeaver,18.827,query,810502880,2,14.4609,53.4
10,dbeaver,19.082,query,748374752,2,14.5601,38.8
10,dbeaver,19.337,query,759728864,2,14.6351,29.3
10,dbeaver,19.592,query,759663328,2,14.7410,41.6
10,dbeaver,19.847,query,752339680,2,14.8570,45.5
10,dbeaver,20.103,query,750078688,2,15.0119,60.7
10,dbeaver,20.358,query,747981536,2,15.1108,38.7
10,dbeaver,20.611,query,748047072,2,15.1898,31.3
10,dbeaver,20.866,query,807865056,2,15.3644,68.7
10,dbeaver,21.119,query,798477024,2,15.4298,25.7
10,dbeaver,21.374,query,796904160,2,15.5644,52.3
10,dbeaver,21.630,query,792775392,2,15.6142,19.7
10,dbeaver,21.885,query,792775392,2,15.6616,18.4
10,dbeaver,22.136,query,742378208,2,15.7220,23.9
10,dbeaver,22.391,after-query,742378208,2,15.7325,4.2
10,dbeaver,22.641,after-query,742329056,2,15.7462,5.4
10,dbeaver,22.897,after-query,739887840,2,15.7529,2.6
10,dbeaver,23.152,after-query,739887840,2,15.7668,5.4
10,dbeaver,23.406,after-query,728599264,2,15.7765,3.8
10,dbeaver,23.658,after-query,728599264,2,15.7838,2.9
10,dbeaver,23.912,after-query,728500960,2,15.7915,3.1
10,dbeaver,24.164,after-query,728500960,2,15.8027,4.4
10,dbeaver,24.414,after-query,728566496,2,15.8161,5.5
10,dbeaver,24.666,after-query,728566496,2,15.8262,3.9
10,dbeaver,24.919,after-query,728566496,2,15.8334,2.9
10,dbeaver,25.170,after-query,728582880,2,15.8426,3.6
10,dbeaver,25.424,after-query,728550112,2,15.8525,3.9
10,dbeaver,25.679,after-query,728419040,2,15.8602,3.1
10,dbeaver,25.934,after-query,728238816,2,15.8680,3.0
10,dbeaver,26.189,after-query,728238816,2,15.8772,3.6
10,dbeaver,26.444,after-query,728238816,2,15.8817,1.8
10,dbeaver,26.695,after-query,728320736,2,15.9110,11.8
11,dbgate,0.251,launch,9618344,1,0.1035,
11,dbgate,0.506,launch,66833552,3,0.4399,130.3
11,dbgate,0.761,launch,112152728,4,0.7132,107.2
11,dbgate,1.016,settle,222696176,4,1.1073,154.7
11,dbgate,1.271,settle,583852456,7,1.9819,343.0
11,dbgate,1.524,settle,640640408,8,2.7092,286.9
11,dbgate,1.779,settle,642852248,8,2.7574,18.6
11,dbgate,2.029,settle,643130776,8,2.8115,21.6
11,dbgate,2.284,settle,643376536,8,2.8692,22.9
11,dbgate,2.539,settle,643360152,8,2.8839,5.7
11,dbgate,2.795,settle,632432024,8,2.9144,12.1
11,dbgate,3.050,settle,632415640,8,2.9294,5.8
11,dbgate,3.305,settle,627860888,8,2.9526,8.9
11,dbgate,3.560,settle,627860888,8,2.9665,5.6
11,dbgate,3.815,settle,606774656,8,2.9896,9.1
11,dbgate,4.070,settle,606758272,8,3.0018,4.8
11,dbgate,4.321,settle,606774656,8,3.0201,7.2
11,dbgate,4.574,settle,606758272,8,3.0344,5.8
11,dbgate,4.827,settle,606774656,8,3.0560,8.4
11,dbgate,5.082,settle,606758272,8,3.0671,4.4
11,dbgate,5.337,settle,606774656,8,3.0838,6.5
11,dbgate,5.593,settle,606758272,8,3.0991,6.0
11,dbgate,5.848,query,606741888,8,3.1169,7.1
11,dbgate,6.103,query,606741888,8,3.1273,4.1
11,dbgate,6.354,query,569566592,8,3.1516,9.4
11,dbgate,6.609,query,569550208,8,3.1657,5.6
11,dbgate,6.864,query,514696576,8,3.1882,8.8
11,dbgate,7.115,query,514680192,8,3.1988,4.3
11,dbgate,7.371,query,483026304,8,3.2192,7.9
11,dbgate,7.626,query,483009920,8,3.2320,5.2
11,dbgate,7.881,query,483026304,8,3.2477,6.0
11,dbgate,8.134,query,483009920,8,3.2602,4.9
11,dbgate,8.386,query,483009920,8,3.2806,8.2
11,dbgate,8.642,query,483009920,8,3.2936,5.0
11,dbgate,8.897,query,483026304,8,3.3112,7.1
11,dbgate,9.152,query,483026280,8,3.3208,3.8
11,dbgate,9.403,query,483042664,8,3.3324,4.6
11,dbgate,9.654,query,483059048,8,3.3424,4.0
11,dbgate,9.905,query,483075432,8,3.3558,5.3
11,dbgate,10.156,query,483059048,8,3.3657,4.0
11,dbgate,10.407,query,483059048,8,3.3784,5.0
11,dbgate,10.658,query,483059048,8,3.3908,4.9
11,dbgate,10.909,query,483075432,8,3.4064,6.3
11,dbgate,11.163,query,483091816,8,3.4184,4.7
11,dbgate,11.419,query,483091816,8,3.4348,6.4
11,dbgate,11.674,query,483157352,8,3.4503,6.2
11,dbgate,11.929,query,545891688,8,3.4947,16.9
11,dbgate,12.184,query,602547560,8,3.5570,24.6
11,dbgate,12.439,query,602531176,8,3.5712,5.5
11,dbgate,12.694,query,603432296,8,3.6037,12.7
11,dbgate,12.949,query,637151672,9,3.7989,78.0
11,dbgate,13.204,query,678668872,9,4.0581,101.1
11,dbgate,13.458,query,725461576,9,4.2704,82.8
11,dbgate,13.714,query,725740104,9,4.2950,9.5
11,dbgate,13.966,query,727050824,9,4.3363,17.0
11,dbgate,14.219,query,750987944,9,4.6228,110.9
11,dbgate,14.474,query,761457320,9,4.8597,95.0
11,dbgate,14.727,query,761899688,9,5.0602,77.8
11,dbgate,14.982,query,769141416,9,5.2576,77.3
11,dbgate,15.237,query,778955456,9,5.4565,78.4
11,dbgate,15.492,query,793488088,9,5.6398,71.7
11,dbgate,15.745,query,798108376,9,5.7779,54.5
11,dbgate,15.999,query,803711728,9,5.9561,70.7
11,dbgate,16.251,query,804514544,9,6.1652,83.0
11,dbgate,16.506,query,804662000,9,6.3077,55.4
11,dbgate,16.759,query,804678384,9,6.4441,54.7
11,dbgate,17.014,query,797338352,9,6.5563,43.2
11,dbgate,17.269,query,797321968,9,6.7111,61.6
11,dbgate,17.519,query,797338352,9,6.8305,47.3
11,dbgate,17.774,query,797387504,9,6.9589,50.7
11,dbgate,18.025,query,767748848,9,7.1129,60.7
11,dbgate,18.278,query,768469744,9,7.2317,46.9
11,dbgate,18.533,query,691792624,9,7.4476,84.3
11,dbgate,18.786,query,692497136,9,7.5720,49.3
11,dbgate,19.041,query,692447984,9,7.7067,53.6
11,dbgate,19.292,query,692431600,9,7.7231,6.5
11,dbgate,19.546,after-query,691890928,9,7.7414,7.0
11,dbgate,19.802,after-query,691874544,9,7.7562,5.8
11,dbgate,20.057,after-query,689416944,9,7.7736,6.8
11,dbgate,20.312,after-query,684174064,9,7.7872,5.3
11,dbgate,20.566,after-query,684206832,9,7.8058,7.4
11,dbgate,20.821,after-query,666594008,9,7.8230,6.8
11,dbgate,21.074,after-query,666675928,9,7.8378,5.7
11,dbgate,21.326,after-query,666675928,9,7.8524,5.8
11,dbgate,21.581,after-query,650930904,9,7.8763,9.6
11,dbgate,21.832,after-query,650930904,9,7.8890,4.9
11,dbgate,22.087,after-query,650898136,9,7.9053,6.6
11,dbgate,22.339,after-query,650898136,9,7.9159,4.2
11,dbgate,22.594,after-query,650914520,9,7.9336,6.9
11,dbgate,22.850,after-query,650898136,9,7.9452,4.6
11,dbgate,23.105,after-query,650865368,9,7.9605,5.9
11,dbgate,23.357,after-query,650898136,9,7.9738,5.3
11,dbgate,23.611,after-query,650914520,9,7.9894,6.2
11,dbgate,23.862,after-query,650898136,9,8.0029,5.4
11,dbeaver,0.255,launch,35947432,1,0.1831,
11,dbeaver,0.510,launch,88032216,1,0.8194,245.9
11,dbeaver,0.765,launch,120669240,1,1.4073,230.0
11,dbeaver,1.021,launch,158712888,1,2.1566,294.1
11,dbeaver,1.276,launch,178652480,1,2.8085,256.7
11,dbeaver,1.531,launch,206669144,1,3.5536,290.7
11,dbeaver,1.784,launch,252233048,1,4.0767,210.1
11,dbeaver,2.039,launch,267601240,1,4.7915,276.9
11,dbeaver,2.294,launch,278545800,1,5.6849,350.5
11,dbeaver,2.549,launch,296519072,1,6.6595,382.1
11,dbeaver,2.804,launch,312739256,1,7.3352,263.7
11,dbeaver,3.059,launch,320751416,1,8.0011,261.0
11,dbeaver,3.314,launch,599149040,2,8.6571,257.8
11,dbeaver,3.569,settle,854657664,2,9.5371,342.5
11,dbeaver,3.822,settle,943409840,2,10.3044,298.3
11,dbeaver,4.075,settle,1006783176,2,10.5801,112.9
11,dbeaver,4.330,settle,1004833480,2,11.1005,200.8
11,dbeaver,4.585,settle,928615112,2,11.1337,13.0
11,dbeaver,4.840,settle,814058184,2,11.1714,14.8
11,dbeaver,5.095,settle,774081224,2,11.1865,5.9
11,dbeaver,5.350,settle,677219016,2,11.1941,3.0
11,dbeaver,5.606,settle,715082440,2,11.2108,6.4
11,dbeaver,5.861,settle,707037896,2,11.2236,5.0
11,dbeaver,6.116,settle,707070664,2,11.2376,5.4
11,dbeaver,6.367,settle,707087048,2,11.2482,4.2
11,dbeaver,6.622,settle,707087048,2,11.2567,3.3
11,dbeaver,6.875,settle,707152584,2,11.2725,6.3
11,dbeaver,7.129,settle,707152584,2,11.2900,6.8
11,dbeaver,7.384,settle,707152584,2,11.2977,3.0
11,dbeaver,7.639,settle,707152584,2,11.3138,6.3
11,dbeaver,7.894,settle,707152584,2,11.3228,3.6
11,dbeaver,8.148,settle,707037896,2,11.3357,5.1
11,dbeaver,8.403,query,706955976,2,11.3487,5.3
11,dbeaver,8.656,query,706857672,2,11.3550,2.5
11,dbeaver,8.909,query,706890440,2,11.3681,5.1
11,dbeaver,9.164,query,706890440,2,11.3822,5.5
11,dbeaver,9.420,query,706890440,2,11.3920,3.8
11,dbeaver,9.675,query,706890440,2,11.3990,2.7
11,dbeaver,9.930,query,706890440,2,11.4135,5.7
11,dbeaver,10.186,query,706890440,2,11.4195,2.4
11,dbeaver,10.438,query,706890440,2,11.4258,2.5
11,dbeaver,10.693,query,706890440,2,11.4377,4.6
11,dbeaver,10.947,query,706890440,2,11.4489,4.5
11,dbeaver,11.202,query,706890440,2,11.4603,4.4
11,dbeaver,11.457,query,706988744,2,11.4896,11.5
11,dbeaver,11.712,query,706988744,2,11.5018,4.9
11,dbeaver,11.963,query,706988744,2,11.5081,2.5
11,dbeaver,12.218,query,707005128,2,11.5180,3.9
11,dbeaver,12.471,query,707005128,2,11.5220,1.6
11,dbeaver,12.726,query,707021512,2,11.5327,4.2
11,dbeaver,12.981,query,707414728,2,11.5536,8.2
11,dbeaver,13.236,query,707431112,2,11.5587,2.0
11,dbeaver,13.488,query,707414680,2,11.5815,9.1
11,dbeaver,13.743,query,707414680,2,11.5968,6.0
11,dbeaver,13.998,query,746261144,2,11.6686,27.6
11,dbeaver,14.253,query,788236952,2,11.7604,36.6
11,dbeaver,14.508,query,787729048,2,11.8050,17.2
11,dbeaver,14.763,query,748849816,2,11.9717,65.6
11,dbeaver,15.019,query,710363800,2,12.0020,11.8
11,dbeaver,15.270,query,710511256,2,12.0287,10.6
11,dbeaver,15.525,query,710625944,2,12.0578,11.4
11,dbeaver,15.780,query,708168344,2,12.0673,3.7
11,dbeaver,16.035,query,707562136,2,12.0827,6.1
11,dbeaver,16.291,query,799050392,2,12.4557,147.6
11,dbeaver,16.546,query,893094552,2,13.2310,304.9
11,dbeaver,16.801,query,942459520,2,13.7800,208.7
11,dbeaver,17.056,query,944753280,2,13.9476,67.7
11,dbeaver,17.306,query,942377600,2,14.0597,44.2
11,dbeaver,17.557,query,902367872,2,14.0735,5.6
11,dbeaver,17.812,query,901974680,2,14.1110,14.6
11,dbeaver,18.067,query,747145880,2,14.2094,38.7
11,dbeaver,18.322,query,727927448,2,14.2824,28.4
11,dbeaver,18.577,query,728255128,2,14.4205,54.3
11,dbeaver,18.830,query,722094744,2,14.5038,33.1
11,dbeaver,19.085,query,722193048,2,14.5817,30.2
11,dbeaver,19.338,query,722193048,2,14.6806,39.7
11,dbeaver,19.593,query,733530776,2,14.8088,50.1
11,dbeaver,19.848,query,733727384,2,14.9653,61.4
11,dbeaver,20.103,query,733809304,2,15.0771,43.6
11,dbeaver,20.358,query,731695768,2,15.1520,29.3
11,dbeaver,20.614,query,787171992,2,15.3108,63.0
11,dbeaver,20.869,query,784091800,2,15.3960,33.4
11,dbeaver,21.124,query,781994648,2,15.4847,34.4
11,dbeaver,21.379,query,777898648,2,15.5522,26.3
11,dbeaver,21.634,query,777898648,2,15.5991,18.4
11,dbeaver,21.889,query,722651800,2,15.6750,29.7
11,dbeaver,22.144,query,722651800,2,15.6833,3.3
11,dbeaver,22.399,after-query,722602648,2,15.6956,4.9
11,dbeaver,22.650,after-query,722602648,2,15.6993,1.5
11,dbeaver,22.906,after-query,710494872,2,15.7119,4.9
11,dbeaver,23.161,after-query,710511256,2,15.7180,2.4
11,dbeaver,23.416,after-query,710789784,2,15.7348,6.7
11,dbeaver,23.670,after-query,710789784,2,15.7398,2.0
11,dbeaver,23.925,after-query,710691480,2,15.7501,4.1
11,dbeaver,24.179,after-query,710691480,2,15.7548,1.8
11,dbeaver,24.435,after-query,710740632,2,15.7684,5.3
11,dbeaver,24.689,after-query,710740632,2,15.7782,3.8
11,dbeaver,24.942,after-query,710740632,2,15.7903,4.8
11,dbeaver,25.197,after-query,710740632,2,15.7991,3.4
11,dbeaver,25.451,after-query,710544024,2,15.8076,3.3
11,dbeaver,25.706,after-query,710232728,2,15.8165,3.5
11,dbeaver,25.958,after-query,710183552,2,15.8250,3.4
11,dbeaver,26.212,after-query,710183552,2,15.8359,4.3
11,dbeaver,26.466,after-query,710183552,2,15.8427,2.7
11,pgadmin,0.253,launch,10322880,1,0.1084,
11,pgadmin,0.508,launch,41568224,3,0.3226,84.1
11,pgadmin,0.759,launch,141988976,5,0.7967,185.0
11,pgadmin,1.015,launch,158241928,5,1.0304,92.2
11,pgadmin,1.270,launch,168498312,5,1.2544,87.9
11,pgadmin,1.525,launch,178033800,5,1.4841,89.8
11,pgadmin,1.780,launch,192189600,5,1.7040,86.3
11,pgadmin,2.035,launch,208557240,5,1.9419,92.8
11,pgadmin,2.290,launch,218207440,5,2.1801,93.4
11,pgadmin,2.545,launch,228447440,5,2.4133,91.7
11,pgadmin,2.800,launch,253548208,6,2.8786,182.3
11,pgadmin,3.051,launch,238753024,5,2.8623,88.9
11,pgadmin,3.306,launch,247862528,5,3.1007,93.7
11,pgadmin,3.561,launch,257201408,5,3.3526,98.7
11,pgadmin,3.816,launch,265458944,5,3.5606,81.4
11,pgadmin,4.071,launch,266114304,5,3.6034,16.6
11,pgadmin,4.327,launch,269456808,6,3.6699,26.1
11,pgadmin,4.578,settle,361141648,5,4.0986,208.3
11,pgadmin,4.834,settle,454825480,5,4.4404,132.9
11,pgadmin,5.086,settle,505943608,5,4.8144,147.7
11,pgadmin,5.341,settle,711317336,5,5.3717,219.6
11,pgadmin,5.594,settle,697587736,5,5.6712,117.3
11,pgadmin,5.849,settle,708565064,5,5.9468,106.9
11,pgadmin,6.104,settle,781162664,5,6.2059,103.6
11,pgadmin,6.357,settle,782555520,6,6.2750,27.4
11,pgadmin,6.612,settle,792582960,6,6.3942,46.6
11,pgadmin,6.867,settle,784898864,6,6.4171,9.0
11,pgadmin,7.122,settle,780688176,6,6.4499,12.7
11,pgadmin,7.377,settle,770005808,6,6.4890,15.3
11,pgadmin,7.632,settle,749198128,6,6.5206,12.3
11,pgadmin,7.887,settle,749263664,6,6.5491,11.2
11,pgadmin,8.141,settle,749624112,6,6.6092,23.8
11,pgadmin,8.392,settle,749689648,6,6.6394,12.0
11,pgadmin,8.647,settle,749804336,6,6.6781,15.2
11,pgadmin,8.903,settle,749869872,6,6.7089,12.0
11,pgadmin,9.156,settle,750017328,6,6.7436,13.8
11,pgadmin,9.407,settle,750066480,6,6.7723,11.6
11,pgadmin,9.659,query,750115632,6,6.7928,8.2
11,pgadmin,9.911,query,750213936,6,6.8217,11.2
11,pgadmin,10.163,query,751983408,6,6.9011,31.8
11,pgadmin,10.419,query,752114480,6,6.9312,11.6
11,pgadmin,10.674,query,752261912,6,6.9630,12.5
11,pgadmin,10.929,query,752392984,6,6.9884,10.0
11,pgadmin,11.181,query,626826008,6,7.0323,17.5
11,pgadmin,11.436,query,626957080,6,7.0544,8.7
11,pgadmin,11.692,query,627039000,6,7.0893,13.8
11,pgadmin,11.947,query,627251992,6,7.1329,17.0
11,pgadmin,12.199,query,627596056,6,7.1743,16.4
11,pgadmin,12.454,query,627710744,6,7.2012,10.6
11,pgadmin,12.707,query,627874584,6,7.2300,11.6
11,pgadmin,12.962,query,628005656,6,7.2527,8.8
11,pgadmin,13.217,query,628120344,6,7.2740,8.4
11,pgadmin,13.472,query,628284184,6,7.2988,9.7
11,pgadmin,13.725,query,628415256,6,7.3240,9.9
11,pgadmin,13.979,query,630037272,6,7.3883,25.5
11,pgadmin,14.232,query,630168344,6,7.4140,10.1
11,pgadmin,14.487,query,630348568,6,7.4368,9.0
11,pgadmin,14.740,query,630512408,6,7.4606,9.4
11,pgadmin,14.995,query,630643480,6,7.4814,8.2
11,pgadmin,15.248,query,630758168,6,7.5062,9.8
11,pgadmin,15.499,query,630922008,6,7.5267,8.2
11,pgadmin,15.751,query,661265176,6,7.5805,21.3
11,pgadmin,16.007,query,733322032,6,8.0426,177.7
11,pgadmin,16.262,query,734501680,6,8.0758,13.2
11,pgadmin,16.517,query,734501680,6,8.0949,7.4
11,pgadmin,16.772,query,734501680,6,8.1161,8.4
11,pgadmin,17.023,query,732191536,6,8.1398,9.2
11,pgadmin,17.279,query,730094384,6,8.1612,8.4
11,pgadmin,17.534,query,799562568,6,8.3896,87.4
11,pgadmin,17.788,query,806804296,6,8.5909,82.0
11,pgadmin,18.043,query,801020720,6,8.7116,46.9
11,pgadmin,18.298,query,805509936,6,8.8419,50.7
11,pgadmin,18.549,query,818584392,6,9.0429,79.7
11,pgadmin,18.804,query,830118728,6,9.2179,69.4
11,pgadmin,19.059,query,833723256,6,9.2914,28.9
11,pgadmin,19.310,query,847747984,6,9.5231,92.8
11,pgadmin,19.565,query,855464848,6,9.6502,49.7
11,pgadmin,19.815,query,861035408,6,9.7901,55.4
11,pgadmin,20.071,query,875109264,6,9.9706,71.3
11,pgadmin,20.324,query,883153808,6,10.0724,40.0
11,pgadmin,20.579,query,892853160,6,10.2073,53.5
11,pgadmin,20.831,query,900078504,6,10.3922,72.3
11,pgadmin,21.082,query,908876712,6,10.5601,67.1
11,pgadmin,21.337,query,908696512,6,10.6746,44.5
11,pgadmin,21.593,query,917429184,6,10.8394,65.5
11,pgadmin,21.848,query,920050624,6,10.9068,26.7
11,pgadmin,22.100,query,930372568,6,11.0746,65.9
11,pgadmin,22.355,query,941464536,6,11.2624,72.7
11,pgadmin,22.607,query,943004632,6,11.3506,35.2
11,pgadmin,22.858,query,943217624,6,11.3785,11.1
11,pgadmin,23.113,after-query,940825560,6,11.4005,8.6
11,pgadmin,23.365,after-query,940891096,6,11.4228,9.0
11,pgadmin,23.618,after-query,940940248,6,11.4450,8.7
11,pgadmin,23.869,after-query,912776104,6,11.4685,9.4
11,pgadmin,24.124,after-query,913120168,6,11.5177,19.2
11,pgadmin,24.380,after-query,913185704,6,11.5403,8.8
11,pgadmin,24.633,after-query,913267624,6,11.5651,9.7
11,pgadmin,24.888,after-query,902241192,6,11.5890,9.3
11,pgadmin,25.144,after-query,902339496,6,11.6129,9.5
11,pgadmin,25.399,after-query,902405032,6,11.6349,8.7
11,pgadmin,25.649,after-query,902486952,6,11.6594,9.6
11,pgadmin,25.900,after-query,883465128,6,11.6823,9.1
11,pgadmin,26.154,after-query,883792808,6,11.7360,21.1
11,pgadmin,26.410,after-query,883874728,6,11.7565,8.1
11,pgadmin,26.662,after-query,883874728,6,11.7817,10.0
11,pgadmin,26.915,after-query,883923880,6,11.8023,8.1
11,pgadmin,27.171,after-query,883989416,6,11.8228,8.1
11,pgadmin,27.425,after-query,884071336,6,11.8442,8.3
11,pgpad,0.255,launch,17957920,2,0.1320,
11,pgpad,0.510,settle,47729232,4,0.3920,100.1
11,pgpad,0.766,settle,53037816,4,0.4887,37.8
11,pgpad,1.020,settle,227692168,5,0.7777,113.5
11,pgpad,1.273,settle,227151496,5,0.7797,0.8
11,pgpad,1.528,settle,222154376,5,0.7881,3.3
11,pgpad,1.783,settle,219434632,5,0.8132,10.0
11,pgpad,2.038,settle,218418824,5,0.8175,1.7
11,pgpad,2.293,settle,156995208,5,0.8208,1.3
11,pgpad,2.548,settle,156241544,5,0.8221,0.5
11,pgpad,2.802,settle,156094088,5,0.8231,0.4
11,pgpad,3.057,settle,156077704,5,0.8237,0.3
11,pgpad,3.308,settle,156044936,5,0.8247,0.4
11,pgpad,3.563,settle,156012168,5,0.8251,0.2
11,pgpad,3.818,settle,156012168,5,0.8254,0.1
11,pgpad,4.070,settle,156012168,5,0.8256,0.1
11,pgpad,4.326,settle,156012168,5,0.8259,0.1
11,pgpad,4.578,settle,156012168,5,0.8261,0.1
11,pgpad,4.830,settle,156012168,5,0.8261,0.0
11,pgpad,5.082,settle,156012168,5,0.8261,0.0
11,pgpad,5.335,settle,156012168,5,0.8268,0.2
11,pgpad,5.588,query,155799176,5,0.8329,2.5
11,pgpad,5.838,query,155799176,5,0.8331,0.1
11,pgpad,6.093,query,155766408,5,0.8336,0.2
11,pgpad,6.349,query,155651720,5,0.8339,0.1
11,pgpad,6.602,query,155651720,5,0.8342,0.1
11,pgpad,6.853,query,155602568,5,0.8346,0.2
11,pgpad,7.109,query,155602568,5,0.8347,0.0
11,pgpad,7.363,query,155586184,5,0.8347,0.0
11,pgpad,7.618,query,155586184,5,0.8347,0.0
11,pgpad,7.874,query,155586184,5,0.8347,0.0
11,pgpad,8.124,query,155586184,5,0.8347,0.0
11,pgpad,8.379,query,155586184,5,0.8347,0.0
11,pgpad,8.631,query,155586184,5,0.8348,0.0
11,pgpad,8.882,query,155438728,5,0.8423,3.0
11,pgpad,9.137,query,155520648,5,0.8503,3.1
11,pgpad,9.389,query,155520648,5,0.8524,0.8
11,pgpad,9.644,query,155520648,5,0.8532,0.3
11,pgpad,9.897,query,155520648,5,0.8536,0.2
11,pgpad,10.149,query,155520648,5,0.8543,0.3
11,pgpad,10.404,query,155504264,5,0.8547,0.1
11,pgpad,10.658,query,222056072,5,0.8788,9.7
11,pgpad,10.914,query,280874704,5,1.0064,49.2
11,pgpad,11.169,query,280809168,5,1.0224,6.3
11,pgpad,11.424,query,280760016,5,1.0272,1.9
11,pgpad,11.679,query,280596176,5,1.0300,1.1
11,pgpad,11.934,query,285986536,5,1.0733,16.9
11,pgpad,12.187,query,240865576,6,1.1633,36.0
11,pgpad,12.439,query,259379520,6,1.2545,35.6
11,pgpad,12.691,query,259248448,6,1.2575,1.2
11,pgpad,12.946,query,270700888,6,1.3148,22.4
11,pgpad,13.201,query,270684504,6,1.3181,1.3
11,pgpad,13.456,query,269701464,6,1.3331,6.0
11,pgpad,13.712,query,269799768,6,1.3564,9.2
11,pgpad,13.962,query,228266328,6,1.3602,1.5
11,pgpad,14.217,query,228184408,6,1.3618,0.6
11,pgpad,14.469,query,363680184,6,1.6615,119.4
11,pgpad,14.724,query,363581880,6,1.6640,1.0
11,pgpad,14.977,query,356782520,6,1.6740,4.0
11,pgpad,15.232,query,355815864,6,1.6766,1.0
11,pgpad,15.487,query,285348280,6,1.6860,3.7
11,pgpad,15.742,query,257970616,6,1.6908,1.8
11,pgpad,15.998,query,257970616,6,1.6925,0.7
11,pgpad,16.253,query,257954232,6,1.7007,3.3
11,pgpad,16.503,query,380883408,6,1.7809,31.9
11,pgpad,16.758,query,380899792,6,1.8026,8.5
11,pgpad,17.014,query,384651728,6,1.8822,31.2
11,pgpad,17.269,query,384750056,6,1.9106,11.1
11,pgpad,17.524,query,398725608,6,1.9980,34.5
11,pgpad,17.778,query,397971944,6,2.0090,4.3
11,pgpad,18.033,query,404443624,6,2.0316,8.8
11,pgpad,18.285,after-query,398823912,6,2.1054,29.9
11,pgpad,18.537,after-query,385028584,6,2.1082,1.1
11,pgpad,18.792,after-query,385012200,6,2.1125,1.7
11,pgpad,19.043,after-query,384537064,6,2.1144,0.8
11,pgpad,19.295,after-query,356176360,6,2.1184,1.6
11,pgpad,19.545,after-query,257413608,6,2.1207,0.9
11,pgpad,19.799,after-query,257364456,6,2.1218,0.4
11,pgpad,20.050,after-query,257348072,6,2.1226,0.3
11,pgpad,20.305,after-query,257298920,6,2.1235,0.3
11,pgpad,20.560,after-query,257217000,6,2.1245,0.4
11,pgpad,20.816,after-query,257200616,6,2.1251,0.2
11,pgpad,21.068,after-query,257233384,6,2.1311,2.4
11,pgpad,21.324,after-query,257233384,6,2.1316,0.2
11,pgpad,21.579,after-query,257233384,6,2.1324,0.3
11,pgpad,21.834,after-query,257184232,6,2.1336,0.5
11,pgpad,22.084,after-query,257184232,6,2.1343,0.3
11,pgpad,22.340,after-query,257184232,6,2.1350,0.3
11,pgpad,22.595,after-query,257184232,6,2.1352,0.1
11,pgpad,22.849,after-query,257118696,6,2.1359,0.2
11,pgpad,23.100,after-query,257118696,6,2.1362,0.1
11,pgpad,23.355,after-query,257118696,6,2.1364,0.1
12,dbeaver,0.255,launch,25428880,1,0.1398,
12,dbeaver,0.510,launch,77366256,1,0.6796,208.7
12,dbeaver,0.765,launch,115426360,1,1.2293,215.4
12,dbeaver,1.020,launch,141608016,1,1.8086,227.5
12,dbeaver,1.281,launch,165840000,1,2.4475,246.3
12,dbeaver,1.532,launch,193578328,1,3.0770,249.3
12,dbeaver,1.787,launch,244123064,1,3.7608,269.0
12,dbeaver,2.042,launch,255739320,1,4.2989,210.2
12,dbeaver,2.297,launch,269075896,1,4.9088,238.7
12,dbeaver,2.552,launch,286819792,1,5.8011,351.1
12,dbeaver,2.807,launch,303236608,1,6.7418,367.0
12,dbeaver,3.062,launch,315131392,1,7.3874,252.5
12,dbeaver,3.318,launch,321865600,1,7.9669,228.5
12,dbeaver,3.572,launch,610060736,2,8.7802,320.1
12,dbeaver,3.827,settle,833129136,2,9.6188,328.1
12,dbeaver,4.078,settle,912378544,2,10.2692,257.2
12,dbeaver,4.333,settle,976325320,2,10.4964,88.8
12,dbeaver,4.588,settle,976833224,2,11.2153,283.3
12,dbeaver,4.841,settle,918833864,2,11.2418,10.4
12,dbeaver,5.094,settle,893323976,2,11.2683,10.6
12,dbeaver,5.349,settle,822381256,2,11.2876,7.4
12,dbeaver,5.603,settle,782404296,2,11.2953,3.1
12,dbeaver,5.857,settle,716982984,2,11.3115,6.3
12,dbeaver,6.111,settle,716982984,2,11.3213,3.9
12,dbeaver,6.366,settle,716982984,2,11.3413,7.8
12,dbeaver,6.619,settle,716982984,2,11.3474,2.4
12,dbeaver,6.875,settle,716999368,2,11.3647,6.8
12,dbeaver,7.127,settle,716999368,2,11.3742,3.7
12,dbeaver,7.382,settle,716999368,2,11.3845,4.1
12,dbeaver,7.637,settle,716999368,2,11.3890,1.7
12,dbeaver,7.890,settle,716999368,2,11.4001,4.4
12,dbeaver,8.144,settle,716999368,2,11.4111,4.4
12,dbeaver,8.396,settle,716901064,2,11.4255,5.7
12,dbeaver,8.651,query,716802760,2,11.4375,4.8
12,dbeaver,8.902,query,716737224,2,11.4440,2.6
12,dbeaver,9.158,query,716524232,2,11.4558,4.5
12,dbeaver,9.413,query,716557000,2,11.4645,3.4
12,dbeaver,9.665,query,716622536,2,11.4799,6.1
12,dbeaver,9.920,query,716622536,2,11.4872,2.8
12,dbeaver,10.173,query,716622536,2,11.4964,3.7
12,dbeaver,10.425,query,716622536,2,11.5039,2.9
12,dbeaver,10.680,query,716622536,2,11.5087,1.9
12,dbeaver,10.935,query,716589768,2,11.5246,6.2
12,dbeaver,11.191,query,716589768,2,11.5339,3.7
12,dbeaver,11.446,query,717163208,2,11.5680,13.2
12,dbeaver,11.701,query,717163208,2,11.5739,2.3
12,dbeaver,11.956,query,717179592,2,11.5921,7.3
12,dbeaver,12.207,query,717179592,2,11.5962,1.6
12,dbeaver,12.460,query,717179592,2,11.6075,4.4
12,dbeaver,12.714,query,717179592,2,11.6137,2.4
12,dbeaver,12.966,query,717195976,2,11.6225,3.5
12,dbeaver,13.221,query,717195976,2,11.6271,1.8
12,dbeaver,13.473,query,717195976,2,11.6333,2.5
12,dbeaver,13.728,query,717212312,2,11.6550,8.5
12,dbeaver,13.983,query,717146776,2,11.6673,4.8
12,dbeaver,14.239,query,756189848,2,11.7391,27.9
12,dbeaver,14.494,query,798214808,2,11.8053,25.8
12,dbeaver,14.749,query,799099544,2,11.9423,54.1
12,dbeaver,15.004,query,757992088,2,11.9639,8.4
12,dbeaver,15.260,query,757992088,2,11.9820,7.1
12,dbeaver,15.515,query,758205080,2,12.0197,14.7
12,dbeaver,15.769,query,719817368,2,12.0336,5.5
12,dbeaver,16.024,query,717392536,2,12.0563,9.0
12,dbeaver,16.279,query,717408920,2,12.0727,6.3
12,dbeaver,16.534,query,811616920,2,12.5231,179.0
12,dbeaver,16.790,query,948800152,2,13.3094,308.5
12,dbeaver,17.045,query,951306904,2,13.8119,196.5
12,dbeaver,17.295,query,954534552,2,13.9512,56.0
12,dbeaver,17.548,query,912886424,2,14.0329,31.6
12,dbeaver,17.803,query,912919192,2,14.0462,5.3
12,dbeaver,18.058,query,870746800,2,14.0789,12.7
12,dbeaver,18.311,query,737577648,2,14.2171,54.5
12,dbeaver,18.565,query,737708720,2,14.2768,23.7
12,dbeaver,18.820,query,731597488,2,14.3970,46.7
12,dbeaver,19.073,query,731728560,2,14.5026,42.0
12,dbeaver,19.328,query,731777712,2,14.5816,30.8
12,dbeaver,19.581,query,731810480,2,14.6909,43.4
12,dbeaver,19.833,query,743180976,2,14.8120,47.9
12,dbeaver,20.088,query,743312048,2,14.9524,54.8
12,dbeaver,20.343,query,741690032,2,15.0596,42.3
12,dbeaver,20.598,query,741788336,2,15.1429,32.5
12,dbeaver,20.853,query,792562352,2,15.3143,67.7
12,dbeaver,21.108,query,792726192,2,15.3652,19.9
12,dbeaver,21.362,query,790645424,2,15.4751,43.3
12,dbeaver,21.617,query,786549424,2,15.5233,18.8
12,dbeaver,21.872,query,786565808,2,15.5924,27.3
12,dbeaver,22.127,query,736201392,2,15.6486,21.7
12,dbeaver,22.383,after-query,736201392,2,15.6575,3.6
12,dbeaver,22.633,after-query,736168624,2,15.6716,5.6
12,dbeaver,22.886,after-query,733711024,2,15.6764,1.9
12,dbeaver,23.141,after-query,722389680,2,15.6852,3.5
12,dbeaver,23.397,after-query,722406064,2,15.6905,2.1
12,dbeaver,23.652,after-query,722406064,2,15.6987,3.2
12,dbeaver,23.905,after-query,722307760,2,15.7076,3.5
12,dbeaver,24.158,after-query,722307760,2,15.7163,3.5
12,dbeaver,24.413,after-query,722324144,2,15.7244,3.2
12,dbeaver,24.665,after-query,722373296,2,15.7406,6.4
12,dbeaver,24.921,after-query,722373296,2,15.7501,3.7
12,dbeaver,25.176,after-query,722373296,2,15.7594,3.7
12,dbeaver,25.431,after-query,722242224,2,15.7698,4.0
12,dbeaver,25.682,after-query,721980080,2,15.7761,2.5
12,dbeaver,25.934,after-query,721849008,2,15.7861,4.0
12,dbeaver,26.190,after-query,721849008,2,15.7943,3.2
12,dbeaver,26.445,after-query,721849008,2,15.8010,2.6
12,dbeaver,26.697,after-query,721914544,2,15.8183,7.0
12,pgadmin,0.255,launch,25970008,1,0.1519,
12,pgadmin,0.510,launch,90149808,5,0.5782,165.1
12,pgadmin,0.763,launch,166466768,5,0.8702,115.5
12,pgadmin,1.018,launch,176362704,5,1.1052,92.2
12,pgadmin,1.272,launch,186356944,5,1.3344,90.6
12,pgadmin,1.527,launch,196302056,5,1.5618,88.9
12,pgadmin,1.782,launch,207820032,5,1.8030,94.8
12,pgadmin,2.033,launch,218240256,5,2.0370,92.8
12,pgadmin,2.288,launch,229791000,5,2.2773,94.5
12,pgadmin,2.543,launch,252696288,6,2.6602,150.2
12,pgadmin,2.798,launch,243193088,5,2.7313,88.0
12,pgadmin,3.053,launch,253007128,5,2.9783,96.4
12,pgadmin,3.308,launch,263591216,5,3.2265,97.5
12,pgadmin,3.563,launch,274388272,5,3.4716,95.8
12,pgadmin,3.818,launch,275617072,5,3.5495,30.3
12,pgadmin,4.073,launch,278287688,5,3.6024,20.9
12,pgadmin,4.324,settle,315856344,5,3.8471,127.8
12,pgadmin,4.577,settle,451204784,5,4.2964,178.3
12,pgadmin,4.832,settle,494540488,5,4.6616,142.8
12,pgadmin,5.087,settle,660821992,5,5.2356,223.4
12,pgadmin,5.342,settle,689051768,5,5.5188,111.5
12,pgadmin,5.598,settle,703551656,5,5.7582,94.5
12,pgadmin,5.850,settle,776591576,5,6.0692,121.1
12,pgadmin,6.103,settle,777443568,5,6.1321,24.8
12,pgadmin,6.358,settle,788700000,6,6.2678,53.8
12,pgadmin,6.613,settle,781032288,6,6.2879,7.9
12,pgadmin,6.868,settle,781130592,6,6.3182,11.7
12,pgadmin,7.122,settle,776756064,6,6.3501,12.7
12,pgadmin,7.377,settle,746527584,6,6.3905,15.9
12,pgadmin,7.630,settle,746576736,6,6.4247,13.4
12,pgadmin,7.885,settle,749411168,6,6.4839,23.7
12,pgadmin,8.140,settle,749509472,6,6.5151,11.9
12,pgadmin,8.392,settle,749640544,6,6.5534,15.3
12,pgadmin,8.648,settle,749722464,6,6.5843,12.0
12,pgadmin,8.903,settle,749804384,6,6.6126,11.1
12,pgadmin,9.155,settle,749886304,6,6.6449,12.8
12,pgadmin,9.406,query,749951840,6,6.6657,8.5
12,pgadmin,9.659,query,750017376,6,6.6990,12.9
12,pgadmin,9.915,query,754064248,6,6.7772,30.6
12,pgadmin,10.170,query,754129784,6,6.8085,12.4
12,pgadmin,10.425,query,754195320,6,6.8385,11.7
12,pgadmin,10.680,query,754408312,6,6.8712,12.9
12,pgadmin,10.935,query,628939640,6,6.9180,17.9
12,pgadmin,11.190,query,628906872,6,6.9424,9.9
12,pgadmin,11.446,query,629037944,6,6.9766,13.1
12,pgadmin,11.696,query,629152632,6,7.0012,10.1
12,pgadmin,11.952,query,632068984,6,7.0440,16.4
12,pgadmin,12.204,query,632200056,6,7.0734,11.6
12,pgadmin,12.459,query,632380280,6,7.1079,13.5
12,pgadmin,12.714,query,632511352,6,7.1307,9.2
12,pgadmin,12.969,query,632675192,6,7.1530,8.7
12,pgadmin,13.224,query,632806264,6,7.1755,8.9
12,pgadmin,13.479,query,632986488,6,7.1987,9.1
12,pgadmin,13.735,query,636001144,6,7.2587,23.4
12,pgadmin,13.990,query,645061496,6,7.5103,98.7
12,pgadmin,14.245,query,645045112,6,7.5345,9.5
12,pgadmin,14.498,query,645077880,6,7.5631,11.4
12,pgadmin,14.751,query,645143416,6,7.5844,8.4
12,pgadmin,15.006,query,645159800,6,7.6116,10.6
12,pgadmin,15.261,query,645159800,6,7.6385,10.5
12,pgadmin,15.516,query,645159800,6,7.6674,11.5
12,pgadmin,15.771,query,720100192,6,7.9292,99.8
12,pgadmin,16.027,query,720837472,6,7.9692,15.8
12,pgadmin,16.280,query,720821088,6,7.9972,11.1
12,pgadmin,16.535,query,720837472,6,8.0188,8.5
12,pgadmin,16.790,query,720870240,6,8.0421,9.1
12,pgadmin,17.041,query,718773088,6,8.0622,8.1
12,pgadmin,17.296,query,763370336,6,8.2410,69.8
12,pgadmin,17.546,query,799300472,6,8.4525,84.5
12,pgadmin,17.800,query,800758648,6,8.5673,45.1
12,pgadmin,18.053,query,809491320,6,8.7132,58.4
12,pgadmin,18.309,query,816749456,6,8.8852,66.6
12,pgadmin,18.563,query,820435856,6,9.0038,46.6
12,pgadmin,18.818,query,831855504,6,9.3454,134.9
12,pgadmin,19.073,query,832363432,6,9.4965,59.0
12,pgadmin,19.326,query,838015912,6,9.6810,72.9
12,pgadmin,19.579,query,838048680,6,9.7833,40.7
12,pgadmin,19.834,query,838294440,6,9.9902,81.1
12,pgadmin,20.088,query,838359976,6,10.1148,48.8
12,pgadmin,20.339,query,838425512,6,10.2477,53.0
12,pgadmin,20.594,query,838540200,6,10.3915,56.6
12,pgadmin,20.846,query,831003560,6,10.5518,63.2
12,pgadmin,21.102,query,833788840,6,10.6458,36.6
12,pgadmin,21.355,query,832543656,6,10.8256,71.4
12,pgadmin,21.610,query,835034024,6,10.9170,35.6
12,pgadmin,21.862,query,838097856,6,11.0662,60.1
12,pgadmin,22.117,query,842931136,6,11.2317,65.0
12,pgadmin,22.371,query,844176320,6,11.2985,26.0
12,pgadmin,22.623,query,837770176,6,11.3568,23.3
12,pgadmin,22.878,after-query,837835712,6,11.3845,10.7
12,pgadmin,23.131,after-query,837901248,6,11.4041,7.9
12,pgadmin,23.386,after-query,837983168,6,11.4262,8.6
12,pgadmin,23.641,after-query,811572112,6,11.4527,10.3
12,pgadmin,23.896,after-query,811867024,6,11.5056,20.8
12,pgadmin,24.150,after-query,811916176,6,11.5255,7.9
12,pgadmin,24.401,after-query,812030864,6,11.5481,9.1
12,pgadmin,24.656,after-query,805755792,6,11.5696,8.3
12,pgadmin,24.910,after-query,805804944,6,11.5914,8.6
12,pgadmin,25.165,after-query,805903248,6,11.6132,8.6
12,pgadmin,25.421,after-query,805952400,6,11.6397,10.4
12,pgadmin,25.676,after-query,806017936,6,11.6627,9.0
12,pgadmin,25.931,after-query,784702352,6,11.9508,113.0
12,pgadmin,26.185,after-query,784702352,6,11.9724,8.6
12,pgadmin,26.440,after-query,784669584,6,11.9977,9.8
12,pgadmin,26.692,after-query,784669584,6,12.0201,9.0
12,pgadmin,26.947,after-query,784669584,6,12.0399,7.6
12,pgadmin,27.198,after-query,784669584,6,12.0618,8.7
12,pgadmin,27.450,after-query,720542608,6,12.0816,8.1
12,pgpad,0.254,launch,19416240,2,0.1384,
12,pgpad,0.509,settle,48220680,4,0.3909,97.3
12,pgpad,0.760,settle,50383512,4,0.4852,37.6
12,pgpad,1.015,settle,234180328,5,0.7890,118.1
12,pgpad,1.271,settle,234000104,5,0.7913,0.9
12,pgpad,1.526,settle,230313704,5,0.7993,3.1
12,pgpad,1.781,settle,225267432,5,0.8244,9.9
12,pgpad,2.034,settle,224562920,5,0.8298,2.1
12,pgpad,2.289,settle,158404328,5,0.8343,1.8
12,pgpad,2.544,settle,157830888,5,0.8361,0.7
12,pgpad,2.800,settle,157683432,5,0.8377,0.6
12,pgpad,3.053,settle,157683432,5,0.8384,0.2
12,pgpad,3.306,settle,157339368,5,0.8392,0.3
12,pgpad,3.562,settle,157306600,5,0.8398,0.2
12,pgpad,3.814,settle,157306600,5,0.8402,0.2
12,pgpad,4.065,settle,157306600,5,0.8406,0.1
12,pgpad,4.320,settle,157306600,5,0.8409,0.1
12,pgpad,4.572,settle,157306600,5,0.8412,0.1
12,pgpad,4.826,settle,157306600,5,0.8412,0.0
12,pgpad,5.080,settle,157306600,5,0.8412,0.0
12,pgpad,5.335,settle,157093608,5,0.8421,0.4
12,pgpad,5.585,query,157044456,5,0.8469,1.9
12,pgpad,5.838,query,157044456,5,0.8471,0.1
12,pgpad,6.093,query,156978920,5,0.8478,0.3
12,pgpad,6.344,query,156847848,5,0.8482,0.1
12,pgpad,6.600,query,156847848,5,0.8485,0.1
12,pgpad,6.855,query,156798696,5,0.8489,0.2
12,pgpad,7.108,query,156798696,5,0.8490,0.0
12,pgpad,7.363,query,156684008,5,0.8491,0.1
12,pgpad,7.618,query,156684008,5,0.8491,0.0
12,pgpad,7.873,query,156684008,5,0.8491,0.0
12,pgpad,8.128,query,156684008,5,0.8491,0.0
12,pgpad,8.383,query,156684008,5,0.8491,0.0
12,pgpad,8.635,query,156684008,5,0.8491,0.0
12,pgpad,8.888,query,156552936,5,0.8594,4.1
12,pgpad,9.142,query,156552936,5,0.8636,1.7
12,pgpad,9.397,query,156552936,5,0.8647,0.4
12,pgpad,9.650,query,156552936,5,0.8657,0.4
12,pgpad,9.903,query,156552936,5,0.8662,0.2
12,pgpad,10.158,query,156552936,5,0.8672,0.4
12,pgpad,10.413,query,156552936,5,0.8673,0.1
12,pgpad,10.667,query,225087232,5,0.9088,16.3
12,pgpad,10.919,query,282201928,5,1.0231,45.2
12,pgpad,11.169,query,281923400,5,1.0278,1.8
12,pgpad,11.424,query,281907016,5,1.0321,1.7
12,pgpad,11.679,query,281759560,5,1.0346,1.0
12,pgpad,11.933,query,231886664,5,1.0833,19.4
12,pgpad,12.188,query,242225568,6,1.2093,49.7
12,pgpad,12.443,query,255709600,6,1.2346,9.8
12,pgpad,12.698,query,251367840,6,1.2510,6.6
12,pgpad,12.952,query,266277304,6,1.2936,16.7
12,pgpad,13.207,query,266260920,6,1.2955,0.8
12,pgpad,13.460,query,265294264,6,1.3205,9.9
12,pgpad,13.715,query,265392568,6,1.3439,9.1
12,pgpad,13.970,query,223891896,6,1.3490,2.0
12,pgpad,14.222,query,286757328,6,1.4824,53.4
12,pgpad,14.478,query,359813632,6,1.6635,69.7
12,pgpad,14.733,query,357224960,6,1.6655,0.8
12,pgpad,14.986,query,353669632,6,1.6784,5.2
12,pgpad,15.241,query,353243648,6,1.6799,0.6
12,pgpad,15.496,query,281612800,6,1.6896,3.9
12,pgpad,15.751,query,259854848,6,1.6934,1.5
12,pgpad,16.005,query,259871232,6,1.7038,4.1
12,pgpad,16.257,query,350212608,6,1.7449,16.6
12,pgpad,16.511,query,390533632,6,1.8149,27.2
12,pgpad,16.764,query,393204248,6,1.8443,11.6
12,pgpad,17.016,query,394105368,6,1.9178,29.5
12,pgpad,17.271,query,394170904,6,1.9468,11.3
12,pgpad,17.521,query,394908184,6,2.0135,26.8
12,pgpad,17.776,query,394662424,6,2.0172,1.5
12,pgpad,18.031,query,395252248,6,2.0537,14.0
12,pgpad,18.286,after-query,381358616,6,2.1166,25.2
12,pgpad,18.540,after-query,372036120,6,2.1217,2.0
12,pgpad,18.795,after-query,371364376,6,2.1243,1.0
12,pgpad,19.047,after-query,370315800,6,2.1260,0.7
12,pgpad,19.302,after-query,343708184,6,2.1293,1.3
12,pgpad,19.557,after-query,260149784,6,2.1313,0.8
12,pgpad,19.813,after-query,260067864,6,2.1323,0.4
12,pgpad,20.064,after-query,260067864,6,2.1329,0.2
12,pgpad,20.319,after-query,260035096,6,2.1337,0.3
12,pgpad,20.571,after-query,259985944,6,2.1346,0.3
12,pgpad,20.826,after-query,259904024,6,2.1351,0.2
12,pgpad,21.081,after-query,259936792,6,2.1421,2.7
12,pgpad,21.332,after-query,259936792,6,2.1427,0.2
12,pgpad,21.585,after-query,259887640,6,2.1434,0.3
12,pgpad,21.840,after-query,259887664,6,2.1446,0.5
12,pgpad,22.096,after-query,259887664,6,2.1453,0.3
12,pgpad,22.351,after-query,259887664,6,2.1459,0.2
12,pgpad,22.606,after-query,259887664,6,2.1462,0.1
12,pgpad,22.860,after-query,259887664,6,2.1462,0.0
12,pgpad,23.112,after-query,259887664,6,2.1462,0.0
12,pgpad,23.367,after-query,259691056,6,2.1467,0.2
12,dbgate,0.255,launch,11404344,1,0.1089,
12,dbgate,0.506,launch,53742688,3,0.3991,114.1
12,dbgate,0.760,launch,85003408,3,0.5988,78.1
12,dbgate,1.015,settle,214389464,4,0.9949,155.9
12,dbgate,1.267,settle,288151792,7,1.4313,174.7
12,dbgate,1.519,settle,582836744,7,2.4225,393.8
12,dbgate,1.774,settle,607430040,8,2.8062,149.3
12,dbgate,2.025,settle,608855448,8,2.8563,19.7
12,dbgate,2.280,settle,609281432,8,2.9242,26.4
12,dbgate,2.536,settle,609363352,8,2.9772,20.6
12,dbgate,2.791,settle,601269656,8,3.0387,24.8
12,dbgate,3.047,settle,601286040,8,3.0570,7.1
12,dbgate,3.302,settle,601269656,8,3.0703,5.2
12,dbgate,3.557,settle,601286040,8,3.0908,8.0
12,dbgate,3.809,settle,601286040,8,3.1045,5.5
12,dbgate,4.064,settle,585196928,8,3.1259,8.3
12,dbgate,4.318,settle,585196928,8,3.1371,4.4
12,dbgate,4.570,settle,585196928,8,3.1551,7.1
12,dbgate,4.824,settle,575202688,8,3.1662,4.3
12,dbgate,5.080,settle,575235456,8,3.1868,8.1
12,dbgate,5.335,settle,575219072,8,3.1997,5.1
12,dbgate,5.590,settle,575219072,8,3.2212,8.4
12,dbgate,5.845,settle,575219072,8,3.2326,4.5
12,dbgate,6.099,query,575137152,8,3.2472,5.9
12,dbgate,6.350,query,575137152,8,3.2614,5.6
12,dbgate,6.605,query,552658304,8,3.2811,7.7
12,dbgate,6.861,query,523101568,8,3.2974,6.4
12,dbgate,7.116,query,523052416,8,3.3141,6.4
12,dbgate,7.371,query,515663232,8,3.3292,6.0
12,dbgate,7.626,query,515646848,8,3.3434,5.5
12,dbgate,7.881,query,483992960,8,3.3643,8.4
12,dbgate,8.136,query,483976576,8,3.3763,4.7
12,dbgate,8.386,query,483992960,8,3.3911,5.9
12,dbgate,8.641,query,483976576,8,3.4043,5.1
12,dbgate,8.897,query,483992960,8,3.4203,6.3
12,dbgate,9.152,query,483960192,8,3.4359,6.1
12,dbgate,9.404,query,484025752,8,3.4487,5.2
12,dbgate,9.659,query,484042136,8,3.4602,4.6
12,dbgate,9.911,query,484058520,8,3.4704,4.0
12,dbgate,10.166,query,484042136,8,3.4834,5.1
12,dbgate,10.421,query,484058520,8,3.4997,6.4
12,dbgate,10.676,query,484042136,8,3.5158,6.3
12,dbgate,10.929,query,484058520,8,3.5307,5.9
12,dbgate,11.184,query,484025752,8,3.5447,5.5
12,dbgate,11.438,query,484074904,8,3.5581,5.3
12,dbgate,11.693,query,484058520,8,3.5696,4.5
12,dbgate,11.946,query,543827352,8,3.6194,19.3
12,dbgate,12.197,query,605939096,8,3.6910,28.8
12,dbgate,12.452,query,605922712,8,3.7027,4.5
12,dbgate,12.708,query,606430616,8,3.7453,16.7
12,dbgate,12.963,query,606086552,8,3.7741,11.4
12,dbgate,13.218,query,659958272,9,4.1001,128.3
12,dbgate,13.471,query,720759416,9,4.4160,126.0
12,dbgate,13.726,query,721840760,9,4.4594,16.6
12,dbgate,13.979,query,721857144,9,4.4734,5.6
12,dbgate,14.234,query,745761424,9,4.7644,114.0
12,dbgate,14.487,query,751381160,9,4.9944,89.8
12,dbgate,14.742,query,762260136,9,5.2475,100.6
12,dbgate,14.997,query,769632960,9,5.4938,96.7
12,dbgate,15.252,query,782494424,9,5.7274,92.0
12,dbgate,15.503,query,786000600,9,5.9998,107.8
12,dbgate,15.754,query,786131672,9,6.1779,71.1
12,dbgate,16.007,query,786148056,9,6.3670,74.7
12,dbgate,16.262,query,786229976,9,6.5341,65.6
12,dbgate,16.515,query,786508504,9,6.6807,58.7
12,dbgate,16.770,query,786803416,9,6.8110,49.8
12,dbgate,17.021,query,784657112,9,6.9231,44.8
12,dbgate,17.275,query,783493848,9,7.0869,65.3
12,dbgate,17.529,query,786787032,9,7.2375,59.1
12,dbgate,17.783,query,788458200,9,7.3335,37.6
12,dbgate,18.035,query,772434648,9,7.4944,64.7
12,dbgate,18.288,query,775547608,9,7.6441,58.9
12,dbgate,18.539,query,702376664,9,7.7448,40.2
12,dbgate,18.794,query,706423512,9,7.8866,55.4
12,dbgate,19.050,query,709225176,9,8.0194,51.4
12,dbgate,19.303,query,709896920,9,8.0686,19.3
12,dbgate,19.559,after-query,709896920,9,8.0835,5.9
12,dbgate,19.809,after-query,709339864,9,8.1000,6.5
12,dbgate,20.064,after-query,706898648,9,8.1136,5.4
12,dbgate,20.319,after-query,701639384,9,8.1282,5.7
12,dbgate,20.574,after-query,690072280,9,8.1442,6.4
12,dbgate,20.829,after-query,679717568,9,8.1640,7.7
12,dbgate,21.084,after-query,672377536,9,8.1815,6.9
12,dbgate,21.340,after-query,672426688,9,8.2009,7.6
12,dbgate,21.591,after-query,672443072,9,8.2153,5.7
12,dbgate,21.846,after-query,670280384,9,8.2336,7.1
12,dbgate,22.101,after-query,670264000,9,8.2506,6.7
12,dbgate,22.354,after-query,670247616,9,8.2669,6.4
12,dbgate,22.609,after-query,670264000,9,8.2842,6.8
12,dbgate,22.860,after-query,670247616,9,8.2980,5.5
12,dbgate,23.112,after-query,670231232,9,8.3140,6.3
12,dbgate,23.367,after-query,670231232,9,8.3289,5.8
12,dbgate,23.623,after-query,670247616,9,8.3474,7.3
12,dbgate,23.878,after-query,670231232,9,8.3583,4.3
13,dbgate,0.255,launch,34391288,1,0.1694,
13,dbgate,0.510,launch,82349224,3,0.4599,112.5
13,dbgate,0.761,settle,201183936,4,0.8488,155.4
13,dbgate,1.016,settle,280614720,5,1.2642,164.9
13,dbgate,1.271,settle,606315496,8,2.3204,406.9
13,dbgate,1.526,settle,626566528,8,2.6941,145.9
13,dbgate,1.777,settle,626517376,8,2.7115,6.9
13,dbgate,2.033,settle,626894208,8,2.7467,13.8
13,dbgate,2.284,settle,626910592,8,2.7667,7.9
13,dbgate,2.540,settle,604595584,8,2.7848,7.1
13,dbgate,2.795,settle,604611968,8,2.8023,6.9
13,dbgate,3.050,settle,602105216,8,2.8137,4.5
13,dbgate,3.305,settle,602121600,8,2.8329,7.5
13,dbgate,3.561,settle,599680384,8,2.8451,4.8
13,dbgate,3.816,settle,588916048,8,2.8673,8.7
13,dbgate,4.071,settle,588899664,8,2.8792,4.7
13,dbgate,4.326,settle,588899664,8,2.8915,4.9
13,dbgate,4.581,settle,588899664,8,2.9015,3.9
13,dbgate,4.832,settle,588916048,8,2.9250,9.6
13,dbgate,5.087,settle,588899664,8,2.9368,4.5
13,dbgate,5.340,settle,588899664,8,2.9567,7.9
13,dbgate,5.595,settle,588899664,8,2.9686,4.7
13,dbgate,5.850,query,588883280,8,2.9852,6.7
13,dbgate,6.105,query,582378832,8,3.0026,6.8
13,dbgate,6.359,query,582100304,8,3.0211,7.2
13,dbgate,6.613,query,488236392,8,3.0438,8.9
13,dbgate,6.868,query,482813288,8,3.0589,6.0
13,dbgate,7.123,query,482813288,8,3.0731,5.6
13,dbgate,7.379,query,482813288,8,3.0904,6.7
13,dbgate,7.631,query,482813288,8,3.1008,4.2
13,dbgate,7.886,query,482796904,8,3.1159,5.8
13,dbgate,8.140,query,482813288,8,3.1311,6.0
13,dbgate,8.395,query,482796904,8,3.1455,5.7
13,dbgate,8.650,query,482796904,8,3.1584,5.1
13,dbgate,8.905,query,482796904,8,3.1705,4.7
13,dbgate,9.156,query,482862440,8,3.1827,5.0
13,dbgate,9.410,query,482846056,8,3.1952,4.9
13,dbgate,9.664,query,482846056,8,3.2046,3.7
13,dbgate,9.919,query,482846056,8,3.2154,4.2
13,dbgate,10.174,query,482862440,8,3.2275,4.7
13,dbgate,10.427,query,482846056,8,3.2418,5.7
13,dbgate,10.682,query,482846056,8,3.2528,4.3
13,dbgate,10.937,query,482862440,8,3.2660,5.2
13,dbgate,11.192,query,482895208,8,3.2796,5.3
13,dbgate,11.447,query,482878824,8,3.2934,5.4
13,dbgate,11.698,query,545482088,8,3.3488,22.0
13,dbgate,11.948,query,606430568,8,3.4147,26.4
13,dbgate,12.203,query,606414184,8,3.4276,5.0
13,dbgate,12.458,query,607151464,8,3.4666,15.4
13,dbgate,12.714,query,607315304,8,3.4930,10.4
13,dbgate,12.964,query,656337408,9,3.7915,120.2
13,dbgate,13.219,query,729213560,9,4.1175,126.6
13,dbgate,13.474,query,730360440,9,4.1729,21.5
13,dbgate,13.730,query,730360440,9,4.1865,5.4
13,dbgate,13.980,query,739355280,9,4.4359,100.2
13,dbgate,14.233,query,756853416,9,4.6835,98.2
13,dbgate,14.485,query,768223912,9,4.9842,119.3
13,dbgate,14.738,query,769272488,9,5.1745,75.0
13,dbgate,14.994,query,775219880,9,5.4310,100.4
13,dbgate,15.247,query,782494424,9,5.6758,98.0
13,dbgate,15.499,query,786295512,9,5.8558,70.4
13,dbgate,15.753,query,795831000,9,6.0539,78.4
13,dbgate,16.008,query,802368216,9,6.2302,69.2
13,dbgate,16.263,query,805890776,9,6.3717,55.7
13,dbgate,16.514,query,810314456,9,6.5226,59.5
13,dbgate,16.769,query,812886744,9,6.6471,48.7
13,dbgate,17.024,query,811231960,9,6.7802,52.1
13,dbgate,17.279,query,815426264,9,6.9328,59.6
13,dbgate,17.534,query,817228504,9,7.0277,37.5
13,dbgate,17.789,query,791440112,9,7.2659,94.0
13,dbgate,18.044,query,791374576,9,7.4131,58.0
13,dbgate,18.297,query,703867632,9,7.5250,44.1
13,dbgate,18.553,query,705997552,9,7.6654,54.3
13,dbgate,18.808,query,706079472,9,7.7960,51.4
13,dbgate,19.063,query,706112240,9,7.8704,29.1
13,dbgate,19.318,after-query,706095856,9,7.8867,6.5
13,dbgate,19.573,after-query,705506032,9,7.9060,7.4
13,dbgate,19.828,after-query,694020848,9,7.9245,7.4
13,dbgate,20.083,after-query,687352560,9,7.9358,4.4
13,dbgate,20.335,after-query,687352560,9,7.9492,5.3
13,dbgate,20.591,after-query,687352560,9,7.9649,6.1
13,dbgate,20.845,after-query,678701784,9,7.9854,8.2
13,dbgate,21.100,after-query,678750936,9,8.0045,7.5
13,dbgate,21.354,after-query,678750936,9,8.0188,5.6
13,dbgate,21.610,after-query,676588248,9,8.0410,8.8
13,dbgate,21.864,after-query,666266328,9,8.0612,7.9
13,dbgate,22.120,after-query,666249944,9,8.0753,5.5
13,dbgate,22.375,after-query,666249944,9,8.0906,5.9
13,dbgate,22.630,after-query,666249944,9,8.1059,6.0
13,dbgate,22.885,after-query,666233560,9,8.1211,6.1
13,dbgate,23.136,after-query,666249944,9,8.1356,5.7
13,dbgate,23.389,after-query,666249944,9,8.1490,5.2
13,dbgate,23.645,after-query,666249944,9,8.1647,6.2
13,dbgate,23.898,after-query,666266328,9,8.1786,5.6
13,dbeaver,0.253,launch,23954320,1,0.1343,
13,dbeaver,0.508,launch,71254976,1,0.6176,187.1
13,dbeaver,0.763,launch,114738232,1,1.1751,218.0
13,dbeaver,1.019,launch,138150992,1,1.7418,221.8
13,dbeaver,1.274,launch,162350184,1,2.3742,248.9
13,dbeaver,1.525,launch,189580584,1,2.9920,246.0
13,dbeaver,1.777,launch,221431176,1,3.7211,289.8
13,dbeaver,2.032,launch,251889056,1,4.1986,186.6
13,dbeaver,2.287,launch,266536352,1,4.8095,242.7
13,dbeaver,2.541,launch,278742432,1,5.6332,319.4
13,dbeaver,2.796,launch,297059768,1,6.6284,390.8
13,dbeaver,3.049,launch,319047096,1,7.3723,293.8
13,dbeaver,3.304,launch,326010632,1,8.0098,250.4
13,dbeaver,3.560,launch,622528600,1,8.6894,266.3
13,dbeaver,3.814,settle,846678680,2,9.6810,385.7
13,dbeaver,4.069,settle,975702704,2,10.5134,328.5
13,dbeaver,4.324,settle,1005030064,2,10.6901,69.0
13,dbeaver,4.578,settle,1073220296,2,11.4718,309.3
13,dbeaver,4.833,settle,1072122568,2,11.4959,9.3
13,dbeaver,5.084,settle,992660168,2,11.5389,17.0
13,dbeaver,5.338,settle,842222280,2,11.5683,11.7
13,dbeaver,5.592,settle,802245320,2,11.5735,2.1
13,dbeaver,5.848,settle,732023496,2,11.5864,5.0
13,dbeaver,6.103,settle,732023496,2,11.5955,3.6
13,dbeaver,6.358,settle,732056264,2,11.6165,8.2
13,dbeaver,6.612,settle,732056264,2,11.6232,2.6
13,dbeaver,6.867,settle,732056264,2,11.6385,6.1
13,dbeaver,7.119,settle,732056264,2,11.6467,3.2
13,dbeaver,7.375,settle,732056264,2,11.6632,6.5
13,dbeaver,7.628,settle,732056264,2,11.6686,2.2
13,dbeaver,7.883,settle,732203720,2,11.6910,8.7
13,dbeaver,8.138,settle,732203720,2,11.7040,5.1
13,dbeaver,8.391,settle,732203720,2,11.7185,5.7
13,dbeaver,8.643,settle,731843272,2,11.7365,7.3
13,dbeaver,8.898,query,731843272,2,11.7429,2.5
13,dbeaver,9.149,query,731663048,2,11.7539,4.4
13,dbeaver,9.403,query,731679432,2,11.7655,4.5
13,dbeaver,9.658,query,731679432,2,11.7772,4.6
13,dbeaver,9.913,query,731679432,2,11.7846,2.9
13,dbeaver,10.168,query,731679432,2,11.7908,2.4
13,dbeaver,10.424,query,731679432,2,11.8007,3.9
13,dbeaver,10.679,query,731679432,2,11.8074,2.6
13,dbeaver,10.933,query,731695816,2,11.8249,7.0
13,dbeaver,11.189,query,731663048,2,11.8304,2.1
13,dbeaver,11.444,query,731728584,2,11.8668,14.2
13,dbeaver,11.699,query,731728584,2,11.8734,2.6
13,dbeaver,11.952,query,731728584,2,11.8889,6.3
13,dbeaver,12.203,query,731728584,2,11.8930,1.7
13,dbeaver,12.457,query,731728584,2,11.9007,3.0
13,dbeaver,12.712,query,732056264,2,11.9184,7.0
13,dbeaver,12.967,query,694209224,2,11.9260,3.0
13,dbeaver,13.220,query,732056264,2,11.9358,3.9
13,dbeaver,13.475,query,732056264,2,11.9411,2.1
13,dbeaver,13.728,query,732105392,2,11.9616,8.1
13,dbeaver,13.983,query,732089008,2,11.9750,5.1
13,dbeaver,14.236,query,733006512,2,12.0360,24.3
13,dbeaver,14.491,query,812894896,2,12.1071,27.8
13,dbeaver,14.746,query,813943472,2,12.2158,43.2
13,dbeaver,14.999,query,772360880,2,12.2414,9.9
13,dbeaver,15.253,query,772295344,2,12.2577,6.5
13,dbeaver,15.506,query,772459184,2,12.2869,11.5
13,dbeaver,15.759,query,734775984,2,12.3135,10.3
13,dbeaver,16.011,query,731712176,2,12.3288,6.2
13,dbeaver,16.267,query,731744944,2,12.3360,2.8
13,dbeaver,16.522,query,864324296,2,12.6733,132.2
13,dbeaver,16.775,query,967576264,2,13.4110,291.3
13,dbeaver,17.030,query,1029229256,2,14.0325,243.3
13,dbeaver,17.283,query,982911688,2,14.1893,61.8
13,dbeaver,17.534,query,941460168,2,14.3237,53.8
13,dbeaver,17.787,query,898484936,2,14.3434,7.7
13,dbeaver,18.041,query,898222840,2,14.3766,13.2
13,dbeaver,18.294,query,765905656,2,14.5163,55.1
13,dbeaver,18.549,query,766053112,2,14.5581,16.2
13,dbeaver,18.804,query,777554680,2,14.6997,56.2
13,dbeaver,19.060,query,770247416,2,14.7834,32.6
13,dbeaver,19.315,query,770312952,2,14.8590,30.0
13,dbeaver,19.570,query,770362104,2,14.9490,35.0
13,dbeaver,19.825,query,770427640,2,15.0936,56.9
13,dbeaver,20.080,query,770591480,2,15.2430,58.4
13,dbeaver,20.331,query,768527096,2,15.3546,44.5
13,dbeaver,20.582,query,768592632,2,15.4213,26.6
13,dbeaver,20.837,query,823741176,2,15.5651,56.4
13,dbeaver,21.092,query,890424056,2,15.7006,53.6
13,dbeaver,21.347,query,888376056,2,15.7888,34.0
13,dbeaver,21.600,query,884181752,2,15.8457,22.7
13,dbeaver,21.855,query,884280056,2,15.9032,22.6
13,dbeaver,22.106,query,764267256,2,15.9854,32.5
13,dbeaver,22.362,after-query,764267256,2,15.9937,3.3
13,dbeaver,22.612,after-query,764218104,2,16.0060,4.8
13,dbeaver,22.867,after-query,760253176,2,16.0142,3.2
13,dbeaver,23.122,after-query,760253176,2,16.0218,3.0
13,dbeaver,23.376,after-query,748948216,2,16.0323,4.1
13,dbeaver,23.627,after-query,748948216,2,16.0423,4.0
13,dbeaver,23.882,after-query,748849912,2,16.0528,4.1
13,dbeaver,24.137,after-query,748849912,2,16.0595,2.6
13,dbeaver,24.389,after-query,748849912,2,16.0708,4.5
13,dbeaver,24.645,after-query,748899064,2,16.0863,6.1
13,dbeaver,24.900,after-query,747850488,2,16.0970,4.1
13,dbeaver,25.155,after-query,747850488,2,16.1049,3.1
13,dbeaver,25.408,after-query,747604728,2,16.1240,7.5
13,dbeaver,25.663,after-query,747457272,2,16.1313,2.9
13,dbeaver,25.918,after-query,747260664,2,16.1389,2.9
13,dbeaver,26.174,after-query,747260664,2,16.1545,6.2
13,dbeaver,26.428,after-query,747260664,2,16.1600,2.2
13,dbeaver,26.683,after-query,747260664,2,16.1711,4.5
13,pgadmin,0.255,launch,8848296,1,0.1019,
13,pgadmin,0.510,launch,40830968,3,0.2928,74.2
13,pgadmin,0.760,launch,115266672,5,0.7454,180.1
13,pgadmin,1.015,launch,160814264,5,1.0057,103.1
13,pgadmin,1.267,launch,171070648,5,1.2302,88.3
13,pgadmin,1.522,launch,180376760,5,1.4609,90.0
13,pgadmin,1.775,launch,192779472,5,1.6777,86.2
13,pgadmin,2.030,launch,207361256,5,1.9185,94.5
13,pgadmin,2.285,launch,218830056,5,2.1515,91.4
13,pgadmin,2.540,launch,228725992,5,2.3884,92.8
13,pgadmin,2.795,launch,246699720,6,2.7995,160.5
13,pgadmin,3.050,launch,236852504,5,2.8380,86.9
13,pgadmin,3.305,launch,244716848,5,3.0793,94.4
13,pgadmin,3.559,launch,254596400,5,3.3256,97.8
13,pgadmin,3.810,launch,263968048,5,3.5570,93.4
13,pgadmin,4.065,launch,264656176,5,3.6145,21.8
13,pgadmin,4.319,launch,267212104,5,3.6679,21.4
13,pgadmin,4.572,settle,358422048,5,4.0966,204.3
13,pgadmin,4.822,settle,472684136,5,4.4335,134.5
13,pgadmin,5.077,settle,500717208,5,4.8152,150.0
13,pgadmin,5.333,settle,671815608,5,5.3708,215.5
13,pgadmin,5.583,settle,696506464,5,5.6429,110.1
13,pgadmin,5.839,settle,706418808,5,5.9033,100.9
13,pgadmin,6.092,settle,781097176,5,6.1744,105.7
13,pgadmin,6.347,settle,781752584,5,6.2354,23.9
13,pgadmin,6.601,settle,792435552,6,6.3668,52.4
13,pgadmin,6.856,settle,784767816,6,6.3894,8.9
13,pgadmin,7.111,settle,784882504,6,6.4200,11.8
13,pgadmin,7.364,settle,769776456,6,6.4598,15.8
13,pgadmin,7.619,settle,747772744,6,6.4934,13.2
13,pgadmin,7.874,settle,747854664,6,6.5274,13.5
13,pgadmin,8.129,settle,748297032,6,6.5859,22.6
13,pgadmin,8.384,settle,748378952,6,6.6182,12.7
13,pgadmin,8.639,settle,748493640,6,6.6577,15.5
13,pgadmin,8.894,settle,748559176,6,6.6828,9.8
13,pgadmin,9.149,settle,748673864,6,6.7125,11.6
13,pgadmin,9.400,settle,748739400,6,6.7375,10.2
13,pgadmin,9.654,query,748788552,6,6.7590,8.5
13,pgadmin,9.909,query,748837704,6,6.7898,11.8
13,pgadmin,10.165,query,750721864,6,6.8686,31.4
13,pgadmin,10.416,query,750852936,6,6.8968,11.0
13,pgadmin,10.671,query,751033160,6,6.9216,9.8
13,pgadmin,10.926,query,751164232,6,6.9496,10.9
13,pgadmin,11.181,query,625580872,6,6.9965,18.5
13,pgadmin,11.436,query,625711944,6,7.0246,11.1
13,pgadmin,11.692,query,625810248,6,7.0593,13.4
13,pgadmin,11.944,query,625974088,6,7.0969,15.2
13,pgadmin,12.199,query,626285384,6,7.1323,13.7
13,pgadmin,12.454,query,626400072,6,7.1570,9.8
13,pgadmin,12.709,query,626596680,6,7.1820,9.9
13,pgadmin,12.965,query,626711368,6,7.2048,8.9
13,pgadmin,13.220,query,626826056,6,7.2291,9.5
13,pgadmin,13.475,query,627006280,6,7.2534,9.5
13,pgadmin,13.728,query,627137352,6,7.2739,8.1
13,pgadmin,13.982,query,628775752,6,7.3221,18.9
13,pgadmin,14.233,query,628906824,6,7.3485,10.6
13,pgadmin,14.488,query,629070664,6,7.3689,8.0
13,pgadmin,14.742,query,629218120,6,7.4009,12.6
13,pgadmin,14.997,query,629365576,6,7.4264,10.0
13,pgadmin,15.250,query,629480264,6,7.4515,10.0
13,pgadmin,15.505,query,629644104,6,7.4724,8.2
13,pgadmin,15.758,query,689183584,6,7.5948,48.1
13,pgadmin,16.013,query,739121992,6,8.0435,173.7
13,pgadmin,16.264,query,739793736,6,8.0872,17.3
13,pgadmin,16.518,query,739793736,6,8.1111,9.5
13,pgadmin,16.769,query,739793736,6,8.1298,7.5
13,pgadmin,17.022,query,735386440,6,8.1512,8.4
13,pgadmin,17.277,query,733158216,6,8.1733,8.7
13,pgadmin,17.529,query,821042016,6,8.4077,94.0
13,pgadmin,17.783,query,824073056,6,8.6012,75.4
13,pgadmin,18.037,query,830593864,6,8.7524,59.7
13,pgadmin,18.288,query,833592136,6,8.8601,42.5
13,pgadmin,18.543,query,839703416,6,9.0389,71.1
13,pgadmin,18.795,query,846797712,6,9.2081,67.7
13,pgadmin,19.050,query,851286952,6,9.2875,30.7
13,pgadmin,19.304,query,866032552,6,9.5094,87.6
13,pgadmin,19.559,query,874650536,6,9.6449,53.0
13,pgadmin,19.814,query,887184296,6,9.8343,74.9
13,pgadmin,20.067,query,898423720,6,9.9859,59.5
13,pgadmin,20.318,query,899881920,6,10.0878,40.3
13,pgadmin,20.573,query,905796544,6,10.2349,57.7
13,pgadmin,20.828,query,921557952,6,10.4057,67.7
13,pgadmin,21.084,query,916331480,6,10.5729,65.1
13,pgadmin,21.338,query,926669784,6,10.6992,49.9
13,pgadmin,21.588,query,934960088,6,10.8637,65.5
13,pgadmin,21.842,query,942529496,6,10.9543,35.4
13,pgadmin,22.096,query,948542424,6,11.1267,67.8
13,pgadmin,22.349,query,958208984,6,11.2633,54.7
13,pgadmin,22.603,query,943414256,6,11.3706,42.3
13,pgadmin,22.857,query,941005808,6,11.3939,9.3
13,pgadmin,23.113,after-query,941022192,6,11.4165,8.7
13,pgadmin,23.366,after-query,941071344,6,11.4401,9.3
13,pgadmin,23.621,after-query,941136880,6,11.4637,9.3
13,pgadmin,23.876,after-query,915069888,6,11.5098,18.3
13,pgadmin,24.131,after-query,915135424,6,11.5299,7.7
13,pgadmin,24.385,after-query,915200960,6,11.5494,7.7
13,pgadmin,24.639,after-query,915299264,6,11.5701,8.2
13,pgadmin,24.895,after-query,903912384,6,11.5959,10.1
13,pgadmin,25.149,after-query,903977920,6,11.6172,8.4
13,pgadmin,25.402,after-query,904043456,6,11.6419,9.7
13,pgadmin,25.657,after-query,904125376,6,11.6682,10.4
13,pgadmin,25.910,after-query,890297280,6,11.7166,19.3
13,pgadmin,26.165,after-query,890346432,6,11.7343,6.8
13,pgadmin,26.420,after-query,890411968,6,11.7569,8.9
13,pgadmin,26.672,after-query,890444736,6,11.7805,9.4
13,pgadmin,26.926,after-query,890510272,6,11.8014,8.4
13,pgadmin,27.180,after-query,890592192,6,11.8238,8.7
13,pgadmin,27.433,after-query,890657728,6,11.8435,7.9
13,pgpad,0.252,launch,16892888,1,0.1232,
13,pgpad,0.508,settle,47958536,4,0.3922,104.9
13,pgpad,0.761,settle,49990248,4,0.4767,33.5
13,pgpad,1.016,settle,240520888,5,0.7924,121.9
13,pgpad,1.271,settle,239996600,5,0.7953,1.1
13,pgpad,1.526,settle,236293816,5,0.8031,3.1
13,pgpad,1.777,settle,231476920,5,0.8071,1.6
13,pgpad,2.032,settle,230346424,5,0.8330,10.2
13,pgpad,2.288,settle,158355128,5,0.8378,1.8
13,pgpad,2.540,settle,157175480,5,0.8391,0.5
13,pgpad,2.793,settle,157028024,5,0.8405,0.5
13,pgpad,3.048,settle,157028024,5,0.8413,0.3
13,pgpad,3.303,settle,156880568,5,0.8418,0.2
13,pgpad,3.556,settle,156765880,5,0.8423,0.2
13,pgpad,3.807,settle,156765880,5,0.8424,0.1
13,pgpad,4.060,settle,156765880,5,0.8429,0.2
13,pgpad,4.315,settle,156765880,5,0.8432,0.1
13,pgpad,4.570,settle,156765880,5,0.8435,0.2
13,pgpad,4.825,settle,156765880,5,0.8435,0.0
13,pgpad,5.080,settle,156765880,5,0.8435,0.0
13,pgpad,5.335,settle,156765880,5,0.8439,0.1
13,pgpad,5.588,query,156602040,5,0.8497,2.4
13,pgpad,5.843,query,156602040,5,0.8499,0.1
13,pgpad,6.094,query,156454584,5,0.8507,0.3
13,pgpad,6.347,query,156454584,5,0.8508,0.0
13,pgpad,6.602,query,156356280,5,0.8512,0.2
13,pgpad,6.858,query,156307128,5,0.8515,0.1
13,pgpad,7.110,query,156307128,5,0.8516,0.0
13,pgpad,7.365,query,156307128,5,0.8516,0.0
13,pgpad,7.620,query,156192440,5,0.8517,0.0
13,pgpad,7.875,query,156192440,5,0.8517,0.0
13,pgpad,8.130,query,156192440,5,0.8517,0.0
13,pgpad,8.386,query,156192440,5,0.8517,0.0
13,pgpad,8.641,query,156192440,5,0.8518,0.0
13,pgpad,8.896,query,156143288,5,0.8627,4.3
13,pgpad,9.147,query,156143288,5,0.8671,1.8
13,pgpad,9.402,query,156143288,5,0.8677,0.2
13,pgpad,9.657,query,156143288,5,0.8686,0.3
13,pgpad,9.912,query,156143288,5,0.8692,0.3
13,pgpad,10.167,query,156143288,5,0.8698,0.2
13,pgpad,10.419,query,156143288,5,0.8701,0.1
13,pgpad,10.674,query,231968440,5,0.9119,16.3
13,pgpad,10.928,query,291229488,5,1.0260,44.4
13,pgpad,11.183,query,290934576,5,1.0303,1.7
13,pgpad,11.439,query,283987760,5,1.0344,1.6
13,pgpad,11.693,query,283823920,5,1.0376,1.3
13,pgpad,11.948,query,240439088,5,1.0885,19.9
13,pgpad,12.199,query,250859936,6,1.2021,45.0
13,pgpad,12.454,query,257855904,6,1.2304,11.1
13,pgpad,12.709,query,249237920,6,1.2758,17.8
13,pgpad,12.960,query,275960248,6,1.2918,6.4
13,pgpad,13.211,query,275927480,6,1.2940,0.9
13,pgpad,13.466,query,268964280,6,1.3193,9.9
13,pgpad,13.721,query,269111736,6,1.3393,7.9
13,pgpad,13.972,query,227594680,6,1.3428,1.4
13,pgpad,14.226,query,324669904,6,1.5850,95.5
13,pgpad,14.482,query,366645736,6,1.6259,16.0
13,pgpad,14.735,query,360174056,6,1.6287,1.1
13,pgpad,14.990,query,358388200,6,1.6381,3.6
13,pgpad,15.245,query,356782568,6,1.6399,0.7
13,pgpad,15.500,query,275042792,6,1.6520,4.8
13,pgpad,15.756,query,257429992,6,1.6549,1.1
13,pgpad,16.010,query,257282536,6,1.6646,3.8
13,pgpad,16.260,query,358519272,6,1.7058,16.4
13,pgpad,16.516,query,404460056,6,1.7758,27.3
13,pgpad,16.768,query,404754968,6,1.8026,10.8
13,pgpad,17.019,query,411734552,6,1.8733,27.7
13,pgpad,17.274,query,412176920,6,1.9124,15.5
13,pgpad,17.528,query,412520984,6,1.9697,22.4
13,pgpad,17.783,query,412471832,6,1.9746,2.0
13,pgpad,18.038,query,407622168,6,2.0341,23.2
13,pgpad,18.293,after-query,386077208,6,2.0717,14.7
13,pgpad,18.543,after-query,378999320,6,2.0769,2.1
13,pgpad,18.798,after-query,378376728,6,2.0801,1.3
13,pgpad,19.049,after-query,376787480,6,2.0812,0.4
13,pgpad,19.302,after-query,371479064,6,2.0843,1.2
13,pgpad,19.557,after-query,258871832,6,2.0854,0.5
13,pgpad,19.813,after-query,258855448,6,2.0860,0.2
13,pgpad,20.068,after-query,258855448,6,2.0867,0.3
13,pgpad,20.323,after-query,258724376,6,2.0877,0.4
13,pgpad,20.576,after-query,258724376,6,2.0887,0.4
13,pgpad,20.829,after-query,258609688,6,2.0894,0.3
13,pgpad,21.082,after-query,258658840,6,2.0961,2.6
13,pgpad,21.337,after-query,258658840,6,2.0964,0.1
13,pgpad,21.592,after-query,258593304,6,2.0975,0.4
13,pgpad,21.847,after-query,258576920,6,2.0983,0.3
13,pgpad,22.103,after-query,258576920,6,2.0990,0.3
13,pgpad,22.358,after-query,258576920,6,2.0995,0.2
13,pgpad,22.613,after-query,258576920,6,2.0999,0.2
13,pgpad,22.868,after-query,258576920,6,2.0999,0.0
13,pgpad,23.123,after-query,258576920,6,2.0999,0.0
13,pgpad,23.378,after-query,258462232,6,2.1004,0.2
14,pgpad,0.253,launch,18695272,2,0.1350,
14,pgpad,0.508,settle,48335368,4,0.3914,99.1
14,pgpad,0.764,settle,53594824,4,0.4896,38.2
14,pgpad,1.016,settle,225447536,5,0.7779,114.5
14,pgpad,1.270,settle,225234544,5,0.7799,0.8
14,pgpad,1.523,settle,221351536,5,0.7904,4.2
14,pgpad,1.778,settle,216977008,5,0.8146,9.4
14,pgpad,2.029,settle,200740464,5,0.8190,1.8
14,pgpad,2.284,settle,157142640,5,0.8230,1.5
14,pgpad,2.539,settle,156798576,5,0.8244,0.6
14,pgpad,2.795,settle,156700272,5,0.8253,0.4
14,pgpad,3.050,settle,156651120,5,0.8260,0.3
14,pgpad,3.304,settle,156372592,5,0.8266,0.2
14,pgpad,3.559,settle,156307056,5,0.8272,0.3
14,pgpad,3.815,settle,156307056,5,0.8275,0.1
14,pgpad,4.069,settle,156307056,5,0.8280,0.2
14,pgpad,4.320,settle,156307056,5,0.8283,0.1
14,pgpad,4.572,settle,156307056,5,0.8287,0.1
14,pgpad,4.827,settle,156307056,5,0.8287,0.0
14,pgpad,5.082,settle,156307056,5,0.8287,0.0
14,pgpad,5.335,settle,156307056,5,0.8293,0.2
14,pgpad,5.586,query,155946608,5,0.8343,2.1
14,pgpad,5.840,query,155946608,5,0.8346,0.1
14,pgpad,6.095,query,155717232,5,0.8355,0.4
14,pgpad,6.346,query,155717232,5,0.8355,0.0
14,pgpad,6.599,query,155668080,5,0.8360,0.2
14,pgpad,6.854,query,155668080,5,0.8362,0.1
14,pgpad,7.107,query,155651696,5,0.8364,0.1
14,pgpad,7.362,query,155651696,5,0.8364,0.0
14,pgpad,7.613,query,155651696,5,0.8364,0.0
14,pgpad,7.868,query,155651696,5,0.8364,0.0
14,pgpad,8.123,query,155651696,5,0.8364,0.0
14,pgpad,8.374,query,155651696,5,0.8365,0.0
14,pgpad,8.629,query,155651696,5,0.8365,0.0
14,pgpad,8.884,query,155504240,5,0.8461,3.8
14,pgpad,9.136,query,155504240,5,0.8505,1.7
14,pgpad,9.387,query,155504240,5,0.8527,0.9
14,pgpad,9.642,query,155487856,5,0.8537,0.4
14,pgpad,9.897,query,155487856,5,0.8542,0.2
14,pgpad,10.149,query,155487856,5,0.8549,0.3
14,pgpad,10.404,query,155487856,5,0.8550,0.1
14,pgpad,10.658,query,235982472,5,0.8848,11.7
14,pgpad,10.908,query,289443560,5,0.9928,43.0
14,pgpad,11.163,query,290262760,5,1.0090,6.3
14,pgpad,11.418,query,290279144,5,1.0139,2.0
14,pgpad,11.673,query,290098920,5,1.0165,1.0
14,pgpad,11.927,query,279465704,5,1.0576,16.2
14,pgpad,12.178,query,234311976,6,1.1478,36.3
14,pgpad,12.432,query,252809536,6,1.2367,34.4
14,pgpad,12.683,query,252793152,6,1.2402,1.4
14,pgpad,12.934,query,254808408,6,1.2935,21.5
14,pgpad,13.186,query,254792024,6,1.2961,1.0
14,pgpad,13.437,query,253792600,6,1.3150,7.7
14,pgpad,13.690,query,253858136,6,1.3370,8.6
14,pgpad,13.943,query,209768792,6,1.3441,2.8
14,pgpad,14.198,query,209752408,6,1.3452,0.4
14,pgpad,14.453,query,361107896,6,1.6452,118.6
14,pgpad,14.709,query,360862136,6,1.6477,1.0
14,pgpad,14.964,query,356323768,6,1.6610,5.2
14,pgpad,15.216,query,354832824,6,1.6636,1.1
14,pgpad,15.468,query,354488760,6,1.6754,4.6
14,pgpad,15.723,query,278286776,6,1.6811,2.3
14,pgpad,15.976,query,258216376,6,1.6829,0.7
14,pgpad,16.231,query,258183608,6,1.6933,4.1
14,pgpad,16.486,query,382882256,6,1.7802,34.0
14,pgpad,16.741,query,382849488,6,1.8028,9.0
14,pgpad,16.997,query,386224592,6,1.8836,31.3
14,pgpad,17.252,query,386175440,6,1.9039,8.0
14,pgpad,17.502,query,387207656,6,1.9911,34.5
14,pgpad,17.753,query,386912744,6,2.0125,8.6
14,pgpad,18.008,query,386863592,6,2.0181,2.2
14,pgpad,18.261,query,390091240,6,2.1067,35.6
14,pgpad,18.516,after-query,376263144,6,2.1097,1.1
14,pgpad,18.767,after-query,376246760,6,2.1151,2.1
14,pgpad,19.020,after-query,375738856,6,2.1176,1.0
14,pgpad,19.273,after-query,375050728,6,2.1210,1.3
14,pgpad,19.527,after-query,260297192,6,2.1235,1.0
14,pgpad,19.782,after-query,260297192,6,2.1240,0.2
14,pgpad,20.037,after-query,260280808,6,2.1250,0.4
14,pgpad,20.287,after-query,260280808,6,2.1254,0.2
14,pgpad,20.540,after-query,260166120,6,2.1266,0.5
14,pgpad,20.795,after-query,260166120,6,2.1270,0.1
14,pgpad,21.046,after-query,260182504,6,2.1325,2.2
14,pgpad,21.301,after-query,260149736,6,2.1332,0.3
14,pgpad,21.556,after-query,260133352,6,2.1344,0.5
14,pgpad,21.809,after-query,260133352,6,2.1355,0.4
14,pgpad,22.064,after-query,260100584,6,2.1362,0.3
14,pgpad,22.318,after-query,260100584,6,2.1370,0.3
14,pgpad,22.569,after-query,260100584,6,2.1373,0.1
14,pgpad,22.825,after-query,260035048,6,2.1376,0.1
14,pgpad,23.076,after-query,260035048,6,2.1376,0.0
14,pgpad,23.328,after-query,260035048,6,2.1376,0.0
14,pgpad,23.582,after-query,259969512,6,2.1383,0.2
14,dbeaver,0.255,launch,34554768,1,0.1615,
14,dbeaver,0.510,launch,84919280,1,0.7816,239.8
14,dbeaver,0.765,launch,120898616,1,1.3573,225.4
14,dbeaver,1.020,launch,155436136,1,2.0522,273.3
14,dbeaver,1.276,launch,173327704,1,2.7028,254.9
14,dbeaver,1.531,launch,211781000,1,3.5079,314.5
14,dbeaver,1.786,launch,255509992,1,3.9608,178.1
14,dbeaver,2.041,launch,269141480,1,4.6186,257.0
14,dbeaver,2.295,launch,281871848,1,5.4862,342.1
14,dbeaver,2.550,launch,291948008,1,6.4466,376.1
14,dbeaver,2.805,launch,311232000,1,7.2766,326.6
14,dbeaver,3.060,launch,319931952,1,8.0305,295.6
14,dbeaver,3.315,launch,494077992,1,8.6396,238.6
14,dbeaver,3.570,settle,835832496,2,9.4032,300.9
14,dbeaver,3.825,settle,993512112,2,10.0025,233.6
14,dbeaver,4.079,settle,997821104,2,10.2903,113.1
14,dbeaver,4.335,settle,1060784816,2,11.2147,358.0
14,dbeaver,4.589,settle,1004407472,2,11.2355,8.2
14,dbeaver,4.844,settle,847989424,2,11.2733,14.8
14,dbeaver,5.099,settle,823904944,2,11.2942,8.2
14,dbeaver,5.354,settle,725535408,2,11.3093,5.9
14,dbeaver,5.606,settle,724912816,2,11.3255,6.5
14,dbeaver,5.859,settle,718523056,2,11.3360,4.1
14,dbeaver,6.114,settle,718539440,2,11.3501,5.6
14,dbeaver,6.365,settle,718539440,2,11.3578,3.1
14,dbeaver,6.621,settle,718539440,2,11.3705,4.9
14,dbeaver,6.874,settle,718539440,2,11.3775,2.8
14,dbeaver,7.130,settle,680774320,2,11.3896,4.6
14,dbeaver,7.384,settle,718621360,2,11.4072,6.9
14,dbeaver,7.639,settle,718621360,2,11.4129,2.3
14,dbeaver,7.894,settle,718621360,2,11.4303,6.8
14,dbeaver,8.149,settle,718555824,2,11.4383,3.1
14,dbeaver,8.404,settle,718457520,2,11.4542,6.3
14,dbeaver,8.659,query,718342832,2,11.4591,2.0
14,dbeaver,8.910,query,718195376,2,11.4731,5.5
14,dbeaver,9.166,query,718195376,2,11.4787,2.2
14,dbeaver,9.421,query,718228144,2,11.4960,6.7
14,dbeaver,9.676,query,718228144,2,11.5012,2.0
14,dbeaver,9.931,query,718228144,2,11.5090,3.1
14,dbeaver,10.186,query,718228144,2,11.5179,3.5
14,dbeaver,10.442,query,718228144,2,11.5256,3.0
14,dbeaver,10.697,query,718228144,2,11.5369,4.4
14,dbeaver,10.952,query,718211760,2,11.5450,3.2
14,dbeaver,11.207,query,718211760,2,11.5556,4.1
14,dbeaver,11.463,query,718228144,2,11.5747,7.5
14,dbeaver,11.718,query,718244528,2,11.5878,5.3
14,dbeaver,11.973,query,718244528,2,11.5931,2.1
14,dbeaver,12.225,query,718244528,2,11.6036,4.1
14,dbeaver,12.480,query,718244528,2,11.6097,2.4
14,dbeaver,12.735,query,718244528,2,11.6162,2.5
14,dbeaver,12.990,query,718244528,2,11.6233,2.8
14,dbeaver,13.240,query,718244528,2,11.6307,3.0
14,dbeaver,13.496,query,718244504,2,11.6499,7.6
14,dbeaver,13.749,query,718293656,2,11.6674,6.8
14,dbeaver,14.004,query,719424152,2,11.7373,27.2
14,dbeaver,14.260,query,799247000,2,11.7979,23.8
14,dbeaver,14.515,query,757467800,2,11.9200,47.5
14,dbeaver,14.770,query,760056472,2,12.0483,50.1
14,dbeaver,15.020,query,760023704,2,12.0594,4.4
14,dbeaver,15.273,query,760187544,2,12.0882,11.5
14,dbeaver,15.529,query,760335000,2,12.1117,9.1
14,dbeaver,15.784,query,719407768,2,12.1233,4.6
14,dbeaver,16.039,query,719424152,2,12.1311,3.0
14,dbeaver,16.294,query,844401304,2,12.3824,99.0
14,dbeaver,16.549,query,970033864,2,13.2259,329.0
14,dbeaver,16.804,query,906824416,2,13.8172,233.3
14,dbeaver,17.059,query,945490656,2,13.9782,62.5
14,dbeaver,17.313,query,944343776,2,14.0897,44.0
14,dbeaver,17.565,query,944343776,2,14.1105,8.2
14,dbeaver,17.821,query,943999736,2,14.1484,14.8
14,dbeaver,18.076,query,766462712,2,14.2848,54.0
14,dbeaver,18.331,query,739560184,2,14.3314,18.1
14,dbeaver,18.585,query,739773176,2,14.4666,53.4
14,dbeaver,18.839,query,734939896,2,14.5482,32.4
14,dbeaver,19.095,query,734989048,2,14.6427,36.9
14,dbeaver,19.348,query,734989048,2,14.7169,29.0
14,dbeaver,19.603,query,746326776,2,14.8481,51.3
14,dbeaver,19.858,query,746523384,2,14.9950,57.6
14,dbeaver,20.109,query,746621688,2,15.1217,50.5
14,dbeaver,20.360,query,744524536,2,15.1853,25.1
14,dbeaver,20.614,query,799738616,2,15.3092,49.5
14,dbeaver,20.869,query,852839160,2,15.4496,55.5
14,dbeaver,21.124,query,850791160,2,15.5357,33.5
14,dbeaver,21.379,query,850791160,2,15.5913,21.4
14,dbeaver,21.633,query,846662392,2,15.6570,26.2
14,dbeaver,21.884,query,846662392,2,15.7320,30.0
14,dbeaver,22.139,after-query,737872632,2,15.7394,2.9
14,dbeaver,22.394,after-query,737839864,2,15.7536,5.5
14,dbeaver,22.649,after-query,737856248,2,15.7611,2.9
14,dbeaver,22.904,after-query,724110072,2,15.7678,2.7
14,dbeaver,23.159,after-query,724077304,2,15.7777,3.9
14,dbeaver,23.411,after-query,724077304,2,15.7885,4.3
14,dbeaver,23.666,after-query,724077304,2,15.7983,3.8
14,dbeaver,23.921,after-query,723979000,2,15.8045,2.4
14,dbeaver,24.176,after-query,723995384,2,15.8151,4.1
14,dbeaver,24.431,after-query,724011768,2,15.8300,5.9
14,dbeaver,24.685,after-query,724011768,2,15.8376,3.0
14,dbeaver,24.941,after-query,724028152,2,15.8460,3.3
14,dbeaver,25.191,after-query,724028152,2,15.8544,3.3
14,dbeaver,25.446,after-query,723765984,2,15.8633,3.5
14,dbeaver,25.701,after-query,722815712,2,15.8702,2.7
14,dbeaver,25.956,after-query,722832096,2,15.8806,4.1
14,dbeaver,26.210,after-query,722832096,2,15.8870,2.5
14,dbeaver,26.461,after-query,722832096,2,15.8984,4.6
14,pgadmin,0.255,launch,32458144,1,0.1799,
14,pgadmin,0.508,launch,140170376,5,0.6695,193.4
14,pgadmin,0.763,launch,157521056,5,0.9152,95.3
14,pgadmin,1.018,launch,167843000,5,1.1456,90.1
14,pgadmin,1.273,launch,177312976,5,1.3754,90.2
14,pgadmin,1.528,launch,189404392,5,1.6033,90.3
14,pgadmin,1.784,launch,196744424,5,1.8444,93.4
14,pgadmin,2.034,launch,209163496,5,2.0762,92.5
14,pgadmin,2.289,launch,217896192,5,2.3074,92.1
14,pgadmin,2.544,launch,243472072,6,2.7095,157.3
14,pgadmin,2.798,launch,232559896,5,2.7735,90.9
14,pgadmin,3.053,launch,241308976,5,3.0204,95.5
14,pgadmin,3.308,launch,249845040,5,3.2654,96.1
14,pgadmin,3.561,launch,260085040,5,3.5043,94.7
14,pgadmin,3.816,launch,262264112,5,3.6041,38.7
14,pgadmin,4.067,launch,264705328,5,3.6569,20.9
14,pgadmin,4.318,settle,340415936,5,4.0651,194.2
14,pgadmin,4.570,settle,466130560,5,4.4092,137.8
14,pgadmin,4.825,settle,494933656,5,4.7934,150.3
14,pgadmin,5.080,settle,699193272,5,5.3551,221.1
14,pgadmin,5.335,settle,683038816,5,5.6576,117.1
14,pgadmin,5.587,settle,697243768,5,5.8824,90.8
14,pgadmin,5.843,settle,796924096,5,6.1521,104.1
14,pgadmin,6.098,settle,797776112,6,6.2387,33.6
14,pgadmin,6.353,settle,808950576,6,6.3808,55.1
14,pgadmin,6.608,settle,808999704,6,6.4063,10.3
14,pgadmin,6.862,settle,806968088,6,6.4334,10.4
14,pgadmin,7.117,settle,804903728,6,6.4726,15.6
14,pgadmin,7.372,settle,770054960,6,6.5087,14.4
14,pgadmin,7.623,settle,770104112,6,6.5282,7.8
14,pgadmin,7.878,settle,772971288,6,6.5714,16.9
14,pgadmin,8.132,settle,773069592,6,6.5948,9.1
14,pgadmin,8.383,settle,773233432,6,6.6355,16.2
14,pgadmin,8.639,settle,773298968,6,6.6568,8.2
14,pgadmin,8.890,settle,773413656,6,6.6950,14.9
14,pgadmin,9.140,settle,773462808,6,6.7262,13.0
14,pgadmin,9.395,query,773544728,6,6.7480,8.5
14,pgadmin,9.647,query,773561112,6,6.7796,12.2
14,pgadmin,9.902,query,777591600,6,6.8374,22.7
14,pgadmin,10.157,query,777706288,6,6.8719,13.6
14,pgadmin,10.409,query,777935664,6,6.8978,10.5
14,pgadmin,10.664,query,778050352,6,6.9233,9.8
14,pgadmin,10.919,query,617618224,6,6.9725,19.2
14,pgadmin,11.175,query,617618224,6,7.0035,12.2
14,pgadmin,11.430,query,617749296,6,7.0415,14.7
14,pgadmin,11.685,query,620567368,6,7.0990,23.0
14,pgadmin,11.936,query,620780360,6,7.1326,13.2
14,pgadmin,12.192,query,620895048,6,7.1621,11.6
14,pgadmin,12.447,query,621042504,6,7.1872,10.1
14,pgadmin,12.702,query,621189960,6,7.2097,8.8
14,pgadmin,12.956,query,621353800,6,7.2294,7.8
14,pgadmin,13.212,query,621484872,6,7.2518,8.7
14,pgadmin,13.466,query,621599560,6,7.2747,9.0
14,pgadmin,13.719,query,633117512,6,7.5433,106.3
14,pgadmin,13.974,query,633101128,6,7.5585,5.9
14,pgadmin,14.229,query,633101128,6,7.5839,10.0
14,pgadmin,14.484,query,633117512,6,7.6132,11.4
14,pgadmin,14.737,query,633117512,6,7.6370,9.4
14,pgadmin,14.989,query,633101128,6,7.6637,10.7
14,pgadmin,15.244,query,633101128,6,7.6862,8.8
14,pgadmin,15.499,query,654596936,6,7.7313,17.8
14,pgadmin,15.754,query,706222920,6,7.9831,97.4
14,pgadmin,16.005,query,707435336,6,8.0234,15.9
14,pgadmin,16.260,query,707435336,6,8.0494,10.1
14,pgadmin,16.515,query,707435336,6,8.0724,9.1
14,pgadmin,16.769,query,707468104,6,8.0905,7.2
14,pgadmin,17.021,query,705370952,6,8.1117,8.3
14,pgadmin,17.274,query,764189512,6,8.3079,78.3
14,pgadmin,17.529,query,787225440,6,8.5263,85.9
14,pgadmin,17.783,query,788749152,6,8.6439,46.1
14,pgadmin,18.038,query,792058720,6,8.7596,45.4
14,pgadmin,18.289,query,798628728,6,8.9474,74.7
14,pgadmin,18.541,query,803412856,6,9.0879,56.2
14,pgadmin,18.795,query,808655736,6,9.3900,118.9
14,pgadmin,19.050,query,809360248,6,9.5683,69.9
14,pgadmin,19.305,query,809950072,6,9.7132,57.0
14,pgadmin,19.560,query,810048376,6,9.8490,52.8
14,pgadmin,19.816,query,810212216,6,10.0595,81.7
14,pgadmin,20.068,query,810228600,6,10.1545,38.4
14,pgadmin,20.323,query,810326904,6,10.2726,46.8
14,pgadmin,20.574,query,804936568,6,10.4069,53.3
14,pgadmin,20.826,query,800938872,6,10.5759,66.1
14,pgadmin,21.079,query,802069368,6,10.6673,36.2
14,pgadmin,21.331,query,807754616,6,10.8454,70.5
14,pgadmin,21.583,query,807377784,6,10.9241,31.2
14,pgadmin,21.838,query,809835384,6,11.0710,57.4
14,pgadmin,22.089,query,813554576,6,11.2467,70.0
14,pgadmin,22.344,query,814668688,6,11.3258,31.0
14,pgadmin,22.595,query,812391312,6,11.3667,16.2
14,pgadmin,22.846,after-query,812407696,6,11.3900,9.3
14,pgadmin,23.101,after-query,812473232,6,11.4131,9.0
14,pgadmin,23.357,after-query,810458000,6,11.4380,9.7
14,pgadmin,23.611,after-query,788601720,6,11.4588,8.4
14,pgadmin,23.866,after-query,788732792,6,11.5081,19.2
14,pgadmin,24.120,after-query,788781944,6,11.5312,9.1
14,pgadmin,24.375,after-query,788913016,6,11.5561,9.7
14,pgadmin,24.628,after-query,782637944,6,11.5726,6.7
14,pgadmin,24.883,after-query,782703480,6,11.5920,7.5
14,pgadmin,25.136,after-query,782769016,6,11.6148,8.8
14,pgadmin,25.391,after-query,782818168,6,11.6420,10.9
14,pgadmin,25.645,after-query,782916472,6,11.6644,8.6
14,pgadmin,25.900,after-query,773479288,6,11.7269,24.4
14,pgadmin,26.153,after-query,773430136,6,11.7515,9.8
14,pgadmin,26.405,after-query,773512056,6,11.7722,8.4
14,pgadmin,26.658,after-query,773577592,6,11.7921,7.8
14,pgadmin,26.913,after-query,773643128,6,11.8132,8.4
14,pgadmin,27.168,after-query,750050168,6,11.8383,9.7
14,dbgate,0.251,launch,8815504,1,0.0979,
14,dbgate,0.506,launch,52628552,3,0.3690,104.8
14,dbgate,0.759,launch,80153720,3,0.5755,81.8
14,dbgate,1.014,settle,211161816,4,0.9555,147.3
14,dbgate,1.265,settle,290559880,5,1.3579,162.1
14,dbgate,1.537,settle,602776432,8,2.3994,385.5
14,dbgate,1.792,settle,618145080,8,2.7465,132.0
14,dbgate,2.044,settle,619816248,8,2.7880,16.6
14,dbgate,2.300,settle,620012856,8,2.8338,17.9
14,dbgate,2.555,settle,618030392,8,2.8994,25.5
14,dbgate,2.810,settle,597550392,8,2.9471,18.8
14,dbgate,3.065,settle,607659320,8,3.0136,26.3
14,dbgate,3.321,settle,607642936,8,3.0274,5.4
14,dbgate,3.576,settle,607642936,8,3.0474,8.0
14,dbgate,3.831,settle,607642936,8,3.0595,4.7
14,dbgate,4.086,settle,607659320,8,3.0788,7.5
14,dbgate,4.341,settle,602793272,8,3.0904,4.6
14,dbgate,4.597,settle,602793272,8,3.1094,7.4
14,dbgate,4.852,settle,592799032,8,3.1222,5.0
14,dbgate,5.106,settle,583116064,8,3.1475,10.1
14,dbgate,5.360,settle,583099680,8,3.1598,4.8
14,dbgate,5.611,settle,583099680,8,3.1771,6.9
14,dbgate,5.865,settle,583066912,8,3.1928,6.3
14,dbgate,6.117,query,583017760,8,3.2069,5.7
14,dbgate,6.372,query,569009440,8,3.2292,8.6
14,dbgate,6.627,query,569009440,8,3.2478,7.3
14,dbgate,6.882,query,524444960,8,3.2635,6.2
14,dbgate,7.137,query,521413920,8,3.2749,4.5
14,dbgate,7.390,query,515990816,8,3.2879,5.2
14,dbgate,7.643,query,515990816,8,3.3030,5.9
14,dbgate,7.898,query,516023584,8,3.3205,6.8
14,dbgate,8.154,query,484468000,8,3.3364,6.2
14,dbgate,8.409,query,484484384,8,3.3511,5.8
14,dbgate,8.662,query,484468000,8,3.3645,5.3
14,dbgate,8.917,query,484468024,8,3.3789,5.6
14,dbgate,9.172,query,484451640,8,3.3918,5.2
14,dbgate,9.427,query,484549944,8,3.4051,5.2
14,dbgate,9.682,query,484549944,8,3.4237,7.3
14,dbgate,9.934,query,484566328,8,3.4375,5.5
14,dbgate,10.185,query,484549944,8,3.4500,5.0
14,dbgate,10.438,query,484566328,8,3.4616,4.6
14,dbgate,10.693,query,484549944,8,3.4737,4.7
14,dbgate,10.948,query,484566328,8,3.4852,4.5
14,dbgate,11.201,query,484549944,8,3.4979,5.0
14,dbgate,11.452,query,484599096,8,3.5140,6.4
14,dbgate,11.707,query,484582712,8,3.5291,5.9
14,dbgate,11.959,query,547366200,8,3.5800,20.1
14,dbgate,12.214,query,604038456,8,3.6475,26.6
14,dbgate,12.469,query,604038456,8,3.6610,5.2
14,dbgate,12.724,query,604005688,8,3.6952,13.6
14,dbgate,12.976,query,604530144,9,3.7431,19.1
14,dbgate,13.231,query,667462072,9,4.0497,120.4
14,dbgate,13.486,query,725953096,9,4.3547,119.8
14,dbgate,13.741,query,726903368,9,4.3957,16.2
14,dbgate,13.997,query,726903368,9,4.4096,5.3
14,dbgate,14.250,query,737569352,9,4.6992,116.9
14,dbgate,14.506,query,743189088,9,4.9314,90.3
14,dbgate,14.759,query,747809376,9,5.2257,116.7
14,dbgate,15.014,query,751102560,9,5.4600,91.6
14,dbgate,15.265,query,758245984,9,5.6892,90.5
14,dbgate,15.518,query,770599544,9,5.9217,92.9
14,dbgate,15.774,query,774498936,9,6.1006,70.4
14,dbgate,16.028,query,781412984,9,6.3000,78.5
14,dbgate,16.282,query,787770000,9,6.4755,69.1
14,dbgate,16.534,query,792488592,9,6.6284,59.9
14,dbgate,16.785,query,796093072,9,6.7598,52.4
14,dbgate,17.039,query,799156880,9,6.8619,40.8
14,dbgate,17.293,query,802859664,9,7.0304,65.2
14,dbgate,17.546,query,807053968,9,7.1794,58.7
14,dbgate,17.801,query,809724584,9,7.2702,35.5
14,dbgate,18.056,query,782903976,9,7.5033,93.0
14,dbgate,18.311,query,783051432,9,7.6499,57.6
14,dbgate,18.566,query,721463976,9,7.7629,43.8
14,dbgate,18.821,query,722119336,9,7.9106,58.5
14,dbgate,19.076,query,722119336,9,8.0576,58.0
14,dbgate,19.331,query,722119336,9,8.0991,16.1
14,dbgate,19.582,after-query,722119336,9,8.1160,6.7
14,dbgate,19.837,after-query,707914408,9,8.1356,7.6
14,dbgate,20.088,after-query,705473192,9,8.1513,6.3
14,dbgate,20.344,after-query,700213928,9,8.1650,5.4
14,dbgate,20.595,after-query,700279464,9,8.1790,5.6
14,dbgate,20.849,after-query,689859216,9,8.1948,6.3
14,dbgate,21.104,after-query,682470032,9,8.2107,6.2
14,dbgate,21.359,after-query,682535568,9,8.2300,7.6
14,dbgate,21.613,after-query,680553104,9,8.2542,9.4
14,dbgate,21.867,after-query,680536720,9,8.2665,5.0
14,dbgate,22.119,after-query,680520336,9,8.2824,6.1
14,dbgate,22.374,after-query,680503952,9,8.2961,5.4
14,dbgate,22.626,after-query,680536720,9,8.3130,6.8
14,dbgate,22.878,after-query,680520336,9,8.3258,5.0
14,dbgate,23.128,after-query,680503952,9,8.3386,5.1
14,dbgate,23.384,after-query,680520336,9,8.3532,5.7
14,dbgate,23.637,after-query,680536720,9,8.3688,6.3
14,dbgate,23.892,after-query,680520336,9,8.3811,4.7
15,dbgate,0.255,launch,34653384,1,0.1754,
15,dbgate,0.506,launch,82693312,3,0.4604,112.1
15,dbgate,0.762,settle,203379464,4,0.8474,152.1
15,dbgate,1.017,settle,284219344,5,1.2756,167.7
15,dbgate,1.272,settle,593224800,8,2.3041,311.0
15,dbgate,1.526,settle,614737376,8,2.6770,144.0
15,dbgate,1.776,settle,612918752,8,2.6912,5.8
15,dbgate,2.031,settle,613213664,8,2.7302,15.2
15,dbgate,2.282,settle,613230048,8,2.7480,7.3
15,dbgate,2.535,settle,604906976,8,2.7634,5.9
15,dbgate,2.788,settle,592750048,8,2.7851,8.6
15,dbgate,3.040,settle,590259680,8,2.7992,5.6
15,dbgate,3.295,settle,590259680,8,2.8231,9.4
15,dbgate,3.549,settle,587802080,8,2.8369,5.6
15,dbgate,3.801,settle,577611208,8,2.8511,5.6
15,dbgate,4.056,settle,577594824,8,2.8624,4.3
15,dbgate,4.312,settle,577594824,8,2.8820,7.6
15,dbgate,4.563,settle,577594824,8,2.8937,4.7
15,dbgate,4.818,settle,577660360,8,2.9157,8.6
15,dbgate,5.073,settle,577643976,8,2.9275,4.6
15,dbgate,5.329,settle,577660360,8,2.9491,8.5
15,dbgate,5.584,settle,577594824,8,2.9595,4.1
15,dbgate,5.839,query,577578440,8,2.9755,6.4
15,dbgate,6.091,query,577447368,8,2.9931,6.9
15,dbgate,6.346,query,570058184,8,3.0128,7.7
15,dbgate,6.601,query,492905928,8,3.0346,8.5
15,dbgate,6.857,query,485516744,8,3.0504,6.2
15,dbgate,7.107,query,485533128,8,3.0652,6.0
15,dbgate,7.362,query,485516744,8,3.0809,6.1
15,dbgate,7.617,query,485549512,8,3.0983,6.8
15,dbgate,7.873,query,485533128,8,3.1141,6.2
15,dbgate,8.128,query,485549512,8,3.1295,6.1
15,dbgate,8.383,query,485533128,8,3.1437,5.6
15,dbgate,8.638,query,485549512,8,3.1563,5.0
15,dbgate,8.893,query,485533128,8,3.1701,5.4
15,dbgate,9.143,query,485598664,8,3.1816,4.6
15,dbgate,9.398,query,485615048,8,3.1938,4.8
15,dbgate,9.653,query,485631432,8,3.2051,4.4
15,dbgate,9.908,query,485615048,8,3.2176,4.9
15,dbgate,10.164,query,485647816,8,3.2298,4.8
15,dbgate,10.418,query,485631432,8,3.2434,5.4
15,dbgate,10.673,query,485647816,8,3.2556,4.8
15,dbgate,10.928,query,485631432,8,3.2685,5.0
15,dbgate,11.182,query,485647816,8,3.2820,5.3
15,dbgate,11.435,query,485631432,8,3.2927,4.2
15,dbgate,11.689,query,544875976,8,3.3450,20.5
15,dbgate,11.944,query,614065608,8,3.4138,27.0
15,dbgate,12.199,query,614049224,8,3.4246,4.2
15,dbgate,12.454,query,614262216,8,3.4622,14.9
15,dbgate,12.710,query,614229448,8,3.4894,10.6
15,dbgate,12.965,query,663530032,9,3.7732,112.3
15,dbgate,13.220,query,727050920,9,4.1050,129.0
15,dbgate,13.475,query,728607400,9,4.1553,19.6
15,dbgate,13.728,query,728607400,9,4.1652,3.9
15,dbgate,13.983,query,740846248,9,4.3898,88.5
15,dbgate,14.238,query,754592472,9,4.5838,76.3
15,dbgate,14.491,query,760244952,9,4.8368,100.1
15,dbgate,14.746,query,764078832,9,5.0136,69.1
15,dbgate,14.999,query,781839088,9,5.2331,87.3
15,dbgate,15.253,query,788065032,9,5.4168,71.6
15,dbgate,15.507,query,791718664,9,5.5684,60.3
15,dbgate,15.759,query,796797704,9,5.7531,73.1
15,dbgate,16.011,query,802040584,9,5.9250,68.1
15,dbgate,16.265,query,807349024,9,6.0585,52.6
15,dbgate,16.519,query,811936544,9,6.2216,63.7
15,dbgate,16.774,query,810920736,9,6.3393,47.0
15,dbgate,17.029,query,815360800,9,6.4808,54.5
15,dbgate,17.281,query,819931936,9,6.6318,61.0
15,dbgate,17.536,query,821963552,9,6.7331,39.1
15,dbgate,17.790,query,789965624,9,6.9601,89.6
15,dbgate,18.041,query,789769016,9,7.1060,58.1
15,dbgate,18.296,query,706505528,9,7.2171,43.4
15,dbgate,18.547,query,699820856,9,7.3722,62.7
15,dbgate,18.799,query,697166648,9,7.5060,52.6
15,dbgate,19.054,query,697150264,9,7.5787,28.7
15,dbgate,19.307,after-query,697133880,9,7.5955,6.6
15,dbgate,19.562,after-query,696576824,9,7.6105,5.9
15,dbgate,19.817,after-query,694135608,9,7.6260,6.0
15,dbgate,20.070,after-query,688876344,9,7.6395,5.3
15,dbgate,20.323,after-query,688876344,9,7.6562,6.6
15,dbgate,20.575,after-query,688876344,9,7.6728,6.6
15,dbgate,20.826,after-query,671623968,9,7.6946,8.7
15,dbgate,21.079,after-query,671722272,9,7.7132,7.3
15,dbgate,21.332,after-query,671673120,9,7.7282,5.9
15,dbgate,21.587,after-query,669608736,9,7.7482,7.8
15,dbgate,21.841,after-query,669592352,9,7.7653,6.8
15,dbgate,22.096,after-query,669575968,9,7.7803,5.8
15,dbgate,22.347,after-query,669575968,9,7.7955,6.1
15,dbgate,22.602,after-query,669575968,9,7.8124,6.6
15,dbgate,22.857,after-query,669592352,9,7.8286,6.3
15,dbgate,23.112,after-query,669575968,9,7.8432,5.8
15,dbgate,23.368,after-query,669625120,9,7.8593,6.3
15,dbgate,23.621,after-query,669592352,9,7.8742,6.1
15,dbgate,23.876,after-query,669608736,9,7.8873,5.1
15,pgadmin,0.255,launch,9896920,1,0.1089,
15,pgadmin,0.510,launch,41895928,3,0.3273,84.9
15,pgadmin,0.762,launch,142890072,5,0.7926,183.0
15,pgadmin,1.017,launch,157750384,5,1.0233,90.3
15,pgadmin,1.269,launch,168481904,5,1.2412,87.3
15,pgadmin,1.524,launch,178230408,5,1.4731,90.9
15,pgadmin,1.779,launch,192107656,5,1.6922,86.0
15,pgadmin,2.034,launch,208868512,5,1.9329,94.3
15,pgadmin,2.288,launch,217961656,5,2.1677,92.7
15,pgadmin,2.543,launch,227497144,5,2.4022,91.6
15,pgadmin,2.798,launch,252302976,6,2.8732,182.8
15,pgadmin,3.053,launch,236393704,5,2.8566,88.9
15,pgadmin,3.308,launch,245339368,5,3.0936,93.4
15,pgadmin,3.563,launch,254416104,5,3.3445,98.8
15,pgadmin,3.818,launch,263312760,6,3.5620,84.7
15,pgadmin,4.074,launch,263820520,5,3.6068,17.8
15,pgadmin,4.328,launch,282940864,6,3.7200,45.4
15,pgadmin,4.581,settle,394040792,5,4.1486,210.8
15,pgadmin,4.835,settle,458970680,5,4.4645,124.2
15,pgadmin,5.090,settle,514561688,5,4.8708,160.7
15,pgadmin,5.345,settle,725440464,5,5.3886,201.8
15,pgadmin,5.599,settle,685332552,5,5.6967,119.8
15,pgadmin,5.850,settle,700766328,5,5.9591,106.1
15,pgadmin,6.102,settle,802756800,5,6.1753,85.6
15,pgadmin,6.357,settle,803789136,6,6.2508,29.6
15,pgadmin,6.612,settle,814291760,6,6.3731,47.9
15,pgadmin,6.867,settle,806640432,6,6.3970,9.3
15,pgadmin,7.118,settle,804641584,6,6.4234,10.5
15,pgadmin,7.370,settle,791665456,6,6.4596,14.4
15,pgadmin,7.625,settle,772299568,6,6.4918,12.6
15,pgadmin,7.879,settle,772365104,6,6.5205,11.3
15,pgadmin,8.134,settle,772692784,6,6.5869,25.9
15,pgadmin,8.386,settle,772758320,6,6.6180,12.3
15,pgadmin,8.641,settle,772873008,6,6.6553,14.9
15,pgadmin,8.896,settle,772954928,6,6.6797,9.5
15,pgadmin,9.151,settle,773053232,6,6.7125,12.9
15,pgadmin,9.406,query,773118768,6,6.7409,11.4
15,pgadmin,9.661,query,773151536,6,6.7620,8.2
15,pgadmin,9.916,query,773331784,6,6.8005,14.7
15,pgadmin,10.171,query,775559984,6,6.8686,26.7
15,pgadmin,10.426,query,775625520,6,6.8918,9.1
15,pgadmin,10.682,query,775707416,6,6.9205,11.3
15,pgadmin,10.932,query,775871256,6,6.9416,8.5
15,pgadmin,11.187,query,617978648,6,6.9863,17.3
15,pgadmin,11.438,query,618126104,6,7.0149,11.4
15,pgadmin,11.693,query,618208024,6,7.0488,13.3
15,pgadmin,11.946,query,618502936,6,7.1007,20.5
15,pgadmin,12.201,query,618666776,6,7.1333,12.7
15,pgadmin,12.454,query,618814232,6,7.1601,10.9
15,pgadmin,12.709,query,618961688,6,7.1899,11.7
15,pgadmin,12.964,query,619109144,6,7.2101,7.9
15,pgadmin,13.216,query,619240216,6,7.2314,8.4
15,pgadmin,13.471,query,619420440,6,7.2594,10.9
15,pgadmin,13.727,query,619567896,6,7.2833,9.4
15,pgadmin,13.979,query,621042456,6,7.3329,19.6
15,pgadmin,14.234,query,621157144,6,7.3579,9.8
15,pgadmin,14.490,query,621320984,6,7.3782,8.0
15,pgadmin,14.745,query,621484824,6,7.4033,9.9
15,pgadmin,14.996,query,621632280,6,7.4273,9.5
15,pgadmin,15.251,query,621763352,6,7.4499,8.9
15,pgadmin,15.504,query,621927192,6,7.4707,8.2
15,pgadmin,15.759,query,683285320,6,7.6016,51.6
15,pgadmin,16.013,query,732224304,6,7.9869,150.3
15,pgadmin,16.264,query,732928816,6,8.0191,12.7
15,pgadmin,16.517,query,732928816,6,8.0419,9.0
15,pgadmin,16.772,query,732928816,6,8.0628,8.2
15,pgadmin,17.022,query,732961584,6,8.0852,9.0
15,pgadmin,17.277,query,730864432,6,8.1069,8.4
15,pgadmin,17.529,query,809835312,6,8.3387,93.2
15,pgadmin,17.784,query,814258992,6,8.5326,76.0
15,pgadmin,18.038,query,816995120,6,8.6533,47.6
15,pgadmin,18.294,query,822254384,6,8.7873,51.8
15,pgadmin,18.545,query,829938528,6,8.9554,67.5
15,pgadmin,18.800,query,842570592,6,9.1301,68.7
15,pgadmin,19.055,query,844798816,6,9.1841,20.8
15,pgadmin,19.310,query,858954640,6,9.4064,88.4
15,pgadmin,19.565,query,867310480,6,9.5374,51.1
15,pgadmin,19.816,query,872881040,6,9.6853,58.4
15,pgadmin,20.071,query,887020432,6,9.8853,79.0
15,pgadmin,20.326,query,889674640,6,9.9561,28.2
15,pgadmin,20.581,query,899849128,6,10.1146,61.6
15,pgadmin,20.833,query,903568296,6,10.3155,79.6
15,pgadmin,21.087,query,916118440,6,10.4757,62.9
15,pgadmin,21.342,query,916134848,6,10.5937,46.8
15,pgadmin,21.597,query,925768640,6,10.7472,59.7
15,pgadmin,21.852,query,927194048,6,10.7906,16.8
15,pgadmin,22.108,query,938482624,6,10.9932,79.7
15,pgadmin,22.361,query,948526016,6,11.1442,59.8
15,pgadmin,22.616,query,950639552,6,11.2317,34.5
15,pgadmin,22.871,query,948247488,6,11.2581,10.4
15,pgadmin,23.126,after-query,948329408,6,11.2814,9.0
15,pgadmin,23.382,after-query,948427712,6,11.3040,8.9
15,pgadmin,23.637,after-query,946396096,6,11.3280,9.4
15,pgadmin,23.892,after-query,922065808,6,11.3504,8.8
15,pgadmin,24.147,after-query,922426256,6,11.3993,19.1
15,pgadmin,24.401,after-query,922491792,6,11.4215,8.8
15,pgadmin,24.651,after-query,922606480,6,11.4434,8.7
15,pgadmin,24.902,after-query,921050000,6,11.4635,8.0
15,pgadmin,25.154,after-query,921164688,6,11.4848,8.4
15,pgadmin,25.409,after-query,921230224,6,11.5066,8.7
15,pgadmin,25.664,after-query,921295760,6,11.5333,10.3
15,pgadmin,25.920,after-query,921443240,6,11.5674,13.4
15,pgadmin,26.175,after-query,921738128,6,11.6124,17.6
15,pgadmin,26.430,after-query,921688976,6,11.6375,9.8
15,pgadmin,26.685,after-query,868719504,6,11.6625,9.9
15,pgadmin,26.940,after-query,868785040,6,11.6813,7.5
15,pgadmin,27.194,after-query,868850576,6,11.7042,8.9
15,pgadmin,27.447,after-query,868916112,6,11.7272,9.3
15,pgpad,0.255,launch,17040320,1,0.1288,
15,pgpad,0.509,settle,48302624,4,0.4007,107.0
15,pgpad,0.762,settle,50137752,4,0.4839,32.4
15,pgpad,1.018,settle,229101264,5,0.7900,119.5
15,pgpad,1.270,settle,228495056,5,0.7922,0.9
15,pgpad,1.524,settle,223563472,5,0.8010,3.5
15,pgpad,1.779,settle,219614928,5,0.8244,9.2
15,pgpad,2.034,settle,219139792,5,0.8287,1.7
15,pgpad,2.287,settle,157830864,5,0.8343,2.2
15,pgpad,2.543,settle,156864208,5,0.8358,0.6
15,pgpad,2.798,settle,156700368,5,0.8368,0.4
15,pgpad,3.053,settle,156700368,5,0.8374,0.2
15,pgpad,3.307,settle,156552912,5,0.8385,0.4
15,pgpad,3.560,settle,156520144,5,0.8390,0.2
15,pgpad,3.815,settle,156520144,5,0.8392,0.1
15,pgpad,4.067,settle,156520144,5,0.8395,0.1
15,pgpad,4.322,settle,156520144,5,0.8399,0.1
15,pgpad,4.574,settle,156520144,5,0.8402,0.1
15,pgpad,4.825,settle,156520144,5,0.8402,0.0
15,pgpad,5.076,settle,156520144,5,0.8402,0.0
15,pgpad,5.331,settle,156470992,5,0.8410,0.3
15,pgpad,5.581,query,156389072,5,0.8449,1.6
15,pgpad,5.833,query,156274384,5,0.8452,0.1
15,pgpad,6.089,query,156274384,5,0.8458,0.2
15,pgpad,6.344,query,156176080,5,0.8460,0.1
15,pgpad,6.599,query,156176080,5,0.8463,0.1
15,pgpad,6.853,query,156077776,5,0.8467,0.2
15,pgpad,7.109,query,156077776,5,0.8468,0.0
15,pgpad,7.363,query,155963088,5,0.8469,0.0
15,pgpad,7.618,query,155963088,5,0.8469,0.0
15,pgpad,7.873,query,155963088,5,0.8469,0.0
15,pgpad,8.124,query,155963088,5,0.8469,0.0
15,pgpad,8.378,query,155963088,5,0.8469,0.0
15,pgpad,8.632,query,155963088,5,0.8470,0.0
15,pgpad,8.887,query,155815632,5,0.8535,2.6
15,pgpad,9.142,query,155913936,5,0.8614,3.1
15,pgpad,9.397,query,155913936,5,0.8626,0.5
15,pgpad,9.653,query,155913936,5,0.8636,0.4
15,pgpad,9.908,query,155913936,5,0.8639,0.1
15,pgpad,10.162,query,155897552,5,0.8648,0.3
15,pgpad,10.416,query,155897552,5,0.8650,0.1
15,pgpad,10.671,query,235736808,5,0.8981,13.0
15,pgpad,10.925,query,289640312,5,1.0166,45.9
15,pgpad,11.176,query,288919416,5,1.0190,0.9
15,pgpad,11.431,query,288837496,5,1.0262,2.9
15,pgpad,11.684,query,288690040,5,1.0290,1.1
15,pgpad,11.939,query,289230712,5,1.0845,21.7
15,pgpad,12.195,query,248336872,6,1.2052,47.7
15,pgpad,12.445,query,261902824,6,1.2270,8.6
15,pgpad,12.699,query,261542376,6,1.2308,1.5
15,pgpad,12.954,query,275108328,6,1.2878,22.4
15,pgpad,13.209,query,275091944,6,1.2903,1.0
15,pgpad,13.462,query,274108904,6,1.3143,9.5
15,pgpad,13.713,query,274239976,6,1.3429,11.4
15,pgpad,13.968,query,232739304,6,1.3455,1.0
15,pgpad,14.224,query,281137640,6,1.4013,21.7
15,pgpad,14.479,query,368972312,6,1.6441,96.0
15,pgpad,14.734,query,368382488,6,1.6464,0.9
15,pgpad,14.989,query,364745240,6,1.6578,4.5
15,pgpad,15.244,query,364073496,6,1.6612,1.3
15,pgpad,15.500,query,363893272,6,1.6698,3.5
15,pgpad,15.753,query,260641304,6,1.6760,2.4
15,pgpad,16.004,query,260657688,6,1.6834,3.0
15,pgpad,16.259,query,346083864,6,1.7272,17.1
15,pgpad,16.514,query,386470448,6,1.7920,25.5
15,pgpad,16.769,query,386683440,6,1.8157,9.3
15,pgpad,17.024,query,387469872,6,1.8907,29.3
15,pgpad,17.279,query,387650096,6,1.9217,12.3
15,pgpad,17.533,query,387748400,6,1.9910,26.9
15,pgpad,17.784,query,387682864,6,1.9934,1.0
15,pgpad,18.039,query,387748400,6,2.0281,13.5
15,pgpad,18.292,after-query,374362672,6,2.0941,26.7
15,pgpad,18.547,after-query,374362672,6,2.0999,2.2
15,pgpad,18.802,after-query,374313520,6,2.1030,1.2
15,pgpad,19.057,after-query,373740080,6,2.1059,1.1
15,pgpad,19.309,after-query,274895408,6,2.1085,1.0
15,pgpad,19.564,after-query,259543600,6,2.1102,0.7
15,pgpad,19.819,after-query,259527216,6,2.1109,0.3
15,pgpad,20.074,after-query,259527216,6,2.1115,0.3
15,pgpad,20.325,after-query,259494448,6,2.1123,0.3
15,pgpad,20.576,after-query,259396144,6,2.1129,0.2
15,pgpad,20.831,after-query,259297840,6,2.1137,0.3
15,pgpad,21.086,after-query,259330608,6,2.1201,2.5
15,pgpad,21.340,after-query,259330608,6,2.1206,0.2
15,pgpad,21.591,after-query,259265072,6,2.1216,0.4
15,pgpad,21.846,after-query,259248688,6,2.1224,0.3
15,pgpad,22.100,after-query,259248688,6,2.1229,0.2
15,pgpad,22.355,after-query,259199536,6,2.1236,0.3
15,pgpad,22.611,after-query,259199536,6,2.1239,0.1
15,pgpad,22.861,after-query,259150384,6,2.1242,0.1
15,pgpad,23.112,after-query,259150384,6,2.1242,0.0
15,pgpad,23.368,after-query,259002928,6,2.1244,0.1
15,dbeaver,0.254,launch,20808592,1,0.1132,
15,dbeaver,0.509,launch,67453912,1,0.5478,167.9
15,dbeaver,0.764,launch,107217928,1,1.1244,226.6
15,dbeaver,1.020,launch,139019320,1,1.6814,218.1
15,dbeaver,1.275,launch,159728696,1,2.3014,246.8
15,dbeaver,1.530,launch,179701056,1,2.9202,239.6
15,dbeaver,1.785,launch,227706272,1,3.7147,311.1
15,dbeaver,2.037,launch,252413368,1,4.1692,182.5
15,dbeaver,2.292,launch,273319376,1,4.7558,226.5
15,dbeaver,2.546,launch,286967248,1,5.7573,395.5
15,dbeaver,2.801,launch,298468840,1,6.7100,374.5
15,dbeaver,3.056,launch,318162432,1,7.4808,301.8
15,dbeaver,3.311,launch,324437648,1,8.1524,263.0
15,dbeaver,3.566,launch,511772712,1,8.8441,271.5
15,dbeaver,3.821,settle,832408264,2,9.7189,341.0
15,dbeaver,4.077,settle,944163528,2,10.4813,297.3
15,dbeaver,4.330,settle,946244296,2,10.7200,95.6
15,dbeaver,4.583,settle,1015532232,2,11.5109,310.2
15,dbeaver,4.838,settle,959466184,2,11.5352,9.5
15,dbeaver,5.095,settle,930745032,2,11.5788,16.7
15,dbeaver,5.350,settle,822119112,2,11.6154,14.4
15,dbeaver,5.606,settle,782142152,2,11.6227,2.9
15,dbeaver,5.861,settle,710560456,2,11.6328,3.9
15,dbeaver,6.116,settle,710560456,2,11.6396,2.7
15,dbeaver,6.371,settle,710576840,2,11.6630,9.1
15,dbeaver,6.626,settle,710593224,2,11.6705,3.0
15,dbeaver,6.878,settle,710593224,2,11.6832,5.0
15,dbeaver,7.134,settle,710593224,2,11.6875,1.7
15,dbeaver,7.385,settle,710593224,2,11.6990,4.6
15,dbeaver,7.635,settle,710593224,2,11.7113,4.9
15,dbeaver,7.891,settle,710593224,2,11.7192,3.1
15,dbeaver,8.142,settle,710560456,2,11.7328,5.4
15,dbeaver,8.392,settle,710560456,2,11.7408,3.2
15,dbeaver,8.647,settle,710298312,2,11.7546,5.4
15,dbeaver,8.900,query,710298312,2,11.7606,2.4
15,dbeaver,9.152,query,710118088,2,11.7753,5.7
15,dbeaver,9.408,query,710118088,2,11.7837,3.2
15,dbeaver,9.663,query,710118088,2,11.7941,4.1
15,dbeaver,9.918,query,710118088,2,11.8018,3.1
15,dbeaver,10.171,query,710118088,2,11.8063,1.8
15,dbeaver,10.425,query,710118088,2,11.8160,3.7
15,dbeaver,10.680,query,710118088,2,11.8216,2.2
15,dbeaver,10.935,query,710068936,2,11.8356,5.5
15,dbeaver,11.189,query,710085320,2,11.8444,3.5
15,dbeaver,11.444,query,710085344,2,11.8607,6.4
15,dbeaver,11.698,query,710118112,2,11.8772,6.5
15,dbeaver,11.953,query,710216416,2,11.8906,5.4
15,dbeaver,12.207,query,710232800,2,11.8952,1.8
15,dbeaver,12.462,query,710232800,2,11.9045,3.6
15,dbeaver,12.718,query,710232800,2,11.9096,2.0
15,dbeaver,12.971,query,710232800,2,11.9155,2.3
15,dbeaver,13.223,query,710232800,2,11.9231,3.0
15,dbeaver,13.478,query,710232800,2,11.9316,3.3
15,dbeaver,13.733,query,710232800,2,11.9429,4.5
15,dbeaver,13.985,query,710249160,2,11.9685,9.8
15,dbeaver,14.241,query,711232176,2,12.0341,26.0
15,dbeaver,14.496,query,711314096,2,12.0824,19.1
15,dbeaver,14.746,query,791136944,2,12.1551,28.8
15,dbeaver,14.997,query,792824520,2,12.3563,79.3
15,dbeaver,15.251,query,752929480,2,12.3827,10.4
15,dbeaver,15.507,query,753109704,2,12.4088,10.2
15,dbeaver,15.760,query,753339080,2,12.4380,11.5
15,dbeaver,16.014,query,712444616,2,12.4481,4.0
15,dbeaver,16.270,query,712493768,2,12.4597,4.5
15,dbeaver,16.525,query,844204744,2,12.6473,74.6
15,dbeaver,16.780,query,906922720,2,13.4058,296.7
15,dbeaver,17.035,query,943459040,2,14.0200,243.9
15,dbeaver,17.290,query,925420256,2,14.2173,76.2
15,dbeaver,17.545,query,924338912,2,14.3420,49.2
15,dbeaver,17.801,query,882526944,2,14.3556,5.3
15,dbeaver,18.056,query,870779616,2,14.3779,8.8
15,dbeaver,18.311,query,830032632,2,14.5157,53.8
15,dbeaver,18.563,query,752110328,2,14.5597,17.3
15,dbeaver,18.817,query,752339704,2,14.6958,54.5
15,dbeaver,19.072,query,747506424,2,14.7618,25.7
15,dbeaver,19.325,query,747490040,2,14.8542,36.7
15,dbeaver,19.580,query,747506424,2,14.9295,29.4
15,dbeaver,19.835,query,747653880,2,15.1293,78.4
15,dbeaver,20.090,query,745671416,2,15.2508,47.4
15,dbeaver,20.345,query,745753336,2,15.3721,47.9
15,dbeaver,20.600,query,745933560,2,15.4359,24.8
15,dbeaver,20.853,query,778750712,2,15.5382,40.7
15,dbeaver,21.108,query,852642552,2,15.6960,61.8
15,dbeaver,21.363,query,850578168,2,15.7653,27.2
15,dbeaver,21.618,query,846383864,2,15.8281,24.5
15,dbeaver,21.874,query,846433016,2,15.9033,29.6
15,dbeaver,22.127,query,739756792,2,15.9677,25.8
15,dbeaver,22.381,after-query,739756792,2,15.9745,2.7
15,dbeaver,22.633,after-query,739707640,2,15.9853,4.3
15,dbeaver,22.888,after-query,737266424,2,15.9898,1.8
15,dbeaver,23.143,after-query,725994232,2,15.9986,3.4
15,dbeaver,23.398,after-query,726059768,2,16.0191,8.0
15,dbeaver,23.654,after-query,726059768,2,16.0269,3.1
15,dbeaver,23.909,after-query,725994232,2,16.0385,4.5
15,dbeaver,24.163,after-query,725994232,2,16.0463,3.1
15,dbeaver,24.415,after-query,725994232,2,16.0585,4.9
15,dbeaver,24.665,after-query,725994232,2,16.0658,2.9
15,dbeaver,24.920,after-query,726027000,2,16.0829,6.6
15,dbeaver,25.175,after-query,726027000,2,16.0905,3.1
15,dbeaver,25.430,after-query,726010616,2,16.1017,4.3
15,dbeaver,25.685,after-query,725994232,2,16.1100,3.2
15,dbeaver,25.940,after-query,725469920,2,16.1157,2.3
15,dbeaver,26.193,after-query,725469920,2,16.1253,3.8
15,dbeaver,26.448,after-query,725469920,2,16.1329,2.9
15,dbeaver,26.702,after-query,725469920,2,16.1423,3.8
16,pgpad,0.255,launch,18531456,2,0.1343,
16,pgpad,0.510,settle,48073272,4,0.3886,97.7
16,pgpad,0.763,settle,52955896,4,0.4852,38.5
16,pgpad,1.017,settle,228511368,5,0.7783,114.8
16,pgpad,1.272,settle,228347528,5,0.7802,0.7
16,pgpad,1.527,settle,224579208,5,0.7887,3.4
16,pgpad,1.783,settle,222219912,5,0.8097,8.1
16,pgpad,2.038,settle,221744776,5,0.8147,2.0
16,pgpad,2.290,settle,157847176,5,0.8199,2.1
16,pgpad,2.543,settle,157568648,5,0.8213,0.6
16,pgpad,2.797,settle,157257352,5,0.8224,0.4
16,pgpad,3.052,settle,157224584,5,0.8228,0.2
16,pgpad,3.307,settle,157011592,5,0.8238,0.4
16,pgpad,3.561,settle,156978824,5,0.8244,0.2
16,pgpad,3.816,settle,156978824,5,0.8248,0.2
16,pgpad,4.071,settle,156978824,5,0.8252,0.1
16,pgpad,4.323,settle,156978824,5,0.8255,0.1
16,pgpad,4.578,settle,156978824,5,0.8258,0.1
16,pgpad,4.833,settle,156978824,5,0.8258,0.0
16,pgpad,5.084,settle,156978824,5,0.8258,0.0
16,pgpad,5.338,settle,156847752,5,0.8269,0.4
16,pgpad,5.592,query,156831368,5,0.8327,2.4
16,pgpad,5.846,query,156733064,5,0.8331,0.2
16,pgpad,6.101,query,156618376,5,0.8337,0.2
16,pgpad,6.356,query,156569224,5,0.8339,0.1
16,pgpad,6.611,query,156569224,5,0.8342,0.1
16,pgpad,6.867,query,156569224,5,0.8346,0.1
16,pgpad,7.122,query,156520072,5,0.8347,0.0
16,pgpad,7.375,query,156520072,5,0.8347,0.0
16,pgpad,7.627,query,156438152,5,0.8349,0.1
16,pgpad,7.882,query,156438152,5,0.8349,0.0
16,pgpad,8.137,query,156438152,5,0.8349,0.0
16,pgpad,8.392,query,156438152,5,0.8350,0.0
16,pgpad,8.647,query,156438152,5,0.8350,0.0
16,pgpad,8.902,query,156192392,5,0.8453,4.1
16,pgpad,9.154,query,156192392,5,0.8503,1.9
16,pgpad,9.406,query,156176008,5,0.8510,0.3
16,pgpad,9.661,query,156176008,5,0.8517,0.3
16,pgpad,9.916,query,156176008,5,0.8523,0.2
16,pgpad,10.166,query,156159624,5,0.8527,0.2
16,pgpad,10.421,query,156159624,5,0.8529,0.1
16,pgpad,10.677,query,226102920,5,0.8945,16.2
16,pgpad,10.932,query,288509672,5,1.0062,43.8
16,pgpad,11.187,query,281333480,5,1.0102,1.6
16,pgpad,11.442,query,281333480,5,1.0133,1.2
16,pgpad,11.696,query,281153256,5,1.0153,0.8
16,pgpad,11.951,query,296570600,5,1.0698,21.4
16,pgpad,12.205,query,249778472,6,1.2032,52.4
16,pgpad,12.460,query,263328040,6,1.2291,10.2
16,pgpad,12.715,query,264458536,6,1.2602,12.1
16,pgpad,12.970,query,274420056,6,1.2923,12.5
16,pgpad,13.223,query,274420056,6,1.2948,1.0
16,pgpad,13.478,query,273453400,6,1.3217,10.6
16,pgpad,13.732,query,273600856,6,1.3450,9.2
16,pgpad,13.987,query,270356824,6,1.3498,1.9
16,pgpad,14.239,query,330158472,6,1.5835,93.9
16,pgpad,14.494,query,376312248,6,1.6193,14.0
16,pgpad,14.748,query,354980280,6,1.6221,1.1
16,pgpad,15.003,query,352211384,6,1.6316,3.7
16,pgpad,15.255,query,351375800,6,1.6331,0.6
16,pgpad,15.510,query,274862520,6,1.6457,4.9
16,pgpad,15.762,query,262197688,6,1.6489,1.3
16,pgpad,16.017,query,262214072,6,1.6595,4.1
16,pgpad,16.272,query,355258808,6,1.6983,15.2
16,pgpad,16.525,query,400822736,6,1.7714,29.2
16,pgpad,16.779,query,406163920,6,1.7934,8.6
16,pgpad,17.035,query,406950352,6,1.8722,30.7
16,pgpad,17.290,query,407359952,6,1.9048,12.9
16,pgpad,17.545,query,407769576,6,1.9614,22.0
16,pgpad,17.799,query,407704040,6,1.9665,2.0
16,pgpad,18.054,query,408801768,6,2.0336,26.3
16,pgpad,18.306,after-query,381768168,6,2.0633,11.9
16,pgpad,18.561,after-query,381751784,6,2.0683,2.0
16,pgpad,18.812,after-query,381719016,6,2.0708,1.0
16,pgpad,19.064,after-query,379687400,6,2.0726,0.7
16,pgpad,19.314,after-query,263016936,6,2.0754,1.1
16,pgpad,19.569,after-query,262967784,6,2.0765,0.4
16,pgpad,19.821,after-query,262951400,6,2.0772,0.3
16,pgpad,20.076,after-query,262951400,6,2.0778,0.2
16,pgpad,20.330,after-query,262918632,6,2.0781,0.1
16,pgpad,20.584,after-query,262820328,6,2.0784,0.1
16,pgpad,20.838,after-query,262722024,6,2.0790,0.2
16,pgpad,21.093,after-query,262754792,6,2.0847,2.2
16,pgpad,21.349,after-query,262754792,6,2.0854,0.3
16,pgpad,21.604,after-query,262558184,6,2.0870,0.6
16,pgpad,21.854,after-query,262558184,6,2.0879,0.4
16,pgpad,22.104,after-query,262541800,6,2.0884,0.2
16,pgpad,22.360,after-query,262541800,6,2.0888,0.2
16,pgpad,22.611,after-query,262541800,6,2.0891,0.1
16,pgpad,22.867,after-query,262541800,6,2.0891,0.0
16,pgpad,23.117,after-query,262541800,6,2.0891,0.0
16,pgpad,23.372,after-query,262509032,6,2.0895,0.2
16,pgadmin,0.251,launch,9864152,1,0.1044,
16,pgadmin,0.506,launch,41912312,3,0.3278,86.7
16,pgadmin,0.761,launch,141972568,5,0.7726,173.6
16,pgadmin,1.016,launch,157291632,5,1.0057,91.7
16,pgadmin,1.271,launch,167203952,5,1.2263,87.7
16,pgadmin,1.526,launch,177755248,5,1.4611,90.3
16,pgadmin,1.776,launch,191681672,5,1.6779,87.5
16,pgadmin,2.032,launch,205608096,5,1.9167,93.3
16,pgadmin,2.283,launch,217355424,5,2.1462,91.2
16,pgadmin,2.538,launch,226579640,5,2.3828,93.0
16,pgadmin,2.793,launch,250599064,6,2.8260,173.4
16,pgadmin,3.048,launch,236000464,5,2.8363,88.0
16,pgadmin,3.303,launch,243602664,5,3.0752,94.1
16,pgadmin,3.556,launch,253646056,5,3.3233,98.1
16,pgadmin,3.807,launch,263558568,6,3.5555,93.4
16,pgadmin,4.062,launch,263640296,5,3.6051,19.1
16,pgadmin,4.317,launch,266212608,5,3.6541,19.3
16,pgadmin,4.572,settle,356881856,5,4.0633,196.5
16,pgadmin,4.826,settle,454416000,5,4.3989,132.5
16,pgadmin,5.080,settle,506877592,5,4.7836,150.3
16,pgadmin,5.335,settle,700798880,5,5.3297,215.0
16,pgadmin,5.590,settle,689707032,5,5.6345,119.4
16,pgadmin,5.845,settle,701110368,5,5.9200,111.5
16,pgadmin,6.096,settle,791124136,5,6.1332,84.4
16,pgadmin,6.351,settle,784242904,6,6.2066,29.2
16,pgadmin,6.606,settle,794762032,6,6.3242,45.9
16,pgadmin,6.861,settle,794860336,6,6.3540,11.5
16,pgadmin,7.111,settle,792845104,6,6.3842,12.0
16,pgadmin,7.365,settle,779868976,6,6.4155,12.6
16,pgadmin,7.620,settle,760224560,6,6.4509,13.7
16,pgadmin,7.875,settle,760273712,6,6.4739,9.0
16,pgadmin,8.130,settle,760716080,6,6.5357,24.0
16,pgadmin,8.386,settle,760798000,6,6.5665,12.1
16,pgadmin,8.639,settle,760912688,6,6.6060,15.7
16,pgadmin,8.894,settle,760978224,6,6.6374,12.2
16,pgadmin,9.149,settle,761076528,6,6.6613,9.5
16,pgadmin,9.401,settle,761142064,6,6.6877,10.7
16,pgadmin,9.656,query,761273136,6,6.7104,8.8
16,pgadmin,9.907,query,761436976,6,6.7447,13.3
16,pgadmin,10.162,query,762960688,6,6.8172,29.1
16,pgadmin,10.414,query,763108144,6,6.8488,12.3
16,pgadmin,10.668,query,763255600,6,6.8812,13.0
16,pgadmin,10.923,query,763386672,6,6.9107,11.4
16,pgadmin,11.178,query,617863984,6,6.9536,17.1
16,pgadmin,11.433,query,617995056,6,6.9788,9.9
16,pgadmin,11.688,query,618076976,6,7.0123,13.0
16,pgadmin,11.943,query,618322736,6,7.0703,22.9
16,pgadmin,12.199,query,618519344,6,7.0965,10.2
16,pgadmin,12.450,query,618617648,6,7.1245,11.3
16,pgadmin,12.701,query,618748720,6,7.1535,11.7
16,pgadmin,12.953,query,618863408,6,7.1755,8.7
16,pgadmin,13.208,query,619027248,6,7.1975,8.6
16,pgadmin,13.463,query,619174704,6,7.2233,10.2
16,pgadmin,13.718,query,619322160,6,7.2441,8.1
16,pgadmin,13.973,query,620731184,6,7.2883,17.4
16,pgadmin,14.228,query,620845872,6,7.3122,9.4
16,pgadmin,14.483,query,621009712,6,7.3312,7.5
16,pgadmin,14.736,query,621173552,6,7.3588,10.9
16,pgadmin,14.991,query,621337392,6,7.3813,8.8
16,pgadmin,15.241,query,621452080,6,7.4056,9.7
16,pgadmin,15.497,query,621615920,6,7.4261,8.0
16,pgadmin,15.751,query,653269808,6,7.5108,33.5
16,pgadmin,16.006,query,731355928,6,7.9341,164.0
16,pgadmin,16.261,query,732044056,6,7.9684,13.5
16,pgadmin,16.512,query,732044056,6,7.9876,7.6
16,pgadmin,16.767,query,732060440,6,8.0098,8.7
16,pgadmin,17.022,query,732109592,6,8.0331,9.1
16,pgadmin,17.276,query,730012440,6,8.0512,7.2
16,pgadmin,17.530,query,773741360,6,8.2863,93.1
16,pgadmin,17.784,query,798333744,6,8.4825,77.1
16,pgadmin,18.039,query,802642736,6,8.6293,57.5
16,pgadmin,18.294,query,806378288,6,8.7358,41.5
16,pgadmin,18.546,query,814226248,6,8.9163,72.1
16,pgadmin,18.801,query,826186568,6,9.0824,65.1
16,pgadmin,19.057,query,828758880,6,9.1435,23.7
16,pgadmin,19.312,query,842783608,6,9.3706,90.1
16,pgadmin,19.567,query,851221368,6,9.5019,51.5
16,pgadmin,19.822,query,862313336,6,9.6750,67.0
16,pgadmin,20.077,query,871127928,6,9.8595,73.0
16,pgadmin,20.330,query,879123320,6,9.9520,36.2
16,pgadmin,20.586,query,889527184,6,10.1094,61.3
16,pgadmin,20.839,query,899849128,6,10.2905,72.5
16,pgadmin,21.092,query,905403328,6,10.4303,55.0
16,pgadmin,21.347,query,906238912,6,10.5659,53.5
16,pgadmin,21.600,query,914693056,6,10.7215,61.5
16,pgadmin,21.851,query,916265920,6,10.7695,18.9
16,pgadmin,22.106,query,927292352,6,10.9846,85.2
16,pgadmin,22.361,query,937073600,6,11.1340,58.3
16,pgadmin,22.615,query,934517696,6,11.2266,36.3
16,pgadmin,22.868,query,931978176,6,11.2523,10.2
16,pgadmin,23.123,after-query,932060096,6,11.2733,8.2
16,pgadmin,23.377,after-query,932125632,6,11.2973,9.5
16,pgadmin,23.633,after-query,932240320,6,11.3203,9.0
16,pgadmin,23.884,after-query,904534928,6,11.3413,8.6
16,pgadmin,24.140,after-query,904895376,6,11.3843,16.6
16,pgadmin,24.394,after-query,904993680,6,11.4063,8.5
16,pgadmin,24.649,after-query,905124752,6,11.4246,7.3
16,pgadmin,24.904,after-query,903584656,6,11.4443,7.7
16,pgadmin,25.159,after-query,903650192,6,11.4624,7.2
16,pgadmin,25.411,after-query,903732112,6,11.4842,8.4
16,pgadmin,25.665,after-query,903797648,6,11.5091,9.9
16,pgadmin,25.916,after-query,903912360,6,11.5445,13.9
16,pgadmin,26.169,after-query,904158096,6,11.5877,17.2
16,pgadmin,26.420,after-query,904256400,6,11.6127,10.2
16,pgadmin,26.675,after-query,870685584,6,11.6349,8.5
16,pgadmin,26.930,after-query,870751120,6,11.6558,8.3
16,pgadmin,27.186,after-query,870816656,6,11.6767,8.3
16,pgadmin,27.441,after-query,870882192,6,11.6963,7.7
16,dbgate,0.250,launch,9585552,1,0.1022,
16,dbgate,0.501,launch,52923488,3,0.3701,105.9
16,dbgate,0.756,launch,81382544,3,0.5773,80.9
16,dbgate,1.009,settle,191402688,4,0.9420,144.7
16,dbgate,1.264,settle,286742408,5,1.3771,170.9
16,dbgate,1.519,settle,612918224,8,2.3483,380.3
16,dbgate,1.772,settle,635217304,8,2.7278,147.9
16,dbgate,2.028,settle,636921240,8,2.7814,21.1
16,dbgate,2.283,settle,637396376,8,2.8210,15.3
16,dbgate,2.538,settle,635299224,8,2.8743,20.5
16,dbgate,2.793,settle,612328856,8,2.9211,18.7
16,dbgate,3.047,settle,622241176,8,2.9586,15.1
16,dbgate,3.302,settle,622224792,8,2.9710,4.8
16,dbgate,3.556,settle,622241176,8,2.9894,7.3
16,dbgate,3.807,settle,622241176,8,3.0006,4.5
16,dbgate,4.062,settle,606479744,8,3.0197,7.5
16,dbgate,4.317,settle,606463360,8,3.0327,5.0
16,dbgate,4.572,settle,606496128,8,3.0517,7.4
16,dbgate,4.826,settle,596501888,8,3.0643,5.0
16,dbgate,5.080,settle,596518272,8,3.0846,8.0
16,dbgate,5.336,settle,596501888,8,3.0972,4.9
16,dbgate,5.591,settle,596501888,8,3.1164,7.6
16,dbgate,5.844,settle,596452736,8,3.1290,4.9
16,dbgate,6.099,query,596518272,8,3.1454,6.6
16,dbgate,6.354,query,588801408,8,3.1624,6.6
16,dbgate,6.610,query,582395264,8,3.1829,7.9
16,dbgate,6.863,query,523134336,8,3.1975,5.9
16,dbgate,7.118,query,523134336,8,3.2111,5.2
16,dbgate,7.373,query,517711232,8,3.2255,5.7
16,dbgate,7.629,query,517727616,8,3.2413,6.2
16,dbgate,7.884,query,486204800,8,3.2599,7.2
16,dbgate,8.134,query,486188416,8,3.2740,5.8
16,dbgate,8.390,query,486204800,8,3.2887,5.6
16,dbgate,8.645,query,486188416,8,3.3028,5.5
16,dbgate,8.900,query,486204800,8,3.3168,5.5
16,dbgate,9.155,query,486172032,8,3.3336,6.5
16,dbgate,9.410,query,486286720,8,3.3472,5.5
16,dbgate,9.666,query,486286720,8,3.3618,5.7
16,dbgate,9.921,query,486303104,8,3.3742,4.9
16,dbgate,10.176,query,486286720,8,3.3849,4.2
16,dbgate,10.431,query,486303104,8,3.4010,6.3
16,dbgate,10.684,query,486286720,8,3.4140,5.1
16,dbgate,10.940,query,486303104,8,3.4263,4.8
16,dbgate,11.193,query,486253952,8,3.4402,5.5
16,dbgate,11.447,query,486303104,8,3.4564,6.4
16,dbgate,11.702,query,486286720,8,3.4665,4.0
16,dbgate,11.956,query,546039168,8,3.5227,21.6
16,dbgate,12.211,query,608462208,8,3.5902,27.1
16,dbgate,12.462,query,608544128,8,3.6104,7.7
16,dbgate,12.718,query,609330560,8,3.6370,10.7
16,dbgate,12.973,query,610002376,9,3.6772,15.8
16,dbgate,13.226,query,665528880,9,4.0423,146.1
16,dbgate,13.479,query,701508240,9,4.3639,125.7
16,dbgate,13.734,query,702556816,9,4.4097,17.9
16,dbgate,13.984,query,702573200,9,4.4210,4.5
16,dbgate,14.239,query,725052072,9,4.7072,111.6
16,dbgate,14.492,query,730901184,9,4.9385,92.1
16,dbgate,14.743,query,739961560,9,5.1840,98.0
16,dbgate,14.993,query,748038872,9,5.4085,89.4
16,dbgate,15.248,query,749398744,9,5.7109,118.5
16,dbgate,15.503,query,749578968,9,5.9462,91.9
16,dbgate,15.759,query,754019032,9,6.1274,71.3
16,dbgate,16.009,query,756296432,9,6.3299,80.5
16,dbgate,16.263,query,765602544,9,6.5043,68.5
16,dbgate,16.518,query,769387248,9,6.6413,54.1
16,dbgate,16.772,query,771582704,9,6.8436,79.3
16,dbgate,17.028,query,766094064,9,6.9531,42.7
16,dbgate,17.283,query,766257904,9,7.1129,63.2
16,dbgate,17.538,query,766339824,9,7.2614,58.2
16,dbgate,17.793,query,766388976,9,7.3603,38.5
16,dbgate,18.048,query,734423792,9,7.4878,50.0
16,dbgate,18.301,query,734341872,9,7.6400,60.2
16,dbgate,18.555,query,685714160,9,7.7442,40.9
16,dbgate,18.809,query,686877424,9,7.8868,56.5
16,dbgate,19.063,query,687368944,9,8.0324,57.3
16,dbgate,19.318,query,687614704,9,8.0769,17.4
16,dbgate,19.573,after-query,687614704,9,8.0916,5.8
16,dbgate,19.828,after-query,687057648,9,8.1111,7.7
16,dbgate,20.083,after-query,687057648,9,8.1290,7.0
16,dbgate,20.338,after-query,681798384,9,8.1428,5.4
16,dbgate,20.593,after-query,681798384,9,8.1582,6.0
16,dbgate,20.849,after-query,658467544,9,8.1815,9.1
16,dbgate,21.104,after-query,648653528,9,8.1985,6.7
16,dbgate,21.357,after-query,648751832,9,8.2153,6.8
16,dbgate,21.610,after-query,646867672,9,8.2351,7.6
16,dbgate,21.863,after-query,646802136,9,8.2506,6.2
16,dbgate,22.118,after-query,646785752,9,8.2636,5.1
16,dbgate,22.369,after-query,646769368,9,8.2764,5.1
16,dbgate,22.623,after-query,646785752,9,8.2941,6.9
16,dbgate,22.878,after-query,646769368,9,8.3083,5.6
16,dbgate,23.130,after-query,646752984,9,8.3239,6.3
16,dbgate,23.385,after-query,646769368,9,8.3349,4.2
16,dbgate,23.640,after-query,646785752,9,8.3538,7.5
16,dbgate,23.891,after-query,646769368,9,8.3645,4.3
16,dbeaver,0.253,launch,22610832,1,0.1214,
16,dbeaver,0.509,launch,77366208,1,0.6888,219.1
16,dbeaver,0.764,launch,116720672,1,1.2720,228.7
16,dbeaver,1.019,launch,139969616,1,1.8424,227.0
16,dbeaver,1.274,launch,169903376,1,2.5365,268.8
16,dbeaver,1.528,launch,197215600,1,3.2268,271.5
16,dbeaver,1.778,launch,238568864,1,3.8252,242.0
16,dbeaver,2.033,launch,259032504,1,4.3565,205.7
16,dbeaver,2.289,launch,271762872,1,5.0425,268.9
16,dbeaver,2.544,launch,282248632,1,5.9465,355.2
16,dbeaver,2.799,launch,303154640,1,6.8718,359.9
16,dbeaver,3.054,launch,313640400,1,7.5931,283.7
16,dbeaver,3.309,launch,320243560,1,8.1253,209.1
16,dbeaver,3.562,settle,600558208,2,8.9846,343.4
16,dbeaver,3.817,settle,817367728,2,9.7467,294.1
16,dbeaver,4.072,settle,943786696,2,10.3466,236.2
16,dbeaver,4.327,settle,1020840672,2,10.8320,189.4
16,dbeaver,4.582,settle,1014500040,2,11.2102,147.2
16,dbeaver,4.837,settle,1013336776,2,11.2315,8.3
16,dbeaver,5.091,settle,931318472,2,11.2836,20.8
16,dbeaver,5.346,settle,820366024,2,11.2977,5.5
16,dbeaver,5.602,settle,779766472,2,11.3057,3.2
16,dbeaver,5.857,settle,713427656,2,11.3182,4.8
16,dbeaver,6.112,settle,713444040,2,11.3287,4.1
16,dbeaver,6.367,settle,713444040,2,11.3459,6.6
16,dbeaver,6.619,settle,713460424,2,11.3541,3.3
16,dbeaver,6.871,settle,713460424,2,11.3699,6.4
16,dbeaver,7.124,settle,713460424,2,11.3810,4.3
16,dbeaver,7.376,settle,713460424,2,11.3914,4.2
16,dbeaver,7.630,settle,713460424,2,11.3974,2.3
16,dbeaver,7.885,settle,713476808,2,11.4117,5.6
16,dbeaver,8.137,settle,713362120,2,11.4194,3.1
16,dbeaver,8.390,settle,713132744,2,11.4295,3.9
16,dbeaver,8.646,query,713149128,2,11.4374,3.2
16,dbeaver,8.899,query,713165512,2,11.4431,2.2
16,dbeaver,9.152,query,712936136,2,11.4546,4.4
16,dbeaver,9.408,query,712952520,2,11.4664,4.6
16,dbeaver,9.663,query,712952520,2,11.4765,3.9
16,dbeaver,9.918,query,712952520,2,11.4839,2.9
16,dbeaver,10.173,query,712952520,2,11.4967,5.0
16,dbeaver,10.429,query,712952520,2,11.5033,2.6
16,dbeaver,10.682,query,712968904,2,11.5146,4.6
16,dbeaver,10.937,query,712968904,2,11.5215,2.7
16,dbeaver,11.192,query,712952520,2,11.5282,2.6
16,dbeaver,11.447,query,712985288,2,11.5511,9.0
16,dbeaver,11.702,query,712985288,2,11.5577,2.5
16,dbeaver,11.956,query,713001672,2,11.5699,4.9
16,dbeaver,12.209,query,713001672,2,11.5742,1.7
16,dbeaver,12.464,query,713001672,2,11.5817,2.9
16,dbeaver,12.719,query,713001672,2,11.5868,2.0
16,dbeaver,12.974,query,713001672,2,11.5958,3.5
16,dbeaver,13.229,query,713001672,2,11.6033,3.0
16,dbeaver,13.482,query,713001672,2,11.6165,5.2
16,dbeaver,13.738,query,713099928,2,11.6449,11.1
16,dbeaver,13.993,query,713083544,2,11.6548,3.8
16,dbeaver,14.248,query,751995544,2,11.7202,26.1
16,dbeaver,14.503,query,793971352,2,11.7831,24.2
16,dbeaver,14.758,query,794249880,2,11.9285,57.4
16,dbeaver,15.013,query,754125464,2,11.9469,7.1
16,dbeaver,15.268,query,754092696,2,11.9625,6.2
16,dbeaver,15.523,query,754436760,2,12.0037,16.1
16,dbeaver,15.774,query,715967128,2,12.0184,5.8
16,dbeaver,16.025,query,713509528,2,12.0257,2.9
16,dbeaver,16.280,query,713427608,2,12.0381,5.0
16,dbeaver,16.535,query,810863280,2,12.4531,160.9
16,dbeaver,16.787,query,933628592,2,13.2731,329.4
16,dbeaver,17.042,query,920324784,2,13.8317,216.6
16,dbeaver,17.298,query,922913456,2,13.9754,56.0
16,dbeaver,17.553,query,921258672,2,14.0386,24.8
16,dbeaver,17.807,query,921291440,2,14.0543,6.1
16,dbeaver,18.061,query,879184560,2,14.0910,14.9
16,dbeaver,18.316,query,747047600,2,14.2111,46.3
16,dbeaver,18.570,query,747735728,2,14.3304,47.3
16,dbeaver,18.822,query,742345392,2,14.4196,35.2
16,dbeaver,19.078,query,753797808,2,14.5348,45.2
16,dbeaver,19.333,query,753846960,2,14.5999,25.3
16,dbeaver,19.586,query,753912496,2,14.6970,39.1
16,dbeaver,19.841,query,754010800,2,14.8232,49.5
16,dbeaver,20.096,query,742869680,2,14.9392,44.9
16,dbeaver,20.351,query,740821680,2,15.0699,51.6
16,dbeaver,20.606,query,740854448,2,15.1407,27.8
16,dbeaver,20.861,query,860621488,2,15.3298,73.9
16,dbeaver,21.117,query,860719792,2,15.3940,25.2
16,dbeaver,21.372,query,858950320,2,15.5037,42.6
16,dbeaver,21.627,query,854837936,2,15.5371,13.0
16,dbeaver,21.882,query,854837936,2,15.5963,23.5
16,dbeaver,22.133,query,746031792,2,15.6429,18.5
16,dbeaver,22.387,after-query,746031792,2,15.6472,1.7
16,dbeaver,22.640,after-query,745982640,2,15.6588,4.5
16,dbeaver,22.895,after-query,743525040,2,15.6674,3.4
16,dbeaver,23.149,after-query,743525040,2,15.6759,3.4
16,dbeaver,23.404,after-query,732236464,2,15.6849,3.5
16,dbeaver,23.659,after-query,732236464,2,15.6929,3.2
16,dbeaver,23.915,after-query,732138160,2,15.7041,4.4
16,dbeaver,24.170,after-query,732138160,2,15.7118,3.0
16,dbeaver,24.425,after-query,732252848,2,15.7364,9.6
16,dbeaver,24.678,after-query,732285616,2,15.7502,5.4
16,dbeaver,24.934,after-query,732285616,2,15.7585,3.3
16,dbeaver,25.185,after-query,732285616,2,15.7641,2.3
16,dbeaver,25.437,after-query,732285616,2,15.7792,5.9
16,dbeaver,25.690,after-query,732105392,2,15.7862,2.8
16,dbeaver,25.944,after-query,732089008,2,15.7991,5.0
16,dbeaver,26.195,after-query,732089008,2,15.8050,2.4
16,dbeaver,26.446,after-query,732089008,2,15.8130,3.2
16,dbeaver,26.699,after-query,732089008,2,15.8295,6.8
17,dbgate,0.253,launch,13780144,1,0.1106,
17,dbgate,0.508,launch,81333392,3,0.4789,141.6
17,dbgate,0.759,settle,126194248,4,0.7691,117.7
17,dbgate,1.014,settle,241521632,5,1.1656,153.2
17,dbgate,1.269,settle,563569136,7,2.0657,353.1
17,dbgate,1.524,settle,619341304,8,2.7047,249.7
17,dbgate,1.779,settle,619521528,8,2.7538,18.6
17,dbgate,2.033,settle,619111928,8,2.8207,27.2
17,dbgate,2.288,settle,619161080,8,2.8429,8.7
17,dbgate,2.544,settle,619161080,8,2.8601,6.7
17,dbgate,2.798,settle,608331256,8,2.8811,8.2
17,dbgate,3.053,settle,608314872,8,2.8902,3.6
17,dbgate,3.308,settle,604022264,8,2.9074,6.7
17,dbgate,3.563,settle,604005880,8,2.9210,5.4
17,dbgate,3.818,settle,583804384,8,2.9452,9.4
17,dbgate,4.073,settle,583788000,8,2.9584,5.1
17,dbgate,4.328,settle,583804384,8,2.9741,6.2
17,dbgate,4.579,settle,583788000,8,2.9858,4.7
17,dbgate,4.829,settle,583804384,8,3.0057,7.9
17,dbgate,5.085,settle,583788000,8,3.0187,5.1
17,dbgate,5.340,settle,583804384,8,3.0369,7.1
17,dbgate,5.595,settle,583804384,8,3.0503,5.3
17,dbgate,5.850,query,583771616,8,3.0678,7.1
17,dbgate,6.105,query,583755232,8,3.0788,4.3
17,dbgate,6.360,query,559195616,8,3.1031,9.3
17,dbgate,6.616,query,559195616,8,3.1163,5.2
17,dbgate,6.871,query,519218656,8,3.1385,8.6
17,dbgate,7.126,query,482223584,8,3.1519,5.3
17,dbgate,7.381,query,482256352,8,3.1718,7.7
17,dbgate,7.637,query,482256352,8,3.1826,4.2
17,dbgate,7.892,query,482272736,8,3.1963,5.5
17,dbgate,8.147,query,482256352,8,3.2064,3.9
17,dbgate,8.401,query,482256352,8,3.2196,5.1
17,dbgate,8.656,query,482256352,8,3.2312,4.6
17,dbgate,8.911,query,482239968,8,3.2493,7.0
17,dbgate,9.166,query,482256352,8,3.2611,4.7
17,dbgate,9.419,query,482272736,8,3.2760,5.9
17,dbgate,9.673,query,482289120,8,3.2885,4.9
17,dbgate,9.928,query,482289120,8,3.2991,4.2
17,dbgate,10.183,query,482289120,8,3.3103,4.4
17,dbgate,10.434,query,482272736,8,3.3235,5.3
17,dbgate,10.689,query,482289120,8,3.3382,5.7
17,dbgate,10.942,query,482289120,8,3.3524,5.7
17,dbgate,11.197,query,482321888,8,3.3679,6.0
17,dbgate,11.452,query,482305504,8,3.3801,4.8
17,dbgate,11.708,query,551167456,8,3.4284,18.9
17,dbgate,11.959,query,552363488,8,3.4658,14.7
17,dbgate,12.214,query,603596256,8,3.5106,17.3
17,dbgate,12.470,query,605152736,8,3.5422,12.5
17,dbgate,12.725,query,604186080,8,3.5692,10.5
17,dbgate,12.979,query,663939680,9,3.8492,112.2
17,dbgate,13.230,query,744319680,9,4.1775,129.9
17,dbgate,13.486,query,751626968,9,4.2433,25.8
17,dbgate,13.740,query,751610584,9,4.2559,4.9
17,dbgate,13.995,query,757869272,9,4.4367,72.2
17,dbgate,14.250,query,773122800,9,4.7055,104.1
17,dbgate,14.505,query,778595056,9,5.0194,124.4
17,dbgate,14.759,query,781347568,9,5.2394,87.2
17,dbgate,15.012,query,787327728,9,5.4881,97.4
17,dbgate,15.267,query,794143496,9,5.7347,97.1
17,dbgate,15.521,query,805153544,9,5.9418,80.9
17,dbgate,15.775,query,810298120,9,6.1253,72.0
17,dbgate,16.029,query,815786760,9,6.3145,75.0
17,dbgate,16.282,query,820554528,9,6.4486,52.9
17,dbgate,16.537,query,825568032,9,6.6033,60.3
17,dbgate,16.792,query,820636448,9,6.7453,55.8
17,dbgate,17.047,query,821455648,9,6.8610,45.8
17,dbgate,17.302,query,826501920,9,7.0181,61.4
17,dbgate,17.555,query,828402464,9,7.1070,35.3
17,dbgate,17.805,query,812723000,9,7.3669,104.4
17,dbgate,18.060,query,812526392,9,7.5044,53.2
17,dbgate,18.315,query,738749240,9,7.6079,40.9
17,dbgate,18.570,query,717040440,9,7.7697,63.9
17,dbgate,18.825,query,717122360,9,7.8858,45.4
17,dbgate,19.080,query,717122360,9,7.9685,32.4
17,dbgate,19.334,after-query,717105976,9,7.9888,8.0
17,dbgate,19.590,after-query,716565304,9,8.0086,7.6
17,dbgate,19.845,after-query,716565304,9,8.0230,5.7
17,dbgate,20.100,after-query,708848440,9,8.0382,6.1
17,dbgate,20.355,after-query,708848440,9,8.0512,5.1
17,dbgate,20.610,after-query,708356920,9,8.0691,6.9
17,dbgate,20.865,after-query,690432800,9,8.0872,7.3
17,dbgate,21.117,after-query,690498336,9,8.1021,5.7
17,dbgate,21.372,after-query,690498336,9,8.1175,6.1
17,dbgate,21.627,after-query,688401184,9,8.1396,8.7
17,dbgate,21.882,after-query,675130144,9,8.1587,7.4
17,dbgate,22.138,after-query,675113760,9,8.1728,5.5
17,dbgate,22.392,after-query,675113760,9,8.1860,5.2
17,dbgate,22.643,after-query,675113760,9,8.2018,6.3
17,dbgate,22.898,after-query,675097376,9,8.2151,5.3
17,dbgate,23.153,after-query,675080992,9,8.2301,5.8
17,dbgate,23.408,after-query,675113760,9,8.2456,6.1
17,dbgate,23.661,after-query,675113760,9,8.2628,6.8
17,dbgate,23.916,after-query,675130144,9,8.2779,6.0
17,pgpad,0.254,launch,18973848,2,0.1357,
17,pgpad,0.509,settle,47958632,4,0.3919,96.8
17,pgpad,0.764,settle,53840656,4,0.4913,39.5
17,pgpad,1.016,settle,234213000,5,0.7827,116.5
17,pgpad,1.271,settle,233590408,5,0.7846,0.7
17,pgpad,1.526,settle,228642440,5,0.7923,3.0
17,pgpad,1.781,settle,225955464,5,0.8142,8.7
17,pgpad,2.034,settle,224693896,5,0.8211,2.7
17,pgpad,2.289,settle,158092936,5,0.8246,1.4
17,pgpad,2.544,settle,157830792,5,0.8262,0.6
17,pgpad,2.799,settle,157503112,5,0.8269,0.3
17,pgpad,3.054,settle,157470344,5,0.8274,0.2
17,pgpad,3.310,settle,157437576,5,0.8283,0.3
17,pgpad,3.565,settle,157388424,5,0.8289,0.2
17,pgpad,3.820,settle,157388424,5,0.8294,0.2
17,pgpad,4.073,settle,157388424,5,0.8297,0.1
17,pgpad,4.323,settle,157388424,5,0.8303,0.2
17,pgpad,4.578,settle,157388424,5,0.8305,0.1
17,pgpad,4.832,settle,157388424,5,0.8305,0.0
17,pgpad,5.083,settle,157388424,5,0.8305,0.0
17,pgpad,5.338,settle,157388424,5,0.8312,0.3
17,pgpad,5.592,query,157077128,5,0.8379,2.7
17,pgpad,5.844,query,157077128,5,0.8381,0.1
17,pgpad,6.099,query,156798600,5,0.8389,0.3
17,pgpad,6.354,query,156798600,5,0.8391,0.1
17,pgpad,6.604,query,156749448,5,0.8395,0.2
17,pgpad,6.856,query,156749448,5,0.8397,0.1
17,pgpad,7.107,query,156749448,5,0.8397,0.0
17,pgpad,7.357,query,156700296,5,0.8398,0.0
17,pgpad,7.613,query,156700296,5,0.8398,0.0
17,pgpad,7.865,query,156700296,5,0.8398,0.0
17,pgpad,8.120,query,156700296,5,0.8398,0.0
17,pgpad,8.371,query,156700296,5,0.8398,0.0
17,pgpad,8.626,query,156700296,5,0.8399,0.0
17,pgpad,8.878,query,156618376,5,0.8500,4.1
17,pgpad,9.133,query,156618376,5,0.8553,2.1
17,pgpad,9.388,query,156618376,5,0.8557,0.2
17,pgpad,9.638,query,156618376,5,0.8567,0.4
17,pgpad,9.892,query,156618376,5,0.8572,0.2
17,pgpad,10.145,query,156618376,5,0.8580,0.3
17,pgpad,10.400,query,156618376,5,0.8582,0.1
17,pgpad,10.653,query,229265080,5,0.9005,16.8
17,pgpad,10.908,query,292802328,5,1.0173,45.0
17,pgpad,11.163,query,284872472,5,1.0212,1.5
17,pgpad,11.416,query,284872472,5,1.0258,1.8
17,pgpad,11.671,query,284675864,5,1.0278,0.8
17,pgpad,11.925,query,286199576,5,1.0912,24.9
17,pgpad,12.180,query,245993840,6,1.2208,50.5
17,pgpad,12.431,query,259477872,6,1.2465,10.3
17,pgpad,12.681,query,255103344,6,1.2607,5.6
17,pgpad,12.936,query,270553504,6,1.3092,19.2
17,pgpad,13.192,query,270537120,6,1.3118,1.0
17,pgpad,13.447,query,269554080,6,1.3388,10.7
17,pgpad,13.702,query,269537696,6,1.3693,11.9
17,pgpad,13.957,query,228004256,6,1.3726,1.3
17,pgpad,14.212,query,311497120,6,1.5479,69.6
17,pgpad,14.467,query,366252496,6,1.6371,34.8
17,pgpad,14.722,query,353554896,6,1.6387,0.6
17,pgpad,14.977,query,351048144,6,1.6542,6.2
17,pgpad,15.232,query,350228944,6,1.6554,0.5
17,pgpad,15.488,query,290361808,6,1.6676,4.8
17,pgpad,15.743,query,263180752,6,1.6709,1.3
17,pgpad,15.997,query,263197136,6,1.6816,4.2
17,pgpad,16.249,query,361746896,6,1.7264,17.7
17,pgpad,16.503,query,401805824,6,1.7985,28.5
17,pgpad,16.758,query,401871360,6,1.8266,11.1
17,pgpad,17.013,query,402543104,6,1.8989,28.1
17,pgpad,17.268,query,402575872,6,1.9291,11.8
17,pgpad,17.524,query,398381568,6,1.9977,27.0
17,pgpad,17.777,query,398348800,6,2.0002,1.0
17,pgpad,18.028,query,401543680,6,2.0580,23.3
17,pgpad,18.283,after-query,374739456,6,2.1057,18.7
17,pgpad,18.538,after-query,374723072,6,2.1106,1.9
17,pgpad,18.794,after-query,374690304,6,2.1134,1.1
17,pgpad,19.046,after-query,372609536,6,2.1158,1.0
17,pgpad,19.301,after-query,262623744,6,2.1184,1.0
17,pgpad,19.554,after-query,262525440,6,2.1196,0.5
17,pgpad,19.810,after-query,262509056,6,2.1203,0.3
17,pgpad,20.060,after-query,262492672,6,2.1215,0.5
17,pgpad,20.316,after-query,262459904,6,2.1220,0.2
17,pgpad,20.569,after-query,262377984,6,2.1226,0.2
17,pgpad,20.820,after-query,262279680,6,2.1234,0.3
17,pgpad,21.075,after-query,262328832,6,2.1306,2.8
17,pgpad,21.330,after-query,262328832,6,2.1312,0.2
17,pgpad,21.585,after-query,262263296,6,2.1324,0.5
17,pgpad,21.836,after-query,262263296,6,2.1332,0.3
17,pgpad,22.092,after-query,262263296,6,2.1340,0.3
17,pgpad,22.347,after-query,262263296,6,2.1346,0.2
17,pgpad,22.602,after-query,262263296,6,2.1350,0.2
17,pgpad,22.853,after-query,262263296,6,2.1350,0.0
17,pgpad,23.108,after-query,262083072,6,2.1357,0.3
17,pgpad,23.363,after-query,262083072,6,2.1357,0.0
17,pgadmin,0.255,launch,10240984,1,0.1117,
17,pgadmin,0.510,launch,41355280,3,0.3421,89.4
17,pgadmin,0.765,launch,142595256,5,0.8046,180.1
17,pgadmin,1.020,launch,157078712,5,1.0352,90.8
17,pgadmin,1.276,launch,167810232,5,1.2581,87.1
17,pgadmin,1.531,launch,177558712,5,1.4890,90.8
17,pgadmin,1.785,launch,191419600,5,1.7077,85.8
17,pgadmin,2.041,launch,207721704,5,1.9453,93.7
17,pgadmin,2.296,launch,216929512,5,2.1809,92.5
17,pgadmin,2.551,launch,226137344,5,2.4181,92.5
17,pgadmin,2.806,launch,249812704,6,2.8469,168.1
17,pgadmin,3.061,launch,236361008,5,2.8690,87.6
17,pgadmin,3.316,launch,243897648,5,3.1092,94.3
17,pgadmin,3.571,launch,254055728,5,3.3606,98.0
17,pgadmin,3.826,launch,264197568,6,3.5832,87.5
17,pgadmin,4.077,launch,263886128,5,3.6253,18.2
17,pgadmin,4.329,launch,267556360,6,3.7293,41.2
17,pgadmin,4.584,settle,347330104,5,4.1337,201.4
17,pgadmin,4.838,settle,458774120,5,4.4728,133.3
17,pgadmin,5.093,settle,516134576,5,4.8763,158.3
17,pgadmin,5.347,settle,723540016,5,5.3924,202.9
17,pgadmin,5.602,settle,677353640,5,5.6956,119.8
17,pgadmin,5.857,settle,707107080,5,5.9925,115.1
17,pgadmin,6.112,settle,788076760,5,6.1680,67.6
17,pgadmin,6.367,settle,791354064,6,6.2487,32.5
17,pgadmin,6.622,settle,799791968,6,6.3495,39.0
17,pgadmin,6.875,settle,799841120,6,6.3818,12.7
17,pgadmin,7.128,settle,797907808,6,6.4105,11.6
17,pgadmin,7.383,settle,795761504,6,6.4421,12.3
17,pgadmin,7.638,settle,765631304,6,6.4683,10.2
17,pgadmin,7.892,settle,765680456,6,6.4994,12.2
17,pgadmin,8.145,settle,768629576,6,6.5652,26.0
17,pgadmin,8.400,settle,768695112,6,6.5972,12.5
17,pgadmin,8.655,settle,768842568,6,6.6364,15.6
17,pgadmin,8.910,settle,768908104,6,6.6701,13.1
17,pgadmin,9.165,settle,769055560,6,6.7048,13.6
17,pgadmin,9.418,settle,769071944,6,6.7308,10.6
17,pgadmin,9.671,query,769170248,6,6.7525,8.5
17,pgadmin,9.924,query,771742560,6,6.8187,25.6
17,pgadmin,10.178,query,773757792,6,6.8647,18.3
17,pgadmin,10.433,query,773823328,6,6.8880,9.2
17,pgadmin,10.687,query,773954400,6,6.9205,12.7
17,pgadmin,10.942,query,666180448,6,6.9551,13.8
17,pgadmin,11.197,query,621206368,6,6.9929,14.6
17,pgadmin,11.450,query,621239136,6,7.0276,13.7
17,pgadmin,11.705,query,621370208,6,7.0660,15.1
17,pgadmin,11.959,query,624286560,6,7.1281,24.4
17,pgadmin,12.211,query,624417632,6,7.1571,11.7
17,pgadmin,12.466,query,624597856,6,7.1901,12.8
17,pgadmin,12.720,query,624712544,6,7.2255,14.2
17,pgadmin,12.974,query,624892768,6,7.2504,9.7
17,pgadmin,13.229,query,625023840,6,7.2820,12.4
17,pgadmin,13.485,query,625122144,6,7.3079,10.2
17,pgadmin,13.740,query,625236832,6,7.3315,9.2
17,pgadmin,13.991,query,637000544,6,7.5976,106.7
17,pgadmin,14.246,query,636967776,6,7.6215,9.3
17,pgadmin,14.499,query,636967776,6,7.6470,10.1
17,pgadmin,14.750,query,637016928,6,7.6775,12.2
17,pgadmin,15.003,query,637066080,6,7.6986,8.3
17,pgadmin,15.259,query,637098848,6,7.7264,10.8
17,pgadmin,15.512,query,637115232,6,7.7551,11.4
17,pgadmin,15.767,query,664918928,6,7.8333,30.8
17,pgadmin,16.020,query,710335328,6,8.0449,81.9
17,pgadmin,16.271,query,711023456,6,8.0875,16.9
17,pgadmin,16.527,query,711023456,6,8.1120,9.6
17,pgadmin,16.782,query,711023456,6,8.1329,8.3
17,pgadmin,17.037,query,711056224,6,8.1557,8.9
17,pgadmin,17.292,query,708959072,6,8.1764,8.3
17,pgadmin,17.547,query,779328352,6,8.4218,94.5
17,pgadmin,17.799,query,792271736,6,8.6139,76.9
17,pgadmin,18.051,query,794368888,6,8.7352,48.2
17,pgadmin,18.302,query,796941176,6,8.8259,35.9
17,pgadmin,18.552,query,805346192,6,9.0145,75.5
17,pgadmin,18.806,query,815995792,6,9.1532,55.4
17,pgadmin,19.062,query,820272016,6,9.4622,119.3
17,pgadmin,19.316,query,820599696,6,9.6518,74.6
17,pgadmin,19.571,query,820861840,6,9.7804,50.5
17,pgadmin,19.824,query,821058448,6,9.9395,62.9
17,pgadmin,20.074,query,821173136,6,10.1220,73.0
17,pgadmin,20.328,query,821222288,6,10.2136,35.6
17,pgadmin,20.582,query,821320592,6,10.3524,55.4
17,pgadmin,20.834,query,816012176,6,10.5333,71.1
17,pgadmin,21.088,query,809212816,6,10.7112,69.9
17,pgadmin,21.341,query,811228048,6,10.8141,41.1
17,pgadmin,21.597,query,816077712,6,10.9814,65.3
17,pgadmin,21.851,query,817585040,6,11.0444,24.6
17,pgadmin,22.103,query,821336976,6,11.2153,68.0
17,pgadmin,22.358,query,825531280,6,11.3668,59.9
17,pgadmin,22.613,query,826973072,6,11.4454,30.8
17,pgadmin,22.868,query,824597392,6,11.4773,12.5
17,pgadmin,23.123,after-query,824646544,6,11.5043,10.5
17,pgadmin,23.378,after-query,824728464,6,11.5266,8.9
17,pgadmin,23.634,after-query,822696848,6,11.5469,7.8
17,pgadmin,23.889,after-query,798399328,6,11.5744,10.9
17,pgadmin,24.141,after-query,798694240,6,11.6267,20.4
17,pgadmin,24.393,after-query,798759776,6,11.6477,8.3
17,pgadmin,24.647,after-query,798858080,6,11.6692,8.5
17,pgadmin,24.901,after-query,782965600,6,11.6926,9.3
17,pgadmin,25.156,after-query,783014752,6,11.7167,9.4
17,pgadmin,25.408,after-query,783096672,6,11.7363,8.0
17,pgadmin,25.663,after-query,783178592,6,11.7592,8.8
17,pgadmin,25.918,after-query,783358816,6,11.8118,20.6
17,pgadmin,26.173,after-query,771332960,6,11.8358,9.4
17,pgadmin,26.428,after-query,771398496,6,11.8604,9.7
17,pgadmin,26.684,after-query,771464032,6,11.8840,9.2
17,pgadmin,26.939,after-query,771529568,6,11.9071,9.0
17,pgadmin,27.192,after-query,771611488,6,11.9283,8.4
17,pgadmin,27.442,after-query,771709792,6,11.9481,8.1
17,dbeaver,0.253,launch,23200656,1,0.1285,
17,dbeaver,0.508,launch,69108720,1,0.5933,178.7
17,dbeaver,0.764,launch,113460280,1,1.1726,226.3
17,dbeaver,1.015,launch,138544208,1,1.7019,211.6
17,dbeaver,1.271,launch,159974480,1,2.3422,251.8
17,dbeaver,1.526,launch,180929856,1,2.9616,241.8
17,dbeaver,1.781,launch,222283144,1,3.7004,288.0
17,dbeaver,2.036,launch,253511072,1,4.1852,190.2
17,dbeaver,2.290,launch,272516536,1,4.7179,211.0
17,dbeaver,2.545,launch,281937336,1,5.7187,392.8
17,dbeaver,2.800,launch,297436624,1,6.7172,390.0
17,dbeaver,3.055,launch,328893952,1,7.5492,325.0
17,dbeaver,3.308,launch,337774320,1,8.2973,296.8
17,dbeaver,3.563,launch,596822080,1,9.0077,279.7
17,dbeaver,3.815,settle,853363376,2,9.8656,341.4
17,dbeaver,4.065,settle,1000524464,2,10.6064,293.1
17,dbeaver,4.319,settle,1004047048,2,10.8225,85.3
17,dbeaver,4.570,settle,1062308552,2,11.5880,305.2
17,dbeaver,4.825,settle,1062062792,2,11.6105,8.7
17,dbeaver,5.076,settle,982649544,2,11.6607,19.7
17,dbeaver,5.331,settle,832342728,2,11.6949,13.5
17,dbeaver,5.582,settle,791743176,2,11.7032,3.4
17,dbeaver,5.837,settle,791743176,2,11.7173,5.5
17,dbeaver,6.089,settle,726928072,2,11.7276,4.0
17,dbeaver,6.344,settle,726928072,2,11.7400,4.9
17,dbeaver,6.598,settle,726944456,2,11.7506,4.2
17,dbeaver,6.854,settle,726944456,2,11.7664,6.1
17,dbeaver,7.109,settle,726944456,2,11.7731,2.7
17,dbeaver,7.363,settle,726944456,2,11.7834,4.0
17,dbeaver,7.617,settle,726944456,2,11.7942,4.3
17,dbeaver,7.872,settle,726944456,2,11.8028,3.4
17,dbeaver,8.124,settle,726846152,2,11.8194,6.5
17,dbeaver,8.379,settle,726780616,2,11.8307,4.4
17,dbeaver,8.631,settle,726715056,2,11.8424,4.7
17,dbeaver,8.886,query,726731440,2,11.8485,2.4
17,dbeaver,9.137,query,726534832,2,11.8596,4.1
17,dbeaver,9.388,query,726551216,2,11.8695,4.2
17,dbeaver,9.643,query,726583984,2,11.8880,7.3
17,dbeaver,9.896,query,726583984,2,11.8965,3.4
17,dbeaver,10.151,query,726583984,2,11.9037,2.8
17,dbeaver,10.406,query,726583984,2,11.9176,4.8
17,dbeaver,10.656,query,726583984,2,11.9221,2.0
17,dbeaver,10.911,query,726583984,2,11.9375,6.2
17,dbeaver,11.167,query,726583984,2,11.9422,1.8
17,dbeaver,11.420,query,726583984,2,11.9553,5.2
17,dbeaver,11.676,query,726633136,2,11.9667,4.5
17,dbeaver,11.928,query,726649520,2,11.9832,6.7
17,dbeaver,12.184,query,726649520,2,11.9913,3.2
17,dbeaver,12.438,query,688802480,2,11.9949,1.4
17,dbeaver,12.693,query,726649520,2,12.0059,4.3
17,dbeaver,12.948,query,688802480,2,12.0138,3.1
17,dbeaver,13.202,query,726649520,2,12.0242,4.1
17,dbeaver,13.453,query,726649520,2,12.0290,1.9
17,dbeaver,13.708,query,726649520,2,12.0372,3.3
17,dbeaver,13.961,query,726682264,2,12.0644,10.8
17,dbeaver,14.216,query,727648920,2,12.1344,27.0
17,dbeaver,14.471,query,727550616,2,12.1569,8.8
17,dbeaver,14.727,query,765086360,2,12.2380,31.5
17,dbeaver,14.982,query,768084632,2,12.4227,72.5
17,dbeaver,15.237,query,767806104,2,12.4489,10.5
17,dbeaver,15.490,query,767969944,2,12.4736,9.6
17,dbeaver,15.743,query,768101016,2,12.5000,10.4
17,dbeaver,15.996,query,727190168,2,12.5147,5.8
17,dbeaver,16.251,query,727206552,2,12.5215,2.8
17,dbeaver,16.504,query,851315352,2,12.7029,71.4
17,dbeaver,16.759,query,947276464,2,13.4037,273.7
17,dbeaver,17.009,query,915999408,2,13.9738,228.1
17,dbeaver,17.262,query,961415856,2,14.1935,86.8
17,dbeaver,17.517,query,960645808,2,14.3677,68.1
17,dbeaver,17.773,query,877628080,2,14.3801,4.8
17,dbeaver,18.025,query,877038256,2,14.4039,9.5
17,dbeaver,18.279,query,744426184,2,14.5193,45.6
17,dbeaver,18.531,query,744590024,2,14.5958,30.5
17,dbeaver,18.786,query,756189896,2,14.7209,48.7
17,dbeaver,19.036,query,750865096,2,14.8080,35.2
17,dbeaver,19.291,query,750930632,2,14.8907,32.1
17,dbeaver,19.546,query,750979784,2,14.9604,27.7
17,dbeaver,19.800,query,751061704,2,15.1334,68.2
17,dbeaver,20.055,query,751209160,2,15.2463,44.2
17,dbeaver,20.310,query,749177544,2,15.3978,59.1
17,dbeaver,20.562,query,749226696,2,15.4497,20.6
17,dbeaver,20.816,query,749275848,2,15.5325,32.4
17,dbeaver,21.071,query,890374856,2,15.7494,85.5
17,dbeaver,21.326,query,888310472,2,15.8202,27.7
17,dbeaver,21.581,query,884214472,2,15.8826,24.6
17,dbeaver,21.837,query,884263624,2,15.9541,27.9
17,dbeaver,22.092,query,764136136,2,16.0071,21.1
17,dbeaver,22.345,query,744524488,2,16.0317,9.5
17,dbeaver,22.600,after-query,744524488,2,16.0411,3.7
17,dbeaver,22.851,after-query,744475336,2,16.0493,3.3
17,dbeaver,23.106,after-query,742034120,2,16.0593,3.8
17,dbeaver,23.361,after-query,730712776,2,16.0685,3.6
17,dbeaver,23.612,after-query,730712776,2,16.0770,3.4
17,dbeaver,23.863,after-query,730614472,2,16.0886,4.6
17,dbeaver,24.115,after-query,730614472,2,16.0965,3.1
17,dbeaver,24.366,after-query,730614472,2,16.1066,4.0
17,dbeaver,24.619,after-query,730647240,2,16.1169,4.1
17,dbeaver,24.875,after-query,729909960,2,16.1335,6.4
17,dbeaver,25.130,after-query,729926344,2,16.1423,3.5
17,dbeaver,25.385,after-query,729926344,2,16.1493,2.7
17,dbeaver,25.637,after-query,729893576,2,16.1625,5.2
17,dbeaver,25.893,after-query,729598664,2,16.1692,2.6
17,dbeaver,26.148,after-query,729467592,2,16.1792,3.9
17,dbeaver,26.399,after-query,729467592,2,16.1871,3.1
17,dbeaver,26.654,after-query,729467592,2,16.1988,4.6
18,pgadmin,0.253,launch,9192408,1,0.1080,
18,pgadmin,0.508,launch,40765456,3,0.3213,82.5
18,pgadmin,0.763,launch,143135832,5,0.7951,184.8
18,pgadmin,1.014,launch,159421552,5,1.0211,91.3
18,pgadmin,1.270,launch,170234992,5,1.2457,87.3
18,pgadmin,1.520,launch,179442800,5,1.4699,89.3
18,pgadmin,1.775,launch,193811592,5,1.6943,88.0
18,pgadmin,2.030,launch,207049888,5,1.9312,92.9
18,pgadmin,2.286,launch,218961056,5,2.1675,92.7
18,pgadmin,2.541,launch,228070560,5,2.4018,92.0
18,pgadmin,2.796,launch,250713728,6,2.8493,174.8
18,pgadmin,3.051,launch,237278416,5,2.8542,88.2
18,pgadmin,3.306,launch,245748944,5,3.0951,93.9
18,pgadmin,3.561,launch,255317224,5,3.3445,98.3
18,pgadmin,3.816,launch,265147768,6,3.5620,85.0
18,pgadmin,4.071,launch,264869096,5,3.6032,17.4
18,pgadmin,4.326,launch,268522944,6,3.6902,34.1
18,pgadmin,4.582,settle,330814960,5,4.0861,194.3
18,pgadmin,4.832,settle,452892264,5,4.4241,135.7
18,pgadmin,5.086,settle,506435224,5,4.8230,155.4
18,pgadmin,5.341,settle,709203896,5,5.3567,212.2
18,pgadmin,5.596,settle,696785016,5,5.6599,117.1
18,pgadmin,5.849,settle,705861776,5,5.9328,107.0
18,pgadmin,6.100,settle,776018112,5,6.1458,85.0
18,pgadmin,6.355,settle,777099600,6,6.2215,29.8
18,pgadmin,6.610,settle,779459352,6,6.3388,46.5
18,pgadmin,6.862,settle,779524888,6,6.3683,11.5
18,pgadmin,7.116,settle,779639576,6,6.3985,11.9
18,pgadmin,7.371,settle,764631832,6,6.4314,12.9
18,pgadmin,7.621,settle,745495320,6,6.4672,14.0
18,pgadmin,7.874,settle,745560856,6,6.4999,13.3
18,pgadmin,8.129,settle,745904920,6,6.5621,24.1
18,pgadmin,8.384,settle,745970456,6,6.5939,12.5
18,pgadmin,8.639,settle,746101528,6,6.6331,15.3
18,pgadmin,8.895,settle,746167064,6,6.6637,12.0
18,pgadmin,9.150,settle,746281752,6,6.6978,13.3
18,pgadmin,9.403,settle,746330904,6,6.7239,10.6
18,pgadmin,9.658,query,746298136,6,6.7453,8.4
18,pgadmin,9.909,query,746396440,6,6.7760,11.9
18,pgadmin,10.164,query,748641048,6,6.8526,30.6
18,pgadmin,10.420,query,748788504,6,6.8756,8.9
18,pgadmin,10.675,query,748968728,6,6.9074,12.5
18,pgadmin,10.930,query,710892312,6,6.9426,13.7
18,pgadmin,11.186,query,623581976,6,6.9826,15.7
18,pgadmin,11.441,query,623516440,6,7.0117,11.5
18,pgadmin,11.696,query,623631128,6,7.0442,12.9
18,pgadmin,11.951,query,623975192,6,7.1003,21.7
18,pgadmin,12.206,query,624155416,6,7.1288,11.0
18,pgadmin,12.461,query,624302872,6,7.1562,10.7
18,pgadmin,12.716,query,624466712,6,7.1841,11.3
18,pgadmin,12.972,query,624614168,6,7.2038,7.7
18,pgadmin,13.227,query,624728856,6,7.2226,7.3
18,pgadmin,13.482,query,624892696,6,7.2472,9.6
18,pgadmin,13.732,query,625056536,6,7.2733,10.4
18,pgadmin,13.988,query,626481944,6,7.3296,22.0
18,pgadmin,14.241,query,626613016,6,7.3541,9.8
18,pgadmin,14.496,query,626776856,6,7.3743,7.9
18,pgadmin,14.751,query,626940696,6,7.3983,9.4
18,pgadmin,15.006,query,627071768,6,7.4251,10.5
18,pgadmin,15.257,query,627186456,6,7.4482,9.2
18,pgadmin,15.508,query,627350296,6,7.4686,8.2
18,pgadmin,15.761,query,686988080,6,7.5981,51.1
18,pgadmin,16.016,query,735140608,6,7.9865,150.2
18,pgadmin,16.269,query,735828736,6,8.0185,12.5
18,pgadmin,16.525,query,735828736,6,8.0425,9.5
18,pgadmin,16.780,query,735828736,6,8.0627,7.9
18,pgadmin,17.031,query,735861504,6,8.0829,8.1
18,pgadmin,17.287,query,731536128,6,8.1027,7.7
18,pgadmin,17.541,query,795106072,6,8.3460,97.4
18,pgadmin,17.794,query,800054040,6,8.5394,75.7
18,pgadmin,18.050,query,806263576,6,8.6951,61.4
18,pgadmin,18.305,query,809802520,6,8.8149,46.5
18,pgadmin,18.557,query,822483760,6,8.9967,72.3
18,pgadmin,18.811,query,829758256,6,9.1462,58.9
18,pgadmin,19.066,query,831281992,6,9.2024,21.7
18,pgadmin,19.321,query,844929888,6,9.4094,82.0
18,pgadmin,19.576,query,853367648,6,9.5360,49.7
18,pgadmin,19.831,query,864000864,6,9.7013,65.9
18,pgadmin,20.082,query,872815456,6,9.8787,69.3
18,pgadmin,20.338,query,880565088,6,9.9829,40.8
18,pgadmin,20.591,query,886528888,6,10.1397,62.9
18,pgadmin,20.843,query,896359288,6,10.3087,66.6
18,pgadmin,21.094,query,895540088,6,10.4612,59.9
18,pgadmin,21.349,query,904387472,6,10.5892,50.6
18,pgadmin,21.603,query,912841616,6,10.7506,63.6
18,pgadmin,21.858,query,914250640,6,10.7974,18.0
18,pgadmin,22.109,query,925571984,6,11.0090,85.7
18,pgadmin,22.364,query,934910864,6,11.1561,57.7
18,pgadmin,22.619,query,936369040,6,11.5154,141.4
18,pgadmin,22.873,query,933895056,6,11.5375,8.7
18,pgadmin,23.127,after-query,933895056,6,11.5627,9.9
18,pgadmin,23.380,after-query,933895056,6,11.5848,8.7
18,pgadmin,23.635,after-query,933895056,6,11.6072,8.8
18,pgadmin,23.889,after-query,907434848,6,11.6323,9.9
18,pgadmin,24.144,after-query,907467616,6,11.6912,22.8
18,pgadmin,24.396,after-query,907467616,6,11.7112,8.0
18,pgadmin,24.646,after-query,907500384,6,11.7304,7.7
18,pgadmin,24.899,after-query,905894752,6,11.7511,8.2
18,pgadmin,25.150,after-query,905878368,6,11.7745,9.3
18,pgadmin,25.405,after-query,905878368,6,11.7993,9.9
18,pgadmin,25.660,after-query,905894752,6,11.8225,9.1
18,pgadmin,25.911,after-query,905894752,6,11.8467,9.5
18,pgadmin,26.166,after-query,905894752,6,11.8879,16.3
18,pgadmin,26.420,after-query,905894752,6,11.9101,8.6
18,pgadmin,26.674,after-query,905829216,6,11.9346,9.7
18,pgadmin,26.929,after-query,905845600,6,11.9543,7.8
18,pgadmin,27.183,after-query,905845600,6,11.9792,9.6
18,pgadmin,27.438,after-query,867539808,6,12.0028,9.5
18,dbgate,0.253,launch,10503176,1,0.1005,
18,dbgate,0.508,launch,53202016,3,0.3866,110.8
18,dbgate,0.763,launch,83528872,3,0.5907,79.9
18,dbgate,1.018,settle,212062960,4,0.9588,144.2
18,dbgate,1.274,settle,287299824,7,1.4006,171.7
18,dbgate,1.529,settle,596288464,8,2.3939,397.9
18,dbgate,1.784,settle,620832056,8,2.7959,151.9
18,dbgate,2.037,settle,620897592,8,2.8356,15.8
18,dbgate,2.290,settle,621159736,8,2.8842,19.5
18,dbgate,2.544,settle,621225272,8,2.9373,20.7
18,dbgate,2.798,settle,607151416,8,2.9856,19.2
18,dbgate,3.049,settle,614409528,8,3.0255,15.8
18,dbgate,3.305,settle,614393144,8,3.0355,4.0
18,dbgate,3.559,settle,614409528,8,3.0514,6.1
18,dbgate,3.814,settle,614458680,8,3.0673,6.2
18,dbgate,4.069,settle,599090488,8,3.0883,8.3
18,dbgate,4.324,settle,599074104,8,3.1010,5.0
18,dbgate,4.575,settle,599074104,8,3.1212,8.0
18,dbgate,4.829,settle,589079864,8,3.1342,5.1
18,dbgate,5.084,settle,589096248,8,3.1562,8.6
18,dbgate,5.339,settle,589079864,8,3.1684,4.8
18,dbgate,5.594,settle,589079864,8,3.1869,7.3
18,dbgate,5.850,settle,589063480,8,3.2006,5.3
18,dbgate,6.102,query,589030712,8,3.2175,6.8
18,dbgate,6.358,query,588883256,8,3.2354,6.9
18,dbgate,6.613,query,555443512,8,3.2558,7.9
18,dbgate,6.865,query,522724664,8,3.2728,6.8
18,dbgate,7.120,query,522724664,8,3.2871,5.6
18,dbgate,7.374,query,517285176,8,3.3023,6.0
18,dbgate,7.625,query,517268792,8,3.3170,5.8
18,dbgate,7.881,query,485614904,8,3.3346,6.8
18,dbgate,8.136,query,485598520,8,3.3494,5.9
18,dbgate,8.391,query,485614904,8,3.3639,5.8
18,dbgate,8.646,query,485598520,8,3.3762,4.7
18,dbgate,8.901,query,485565752,8,3.3920,6.2
18,dbgate,9.154,query,485549368,8,3.4077,6.1
18,dbgate,9.406,query,485680440,8,3.4199,5.0
18,dbgate,9.657,query,485664056,8,3.4311,4.5
18,dbgate,9.911,query,485680440,8,3.4414,4.1
18,dbgate,10.165,query,485664056,8,3.4545,5.1
18,dbgate,10.416,query,485680440,8,3.4674,5.2
18,dbgate,10.669,query,485664056,8,3.4830,6.1
18,dbgate,10.924,query,485680440,8,3.4936,4.2
18,dbgate,11.178,query,485647672,8,3.5064,5.0
18,dbgate,11.433,query,485680440,8,3.5206,5.5
18,dbgate,11.686,query,485664056,8,3.5341,5.3
18,dbgate,11.939,query,548414776,8,3.5841,19.7
18,dbgate,12.194,query,603006288,8,3.6537,27.5
18,dbgate,12.449,query,602989904,8,3.6647,4.2
18,dbgate,12.704,query,603694416,8,3.7047,16.1
18,dbgate,12.959,query,603137360,8,3.7288,9.2
18,dbgate,13.213,query,661219792,9,4.0366,123.5
18,dbgate,13.466,query,743615048,9,4.3674,130.8
18,dbgate,13.721,query,744843848,9,4.4178,19.9
18,dbgate,13.976,query,744827464,9,4.4291,4.4
18,dbgate,14.227,query,756853320,9,4.7164,114.1
18,dbgate,14.478,query,758950520,9,4.9538,94.7
18,dbgate,14.733,query,765012600,9,5.2416,112.4
18,dbgate,14.984,query,766405240,9,5.4541,84.8
18,dbgate,15.234,query,772500088,9,5.6943,96.5
18,dbgate,15.489,query,778349200,9,5.9289,91.3
18,dbgate,15.744,query,782215824,9,6.1106,71.5
18,dbgate,15.997,query,792193680,9,6.2933,72.5
18,dbgate,16.252,query,799287976,9,6.4647,66.8
18,dbgate,16.504,query,804088488,9,6.6099,58.1
18,dbgate,16.759,query,807922344,9,6.7471,54.4
18,dbgate,17.014,query,811149992,9,6.8604,43.5
18,dbgate,17.268,query,816147112,9,7.0172,63.1
18,dbgate,17.519,query,820587176,9,7.1564,54.6
18,dbgate,17.775,query,822700736,9,7.2490,36.1
18,dbgate,18.030,query,799058624,9,7.4845,92.2
18,dbgate,18.285,query,799042240,9,7.6297,56.7
18,dbgate,18.536,query,717007552,9,7.7333,42.0
18,dbgate,18.787,query,719137472,9,7.8878,61.4
18,dbgate,19.042,query,719203008,9,8.0203,52.0
18,dbgate,19.297,query,719170240,9,8.0696,19.1
18,dbgate,19.547,after-query,719104704,9,8.0870,7.1
18,dbgate,19.803,after-query,718547648,9,8.1066,7.5
18,dbgate,20.058,after-query,718564032,9,8.1229,6.4
18,dbgate,20.312,after-query,713829056,9,8.1371,5.6
18,dbgate,20.568,after-query,713403072,9,8.1531,6.2
18,dbgate,20.823,after-query,702884520,9,8.1729,7.8
18,dbgate,21.077,after-query,693070504,9,8.1891,6.4
18,dbgate,21.332,after-query,693136040,9,8.2053,6.3
18,dbgate,21.586,after-query,691071656,9,8.2231,7.0
18,dbgate,21.842,after-query,691071656,9,8.2376,5.8
18,dbgate,22.097,after-query,690956968,9,8.2542,6.5
18,dbgate,22.352,after-query,690940584,9,8.2685,5.6
18,dbgate,22.606,after-query,690956968,9,8.2862,6.9
18,dbgate,22.857,after-query,690940584,9,8.2981,4.8
18,dbgate,23.112,after-query,690924200,9,8.3149,6.5
18,dbgate,23.367,after-query,690940584,9,8.3293,5.7
18,dbgate,23.622,after-query,677800616,9,8.3448,6.2
18,dbgate,23.877,after-query,677784232,9,8.3572,4.7
18,dbgate,24.131,after-query,666725032,9,8.3707,5.5
18,pgpad,0.253,launch,17515456,1,0.1280,
18,pgpad,0.508,settle,47975016,4,0.3927,90.2
18,pgpad,0.763,settle,50367224,4,0.4815,34.8
18,pgpad,1.018,settle,229756576,5,0.7753,115.7
18,pgpad,1.273,settle,229183136,5,0.7776,0.9
18,pgpad,1.528,settle,225119904,5,0.7841,2.5
18,pgpad,1.784,settle,219434656,5,0.8047,8.1
18,pgpad,2.039,settle,217812640,5,0.8097,1.9
18,pgpad,2.294,settle,157273760,5,0.8142,1.8
18,pgpad,2.549,settle,157044384,5,0.8155,0.5
18,pgpad,2.804,settle,156913312,5,0.8163,0.3
18,pgpad,3.055,settle,156372640,5,0.8170,0.3
18,pgpad,3.306,settle,156372640,5,0.8176,0.2
18,pgpad,3.560,settle,156356256,5,0.8181,0.2
18,pgpad,3.815,settle,156356256,5,0.8184,0.1
18,pgpad,4.066,settle,156356256,5,0.8187,0.1
18,pgpad,4.319,settle,156356256,5,0.8189,0.1
18,pgpad,4.574,settle,156356256,5,0.8192,0.1
18,pgpad,4.829,settle,156356256,5,0.8192,0.0
18,pgpad,5.084,settle,156356256,5,0.8192,0.0
18,pgpad,5.340,settle,156356256,5,0.8197,0.2
18,pgpad,5.593,query,156225184,5,0.8255,2.3
18,pgpad,5.845,query,156225184,5,0.8257,0.1
18,pgpad,6.101,query,156012192,5,0.8264,0.3
18,pgpad,6.356,query,156012192,5,0.8266,0.1
18,pgpad,6.611,query,155946656,5,0.8272,0.2
18,pgpad,6.866,query,155946656,5,0.8273,0.0
18,pgpad,7.121,query,155946656,5,0.8274,0.0
18,pgpad,7.376,query,155946656,5,0.8274,0.0
18,pgpad,7.626,query,155946656,5,0.8274,0.0
18,pgpad,7.877,query,155946656,5,0.8274,0.0
18,pgpad,8.132,query,155946656,5,0.8274,0.0
18,pgpad,8.382,query,155946656,5,0.8275,0.0
18,pgpad,8.637,query,155946656,5,0.8275,0.0
18,pgpad,8.893,query,155799200,5,0.8378,4.1
18,pgpad,9.143,query,155799200,5,0.8418,1.6
18,pgpad,9.394,query,155799200,5,0.8438,0.8
18,pgpad,9.649,query,155799200,5,0.8449,0.4
18,pgpad,9.902,query,155799200,5,0.8453,0.2
18,pgpad,10.157,query,155799200,5,0.8459,0.2
18,pgpad,10.411,query,155799200,5,0.8461,0.1
18,pgpad,10.666,query,222809760,5,0.8760,11.8
18,pgpad,10.917,query,287461144,5,1.0030,49.9
18,pgpad,11.172,query,287199000,5,1.0061,1.2
18,pgpad,11.427,query,287149848,5,1.0114,2.1
18,pgpad,11.683,query,286412568,5,1.0144,1.2
18,pgpad,11.935,query,287772440,5,1.0546,15.9
18,pgpad,12.186,query,242962752,6,1.1447,36.6
18,pgpad,12.441,query,260444528,6,1.2274,31.8
18,pgpad,12.696,query,260428144,6,1.2298,1.0
18,pgpad,12.951,query,260919688,6,1.2731,16.7
18,pgpad,13.206,query,260903304,6,1.2759,1.1
18,pgpad,13.461,query,259903880,6,1.2947,7.5
18,pgpad,13.716,query,259494280,6,1.3259,12.2
18,pgpad,13.967,query,254038408,6,1.3298,1.6
18,pgpad,14.223,query,212504968,6,1.3312,0.5
18,pgpad,14.477,query,359322064,6,1.6437,122.6
18,pgpad,14.732,query,358699472,6,1.6460,0.9
18,pgpad,14.988,query,355537360,6,1.6586,5.0
18,pgpad,15.243,query,355258832,6,1.6610,0.9
18,pgpad,15.494,query,305566160,6,1.6722,4.4
18,pgpad,15.748,query,258822608,6,1.6766,1.7
18,pgpad,16.003,query,258822608,6,1.6779,0.5
18,pgpad,16.258,query,258740688,6,1.6887,4.3
18,pgpad,16.514,query,384651752,6,1.7816,35.9
18,pgpad,16.769,query,384602600,6,1.7960,5.6
18,pgpad,17.024,query,402346496,6,1.8885,36.5
18,pgpad,17.276,query,396644864,6,1.9089,8.1
18,pgpad,17.531,query,397464064,6,1.9953,34.0
18,pgpad,17.786,query,397414936,6,1.9987,1.3
18,pgpad,18.041,query,397398552,6,2.0270,11.0
18,pgpad,18.292,after-query,397824536,6,2.1141,35.3
18,pgpad,18.543,after-query,376672792,6,2.1170,1.2
18,pgpad,18.797,after-query,376656408,6,2.1224,2.1
18,pgpad,19.047,after-query,376345112,6,2.1246,0.9
18,pgpad,19.298,after-query,347738648,6,2.1278,1.3
18,pgpad,19.553,after-query,258986520,6,2.1299,0.8
18,pgpad,19.808,after-query,258986520,6,2.1306,0.3
18,pgpad,20.062,after-query,258970136,6,2.1312,0.3
18,pgpad,20.317,after-query,258937368,6,2.1321,0.3
18,pgpad,20.572,after-query,258839064,6,2.1328,0.3
18,pgpad,20.825,after-query,258822680,6,2.1332,0.1
18,pgpad,21.075,after-query,258789912,6,2.1399,2.7
18,pgpad,21.330,after-query,258789912,6,2.1402,0.1
18,pgpad,21.585,after-query,258740760,6,2.1412,0.4
18,pgpad,21.840,after-query,258691608,6,2.1423,0.4
18,pgpad,22.094,after-query,258691608,6,2.1431,0.3
18,pgpad,22.347,after-query,258691608,6,2.1436,0.2
18,pgpad,22.602,after-query,258691608,6,2.1438,0.0
18,pgpad,22.852,after-query,258691608,6,2.1438,0.0
18,pgpad,23.102,after-query,258593304,6,2.1444,0.2
18,pgpad,23.353,after-query,258593304,6,2.1444,0.0
18,dbeaver,0.254,launch,19317648,1,0.1047,
18,dbeaver,0.509,launch,64226288,1,0.5294,164.3
18,dbeaver,0.764,launch,106578976,1,1.1178,230.3
18,dbeaver,1.019,launch,137856104,1,1.6758,220.1
18,dbeaver,1.275,launch,161531008,1,2.3168,248.2
18,dbeaver,1.530,launch,179815768,1,2.9582,252.9
18,dbeaver,1.785,launch,230999504,1,3.7765,320.2
18,dbeaver,2.040,launch,260490728,1,4.2431,183.6
18,dbeaver,2.295,launch,274040296,1,4.9112,261.6
18,dbeaver,2.550,launch,284018152,1,5.7726,337.9
18,dbeaver,2.802,launch,293864936,1,6.7493,388.7
18,dbeaver,3.057,launch,320554472,1,7.5409,309.8
18,dbeaver,3.312,launch,326878792,1,8.2119,262.6
18,dbeaver,3.568,launch,529025040,1,8.9056,271.6
18,dbeaver,3.823,settle,848775832,2,9.8007,351.4
18,dbeaver,4.078,settle,983272088,2,10.5640,294.8
18,dbeaver,4.331,settle,970984088,2,10.6959,53.0
18,dbeaver,4.586,settle,1029360304,2,11.5738,342.0
18,dbeaver,4.841,settle,1086737072,2,11.6746,39.6
18,dbeaver,5.096,settle,1007274672,2,11.7005,10.0
18,dbeaver,5.352,settle,894782128,2,11.7225,8.6
18,dbeaver,5.604,settle,894208688,2,11.7352,5.1
18,dbeaver,5.859,settle,795855536,2,11.7485,5.2
18,dbeaver,6.112,settle,726256304,2,11.7593,4.3
18,dbeaver,6.367,settle,726272688,2,11.7803,8.2
18,dbeaver,6.617,settle,726272688,2,11.7865,2.5
18,dbeaver,6.872,settle,726272688,2,11.7976,4.3
18,dbeaver,7.127,settle,726338224,2,11.8127,5.9
18,dbeaver,7.383,settle,726338224,2,11.8214,3.4
18,dbeaver,7.638,settle,726338224,2,11.8334,4.7
18,dbeaver,7.893,settle,726338224,2,11.8408,3.0
18,dbeaver,8.147,settle,726239920,2,11.8563,6.0
18,dbeaver,8.402,settle,726125232,2,11.8668,4.1
18,dbeaver,8.654,settle,726108848,2,11.8811,5.8
18,dbeaver,8.909,query,725912240,2,11.8878,2.7
18,dbeaver,9.163,query,725797552,2,11.9051,6.7
18,dbeaver,9.418,query,725813936,2,11.9148,3.8
18,dbeaver,9.670,query,725830320,2,11.9314,6.6
18,dbeaver,9.925,query,725830320,2,11.9367,2.1
18,dbeaver,10.180,query,725830320,2,11.9427,2.3
18,dbeaver,10.434,query,725830320,2,11.9532,4.2
18,dbeaver,10.684,query,725830320,2,11.9594,2.5
18,dbeaver,10.937,query,725732016,2,11.9747,6.1
18,dbeaver,11.192,query,725732016,2,11.9834,3.4
18,dbeaver,11.447,query,725732016,2,11.9962,5.0
18,dbeaver,11.702,query,725764784,2,12.0097,5.3
18,dbeaver,11.954,query,725764784,2,12.0217,4.9
18,dbeaver,12.209,query,726207152,2,12.0383,6.5
18,dbeaver,12.462,query,726207152,2,12.0464,3.2
18,dbeaver,12.718,query,726207152,2,12.0551,3.4
18,dbeaver,12.973,query,726207152,2,12.0595,1.7
18,dbeaver,13.228,query,726223536,2,12.0687,3.6
18,dbeaver,13.479,query,726223536,2,12.0739,2.1
18,dbeaver,13.734,query,726223536,2,12.0834,3.7
18,dbeaver,13.986,query,726272640,2,12.1135,11.6
18,dbeaver,14.241,query,765135488,2,12.1878,29.4
18,dbeaver,14.493,query,765184640,2,12.2332,18.0
18,dbeaver,14.748,query,764742272,2,12.3682,51.7
18,dbeaver,15.003,query,807520896,2,12.4830,46.8
18,dbeaver,15.258,query,767019648,2,12.5079,9.7
18,dbeaver,15.514,query,767183488,2,12.5343,10.2
18,dbeaver,15.769,query,729500288,2,12.5661,12.5
18,dbeaver,16.024,query,726420096,2,12.5787,5.0
18,dbeaver,16.279,query,726436480,2,12.5907,4.7
18,dbeaver,16.533,query,813009536,2,12.7830,76.7
18,dbeaver,16.784,query,917736064,2,13.5894,319.9
18,dbeaver,17.039,query,1000442520,2,14.1701,226.8
18,dbeaver,17.295,query,970508952,2,14.3594,73.9
18,dbeaver,17.545,query,928402072,2,14.4978,55.2
18,dbeaver,17.796,query,886590104,2,14.5234,10.2
18,dbeaver,18.051,query,886344344,2,14.5463,8.9
18,dbeaver,18.306,query,831310512,2,14.6707,49.6
18,dbeaver,18.558,query,754207408,2,14.7305,23.5
18,dbeaver,18.813,query,765823664,2,14.8583,50.4
18,dbeaver,19.068,query,758532784,2,14.9351,29.9
18,dbeaver,19.324,query,758565552,2,15.0135,30.8
18,dbeaver,19.579,query,758631088,2,15.0901,30.1
18,dbeaver,19.834,query,758680240,2,15.2671,69.3
18,dbeaver,20.084,query,758844080,2,15.3717,42.3
18,dbeaver,20.339,query,757172912,2,15.5416,65.9
18,dbeaver,20.594,query,757189296,2,15.5965,21.4
18,dbeaver,20.850,query,757287600,2,15.6968,39.5
18,dbeaver,21.105,query,818285232,2,15.8689,67.1
18,dbeaver,21.360,query,812059312,2,15.9386,27.3
18,dbeaver,21.615,query,812075696,2,15.9973,22.7
18,dbeaver,21.866,query,812157616,2,16.0669,28.4
18,dbeaver,22.121,query,750422704,2,16.1272,23.2
18,dbeaver,22.375,after-query,750471856,2,16.1430,6.3
18,dbeaver,22.625,after-query,750422704,2,16.1524,3.7
18,dbeaver,22.876,after-query,747997872,2,16.1642,4.7
18,dbeaver,23.130,after-query,747997872,2,16.1701,2.3
18,dbeaver,23.382,after-query,736692912,2,16.1861,6.3
18,dbeaver,23.632,after-query,736692912,2,16.1916,2.2
18,dbeaver,23.888,after-query,736594608,2,16.1987,2.7
18,dbeaver,24.139,after-query,736594608,2,16.2045,2.3
18,dbeaver,24.394,after-query,736594608,2,16.2170,4.8
18,dbeaver,24.646,after-query,736643760,2,16.2293,4.9
18,dbeaver,24.900,after-query,736643760,2,16.2439,5.8
18,dbeaver,25.155,after-query,736660144,2,16.2501,2.4
18,dbeaver,25.410,after-query,736660144,2,16.2591,3.6
18,dbeaver,25.664,after-query,736512688,2,16.2668,3.0
18,dbeaver,25.920,after-query,736070320,2,16.2757,3.5
18,dbeaver,26.170,after-query,736103088,2,16.2853,3.8
18,dbeaver,26.425,after-query,736103088,2,16.2944,3.6
18,dbeaver,26.678,after-query,736103088,2,16.3024,3.2
19,pgadmin,0.253,launch,9225176,1,0.1004,
19,pgadmin,0.508,launch,40536032,3,0.3049,79.3
19,pgadmin,0.763,launch,125375576,5,0.7705,181.7
19,pgadmin,1.018,launch,159765664,5,1.0138,95.9
19,pgadmin,1.273,launch,170153144,5,1.2375,87.9
19,pgadmin,1.528,launch,180769976,5,1.4696,90.5
19,pgadmin,1.782,launch,192468176,5,1.6909,87.2
19,pgadmin,2.037,launch,206066896,5,1.9289,93.5
19,pgadmin,2.293,launch,218617040,5,2.1629,91.6
19,pgadmin,2.548,launch,227857616,5,2.3986,92.2
19,pgadmin,2.803,launch,248846000,6,2.8290,170.2
19,pgadmin,3.058,launch,236967168,5,2.8488,87.4
19,pgadmin,3.312,launch,244978944,5,3.0837,94.0
19,pgadmin,3.563,launch,254579992,5,3.3327,98.0
19,pgadmin,3.818,launch,265705064,6,3.5621,90.1
19,pgadmin,4.068,launch,264525080,5,3.6063,19.5
19,pgadmin,4.324,launch,268113368,6,3.6843,30.8
19,pgadmin,4.579,settle,322459048,5,4.1016,202.2
19,pgadmin,4.834,settle,450991672,5,4.4434,133.7
19,pgadmin,5.089,settle,505697896,5,4.8365,153.8
19,pgadmin,5.344,settle,710137736,5,5.3720,211.6
19,pgadmin,5.596,settle,679974936,5,5.6741,118.9
19,pgadmin,5.851,settle,696899728,5,5.9610,112.3
19,pgadmin,6.104,settle,798955640,5,6.1471,71.7
19,pgadmin,6.360,settle,802216512,6,6.2248,31.2
19,pgadmin,6.612,settle,810375912,6,6.3303,41.4
19,pgadmin,6.867,settle,810425064,6,6.3623,12.6
19,pgadmin,7.123,settle,808491752,6,6.3858,9.2
19,pgadmin,7.378,settle,795499240,6,6.4230,14.7
19,pgadmin,7.633,settle,773577448,6,6.4551,12.3
19,pgadmin,7.887,settle,773626600,6,6.4818,10.7
19,pgadmin,8.140,settle,773937896,6,6.5471,25.6
19,pgadmin,8.395,settle,773987048,6,6.5797,12.8
19,pgadmin,8.649,settle,774101736,6,6.6178,15.0
19,pgadmin,8.904,settle,774167272,6,6.6457,10.9
19,pgadmin,9.158,settle,774298344,6,6.6752,11.8
19,pgadmin,9.412,settle,774347496,6,6.7054,12.0
19,pgadmin,9.664,query,774462184,6,6.7253,7.9
19,pgadmin,9.919,query,774855400,6,6.7861,23.4
19,pgadmin,10.171,query,776428264,6,6.8340,19.0
19,pgadmin,10.426,query,776575720,6,6.8671,12.8
19,pgadmin,10.679,query,776723176,6,6.8972,12.1
19,pgadmin,10.935,query,664034024,6,6.9262,11.5
19,pgadmin,11.189,query,619027176,6,6.9616,13.7
19,pgadmin,11.444,query,619174632,6,6.9890,11.0
19,pgadmin,11.699,query,619289320,6,7.0193,11.6
19,pgadmin,11.954,query,619567848,6,7.0762,22.6
19,pgadmin,12.209,query,619780840,6,7.1063,11.9
19,pgadmin,12.465,query,619911912,6,7.1307,9.3
19,pgadmin,12.720,query,620042984,6,7.1592,11.6
19,pgadmin,12.975,query,620190440,6,7.1820,8.9
19,pgadmin,13.230,query,620387048,6,7.2068,9.7
19,pgadmin,13.485,query,620518120,6,7.2324,10.0
19,pgadmin,13.740,query,620616424,6,7.2577,9.9
19,pgadmin,13.992,query,622500608,6,7.3145,22.7
19,pgadmin,14.246,query,622631680,6,7.3403,10.1
19,pgadmin,14.498,query,622811904,6,7.3619,8.6
19,pgadmin,14.751,query,622992128,6,7.3910,11.4
19,pgadmin,15.002,query,623123200,6,7.4129,8.7
19,pgadmin,15.256,query,623254272,6,7.4422,11.6
19,pgadmin,15.511,query,623385344,6,7.4640,8.5
19,pgadmin,15.766,query,648829696,6,7.5369,28.8
19,pgadmin,16.021,query,724458216,6,8.0128,183.9
19,pgadmin,16.276,query,725211880,6,8.0617,19.2
19,pgadmin,16.531,query,725211880,6,8.0822,8.0
19,pgadmin,16.786,query,725211880,6,8.1043,8.7
19,pgadmin,17.042,query,722803432,6,8.1279,9.3
19,pgadmin,17.297,query,720591592,6,8.1497,8.4
19,pgadmin,17.551,query,791337728,6,8.3779,91.0
19,pgadmin,17.805,query,816159488,6,8.5659,75.1
19,pgadmin,18.060,query,819403520,6,8.7059,54.1
19,pgadmin,18.315,query,825744128,6,8.8497,56.2
19,pgadmin,18.570,query,844585752,6,9.0420,75.7
19,pgadmin,18.825,query,852171544,6,9.1946,59.7
19,pgadmin,19.080,query,853875480,6,9.2547,23.6
19,pgadmin,19.335,query,867359536,6,9.4621,81.3
19,pgadmin,19.590,query,875076400,6,9.5857,48.3
19,pgadmin,19.843,query,886725424,6,9.7555,67.4
19,pgadmin,20.095,query,895474480,6,9.9283,68.0
19,pgadmin,20.347,query,902830896,6,10.0144,34.4
19,pgadmin,20.600,query,908598088,6,10.1658,59.5
19,pgadmin,20.851,query,922573640,6,10.3633,78.9
19,pgadmin,21.105,query,924539744,6,10.5154,59.9
19,pgadmin,21.356,query,932993888,6,10.6422,50.8
19,pgadmin,21.611,query,941529952,6,10.8116,66.5
19,pgadmin,21.863,query,934468448,6,10.8599,19.0
19,pgadmin,22.116,query,946101136,6,11.0604,80.5
19,pgadmin,22.370,query,956210064,6,11.2196,62.6
19,pgadmin,22.625,query,948460432,6,11.3089,34.8
19,pgadmin,22.877,after-query,936582032,6,11.3303,8.6
19,pgadmin,23.128,after-query,936598416,6,11.3530,8.8
19,pgadmin,23.383,after-query,936696720,6,11.3739,8.2
19,pgadmin,23.637,after-query,932010896,6,11.3943,8.1
19,pgadmin,23.890,after-query,905616248,6,11.4197,10.0
19,pgadmin,24.142,after-query,906025848,6,11.4705,20.3
19,pgadmin,24.397,after-query,906107768,6,11.4922,8.5
19,pgadmin,24.652,after-query,906189688,6,11.5164,9.4
19,pgadmin,24.905,after-query,904633208,6,11.5359,7.8
19,pgadmin,25.160,after-query,904698744,6,11.5593,9.3
19,pgadmin,25.414,after-query,904780664,6,11.5832,9.4
19,pgadmin,25.665,after-query,904829816,6,11.6093,10.3
19,pgadmin,25.920,after-query,905141112,6,11.6537,17.8
19,pgadmin,26.175,after-query,905206648,6,11.6731,7.4
19,pgadmin,26.428,after-query,905272184,6,11.6949,8.7
19,pgadmin,26.683,after-query,883235704,6,11.7120,6.7
19,pgadmin,26.937,after-query,883284856,6,11.7320,7.8
19,pgadmin,27.192,after-query,883366776,6,11.7530,8.3
19,pgadmin,27.445,after-query,883415928,6,11.7774,9.9
19,dbeaver,0.252,launch,19841936,1,0.1077,
19,dbeaver,0.507,launch,66651096,1,0.5466,169.9
19,dbeaver,0.762,launch,115180576,1,1.1572,239.5
19,dbeaver,1.018,launch,139166800,1,1.6968,210.6
19,dbeaver,1.273,launch,159466624,1,2.3296,249.4
19,dbeaver,1.527,launch,180847960,1,2.9463,239.7
19,dbeaver,1.782,launch,222774688,1,3.7044,300.5
19,dbeaver,2.034,launch,252937656,1,4.1169,165.7
19,dbeaver,2.289,launch,267847096,1,4.7781,254.5
19,dbeaver,2.544,launch,278316472,1,5.7630,386.9
19,dbeaver,2.796,launch,291915192,1,6.7493,390.8
19,dbeaver,3.051,launch,308397520,1,7.5014,297.2
19,dbeaver,3.306,launch,320259608,1,8.2557,296.3
19,dbeaver,3.561,launch,396003320,1,8.9531,273.1
19,dbeaver,3.814,settle,842779312,2,9.7791,328.9
19,dbeaver,4.069,settle,936626864,2,10.5382,291.8
19,dbeaver,4.323,settle,965511856,2,10.7500,84.5
19,dbeaver,4.578,settle,1031064240,2,11.6735,361.4
19,dbeaver,4.829,settle,1029982896,2,11.6952,8.6
19,dbeaver,5.083,settle,945949360,2,11.7474,20.6
19,dbeaver,5.338,settle,833342128,2,11.7613,5.5
19,dbeaver,5.591,settle,833342128,2,11.7707,3.6
19,dbeaver,5.845,settle,734350000,2,11.7872,6.5
19,dbeaver,6.100,settle,723143344,2,11.7978,4.2
19,dbeaver,6.350,settle,723143344,2,11.8100,4.9
19,dbeaver,6.606,settle,723143344,2,11.8228,5.0
19,dbeaver,6.861,settle,723159728,2,11.8416,7.3
19,dbeaver,7.116,settle,723159728,2,11.8484,2.7
19,dbeaver,7.372,settle,723159728,2,11.8550,2.6
19,dbeaver,7.624,settle,723159728,2,11.8647,4.0
19,dbeaver,7.879,settle,723159728,2,11.8767,4.6
19,dbeaver,8.131,settle,723159728,2,11.8910,5.6
19,dbeaver,8.386,settle,723126960,2,11.9028,4.7
19,dbeaver,8.640,settle,722930352,2,11.9172,5.7
19,dbeaver,8.894,query,722848456,2,11.9237,2.6
19,dbeaver,9.149,query,722848456,2,11.9368,5.1
19,dbeaver,9.404,query,722668232,2,11.9464,3.7
19,dbeaver,9.659,query,722668232,2,11.9577,4.5
19,dbeaver,9.914,query,722668232,2,11.9654,3.0
19,dbeaver,10.169,query,722668232,2,11.9714,2.4
19,dbeaver,10.424,query,722668232,2,11.9852,5.5
19,dbeaver,10.679,query,722668232,2,11.9898,1.8
19,dbeaver,10.934,query,722668232,2,12.0053,6.1
19,dbeaver,11.190,query,722668232,2,12.0099,1.8
19,dbeaver,11.445,query,722668232,2,12.0211,4.4
19,dbeaver,11.699,query,722684616,2,12.0322,4.3
19,dbeaver,11.954,query,722717384,2,12.0453,5.3
19,dbeaver,12.209,query,722717384,2,12.0496,1.7
19,dbeaver,12.460,query,722717384,2,12.0617,4.8
19,dbeaver,12.716,query,722717384,2,12.0674,2.2
19,dbeaver,12.970,query,722717384,2,12.0723,2.0
19,dbeaver,13.220,query,722717384,2,12.0786,2.5
19,dbeaver,13.476,query,722717384,2,12.0841,2.1
19,dbeaver,13.731,query,722717384,2,12.1012,6.8
19,dbeaver,13.985,query,722864816,2,12.1217,7.9
19,dbeaver,14.241,query,761891504,2,12.1927,28.0
19,dbeaver,14.496,query,762219184,2,12.2569,25.6
19,dbeaver,14.751,query,761793200,2,12.3525,37.3
19,dbeaver,15.006,query,764316336,2,12.5162,61.6
19,dbeaver,15.261,query,764283568,2,12.5294,5.3
19,dbeaver,15.517,query,764332720,2,12.5601,12.0
19,dbeaver,15.772,query,764447408,2,12.5786,7.4
19,dbeaver,16.027,query,723421872,2,12.5906,4.7
19,dbeaver,16.282,query,723421872,2,12.5981,2.9
19,dbeaver,16.537,query,849742512,2,12.9635,145.1
19,dbeaver,16.792,query,905218736,2,13.6741,277.7
19,dbeaver,17.043,query,902007472,2,14.2858,243.2
19,dbeaver,17.298,query,916097712,2,14.4539,66.2
19,dbeaver,17.554,query,915688112,2,14.5961,55.3
19,dbeaver,17.809,query,914459312,2,14.6137,6.8
19,dbeaver,18.064,query,872155872,2,14.6521,15.1
19,dbeaver,18.319,query,738970336,2,14.7913,55.8
19,dbeaver,18.575,query,739117792,2,14.8352,17.0
19,dbeaver,18.826,query,739298016,2,14.9739,55.2
19,dbeaver,19.081,query,734481120,2,15.0550,31.6
19,dbeaver,19.336,query,734464736,2,15.1389,32.9
19,dbeaver,19.589,query,734481120,2,15.2300,36.4
19,dbeaver,19.845,query,745835232,2,15.3792,58.0
19,dbeaver,20.098,query,746015456,2,15.5162,54.1
19,dbeaver,20.354,query,746523360,2,15.6415,48.9
19,dbeaver,20.607,query,744442592,2,15.7083,26.2
19,dbeaver,20.860,query,817941216,2,15.8538,57.6
19,dbeaver,21.115,query,885279456,2,15.9757,48.3
19,dbeaver,21.366,query,872024800,2,16.0614,34.1
19,dbeaver,21.619,query,867846880,2,16.1213,23.4
19,dbeaver,21.873,query,867912416,2,16.1824,24.3
19,dbeaver,22.128,query,739461856,2,16.2554,28.5
19,dbeaver,22.381,after-query,739461856,2,16.2642,3.5
19,dbeaver,22.636,after-query,739412704,2,16.2754,4.4
19,dbeaver,22.887,after-query,736955104,2,16.2843,3.4
19,dbeaver,23.142,after-query,736971488,2,16.2914,2.8
19,dbeaver,23.397,after-query,725650144,2,16.3022,4.3
19,dbeaver,23.649,after-query,725650144,2,16.3112,3.5
19,dbeaver,23.902,after-query,725584608,2,16.3261,6.0
19,dbeaver,24.157,after-query,725584608,2,16.3311,2.0
19,dbeaver,24.412,after-query,725584608,2,16.3417,4.1
19,dbeaver,24.664,after-query,725633760,2,16.3548,5.3
19,dbeaver,24.919,after-query,725633760,2,16.3663,4.5
19,dbeaver,25.174,after-query,725633760,2,16.3739,3.0
19,dbeaver,25.429,after-query,725633760,2,16.3854,4.5
19,dbeaver,25.685,after-query,725633760,2,16.3923,2.7
19,dbeaver,25.938,after-query,725142240,2,16.3995,2.8
19,dbeaver,26.190,after-query,725142240,2,16.4085,3.6
19,dbeaver,26.445,after-query,725142240,2,16.4132,1.9
19,dbeaver,26.698,after-query,725142240,2,16.4247,4.6
19,dbgate,0.255,launch,11355192,1,0.1012,
19,dbgate,0.510,launch,53791840,3,0.3954,113.2
19,dbgate,0.765,launch,83315880,3,0.5889,76.3
19,dbgate,1.018,settle,213586648,4,0.9644,147.8
19,dbgate,1.274,settle,288086088,6,1.3962,170.2
19,dbgate,1.529,settle,618521720,8,2.4309,319.0
19,dbgate,1.784,settle,640820656,8,2.8120,148.2
19,dbgate,2.034,settle,640804272,8,2.8464,13.6
19,dbgate,2.285,settle,641164720,8,2.8950,19.5
19,dbgate,2.540,settle,641263024,8,2.9470,20.2
19,dbgate,2.794,settle,623568304,8,3.0069,23.4
19,dbgate,3.049,settle,630760880,8,3.0613,21.4
19,dbgate,3.303,settle,630744496,8,3.0741,5.1
19,dbgate,3.554,settle,630744496,8,3.0920,7.1
19,dbgate,3.809,settle,630760880,8,3.1088,6.6
19,dbgate,4.064,settle,630351280,8,3.1290,7.9
19,dbgate,4.316,settle,626009520,8,3.1420,5.2
19,dbgate,4.572,settle,626009520,8,3.1550,5.0
19,dbgate,4.827,settle,616015280,8,3.1672,4.8
19,dbgate,5.081,settle,616031664,8,3.1883,8.4
19,dbgate,5.336,settle,615179696,8,3.1998,4.6
19,dbgate,5.589,settle,615196080,8,3.2178,7.0
19,dbgate,5.845,settle,615196080,8,3.2301,4.8
19,dbgate,6.098,query,605398424,8,3.2458,6.4
19,dbgate,6.353,query,605398424,8,3.2616,6.1
19,dbgate,6.608,query,582870424,8,3.2858,9.4
19,dbgate,6.863,query,523740568,8,3.3050,7.5
19,dbgate,7.118,query,523740568,8,3.3199,5.9
19,dbgate,7.373,query,518301080,8,3.3330,5.2
19,dbgate,7.628,query,518301080,8,3.3505,6.8
19,dbgate,7.883,query,518317464,8,3.3651,5.8
19,dbgate,8.138,query,486745496,8,3.3833,7.1
19,dbgate,8.392,query,486745496,8,3.3992,6.2
19,dbgate,8.645,query,486712728,8,3.4161,6.8
19,dbgate,8.898,query,486745496,8,3.4295,5.3
19,dbgate,9.153,query,486729112,8,3.4430,5.4
19,dbgate,9.408,query,486843824,8,3.4562,5.2
19,dbgate,9.663,query,486827440,8,3.4711,5.8
19,dbgate,9.915,query,486843824,8,3.4829,4.6
19,dbgate,10.170,query,486827440,8,3.4957,5.0
19,dbgate,10.424,query,486843824,8,3.5087,5.1
19,dbgate,10.677,query,486827440,8,3.5226,5.5
19,dbgate,10.932,query,486843824,8,3.5366,5.5
19,dbgate,11.185,query,486843824,8,3.5509,5.7
19,dbgate,11.440,query,486876592,8,3.5662,6.0
19,dbgate,11.695,query,486860208,8,3.5777,4.5
19,dbgate,11.950,query,546629064,8,3.6335,21.5
19,dbgate,12.202,query,604906952,8,3.7008,27.2
19,dbgate,12.454,query,604956104,8,3.7171,6.4
19,dbgate,12.709,query,605365704,8,3.7539,14.4
19,dbgate,12.960,query,607413896,9,3.8356,32.9
19,dbgate,13.215,query,662563400,9,4.1246,113.2
19,dbgate,13.466,query,739601088,9,4.4210,117.2
19,dbgate,13.719,query,740256448,9,4.4563,13.8
19,dbgate,13.974,query,740256448,9,4.4694,5.2
19,dbgate,14.227,query,761834176,9,4.7358,106.7
19,dbgate,14.481,query,768371440,9,4.9778,94.7
19,dbgate,14.735,query,771533552,9,5.2797,119.1
19,dbgate,14.986,query,779594504,9,5.4869,83.1
19,dbgate,15.239,query,786328328,9,5.7362,97.3
19,dbgate,15.494,query,792193824,9,5.9587,87.6
19,dbgate,15.747,query,796224288,9,6.1386,71.1
19,dbgate,16.000,query,802351928,9,6.3386,79.5
19,dbgate,16.255,query,815098680,9,6.5080,66.0
19,dbgate,16.510,query,819178296,9,6.6600,59.6
19,dbgate,16.763,query,823257912,9,6.7978,54.7
19,dbgate,17.018,query,826338104,9,6.8987,39.1
19,dbgate,17.273,query,830892856,9,7.0544,61.5
19,dbgate,17.524,query,835611448,9,7.2050,59.1
19,dbgate,17.776,query,838101840,9,7.3034,39.2
19,dbgate,18.032,query,804318032,9,7.5501,96.1
19,dbgate,18.285,query,804350800,9,7.6978,58.7
19,dbgate,18.540,query,712813392,9,7.8029,41.3
19,dbgate,18.796,query,715008848,9,7.9401,53.7
19,dbgate,19.051,query,715156304,9,8.0761,53.4
19,dbgate,19.306,query,715139920,9,8.1171,15.8
19,dbgate,19.559,after-query,715139920,9,8.1333,6.5
19,dbgate,19.814,after-query,703048528,9,8.1551,8.4
19,dbgate,20.068,after-query,700607312,9,8.1730,7.1
19,dbgate,20.323,after-query,695348048,9,8.1832,4.0
19,dbgate,20.579,after-query,695331664,9,8.1974,5.5
19,dbgate,20.830,after-query,684845856,9,8.2144,6.7
19,dbgate,21.081,after-query,677505824,9,8.2293,6.1
19,dbgate,21.335,after-query,677554976,9,8.2486,7.5
19,dbgate,21.588,after-query,675506976,9,8.2712,8.9
19,dbgate,21.843,after-query,675359520,9,8.2854,5.5
19,dbgate,22.098,after-query,675343136,9,8.3025,6.7
19,dbgate,22.354,after-query,675326752,9,8.3152,5.1
19,dbgate,22.609,after-query,675343136,9,8.3319,6.5
19,dbgate,22.864,after-query,675326752,9,8.3457,5.4
19,dbgate,23.119,after-query,675310368,9,8.3629,6.7
19,dbgate,23.375,after-query,675326752,9,8.3767,5.4
19,dbgate,23.627,after-query,675343136,9,8.3926,6.3
19,dbgate,23.878,after-query,675326752,9,8.4059,5.3
19,pgpad,0.255,launch,23529032,3,0.1573,
19,pgpad,0.510,settle,47925768,4,0.4019,81.8
19,pgpad,0.765,settle,53332680,4,0.5087,42.0
19,pgpad,1.017,settle,246730400,5,0.8020,116.0
19,pgpad,1.267,settle,246533792,5,0.8042,0.9
19,pgpad,1.522,settle,242585248,5,0.8131,3.5
19,pgpad,1.777,settle,238194336,5,0.8374,9.5
19,pgpad,2.031,settle,232623776,5,0.8438,2.6
19,pgpad,2.287,settle,158174880,5,0.8491,2.1
19,pgpad,2.542,settle,157896352,5,0.8508,0.7
19,pgpad,2.795,settle,157208224,5,0.8522,0.6
19,pgpad,3.048,settle,157175456,5,0.8531,0.3
19,pgpad,3.303,settle,157175456,5,0.8539,0.3
19,pgpad,3.558,settle,157109920,5,0.8544,0.2
19,pgpad,3.813,settle,157109920,5,0.8547,0.1
19,pgpad,4.069,settle,157109920,5,0.8551,0.2
19,pgpad,4.324,settle,157109920,5,0.8556,0.2
19,pgpad,4.579,settle,157109920,5,0.8558,0.1
19,pgpad,4.832,settle,157109920,5,0.8558,0.0
19,pgpad,5.082,settle,157109920,5,0.8558,0.0
19,pgpad,5.334,settle,157109920,5,0.8564,0.2
19,pgpad,5.589,query,156946080,5,0.8634,2.8
19,pgpad,5.842,query,156946080,5,0.8636,0.1
19,pgpad,6.096,query,156798624,5,0.8643,0.3
19,pgpad,6.349,query,156798624,5,0.8644,0.0
19,pgpad,6.601,query,156749472,5,0.8649,0.2
19,pgpad,6.856,query,156749472,5,0.8651,0.0
19,pgpad,7.107,query,156749472,5,0.8651,0.0
19,pgpad,7.359,query,156749472,5,0.8651,0.0
19,pgpad,7.614,query,156651168,5,0.8652,0.0
19,pgpad,7.869,query,156651168,5,0.8652,0.0
19,pgpad,8.124,query,156651168,5,0.8652,0.0
19,pgpad,8.375,query,156651168,5,0.8653,0.0
19,pgpad,8.630,query,156651168,5,0.8653,0.0
19,pgpad,8.881,query,156569248,5,0.8757,4.2
19,pgpad,9.133,query,156569248,5,0.8801,1.8
19,pgpad,9.387,query,156569248,5,0.8827,1.0
19,pgpad,9.641,query,156552864,5,0.8847,0.8
19,pgpad,9.896,query,156552864,5,0.8852,0.2
19,pgpad,10.151,query,156552864,5,0.8863,0.4
19,pgpad,10.404,query,156454560,5,0.8868,0.2
19,pgpad,10.659,query,230854328,5,0.9162,11.6
19,pgpad,10.910,query,287739696,5,1.0338,46.4
19,pgpad,11.161,query,287543088,5,1.0465,5.0
19,pgpad,11.413,query,287543088,5,1.0520,2.2
19,pgpad,11.668,query,286789424,5,1.0565,1.8
19,pgpad,11.923,query,288263984,5,1.0997,17.3
19,pgpad,12.178,query,244633968,6,1.1906,35.3
19,pgpad,12.433,query,260936096,6,1.2535,24.3
19,pgpad,12.689,query,260919712,6,1.2563,1.1
19,pgpad,12.943,query,270045600,6,1.3120,21.9
19,pgpad,13.196,query,270045600,6,1.3145,1.0
19,pgpad,13.448,query,268554656,6,1.3314,6.7
19,pgpad,13.704,query,268571040,6,1.3606,11.4
19,pgpad,13.955,query,268505504,6,1.3670,2.5
19,pgpad,14.210,query,226906528,6,1.3682,0.5
19,pgpad,14.461,query,362303952,6,1.6597,115.4
19,pgpad,14.712,query,362140112,6,1.6619,0.9
19,pgpad,14.967,query,357405136,6,1.6755,5.3
19,pgpad,15.222,query,356045264,6,1.6778,0.9
19,pgpad,15.477,query,285430224,6,1.6878,3.9
19,pgpad,15.729,query,260084176,6,1.6933,2.2
19,pgpad,15.984,query,260067792,6,1.6946,0.5
19,pgpad,16.234,query,260084176,6,1.7055,4.4
19,pgpad,16.485,query,381096424,6,1.7903,33.6
19,pgpad,16.739,query,381440488,6,1.8111,8.2
19,pgpad,16.994,query,389829096,6,1.8875,30.3
19,pgpad,17.249,query,389943784,6,1.9236,14.1
19,pgpad,17.504,query,396579304,6,2.0099,33.8
19,pgpad,17.754,query,390844904,6,2.0261,6.5
19,pgpad,18.010,query,390795752,6,2.0325,2.5
19,pgpad,18.262,query,390894056,6,2.1168,34.3
19,pgpad,18.513,after-query,374493672,6,2.1264,3.8
19,pgpad,18.768,after-query,374510056,6,2.1306,1.7
19,pgpad,19.020,after-query,373953000,6,2.1336,1.2
19,pgpad,19.275,after-query,346558952,6,2.1373,1.5
19,pgpad,19.530,after-query,259707368,6,2.1399,1.0
19,pgpad,19.785,after-query,259707368,6,2.1408,0.4
19,pgpad,20.040,after-query,259690984,6,2.1415,0.3
19,pgpad,20.296,after-query,259690984,6,2.1422,0.3
19,pgpad,20.551,after-query,259576296,6,2.1433,0.5
19,pgpad,20.806,after-query,259576296,6,2.1436,0.1
19,pgpad,21.058,after-query,259625448,6,2.1505,2.7
19,pgpad,21.312,after-query,259625448,6,2.1510,0.2
19,pgpad,21.566,after-query,259625448,6,2.1521,0.4
19,pgpad,21.821,after-query,259625448,6,2.1528,0.3
19,pgpad,22.075,after-query,259625448,6,2.1537,0.3
19,pgpad,22.330,after-query,259625448,6,2.1543,0.3
19,pgpad,22.582,after-query,259494376,6,2.1548,0.2
19,pgpad,22.837,after-query,259412456,6,2.1552,0.2
19,pgpad,23.092,after-query,259396072,6,2.1556,0.1
19,pgpad,23.343,after-query,259396072,6,2.1556,0.0
20,dbgate,0.254,launch,10093504,1,0.1039,
20,dbgate,0.509,launch,53808224,3,0.3995,114.4
20,dbgate,0.764,launch,88034448,3,0.6092,82.1
20,dbgate,1.019,settle,176640728,4,0.9863,147.8
20,dbgate,1.272,settle,320527536,7,1.5312,214.4
20,dbgate,1.524,settle,626369512,8,2.4739,380.4
20,dbgate,1.779,settle,643147136,8,2.7695,114.1
20,dbgate,2.034,settle,643097984,8,2.8037,13.5
20,dbgate,2.289,settle,643638656,8,2.8703,26.1
20,dbgate,2.544,settle,643655040,8,2.8932,8.8
20,dbgate,2.796,settle,633513344,8,2.9066,5.4
20,dbgate,3.051,settle,633546112,8,2.9263,7.7
20,dbgate,3.309,settle,633660800,8,2.9539,10.8
20,dbgate,3.564,settle,629073280,8,2.9678,5.5
20,dbgate,3.819,settle,619095424,8,2.9803,4.8
20,dbgate,4.075,settle,608118120,8,3.0058,10.0
20,dbgate,4.330,settle,608118120,8,3.0199,5.5
20,dbgate,4.581,settle,608118120,8,3.0371,6.9
20,dbgate,4.833,settle,608134504,8,3.0493,4.9
20,dbgate,5.086,settle,608134504,8,3.0669,6.9
20,dbgate,5.339,settle,608134504,8,3.0818,5.9
20,dbgate,5.594,settle,608118120,8,3.0971,6.0
20,dbgate,5.850,settle,608118120,8,3.1126,6.1
20,dbgate,6.104,query,608052584,8,3.1242,4.7
20,dbgate,6.355,query,563504488,8,3.1441,7.8
20,dbgate,6.607,query,563488104,8,3.1585,5.6
20,dbgate,6.862,query,518907240,8,3.1727,5.7
20,dbgate,7.118,query,518890856,8,3.1880,5.8
20,dbgate,7.373,query,487368040,8,3.2061,7.1
20,dbgate,7.628,query,487368040,8,3.2219,6.3
20,dbgate,7.881,query,487400808,8,3.2370,5.8
20,dbgate,8.136,query,487384424,8,3.2509,5.4
20,dbgate,8.391,query,487417192,8,3.2675,6.5
20,dbgate,8.643,query,487400808,8,3.2777,4.2
20,dbgate,8.898,query,487433576,8,3.2902,4.8
20,dbgate,9.153,query,487384448,8,3.3053,6.0
20,dbgate,9.408,query,487466368,8,3.3180,5.0
20,dbgate,9.660,query,487482752,8,3.3291,4.4
20,dbgate,9.915,query,487499136,8,3.3406,4.5
20,dbgate,10.170,query,487482752,8,3.3502,3.8
20,dbgate,10.425,query,487499136,8,3.3649,5.8
20,dbgate,10.678,query,487482752,8,3.3801,6.1
20,dbgate,10.933,query,487499136,8,3.3933,5.1
20,dbgate,11.186,query,487482752,8,3.4064,5.2
20,dbgate,11.441,query,487531904,8,3.4228,6.5
20,dbgate,11.693,query,487515520,8,3.4367,5.5
20,dbgate,11.948,query,547087744,8,3.4880,19.8
20,dbgate,12.203,query,609002880,8,3.5543,26.2
20,dbgate,12.458,query,609002880,8,3.5717,6.8
20,dbgate,12.713,query,609838464,8,3.6079,14.3
20,dbgate,12.968,query,610739776,9,3.6804,28.2
20,dbgate,13.219,query,665774640,9,3.9696,116.5
20,dbgate,13.474,query,728787624,9,4.2689,116.0
20,dbgate,13.729,query,729590440,9,4.3057,14.4
20,dbgate,13.984,query,729623208,9,4.3181,4.9
20,dbgate,14.239,query,754559680,9,4.6349,124.4
20,dbgate,14.493,query,759163608,9,4.8603,88.2
20,dbgate,14.748,query,763194072,9,5.1535,115.8
20,dbgate,15.002,query,765848280,9,5.3677,83.9
20,dbgate,15.255,query,771091184,9,5.6033,93.5
20,dbgate,15.509,query,777169672,9,5.8304,88.5
20,dbgate,15.766,query,781658888,9,6.0166,73.0
20,dbgate,16.017,query,786393864,9,6.1982,72.3
20,dbgate,16.272,query,793340680,9,6.3723,67.3
20,dbgate,16.526,query,798845704,9,6.5130,55.9
20,dbgate,16.780,query,802384648,9,6.6445,52.4
20,dbgate,17.034,query,804809480,9,6.7492,40.7
20,dbgate,17.285,query,808889096,9,6.9053,63.6
20,dbgate,17.539,query,813247240,9,7.0558,58.2
20,dbgate,17.793,query,815115016,9,7.1521,37.6
20,dbgate,18.048,query,795618056,9,7.3046,60.4
20,dbgate,18.303,query,795192096,9,7.5247,86.5
20,dbgate,18.555,query,708963104,9,7.6336,43.5
20,dbgate,18.809,query,711306016,9,7.7741,54.3
20,dbgate,19.060,query,711387936,9,7.9198,58.4
20,dbgate,19.313,query,711387936,9,7.9648,17.9
20,dbgate,19.569,after-query,699853600,9,7.9815,6.4
20,dbgate,19.822,after-query,699165472,9,8.0001,7.4
20,dbgate,20.076,after-query,699181856,9,8.0161,6.3
20,dbgate,20.332,after-query,693922592,9,8.0296,5.3
20,dbgate,20.585,after-query,693922592,9,8.0453,6.2
20,dbgate,20.840,after-query,683617008,9,8.0648,7.6
20,dbgate,21.095,after-query,673802992,9,8.0834,7.3
20,dbgate,21.351,after-query,673868528,9,8.1023,7.4
20,dbgate,21.606,after-query,671836912,9,8.1237,8.5
20,dbgate,21.861,after-query,671738608,9,8.1386,5.8
20,dbgate,22.116,after-query,671722224,9,8.1556,6.6
20,dbgate,22.369,after-query,671705840,9,8.1694,5.4
20,dbgate,22.625,after-query,671722224,9,8.1868,6.8
20,dbgate,22.875,after-query,671705840,9,8.1992,5.0
20,dbgate,23.127,after-query,671689456,9,8.2157,6.6
20,dbgate,23.381,after-query,671705840,9,8.2288,5.2
20,dbgate,23.636,after-query,671722224,9,8.2421,5.2
20,dbgate,23.891,after-query,671705840,9,8.2540,4.6
20,pgpad,0.253,launch,18777144,2,0.1365,
20,pgpad,0.508,settle,47696392,4,0.3908,98.1
20,pgpad,0.759,settle,49531520,4,0.4825,36.7
20,pgpad,1.014,settle,230002264,5,0.7959,122.3
20,pgpad,1.269,settle,229854808,5,0.7978,0.7
20,pgpad,1.523,settle,225971800,5,0.8056,3.1
20,pgpad,1.778,settle,221367896,5,0.8362,11.8
20,pgpad,2.033,settle,220761688,5,0.8418,2.2
20,pgpad,2.284,settle,157634136,5,0.8456,1.5
20,pgpad,2.539,settle,156683864,5,0.8472,0.7
20,pgpad,2.794,settle,156520024,5,0.8484,0.5
20,pgpad,3.047,settle,156487256,5,0.8492,0.3
20,pgpad,3.302,settle,156175960,5,0.8501,0.3
20,pgpad,3.557,settle,156126808,5,0.8507,0.3
20,pgpad,3.812,settle,156126808,5,0.8511,0.1
20,pgpad,4.063,settle,156126808,5,0.8515,0.2
20,pgpad,4.317,settle,156126808,5,0.8519,0.1
20,pgpad,4.572,settle,156126808,5,0.8522,0.1
20,pgpad,4.827,settle,156126808,5,0.8522,0.0
20,pgpad,5.082,settle,156126808,5,0.8522,0.0
20,pgpad,5.337,settle,156044888,5,0.8532,0.4
20,pgpad,5.593,query,155995736,5,0.8588,2.2
20,pgpad,5.848,query,155995736,5,0.8590,0.1
20,pgpad,6.103,query,155962968,5,0.8595,0.2
20,pgpad,6.358,query,155799128,5,0.8599,0.2
20,pgpad,6.610,query,155799128,5,0.8601,0.1
20,pgpad,6.865,query,155700824,5,0.8607,0.2
20,pgpad,7.120,query,155700824,5,0.8611,0.2
20,pgpad,7.375,query,155586136,5,0.8616,0.2
20,pgpad,7.631,query,155487832,5,0.8621,0.2
20,pgpad,7.886,query,155487832,5,0.8621,0.0
20,pgpad,8.137,query,155487832,5,0.8621,0.0
20,pgpad,8.392,query,155487832,5,0.8621,0.0
20,pgpad,8.647,query,155487832,5,0.8622,0.0
20,pgpad,8.900,query,155487832,5,0.8720,3.9
20,pgpad,9.155,query,155487832,5,0.8770,2.0
20,pgpad,9.410,query,155487832,5,0.8775,0.2
20,pgpad,9.664,query,155487832,5,0.8786,0.4
20,pgpad,9.919,query,155487832,5,0.8790,0.1
20,pgpad,10.174,query,155487832,5,0.8796,0.3
20,pgpad,10.427,query,155487832,5,0.8798,0.1
20,pgpad,10.682,query,226643568,5,0.9168,14.6
20,pgpad,10.937,query,280891088,5,1.0168,38.9
20,pgpad,11.192,query,280645328,5,1.0208,1.6
20,pgpad,11.447,query,280612560,5,1.0246,1.5
20,pgpad,11.702,query,280137424,5,1.0264,0.7
20,pgpad,11.956,query,241716968,5,1.0920,26.5
20,pgpad,12.211,query,252186944,6,1.2153,47.7
20,pgpad,12.466,query,265703744,6,1.2426,10.6
20,pgpad,12.721,query,266883392,6,1.2683,10.1
20,pgpad,12.977,query,271765824,6,1.3038,13.9
20,pgpad,13.232,query,271749440,6,1.3065,1.1
20,pgpad,13.487,query,270799168,6,1.3345,10.8
20,pgpad,13.741,query,270897472,6,1.3556,8.4
20,pgpad,13.996,query,229364032,6,1.3603,1.8
20,pgpad,14.248,query,321818992,6,1.5924,93.2
20,pgpad,14.503,query,363041160,6,1.6369,17.5
20,pgpad,14.756,query,347771272,6,1.6388,0.8
20,pgpad,15.012,query,347165064,6,1.6496,4.2
20,pgpad,15.267,query,343200136,6,1.6515,0.8
20,pgpad,15.519,query,272454024,6,1.6612,3.9
20,pgpad,15.774,query,256987528,6,1.6651,1.5
20,pgpad,16.029,query,257020296,6,1.6780,5.0
20,pgpad,16.284,query,342626696,6,1.7225,17.5
20,pgpad,16.535,query,382783904,6,1.7943,28.6
20,pgpad,16.790,query,382996896,6,1.8178,9.4
20,pgpad,17.042,query,383635872,6,1.8802,24.7
20,pgpad,17.297,query,383701408,6,1.9032,9.0
20,pgpad,17.552,query,382030240,6,1.9717,26.5
20,pgpad,17.807,query,381817248,6,1.9750,1.3
20,pgpad,18.060,query,401379744,6,2.0329,23.0
20,pgpad,18.315,after-query,381063584,6,2.0823,19.6
20,pgpad,18.567,after-query,381030816,6,2.0870,1.8
20,pgpad,18.823,after-query,380883360,6,2.0897,1.0
20,pgpad,19.079,after-query,380883360,6,2.0918,0.8
20,pgpad,19.334,after-query,334926240,6,2.0942,1.0
20,pgpad,19.585,after-query,256479648,6,2.0955,0.5
20,pgpad,19.840,after-query,256463264,6,2.0961,0.3
20,pgpad,20.093,after-query,256463264,6,2.0969,0.3
20,pgpad,20.347,after-query,256348576,6,2.0974,0.2
20,pgpad,20.597,after-query,256348576,6,2.0976,0.1
20,pgpad,20.852,after-query,256250272,6,2.0980,0.2
20,pgpad,21.106,after-query,256315808,6,2.1023,1.7
20,pgpad,21.362,after-query,256315808,6,2.1029,0.2
20,pgpad,21.617,after-query,256266656,6,2.1034,0.2
20,pgpad,21.872,after-query,256266680,6,2.1051,0.7
20,pgpad,22.127,after-query,256266680,6,2.1057,0.2
20,pgpad,22.378,after-query,256266680,6,2.1063,0.2
20,pgpad,22.633,after-query,256266680,6,2.1063,0.0
20,pgpad,22.888,after-query,256266680,6,2.1063,0.0
20,pgpad,23.143,after-query,256266680,6,2.1063,0.0
20,pgpad,23.396,after-query,256217528,6,2.1067,0.2
20,dbeaver,0.255,launch,19415952,1,0.1055,
20,dbeaver,0.510,launch,63751152,1,0.5208,161.3
20,dbeaver,0.765,launch,107349048,1,1.1185,233.1
20,dbeaver,1.020,launch,138167400,1,1.6698,216.8
20,dbeaver,1.276,launch,158041216,1,2.2905,243.0
20,dbeaver,1.531,launch,177735024,1,2.9181,246.2
20,dbeaver,1.784,launch,222184888,1,3.7223,317.3
20,dbeaver,2.039,launch,252675536,1,4.1597,171.2
20,dbeaver,2.294,launch,266126800,1,4.8051,254.1
20,dbeaver,2.549,launch,279234000,1,5.6563,332.0
20,dbeaver,2.804,launch,294372816,1,6.5959,368.9
20,dbeaver,3.059,launch,311215592,1,7.3720,304.5
20,dbeaver,3.314,launch,320783968,1,8.0524,267.1
20,dbeaver,3.569,launch,473024528,1,8.7517,273.0
20,dbeaver,3.821,settle,845761176,2,9.6113,342.1
20,dbeaver,4.076,settle,953944752,2,10.3675,294.6
20,dbeaver,4.329,settle,999508632,2,10.5716,81.1
20,dbeaver,4.582,settle,1058343600,2,11.3812,321.1
20,dbeaver,4.833,settle,1115278000,2,11.4301,19.6
20,dbeaver,5.088,settle,1034734256,2,11.4617,12.1
20,dbeaver,5.344,settle,880872112,2,11.4824,8.1
20,dbeaver,5.599,settle,840911536,2,11.4957,5.2
20,dbeaver,5.850,settle,840288944,2,11.5105,6.0
20,dbeaver,6.105,settle,715541168,2,11.5190,3.3
20,dbeaver,6.358,settle,715557552,2,11.5356,6.5
20,dbeaver,6.612,settle,715557552,2,11.5435,3.2
20,dbeaver,6.863,settle,715557552,2,11.5597,6.4
20,dbeaver,7.118,settle,715557552,2,11.5671,2.9
20,dbeaver,7.370,settle,715573936,2,11.5784,4.5
20,dbeaver,7.625,settle,715573936,2,11.5886,4.0
20,dbeaver,7.880,settle,715573936,2,11.5987,4.0
20,dbeaver,8.135,settle,715573936,2,11.6084,3.8
20,dbeaver,8.390,settle,715557552,2,11.6188,4.1
20,dbeaver,8.646,settle,715393712,2,11.6299,4.3
20,dbeaver,8.896,query,715295408,2,11.6379,3.3
20,dbeaver,9.152,query,715279024,2,11.6504,4.8
20,dbeaver,9.407,query,715164360,2,11.6633,5.1
20,dbeaver,9.662,query,715164360,2,11.6729,3.8
20,dbeaver,9.917,query,715164360,2,11.6803,2.8
20,dbeaver,10.170,query,715164360,2,11.6873,2.8
20,dbeaver,10.425,query,715164360,2,11.6989,4.6
20,dbeaver,10.680,query,715164360,2,11.7042,2.1
20,dbeaver,10.935,query,715180744,2,11.7195,6.0
20,dbeaver,11.190,query,715180744,2,11.7270,2.9
20,dbeaver,11.441,query,715475656,2,11.7528,10.4
20,dbeaver,11.697,query,715492040,2,11.7647,4.7
20,dbeaver,11.952,query,715492040,2,11.7772,5.0
20,dbeaver,12.207,query,715508424,2,11.7826,2.1
20,dbeaver,12.457,query,715508424,2,11.7881,2.2
20,dbeaver,12.708,query,715524808,2,11.7958,3.1
20,dbeaver,12.963,query,677694152,2,11.8037,3.1
20,dbeaver,13.216,query,715541192,2,11.8152,4.5
20,dbeaver,13.471,query,715541192,2,11.8186,1.4
20,dbeaver,13.725,query,715541192,2,11.8251,2.6
20,dbeaver,13.975,query,715590320,2,11.8563,12.3
20,dbeaver,14.230,query,716655280,2,11.9267,27.7
20,dbeaver,14.483,query,716622512,2,11.9587,12.6
20,dbeaver,14.738,query,754600624,2,12.0957,53.5
20,dbeaver,14.993,query,757549744,2,12.3000,79.5
20,dbeaver,15.249,query,757189296,2,12.3293,11.4
20,dbeaver,15.504,query,757189296,2,12.3525,9.1
20,dbeaver,15.759,query,757303984,2,12.3778,10.0
20,dbeaver,16.014,query,716311216,2,12.3906,5.0
20,dbeaver,16.270,query,716327600,2,12.3979,2.9
20,dbeaver,16.525,query,840862384,2,12.5903,76.5
20,dbeaver,16.780,query,907676336,2,13.4208,322.5
20,dbeaver,17.035,query,937216640,2,14.0139,233.4
20,dbeaver,17.290,query,925239960,2,14.2493,91.6
20,dbeaver,17.546,query,922864280,2,14.3776,50.1
20,dbeaver,17.801,query,921635480,2,14.4034,10.0
20,dbeaver,18.056,query,879463064,2,14.4279,9.7
20,dbeaver,18.311,query,747801264,2,14.5763,58.5
20,dbeaver,18.566,query,747883184,2,14.6094,13.0
20,dbeaver,18.821,query,759302832,2,14.7404,51.2
20,dbeaver,19.076,query,752175792,2,14.8292,35.1
20,dbeaver,19.330,query,752257712,2,14.9153,34.0
20,dbeaver,19.585,query,752388784,2,15.0040,34.2
20,dbeaver,19.840,query,752421552,2,15.1525,59.4
20,dbeaver,20.096,query,752569008,2,15.2760,47.8
20,dbeaver,20.351,query,752716464,2,15.4062,51.3
20,dbeaver,20.604,query,750668464,2,15.4707,25.6
20,dbeaver,20.856,query,798476976,2,15.6044,53.0
20,dbeaver,21.110,query,871140016,2,15.7478,56.2
20,dbeaver,21.365,query,857819824,2,15.8337,33.5
20,dbeaver,21.620,query,853641904,2,15.8973,24.6
20,dbeaver,21.875,query,853691056,2,15.9595,24.6
20,dbeaver,22.130,query,744884912,2,16.0331,29.3
20,dbeaver,22.381,after-query,744884912,2,16.0418,3.5
20,dbeaver,22.636,after-query,744934064,2,16.0602,7.0
20,dbeaver,22.891,after-query,742476464,2,16.0670,2.7
20,dbeaver,23.146,after-query,742476464,2,16.0719,1.9
20,dbeaver,23.401,after-query,731187888,2,16.0866,5.7
20,dbeaver,23.655,after-query,731187888,2,16.0936,2.8
20,dbeaver,23.910,after-query,731089584,2,16.0996,2.3
20,dbeaver,24.161,after-query,731089584,2,16.1053,2.3
20,dbeaver,24.413,after-query,731138736,2,16.1289,9.4
20,dbeaver,24.666,after-query,731138736,2,16.1370,3.2
20,dbeaver,24.921,after-query,731155120,2,16.1463,3.8
20,dbeaver,25.176,after-query,731155120,2,16.1511,1.8
20,dbeaver,25.431,after-query,731155120,2,16.1610,3.9
20,dbeaver,25.686,after-query,731007664,2,16.1700,3.6
20,dbeaver,25.942,after-query,730778288,2,16.1761,2.4
20,dbeaver,26.197,after-query,730811056,2,16.1858,3.8
20,dbeaver,26.452,after-query,730811056,2,16.1943,3.3
20,dbeaver,26.707,after-query,730811056,2,16.2154,8.4
20,pgadmin,0.255,launch,9880512,1,0.1055,
20,pgadmin,0.510,launch,41273336,3,0.3216,83.3
20,pgadmin,0.765,launch,141677728,5,0.7721,176.5
20,pgadmin,1.019,launch,156767440,5,1.0013,90.9
20,pgadmin,1.274,launch,167122128,5,1.2255,87.6
20,pgadmin,1.529,launch,177755368,5,1.4577,91.0
20,pgadmin,1.783,launch,191763712,5,1.6775,86.6
20,pgadmin,2.038,launch,205083904,5,1.9166,93.9
20,pgadmin,2.293,launch,217470208,5,2.1501,91.7
20,pgadmin,2.543,launch,226563352,5,2.3796,92.8
20,pgadmin,2.799,launch,249206496,6,2.8076,165.4
20,pgadmin,3.054,launch,235754824,5,2.8311,86.8
20,pgadmin,3.309,launch,243160392,5,3.0716,94.6
20,pgadmin,3.564,launch,252859720,5,3.3206,97.6
20,pgadmin,3.819,launch,262952408,6,3.5596,93.5
20,pgadmin,4.074,launch,263411016,5,3.6078,19.2
20,pgadmin,4.329,launch,266737160,6,3.6757,26.8
20,pgadmin,4.584,settle,430265936,5,4.1179,209.1
20,pgadmin,4.835,settle,455431832,5,4.4218,122.3
20,pgadmin,5.086,settle,509695688,5,4.8246,160.6
20,pgadmin,5.341,settle,736860232,5,5.3435,202.3
20,pgadmin,5.592,settle,694294720,5,5.6438,120.1
20,pgadmin,5.847,settle,718706976,5,5.9441,115.8
20,pgadmin,6.102,settle,784144672,5,6.1265,71.9
20,pgadmin,6.357,settle,786438792,6,6.2007,29.6
20,pgadmin,6.609,settle,795351976,6,6.3236,48.1
20,pgadmin,6.864,settle,787667880,6,6.3552,12.3
20,pgadmin,7.120,settle,786062248,6,6.3879,13.0
20,pgadmin,7.372,settle,772660136,6,6.4272,15.3
20,pgadmin,7.625,settle,748395432,6,6.4655,15.3
20,pgadmin,7.881,settle,748444584,6,6.4998,13.3
20,pgadmin,8.132,settle,748837800,6,6.5686,27.8
20,pgadmin,8.385,settle,748903336,6,6.5971,11.2
20,pgadmin,8.640,settle,749018024,6,6.6406,17.0
20,pgadmin,8.895,settle,749083560,6,6.6743,13.1
20,pgadmin,9.150,settle,749181864,6,6.7036,11.6
20,pgadmin,9.405,settle,749247400,6,6.7323,11.5
20,pgadmin,9.660,query,749345704,6,6.7545,8.7
20,pgadmin,9.912,query,749689768,6,6.8106,21.8
20,pgadmin,10.163,query,751885224,6,6.8609,19.9
20,pgadmin,10.419,query,752032680,6,6.8897,11.3
20,pgadmin,10.674,query,752147368,6,6.9188,11.7
20,pgadmin,10.924,query,689462184,6,6.9552,14.4
20,pgadmin,11.180,query,626744232,6,6.9962,15.9
20,pgadmin,11.435,query,626875304,6,7.0196,9.1
20,pgadmin,11.690,query,626973608,6,7.0537,13.4
20,pgadmin,11.945,query,627252136,6,7.1117,22.8
20,pgadmin,12.197,query,627415976,6,7.1422,12.0
20,pgadmin,12.452,query,627563432,6,7.1668,9.7
20,pgadmin,12.705,query,627727272,6,7.1905,9.4
20,pgadmin,12.960,query,627874728,6,7.2110,8.0
20,pgadmin,13.213,query,628005800,6,7.2337,8.9
20,pgadmin,13.468,query,628169640,6,7.2619,10.9
20,pgadmin,13.723,query,628300712,6,7.2900,11.3
20,pgadmin,13.974,query,629758888,6,7.3341,17.5
20,pgadmin,14.229,query,629889960,6,7.3564,8.7
20,pgadmin,14.484,query,630053800,6,7.3769,8.1
20,pgadmin,14.739,query,630217640,6,7.4017,9.7
20,pgadmin,14.993,query,630315944,6,7.4213,7.8
20,pgadmin,15.248,query,630463400,6,7.4434,8.7
20,pgadmin,15.501,query,630610856,6,7.4664,9.1
20,pgadmin,15.756,query,695032768,6,7.5795,44.5
20,pgadmin,16.009,query,743496616,6,8.0115,167.8
20,pgadmin,16.265,query,744135568,6,8.0573,17.8
20,pgadmin,16.515,query,744151952,6,8.0815,9.8
20,pgadmin,16.770,query,744151952,6,8.1020,8.0
20,pgadmin,17.022,query,744201104,6,8.1199,7.2
20,pgadmin,17.277,query,739892112,6,8.1386,7.2
20,pgadmin,17.532,query,819927976,6,8.3699,91.8
20,pgadmin,17.787,query,824679336,6,8.5616,75.1
20,pgadmin,18.038,query,833313728,6,8.7227,64.4
20,pgadmin,18.293,query,836344768,6,8.8262,39.8
20,pgadmin,18.545,query,853171184,6,9.0187,77.8
20,pgadmin,18.797,query,859380720,6,9.1638,57.5
20,pgadmin,19.052,query,862002160,6,9.2323,26.5
20,pgadmin,19.305,query,877091824,6,9.4539,88.3
20,pgadmin,19.559,query,885021680,6,9.5833,50.9
20,pgadmin,19.812,query,896998384,6,9.7571,69.1
20,pgadmin,20.067,query,903617520,6,9.9071,58.1
20,pgadmin,20.321,query,911973384,6,10.0084,39.9
20,pgadmin,20.576,query,916986888,6,10.4564,178.0
20,pgadmin,20.830,query,912301064,6,10.6353,70.0
20,pgadmin,21.084,query,908106760,6,10.8053,66.8
20,pgadmin,21.338,query,909450248,6,10.9179,44.7
20,pgadmin,21.592,query,909532168,6,11.1037,72.5
20,pgadmin,21.848,query,909646856,6,11.1876,33.1
20,pgadmin,22.101,query,909990920,6,11.3769,74.3
20,pgadmin,22.356,query,910760968,6,11.5187,55.4
20,pgadmin,22.610,query,896556040,6,11.6059,34.9
20,pgadmin,22.864,query,889347080,6,11.6277,8.6
20,pgadmin,23.115,after-query,889347080,6,11.6458,7.2
20,pgadmin,23.368,after-query,889347080,6,11.6677,8.6
20,pgadmin,23.623,after-query,884612104,6,11.6918,9.5
20,pgadmin,23.878,after-query,856792024,6,11.7491,22.6
20,pgadmin,24.132,after-query,856792024,6,11.7722,9.0
20,pgadmin,24.387,after-query,856792024,6,11.7951,9.0
20,pgadmin,24.639,after-query,856824792,6,11.8199,9.8
20,pgadmin,24.893,after-query,855219160,6,11.8409,8.2
20,pgadmin,25.148,after-query,855219160,6,11.8629,8.7
20,pgadmin,25.399,after-query,855219160,6,11.8829,8.0
20,pgadmin,25.654,after-query,855235544,6,11.9067,9.3
20,pgadmin,25.909,after-query,855350232,6,11.9518,17.7
20,pgadmin,26.164,after-query,831527896,6,11.9735,8.5
20,pgadmin,26.419,after-query,831527896,6,11.9958,8.9
20,pgadmin,26.675,after-query,831478744,6,12.0187,8.8
20,pgadmin,26.928,after-query,831478744,6,12.0422,9.5
20,pgadmin,27.183,after-query,831478744,6,12.0625,7.8
20,pgadmin,27.439,after-query,831478744,6,12.0853,9.1
21,dbgate,0.255,launch,11289632,1,0.1046,
21,dbgate,0.510,launch,54299696,3,0.4013,115.0
21,dbgate,0.765,launch,86576248,3,0.5953,75.9
21,dbgate,1.020,settle,177296064,4,0.9753,149.1
21,dbgate,1.274,settle,306141472,7,1.4684,194.4
21,dbgate,1.525,settle,593929312,8,2.4499,390.1
21,dbgate,1.778,settle,612083096,8,2.7626,122.8
21,dbgate,2.034,settle,612378008,8,2.8202,22.3
21,dbgate,2.289,settle,612705688,8,2.8763,22.0
21,dbgate,2.543,settle,609527192,8,2.9477,28.4
21,dbgate,2.798,settle,600925592,8,2.9643,6.4
21,dbgate,3.053,settle,600958360,8,2.9826,7.3
21,dbgate,3.308,settle,600941976,8,2.9937,4.3
21,dbgate,3.563,settle,600941976,8,3.0123,7.3
21,dbgate,3.816,settle,586360216,8,3.0234,4.4
21,dbgate,4.070,settle,575087976,8,3.0448,8.4
21,dbgate,4.325,settle,575071592,8,3.0563,4.6
21,dbgate,4.581,settle,575087976,8,3.0743,7.0
21,dbgate,4.835,settle,575087976,8,3.0848,4.1
21,dbgate,5.090,settle,575104360,8,3.1056,8.1
21,dbgate,5.346,settle,575087976,8,3.1158,4.1
21,dbgate,5.599,settle,575038824,8,3.1332,6.7
21,dbgate,5.855,settle,575071592,8,3.1496,6.4
21,dbgate,6.107,query,575022440,8,3.1621,5.1
21,dbgate,6.363,query,537994600,8,3.1838,8.3
21,dbgate,6.618,query,537765224,8,3.2013,6.8
21,dbgate,6.873,query,515450216,8,3.2210,7.7
21,dbgate,7.129,query,515417448,8,3.2360,5.9
21,dbgate,7.383,query,515450216,8,3.2491,5.3
21,dbgate,7.638,query,483911016,8,3.2671,6.9
21,dbgate,7.893,query,483927400,8,3.2819,5.8
21,dbgate,8.148,query,483911016,8,3.2951,5.2
21,dbgate,8.403,query,483927400,8,3.3111,6.2
21,dbgate,8.659,query,483911016,8,3.3255,5.6
21,dbgate,8.914,query,483927400,8,3.3401,5.7
21,dbgate,9.166,query,483911016,8,3.3534,5.4
21,dbgate,9.420,query,484025704,8,3.3664,5.2
21,dbgate,9.675,query,484009320,8,3.3767,4.0
21,dbgate,9.928,query,484025704,8,3.3876,4.3
21,dbgate,10.182,query,484009320,8,3.3996,4.8
21,dbgate,10.437,query,484025704,8,3.4111,4.5
21,dbgate,10.692,query,484009320,8,3.4224,4.4
21,dbgate,10.947,query,484025704,8,3.4359,5.3
21,dbgate,11.201,query,484009344,8,3.4505,5.7
21,dbgate,11.455,query,484058496,8,3.4657,6.1
21,dbgate,11.710,query,484042112,8,3.4785,5.0
21,dbgate,11.962,query,546858392,8,3.5318,20.7
21,dbgate,12.217,query,603547032,8,3.5935,24.3
21,dbgate,12.472,query,603547032,8,3.6110,6.8
21,dbgate,12.728,query,604317080,8,3.6462,13.8
21,dbgate,12.979,query,605218392,9,3.7156,28.0
21,dbgate,13.234,query,668625432,9,4.0126,117.2
21,dbgate,13.487,query,738028176,9,4.3123,117.3
21,dbgate,13.742,query,737929872,9,4.3468,13.5
21,dbgate,13.997,query,737946256,9,4.3619,5.9
21,dbgate,14.252,query,760375976,9,4.6790,126.5
21,dbgate,14.507,query,761653952,9,4.9155,93.5
21,dbgate,14.762,query,785754816,9,5.2156,116.8
21,dbgate,15.017,query,788916928,9,5.4271,83.4
21,dbgate,15.268,query,791816920,9,5.6544,89.6
21,dbgate,15.523,query,798518000,9,5.8926,92.9
21,dbgate,15.778,query,802482928,9,6.0605,66.1
21,dbgate,16.034,query,806202096,9,6.2429,71.6
21,dbgate,16.287,query,810789616,9,6.4103,66.3
21,dbgate,16.538,query,817949424,9,6.5550,57.4
21,dbgate,16.793,query,821521136,9,6.6932,54.1
21,dbgate,17.044,query,823339760,9,6.7933,39.8
21,dbgate,17.298,query,820095728,9,6.9547,63.9
21,dbgate,17.551,query,823798512,9,7.1235,66.9
21,dbgate,17.805,query,825780976,9,7.2146,35.5
21,dbgate,18.057,query,804350704,9,7.3705,62.7
21,dbgate,18.308,query,807611144,9,7.5117,55.8
21,dbgate,18.562,query,720595720,9,7.6230,43.7
21,dbgate,18.816,query,724691720,9,7.7581,52.9
21,dbgate,19.071,query,730688264,9,7.9873,91.3
21,dbgate,19.323,query,725740296,9,8.0362,19.2
21,dbgate,19.576,after-query,725740296,9,8.0516,6.2
21,dbgate,19.828,after-query,724724488,9,8.0702,7.3
21,dbgate,20.084,after-query,724740872,9,8.0869,6.5
21,dbgate,20.339,after-query,724724488,9,8.1019,5.9
21,dbgate,20.591,after-query,720530184,9,8.1171,6.1
21,dbgate,20.847,after-query,709929688,9,8.1381,8.2
21,dbgate,21.102,after-query,700132056,9,8.1544,6.4
21,dbgate,21.357,after-query,700197592,9,8.1670,4.9
21,dbgate,21.611,after-query,686910168,9,8.1894,8.7
21,dbgate,21.863,after-query,686910168,9,8.2016,5.0
21,dbgate,22.118,after-query,686893784,9,8.2184,6.6
21,dbgate,22.373,after-query,686877400,9,8.2324,5.5
21,dbgate,22.626,after-query,686893784,9,8.2488,6.6
21,dbgate,22.879,after-query,686877400,9,8.2635,5.8
21,dbgate,23.134,after-query,686861016,9,8.2806,6.9
21,dbgate,23.389,after-query,686877400,9,8.2935,4.9
21,dbgate,23.645,after-query,686893784,9,8.3115,7.0
21,dbgate,23.900,after-query,686877400,9,8.3255,5.4
21,pgadmin,0.254,launch,29164936,1,0.1589,
21,pgadmin,0.505,launch,106075248,5,0.6103,177.2
21,pgadmin,0.760,launch,159339728,5,0.9020,114.6
21,pgadmin,1.015,launch,170513616,5,1.1397,93.3
21,pgadmin,1.270,launch,181310672,5,1.3706,90.4
21,pgadmin,1.526,launch,195581160,5,1.6014,90.4
21,pgadmin,1.781,launch,201823464,5,1.8395,93.3
21,pgadmin,2.032,launch,213521664,5,2.0702,93.0
21,pgadmin,2.287,launch,222811416,5,2.3135,93.8
21,pgadmin,2.540,launch,249779936,6,2.7383,169.0
21,pgadmin,2.794,launch,239539504,5,2.7775,91.5
21,pgadmin,3.049,launch,246961480,5,3.0197,94.9
21,pgadmin,3.304,launch,256955720,5,3.2696,98.0
21,pgadmin,3.559,launch,266507736,6,3.5022,91.3
21,pgadmin,3.814,launch,266982728,5,3.5503,19.0
21,pgadmin,4.065,launch,269440328,5,3.5916,16.7
21,pgadmin,4.320,settle,355259936,5,3.9710,180.5
21,pgadmin,4.571,settle,470734416,5,4.3164,136.9
21,pgadmin,4.826,settle,496653976,5,4.6991,150.8
21,pgadmin,5.081,settle,691148752,5,5.2531,216.4
21,pgadmin,5.334,settle,685004896,5,5.5484,116.3
21,pgadmin,5.589,settle,698308752,5,5.8160,105.2
21,pgadmin,5.844,settle,780589296,5,6.0311,83.0
21,pgadmin,6.099,settle,781801856,6,6.1126,32.3
21,pgadmin,6.354,settle,791960392,6,6.2281,45.4
21,pgadmin,6.610,settle,792091464,6,6.2584,12.0
21,pgadmin,6.865,settle,790141768,6,6.2821,9.2
21,pgadmin,7.119,settle,788028232,6,6.3159,13.2
21,pgadmin,7.374,settle,757766984,6,6.3496,13.3
21,pgadmin,7.628,settle,757848904,6,6.3783,11.3
21,pgadmin,7.883,settle,758127432,6,6.4428,25.3
21,pgadmin,8.135,settle,758176584,6,6.4716,11.7
21,pgadmin,8.386,settle,758291272,6,6.5113,15.5
21,pgadmin,8.638,settle,758356808,6,6.5398,11.5
21,pgadmin,8.891,settle,758455112,6,6.5698,11.6
21,pgadmin,9.146,settle,758537032,6,6.5952,10.2
21,pgadmin,9.397,query,758602568,6,6.6189,9.5
21,pgadmin,9.649,query,758717256,6,6.6532,13.4
21,pgadmin,9.904,query,760945480,6,6.7260,28.3
21,pgadmin,10.159,query,761043784,6,6.7560,11.7
21,pgadmin,10.413,query,761240392,6,6.7876,12.6
21,pgadmin,10.668,query,761371464,6,6.8166,11.4
21,pgadmin,10.923,query,623500104,6,6.8573,16.0
21,pgadmin,11.178,query,623516488,6,6.8860,11.2
21,pgadmin,11.433,query,623680328,6,6.9215,13.9
21,pgadmin,11.685,query,623942496,6,6.9822,24.1
21,pgadmin,11.940,query,624171872,6,7.0079,10.2
21,pgadmin,12.195,query,624302944,6,7.0320,9.3
21,pgadmin,12.450,query,624434016,6,7.0593,11.0
21,pgadmin,12.702,query,624565088,6,7.0845,10.0
21,pgadmin,12.953,query,624728928,6,7.1086,9.5
21,pgadmin,13.209,query,624876384,6,7.1332,9.7
21,pgadmin,13.464,query,625007456,6,7.1610,10.9
21,pgadmin,13.719,query,626776928,6,7.2145,21.0
21,pgadmin,13.969,query,626908000,6,7.2409,10.5
21,pgadmin,14.224,query,627039072,6,7.2601,7.6
21,pgadmin,14.478,query,627219296,6,7.2846,9.7
21,pgadmin,14.733,query,627383136,6,7.3064,8.5
21,pgadmin,14.988,query,627530592,6,7.3349,11.2
21,pgadmin,15.243,query,627678048,6,7.3574,8.8
21,pgadmin,15.494,query,649648992,6,7.3929,14.2
21,pgadmin,15.745,query,732601184,6,7.8905,196.0
21,pgadmin,16.001,query,733338464,6,7.9352,17.3
21,pgadmin,16.256,query,733338464,6,7.9589,9.3
21,pgadmin,16.511,query,733338464,6,7.9792,8.1
21,pgadmin,16.767,query,731274080,6,8.0016,8.7
21,pgadmin,17.022,query,729062240,6,8.0229,8.3
21,pgadmin,17.277,query,791337824,6,8.1749,60.7
21,pgadmin,17.531,query,795466616,6,8.3899,82.8
21,pgadmin,17.785,query,796351352,6,8.4930,41.5
21,pgadmin,18.040,query,805198712,6,8.6463,59.3
21,pgadmin,18.294,query,817535864,6,8.8212,68.6
21,pgadmin,18.545,query,826956664,6,8.9646,57.6
21,pgadmin,18.800,query,837213072,6,9.0629,37.9
21,pgadmin,19.054,query,849304488,6,9.2592,79.2
21,pgadmin,19.309,query,863427496,6,9.4169,61.2
21,pgadmin,19.561,query,867785640,6,9.5343,46.8
21,pgadmin,19.816,query,886971304,6,9.7233,73.9
21,pgadmin,20.069,query,891198376,6,9.8334,43.5
21,pgadmin,20.321,query,900946880,6,9.9861,60.8
21,pgadmin,20.571,query,901716928,6,10.1421,62.2
21,pgadmin,20.824,query,916823000,6,10.3389,77.2
21,pgadmin,21.077,query,919641048,6,10.4219,32.8
21,pgadmin,21.331,query,925899736,6,10.6241,79.7
21,pgadmin,21.587,query,929176536,6,10.7056,31.9
21,pgadmin,21.842,query,938630104,6,10.8625,61.9
21,pgadmin,22.096,query,949722072,6,11.0435,72.1
21,pgadmin,22.351,query,951704536,6,11.1258,31.8
21,pgadmin,22.606,query,949853144,6,11.1576,12.4
21,pgadmin,22.860,after-query,949918680,6,11.1822,9.6
21,pgadmin,23.114,after-query,949984216,6,11.2044,8.8
21,pgadmin,23.370,after-query,950049752,6,11.2274,9.0
21,pgadmin,23.625,after-query,914168768,6,11.2536,10.3
21,pgadmin,23.878,after-query,914578368,6,11.3104,22.3
21,pgadmin,24.132,after-query,914643904,6,11.3323,8.9
21,pgadmin,24.382,after-query,908401600,6,11.3547,8.8
21,pgadmin,24.638,after-query,908483520,6,11.3730,7.1
21,pgadmin,24.890,after-query,908532672,6,11.3931,7.9
21,pgadmin,25.144,after-query,908598208,6,11.4127,7.7
21,pgadmin,25.395,after-query,908680128,6,11.4338,8.4
21,pgadmin,25.648,after-query,908762048,6,11.4600,10.4
21,pgadmin,25.903,after-query,909122496,6,11.5122,20.4
21,pgadmin,26.158,after-query,909188032,6,11.5353,9.1
21,pgadmin,26.411,after-query,909188032,6,11.5611,10.1
21,pgadmin,26.666,after-query,909237184,6,11.5816,8.1
21,pgadmin,26.922,after-query,909319104,6,11.6053,9.2
21,pgadmin,27.176,after-query,909401024,6,11.6293,9.4
21,pgpad,0.254,launch,17646552,1,0.1322,
21,pgpad,0.509,settle,47532624,4,0.3940,89.4
21,pgpad,0.763,settle,52464352,4,0.4871,36.7
21,pgpad,1.018,settle,235458208,5,0.7790,113.8
21,pgpad,1.271,settle,235015840,5,0.7808,0.7
21,pgpad,1.527,settle,228871840,5,0.7885,3.0
21,pgpad,1.782,settle,226201248,5,0.8104,8.6
21,pgpad,2.037,settle,225250976,5,0.8169,2.5
21,pgpad,2.292,settle,157666976,5,0.8211,1.6
21,pgpad,2.545,settle,157191840,5,0.8225,0.6
21,pgpad,2.800,settle,157077152,5,0.8235,0.4
21,pgpad,3.055,settle,156683936,5,0.8244,0.3
21,pgpad,3.305,settle,156683936,5,0.8250,0.2
21,pgpad,3.560,settle,156634784,5,0.8256,0.3
21,pgpad,3.815,settle,156634784,5,0.8259,0.1
21,pgpad,4.070,settle,156634784,5,0.8264,0.2
21,pgpad,4.322,settle,156634784,5,0.8267,0.1
21,pgpad,4.577,settle,156634784,5,0.8270,0.1
21,pgpad,4.833,settle,156634784,5,0.8270,0.0
21,pgpad,5.088,settle,156634784,5,0.8270,0.0
21,pgpad,5.343,settle,156520096,5,0.8275,0.2
21,pgpad,5.597,query,156470944,5,0.8334,2.3
21,pgpad,5.853,query,156470944,5,0.8336,0.1
21,pgpad,6.108,query,156389024,5,0.8341,0.2
21,pgpad,6.363,query,156323488,5,0.8343,0.1
21,pgpad,6.618,query,156323488,5,0.8347,0.2
21,pgpad,6.872,query,156274336,5,0.8350,0.1
21,pgpad,7.127,query,156274336,5,0.8351,0.0
21,pgpad,7.383,query,156176032,5,0.8352,0.0
21,pgpad,7.637,query,156176032,5,0.8352,0.0
21,pgpad,7.892,query,156176032,5,0.8352,0.0
21,pgpad,8.142,query,156176032,5,0.8352,0.0
21,pgpad,8.393,query,156176032,5,0.8353,0.0
21,pgpad,8.648,query,156176032,5,0.8353,0.0
21,pgpad,8.903,query,156126880,5,0.8449,3.9
21,pgpad,9.158,query,156126880,5,0.8489,1.6
21,pgpad,9.412,query,156126880,5,0.8504,0.6
21,pgpad,9.665,query,156126880,5,0.8513,0.4
21,pgpad,9.920,query,156126880,5,0.8516,0.1
21,pgpad,10.175,query,156126880,5,0.8522,0.2
21,pgpad,10.430,query,156126880,5,0.8524,0.1
21,pgpad,10.680,query,239963832,5,0.8803,11.1
21,pgpad,10.936,query,293261080,5,1.0042,47.7
21,pgpad,11.189,query,292933400,5,1.0074,1.3
21,pgpad,11.444,query,292900632,5,1.0126,2.0
21,pgpad,11.698,query,292736792,5,1.0159,1.3
21,pgpad,11.953,query,233836312,5,1.0544,15.3
21,pgpad,12.208,query,241815920,6,1.1663,43.8
21,pgpad,12.463,query,257888624,6,1.2265,23.6
21,pgpad,12.718,query,257855856,6,1.2291,1.0
21,pgpad,12.972,query,255316336,6,1.2698,15.8
21,pgpad,13.228,query,255299952,6,1.2728,1.2
21,pgpad,13.481,query,254316912,6,1.2920,7.7
21,pgpad,13.736,query,254480752,6,1.3144,8.8
21,pgpad,13.990,query,212832624,6,1.3184,1.6
21,pgpad,14.245,query,212783472,6,1.3220,1.4
21,pgpad,14.500,query,359371216,6,1.6308,119.9
21,pgpad,14.752,query,359240144,6,1.6337,1.2
21,pgpad,15.008,query,356340176,6,1.6472,5.2
21,pgpad,15.260,query,356192720,6,1.6497,1.0
21,pgpad,15.515,query,283283920,6,1.6641,5.7
21,pgpad,15.767,query,257184208,6,1.6679,1.5
21,pgpad,16.019,query,257184208,6,1.6688,0.4
21,pgpad,16.274,query,257184208,6,1.6766,3.0
21,pgpad,16.528,query,381538792,6,1.7792,39.8
21,pgpad,16.780,query,381522408,6,1.7834,1.7
21,pgpad,17.031,query,388796904,6,1.8789,38.0
21,pgpad,17.287,query,389566952,6,1.8986,7.6
21,pgpad,17.537,query,391795176,6,1.9807,33.2
21,pgpad,17.792,query,391778816,6,1.9835,1.1
21,pgpad,18.045,query,401773056,6,2.0115,11.0
21,pgpad,18.299,after-query,402166272,6,2.0900,31.6
21,pgpad,18.553,after-query,388354560,6,2.0930,1.1
21,pgpad,18.808,after-query,388190720,6,2.0978,1.9
21,pgpad,19.060,after-query,387830272,6,2.0999,0.8
21,pgpad,19.315,after-query,359879168,6,2.1034,1.4
21,pgpad,19.570,after-query,260854272,6,2.1058,0.9
21,pgpad,19.822,after-query,260837888,6,2.1064,0.3
21,pgpad,20.073,after-query,260821504,6,2.1072,0.3
21,pgpad,20.328,after-query,260788736,6,2.1075,0.1
21,pgpad,20.583,after-query,260706816,6,2.1081,0.2
21,pgpad,20.834,after-query,260690432,6,2.1085,0.1
21,pgpad,21.089,after-query,260641280,6,2.1131,1.9
21,pgpad,21.344,after-query,260641280,6,2.1138,0.3
21,pgpad,21.599,after-query,260575744,6,2.1146,0.3
21,pgpad,21.853,after-query,260575744,6,2.1154,0.3
21,pgpad,22.108,after-query,260575744,6,2.1159,0.2
21,pgpad,22.360,after-query,260575744,6,2.1166,0.3
21,pgpad,22.616,after-query,260575744,6,2.1167,0.0
21,pgpad,22.871,after-query,260575744,6,2.1168,0.0
21,pgpad,23.126,after-query,260510208,6,2.1169,0.1
21,pgpad,23.380,after-query,260379136,6,2.1171,0.1
21,dbeaver,0.250,launch,20317072,1,0.1074,
21,dbeaver,0.505,launch,65962992,1,0.5405,167.8
21,dbeaver,0.760,launch,108348424,1,1.1306,231.2
21,dbeaver,1.016,launch,135988280,1,1.6824,215.7
21,dbeaver,1.271,launch,157566032,1,2.2788,237.6
21,dbeaver,1.526,launch,190432600,1,2.9566,262.1
21,dbeaver,1.781,launch,226477496,1,3.6880,287.3
21,dbeaver,2.036,launch,260326840,1,4.2014,200.3
21,dbeaver,2.291,launch,274073016,1,4.8581,259.0
21,dbeaver,2.545,launch,284870072,1,5.7835,367.4
21,dbeaver,2.801,launch,295749048,1,6.7511,372.7
21,dbeaver,3.056,launch,312198608,1,7.4777,285.8
21,dbeaver,3.311,launch,321291752,1,8.1305,256.4
21,dbeaver,3.566,launch,455296968,1,8.7569,244.9
21,dbeaver,3.821,settle,834308784,2,9.5225,299.4
21,dbeaver,4.076,settle,902744776,2,10.2441,281.3
21,dbeaver,4.329,settle,947751624,2,10.4538,83.5
21,dbeaver,4.584,settle,1014483656,2,11.2701,320.1
21,dbeaver,4.839,settle,1013353160,2,11.2941,9.3
21,dbeaver,5.091,settle,937085640,2,11.3408,18.6
21,dbeaver,5.346,settle,816679624,2,11.3609,7.8
21,dbeaver,5.597,settle,776702664,2,11.3692,3.3
21,dbeaver,5.852,settle,717703880,2,11.3922,9.1
21,dbeaver,6.108,settle,708954824,2,11.4010,3.4
21,dbeaver,6.358,settle,708954824,2,11.4145,5.5
21,dbeaver,6.609,settle,708954824,2,11.4245,3.9
21,dbeaver,6.864,settle,708971208,2,11.4403,6.2
21,dbeaver,7.119,settle,708971208,2,11.4477,2.9
21,dbeaver,7.370,settle,708971208,2,11.4564,3.5
21,dbeaver,7.625,settle,708971208,2,11.4654,3.6
21,dbeaver,7.878,settle,708971208,2,11.4771,4.5
21,dbeaver,8.133,settle,708971208,2,11.4915,5.7
21,dbeaver,8.388,settle,708823752,2,11.4989,2.9
21,dbeaver,8.639,settle,708758216,2,11.5130,5.6
21,dbeaver,8.891,query,708577992,2,11.5211,3.3
21,dbeaver,9.147,query,708479688,2,11.5319,4.1
21,dbeaver,9.402,query,708365000,2,11.5386,2.6
21,dbeaver,9.657,query,708365000,2,11.5484,3.9
21,dbeaver,9.912,query,708365000,2,11.5572,3.4
21,dbeaver,10.168,query,708365000,2,11.5635,2.5
21,dbeaver,10.423,query,708365000,2,11.5729,3.7
21,dbeaver,10.678,query,708365000,2,11.5781,2.1
21,dbeaver,10.933,query,708315848,2,11.5931,5.9
21,dbeaver,11.188,query,708299464,2,11.6008,3.0
21,dbeaver,11.444,query,708315848,2,11.6133,4.9
21,dbeaver,11.696,query,708332232,2,11.6260,5.1
21,dbeaver,11.951,query,708365000,2,11.6398,5.5
21,dbeaver,12.203,query,708397768,2,11.6459,2.5
21,dbeaver,12.454,query,708397768,2,11.6506,1.9
21,dbeaver,12.709,query,708397768,2,11.6592,3.4
21,dbeaver,12.961,query,708397768,2,11.6660,2.7
21,dbeaver,13.212,query,708397768,2,11.6740,3.2
21,dbeaver,13.467,query,708397768,2,11.6787,1.9
21,dbeaver,13.720,query,708397768,2,11.6848,2.4
21,dbeaver,13.975,query,708512408,2,11.7140,11.2
21,dbeaver,14.231,query,709429888,2,11.7851,28.4
21,dbeaver,14.486,query,709446272,2,11.8061,8.1
21,dbeaver,14.741,query,747686528,2,11.9476,56.4
21,dbeaver,14.996,query,752372376,2,12.2213,105.7
21,dbeaver,15.252,query,752110232,2,12.2559,13.6
21,dbeaver,15.507,query,752159384,2,12.2773,8.3
21,dbeaver,15.762,query,752634520,2,12.3145,15.0
21,dbeaver,16.017,query,711723672,2,12.3268,4.7
21,dbeaver,16.272,query,711772824,2,12.3351,3.2
21,dbeaver,16.527,query,841239192,2,12.5103,69.2
21,dbeaver,16.782,query,1012091568,2,13.1515,253.5
21,dbeaver,17.038,query,968559280,2,13.7171,221.4
21,dbeaver,17.293,query,958483144,2,13.8810,63.7
21,dbeaver,17.548,query,958925512,2,14.0205,54.1
21,dbeaver,17.803,query,875907784,2,14.0434,9.0
21,dbeaver,18.057,query,875465464,2,14.0852,16.6
21,dbeaver,18.312,query,762448632,2,14.1933,42.4
21,dbeaver,18.567,query,742918904,2,14.2618,26.9
21,dbeaver,18.822,query,750504696,2,14.3736,44.1
21,dbeaver,19.074,query,757943032,2,14.4464,28.8
21,dbeaver,19.329,query,757992184,2,14.5319,33.5
21,dbeaver,19.584,query,757943032,2,14.6094,30.2
21,dbeaver,19.839,query,750734072,2,14.7775,66.2
21,dbeaver,20.092,query,748358392,2,14.8814,41.1
21,dbeaver,20.347,query,737692408,2,15.0383,61.7
21,dbeaver,20.602,query,735611640,2,15.0920,20.9
21,dbeaver,20.857,query,735791864,2,15.1879,37.9
21,dbeaver,21.112,query,801393424,2,15.3874,77.9
21,dbeaver,21.368,query,799443728,2,15.4644,30.1
21,dbeaver,21.623,query,795249424,2,15.5184,21.0
21,dbeaver,21.878,query,795331344,2,15.5921,29.2
21,dbeaver,22.133,query,744885008,2,15.6565,25.1
21,dbeaver,22.388,query,744934160,2,15.6687,4.8
21,dbeaver,22.643,after-query,744901392,2,15.6777,3.6
21,dbeaver,22.897,after-query,739986192,2,15.6864,3.3
21,dbeaver,23.148,after-query,739986192,2,15.6918,2.2
21,dbeaver,23.401,after-query,728681232,2,15.7043,4.9
21,dbeaver,23.654,after-query,728697616,2,15.7115,2.8
21,dbeaver,23.909,after-query,728599312,2,15.7246,5.1
21,dbeaver,24.165,after-query,728599312,2,15.7276,1.2
21,dbeaver,24.420,after-query,728599312,2,15.7426,5.9
21,dbeaver,24.675,after-query,728664848,2,15.7549,4.7
21,dbeaver,24.929,after-query,728697616,2,15.7664,4.6
21,dbeaver,25.182,after-query,728697616,2,15.7722,2.3
21,dbeaver,25.438,after-query,728517392,2,15.7845,4.8
21,dbeaver,25.693,after-query,728517392,2,15.7909,2.5
21,dbeaver,25.947,after-query,728353552,2,15.7990,3.2
21,dbeaver,26.198,after-query,728140560,2,15.8086,3.8
21,dbeaver,26.452,after-query,728140560,2,15.8165,3.1
21,dbeaver,26.706,after-query,728140560,2,15.8281,4.7
22,pgpad,0.255,launch,16892864,1,0.1287,
22,pgpad,0.510,settle,47778336,4,0.3949,102.8
22,pgpad,0.765,settle,50006728,4,0.4811,33.9
22,pgpad,1.018,settle,237866680,5,0.7889,121.2
22,pgpad,1.274,settle,230592184,5,0.7905,0.6
22,pgpad,1.529,settle,226971320,5,0.7976,2.8
22,pgpad,1.784,settle,224071352,5,0.8187,8.2
22,pgpad,2.038,settle,223121080,5,0.8242,2.2
22,pgpad,2.293,settle,157667000,5,0.8276,1.3
22,pgpad,2.548,settle,157306552,5,0.8290,0.6
22,pgpad,2.802,settle,157175480,5,0.8303,0.5
22,pgpad,3.056,settle,157142712,5,0.8310,0.3
22,pgpad,3.308,settle,157044408,5,0.8318,0.3
22,pgpad,3.564,settle,156995256,5,0.8322,0.2
22,pgpad,3.819,settle,156995256,5,0.8326,0.1
22,pgpad,4.070,settle,156995256,5,0.8329,0.1
22,pgpad,4.321,settle,156995256,5,0.8332,0.1
22,pgpad,4.576,settle,156995256,5,0.8336,0.2
22,pgpad,4.829,settle,156995256,5,0.8336,0.0
22,pgpad,5.084,settle,156995256,5,0.8336,0.0
22,pgpad,5.340,settle,156929720,5,0.8347,0.4
22,pgpad,5.592,query,156847800,5,0.8388,1.7
22,pgpad,5.846,query,156847800,5,0.8391,0.1
22,pgpad,6.097,query,156667576,5,0.8400,0.4
22,pgpad,6.348,query,156667576,5,0.8401,0.0
22,pgpad,6.603,query,156667576,5,0.8403,0.1
22,pgpad,6.858,query,156618424,5,0.8407,0.2
22,pgpad,7.113,query,156618424,5,0.8407,0.0
22,pgpad,7.368,query,156569272,5,0.8409,0.1
22,pgpad,7.623,query,156569272,5,0.8409,0.0
22,pgpad,7.877,query,156569272,5,0.8409,0.0
22,pgpad,8.132,query,156569272,5,0.8409,0.0
22,pgpad,8.387,query,156569272,5,0.8410,0.0
22,pgpad,8.638,query,156569272,5,0.8410,0.0
22,pgpad,8.891,query,156487352,5,0.8516,4.2
22,pgpad,9.146,query,156487352,5,0.8558,1.6
22,pgpad,9.401,query,156487352,5,0.8576,0.7
22,pgpad,9.656,query,156487352,5,0.8584,0.3
22,pgpad,9.911,query,156487352,5,0.8590,0.3
22,pgpad,10.166,query,156487352,5,0.8596,0.2
22,pgpad,10.421,query,156487352,5,0.8599,0.1
22,pgpad,10.675,query,231509712,5,0.8917,12.5
22,pgpad,10.926,query,284626736,5,1.0101,46.7
22,pgpad,11.176,query,284512048,5,1.0127,1.0
22,pgpad,11.431,query,284479280,5,1.0192,2.6
22,pgpad,11.686,query,284331824,5,1.0212,0.8
22,pgpad,11.940,query,234442544,5,1.0750,21.3
22,pgpad,12.193,query,244814216,6,1.1944,47.4
22,pgpad,12.443,query,258412936,6,1.2245,11.9
22,pgpad,12.698,query,250761608,6,1.2268,0.9
22,pgpad,12.950,query,260739464,6,1.2712,17.3
22,pgpad,13.205,query,260723080,6,1.2740,1.1
22,pgpad,13.459,query,259740040,6,1.2972,9.3
22,pgpad,13.714,query,259723656,6,1.3247,10.6
22,pgpad,13.970,query,218206600,6,1.3276,1.1
22,pgpad,14.221,query,280088968,6,1.4288,39.3
22,pgpad,14.477,query,355307984,6,1.6418,85.4
22,pgpad,14.727,query,355242448,6,1.6439,0.8
22,pgpad,14.983,query,353325520,6,1.6523,3.3
22,pgpad,15.234,query,351441360,6,1.6549,1.0
22,pgpad,15.485,query,280842704,6,1.6663,4.5
22,pgpad,15.740,query,257610192,6,1.6707,1.8
22,pgpad,15.995,query,257626576,6,1.6790,3.2
22,pgpad,16.250,query,347132368,6,1.7184,15.4
22,pgpad,16.501,query,386912744,6,1.7964,31.4
22,pgpad,16.756,query,389566952,6,1.8238,10.6
22,pgpad,17.008,query,390320616,6,1.9006,30.6
22,pgpad,17.263,query,395710976,6,1.9290,11.2
22,pgpad,17.518,query,396464640,6,2.0032,28.7
22,pgpad,17.773,query,390337024,6,2.0058,1.1
22,pgpad,18.028,query,396399104,6,2.0276,8.5
22,pgpad,18.283,after-query,377000448,6,2.0966,27.2
22,pgpad,18.537,after-query,367235584,6,2.1001,1.4
22,pgpad,18.791,after-query,367055360,6,2.1049,1.9
22,pgpad,19.041,after-query,366744064,6,2.1072,0.9
22,pgpad,19.292,after-query,339317248,6,2.1101,1.1
22,pgpad,19.548,after-query,257987096,6,2.1115,0.6
22,pgpad,19.803,after-query,257970712,6,2.1125,0.4
22,pgpad,20.058,after-query,257970712,6,2.1131,0.3
22,pgpad,20.310,after-query,257937944,6,2.1138,0.3
22,pgpad,20.565,after-query,257823256,6,2.1144,0.2
22,pgpad,20.820,after-query,257806872,6,2.1150,0.2
22,pgpad,21.074,after-query,257839640,6,2.1220,2.8
22,pgpad,21.326,after-query,257839640,6,2.1225,0.2
22,pgpad,21.581,after-query,257839640,6,2.1235,0.4
22,pgpad,21.836,after-query,257839640,6,2.1244,0.4
22,pgpad,22.091,after-query,257839640,6,2.1254,0.4
22,pgpad,22.342,after-query,257708568,6,2.1264,0.4
22,pgpad,22.597,after-query,257708568,6,2.1270,0.3
22,pgpad,22.852,after-query,257626648,6,2.1276,0.2
22,pgpad,23.107,after-query,257626648,6,2.1279,0.1
22,pgpad,23.362,after-query,257446424,6,2.1282,0.1
22,pgadmin,0.252,launch,13649072,1,0.1107,
22,pgadmin,0.507,launch,56134560,3,0.3783,103.5
22,pgadmin,0.762,launch,144495728,5,0.8219,173.0
22,pgadmin,1.017,launch,156505224,5,1.0552,91.6
22,pgadmin,1.272,launch,166810784,5,1.2832,89.2
22,pgadmin,1.527,launch,177788112,5,1.5154,91.2
22,pgadmin,1.782,launch,201397456,5,1.7495,91.6
22,pgadmin,2.038,launch,208409808,5,1.9888,94.3
22,pgadmin,2.293,launch,218977488,5,2.2296,94.5
22,pgadmin,2.548,launch,243422824,6,2.5184,112.8
22,pgadmin,2.803,launch,255497976,6,2.9989,189.1
22,pgadmin,3.057,launch,236836096,5,2.9231,90.3
22,pgadmin,3.312,launch,246551808,5,3.1723,97.7
22,pgadmin,3.565,launch,256464152,5,3.4198,98.6
22,pgadmin,3.821,launch,262214936,5,3.5962,68.0
22,pgadmin,4.073,launch,262214936,5,3.5962,0.0
22,pgadmin,4.324,launch,245879080,5,3.6385,53.0
22,pgadmin,4.578,settle,423155304,5,4.1544,216.6
22,pgadmin,4.833,settle,460510848,5,4.4553,117.5
22,pgadmin,5.088,settle,578656136,5,4.9334,187.6
22,pgadmin,5.343,settle,747083896,5,5.3902,182.1
22,pgadmin,5.598,settle,688953560,5,5.7131,125.2
22,pgadmin,5.853,settle,752261408,5,6.0486,130.1
22,pgadmin,6.108,settle,799709472,5,6.1418,36.6
22,pgadmin,6.362,settle,804166448,6,6.2489,42.6
22,pgadmin,6.617,settle,811391912,6,6.3340,33.0
22,pgadmin,6.871,settle,803675024,6,6.3656,12.7
22,pgadmin,7.122,settle,801725328,6,6.3930,10.7
22,pgadmin,7.374,settle,777526184,6,6.4257,13.0
22,pgadmin,7.629,settle,765467560,6,6.4598,13.4
22,pgadmin,7.879,settle,765598656,6,6.4995,15.8
22,pgadmin,8.134,settle,768269200,6,6.5500,19.8
22,pgadmin,8.390,settle,768351120,6,6.5773,10.7
22,pgadmin,8.645,settle,768482192,6,6.6164,15.4
22,pgadmin,8.899,settle,768580496,6,6.6476,12.2
22,pgadmin,9.154,settle,768646032,6,6.6819,13.6
22,pgadmin,9.409,query,768727952,6,6.7112,11.7
22,pgadmin,9.664,query,768809872,6,6.7335,8.8
22,pgadmin,9.918,query,772856744,6,6.8140,31.3
22,pgadmin,10.172,query,773069736,6,6.8367,8.8
22,pgadmin,10.424,query,773184424,6,6.8665,11.9
22,pgadmin,10.679,query,773381032,6,6.8937,10.7
22,pgadmin,10.931,query,683170728,6,6.9313,14.9
22,pgadmin,11.186,query,620501928,6,6.9676,14.3
22,pgadmin,11.442,query,620665768,6,6.9959,11.0
22,pgadmin,11.697,query,620714920,6,7.0313,13.9
22,pgadmin,11.951,query,623664040,6,7.0787,19.0
22,pgadmin,12.204,query,623844264,6,7.1100,12.1
22,pgadmin,12.458,query,623958952,6,7.1375,10.9
22,pgadmin,12.713,query,624171944,6,7.1647,10.9
22,pgadmin,12.968,query,624303016,6,7.1873,8.8
22,pgadmin,13.220,query,624450472,6,7.2090,8.7
22,pgadmin,13.476,query,624614312,6,7.2334,9.5
22,pgadmin,13.731,query,624712616,6,7.2578,9.5
22,pgadmin,13.983,query,634837928,6,7.5462,115.0
22,pgadmin,14.237,query,634837928,6,7.5683,8.7
22,pgadmin,14.492,query,634870696,6,7.5956,10.6
22,pgadmin,14.746,query,634903464,6,7.6222,10.6
22,pgadmin,15.001,query,634952616,6,7.6403,7.1
22,pgadmin,15.254,query,634936232,6,7.6621,8.6
22,pgadmin,15.509,query,634936232,6,7.6843,8.7
22,pgadmin,15.762,query,705108880,6,7.8379,61.2
22,pgadmin,16.017,query,712956816,6,7.9670,49.8
22,pgadmin,16.272,query,713644944,6,8.0046,14.6
22,pgadmin,16.527,query,713644944,6,8.0237,7.6
22,pgadmin,16.782,query,713677712,6,8.0466,8.8
22,pgadmin,17.036,query,706894736,6,8.0669,8.1
22,pgadmin,17.287,query,704666512,6,8.0871,8.0
22,pgadmin,17.537,query,781245352,6,8.3691,112.4
22,pgadmin,17.793,query,789683112,6,8.5468,69.8
22,pgadmin,18.045,query,798595984,6,8.6713,49.6
22,pgadmin,18.299,query,802593680,6,8.7967,49.3
22,pgadmin,18.554,query,809343912,6,8.9488,59.1
22,pgadmin,18.806,query,818584488,6,9.1353,74.2
22,pgadmin,19.061,query,821779368,6,9.3716,93.0
22,pgadmin,19.316,query,822057944,6,9.5866,84.2
22,pgadmin,19.571,query,822451160,6,9.7025,45.4
22,pgadmin,19.823,query,822533080,6,9.8656,65.6
22,pgadmin,20.078,query,822746072,6,10.0742,81.0
22,pgadmin,20.333,query,822729688,6,10.1372,24.4
22,pgadmin,20.587,query,822909912,6,10.3157,71.3
22,pgadmin,20.838,query,814341056,6,10.4838,67.5
22,pgadmin,21.093,query,812129216,6,10.6465,63.8
22,pgadmin,21.346,query,814521280,6,10.7555,42.8
22,pgadmin,21.600,query,819698624,6,10.9104,60.7
22,pgadmin,21.855,query,820140992,6,10.9552,17.3
22,pgadmin,22.111,query,824466368,6,11.1504,78.0
22,pgadmin,22.365,query,826989504,6,11.2535,40.0
22,pgadmin,22.620,query,823729088,6,11.3410,34.6
22,pgadmin,22.873,query,821304256,6,11.3668,10.2
22,pgadmin,23.124,after-query,821386176,6,11.3905,9.4
22,pgadmin,23.379,after-query,821451712,6,11.4132,8.8
22,pgadmin,23.634,after-query,818912192,6,11.4358,8.9
22,pgadmin,23.889,after-query,794680232,6,11.4791,17.0
22,pgadmin,24.145,after-query,794909584,6,11.5128,13.4
22,pgadmin,24.400,after-query,795007888,6,11.5352,8.7
22,pgadmin,24.654,after-query,795089808,6,11.5603,9.9
22,pgadmin,24.906,after-query,793549712,6,11.5838,9.3
22,pgadmin,25.158,after-query,793598864,6,11.6035,7.9
22,pgadmin,25.413,after-query,793680784,6,11.6259,8.8
22,pgadmin,25.664,after-query,793779088,6,11.6484,8.9
22,pgadmin,25.919,after-query,794090384,6,11.7029,21.3
22,pgadmin,26.172,after-query,794172304,6,11.7258,9.1
22,pgadmin,26.427,after-query,794221456,6,11.7457,7.9
22,pgadmin,26.678,after-query,794221456,6,11.7682,8.9
22,pgadmin,26.933,after-query,794286992,6,11.7942,10.1
22,pgadmin,27.188,after-query,794368912,6,11.8180,9.4
22,pgadmin,27.443,after-query,753343376,6,11.8457,11.1
22,dbeaver,0.251,launch,22905744,1,0.1176,
22,dbeaver,0.506,launch,78005256,1,0.6872,220.8
22,dbeaver,0.762,launch,119145552,1,1.3125,243.6
22,dbeaver,1.017,launch,147850320,1,1.8932,229.1
22,dbeaver,1.272,launch,172328256,1,2.5322,250.5
22,dbeaver,1.527,launch,194839896,1,3.3224,308.6
22,dbeaver,1.777,launch,239650208,1,3.9073,233.7
22,dbeaver,2.032,launch,254526880,1,4.3684,183.5
22,dbeaver,2.288,launch,270976416,1,5.2787,353.1
22,dbeaver,2.543,launch,281019808,1,6.1452,339.2
22,dbeaver,2.795,launch,298632632,1,7.0498,362.8
22,dbeaver,3.050,launch,318948792,1,7.9139,333.4
22,dbeaver,3.305,launch,330975032,1,8.4928,227.4
22,dbeaver,3.560,settle,958269984,2,9.2075,279.1
22,dbeaver,3.815,settle,954600016,2,10.0156,317.4
22,dbeaver,4.070,settle,960285288,2,10.3742,140.4
22,dbeaver,4.325,settle,1021659800,2,11.0834,280.3
22,dbeaver,4.581,settle,1019071128,2,11.1701,33.7
22,dbeaver,4.836,settle,943655552,2,11.1994,11.4
22,dbeaver,5.091,settle,826559104,2,11.2377,14.9
22,dbeaver,5.346,settle,826575488,2,11.2519,5.5
22,dbeaver,5.602,settle,727599744,2,11.2689,6.7
22,dbeaver,5.857,settle,718850688,2,11.2815,4.9
22,dbeaver,6.109,settle,718850688,2,11.2947,5.3
22,dbeaver,6.364,settle,718850688,2,11.3063,4.5
22,dbeaver,6.619,settle,718850688,2,11.3157,3.7
22,dbeaver,6.870,settle,718850688,2,11.3288,5.2
22,dbeaver,7.124,settle,718850688,2,11.3396,4.2
22,dbeaver,7.379,settle,718850688,2,11.3530,5.2
22,dbeaver,7.630,settle,718850688,2,11.3591,2.5
22,dbeaver,7.885,settle,718850688,2,11.3743,5.9
22,dbeaver,8.140,settle,718850688,2,11.3860,4.6
22,dbeaver,8.396,settle,718621312,2,11.4063,7.9
22,dbeaver,8.651,query,718621312,2,11.4122,2.4
22,dbeaver,8.902,query,718457472,2,11.4210,3.5
22,dbeaver,9.158,query,718473856,2,11.4367,6.0
22,dbeaver,9.408,query,718359168,2,11.4416,1.9
22,dbeaver,9.663,query,718359168,2,11.4525,4.2
22,dbeaver,9.918,query,718359168,2,11.4595,2.8
22,dbeaver,10.174,query,718375552,2,11.4762,6.6
22,dbeaver,10.429,query,718375552,2,11.4812,1.9
22,dbeaver,10.684,query,718375552,2,11.4966,6.1
22,dbeaver,10.939,query,718310016,2,11.5048,3.2
22,dbeaver,11.194,query,718342784,2,11.5172,5.0
22,dbeaver,11.450,query,718408320,2,11.5295,4.7
22,dbeaver,11.705,query,718408320,2,11.5392,3.8
22,dbeaver,11.955,query,718441088,2,11.5499,4.4
22,dbeaver,12.206,query,718932608,2,11.5774,10.9
22,dbeaver,12.462,query,718932608,2,11.5869,3.7
22,dbeaver,12.715,query,718932608,2,11.5924,2.1
22,dbeaver,12.965,query,718932608,2,11.6030,4.3
22,dbeaver,13.220,query,718932608,2,11.6144,4.5
22,dbeaver,13.475,query,718948992,2,11.6265,4.8
22,dbeaver,13.730,query,718965328,2,11.6502,9.3
22,dbeaver,13.982,query,719653456,2,11.7130,24.9
22,dbeaver,14.237,query,719899216,2,11.7298,6.5
22,dbeaver,14.490,query,799181392,2,11.8089,31.6
22,dbeaver,14.740,query,800098896,2,11.9410,52.6
22,dbeaver,14.996,query,759564880,2,11.9620,8.2
22,dbeaver,15.251,query,759482960,2,11.9779,6.3
22,dbeaver,15.506,query,759827024,2,12.0190,16.0
22,dbeaver,15.761,query,718899792,2,12.0319,5.0
22,dbeaver,16.016,query,718899792,2,12.0424,4.1
22,dbeaver,16.271,query,799312464,2,12.1136,28.1
22,dbeaver,16.526,query,897370704,2,12.8277,281.8
22,dbeaver,16.782,query,823691880,2,13.4916,259.7
22,dbeaver,17.037,query,928041576,2,13.8156,125.5
22,dbeaver,17.290,query,926976616,2,13.9464,52.2
22,dbeaver,17.545,query,925829736,2,13.9664,7.7
22,dbeaver,17.801,query,925796968,2,13.9868,8.1
22,dbeaver,18.056,query,747752088,2,14.0533,26.0
22,dbeaver,18.311,query,751585944,2,14.1920,54.6
22,dbeaver,18.566,query,759024280,2,14.2765,33.0
22,dbeaver,18.821,query,756370072,2,14.3926,46.3
22,dbeaver,19.076,query,756370072,2,14.4591,25.7
22,dbeaver,19.331,query,756435608,2,14.5428,32.8
22,dbeaver,19.587,query,749210264,2,14.6936,59.3
22,dbeaver,19.842,query,756714136,2,14.8270,52.3
22,dbeaver,20.097,query,756779672,2,14.9554,50.2
22,dbeaver,20.352,query,754715288,2,15.0275,28.4
22,dbeaver,20.607,query,754813592,2,15.1057,30.3
22,dbeaver,20.862,query,807193240,2,15.2999,76.9
22,dbeaver,21.118,query,806324888,2,15.3903,35.6
22,dbeaver,21.373,query,800983704,2,15.4525,24.3
22,dbeaver,21.628,query,801049240,2,15.4967,17.1
22,dbeaver,21.883,query,750668440,2,15.5609,25.1
22,dbeaver,22.139,query,739429016,2,15.5902,11.6
22,dbeaver,22.393,after-query,739429016,2,15.5968,2.6
22,dbeaver,22.648,after-query,739379864,2,15.6071,4.1
22,dbeaver,22.903,after-query,736938648,2,15.6168,3.8
22,dbeaver,23.158,after-query,725617304,2,15.6240,2.8
22,dbeaver,23.414,after-query,725617304,2,15.6326,3.4
22,dbeaver,23.669,after-query,725617304,2,15.6422,3.7
22,dbeaver,23.924,after-query,725535384,2,15.6512,3.5
22,dbeaver,24.179,after-query,725535384,2,15.6626,4.4
22,dbeaver,24.435,after-query,725600920,2,15.6760,5.4
22,dbeaver,24.688,after-query,725600920,2,15.6859,3.9
22,dbeaver,24.940,after-query,725600920,2,15.6913,2.2
22,dbeaver,25.194,after-query,725469848,2,15.7023,4.3
22,dbeaver,25.449,after-query,725486232,2,15.7118,3.7
22,dbeaver,25.704,after-query,724994688,2,15.7190,2.8
22,dbeaver,25.959,after-query,724257408,2,15.7354,6.4
22,dbeaver,26.215,after-query,724257408,2,15.7448,3.6
22,dbeaver,26.466,after-query,724306560,2,15.7611,6.6
22,dbeaver,26.721,after-query,724306560,2,15.7651,1.6
22,dbgate,0.252,launch,9995176,1,0.1026,
22,dbgate,0.508,launch,53021720,3,0.3847,109.2
22,dbgate,0.758,launch,79989856,3,0.5826,79.0
22,dbgate,1.010,settle,190648952,4,0.9479,144.6
22,dbgate,1.261,settle,280041376,5,1.3611,164.6
22,dbgate,1.516,settle,588342224,8,2.3143,377.1
22,dbgate,1.770,settle,616736104,8,2.7823,180.5
22,dbgate,2.026,settle,616752488,8,2.8148,12.8
22,dbgate,2.278,settle,617145704,8,2.8726,23.0
22,dbgate,2.533,settle,617309544,8,2.9204,18.4
22,dbgate,2.789,settle,604169576,8,2.9998,31.8
22,dbgate,3.044,settle,604251496,8,3.0121,4.8
22,dbgate,3.299,settle,604235112,8,3.0256,5.2
22,dbgate,3.552,settle,604235112,8,3.0473,8.7
22,dbgate,3.808,settle,604235112,8,3.0619,5.6
22,dbgate,4.063,settle,588162384,8,3.0830,8.4
22,dbgate,4.318,settle,588146000,8,3.0937,4.1
22,dbgate,4.570,settle,588162384,8,3.1152,8.5
22,dbgate,4.824,settle,578168144,8,3.1293,5.6
22,dbgate,5.079,settle,578184528,8,3.1525,9.2
22,dbgate,5.331,settle,578168144,8,3.1645,4.8
22,dbgate,5.586,settle,578151760,8,3.1847,7.7
22,dbgate,5.842,settle,578151760,8,3.1968,4.8
22,dbgate,6.094,query,578168144,8,3.2129,6.5
22,dbgate,6.347,query,578184528,8,3.2247,4.6
22,dbgate,6.603,query,555771216,8,3.2525,11.0
22,dbgate,6.858,query,555787600,8,3.2639,4.4
22,dbgate,7.113,query,526230864,8,3.2841,7.9
22,dbgate,7.364,query,518825296,8,3.2975,5.4
22,dbgate,7.619,query,518825296,8,3.3144,6.5
22,dbgate,7.875,query,487171408,8,3.3321,7.0
22,dbgate,8.130,query,487171408,8,3.3466,5.8
22,dbgate,8.385,query,487204176,8,3.3597,5.1
22,dbgate,8.640,query,487187792,8,3.3744,5.7
22,dbgate,8.895,query,487171408,8,3.3900,6.2
22,dbgate,9.151,query,487155024,8,3.4054,5.9
22,dbgate,9.402,query,487187792,8,3.4178,5.1
22,dbgate,9.657,query,487187792,8,3.4297,4.7
22,dbgate,9.912,query,487204176,8,3.4393,3.7
22,dbgate,10.168,query,487187792,8,3.4509,4.5
22,dbgate,10.422,query,487204176,8,3.4639,5.2
22,dbgate,10.676,query,487187792,8,3.4780,5.5
22,dbgate,10.931,query,487204176,8,3.4907,5.0
22,dbgate,11.182,query,487187792,8,3.5030,4.9
22,dbgate,11.436,query,487220560,8,3.5169,5.5
22,dbgate,11.691,query,487204176,8,3.5272,4.0
22,dbgate,11.945,query,547087696,8,3.5768,19.1
22,dbgate,12.198,query,601613648,8,3.6408,25.4
22,dbgate,12.454,query,601597264,8,3.6527,4.6
22,dbgate,12.709,query,605250920,8,3.7835,51.7
22,dbgate,12.964,query,604611944,8,3.8097,10.3
22,dbgate,13.219,query,667412968,9,4.1225,123.4
22,dbgate,13.473,query,738699872,9,4.4394,124.8
22,dbgate,13.728,query,739682912,9,4.4754,13.8
22,dbgate,13.983,query,739666528,9,4.4890,5.4
22,dbgate,14.235,query,759114360,9,4.7260,95.2
22,dbgate,14.486,query,766225040,9,5.0197,118.4
22,dbgate,14.741,query,773253776,9,5.2685,96.7
22,dbgate,14.995,query,782248592,9,5.5019,91.9
22,dbgate,15.250,query,791685824,9,5.7439,94.4
22,dbgate,15.502,query,793979584,9,6.0390,117.4
22,dbgate,15.753,query,794045120,9,6.2054,66.5
22,dbgate,16.008,query,791767744,9,6.3943,73.9
22,dbgate,16.261,query,801057472,9,6.5559,64.0
22,dbgate,16.512,query,802761408,9,6.7061,60.5
22,dbgate,16.765,query,804711104,9,6.8285,48.2
22,dbgate,17.019,query,807742144,9,6.9346,41.2
22,dbgate,17.272,query,812214976,9,7.0932,63.1
22,dbgate,17.526,query,816458432,9,7.2429,58.2
22,dbgate,17.780,query,818588352,9,7.3438,40.0
22,dbgate,18.034,query,791177920,9,7.5042,63.3
22,dbgate,18.289,query,794815168,9,7.6569,60.3
22,dbgate,18.541,query,706144960,9,7.7741,46.4
22,dbgate,18.796,query,710142656,9,7.9148,55.5
22,dbgate,19.051,query,712846016,9,8.0443,50.3
22,dbgate,19.306,query,713829056,9,8.0966,20.4
22,dbgate,19.561,after-query,713829056,9,8.1130,6.4
22,dbgate,19.814,after-query,713272000,9,8.1309,7.0
22,dbgate,20.069,after-query,713288384,9,8.1484,6.9
22,dbgate,20.325,after-query,709077696,9,8.1632,5.8
22,dbgate,20.577,after-query,697510592,9,8.1816,7.3
22,dbgate,20.833,after-query,686893736,9,8.2013,7.7
22,dbgate,21.088,after-query,677063336,9,8.2193,7.1
22,dbgate,21.343,after-query,677145256,9,8.2394,7.9
22,dbgate,21.593,after-query,677145256,9,8.2552,6.3
22,dbgate,21.849,after-query,675031720,9,8.2742,7.5
22,dbgate,22.104,after-query,675015336,9,8.2891,5.8
22,dbgate,22.358,after-query,674998952,9,8.3006,4.6
22,dbgate,22.611,after-query,675015336,9,8.3154,5.8
22,dbgate,22.865,after-query,674998952,9,8.3280,5.0
22,dbgate,23.120,after-query,674982568,9,8.3437,6.1
22,dbgate,23.375,after-query,674982568,9,8.3589,6.0
22,dbgate,23.630,after-query,674998952,9,8.3773,7.2
22,dbgate,23.881,after-query,674982568,9,8.3909,5.5
23,pgpad,0.250,launch,17875952,2,0.1373,
23,pgpad,0.505,settle,47876616,4,0.3950,99.7
23,pgpad,0.760,settle,51710664,4,0.4883,36.7
23,pgpad,1.014,settle,237293192,5,0.7872,116.5
23,pgpad,1.267,settle,237112968,5,0.7887,0.6
23,pgpad,1.522,settle,233164424,5,0.7975,3.4
23,pgpad,1.775,settle,229691016,5,0.8248,10.8
23,pgpad,2.025,settle,208309896,5,0.8307,2.4
23,pgpad,2.280,settle,158011016,5,0.8346,1.5
23,pgpad,2.533,settle,157748872,5,0.8361,0.6
23,pgpad,2.788,settle,157322888,5,0.8376,0.6
23,pgpad,3.044,settle,157290120,5,0.8382,0.2
23,pgpad,3.299,settle,156913288,5,0.8389,0.3
23,pgpad,3.550,settle,156847752,5,0.8395,0.3
23,pgpad,3.800,settle,156847752,5,0.8398,0.1
23,pgpad,4.056,settle,156847752,5,0.8403,0.2
23,pgpad,4.309,settle,156847752,5,0.8406,0.1
23,pgpad,4.561,settle,156847752,5,0.8408,0.1
23,pgpad,4.814,settle,156847752,5,0.8408,0.0
23,pgpad,5.066,settle,156847752,5,0.8408,0.0
23,pgpad,5.320,settle,156847752,5,0.8413,0.2
23,pgpad,5.575,query,156634760,5,0.8481,2.7
23,pgpad,5.830,query,156634760,5,0.8483,0.1
23,pgpad,6.085,query,156323464,5,0.8491,0.3
23,pgpad,6.337,query,156323464,5,0.8491,0.0
23,pgpad,6.592,query,156274312,5,0.8494,0.1
23,pgpad,6.846,query,156274312,5,0.8494,0.0
23,pgpad,7.101,query,156159624,5,0.8496,0.1
23,pgpad,7.353,query,156159624,5,0.8496,0.0
23,pgpad,7.606,query,156159624,5,0.8496,0.0
23,pgpad,7.861,query,156159624,5,0.8496,0.0
23,pgpad,8.116,query,156159624,5,0.8496,0.0
23,pgpad,8.371,query,156159624,5,0.8497,0.0
23,pgpad,8.623,query,156159624,5,0.8497,0.0
23,pgpad,8.877,query,156077704,5,0.8593,3.9
23,pgpad,9.131,query,156110472,5,0.8647,2.1
23,pgpad,9.386,query,156110472,5,0.8655,0.3
23,pgpad,9.638,query,156110472,5,0.8663,0.3
23,pgpad,9.888,query,156110472,5,0.8667,0.1
23,pgpad,10.143,query,156110472,5,0.8675,0.3
23,pgpad,10.398,query,156110472,5,0.8677,0.1
23,pgpad,10.652,query,236408456,5,0.9035,14.1
23,pgpad,10.905,query,290950888,5,1.0305,49.7
23,pgpad,11.160,query,290787048,5,1.0349,1.7
23,pgpad,11.411,query,283856616,5,1.0391,1.7
23,pgpad,11.663,query,283709160,5,1.0414,0.9
23,pgpad,11.918,query,243437288,5,1.0993,22.4
23,pgpad,12.173,query,253464920,6,1.2407,56.3
23,pgpad,12.428,query,260477272,6,1.2670,10.3
23,pgpad,12.680,query,260460888,6,1.2690,0.8
23,pgpad,12.935,query,275026288,6,1.3255,22.1
23,pgpad,13.190,query,275009904,6,1.3278,0.9
23,pgpad,13.445,query,267997552,6,1.3495,8.6
23,pgpad,13.700,query,268145008,6,1.3787,11.3
23,pgpad,13.955,query,226644336,6,1.3812,1.0
23,pgpad,14.210,query,294736240,6,1.4696,34.5
23,pgpad,14.464,query,368054712,6,1.6403,66.9
23,pgpad,14.720,query,354931128,6,1.6426,0.9
23,pgpad,14.975,query,352686520,6,1.6529,4.1
23,pgpad,15.228,query,352129464,6,1.6548,0.7
23,pgpad,15.480,query,275583416,6,1.6658,4.4
23,pgpad,15.735,query,260247992,6,1.6697,1.5
23,pgpad,15.986,query,260264376,6,1.6795,3.9
23,pgpad,16.239,query,348311992,6,1.7169,15.0
23,pgpad,16.492,query,394269136,6,1.7935,30.1
23,pgpad,16.746,query,394875344,6,1.8151,8.6
23,pgpad,17.001,query,401314256,6,1.8886,28.3
23,pgpad,17.252,query,401428944,6,1.9096,8.5
23,pgpad,17.506,query,395153872,6,1.9757,25.7
23,pgpad,17.760,query,395104720,6,1.9791,1.3
23,pgpad,18.013,query,399725008,6,2.0080,11.5
23,pgpad,18.268,query,386421200,6,2.0708,25.1
23,pgpad,18.520,after-query,386159056,6,2.0736,1.1
23,pgpad,18.775,after-query,385978832,6,2.0778,1.6
23,pgpad,19.030,after-query,385585616,6,2.0800,0.9
23,pgpad,19.285,after-query,358175184,6,2.0834,1.3
23,pgpad,19.538,after-query,262017488,6,2.0854,0.8
23,pgpad,19.791,after-query,262001104,6,2.0865,0.4
23,pgpad,20.046,after-query,262001104,6,2.0873,0.3
23,pgpad,20.302,after-query,261968336,6,2.0879,0.3
23,pgpad,20.557,after-query,261886416,6,2.0885,0.2
23,pgpad,20.812,after-query,261771728,6,2.0894,0.3
23,pgpad,21.067,after-query,261837264,6,2.0954,2.3
23,pgpad,21.320,after-query,261788112,6,2.0960,0.2
23,pgpad,21.573,after-query,261738960,6,2.0967,0.3
23,pgpad,21.828,after-query,261689808,6,2.0976,0.3
23,pgpad,22.079,after-query,261689808,6,2.0983,0.3
23,pgpad,22.334,after-query,261689808,6,2.0989,0.2
23,pgpad,22.589,after-query,261689808,6,2.0993,0.2
23,pgpad,22.842,after-query,261689808,6,2.0993,0.0
23,pgpad,23.097,after-query,261689808,6,2.0993,0.0
23,pgpad,23.350,after-query,261689808,6,2.0994,0.0
23,dbeaver,0.255,launch,38618072,1,0.1986,
23,dbeaver,0.510,launch,99189792,1,0.8632,257.9
23,dbeaver,0.765,launch,125174864,1,1.4668,236.4
23,dbeaver,1.020,launch,161285224,1,2.1812,279.7
23,dbeaver,1.276,launch,177653080,1,2.8144,248.0
23,dbeaver,1.531,launch,221595040,1,3.6377,322.7
23,dbeaver,1.786,launch,252560824,1,4.1577,203.3
23,dbeaver,2.041,launch,267863480,1,4.8677,280.2
23,dbeaver,2.296,launch,280102328,1,5.7994,363.7
23,dbeaver,2.551,launch,296617400,1,6.7759,383.4
23,dbeaver,2.806,launch,313116088,1,7.4969,282.9
23,dbeaver,3.061,launch,336267088,1,8.1923,272.3
23,dbeaver,3.314,settle,621021824,2,8.9470,297.9
23,dbeaver,3.569,settle,861883056,2,9.8063,337.4
23,dbeaver,3.824,settle,962955952,2,10.4642,255.6
23,dbeaver,4.079,settle,1028049584,2,10.8548,154.1
23,dbeaver,4.335,settle,1021070024,2,11.2955,171.6
23,dbeaver,4.590,settle,999754440,2,11.3417,17.9
23,dbeaver,4.841,settle,876907208,2,11.3809,15.8
23,dbeaver,5.096,settle,836979400,2,11.3949,5.5
23,dbeaver,5.351,settle,778013384,2,11.4035,3.4
23,dbeaver,5.607,settle,719653576,2,11.4174,5.4
23,dbeaver,5.862,settle,710838984,2,11.4308,5.2
23,dbeaver,6.116,settle,710888136,2,11.4453,5.8
23,dbeaver,6.367,settle,710904520,2,11.4526,2.9
23,dbeaver,6.620,settle,710937288,2,11.4666,5.6
23,dbeaver,6.874,settle,711051976,2,11.4854,7.2
23,dbeaver,7.128,settle,711101128,2,11.4986,5.2
23,dbeaver,7.384,settle,711117512,2,11.5032,1.8
23,dbeaver,7.636,settle,711166664,2,11.5187,6.0
23,dbeaver,7.886,settle,711166664,2,11.5280,3.8
23,dbeaver,8.139,settle,711150280,2,11.5374,3.7
23,dbeaver,8.394,query,711051976,2,11.5464,3.6
23,dbeaver,8.649,query,710986440,2,11.5523,2.3
23,dbeaver,8.903,query,710920904,2,11.5656,5.1
23,dbeaver,9.159,query,711002824,2,11.5816,6.2
23,dbeaver,9.413,query,711051976,2,11.5905,3.5
23,dbeaver,9.668,query,711101128,2,11.5958,2.1
23,dbeaver,9.923,query,711117512,2,11.6079,4.7
23,dbeaver,10.178,query,711150280,2,11.6155,3.0
23,dbeaver,10.434,query,711166664,2,11.6244,3.5
23,dbeaver,10.686,query,711166664,2,11.6336,3.6
23,dbeaver,10.942,query,711183048,2,11.6407,2.8
23,dbeaver,11.197,query,711232200,2,11.6533,4.9
23,dbeaver,11.452,query,711461576,2,11.6641,4.3
23,dbeaver,11.702,query,711510728,2,11.6769,5.2
23,dbeaver,11.955,query,711969480,2,11.6937,6.6
23,dbeaver,12.210,query,711985864,2,11.7021,3.3
23,dbeaver,12.465,query,712018632,2,11.7083,2.4
23,dbeaver,12.715,query,712067784,2,11.7171,3.5
23,dbeaver,12.969,query,712084168,2,11.7292,4.8
23,dbeaver,13.224,query,712100552,2,11.7354,2.4
23,dbeaver,13.476,query,712313520,2,11.7619,10.5
23,dbeaver,13.731,query,712297136,2,11.7754,5.2
23,dbeaver,13.986,query,713263792,2,11.8399,25.3
23,dbeaver,14.241,query,793561752,2,11.9652,49.6
23,dbeaver,14.494,query,793774744,2,12.0956,51.4
23,dbeaver,14.750,query,753273496,2,12.1224,10.4
23,dbeaver,15.005,query,753257112,2,12.1394,6.7
23,dbeaver,15.260,query,753666712,2,12.1821,16.8
23,dbeaver,15.511,query,753044120,2,12.1967,5.8
23,dbeaver,15.766,query,712641176,2,12.2087,4.7
23,dbeaver,16.021,query,712542872,2,12.2209,4.8
23,dbeaver,16.277,query,802196120,2,12.7024,190.8
23,dbeaver,16.529,query,1055247000,2,13.4281,288.2
23,dbeaver,16.784,query,956648136,2,13.9914,220.3
23,dbeaver,17.039,query,955845296,2,14.2292,93.8
23,dbeaver,17.294,query,954272432,2,14.2552,10.1
23,dbeaver,17.548,query,914328240,2,14.2655,4.0
23,dbeaver,17.803,query,872270536,2,14.3056,15.9
23,dbeaver,18.058,query,771017416,2,14.4388,52.2
23,dbeaver,18.310,query,752044744,2,14.5340,37.6
23,dbeaver,18.566,query,753093320,2,14.6250,35.7
23,dbeaver,18.819,query,747162312,2,14.7375,44.1
23,dbeaver,19.072,query,747801288,2,14.8074,27.8
23,dbeaver,19.327,query,737430216,2,14.9362,50.5
23,dbeaver,19.580,query,738446024,2,15.0787,56.6
23,dbeaver,19.835,query,738495176,2,15.1690,35.0
23,dbeaver,20.090,query,737905352,2,15.2943,49.6
23,dbeaver,20.342,query,737970888,2,15.3694,29.6
23,dbeaver,20.597,query,799804104,2,15.5561,74.0
23,dbeaver,20.852,query,799902408,2,15.6168,23.6
23,dbeaver,21.107,query,793660104,2,15.7087,36.5
23,dbeaver,21.362,query,793709256,2,15.7406,12.2
23,dbeaver,21.618,query,793709256,2,15.8062,25.7
23,dbeaver,21.873,query,740854472,2,15.8501,17.3
23,dbeaver,22.123,after-query,740854472,2,15.8579,3.1
23,dbeaver,22.377,after-query,740821704,2,15.8695,4.5
23,dbeaver,22.632,after-query,740821704,2,15.8779,3.3
23,dbeaver,22.888,after-query,740887240,2,15.8977,7.8
23,dbeaver,23.143,after-query,729598664,2,15.9039,2.4
23,dbeaver,23.398,after-query,729598664,2,15.9130,3.5
23,dbeaver,23.650,after-query,729598664,2,15.9201,2.8
23,dbeaver,23.902,after-query,729500360,2,15.9282,3.2
23,dbeaver,24.154,after-query,729500360,2,15.9393,4.4
23,dbeaver,24.407,after-query,729516744,2,15.9529,5.5
23,dbeaver,24.661,after-query,729565896,2,15.9681,5.9
23,dbeaver,24.916,after-query,729565896,2,15.9777,3.8
23,dbeaver,25.171,after-query,729565896,2,15.9871,3.7
23,dbeaver,25.425,after-query,729451184,2,15.9928,2.2
23,dbeaver,25.678,after-query,729418416,2,16.0046,4.7
23,dbeaver,25.933,after-query,729418416,2,16.0124,3.0
23,dbeaver,26.188,after-query,729418416,2,16.0231,4.2
23,dbeaver,26.442,after-query,729418416,2,16.0285,2.2
23,pgadmin,0.254,launch,10273752,1,0.1085,
23,pgadmin,0.509,launch,41781240,3,0.3414,90.0
23,pgadmin,0.764,launch,142709872,5,0.7979,178.9
23,pgadmin,1.019,launch,157095024,5,1.0262,90.2
23,pgadmin,1.272,launch,168088736,5,1.2474,87.1
23,pgadmin,1.528,launch,178001080,5,1.4820,91.3
23,pgadmin,1.783,launch,192173240,5,1.7012,86.4
23,pgadmin,2.036,launch,208704696,5,1.9385,93.8
23,pgadmin,2.287,launch,217846992,5,2.1710,92.7
23,pgadmin,2.542,launch,227333328,5,2.4054,91.6
23,pgadmin,2.795,launch,252827288,6,2.8712,185.3
23,pgadmin,3.050,launch,236885224,5,2.8557,89.0
23,pgadmin,3.305,launch,246682856,5,3.0936,93.6
23,pgadmin,3.559,launch,255448296,5,3.3449,98.6
23,pgadmin,3.814,launch,263689448,5,3.5545,82.2
23,pgadmin,4.069,launch,264279296,5,3.5876,13.1
23,pgadmin,4.321,launch,283301312,6,3.6781,35.8
23,pgadmin,4.575,settle,426415552,5,4.1061,208.7
23,pgadmin,4.831,settle,458774024,5,4.4143,120.8
23,pgadmin,5.085,settle,517346968,5,4.8661,176.7
23,pgadmin,5.335,settle,745969592,5,5.3366,188.3
23,pgadmin,5.588,settle,694278192,5,5.6552,127.8
23,pgadmin,5.843,settle,719427680,5,5.9705,120.1
23,pgadmin,6.098,settle,802347176,5,6.0979,50.1
23,pgadmin,6.351,settle,805542536,6,6.1938,38.6
23,pgadmin,6.604,settle,813259496,6,6.2861,36.1
23,pgadmin,6.859,settle,805575400,6,6.3191,13.1
23,pgadmin,7.115,settle,805722856,6,6.3450,9.9
23,pgadmin,7.368,settle,790633192,6,6.3813,14.4
23,pgadmin,7.620,settle,769743568,6,6.4149,13.3
23,pgadmin,7.875,settle,769841872,6,6.4536,15.2
23,pgadmin,8.131,settle,770120400,6,6.5089,21.7
23,pgadmin,8.386,settle,770185936,6,6.5401,12.2
23,pgadmin,8.641,settle,770284240,6,6.5796,15.6
23,pgadmin,8.896,settle,770366160,6,6.6088,11.5
23,pgadmin,9.151,settle,770464464,6,6.6375,11.1
23,pgadmin,9.404,query,770513616,6,6.6672,12.1
23,pgadmin,9.659,query,770546384,6,6.6908,9.2
23,pgadmin,9.913,query,773003984,6,6.7740,32.3
23,pgadmin,10.168,query,773135056,6,6.7985,9.4
23,pgadmin,10.423,query,773233360,6,6.8292,12.2
23,pgadmin,10.678,query,773331664,6,6.8614,12.6
23,pgadmin,10.929,query,660691664,6,6.9016,16.1
23,pgadmin,11.185,query,615570128,6,6.9329,12.1
23,pgadmin,11.435,query,615701200,6,6.9615,11.6
23,pgadmin,11.690,query,615717584,6,6.9951,13.2
23,pgadmin,11.943,query,616028880,6,7.0523,22.6
23,pgadmin,12.197,query,616241896,6,7.0828,12.1
23,pgadmin,12.453,query,616372968,6,7.1072,9.3
23,pgadmin,12.708,query,616520424,6,7.1375,12.3
23,pgadmin,12.963,query,616667880,6,7.1569,7.6
23,pgadmin,13.216,query,616848104,6,7.1785,8.5
23,pgadmin,13.471,query,616962792,6,7.2059,10.7
23,pgadmin,13.724,query,617077480,6,7.2319,10.2
23,pgadmin,13.975,query,618912488,6,7.2868,22.0
23,pgadmin,14.227,query,619059944,6,7.3150,11.3
23,pgadmin,14.479,query,619223784,6,7.3368,8.6
23,pgadmin,14.734,query,619420392,6,7.3613,9.6
23,pgadmin,14.989,query,619551464,6,7.3841,8.9
23,pgadmin,15.244,query,619698920,6,7.4107,10.4
23,pgadmin,15.499,query,619829992,6,7.4350,9.6
23,pgadmin,15.752,query,681859816,6,7.5649,51.4
23,pgadmin,16.003,query,723426024,6,7.9646,158.9
23,pgadmin,16.258,query,724671208,6,8.0041,15.1
23,pgadmin,16.508,query,724671208,6,8.0277,9.4
23,pgadmin,16.764,query,724671208,6,8.0484,8.2
23,pgadmin,17.017,query,722606824,6,8.0698,8.5
23,pgadmin,17.273,query,720378600,6,8.0913,8.3
23,pgadmin,17.525,query,784112384,6,8.3061,86.5
23,pgadmin,17.780,query,788650752,6,8.4934,72.5
23,pgadmin,18.035,query,805133056,6,8.6406,58.8
23,pgadmin,18.286,query,808426240,6,8.7588,46.5
23,pgadmin,18.541,query,815815424,6,8.9223,64.3
23,pgadmin,18.791,query,826104576,6,9.0965,69.9
23,pgadmin,19.046,query,828070656,6,9.1515,21.2
23,pgadmin,19.300,query,845011736,6,9.3707,87.8
23,pgadmin,19.552,query,853203736,6,9.4897,46.9
23,pgadmin,19.807,query,865671960,6,9.6719,72.6
23,pgadmin,20.063,query,874732312,6,9.8357,63.3
23,pgadmin,20.318,query,882072344,6,9.9217,33.6
23,pgadmin,20.572,query,887790384,6,10.0701,58.4
23,pgadmin,20.828,query,898374448,6,10.2617,75.1
23,pgadmin,21.079,query,903830344,6,10.4212,64.1
23,pgadmin,21.334,query,905616200,6,10.5534,51.5
23,pgadmin,21.588,query,913070920,6,10.6997,56.6
23,pgadmin,21.844,query,919198536,6,10.7637,25.0
23,pgadmin,22.099,query,925997944,6,10.9616,78.6
23,pgadmin,22.354,query,935254904,6,11.0944,51.6
23,pgadmin,22.608,query,932387704,6,11.1826,35.1
23,pgadmin,22.863,after-query,929995640,6,11.2023,7.8
23,pgadmin,23.118,after-query,930093944,6,11.2252,8.8
23,pgadmin,23.373,after-query,930143096,6,11.2459,8.1
23,pgadmin,23.625,after-query,930225016,6,11.2667,8.5
23,pgadmin,23.880,after-query,903912312,6,11.2998,12.8
23,pgadmin,24.135,after-query,904321912,6,11.3468,18.2
23,pgadmin,24.389,after-query,904420216,6,11.3723,10.0
23,pgadmin,24.643,after-query,904518520,6,11.3948,8.8
23,pgadmin,24.899,after-query,902994808,6,11.4161,8.4
23,pgadmin,25.153,after-query,903043960,6,11.4351,7.4
23,pgadmin,25.406,after-query,903109496,6,11.4536,7.3
23,pgadmin,25.659,after-query,903207800,6,11.4766,9.2
23,pgadmin,25.913,after-query,903551864,6,11.5290,20.4
23,pgadmin,26.168,after-query,903617400,6,11.5466,7.1
23,pgadmin,26.421,after-query,903633784,6,11.5709,9.4
23,pgadmin,26.675,after-query,869817208,6,11.5985,10.9
23,pgadmin,26.930,after-query,869882744,6,11.6224,9.5
23,pgadmin,27.183,after-query,869948280,6,11.6416,7.6
23,pgadmin,27.439,after-query,870030200,6,11.6634,8.7
23,dbgate,0.254,launch,9995152,1,0.1048,
23,dbgate,0.509,launch,53120144,3,0.3873,109.1
23,dbgate,0.764,launch,84348096,3,0.5899,79.8
23,dbgate,1.019,settle,219353792,4,0.9690,147.8
23,dbgate,1.274,settle,301766728,6,1.4196,176.9
23,dbgate,1.525,settle,617735144,8,2.3825,298.3
23,dbgate,1.777,settle,641181032,8,2.7730,151.7
23,dbgate,2.029,settle,642966888,8,2.8096,14.5
23,dbgate,2.284,settle,643638632,8,2.8820,28.7
23,dbgate,2.539,settle,643736936,8,2.9060,9.4
23,dbgate,2.793,settle,633578856,8,2.9191,5.2
23,dbgate,3.048,settle,633644392,8,2.9413,8.5
23,dbgate,3.303,settle,633628008,8,2.9547,5.3
23,dbgate,3.554,settle,629040488,8,2.9719,6.9
23,dbgate,3.807,settle,619046248,8,2.9840,4.8
23,dbgate,4.062,settle,608003384,8,3.0040,7.8
23,dbgate,4.316,settle,607987000,8,3.0155,4.5
23,dbgate,4.571,settle,607987000,8,3.0335,7.1
23,dbgate,4.827,settle,607987000,8,3.0456,4.7
23,dbgate,5.082,settle,608003384,8,3.0682,9.1
23,dbgate,5.337,settle,607987000,8,3.0770,3.4
23,dbgate,5.592,settle,607987000,8,3.0971,7.8
23,dbgate,5.847,settle,607987000,8,3.1099,5.0
23,dbgate,6.098,query,607970616,8,3.1251,6.2
23,dbgate,6.349,query,607954232,8,3.1370,4.7
23,dbgate,6.600,query,570664248,8,3.1601,9.1
23,dbgate,6.855,query,567207224,8,3.1728,5.0
23,dbgate,7.110,query,515466552,8,3.1920,7.6
23,dbgate,7.366,query,483812664,8,3.2087,6.5
23,dbgate,7.621,query,483812664,8,3.2278,7.5
23,dbgate,7.873,query,483796280,8,3.2389,4.5
23,dbgate,8.128,query,483829048,8,3.2556,6.4
23,dbgate,8.381,query,483829048,8,3.2716,6.3
23,dbgate,8.637,query,483812664,8,3.2858,5.6
23,dbgate,8.890,query,483829048,8,3.3004,5.8
23,dbgate,9.145,query,483796280,8,3.3154,5.9
23,dbgate,9.397,query,483878224,8,3.3277,5.0
23,dbgate,9.652,query,483861840,8,3.3388,4.3
23,dbgate,9.906,query,483878224,8,3.3509,4.7
23,dbgate,10.161,query,483861840,8,3.3636,5.0
23,dbgate,10.415,query,483878224,8,3.3758,4.8
23,dbgate,10.665,query,483861840,8,3.3870,4.4
23,dbgate,10.920,query,483878224,8,3.4012,5.7
23,dbgate,11.176,query,483861840,8,3.4136,4.9
23,dbgate,11.430,query,483910992,8,3.4296,6.3
23,dbgate,11.681,query,483894608,8,3.4407,4.4
23,dbgate,11.935,query,546923856,8,3.4943,20.9
23,dbgate,12.190,query,609199440,8,3.5581,25.1
23,dbgate,12.445,query,609199440,8,3.5701,4.6
23,dbgate,12.701,query,613213544,8,3.6723,40.5
23,dbgate,12.956,query,612722024,8,3.6947,8.7
23,dbgate,13.210,query,664807912,9,3.9940,119.7
23,dbgate,13.465,query,722479712,9,4.3131,125.2
23,dbgate,13.720,query,723642976,9,4.3609,18.5
23,dbgate,13.973,query,723626592,9,4.3745,5.4
23,dbgate,14.223,query,732506720,9,4.6377,104.9
23,dbgate,14.477,query,745106064,9,4.8693,92.6
23,dbgate,14.731,query,759114384,9,5.1141,94.9
23,dbgate,14.985,query,766225064,9,5.3190,81.2
23,dbgate,15.240,query,773073600,9,5.6305,121.8
23,dbgate,15.495,query,773335744,9,5.8607,89.4
23,dbgate,15.751,query,773417664,9,6.0167,61.6
23,dbgate,16.005,query,775416512,9,6.2061,75.2
23,dbgate,16.261,query,781019840,9,6.3725,64.6
23,dbgate,16.516,query,785771200,9,6.5210,58.6
23,dbgate,16.771,query,789949120,9,6.6542,51.5
23,dbgate,17.022,query,793029312,9,6.7676,44.7
23,dbgate,17.272,query,796732096,9,6.9215,62.2
23,dbgate,17.523,query,800598720,9,7.0601,55.3
23,dbgate,17.778,query,802613952,9,7.1633,40.1
23,dbgate,18.033,query,772270784,9,7.3250,63.8
23,dbgate,18.290,query,776071872,9,7.4718,57.6
23,dbgate,18.544,query,713206464,9,7.5818,42.6
23,dbgate,18.799,query,718039744,9,7.7346,60.4
23,dbgate,19.050,query,721398488,9,7.8645,51.4
23,dbgate,19.303,query,722283224,9,7.9156,20.2
23,dbgate,19.558,after-query,722283224,9,7.9307,6.0
23,dbgate,19.813,after-query,721726168,9,7.9487,6.9
23,dbgate,20.068,after-query,721742552,9,7.9663,7.0
23,dbgate,20.319,after-query,717007576,9,7.9788,5.1
23,dbgate,20.569,after-query,717007576,9,7.9928,5.5
23,dbgate,20.825,after-query,717007576,9,8.0110,7.2
23,dbgate,21.080,after-query,695462616,9,8.0275,6.5
23,dbgate,21.335,after-query,695544536,9,8.0462,7.2
23,dbgate,21.587,after-query,695511768,9,8.0614,6.1
23,dbgate,21.840,after-query,693168856,9,8.0819,8.1
23,dbgate,22.095,after-query,693185240,9,8.0965,5.7
23,dbgate,22.347,after-query,693168856,9,8.1094,5.2
23,dbgate,22.602,after-query,693168856,9,8.1256,6.3
23,dbgate,22.857,after-query,693168856,9,8.1375,4.8
23,dbgate,23.111,after-query,693185240,9,8.1510,5.2
23,dbgate,23.366,after-query,693201624,9,8.1660,5.9
23,dbgate,23.621,after-query,682109656,9,8.1867,8.1
23,dbgate,23.876,after-query,682093272,9,8.1994,5.0
23,dbgate,24.131,after-query,682109656,9,8.2117,4.9
24,pgpad,0.253,launch,16434112,1,0.1292,
24,pgpad,0.505,settle,47729136,4,0.3951,103.9
24,pgpad,0.755,settle,49007160,4,0.4693,30.0
24,pgpad,1.011,settle,224366192,5,0.7859,122.1
24,pgpad,1.264,settle,223727216,5,0.7871,0.5
24,pgpad,1.515,settle,219663984,5,0.7970,3.9
24,pgpad,1.766,settle,214961776,5,0.8159,7.6
24,pgpad,2.021,settle,199085680,5,0.8208,1.9
24,pgpad,2.277,settle,156618352,5,0.8242,1.3
24,pgpad,2.532,settle,156192368,5,0.8251,0.4
24,pgpad,2.783,settle,156110448,5,0.8260,0.3
24,pgpad,3.038,settle,155750000,5,0.8269,0.4
24,pgpad,3.293,settle,155750000,5,0.8274,0.2
24,pgpad,3.545,settle,155684464,5,0.8282,0.4
24,pgpad,3.795,settle,155684464,5,0.8284,0.1
24,pgpad,4.048,settle,155684464,5,0.8290,0.2
24,pgpad,4.303,settle,155684464,5,0.8292,0.1
24,pgpad,4.555,settle,155684464,5,0.8297,0.2
24,pgpad,4.809,settle,155684464,5,0.8297,0.0
24,pgpad,5.064,settle,155684464,5,0.8297,0.0
24,pgpad,5.319,settle,155684464,5,0.8301,0.2
24,pgpad,5.570,query,155586160,5,0.8359,2.3
24,pgpad,5.824,query,155586160,5,0.8362,0.1
24,pgpad,6.079,query,155438704,5,0.8371,0.4
24,pgpad,6.334,query,155438704,5,0.8376,0.2
24,pgpad,6.589,query,155340400,5,0.8379,0.1
24,pgpad,6.842,query,155291248,5,0.8384,0.2
24,pgpad,7.094,query,155291248,5,0.8385,0.0
24,pgpad,7.349,query,155061872,5,0.8387,0.1
24,pgpad,7.604,query,155061872,5,0.8387,0.0
24,pgpad,7.860,query,155061872,5,0.8387,0.0
24,pgpad,8.110,query,155061872,5,0.8387,0.0
24,pgpad,8.365,query,155061872,5,0.8387,0.0
24,pgpad,8.621,query,155061872,5,0.8387,0.0
24,pgpad,8.876,query,154799728,5,0.8457,2.8
24,pgpad,9.128,query,154898032,5,0.8543,3.4
24,pgpad,9.383,query,154898032,5,0.8554,0.4
24,pgpad,9.637,query,154898032,5,0.8561,0.3
24,pgpad,9.892,query,154898032,5,0.8567,0.2
24,pgpad,10.147,query,154898032,5,0.8572,0.2
24,pgpad,10.402,query,154799728,5,0.8579,0.3
24,pgpad,10.657,query,220532384,5,0.8906,12.7
24,pgpad,10.910,query,290770712,5,1.0174,49.5
24,pgpad,11.164,query,283660056,5,1.0201,1.1
24,pgpad,11.419,query,283660056,5,1.0268,2.6
24,pgpad,11.674,query,283545368,5,1.0294,1.1
24,pgpad,11.932,query,283938584,5,1.0730,16.6
24,pgpad,12.184,query,243650928,6,1.2139,56.1
24,pgpad,12.439,query,257200496,6,1.2410,10.6
24,pgpad,12.694,query,254284144,6,1.2432,0.9
24,pgpad,12.950,query,274239904,6,1.3008,22.3
24,pgpad,13.205,query,274141600,6,1.3045,1.4
24,pgpad,13.460,query,273191328,6,1.3274,9.0
24,pgpad,13.715,query,273306016,6,1.3548,10.8
24,pgpad,13.969,query,231805344,6,1.3573,1.0
24,pgpad,14.224,query,232346016,6,1.3918,13.5
24,pgpad,14.480,query,363745768,6,1.6576,103.7
24,pgpad,14.734,query,360911336,6,1.6604,1.1
24,pgpad,14.985,query,358814184,6,1.6746,5.6
24,pgpad,15.237,query,358355432,6,1.6777,1.2
24,pgpad,15.489,query,357093864,6,1.6885,4.3
24,pgpad,15.744,query,252285416,6,1.6926,1.6
24,pgpad,15.999,query,252301800,6,1.6968,1.7
24,pgpad,16.253,query,331370984,6,1.7276,12.2
24,pgpad,16.508,query,380604928,6,1.8047,30.0
24,pgpad,16.763,query,385962496,6,1.8265,8.6
24,pgpad,17.018,query,386519552,6,1.9056,30.9
24,pgpad,17.274,query,391860760,6,1.9314,10.0
24,pgpad,17.529,query,398873112,6,2.0012,28.0
24,pgpad,17.784,query,392827416,6,2.0042,1.1
24,pgpad,18.039,query,396022296,6,2.0320,10.9
24,pgpad,18.291,query,382636568,6,2.1071,30.2
24,pgpad,18.541,after-query,382587416,6,2.1101,1.1
24,pgpad,18.796,after-query,382521880,6,2.1150,1.9
24,pgpad,19.050,after-query,382095896,6,2.1177,1.0
24,pgpad,19.304,after-query,380899864,6,2.1204,1.1
24,pgpad,19.558,after-query,256365080,6,2.1219,0.6
24,pgpad,19.812,after-query,256299544,6,2.1229,0.4
24,pgpad,20.067,after-query,256299544,6,2.1237,0.3
24,pgpad,20.320,after-query,256266776,6,2.1243,0.2
24,pgpad,20.574,after-query,256201240,6,2.1252,0.4
24,pgpad,20.829,after-query,256102936,6,2.1260,0.3
24,pgpad,21.081,after-query,256152088,6,2.1323,2.5
24,pgpad,21.337,after-query,256152088,6,2.1327,0.2
24,pgpad,21.592,after-query,256102936,6,2.1338,0.4
24,pgpad,21.847,after-query,256086576,6,2.1351,0.5
24,pgpad,22.098,after-query,256086576,6,2.1358,0.3
24,pgpad,22.353,after-query,256086576,6,2.1362,0.2
24,pgpad,22.606,after-query,256086576,6,2.1364,0.1
24,pgpad,22.861,after-query,256086576,6,2.1364,0.0
24,pgpad,23.116,after-query,256086576,6,2.1364,0.0
24,pgpad,23.372,after-query,256037424,6,2.1366,0.1
24,pgpad,23.624,after-query,256037424,6,2.1366,0.0
24,dbgate,0.255,launch,10142632,1,0.1054,
24,dbgate,0.506,launch,57330784,3,0.4221,124.2
24,dbgate,0.758,launch,90770648,3,0.6307,82.5
24,dbgate,1.013,settle,191124256,4,1.0486,165.1
24,dbgate,1.263,settle,382083184,7,1.7348,273.7
24,dbgate,1.518,settle,626451816,8,2.6335,341.5
24,dbgate,1.773,settle,635217304,8,2.7766,57.5
24,dbgate,2.028,settle,635610520,8,2.8335,22.5
24,dbgate,2.279,settle,635774360,8,2.8691,14.2
24,dbgate,2.534,settle,635774360,8,2.8840,5.8
24,dbgate,2.787,settle,625649048,8,2.9017,6.9
24,dbgate,3.041,settle,625665432,8,2.9211,7.7
24,dbgate,3.294,settle,621094296,8,2.9365,6.0
24,dbgate,3.549,settle,621077912,8,2.9510,5.8
24,dbgate,3.804,settle,609297816,8,2.9689,6.9
24,dbgate,4.059,settle,599844200,8,2.9843,6.2
24,dbgate,4.314,settle,599844200,8,2.9955,4.3
24,dbgate,4.570,settle,599827816,8,3.0093,5.4
24,dbgate,4.825,settle,599844200,8,3.0265,6.7
24,dbgate,5.080,settle,599844200,8,3.0439,6.9
24,dbgate,5.335,settle,599876968,8,3.0597,6.2
24,dbgate,5.589,settle,599811432,8,3.0742,5.7
24,dbgate,5.845,settle,599827816,8,3.0909,6.6
24,dbgate,6.100,query,599778688,8,3.1026,4.7
24,dbgate,6.353,query,555246976,8,3.1226,7.7
24,dbgate,6.609,query,555050368,8,3.1390,6.4
24,dbgate,6.859,query,525477248,8,3.1567,7.2
24,dbgate,7.114,query,488465816,8,3.1731,6.4
24,dbgate,7.370,query,488482200,8,3.1927,7.6
24,dbgate,7.625,query,488482200,8,3.2073,5.8
24,dbgate,7.880,query,488498584,8,3.2231,6.1
24,dbgate,8.135,query,488482200,8,3.2369,5.5
24,dbgate,8.390,query,488498584,8,3.2524,5.9
24,dbgate,8.646,query,488433048,8,3.2645,4.8
24,dbgate,8.901,query,488449432,8,3.2807,6.3
24,dbgate,9.155,query,488433048,8,3.2916,4.4
24,dbgate,9.408,query,488547736,8,3.3053,5.4
24,dbgate,9.662,query,488564120,8,3.3160,4.2
24,dbgate,9.917,query,488580504,8,3.3305,5.7
24,dbgate,10.172,query,488564120,8,3.3413,4.3
24,dbgate,10.427,query,488580504,8,3.3543,5.1
24,dbgate,10.682,query,488564120,8,3.3689,5.7
24,dbgate,10.937,query,488580504,8,3.3861,6.7
24,dbgate,11.192,query,488564120,8,3.3960,3.9
24,dbgate,11.447,query,488596888,8,3.4133,6.8
24,dbgate,11.698,query,488580504,8,3.4241,4.4
24,dbgate,11.953,query,548382104,8,3.4775,20.3
24,dbgate,12.208,query,610395544,8,3.5433,26.4
24,dbgate,12.463,query,610395544,8,3.5615,7.1
24,dbgate,12.718,query,611263896,8,3.5994,15.0
24,dbgate,12.973,query,627681288,9,3.7520,60.7
24,dbgate,13.226,query,674064896,9,4.0060,99.4
24,dbgate,13.481,query,750693008,9,4.2689,101.5
24,dbgate,13.735,query,751020688,9,4.2962,10.8
24,dbgate,13.990,query,751053456,9,4.3206,9.4
24,dbgate,14.241,query,766749376,9,4.6492,133.1
24,dbgate,14.492,query,769616576,9,4.8753,90.1
24,dbgate,14.747,query,778054360,9,5.1771,118.4
24,dbgate,15.001,query,779102936,9,5.4008,88.1
24,dbgate,15.253,query,787376880,9,5.6526,100.0
24,dbgate,15.506,query,792701704,9,5.8821,90.1
24,dbgate,15.761,query,798141192,9,6.0746,75.8
24,dbgate,16.012,query,806120200,9,6.2607,74.3
24,dbgate,16.267,query,827648800,9,6.4310,66.3
24,dbgate,16.520,query,831449888,9,6.5785,58.9
24,dbgate,16.775,query,834890528,9,6.7166,54.0
24,dbgate,17.029,query,833743648,9,6.9020,73.6
24,dbgate,17.283,query,833825568,9,7.0344,51.2
24,dbgate,17.537,query,833923872,9,7.1717,54.1
24,dbgate,17.791,query,834005792,9,7.2733,40.1
24,dbgate,18.046,query,795552544,9,7.4229,58.2
24,dbgate,18.298,query,795421472,9,7.5740,60.4
24,dbgate,18.550,query,704523040,9,7.6837,43.9
24,dbgate,18.805,query,706636576,9,7.8119,49.9
24,dbgate,19.057,query,706849568,9,7.9668,62.4
24,dbgate,19.308,query,706980640,9,7.9916,9.8
24,dbgate,19.562,after-query,706439968,9,8.0105,7.3
24,dbgate,19.817,after-query,706423584,9,8.0258,6.0
24,dbgate,20.073,after-query,706456352,9,8.0425,6.7
24,dbgate,20.328,after-query,701197088,9,8.0535,4.2
24,dbgate,20.582,after-query,685517600,9,8.0756,8.7
24,dbgate,20.835,after-query,673688328,9,8.0931,6.9
24,dbgate,21.089,after-query,663890696,9,8.1104,6.8
24,dbgate,21.344,after-query,663989000,9,8.1296,7.5
24,dbgate,21.599,after-query,661809928,9,8.1523,8.9
24,dbgate,21.855,after-query,661793544,9,8.1653,5.1
24,dbgate,22.110,after-query,661777160,9,8.1814,6.3
24,dbgate,22.365,after-query,661760776,9,8.1952,5.4
24,dbgate,22.617,after-query,661777160,9,8.2127,7.1
24,dbgate,22.873,after-query,661760776,9,8.2261,5.2
24,dbgate,23.123,after-query,661728008,9,8.2434,7.0
24,dbgate,23.377,after-query,661760776,9,8.2575,5.5
24,dbgate,23.632,after-query,661777160,9,8.2758,7.1
24,dbgate,23.887,after-query,661760776,9,8.2887,5.1
24,pgadmin,0.255,launch,10404776,1,0.1101,
24,pgadmin,0.510,launch,43468936,3,0.3523,93.7
24,pgadmin,0.765,launch,140760128,5,0.8049,176.6
24,pgadmin,1.021,launch,154997872,5,1.0359,91.1
24,pgadmin,1.276,launch,165663856,5,1.2585,87.4
24,pgadmin,1.529,launch,174134408,5,1.4884,90.3
24,pgadmin,1.781,launch,188060832,5,1.7060,86.5
24,pgadmin,2.036,launch,203953312,5,1.9452,93.8
24,pgadmin,2.287,launch,215962784,5,2.1789,93.5
24,pgadmin,2.537,launch,225055904,5,2.4109,91.9
24,pgadmin,2.792,launch,248518296,6,2.8462,171.4
24,pgadmin,3.047,launch,234411216,5,2.8605,87.8
24,pgadmin,3.302,launch,242570472,5,3.1018,93.8
24,pgadmin,3.557,launch,252433640,5,3.3510,98.1
24,pgadmin,3.812,launch,261444984,6,3.5647,83.8
24,pgadmin,4.067,launch,261936360,5,3.6094,17.9
24,pgadmin,4.322,launch,280860072,6,3.7412,51.6
24,pgadmin,4.577,settle,383669768,5,4.1390,202.7
24,pgadmin,4.832,settle,458085920,5,4.4633,128.0
24,pgadmin,5.088,settle,513381992,5,4.8689,158.1
24,pgadmin,5.343,settle,740267960,5,5.3869,202.4
24,pgadmin,5.594,settle,696375368,5,5.6885,120.8
24,pgadmin,5.849,settle,724211880,5,5.9932,120.2
24,pgadmin,6.104,settle,839751896,5,6.1565,63.0
24,pgadmin,6.357,settle,843176656,6,6.2495,37.1
24,pgadmin,6.609,settle,850893664,6,6.3425,36.8
24,pgadmin,6.863,settle,843209568,6,6.3747,12.6
24,pgadmin,7.116,settle,841210720,6,6.4020,11.0
24,pgadmin,7.371,settle,827513696,6,6.4406,14.7
24,pgadmin,7.626,settle,783227744,6,6.4782,15.0
24,pgadmin,7.881,settle,783457144,6,6.5109,12.6
24,pgadmin,8.137,settle,783735648,6,6.5650,21.3
24,pgadmin,8.392,settle,783801184,6,6.5995,13.5
24,pgadmin,8.647,settle,783915872,6,6.6378,15.1
24,pgadmin,8.903,settle,783981408,6,6.6687,11.9
24,pgadmin,9.158,settle,784096096,6,6.6995,12.2
24,pgadmin,9.412,query,784145248,6,6.7251,10.4
24,pgadmin,9.666,query,784227168,6,6.7467,8.5
24,pgadmin,9.920,query,785587040,6,6.8310,32.9
24,pgadmin,10.176,query,785718112,6,6.8556,9.5
24,pgadmin,10.429,query,785865568,6,6.8879,12.9
24,pgadmin,10.684,query,786013024,6,6.9199,12.4
24,pgadmin,10.940,query,665787232,6,6.9528,13.2
24,pgadmin,11.195,query,620796768,6,6.9775,9.6
24,pgadmin,11.450,query,620862304,6,7.0060,11.2
24,pgadmin,11.701,query,620927840,6,7.0370,12.2
24,pgadmin,11.956,query,621271904,6,7.0930,21.8
24,pgadmin,12.212,query,621452128,6,7.1219,11.3
24,pgadmin,12.467,query,621583200,6,7.1499,10.9
24,pgadmin,12.722,query,621779808,6,7.1796,12.0
24,pgadmin,12.974,query,621861728,6,7.2008,8.3
24,pgadmin,13.229,query,622025568,6,7.2382,14.6
24,pgadmin,13.482,query,622156640,6,7.2632,9.9
24,pgadmin,13.737,query,622304096,6,7.2872,9.4
24,pgadmin,13.992,query,624073568,6,7.3367,19.6
24,pgadmin,14.247,query,624204640,6,7.3604,9.3
24,pgadmin,14.502,query,624434016,6,7.3816,8.3
24,pgadmin,14.757,query,624532320,6,7.4050,9.2
24,pgadmin,15.011,query,624647008,6,7.4265,8.4
24,pgadmin,15.267,query,624794464,6,7.4564,11.6
24,pgadmin,15.520,query,624958304,6,7.4796,9.3
24,pgadmin,15.771,query,699767648,6,7.6471,66.7
24,pgadmin,16.026,query,733748040,6,8.0385,150.8
24,pgadmin,16.281,query,734452552,6,8.0851,18.4
24,pgadmin,16.537,query,734452552,6,8.1040,7.3
24,pgadmin,16.792,query,734485320,6,8.1278,9.2
24,pgadmin,17.047,query,732388168,6,8.1504,9.0
24,pgadmin,17.302,query,730045256,6,8.1733,8.8
24,pgadmin,17.557,query,788421472,6,8.4420,106.8
24,pgadmin,17.812,query,790846304,6,8.6179,69.3
24,pgadmin,18.067,query,808491872,6,8.7853,65.6
24,pgadmin,18.318,query,812047200,6,8.8996,45.7
24,pgadmin,18.573,query,822877024,6,9.0554,60.7
24,pgadmin,18.828,query,835115920,6,9.2246,66.1
24,pgadmin,19.078,query,835787664,6,9.2639,15.9
24,pgadmin,19.332,query,851090344,6,9.5038,93.6
24,pgadmin,19.586,query,857889704,6,9.6120,42.4
24,pgadmin,19.839,query,871062464,6,9.8050,76.2
24,pgadmin,20.091,query,880450496,6,9.9869,72.3
24,pgadmin,20.345,query,886905816,6,10.0640,30.3
24,pgadmin,20.600,query,893475800,6,10.2244,63.0
24,pgadmin,20.855,query,903289816,6,10.4062,71.5
24,pgadmin,21.110,query,903027696,6,10.5783,66.7
24,pgadmin,21.362,query,911793136,6,10.7105,53.2
24,pgadmin,21.615,query,919952368,6,10.8661,61.5
24,pgadmin,21.870,query,918117360,6,10.9067,15.7
24,pgadmin,22.125,query,929307632,6,11.1250,87.2
24,pgadmin,22.380,query,938646512,6,11.2440,46.2
24,pgadmin,22.632,query,940694512,6,11.3279,33.2
24,pgadmin,22.887,query,940628976,6,11.3486,8.3
24,pgadmin,23.142,after-query,940710896,6,11.3696,8.0
24,pgadmin,23.398,after-query,940792816,6,11.3892,7.7
24,pgadmin,23.653,after-query,938810352,6,11.4101,8.3
24,pgadmin,23.908,after-query,914660288,6,11.4697,23.5
24,pgadmin,24.163,after-query,914725824,6,11.4858,6.3
24,pgadmin,24.417,after-query,914807744,6,11.5065,8.0
24,pgadmin,24.669,after-query,914889664,6,11.5288,8.8
24,pgadmin,24.923,after-query,913382336,6,11.5517,9.1
24,pgadmin,25.173,after-query,913431488,6,11.5738,8.8
24,pgadmin,25.427,after-query,913497024,6,11.5983,9.7
24,pgadmin,25.683,after-query,913578944,6,11.6231,9.8
24,pgadmin,25.938,after-query,913906624,6,11.6782,21.3
24,pgadmin,26.193,after-query,889936832,6,11.7024,9.5
24,pgadmin,26.448,after-query,889985984,6,11.7297,10.7
24,pgadmin,26.700,after-query,890035136,6,11.7521,9.0
24,pgadmin,26.955,after-query,890100672,6,11.7698,7.0
24,pgadmin,27.207,after-query,890166208,6,11.7890,7.5
24,pgadmin,27.459,after-query,870931392,6,11.8097,8.5
24,dbeaver,0.255,launch,18989992,1,0.0993,
24,dbeaver,0.510,launch,63292400,1,0.5108,159.6
24,dbeaver,0.765,launch,106038328,1,1.0951,232.3
24,dbeaver,1.020,launch,137528376,1,1.6679,221.1
24,dbeaver,1.275,launch,158975056,1,2.3136,253.1
24,dbeaver,1.530,launch,178881856,1,2.9395,245.4
24,dbeaver,1.785,launch,212403592,1,3.7237,308.0
24,dbeaver,2.041,launch,247350664,1,4.1775,177.4
24,dbeaver,2.296,launch,263374216,1,4.8045,246.6
24,dbeaver,2.551,launch,283477384,1,5.7468,366.1
24,dbeaver,2.806,launch,293242248,1,6.7232,385.0
24,dbeaver,3.061,launch,312640928,1,7.4327,277.9
24,dbeaver,3.316,launch,319260208,1,8.1773,291.8
24,dbeaver,3.567,launch,511789072,1,8.7853,242.8
24,dbeaver,3.822,settle,827722416,2,9.5898,318.8
24,dbeaver,4.077,settle,950307528,2,10.3364,288.8
24,dbeaver,4.328,settle,948652744,2,10.4963,63.5
24,dbeaver,4.583,settle,1023068896,2,11.2723,305.0
24,dbeaver,4.838,settle,1022184160,2,11.3043,12.4
24,dbeaver,5.093,settle,940493536,2,11.3447,15.7
24,dbeaver,5.348,settle,831769312,2,11.3683,9.3
24,dbeaver,5.599,settle,791825120,2,11.3768,3.4
24,dbeaver,5.849,settle,732891872,2,11.3964,7.9
24,dbeaver,6.099,settle,724191968,2,11.4074,4.4
24,dbeaver,6.354,settle,724224736,2,11.4235,6.3
24,dbeaver,6.609,settle,724257504,2,11.4331,3.7
24,dbeaver,6.864,settle,724290272,2,11.4479,5.8
24,dbeaver,7.120,settle,724323040,2,11.4542,2.5
24,dbeaver,7.375,settle,724355808,2,11.4622,3.1
24,dbeaver,7.630,settle,724388576,2,11.4731,4.4
24,dbeaver,7.885,settle,724421344,2,11.4857,4.8
24,dbeaver,8.140,settle,724454112,2,11.4982,4.9
24,dbeaver,8.395,settle,724437728,2,11.5061,3.1
24,dbeaver,8.650,settle,724372192,2,11.5216,6.2
24,dbeaver,8.905,query,724355808,2,11.5301,3.4
24,dbeaver,9.156,query,724372192,2,11.5457,6.0
24,dbeaver,9.409,query,724323064,2,11.5510,2.1
24,dbeaver,9.664,query,724339448,2,11.5599,3.5
24,dbeaver,9.919,query,724388600,2,11.5677,3.0
24,dbeaver,10.175,query,724404984,2,11.5743,2.6
24,dbeaver,10.430,query,724454136,2,11.5870,5.0
24,dbeaver,10.683,query,724470520,2,11.5947,3.1
24,dbeaver,10.937,query,724437752,2,11.6076,5.1
24,dbeaver,11.192,query,724519672,2,11.6199,4.8
24,dbeaver,11.447,query,724552440,2,11.6326,5.0
24,dbeaver,11.702,query,724781816,2,11.6453,4.9
24,dbeaver,11.957,query,724814584,2,11.6590,5.5
24,dbeaver,12.213,query,724830968,2,11.6643,2.1
24,dbeaver,12.468,query,724880120,2,11.6732,3.5
24,dbeaver,12.723,query,724880120,2,11.6781,2.0
24,dbeaver,12.975,query,724945656,2,11.6857,3.0
24,dbeaver,13.230,query,724962040,2,11.6965,4.2
24,dbeaver,13.483,query,724994808,2,11.7026,2.4
24,dbeaver,13.736,query,725043960,2,11.7097,2.8
24,dbeaver,13.992,query,725224160,2,11.7407,11.9
24,dbeaver,14.247,query,764545760,2,11.8079,26.6
24,dbeaver,14.502,query,765610720,2,11.8818,28.9
24,dbeaver,14.757,query,770149088,2,11.9997,46.2
24,dbeaver,15.013,query,772655840,2,12.0829,32.4
24,dbeaver,15.268,query,772655840,2,12.0950,4.7
24,dbeaver,15.521,query,772901600,2,12.1271,12.9
24,dbeaver,15.773,query,735185632,2,12.1489,8.6
24,dbeaver,16.028,query,732105440,2,12.1613,4.9
24,dbeaver,16.284,query,732121824,2,12.1696,3.2
24,dbeaver,16.537,query,857443040,2,12.4106,96.6
24,dbeaver,16.792,query,914377440,2,13.2602,333.9
24,dbeaver,17.046,query,893356768,2,13.9198,258.4
24,dbeaver,17.301,query,925534944,2,14.1280,80.8
24,dbeaver,17.556,query,924437216,2,14.2541,49.3
24,dbeaver,17.811,query,924437216,2,14.2712,6.7
24,dbeaver,18.064,query,924060408,2,14.3089,14.9
24,dbeaver,18.318,query,749603576,2,14.4422,52.7
24,dbeaver,18.573,query,749751032,2,14.4828,15.9
24,dbeaver,18.828,query,761252600,2,14.6175,52.6
24,dbeaver,19.079,query,756468472,2,14.6964,32.1
24,dbeaver,19.334,query,756534008,2,14.7784,31.3
24,dbeaver,19.587,query,756517624,2,14.8634,34.6
24,dbeaver,19.842,query,745343736,2,15.0123,56.7
24,dbeaver,20.096,query,745491192,2,15.1397,50.7
24,dbeaver,20.352,query,745622264,2,15.2670,49.6
24,dbeaver,20.607,query,743541496,2,15.3293,24.5
24,dbeaver,20.861,query,856492792,2,15.4745,58.0
24,dbeaver,21.116,query,877873912,2,15.6048,50.4
24,dbeaver,21.371,query,875858680,2,15.6885,32.8
24,dbeaver,21.626,query,871647992,2,15.7563,26.2
24,dbeaver,21.882,query,871697144,2,15.8131,22.7
24,dbeaver,22.137,query,751602424,2,15.8854,28.3
24,dbeaver,22.391,after-query,751602424,2,15.8942,3.5
24,dbeaver,22.643,after-query,751553272,2,15.9044,4.0
24,dbeaver,22.899,after-query,751586040,2,15.9143,3.9
24,dbeaver,23.154,after-query,746670840,2,15.9221,3.1
24,dbeaver,23.409,after-query,735382264,2,15.9362,5.5
24,dbeaver,23.664,after-query,735382264,2,15.9438,3.0
24,dbeaver,23.920,after-query,735382264,2,15.9546,4.3
24,dbeaver,24.174,after-query,735283960,2,15.9621,2.9
24,dbeaver,24.429,after-query,735283960,2,15.9748,5.0
24,dbeaver,24.683,after-query,735316728,2,15.9905,6.1
24,dbeaver,24.934,after-query,735382264,2,16.0111,8.3
24,dbeaver,25.190,after-query,735382264,2,16.0170,2.3
24,dbeaver,25.445,after-query,735251192,2,16.0321,5.9
24,dbeaver,25.700,after-query,735218424,2,16.0394,2.9
24,dbeaver,25.955,after-query,735152888,2,16.0469,3.0
24,dbeaver,26.210,after-query,734923488,2,16.0544,2.9
24,dbeaver,26.462,after-query,734923488,2,16.0624,3.2
24,dbeaver,26.717,after-query,734989024,2,16.0817,7.7
25,pgpad,0.254,launch,19629280,2,0.1410,
25,pgpad,0.507,settle,48122424,4,0.3947,98.5
25,pgpad,0.758,settle,53299936,4,0.4880,37.3
25,pgpad,1.009,settle,231984776,5,0.7800,115.0
25,pgpad,1.265,settle,231706248,5,0.7842,1.6
25,pgpad,1.520,settle,227741320,5,0.7900,2.3
25,pgpad,1.771,settle,223432328,5,0.8158,10.2
25,pgpad,2.026,settle,222678664,5,0.8216,2.3
25,pgpad,2.280,settle,158584456,5,0.8250,1.4
25,pgpad,2.535,settle,158011016,5,0.8265,0.6
25,pgpad,2.791,settle,157978248,5,0.8273,0.3
25,pgpad,3.046,settle,157945480,5,0.8280,0.3
25,pgpad,3.301,settle,157798024,5,0.8288,0.3
25,pgpad,3.555,settle,157748872,5,0.8292,0.2
25,pgpad,3.810,settle,157748872,5,0.8297,0.2
25,pgpad,4.065,settle,157748872,5,0.8300,0.2
25,pgpad,4.320,settle,157748872,5,0.8304,0.1
25,pgpad,4.575,settle,157748872,5,0.8307,0.1
25,pgpad,4.829,settle,157748872,5,0.8307,0.0
25,pgpad,5.084,settle,157748872,5,0.8307,0.0
25,pgpad,5.339,settle,157748872,5,0.8313,0.2
25,pgpad,5.594,query,157552264,5,0.8363,2.0
25,pgpad,5.845,query,157552264,5,0.8365,0.1
25,pgpad,6.097,query,157388424,5,0.8375,0.4
25,pgpad,6.352,query,157355656,5,0.8376,0.1
25,pgpad,6.605,query,157306504,5,0.8380,0.1
25,pgpad,6.858,query,157306504,5,0.8383,0.1
25,pgpad,7.113,query,157306504,5,0.8383,0.0
25,pgpad,7.369,query,157093512,5,0.8384,0.1
25,pgpad,7.619,query,157093512,5,0.8384,0.0
25,pgpad,7.872,query,157093512,5,0.8384,0.0
25,pgpad,8.127,query,157093512,5,0.8384,0.0
25,pgpad,8.379,query,157093512,5,0.8384,0.0
25,pgpad,8.634,query,157093512,5,0.8385,0.0
25,pgpad,8.889,query,157027976,5,0.8504,4.7
25,pgpad,9.144,query,157027976,5,0.8544,1.6
25,pgpad,9.399,query,157027976,5,0.8555,0.4
25,pgpad,9.654,query,157011592,5,0.8564,0.4
25,pgpad,9.909,query,157011592,5,0.8568,0.1
25,pgpad,10.162,query,157011592,5,0.8575,0.3
25,pgpad,10.413,query,157011592,5,0.8577,0.1
25,pgpad,10.666,query,226446984,5,0.8953,14.8
25,pgpad,10.921,query,291835648,5,1.0244,50.1
25,pgpad,11.176,query,284692224,5,1.0287,1.7
25,pgpad,11.431,query,284692224,5,1.0342,2.1
25,pgpad,11.686,query,284512000,5,1.0372,1.2
25,pgpad,11.938,query,303910680,5,1.0972,24.2
25,pgpad,12.193,query,257315208,6,1.2253,49.7
25,pgpad,12.447,query,270897544,6,1.2503,9.9
25,pgpad,12.701,query,271634824,6,1.2651,5.8
25,pgpad,12.954,query,279122336,6,1.2939,11.3
25,pgpad,13.205,query,273060256,6,1.2969,1.2
25,pgpad,13.460,query,272060832,6,1.3237,10.6
25,pgpad,13.715,query,255005088,6,1.3490,9.8
25,pgpad,13.970,query,213504416,6,1.3518,1.1
25,pgpad,14.221,query,280957344,6,1.4493,38.6
25,pgpad,14.476,query,365334992,6,1.6657,86.3
25,pgpad,14.731,query,365285840,6,1.6689,1.3
25,pgpad,14.986,query,362516944,6,1.6820,5.1
25,pgpad,15.241,query,361697744,6,1.6835,0.6
25,pgpad,15.496,query,288543184,6,1.6948,4.4
25,pgpad,15.747,query,263934416,6,1.6986,1.6
25,pgpad,15.999,query,263950800,6,1.7065,3.1
25,pgpad,16.252,query,342053328,6,1.7485,16.6
25,pgpad,16.507,query,387289576,6,1.8153,25.8
25,pgpad,16.758,query,398447080,6,1.8397,9.9
25,pgpad,17.014,query,393220584,6,1.9158,29.4
25,pgpad,17.269,query,393335272,6,1.9448,11.4
25,pgpad,17.524,query,394121704,6,2.0132,26.7
25,pgpad,17.779,query,394105320,6,2.0158,1.0
25,pgpad,18.034,query,394416616,6,2.0572,15.9
25,pgpad,18.290,after-query,380735976,6,2.1141,22.9
25,pgpad,18.545,after-query,375771624,6,2.1188,1.8
25,pgpad,18.800,after-query,375345640,6,2.1222,1.3
25,pgpad,19.055,after-query,373838312,6,2.1237,0.6
25,pgpad,19.311,after-query,276566504,6,2.1257,0.8
25,pgpad,19.566,after-query,263279080,6,2.1273,0.6
25,pgpad,19.821,after-query,263246312,6,2.1283,0.4
25,pgpad,20.076,after-query,263246312,6,2.1292,0.4
25,pgpad,20.331,after-query,263213544,6,2.1296,0.1
25,pgpad,20.587,after-query,263115240,6,2.1299,0.1
25,pgpad,20.838,after-query,263000552,6,2.1304,0.2
25,pgpad,21.092,after-query,263049704,6,2.1357,2.1
25,pgpad,21.346,after-query,263049704,6,2.1363,0.2
25,pgpad,21.598,after-query,263000552,6,2.1370,0.3
25,pgpad,21.852,after-query,263000552,6,2.1377,0.3
25,pgpad,22.107,after-query,263000552,6,2.1381,0.1
25,pgpad,22.358,after-query,263000552,6,2.1388,0.3
25,pgpad,22.613,after-query,262951400,6,2.1391,0.1
25,pgpad,22.866,after-query,262951400,6,2.1391,0.0
25,pgpad,23.121,after-query,262951400,6,2.1391,0.0
25,pgpad,23.376,after-query,262951400,6,2.1391,0.0
25,pgadmin,0.253,launch,10322928,1,0.1101,
25,pgadmin,0.508,launch,56741152,3,0.4139,117.8
25,pgadmin,0.763,launch,149787856,5,0.8138,156.2
25,pgadmin,1.015,launch,161453264,5,1.0445,91.9
25,pgadmin,1.270,launch,171513064,5,1.2689,87.6
25,pgadmin,1.525,launch,181130520,5,1.5005,91.0
25,pgadmin,1.780,launch,187667736,5,1.7225,86.6
25,pgadmin,2.035,launch,204215576,5,1.9606,93.2
25,pgadmin,2.291,launch,214701360,5,2.1958,92.9
25,pgadmin,2.546,launch,234690272,6,2.4500,99.5
25,pgadmin,2.801,launch,254711568,6,2.9303,188.2
25,pgadmin,3.054,launch,236819808,5,2.8826,90.5
25,pgadmin,3.309,launch,247879008,5,3.1195,93.0
25,pgadmin,3.564,launch,256447840,5,3.3718,98.9
25,pgadmin,3.816,launch,263673184,5,3.5711,80.2
25,pgadmin,4.067,launch,264164704,5,3.6053,13.3
25,pgadmin,4.322,settle,269898912,6,3.7348,82.9
25,pgadmin,4.577,settle,424482360,5,4.2808,211.6
25,pgadmin,4.828,settle,463689320,5,4.5382,115.6
25,pgadmin,5.083,settle,595580784,5,5.1668,250.3
25,pgadmin,5.339,settle,760240176,5,5.4662,116.0
25,pgadmin,5.592,settle,696899704,5,5.8124,136.7
25,pgadmin,5.846,settle,790845680,5,6.1514,132.3
25,pgadmin,6.101,settle,791484680,5,6.1851,13.2
25,pgadmin,6.356,settle,799595360,6,6.3189,53.3
25,pgadmin,6.611,settle,802511712,6,6.3659,18.5
25,pgadmin,6.866,settle,802593608,6,6.4053,15.2
25,pgadmin,7.121,settle,798350152,6,6.4423,14.6
25,pgadmin,7.377,settle,764156768,6,6.4790,14.2
25,pgadmin,7.629,settle,764042080,6,6.5151,14.4
25,pgadmin,7.880,settle,764418888,6,6.5726,22.9
25,pgadmin,8.134,settle,764468040,6,6.6032,11.9
25,pgadmin,8.389,settle,764566344,6,6.6342,12.3
25,pgadmin,8.644,settle,764664648,6,6.6732,15.3
25,pgadmin,8.897,settle,764762952,6,6.7023,11.6
25,pgadmin,9.153,settle,764861256,6,6.7401,14.6
25,pgadmin,9.408,query,764894024,6,6.7631,9.3
25,pgadmin,9.662,query,764943176,6,6.7881,9.8
25,pgadmin,9.917,query,765909832,6,6.8645,29.5
25,pgadmin,10.170,query,766024520,6,6.8885,9.6
25,pgadmin,10.425,query,766171976,6,6.9168,10.8
25,pgadmin,10.677,query,766352200,6,6.9525,14.3
25,pgadmin,10.932,query,668670792,6,6.9912,15.2
25,pgadmin,11.184,query,623663944,6,7.0258,13.7
25,pgadmin,11.439,query,623811400,6,7.0572,12.4
25,pgadmin,11.694,query,623844168,6,7.0816,9.5
25,pgadmin,11.949,query,624171848,6,7.1362,21.6
25,pgadmin,12.202,query,624319304,6,7.1696,13.1
25,pgadmin,12.458,query,624483144,6,7.1971,10.7
25,pgadmin,12.711,query,624614216,6,7.2257,11.7
25,pgadmin,12.962,query,624745288,6,7.2481,8.9
25,pgadmin,13.217,query,624876360,6,7.2702,8.6
25,pgadmin,13.470,query,625056584,6,7.2920,8.6
25,pgadmin,13.725,query,625204064,6,7.3182,10.2
25,pgadmin,13.980,query,626989920,6,7.3721,21.2
25,pgadmin,14.235,query,627104608,6,7.4013,11.4
25,pgadmin,14.487,query,627333984,6,7.4307,11.6
25,pgadmin,14.742,query,627465056,6,7.4568,10.3
25,pgadmin,14.997,query,627579744,6,7.4757,7.5
25,pgadmin,15.252,query,627759968,6,7.4998,9.5
25,pgadmin,15.507,query,627907424,6,7.5205,8.1
25,pgadmin,15.762,query,730356576,6,7.8517,128.8
25,pgadmin,16.017,query,733633376,6,8.0560,79.0
25,pgadmin,16.272,query,733780832,6,8.0870,12.2
25,pgadmin,16.527,query,733780832,6,8.1076,8.0
25,pgadmin,16.782,query,731487072,6,8.1272,7.8
25,pgadmin,17.037,query,729406304,6,8.1449,6.9
25,pgadmin,17.292,query,730110816,6,8.2077,25.0
25,pgadmin,17.545,query,803265400,6,8.4749,106.1
25,pgadmin,17.800,query,805772152,6,8.6203,56.7
25,pgadmin,18.052,query,817240928,6,8.8019,71.6
25,pgadmin,18.308,query,822877024,6,8.9357,53.5
25,pgadmin,18.562,query,831560592,6,9.0526,45.5
25,pgadmin,18.815,query,839965584,6,9.2176,65.3
25,pgadmin,19.069,query,841964432,6,9.3190,40.1
25,pgadmin,19.323,query,858151848,6,9.5251,80.5
25,pgadmin,19.577,query,863198120,6,9.6146,34.3
25,pgadmin,19.831,query,876911528,6,9.8261,85.6
25,pgadmin,20.086,query,884218792,6,9.9617,52.5
25,pgadmin,20.338,query,892148672,6,10.0800,47.3
25,pgadmin,20.590,query,898292672,6,10.2195,55.0
25,pgadmin,20.844,query,902241216,6,10.4051,72.8
25,pgadmin,21.099,query,907795392,6,10.5439,55.0
25,pgadmin,21.353,query,919477208,6,10.7250,71.3
25,pgadmin,21.606,query,926129112,6,10.8520,50.2
25,pgadmin,21.862,query,932584408,6,10.9529,39.5
25,pgadmin,22.117,query,938531800,6,11.1003,58.1
25,pgadmin,22.370,query,947641328,6,11.1975,38.2
25,pgadmin,22.621,query,939809776,6,11.2829,33.7
25,pgadmin,22.874,after-query,937417712,6,11.3096,10.7
25,pgadmin,23.126,after-query,937516016,6,11.3334,9.3
25,pgadmin,23.381,after-query,937581552,6,11.3540,8.1
25,pgadmin,23.636,after-query,923622360,6,11.3814,10.7
25,pgadmin,23.892,after-query,911530968,6,11.4331,20.2
25,pgadmin,24.147,after-query,911612888,6,11.4553,8.8
25,pgadmin,24.402,after-query,911678424,6,11.4784,9.1
25,pgadmin,24.657,after-query,911793112,6,11.5038,9.9
25,pgadmin,24.912,after-query,910253016,6,11.5282,9.7
25,pgadmin,25.167,after-query,910334936,6,11.5511,9.0
25,pgadmin,25.419,after-query,910400472,6,11.5685,6.8
25,pgadmin,25.672,after-query,910482392,6,11.5906,8.8
25,pgadmin,25.926,after-query,910744536,6,11.6425,20.3
25,pgadmin,26.180,after-query,910826456,6,11.6617,7.6
25,pgadmin,26.433,after-query,886266840,6,11.6871,10.1
25,pgadmin,26.687,after-query,886283224,6,11.7127,10.1
25,pgadmin,26.940,after-query,886348760,6,11.7369,9.5
25,pgadmin,27.195,after-query,886397912,6,11.7597,9.0
25,pgadmin,27.450,after-query,867523544,6,11.7780,7.3
25,dbgate,0.253,launch,11306040,1,0.1046,
25,dbgate,0.508,launch,54037504,3,0.4018,115.1
25,dbgate,0.763,launch,85085280,3,0.6041,79.6
25,dbgate,1.019,settle,175641232,4,0.9863,149.3
25,dbgate,1.274,settle,292772056,7,1.4706,190.3
25,dbgate,1.526,settle,598893568,8,2.4682,394.6
25,dbgate,1.782,settle,615556432,8,2.7859,122.9
25,dbgate,2.037,settle,617702736,8,2.8410,21.7
25,dbgate,2.288,settle,618112336,8,2.8962,21.7
25,dbgate,2.540,settle,618210640,8,2.9491,20.9
25,dbgate,2.795,settle,597681488,8,2.9895,16.0
25,dbgate,3.051,settle,605087056,8,3.0427,20.8
25,dbgate,3.305,settle,605070672,8,3.0549,4.9
25,dbgate,3.560,settle,605070672,8,3.0742,7.4
25,dbgate,3.811,settle,605070672,8,3.0860,4.7
25,dbgate,4.066,settle,604677456,8,3.1041,7.0
25,dbgate,4.320,settle,600073552,8,3.1152,4.3
25,dbgate,4.575,settle,600073552,8,3.1324,6.9
25,dbgate,4.826,settle,590079312,8,3.1423,3.8
25,dbgate,5.079,settle,590095696,8,3.1624,8.1
25,dbgate,5.334,settle,590079312,8,3.1761,5.4
25,dbgate,5.589,settle,590095696,8,3.1939,6.9
25,dbgate,5.840,settle,590062928,8,3.2096,6.3
25,dbgate,6.095,query,579118392,8,3.2251,6.3
25,dbgate,6.347,query,578889016,8,3.2405,6.0
25,dbgate,6.602,query,541844792,8,3.2634,9.0
25,dbgate,6.857,query,519546168,8,3.2795,6.3
25,dbgate,7.113,query,519546168,8,3.2916,4.8
25,dbgate,7.364,query,519562552,8,3.3070,6.0
25,dbgate,7.619,query,519562552,8,3.3257,7.3
25,dbgate,7.874,query,519578936,8,3.3383,5.0
25,dbgate,8.129,query,488023352,8,3.3528,5.6
25,dbgate,8.384,query,488039736,8,3.3681,6.1
25,dbgate,8.640,query,488023352,8,3.3827,5.7
25,dbgate,8.895,query,488056120,8,3.3980,5.9
25,dbgate,9.150,query,488006992,8,3.4127,5.8
25,dbgate,9.401,query,488105320,8,3.4251,5.0
25,dbgate,9.655,query,488088936,8,3.4358,4.2
25,dbgate,9.909,query,488105320,8,3.4457,3.9
25,dbgate,10.161,query,488088936,8,3.4559,4.0
25,dbgate,10.416,query,488105320,8,3.4686,5.0
25,dbgate,10.672,query,488088936,8,3.4850,6.4
25,dbgate,10.922,query,488105320,8,3.4991,5.6
25,dbgate,11.173,query,488088936,8,3.5106,4.6
25,dbgate,11.428,query,488121704,8,3.5254,5.8
25,dbgate,11.680,query,488105320,8,3.5378,4.9
25,dbgate,11.935,query,547841384,8,3.5872,19.1
25,dbgate,12.190,query,604546408,8,3.6554,26.8
25,dbgate,12.446,query,604530024,8,3.6689,5.2
25,dbgate,12.701,query,605365608,8,3.7070,15.0
25,dbgate,12.956,query,604906856,8,3.7310,9.5
25,dbgate,13.210,query,666905040,9,4.0519,126.1
25,dbgate,13.465,query,738749024,9,4.3639,121.6
25,dbgate,13.720,query,739732064,9,4.4054,16.2
25,dbgate,13.975,query,739732064,9,4.4176,4.8
25,dbgate,14.228,query,763308640,9,4.6492,91.3
25,dbgate,14.482,query,772795000,9,4.8840,93.2
25,dbgate,14.737,query,781937296,9,5.1252,94.3
25,dbgate,14.990,query,790915752,9,5.3536,90.8
25,dbgate,15.242,query,808266456,9,5.5844,92.3
25,dbgate,15.496,query,818621144,9,5.8300,95.0
25,dbgate,15.747,query,819800792,9,6.0804,101.6
25,dbgate,16.002,query,819833560,9,6.2711,74.0
25,dbgate,16.255,query,824240856,9,6.4296,62.5
25,dbgate,16.508,query,824437464,9,6.5693,55.2
25,dbgate,16.764,query,824535768,9,6.7014,51.2
25,dbgate,17.019,query,824552152,9,6.8098,43.1
25,dbgate,17.272,query,824666840,9,6.9654,61.2
25,dbgate,17.526,query,825060056,9,7.1215,61.2
25,dbgate,17.777,query,825273048,9,7.2143,37.2
25,dbgate,18.030,query,792193752,9,7.3776,64.8
25,dbgate,18.284,query,792554200,9,7.5280,59.0
25,dbgate,18.540,query,706013912,9,7.6456,45.8
25,dbgate,18.793,query,709634776,9,7.8003,61.2
25,dbgate,19.044,query,711994072,9,7.9194,47.2
25,dbgate,19.299,query,712780504,9,7.9711,20.1
25,dbgate,19.555,after-query,699165400,9,7.9895,7.2
25,dbgate,19.806,after-query,698608344,9,8.0069,6.9
25,dbgate,20.061,after-query,696167128,9,8.0235,6.6
25,dbgate,20.316,after-query,690907864,9,8.0377,5.6
25,dbgate,20.571,after-query,690907864,9,8.0480,4.0
25,dbgate,20.827,after-query,680553152,9,8.0675,7.6
25,dbgate,21.078,after-query,673180352,9,8.0850,6.9
25,dbgate,21.333,after-query,673245888,9,8.1049,7.8
25,dbgate,21.585,after-query,673131200,9,8.1227,7.0
25,dbgate,21.840,after-query,671066816,9,8.1430,8.0
25,dbgate,22.093,after-query,671083200,9,8.1580,6.1
25,dbgate,22.345,after-query,671066816,9,8.1695,4.5
25,dbgate,22.597,after-query,671050432,9,8.1849,6.1
25,dbgate,22.851,after-query,671034048,9,8.1967,4.6
25,dbgate,23.106,after-query,671017664,9,8.2127,6.3
25,dbgate,23.361,after-query,671017664,9,8.2278,6.0
25,dbgate,23.613,after-query,671034048,9,8.2436,6.2
25,dbgate,23.864,after-query,671017664,9,8.2560,5.0
25,dbgate,24.119,after-query,671034048,9,8.2690,5.2
25,dbeaver,0.253,launch,20988816,1,0.1123,
25,dbeaver,0.508,launch,67798000,1,0.5475,169.2
25,dbeaver,0.760,launch,106923016,1,1.1277,229.7
25,dbeaver,1.015,launch,139363408,1,1.6853,217.8
25,dbeaver,1.270,launch,160875624,1,2.3288,252.5
25,dbeaver,1.525,launch,180323648,1,2.8943,222.1
25,dbeaver,1.780,launch,218727840,1,3.6339,291.0
25,dbeaver,2.035,launch,250906016,1,4.1673,206.6
25,dbeaver,2.290,launch,266667424,1,4.7554,235.7
25,dbeaver,2.546,launch,278840736,1,5.6119,332.2
25,dbeaver,2.797,launch,295388624,1,6.5523,374.7
25,dbeaver,3.052,launch,319079936,1,7.3966,331.4
25,dbeaver,3.306,launch,325666424,1,8.0793,267.2
25,dbeaver,3.561,launch,514885648,1,8.7411,259.3
25,dbeaver,3.815,settle,830933680,2,9.4690,287.3
25,dbeaver,4.067,settle,877415112,2,10.1326,265.8
25,dbeaver,4.322,settle,904186568,2,10.5193,152.0
25,dbeaver,4.575,settle,975276744,2,11.3197,311.1
25,dbeaver,4.830,settle,975932104,2,11.3705,19.8
25,dbeaver,5.085,settle,951044808,2,11.4092,15.2
25,dbeaver,5.335,settle,878201544,2,11.4386,11.9
25,dbeaver,5.589,settle,838240968,2,11.4503,4.6
25,dbeaver,5.844,settle,771459784,2,11.4741,9.2
25,dbeaver,6.095,settle,713067208,2,11.4826,3.5
25,dbeaver,6.350,settle,713067208,2,11.4959,5.2
25,dbeaver,6.605,settle,713067208,2,11.5024,2.5
25,dbeaver,6.859,settle,712297160,2,11.5139,4.5
25,dbeaver,7.114,settle,712297160,2,11.5247,4.3
25,dbeaver,7.369,settle,712297160,2,11.5356,4.2
25,dbeaver,7.621,settle,712297160,2,11.5478,4.8
25,dbeaver,7.876,settle,712297160,2,11.5614,5.4
25,dbeaver,8.126,settle,712542920,2,11.5730,4.6
25,dbeaver,8.380,settle,712379080,2,11.5833,4.1
25,dbeaver,8.635,settle,712297160,2,11.5929,3.7
25,dbeaver,8.890,query,712297160,2,11.6008,3.2
25,dbeaver,9.144,query,712116936,2,11.6107,3.8
25,dbeaver,9.399,query,712133320,2,11.6220,4.4
25,dbeaver,9.652,query,712149704,2,11.6317,3.9
25,dbeaver,9.903,query,712149704,2,11.6387,2.8
25,dbeaver,10.156,query,712149704,2,11.6413,1.0
25,dbeaver,10.409,query,712149704,2,11.6520,4.2
25,dbeaver,10.664,query,712166088,2,11.6585,2.6
25,dbeaver,10.919,query,712116936,2,11.6713,4.9
25,dbeaver,11.174,query,712116936,2,11.6753,1.6
25,dbeaver,11.427,query,712116936,2,11.6885,5.2
25,dbeaver,11.682,query,712149704,2,11.6957,2.8
25,dbeaver,11.934,query,712149704,2,11.7051,3.8
25,dbeaver,12.188,query,712166088,2,11.7125,2.9
25,dbeaver,12.442,query,712166088,2,11.7168,1.7
25,dbeaver,12.698,query,712166088,2,11.7265,3.8
25,dbeaver,12.952,query,712166088,2,11.7340,3.0
25,dbeaver,13.207,query,712166088,2,11.7421,3.2
25,dbeaver,13.462,query,712166088,2,11.7478,2.2
25,dbeaver,13.717,query,712149680,2,11.7606,5.0
25,dbeaver,13.969,query,712198832,2,11.7931,12.8
25,dbeaver,14.222,query,713362072,2,11.8628,27.6
25,dbeaver,14.477,query,713411224,2,11.8863,9.1
25,dbeaver,14.731,query,792562328,2,11.9610,30.2
25,dbeaver,14.986,query,759007896,2,12.1049,56.6
25,dbeaver,15.241,query,758745752,2,12.1244,7.6
25,dbeaver,15.496,query,758925976,2,12.1437,7.5
25,dbeaver,15.750,query,759122584,2,12.1699,10.2
25,dbeaver,16.006,query,712952472,2,12.1861,6.3
25,dbeaver,16.261,query,712952472,2,12.1954,3.6
25,dbeaver,16.516,query,838404784,2,12.3873,77.8
25,dbeaver,16.771,query,951650992,2,13.1579,300.0
25,dbeaver,17.023,query,928205536,2,13.8232,268.2
25,dbeaver,17.278,query,967183048,2,14.0782,99.3
25,dbeaver,17.533,query,966888136,2,14.2051,49.4
25,dbeaver,17.786,query,925649608,2,14.2248,7.8
25,dbeaver,18.041,query,925649608,2,14.2456,8.1
25,dbeaver,18.296,query,937888480,2,14.3858,55.2
25,dbeaver,18.546,query,810879712,2,14.4424,22.6
25,dbeaver,18.801,query,811027168,2,14.5747,51.9
25,dbeaver,19.056,query,805767904,2,14.6514,30.2
25,dbeaver,19.309,query,747473632,2,14.7324,31.9
25,dbeaver,19.564,query,747440864,2,14.8111,30.6
25,dbeaver,19.817,query,758827744,2,14.9803,67.1
25,dbeaver,20.068,query,758958816,2,15.1027,49.2
25,dbeaver,20.323,query,758172384,2,15.2473,56.8
25,dbeaver,20.578,query,758172384,2,15.2943,18.3
25,dbeaver,20.833,query,758237920,2,15.3927,38.4
25,dbeaver,21.088,query,867945184,2,15.5774,72.4
25,dbeaver,21.343,query,865864416,2,15.6576,31.4
25,dbeaver,21.598,query,865864416,2,15.7141,22.0
25,dbeaver,21.854,query,861752032,2,15.7867,28.8
25,dbeaver,22.109,query,762071776,2,15.8442,22.5
25,dbeaver,22.364,after-query,752962272,2,15.8572,5.2
25,dbeaver,22.619,after-query,752962272,2,15.8642,2.7
25,dbeaver,22.874,after-query,750488288,2,15.8756,4.5
25,dbeaver,23.129,after-query,750488288,2,15.8863,4.2
25,dbeaver,23.385,after-query,739166944,2,15.8997,5.3
25,dbeaver,23.639,after-query,739183328,2,15.9085,3.5
25,dbeaver,23.894,after-query,739085024,2,15.9232,5.8
25,dbeaver,24.149,after-query,739101408,2,15.9316,3.3
25,dbeaver,24.404,after-query,739101408,2,15.9426,4.2
25,dbeaver,24.655,after-query,739134176,2,15.9582,6.3
25,dbeaver,24.906,after-query,738675424,2,15.9751,6.7
25,dbeaver,25.161,after-query,738675424,2,15.9819,2.8
25,dbeaver,25.416,after-query,738708192,2,15.9914,3.7
25,dbeaver,25.672,after-query,738462432,2,16.0022,4.2
25,dbeaver,25.923,after-query,737987296,2,16.0085,2.5
25,dbeaver,26.174,after-query,737970912,2,16.0208,4.9
25,dbeaver,26.429,after-query,737970912,2,16.0263,2.1
25,dbeaver,26.686,after-query,738036448,2,16.0446,7.2
26,dbeaver,0.253,launch,37471144,1,0.1850,
26,dbeaver,0.508,launch,99140640,1,0.8297,249.7
26,dbeaver,0.763,launch,123323448,1,1.3991,222.6
26,dbeaver,1.018,launch,159663208,1,2.1375,290.4
26,dbeaver,1.273,launch,177014080,1,2.7901,255.4
26,dbeaver,1.528,launch,221201776,1,3.6213,325.1
26,dbeaver,1.783,launch,246170992,1,4.1337,200.8
26,dbeaver,2.038,launch,266716552,1,4.8560,283.6
26,dbeaver,2.294,launch,277202312,1,5.7179,337.3
26,dbeaver,2.549,launch,297649592,1,6.6789,378.2
26,dbeaver,2.804,launch,310511032,1,7.3754,272.1
26,dbeaver,3.059,launch,317278032,1,7.9240,215.0
26,dbeaver,3.314,settle,879086136,2,8.7194,305.8
26,dbeaver,3.569,settle,857246360,2,9.4931,308.7
26,dbeaver,3.824,settle,902515352,2,10.0937,236.6
26,dbeaver,4.079,settle,973539992,2,10.6371,212.5
26,dbeaver,4.335,settle,972720792,2,10.9078,105.4
26,dbeaver,4.589,settle,907299480,2,10.9437,14.2
26,dbeaver,4.844,settle,829393560,2,10.9772,12.8
26,dbeaver,5.100,settle,818530968,2,10.9923,6.0
26,dbeaver,5.353,settle,719555224,2,11.0042,4.7
26,dbeaver,5.608,settle,719555224,2,11.0148,4.2
26,dbeaver,5.860,settle,710806168,2,11.0244,3.8
26,dbeaver,6.112,settle,710806168,2,11.0361,4.7
26,dbeaver,6.366,settle,710806168,2,11.0454,3.7
26,dbeaver,6.621,settle,710822552,2,11.0581,5.1
26,dbeaver,6.876,settle,710838936,2,11.0669,3.4
26,dbeaver,7.131,settle,710855320,2,11.0852,7.2
26,dbeaver,7.386,settle,710855320,2,11.0911,2.3
26,dbeaver,7.642,settle,710855320,2,11.1048,5.5
26,dbeaver,7.894,settle,710855320,2,11.1130,3.2
26,dbeaver,8.150,settle,710707864,2,11.1256,4.9
26,dbeaver,8.402,query,710642328,2,11.1333,3.1
26,dbeaver,8.657,query,710593176,2,11.1400,2.6
26,dbeaver,8.908,query,710576792,2,11.1516,4.5
26,dbeaver,9.160,query,710576792,2,11.1576,2.4
26,dbeaver,9.415,query,710544024,2,11.1658,3.2
26,dbeaver,9.666,query,710544024,2,11.1720,2.5
26,dbeaver,9.921,query,710544024,2,11.1828,4.2
26,dbeaver,10.176,query,710544024,2,11.1892,2.5
26,dbeaver,10.431,query,710544024,2,11.2013,4.7
26,dbeaver,10.686,query,710544024,2,11.2113,4.0
26,dbeaver,10.942,query,710494872,2,11.2168,2.1
26,dbeaver,11.197,query,710494872,2,11.2256,3.5
26,dbeaver,11.452,query,710544024,2,11.2348,3.6
26,dbeaver,11.702,query,710544024,2,11.2461,4.6
26,dbeaver,11.957,query,710544024,2,11.2510,1.9
26,dbeaver,12.210,query,710544024,2,11.2603,3.7
26,dbeaver,12.465,query,710544024,2,11.2659,2.2
26,dbeaver,12.720,query,710544024,2,11.2751,3.6
26,dbeaver,12.975,query,710544024,2,11.2844,3.6
26,dbeaver,13.230,query,710560408,2,11.2963,4.6
26,dbeaver,13.485,query,710593128,2,11.3234,10.7
26,dbeaver,13.740,query,710658688,2,11.3419,7.1
26,dbeaver,13.993,query,711772800,2,11.4014,23.5
26,dbeaver,14.248,query,791661184,2,11.4916,35.8
26,dbeaver,14.503,query,792578688,2,11.6120,47.1
26,dbeaver,14.759,query,752355968,2,11.6381,10.4
26,dbeaver,15.014,query,752372352,2,11.6521,5.4
26,dbeaver,15.269,query,752700032,2,11.6972,17.8
26,dbeaver,15.524,query,752077440,2,11.7110,5.5
26,dbeaver,15.777,query,711658112,2,11.7179,2.7
26,dbeaver,16.032,query,711674496,2,11.7300,4.8
26,dbeaver,16.287,query,903645848,2,12.3937,259.8
26,dbeaver,16.542,query,826116784,2,13.1175,281.0
26,dbeaver,16.797,query,922143384,2,13.5434,168.2
26,dbeaver,17.052,query,921225880,2,13.6533,43.1
26,dbeaver,17.307,query,878267032,2,13.6776,9.4
26,dbeaver,17.562,query,878267032,2,13.7011,9.3
26,dbeaver,17.818,query,752814768,2,13.7225,8.3
26,dbeaver,18.073,query,744983216,2,13.8630,55.6
26,dbeaver,18.328,query,763808432,2,13.9719,42.7
26,dbeaver,18.583,query,763972272,2,14.0633,35.7
26,dbeaver,18.835,query,759188144,2,14.1540,35.7
26,dbeaver,19.086,query,759122608,2,14.2322,31.5
26,dbeaver,19.342,query,747997872,2,14.3457,44.1
26,dbeaver,19.597,query,748178096,2,14.5098,64.4
26,dbeaver,19.851,query,748227248,2,14.5807,28.0
26,dbeaver,20.106,query,758123184,2,14.7206,54.7
26,dbeaver,20.358,query,758155952,2,14.7780,22.7
26,dbeaver,20.613,query,810093232,2,14.9677,74.5
26,dbeaver,20.868,query,798952112,2,15.0457,30.6
26,dbeaver,21.124,query,792693424,2,15.1287,32.2
26,dbeaver,21.379,query,792742576,2,15.1750,18.4
26,dbeaver,21.634,query,749701808,2,15.2241,19.1
26,dbeaver,21.888,query,739904176,2,15.2770,21.0
26,dbeaver,22.144,after-query,739904176,2,15.2809,1.5
26,dbeaver,22.394,after-query,739855024,2,15.2931,4.8
26,dbeaver,22.650,after-query,739871408,2,15.3010,3.1
26,dbeaver,22.902,after-query,728582832,2,15.3141,5.4
26,dbeaver,23.156,after-query,728582832,2,15.3216,2.9
26,dbeaver,23.411,after-query,728599216,2,15.3372,6.1
26,dbeaver,23.667,after-query,728500912,2,15.3425,2.1
26,dbeaver,23.920,after-query,728500912,2,15.3574,5.9
26,dbeaver,24.175,after-query,728500912,2,15.3611,1.5
26,dbeaver,24.430,after-query,728566448,2,15.3795,7.2
26,dbeaver,24.685,after-query,728566448,2,15.3873,3.1
26,dbeaver,24.941,after-query,728582832,2,15.3967,3.7
26,dbeaver,25.196,after-query,728337072,2,15.4065,3.9
26,dbeaver,25.451,after-query,728222384,2,15.4171,4.2
26,dbeaver,25.702,after-query,728042136,2,15.4268,3.9
26,dbeaver,25.953,after-query,728042136,2,15.4348,3.2
26,dbeaver,26.207,after-query,728042136,2,15.4421,2.9
26,dbeaver,26.463,after-query,728107672,2,15.4609,7.6
26,pgpad,0.255,launch,17466328,1,0.1305,
26,pgpad,0.510,settle,48548336,4,0.3948,102.1
26,pgpad,0.764,settle,50449000,4,0.4757,31.9
26,pgpad,1.016,settle,240422560,5,0.7871,123.5
26,pgpad,1.271,settle,233148064,5,0.7892,0.8
26,pgpad,1.526,settle,229445280,5,0.7961,2.7
26,pgpad,1.782,settle,226217632,5,0.8229,10.5
26,pgpad,2.035,settle,219385504,5,0.8289,2.3
26,pgpad,2.288,settle,158994080,5,0.8352,2.5
26,pgpad,2.543,settle,158240416,5,0.8366,0.5
26,pgpad,2.798,settle,157896352,5,0.8377,0.4
26,pgpad,3.053,settle,157896352,5,0.8382,0.2
26,pgpad,3.308,settle,157847200,5,0.8389,0.3
26,pgpad,3.563,settle,157781664,5,0.8393,0.2
26,pgpad,3.815,settle,157781664,5,0.8397,0.2
26,pgpad,4.068,settle,157781664,5,0.8399,0.1
26,pgpad,4.324,settle,157781664,5,0.8401,0.1
26,pgpad,4.579,settle,157781664,5,0.8405,0.1
26,pgpad,4.834,settle,157781664,5,0.8405,0.0
26,pgpad,5.089,settle,157781664,5,0.8405,0.0
26,pgpad,5.344,settle,157781664,5,0.8411,0.2
26,pgpad,5.596,query,157748896,5,0.8449,1.5
26,pgpad,5.851,query,157748896,5,0.8451,0.1
26,pgpad,6.106,query,157568672,5,0.8461,0.4
26,pgpad,6.361,query,157568672,5,0.8462,0.0
26,pgpad,6.615,query,157421216,5,0.8468,0.2
26,pgpad,6.870,query,157421216,5,0.8470,0.1
26,pgpad,7.122,query,157372064,5,0.8472,0.1
26,pgpad,7.377,query,157372064,5,0.8472,0.0
26,pgpad,7.628,query,157240992,5,0.8473,0.0
26,pgpad,7.883,query,157240992,5,0.8473,0.0
26,pgpad,8.136,query,157240992,5,0.8473,0.0
26,pgpad,8.387,query,157240992,5,0.8473,0.0
26,pgpad,8.642,query,157240992,5,0.8474,0.0
26,pgpad,8.897,query,157109920,5,0.8591,4.6
26,pgpad,9.150,query,157109920,5,0.8637,1.8
26,pgpad,9.404,query,157109920,5,0.8652,0.6
26,pgpad,9.659,query,157093536,5,0.8663,0.4
26,pgpad,9.914,query,157093536,5,0.8666,0.2
26,pgpad,10.166,query,157077152,5,0.8674,0.3
26,pgpad,10.421,query,157077152,5,0.8676,0.1
26,pgpad,10.676,query,229281464,5,0.9087,16.1
26,pgpad,10.931,query,289132288,5,1.0212,43.4
26,pgpad,11.187,query,281972480,5,1.0261,1.9
26,pgpad,11.437,query,281972480,5,1.0299,1.5
26,pgpad,11.693,query,281546496,5,1.0323,0.9
26,pgpad,11.946,query,240946944,5,1.0914,23.7
26,pgpad,12.201,query,244945240,6,1.2208,50.0
26,pgpad,12.452,query,259166552,6,1.2478,10.8
26,pgpad,12.707,query,260002136,6,1.2666,7.3
26,pgpad,12.961,query,264966512,6,1.3081,16.4
26,pgpad,13.216,query,264933744,6,1.3102,0.8
26,pgpad,13.470,query,263950704,6,1.3344,9.5
26,pgpad,13.721,query,263967088,6,1.3572,9.1
26,pgpad,13.973,query,222466416,6,1.3617,1.8
26,pgpad,14.226,query,298406280,6,1.4903,51.0
26,pgpad,14.481,query,361779664,6,1.6230,51.5
26,pgpad,14.734,query,361058768,6,1.6246,0.7
26,pgpad,14.987,query,358633936,6,1.6350,4.1
26,pgpad,15.242,query,357896656,6,1.6366,0.6
26,pgpad,15.493,query,287527376,6,1.6489,5.0
26,pgpad,15.747,query,262099408,6,1.6523,1.3
26,pgpad,15.999,query,262115792,6,1.6614,3.6
26,pgpad,16.250,query,355307984,6,1.7004,15.6
26,pgpad,16.504,query,401183208,6,1.7712,27.6
26,pgpad,16.759,query,401887720,6,1.7983,10.7
26,pgpad,17.013,query,402051560,6,1.8713,28.3
26,pgpad,17.268,query,402657768,6,1.8926,8.5
26,pgpad,17.524,query,391090664,6,1.9708,30.3
26,pgpad,17.779,query,385012200,6,1.9729,0.8
26,pgpad,18.032,query,409817576,6,2.0094,14.2
26,pgpad,18.283,after-query,389566952,6,2.0677,23.9
26,pgpad,18.536,after-query,389566952,6,2.0716,1.5
26,pgpad,18.792,after-query,389517800,6,2.0746,1.2
26,pgpad,19.047,after-query,389091816,6,2.0772,1.0
26,pgpad,19.302,after-query,361157096,6,2.0795,0.9
26,pgpad,19.553,after-query,262590952,6,2.0822,1.1
26,pgpad,19.808,after-query,262574592,6,2.0832,0.4
26,pgpad,20.062,after-query,262574592,6,2.0840,0.3
26,pgpad,20.315,after-query,262459904,6,2.0844,0.2
26,pgpad,20.565,after-query,262459904,6,2.0847,0.1
26,pgpad,20.820,after-query,262377984,6,2.0852,0.2
26,pgpad,21.073,after-query,262427136,6,2.0900,1.9
26,pgpad,21.329,after-query,262410752,6,2.0907,0.3
26,pgpad,21.583,after-query,262361600,6,2.0914,0.3
26,pgpad,21.838,after-query,262361600,6,2.0921,0.3
26,pgpad,22.094,after-query,262361600,6,2.0927,0.3
26,pgpad,22.349,after-query,262361600,6,2.0932,0.2
26,pgpad,22.600,after-query,262361600,6,2.0934,0.1
26,pgpad,22.855,after-query,262361600,6,2.0934,0.0
26,pgpad,23.109,after-query,262361600,6,2.0934,0.0
26,pgpad,23.364,after-query,262263296,6,2.0939,0.2
26,pgadmin,0.255,launch,9946024,1,0.1077,
26,pgadmin,0.510,launch,41977800,3,0.3371,88.8
26,pgadmin,0.766,launch,142070944,5,0.7907,177.3
26,pgadmin,1.021,launch,156882080,5,1.0233,91.2
26,pgadmin,1.276,launch,167810208,5,1.2436,87.0
26,pgadmin,1.531,launch,177689784,5,1.4780,91.3
26,pgadmin,1.781,launch,191567032,5,1.6931,86.1
26,pgadmin,2.037,launch,208000208,5,1.9323,93.6
26,pgadmin,2.288,launch,217208040,5,2.1658,92.8
26,pgadmin,2.538,launch,226186472,5,2.3964,91.8
26,pgadmin,2.790,launch,249714352,6,2.8441,178.9
26,pgadmin,3.041,launch,235459864,5,2.8378,87.6
26,pgadmin,3.296,launch,243471640,5,3.0800,94.8
26,pgadmin,3.550,launch,253302040,5,3.3287,98.0
26,pgadmin,3.803,launch,263083432,6,3.5444,84.7
26,pgadmin,4.058,launch,263492888,5,3.5919,18.7
26,pgadmin,4.313,launch,266179912,5,3.6459,21.5
26,pgadmin,4.569,settle,329602568,5,4.0633,195.9
26,pgadmin,4.823,settle,457545344,5,4.4035,134.8
26,pgadmin,5.078,settle,514643632,5,4.8027,155.7
26,pgadmin,5.333,settle,716969960,5,5.3376,210.5
26,pgadmin,5.586,settle,688216208,5,5.6353,116.6
26,pgadmin,5.841,settle,704190728,5,5.9109,109.1
26,pgadmin,6.096,settle,819026208,5,6.1118,77.4
26,pgadmin,6.351,settle,821435016,6,6.1929,31.9
26,pgadmin,6.606,settle,830249896,6,6.2988,42.4
26,pgadmin,6.862,settle,822582184,6,6.3291,11.5
26,pgadmin,7.114,settle,822696872,6,6.3586,11.8
26,pgadmin,7.369,settle,807213992,6,6.3969,14.8
26,pgadmin,7.625,settle,767859624,6,6.4287,12.6
26,pgadmin,7.880,settle,767925160,6,6.4597,12.1
26,pgadmin,8.135,settle,768252840,6,6.5154,22.4
26,pgadmin,8.390,settle,768301992,6,6.5398,9.3
26,pgadmin,8.645,settle,768433064,6,6.5791,15.4
26,pgadmin,8.899,settle,768498600,6,6.6112,12.6
26,pgadmin,9.149,settle,768596904,6,6.6450,13.7
26,pgadmin,9.403,query,768678824,6,6.6723,10.9
26,pgadmin,9.656,query,768777128,6,6.6952,9.0
26,pgadmin,9.911,query,769153960,6,6.7527,22.0
26,pgadmin,10.166,query,771087272,6,6.8084,22.0
26,pgadmin,10.419,query,771201960,6,6.8361,11.1
26,pgadmin,10.674,query,771365800,6,6.8636,10.6
26,pgadmin,10.929,query,671095720,6,6.9025,15.4
26,pgadmin,11.184,query,626105256,6,6.9395,14.4
26,pgadmin,11.437,query,626187176,6,6.9674,11.1
26,pgadmin,11.692,query,626203560,6,7.0036,14.2
26,pgadmin,11.948,query,626482088,6,7.0623,22.8
26,pgadmin,12.203,query,626695080,6,7.0939,12.5
26,pgadmin,12.458,query,626826152,6,7.1223,11.0
26,pgadmin,12.713,query,626989992,6,7.1512,11.7
26,pgadmin,12.968,query,627137448,6,7.1709,7.7
26,pgadmin,13.223,query,627268520,6,7.1922,8.3
26,pgadmin,13.477,query,627432360,6,7.2153,9.1
26,pgadmin,13.732,query,627579816,6,7.2375,8.7
26,pgadmin,13.984,query,629726144,6,7.2868,19.7
26,pgadmin,14.239,query,629840832,6,7.3115,9.7
26,pgadmin,14.494,query,630004672,6,7.3324,8.2
26,pgadmin,14.749,query,630152128,6,7.3563,9.4
26,pgadmin,15.002,query,630266816,6,7.3764,7.9
26,pgadmin,15.256,query,630414272,6,7.4018,10.1
26,pgadmin,15.511,query,630578112,6,7.4236,8.5
26,pgadmin,15.762,query,704895960,6,7.5712,59.0
26,pgadmin,16.017,query,737926080,6,7.9541,147.6
26,pgadmin,16.269,query,738614208,6,7.9862,12.7
26,pgadmin,16.520,query,738614208,6,8.0082,8.7
26,pgadmin,16.775,query,738646976,6,8.0324,9.5
26,pgadmin,17.030,query,736549824,6,8.0543,8.7
26,pgadmin,17.285,query,734337984,6,8.0763,8.5
26,pgadmin,17.538,query,803199960,6,8.3340,104.0
26,pgadmin,17.793,query,805936088,6,8.5228,73.5
26,pgadmin,18.044,query,811555800,6,8.6693,58.6
26,pgadmin,18.299,query,814767064,6,8.7750,41.6
26,pgadmin,18.553,query,821271512,6,8.9334,62.4
26,pgadmin,18.806,query,842882008,6,9.1043,67.1
26,pgadmin,19.057,query,843914200,6,9.1434,15.4
26,pgadmin,19.312,query,857955312,6,9.3711,90.5
26,pgadmin,19.562,query,865917936,6,9.5071,54.4
26,pgadmin,19.817,query,877075440,6,9.6640,61.1
26,pgadmin,20.069,query,886053872,6,9.8376,69.3
26,pgadmin,20.322,query,893754352,6,9.9309,36.6
26,pgadmin,20.577,query,899669000,6,10.0814,59.6
26,pgadmin,20.832,query,909646856,6,10.2697,73.6
26,pgadmin,21.085,query,916724744,6,10.4345,65.0
26,pgadmin,21.339,query,925834272,6,10.5694,53.4
26,pgadmin,21.594,query,933108768,6,10.7251,60.5
26,pgadmin,21.849,query,925867040,6,10.7737,18.9
26,pgadmin,22.105,query,938384416,6,10.9988,88.5
26,pgadmin,22.360,query,947706912,6,11.1392,55.2
26,pgadmin,22.610,query,949607456,6,11.2254,35.0
26,pgadmin,22.862,query,947182624,6,11.2511,10.1
26,pgadmin,23.114,after-query,947199008,6,11.2727,8.5
26,pgadmin,23.365,after-query,947280928,6,11.2904,7.1
26,pgadmin,23.615,after-query,947346464,6,11.3131,9.1
26,pgadmin,23.871,after-query,921000992,6,11.3375,9.8
26,pgadmin,24.126,after-query,921361440,6,11.3714,13.1
26,pgadmin,24.377,after-query,921410592,6,11.3943,9.1
26,pgadmin,24.632,after-query,921508896,6,11.4143,7.9
26,pgadmin,24.887,after-query,905780256,6,11.4380,9.3
26,pgadmin,25.137,after-query,905829408,6,11.4589,8.5
26,pgadmin,25.388,after-query,905911328,6,11.4805,8.6
26,pgadmin,25.643,after-query,905976864,6,11.5028,8.7
26,pgadmin,25.898,after-query,896310328,6,11.5403,14.2
26,pgadmin,26.153,after-query,896572448,6,11.5829,17.0
26,pgadmin,26.404,after-query,896621600,6,11.6088,10.4
26,pgadmin,26.659,after-query,896687136,6,11.6340,9.6
26,pgadmin,26.911,after-query,896736288,6,11.6607,10.8
26,pgadmin,27.166,after-query,896834592,6,11.6795,7.3
26,pgadmin,27.419,after-query,869997600,6,11.7022,9.3
26,dbgate,0.255,launch,9651088,1,0.1012,
26,dbgate,0.510,launch,53005360,3,0.3769,106.9
26,dbgate,0.765,launch,86363232,3,0.5969,85.7
26,dbgate,1.020,settle,213471936,4,0.9723,147.9
26,dbgate,1.271,settle,284039024,5,1.3911,167.1
26,dbgate,1.527,settle,598057960,8,2.4037,395.9
26,dbgate,1.782,settle,619947368,8,2.7884,149.3
26,dbgate,2.037,settle,621012328,8,2.8322,17.1
26,dbgate,2.292,settle,621389160,8,2.8917,23.2
26,dbgate,2.547,settle,621487464,8,2.9432,20.2
26,dbgate,2.802,settle,610887016,8,3.0038,23.9
26,dbgate,3.058,settle,610903400,8,3.0197,6.2
26,dbgate,3.313,settle,610887016,8,3.0314,4.6
26,dbgate,3.568,settle,611001704,8,3.0628,12.3
26,dbgate,3.823,settle,611018088,8,3.0740,4.3
26,dbgate,4.078,settle,596518224,8,3.0985,9.6
26,dbgate,4.332,settle,596501840,8,3.1079,3.8
26,dbgate,4.587,settle,596501840,8,3.1261,7.0
26,dbgate,4.842,settle,586556752,8,3.1391,5.2
26,dbgate,5.097,settle,586573136,8,3.1599,8.0
26,dbgate,5.352,settle,586556752,8,3.1739,5.5
26,dbgate,5.608,settle,586556752,8,3.1929,7.4
26,dbgate,5.858,settle,586507600,8,3.2046,4.7
26,dbgate,6.113,query,586540368,8,3.2183,5.5
26,dbgate,6.368,query,562177360,8,3.2326,5.6
26,dbgate,6.624,query,562193744,8,3.2455,5.0
26,dbgate,6.877,query,525051216,8,3.2640,7.3
26,dbgate,7.128,query,525051216,8,3.2786,5.8
26,dbgate,7.380,query,519578960,8,3.2950,6.5
26,dbgate,7.631,query,519595344,8,3.3096,5.8
26,dbgate,7.887,query,488039760,8,3.3280,7.2
26,dbgate,8.138,query,488023376,8,3.3421,5.6
26,dbgate,8.393,query,488039760,8,3.3558,5.4
26,dbgate,8.649,query,488023376,8,3.3696,5.4
26,dbgate,8.904,query,488056144,8,3.3835,5.4
26,dbgate,9.159,query,488056144,8,3.3994,6.3
26,dbgate,9.410,query,488138064,8,3.4121,5.1
26,dbgate,9.663,query,488138064,8,3.4234,4.5
26,dbgate,9.918,query,488154448,8,3.4323,3.5
26,dbgate,10.171,query,488138064,8,3.4439,4.6
26,dbgate,10.427,query,488154448,8,3.4570,5.1
26,dbgate,10.680,query,488138064,8,3.4702,5.2
26,dbgate,10.935,query,488154448,8,3.4816,4.5
26,dbgate,11.190,query,488121704,8,3.4931,4.5
26,dbgate,11.442,query,488154472,8,3.5050,4.7
26,dbgate,11.697,query,488138088,8,3.5159,4.3
26,dbgate,11.953,query,550921576,8,3.5704,21.0
26,dbgate,12.206,query,619226472,8,3.6339,25.2
26,dbgate,12.459,query,619210088,8,3.6495,6.1
26,dbgate,12.713,query,619603304,8,3.6785,11.4
26,dbgate,12.968,query,619800080,9,3.7277,19.0
26,dbgate,13.222,query,671525376,9,4.0302,122.0
26,dbgate,13.476,query,728509024,9,4.3379,119.0
26,dbgate,13.731,query,729492064,9,4.3760,15.1
26,dbgate,13.983,query,727149152,9,4.3890,5.2
26,dbgate,14.236,query,750054032,9,4.6769,113.9
26,dbgate,14.490,query,753314472,9,4.9048,90.4
26,dbgate,14.743,query,760588992,9,5.2170,122.6
26,dbgate,14.996,query,762784448,9,5.4372,87.1
26,dbgate,15.250,query,771222208,9,5.6884,99.0
26,dbgate,15.505,query,777464536,9,5.9233,91.6
26,dbgate,15.755,query,781003480,9,6.0921,68.0
26,dbgate,16.010,query,793406192,9,6.3450,99.3
26,dbgate,16.264,query,792341232,9,6.5204,69.7
26,dbgate,16.517,query,792603376,9,6.6729,59.9
26,dbgate,16.772,query,792685296,9,6.7989,49.0
26,dbgate,17.026,query,792668912,9,6.9171,46.7
26,dbgate,17.280,query,792652528,9,7.0668,58.7
26,dbgate,17.532,query,792849136,9,7.2130,58.6
26,dbgate,17.787,query,793094896,9,7.3177,40.6
26,dbgate,18.042,query,765668080,9,7.4753,61.3
26,dbgate,18.296,query,766159600,9,7.6257,59.4
26,dbgate,18.549,query,694577904,9,7.7266,39.8
26,dbgate,18.803,query,699017968,9,7.8726,57.9
26,dbgate,19.055,query,702049008,9,8.0186,58.2
26,dbgate,19.311,query,702966512,9,8.0651,18.4
26,dbgate,19.566,after-query,702966512,9,8.0809,6.2
26,dbgate,19.819,after-query,702409456,9,8.1007,7.6
26,dbgate,20.074,after-query,699968240,9,8.1138,5.3
26,dbgate,20.329,after-query,694708976,9,8.1277,5.4
26,dbgate,20.584,after-query,681093872,9,8.1459,7.1
26,dbgate,20.839,after-query,670608088,9,8.1660,7.9
26,dbgate,21.090,after-query,663268056,9,8.1821,6.4
26,dbgate,21.346,after-query,663333592,9,8.2002,7.1
26,dbgate,21.601,after-query,661285592,9,8.2197,7.6
26,dbgate,21.856,after-query,661318360,9,8.2341,5.6
26,dbgate,22.111,after-query,661252824,9,8.2492,5.9
26,dbgate,22.366,after-query,661236440,9,8.2595,4.1
26,dbgate,22.618,after-query,661252824,9,8.2760,6.5
26,dbgate,22.872,after-query,661236440,9,8.2906,5.7
26,dbgate,23.124,after-query,661220056,9,8.3079,6.9
26,dbgate,23.379,after-query,661236440,9,8.3244,6.5
26,dbgate,23.635,after-query,661252824,9,8.3402,6.2
26,dbgate,23.890,after-query,661236440,9,8.3540,5.4
27,pgpad,0.255,launch,18646120,2,0.1359,
27,pgpad,0.506,settle,47811056,4,0.3929,100.0
27,pgpad,0.761,settle,49891992,4,0.4815,35.5
27,pgpad,1.016,settle,224742976,5,0.7808,115.2
27,pgpad,1.268,settle,224218688,5,0.7829,0.8
27,pgpad,1.523,settle,220450368,5,0.7900,2.8
27,pgpad,1.775,settle,217747008,5,0.8129,9.2
27,pgpad,2.031,settle,201428544,5,0.8184,2.1
27,pgpad,2.286,settle,158256704,5,0.8231,1.8
27,pgpad,2.541,settle,157814336,5,0.8243,0.5
27,pgpad,2.796,settle,156159552,5,0.8253,0.4
27,pgpad,3.051,settle,155962944,5,0.8259,0.2
27,pgpad,3.306,settle,155962944,5,0.8268,0.3
27,pgpad,3.561,settle,155913792,5,0.8275,0.3
27,pgpad,3.815,settle,155913792,5,0.8279,0.2
27,pgpad,4.065,settle,155913792,5,0.8281,0.1
27,pgpad,4.317,settle,155913792,5,0.8284,0.1
27,pgpad,4.568,settle,155913792,5,0.8287,0.1
27,pgpad,4.820,settle,155913792,5,0.8287,0.0
27,pgpad,5.075,settle,155913792,5,0.8287,0.0
27,pgpad,5.327,settle,155848256,5,0.8294,0.3
27,pgpad,5.578,query,155749952,5,0.8357,2.6
27,pgpad,5.829,query,155749952,5,0.8359,0.1
27,pgpad,6.084,query,155668032,5,0.8366,0.3
27,pgpad,6.339,query,155586112,5,0.8369,0.1
27,pgpad,6.594,query,155586112,5,0.8372,0.1
27,pgpad,6.850,query,155504192,5,0.8375,0.1
27,pgpad,7.105,query,155504192,5,0.8376,0.1
27,pgpad,7.360,query,155389504,5,0.8377,0.0
27,pgpad,7.615,query,155389504,5,0.8377,0.0
27,pgpad,7.870,query,155389504,5,0.8377,0.0
27,pgpad,8.125,query,155389504,5,0.8377,0.0
27,pgpad,8.381,query,155389504,5,0.8378,0.0
27,pgpad,8.632,query,155389504,5,0.8378,0.0
27,pgpad,8.887,query,155225664,5,0.8438,2.4
27,pgpad,9.142,query,155307584,5,0.8517,3.1
27,pgpad,9.395,query,155307584,5,0.8531,0.5
27,pgpad,9.648,query,155307584,5,0.8542,0.4
27,pgpad,9.903,query,155307584,5,0.8546,0.2
27,pgpad,10.158,query,155307584,5,0.8554,0.3
27,pgpad,10.413,query,155307584,5,0.8556,0.1
27,pgpad,10.668,query,229478000,5,0.8832,10.8
27,pgpad,10.920,query,289558224,5,1.0137,51.7
27,pgpad,11.175,query,282922704,5,1.0163,1.0
27,pgpad,11.428,query,282382032,5,1.0222,2.3
27,pgpad,11.684,query,282234576,5,1.0245,0.9
27,pgpad,11.939,query,278351568,5,1.0741,19.5
27,pgpad,12.194,query,237982016,6,1.2171,56.2
27,pgpad,12.449,query,251515200,6,1.2443,10.6
27,pgpad,12.700,query,249155904,6,1.2463,0.8
27,pgpad,12.951,query,251334976,6,1.2938,18.8
27,pgpad,13.203,query,251318592,6,1.2953,0.6
27,pgpad,13.458,query,250368320,6,1.3181,8.9
27,pgpad,13.713,query,249991488,6,1.3431,9.8
27,pgpad,13.964,query,209523008,6,1.3464,1.3
27,pgpad,14.218,query,248795456,6,1.3864,15.2
27,pgpad,14.473,query,354537840,6,1.6572,107.5
27,pgpad,14.728,query,354046320,6,1.6598,1.0
27,pgpad,14.982,query,351883632,6,1.6741,5.6
27,pgpad,15.237,query,350982512,6,1.6776,1.4
27,pgpad,15.492,query,348377456,6,1.6907,5.1
27,pgpad,15.747,query,258380144,6,1.6944,1.5
27,pgpad,16.003,query,258363760,6,1.7010,2.6
27,pgpad,16.257,query,344461680,6,1.7371,14.0
27,pgpad,16.512,query,384651656,6,1.8097,28.6
27,pgpad,16.764,query,390746504,6,1.8361,10.5
27,pgpad,17.015,query,385421704,6,1.9113,29.7
27,pgpad,17.265,query,387781000,6,1.9388,11.1
27,pgpad,17.521,query,388321672,6,2.0115,28.5
27,pgpad,17.776,query,388223368,6,2.0134,0.7
27,pgpad,18.027,query,394301832,6,2.0451,12.6
27,pgpad,18.282,query,374886792,6,2.1219,30.5
27,pgpad,18.537,after-query,372494728,6,2.1242,0.9
27,pgpad,18.789,after-query,372330888,6,2.1297,2.1
27,pgpad,19.042,after-query,371872136,6,2.1318,0.8
27,pgpad,19.295,after-query,371069320,6,2.1343,1.0
27,pgpad,19.550,after-query,258445704,6,2.1356,0.5
27,pgpad,19.805,after-query,258363784,6,2.1368,0.5
27,pgpad,20.061,after-query,258363784,6,2.1374,0.2
27,pgpad,20.316,after-query,258331016,6,2.1381,0.3
27,pgpad,20.569,after-query,258265480,6,2.1390,0.4
27,pgpad,20.824,after-query,258249096,6,2.1395,0.2
27,pgpad,21.078,after-query,258281864,6,2.1433,1.5
27,pgpad,21.329,after-query,258281864,6,2.1439,0.2
27,pgpad,21.583,after-query,258281864,6,2.1448,0.4
27,pgpad,21.838,after-query,258265480,6,2.1462,0.6
27,pgpad,22.091,after-query,258265480,6,2.1469,0.3
27,pgpad,22.346,after-query,258216328,6,2.1479,0.4
27,pgpad,22.601,after-query,258216328,6,2.1485,0.2
27,pgpad,22.852,after-query,258150792,6,2.1492,0.3
27,pgpad,23.107,after-query,258134408,6,2.1495,0.1
27,pgpad,23.360,after-query,257905032,6,2.1498,0.1
27,pgpad,23.611,after-query,257905032,6,2.1498,0.0
27,dbeaver,0.254,launch,19465104,1,0.1025,
27,dbeaver,0.509,launch,61588416,1,0.4997,156.0
27,dbeaver,0.764,launch,106038280,1,1.1127,236.8
27,dbeaver,1.019,launch,134906960,1,1.6589,213.1
27,dbeaver,1.275,launch,158647400,1,2.2896,247.8
27,dbeaver,1.530,launch,176833856,1,2.9045,241.9
27,dbeaver,1.781,launch,210453848,1,3.7481,336.8
27,dbeaver,2.034,launch,253019528,1,4.1860,173.0
27,dbeaver,2.289,launch,268895648,1,4.8283,250.4
27,dbeaver,2.543,launch,280823200,1,5.6696,331.6
27,dbeaver,2.798,launch,297993656,1,6.5761,356.5
27,dbeaver,3.049,launch,316786128,1,7.2193,255.6
27,dbeaver,3.304,launch,330925520,1,8.0277,318.5
27,dbeaver,3.559,launch,419235736,1,8.6266,234.4
27,dbeaver,3.809,settle,854297216,2,9.4113,310.6
27,dbeaver,4.061,settle,966904424,2,10.1772,306.8
27,dbeaver,4.316,settle,969542248,2,10.3946,84.5
27,dbeaver,4.569,settle,1029425840,2,11.2306,332.3
27,dbeaver,4.825,settle,1028819632,2,11.2847,21.0
27,dbeaver,5.080,settle,963611312,2,11.3117,10.5
27,dbeaver,5.333,settle,892652208,2,11.3478,14.3
27,dbeaver,5.588,settle,852118192,2,11.3619,5.6
27,dbeaver,5.843,settle,793758384,2,11.3735,4.5
27,dbeaver,6.097,settle,724159152,2,11.3860,5.0
27,dbeaver,6.349,settle,724175536,2,11.4050,7.5
27,dbeaver,6.602,settle,724175536,2,11.4125,3.0
27,dbeaver,6.856,settle,724175536,2,11.4257,5.2
27,dbeaver,7.112,settle,724175536,2,11.4348,3.6
27,dbeaver,7.367,settle,724191920,2,11.4519,6.8
27,dbeaver,7.619,settle,724191920,2,11.4635,4.5
27,dbeaver,7.874,settle,724191920,2,11.4698,2.5
27,dbeaver,8.129,settle,724208304,2,11.4876,6.9
27,dbeaver,8.384,settle,724110000,2,11.4972,3.8
27,dbeaver,8.637,settle,724011696,2,11.5100,5.0
27,dbeaver,8.892,query,723913392,2,11.5157,2.3
27,dbeaver,9.147,query,723897008,2,11.5328,6.6
27,dbeaver,9.402,query,723798704,2,11.5417,3.5
27,dbeaver,9.654,query,723815088,2,11.5539,4.8
27,dbeaver,9.909,query,723815088,2,11.5616,3.0
27,dbeaver,10.164,query,723815088,2,11.5711,3.7
27,dbeaver,10.420,query,723815088,2,11.5809,3.8
27,dbeaver,10.675,query,723815088,2,11.5868,2.4
27,dbeaver,10.930,query,723733168,2,11.5970,4.0
27,dbeaver,11.183,query,723733192,2,11.6028,2.3
27,dbeaver,11.438,query,723733192,2,11.6213,7.3
27,dbeaver,11.694,query,723765960,2,11.6331,4.6
27,dbeaver,11.949,query,723782344,2,11.6465,5.4
27,dbeaver,12.200,query,723782344,2,11.6523,2.3
27,dbeaver,12.454,query,723782344,2,11.6584,2.4
27,dbeaver,12.705,query,723782344,2,11.6661,3.1
27,dbeaver,12.960,query,723782344,2,11.6735,2.9
27,dbeaver,13.215,query,723782344,2,11.6817,3.2
27,dbeaver,13.470,query,723782344,2,11.6884,2.6
27,dbeaver,13.725,query,724224712,2,11.7090,8.2
27,dbeaver,13.978,query,724273840,2,11.7372,10.8
27,dbeaver,14.234,query,725322416,2,11.8096,28.7
27,dbeaver,14.489,query,725420720,2,11.8413,12.4
27,dbeaver,14.744,query,762743448,2,11.9089,26.8
27,dbeaver,14.997,query,765528728,2,12.0589,58.3
27,dbeaver,15.252,query,764398232,2,12.0847,10.2
27,dbeaver,15.505,query,764643992,2,12.1106,10.3
27,dbeaver,15.761,query,764791448,2,12.1318,8.1
27,dbeaver,16.016,query,723864216,2,12.1428,4.4
27,dbeaver,16.268,query,723864216,2,12.1500,2.8
27,dbeaver,16.520,query,847956632,2,12.3146,64.6
27,dbeaver,16.775,query,902859416,2,12.9780,263.9
27,dbeaver,17.030,query,966019736,2,13.6886,278.8
27,dbeaver,17.281,query,926419608,2,13.8988,82.8
27,dbeaver,17.537,query,924191384,2,14.0546,61.5
27,dbeaver,17.792,query,882346648,2,14.0702,6.1
27,dbeaver,18.047,query,882379416,2,14.0897,7.6
27,dbeaver,18.300,query,892160688,2,14.2075,46.7
27,dbeaver,18.556,query,748866224,2,14.2795,28.2
27,dbeaver,18.811,query,748931760,2,14.4078,50.4
27,dbeaver,19.066,query,741624496,2,14.4808,28.5
27,dbeaver,19.321,query,741690032,2,14.5683,34.3
27,dbeaver,19.576,query,741722800,2,14.6469,30.9
27,dbeaver,19.831,query,753011376,2,14.8222,68.7
27,dbeaver,20.087,query,753126064,2,14.9363,44.3
27,dbeaver,20.342,query,753158832,2,15.0840,58.2
27,dbeaver,20.593,query,751045296,2,15.1405,22.4
27,dbeaver,20.849,query,751274672,2,15.2476,42.2
27,dbeaver,21.104,query,860326576,2,15.4163,66.4
27,dbeaver,21.359,query,869501616,2,15.4850,27.1
27,dbeaver,21.614,query,865307312,2,15.5375,20.2
27,dbeaver,21.869,query,865372848,2,15.6063,27.2
27,dbeaver,22.125,query,745294512,2,15.6740,26.7
27,dbeaver,22.375,after-query,745343664,2,15.6873,5.4
27,dbeaver,22.631,after-query,745310896,2,15.6965,3.6
27,dbeaver,22.886,after-query,745310896,2,15.7049,3.2
27,dbeaver,23.140,after-query,731564720,2,15.7105,2.2
27,dbeaver,23.392,after-query,731531952,2,15.7215,4.3
27,dbeaver,23.645,after-query,731531952,2,15.7279,2.6
27,dbeaver,23.898,after-query,731450032,2,15.7394,4.5
27,dbeaver,24.150,after-query,731450032,2,15.7449,2.2
27,dbeaver,24.405,after-query,731515568,2,15.7633,7.3
27,dbeaver,24.661,after-query,731564720,2,15.7767,5.2
27,dbeaver,24.916,after-query,731564720,2,15.7876,4.3
27,dbeaver,25.171,after-query,731581104,2,15.7952,3.0
27,dbeaver,25.426,after-query,731597488,2,15.8098,5.8
27,dbeaver,25.681,after-query,731564720,2,15.8148,1.9
27,dbeaver,25.932,after-query,731253400,2,15.8224,3.1
27,dbeaver,26.184,after-query,731253400,2,15.8345,4.8
27,dbeaver,26.435,after-query,731253400,2,15.8425,3.2
27,dbeaver,26.691,after-query,731253400,2,15.8541,4.7
27,pgadmin,0.255,launch,11486216,1,0.1075,
27,pgadmin,0.510,launch,41666504,3,0.3416,90.7
27,pgadmin,0.765,launch,145364128,5,0.7975,178.9
27,pgadmin,1.020,launch,161911992,5,1.0325,92.1
27,pgadmin,1.272,launch,171939000,5,1.2533,87.8
27,pgadmin,1.527,launch,181294312,5,1.4819,89.8
27,pgadmin,1.778,launch,193418472,5,1.6993,86.2
27,pgadmin,2.033,launch,206836968,5,1.9367,93.2
27,pgadmin,2.289,launch,218518784,5,2.1727,92.4
27,pgadmin,2.544,launch,227693824,5,2.4075,91.8
27,pgadmin,2.799,launch,249583304,6,2.8587,177.8
27,pgadmin,3.054,launch,235197744,5,2.8597,89.1
27,pgadmin,3.306,launch,244258096,5,3.0935,93.2
27,pgadmin,3.561,launch,253531440,5,3.3468,99.1
27,pgadmin,3.816,launch,261887280,5,3.5539,81.3
27,pgadmin,4.071,launch,262559024,5,3.5977,17.0
27,pgadmin,4.327,launch,266049008,6,3.6708,28.8
27,pgadmin,4.578,settle,338400752,5,4.1210,215.5
27,pgadmin,4.833,settle,449615464,5,4.4631,134.7
27,pgadmin,5.088,settle,501700248,5,4.8464,151.7
27,pgadmin,5.338,settle,681678728,5,5.3995,218.7
27,pgadmin,5.593,settle,674813976,5,5.7028,118.2
27,pgadmin,5.848,settle,689690720,5,5.9514,97.9
27,pgadmin,6.104,settle,798021800,5,6.1883,89.9
27,pgadmin,6.359,settle,797235392,5,6.2608,29.1
27,pgadmin,6.614,settle,808377112,6,6.3962,10.8
27,pgadmin,6.866,settle,808475416,6,6.4228,10.6
27,pgadmin,7.122,settle,806492952,6,6.4495,10.5
27,pgadmin,7.372,settle,804248344,6,6.4848,14.3
27,pgadmin,7.627,settle,771447576,6,6.5207,14.0
27,pgadmin,7.880,settle,771545880,6,6.5532,12.8
27,pgadmin,8.134,settle,774331160,6,6.6198,25.8
27,pgadmin,8.386,settle,774429464,6,6.6480,11.2
27,pgadmin,8.638,settle,774593304,6,6.6866,15.3
27,pgadmin,8.892,settle,774642456,6,6.7141,10.8
27,pgadmin,9.147,settle,774757144,6,6.7455,12.3
27,pgadmin,9.402,settle,774806296,6,6.7763,12.3
27,pgadmin,9.652,query,774888216,6,6.7970,8.3
27,pgadmin,9.907,query,774920984,6,6.8266,11.5
27,pgadmin,10.162,query,780589872,6,6.8851,23.1
27,pgadmin,10.417,query,780671792,6,6.9169,12.3
27,pgadmin,10.669,query,780884784,6,6.9496,12.9
27,pgadmin,10.925,query,780999472,6,6.9772,10.8
27,pgadmin,11.177,query,615684912,6,7.0234,18.3
27,pgadmin,11.429,query,615701296,6,7.0527,11.6
27,pgadmin,11.684,query,615848752,6,7.0852,13.1
27,pgadmin,11.939,query,618240816,6,7.1391,20.7
27,pgadmin,12.194,query,618847024,6,7.1712,12.6
27,pgadmin,12.449,query,618978096,6,7.1980,10.6
27,pgadmin,12.703,query,619109168,6,7.2266,11.4
27,pgadmin,12.956,query,619207472,6,7.2486,8.6
27,pgadmin,13.211,query,619371312,6,7.2735,9.8
27,pgadmin,13.466,query,619502384,6,7.2948,8.3
27,pgadmin,13.721,query,619584304,6,7.3168,8.7
27,pgadmin,13.976,query,631626568,6,7.6020,112.0
27,pgadmin,14.229,query,631593800,6,7.6166,5.7
27,pgadmin,14.485,query,631593800,6,7.6402,9.2
27,pgadmin,14.735,query,631659336,6,7.6709,12.3
27,pgadmin,14.990,query,631708488,6,7.6957,9.7
27,pgadmin,15.244,query,631724872,6,7.7205,9.9
27,pgadmin,15.499,query,631724872,6,7.7410,7.9
27,pgadmin,15.752,query,660773704,6,7.8076,26.5
27,pgadmin,16.003,query,707091248,6,8.0341,89.6
27,pgadmin,16.254,query,707795760,6,8.0722,15.0
27,pgadmin,16.509,query,707795760,6,8.0951,9.0
27,pgadmin,16.762,query,707795760,6,8.1212,10.3
27,pgadmin,17.017,query,707828528,6,8.1415,8.0
27,pgadmin,17.272,query,705731376,6,8.1626,8.2
27,pgadmin,17.524,query,779361072,6,8.3858,89.8
27,pgadmin,17.779,query,797481800,6,8.5996,83.4
27,pgadmin,18.034,query,798792520,6,8.7100,43.3
27,pgadmin,18.285,query,802069320,6,8.8104,39.9
27,pgadmin,18.540,query,810539872,6,9.0177,81.2
27,pgadmin,18.790,query,814881632,6,9.1519,53.6
27,pgadmin,19.045,query,821009248,6,9.4661,122.8
27,pgadmin,19.298,query,822745928,6,9.6567,75.7
27,pgadmin,19.552,query,823155528,6,9.7941,54.5
27,pgadmin,19.804,query,823237448,6,9.9399,57.4
27,pgadmin,20.056,query,824515400,6,10.1230,73.1
27,pgadmin,20.307,query,824564552,6,10.2103,35.0
27,pgadmin,20.562,query,824630088,6,10.3302,46.8
27,pgadmin,20.814,query,819436360,6,10.4961,64.8
27,pgadmin,21.065,query,819256136,6,10.6651,68.2
27,pgadmin,21.320,query,821058376,6,10.7682,40.1
27,pgadmin,21.573,query,826071880,6,10.9308,64.2
27,pgadmin,21.824,query,825678688,6,11.0083,31.0
27,pgadmin,22.080,query,828300152,6,11.1629,60.0
27,pgadmin,22.332,query,832953208,6,11.3385,70.9
27,pgadmin,22.583,query,824367992,6,11.4140,29.9
27,pgadmin,22.834,query,824793976,6,11.4542,15.9
27,pgadmin,23.087,after-query,824859512,6,11.4792,10.0
27,pgadmin,23.343,after-query,824925048,6,11.5032,9.3
27,pgadmin,23.595,after-query,824990584,6,11.5234,8.1
27,pgadmin,23.850,after-query,803445624,6,11.5436,7.8
27,pgadmin,24.105,after-query,799054712,6,11.5972,21.3
27,pgadmin,24.357,after-query,799103864,6,11.6239,10.5
27,pgadmin,24.612,after-query,799202168,6,11.6490,10.0
27,pgadmin,24.868,after-query,792959864,6,11.6733,9.4
27,pgadmin,25.119,after-query,793009016,6,11.6957,8.8
27,pgadmin,25.374,after-query,793074552,6,11.7144,7.4
27,pgadmin,25.629,after-query,793140088,6,11.7393,9.6
27,pgadmin,25.884,after-query,793205624,6,11.7550,6.3
27,pgadmin,26.137,after-query,771545976,6,11.8107,22.0
27,pgadmin,26.389,after-query,771595128,6,11.8321,8.4
27,pgadmin,26.642,after-query,771578744,6,11.8530,8.3
27,pgadmin,26.896,after-query,771627896,6,11.8727,7.7
27,pgadmin,27.151,after-query,771709816,6,11.8917,7.5
27,pgadmin,27.406,after-query,771791736,6,11.9169,9.9
27,dbgate,0.254,launch,10322952,1,0.1006,
27,dbgate,0.506,launch,53103712,3,0.3821,110.7
27,dbgate,0.757,launch,81448080,3,0.5891,81.8
27,dbgate,1.011,settle,208507632,4,0.9625,146.7
27,dbgate,1.266,settle,284514208,5,1.3755,162.5
27,dbgate,1.521,settle,601121888,8,2.3932,400.4
27,dbgate,1.774,settle,626943432,8,2.7952,158.1
27,dbgate,2.026,settle,626877896,8,2.8265,12.4
27,dbgate,2.281,settle,627598792,8,2.9053,30.5
27,dbgate,2.532,settle,627615176,8,2.9294,9.7
27,dbgate,2.787,settle,619013576,8,2.9447,6.0
27,dbgate,3.043,settle,619029960,8,2.9593,5.7
27,dbgate,3.298,settle,614426056,8,2.9724,5.1
27,dbgate,3.553,settle,614442440,8,2.9897,6.9
27,dbgate,3.808,settle,604448200,8,3.0028,5.1
27,dbgate,4.058,settle,593323440,8,3.0257,9.2
27,dbgate,4.314,settle,593307056,8,3.0381,4.8
27,dbgate,4.569,settle,593307056,8,3.0576,7.6
27,dbgate,4.824,settle,593307056,8,3.0693,4.6
27,dbgate,5.075,settle,593323440,8,3.0890,7.9
27,dbgate,5.328,settle,593307056,8,3.1008,4.7
27,dbgate,5.583,settle,593274288,8,3.1202,7.6
27,dbgate,5.838,settle,593274288,8,3.1318,4.5
27,dbgate,6.093,query,593274288,8,3.1462,5.8
27,dbgate,6.347,query,593290672,8,3.1578,4.5
27,dbgate,6.602,query,555984304,8,3.1890,12.1
27,dbgate,6.858,query,555984304,8,3.2009,4.6
27,dbgate,7.111,query,519005616,8,3.2195,7.4
27,dbgate,7.366,query,487318960,8,3.2358,6.4
27,dbgate,7.622,query,487351728,8,3.2562,7.9
27,dbgate,7.877,query,487368112,8,3.2699,5.4
27,dbgate,8.132,query,487368112,8,3.2822,4.9
27,dbgate,8.386,query,487368112,8,3.2970,5.7
27,dbgate,8.641,query,487351728,8,3.3114,5.7
27,dbgate,8.896,query,487368112,8,3.3263,5.8
27,dbgate,9.151,query,487351728,8,3.3414,5.9
27,dbgate,9.406,query,487384496,8,3.3536,4.9
27,dbgate,9.661,query,487384496,8,3.3650,4.4
27,dbgate,9.912,query,487400880,8,3.3773,4.9
27,dbgate,10.166,query,487384496,8,3.3890,4.6
27,dbgate,10.421,query,487400880,8,3.3999,4.3
27,dbgate,10.676,query,487384496,8,3.4139,5.5
27,dbgate,10.931,query,487400880,8,3.4247,4.2
27,dbgate,11.182,query,487384496,8,3.4378,5.2
27,dbgate,11.433,query,487417264,8,3.4546,6.6
27,dbgate,11.689,query,487400880,8,3.4688,5.6
27,dbgate,11.944,query,547251632,8,3.5196,20.0
27,dbgate,12.196,query,609396144,8,3.5873,26.6
27,dbgate,12.451,query,609379760,8,3.6003,5.0
27,dbgate,12.706,query,610297264,8,3.6420,16.5
27,dbgate,12.961,query,610461104,8,3.6679,10.1
27,dbgate,13.214,query,662415872,9,3.9778,123.2
27,dbgate,13.469,query,704555640,9,4.3130,131.9
27,dbgate,13.720,query,705768056,9,4.3567,17.2
27,dbgate,13.975,query,705768056,9,4.3698,5.1
27,dbgate,14.228,query,719956600,9,4.6441,109.1
27,dbgate,14.480,query,730770088,9,4.8760,92.7
27,dbgate,14.732,query,736340672,9,5.1822,122.3
27,dbgate,14.984,query,736258752,9,5.4002,86.3
27,dbgate,15.235,query,744712896,9,5.6586,102.2
27,dbgate,15.489,query,754838232,9,5.8765,86.7
27,dbgate,15.744,query,758639320,9,6.0403,63.4
27,dbgate,15.995,query,764488408,9,6.2418,81.2
27,dbgate,16.250,query,769878768,9,6.4183,68.3
27,dbgate,16.505,query,775432944,9,6.5659,58.2
27,dbgate,16.756,query,779414256,9,6.6989,52.6
27,dbgate,17.011,query,777202416,9,6.8189,47.8
27,dbgate,17.262,query,781445872,9,6.9661,58.1
27,dbgate,17.517,query,786066160,9,7.1171,58.4
27,dbgate,17.769,query,788065008,9,7.2119,38.3
27,dbgate,18.025,query,763865864,9,7.4745,101.9
27,dbgate,18.278,query,763718408,9,7.6149,55.8
27,dbgate,18.533,query,725756680,9,7.7270,43.9
27,dbgate,18.787,query,720317192,9,7.8646,54.4
27,dbgate,19.042,query,720366344,9,7.9871,47.8
27,dbgate,19.297,query,720333576,9,8.0492,24.3
27,dbgate,19.549,after-query,720317192,9,8.0657,6.6
27,dbgate,19.804,after-query,719760136,9,8.0843,7.2
27,dbgate,20.055,after-query,719776520,9,8.1002,6.3
27,dbgate,20.307,after-query,717302536,9,8.1142,5.6
27,dbgate,20.558,after-query,706259720,9,8.1272,5.2
27,dbgate,20.813,after-query,700492552,9,8.1478,8.1
27,dbgate,21.069,after-query,682978032,9,8.1687,8.3
27,dbgate,21.324,after-query,683043568,9,8.1887,7.8
27,dbgate,21.578,after-query,681192176,9,8.2100,8.3
27,dbgate,21.830,after-query,681192176,9,8.2254,6.2
27,dbgate,22.083,after-query,681093872,9,8.2408,6.1
27,dbgate,22.337,after-query,681077488,9,8.2554,5.7
27,dbgate,22.589,after-query,681077488,9,8.2708,6.1
27,dbgate,22.845,after-query,681077488,9,8.2879,6.7
27,dbgate,23.097,after-query,681061104,9,8.3026,5.7
27,dbgate,23.348,after-query,681044720,9,8.3158,5.5
27,dbgate,23.602,after-query,681061104,9,8.3280,4.7
27,dbgate,23.857,after-query,681061104,9,8.3434,6.0
27,dbgate,24.108,after-query,681077488,9,8.3554,4.9
28,dbgate,0.255,launch,34407648,1,0.1704,
28,dbgate,0.510,launch,82201720,3,0.4604,112.0
28,dbgate,0.765,settle,205820512,4,0.8649,159.2
28,dbgate,1.020,settle,283727656,5,1.2931,168.2
28,dbgate,1.275,settle,623158200,8,2.3411,411.0
28,dbgate,1.530,settle,642426168,8,2.7099,143.2
28,dbgate,1.784,settle,642540856,8,2.7401,11.8
28,dbgate,2.036,settle,642704696,8,2.7647,9.8
28,dbgate,2.291,settle,642721080,8,2.7865,8.5
28,dbgate,2.544,settle,624813368,8,2.8012,5.8
28,dbgate,2.800,settle,624846136,8,2.8178,6.5
28,dbgate,3.051,settle,622208312,8,2.8285,4.3
28,dbgate,3.307,settle,622208312,8,2.8484,7.8
28,dbgate,3.562,settle,619750712,8,2.8607,4.8
28,dbgate,3.815,settle,608625928,8,2.8816,8.4
28,dbgate,4.070,settle,608609544,8,2.8936,4.7
28,dbgate,4.326,settle,608609544,8,2.9092,6.1
28,dbgate,4.581,settle,608609544,8,2.9208,4.5
28,dbgate,4.832,settle,608625928,8,2.9406,8.0
28,dbgate,5.085,settle,608609544,8,2.9544,5.4
28,dbgate,5.340,settle,608609544,8,2.9728,7.4
28,dbgate,5.592,settle,608609544,8,2.9828,3.9
28,dbgate,5.843,query,608511240,8,2.9978,6.2
28,dbgate,6.095,query,608527624,8,3.0110,5.1
28,dbgate,6.351,query,577430792,8,3.0369,10.1
28,dbgate,6.606,query,494036232,8,3.0517,5.9
28,dbgate,6.861,query,486515976,8,3.0664,5.7
28,dbgate,7.116,query,486499592,8,3.0785,4.9
28,dbgate,7.371,query,486499592,8,3.0942,6.1
28,dbgate,7.626,query,486515976,8,3.1090,5.8
28,dbgate,7.882,query,486499592,8,3.1262,6.7
28,dbgate,8.137,query,486515976,8,3.1387,4.9
28,dbgate,8.392,query,486499592,8,3.1515,5.0
28,dbgate,8.647,query,486548768,8,3.1671,6.2
28,dbgate,8.902,query,486532384,8,3.1809,5.3
28,dbgate,9.156,query,486630712,8,3.1928,4.8
28,dbgate,9.411,query,486630712,8,3.2055,5.0
28,dbgate,9.666,query,486647096,8,3.2168,4.4
28,dbgate,9.920,query,486630712,8,3.2305,5.4
28,dbgate,10.175,query,486647096,8,3.2423,4.6
28,dbgate,10.430,query,486630712,8,3.2557,5.3
28,dbgate,10.682,query,486647096,8,3.2688,5.2
28,dbgate,10.937,query,486614328,8,3.2828,5.5
28,dbgate,11.192,query,486647096,8,3.3004,6.9
28,dbgate,11.443,query,486630712,8,3.3115,4.4
28,dbgate,11.695,query,550364472,8,3.3661,21.9
28,dbgate,11.948,query,608331064,8,3.4346,26.7
28,dbgate,12.203,query,608314680,8,3.4461,4.5
28,dbgate,12.458,query,609035576,8,3.4864,15.9
28,dbgate,12.712,query,609166648,8,3.5115,9.8
28,dbgate,12.967,query,657795488,9,3.8016,116.1
28,dbgate,13.220,query,722217520,9,4.1370,131.3
28,dbgate,13.474,query,723577392,9,4.1849,18.7
28,dbgate,13.729,query,723561008,9,4.1991,5.6
28,dbgate,13.980,query,732719664,9,4.4566,103.5
28,dbgate,14.235,query,750955128,9,4.6979,93.1
28,dbgate,14.486,query,761817720,9,4.9935,119.6
28,dbgate,14.742,query,771418744,9,5.2163,87.5
28,dbgate,14.996,query,778267256,9,5.4636,97.3
28,dbgate,15.251,query,784771728,9,5.7051,94.4
28,dbgate,15.505,query,788687504,9,5.8997,76.6
28,dbgate,15.756,query,787868304,9,6.1020,80.9
28,dbgate,16.012,query,793012904,9,6.2708,65.7
28,dbgate,16.267,query,798730920,9,6.4163,56.7
28,dbgate,16.520,query,803351208,9,6.5652,59.1
28,dbgate,16.774,query,804170408,9,6.7658,79.0
28,dbgate,17.028,query,804203176,9,6.9108,57.2
28,dbgate,17.281,query,804301480,9,7.0642,59.9
28,dbgate,17.534,query,804301480,9,7.1544,35.5
28,dbgate,17.786,query,776481448,9,7.2964,56.9
28,dbgate,18.040,query,776301224,9,7.4580,64.5
28,dbgate,18.294,query,700607144,9,7.5625,40.8
28,dbgate,18.545,query,701426344,9,7.7070,57.5
28,dbgate,18.799,query,701524648,9,7.8380,51.4
28,dbgate,19.053,query,701541032,9,7.8987,23.8
28,dbgate,19.309,after-query,701524648,9,7.9192,8.0
28,dbgate,19.564,after-query,700934824,9,7.9402,8.2
28,dbgate,19.819,after-query,682830504,9,7.9559,6.3
28,dbgate,20.074,after-query,677571240,9,7.9678,4.6
28,dbgate,20.330,after-query,677620392,9,7.9798,4.6
28,dbgate,20.585,after-query,677620392,9,7.9944,5.7
28,dbgate,20.840,after-query,659778192,9,8.0154,8.2
28,dbgate,21.095,after-query,659810960,9,8.0346,7.6
28,dbgate,21.350,after-query,659827344,9,8.0495,5.8
28,dbgate,21.605,after-query,657746576,9,8.0701,8.1
28,dbgate,21.861,after-query,657713808,9,8.0853,5.9
28,dbgate,22.116,after-query,657697424,9,8.0983,5.1
28,dbgate,22.371,after-query,657697424,9,8.1124,5.5
28,dbgate,22.626,after-query,657697424,9,8.1294,6.6
28,dbgate,22.882,after-query,657713808,9,8.1459,6.5
28,dbgate,23.137,after-query,657730192,9,8.1614,6.1
28,dbgate,23.390,after-query,657713808,9,8.1789,6.9
28,dbgate,23.645,after-query,657697424,9,8.1922,5.3
28,dbgate,23.899,after-query,657713808,9,8.2038,4.7
28,dbeaver,0.253,launch,20038544,1,0.1046,
28,dbeaver,0.508,launch,64193496,1,0.5329,166.4
28,dbeaver,0.763,launch,106726384,1,1.1165,228.5
28,dbeaver,1.018,launch,137561144,1,1.6832,222.6
28,dbeaver,1.273,launch,158696528,1,2.3014,241.5
28,dbeaver,1.528,launch,188646720,1,2.9532,258.2
28,dbeaver,1.783,launch,227198344,1,3.7976,324.6
28,dbeaver,2.038,launch,252003720,1,4.2718,187.8
28,dbeaver,2.293,launch,271205768,1,4.8868,241.6
28,dbeaver,2.545,launch,286197128,1,5.8313,375.6
28,dbeaver,2.800,launch,296142240,1,6.7866,374.0
28,dbeaver,3.055,launch,313001400,1,7.6250,328.4
28,dbeaver,3.307,launch,321947136,1,8.3614,290.9
28,dbeaver,3.562,launch,434341808,1,9.0886,286.5
28,dbeaver,3.817,settle,839289448,2,9.8943,314.7
28,dbeaver,4.072,settle,962382440,2,10.5954,275.0
28,dbeaver,4.326,settle,960580200,2,10.8070,83.8
28,dbeaver,4.581,settle,1019103872,2,11.6138,312.6
28,dbeaver,4.836,settle,1019054720,2,11.6805,26.3
28,dbeaver,5.090,settle,933399168,2,11.7236,16.6
28,dbeaver,5.343,settle,822905472,2,11.7447,8.6
28,dbeaver,5.597,settle,783043200,2,11.7547,3.9
28,dbeaver,5.852,settle,724028032,2,11.7699,6.0
28,dbeaver,6.107,settle,717621888,2,11.7774,2.9
28,dbeaver,6.360,settle,717621888,2,11.7910,5.4
28,dbeaver,6.612,settle,717621888,2,11.7998,3.6
28,dbeaver,6.867,settle,717638272,2,11.8128,5.0
28,dbeaver,7.122,settle,717638272,2,11.8203,3.0
28,dbeaver,7.377,settle,717654656,2,11.8305,4.0
28,dbeaver,7.633,settle,717654656,2,11.8409,4.0
28,dbeaver,7.888,settle,717654656,2,11.8505,3.8
28,dbeaver,8.143,settle,717654656,2,11.8671,6.5
28,dbeaver,8.398,settle,717605480,2,11.8742,2.8
28,dbeaver,8.654,settle,717376104,2,11.8878,5.3
28,dbeaver,8.909,query,717261416,2,11.8943,2.6
28,dbeaver,9.164,query,717228648,2,11.9053,4.2
28,dbeaver,9.419,query,717130344,2,11.9158,4.1
28,dbeaver,9.674,query,717163112,2,11.9287,5.0
28,dbeaver,9.930,query,717163112,2,11.9381,3.7
28,dbeaver,10.185,query,717163112,2,11.9434,2.1
28,dbeaver,10.440,query,717163112,2,11.9564,5.1
28,dbeaver,10.691,query,717163112,2,11.9633,2.8
28,dbeaver,10.946,query,717163112,2,11.9777,5.7
28,dbeaver,11.201,query,717146752,2,11.9816,1.5
28,dbeaver,11.456,query,717146752,2,11.9922,4.2
28,dbeaver,11.708,query,717163136,2,12.0012,3.6
28,dbeaver,11.963,query,717163136,2,12.0159,5.9
28,dbeaver,12.213,query,717163136,2,12.0207,1.9
28,dbeaver,12.468,query,717163136,2,12.0277,2.7
28,dbeaver,12.719,query,717163136,2,12.0320,1.7
28,dbeaver,12.974,query,717163136,2,12.0421,3.9
28,dbeaver,13.224,query,717163136,2,12.0497,3.1
28,dbeaver,13.479,query,717163136,2,12.0548,2.0
28,dbeaver,13.734,query,717163136,2,12.0611,2.5
28,dbeaver,13.989,query,717310592,2,12.0921,11.9
28,dbeaver,14.245,query,718309992,2,12.1806,35.0
28,dbeaver,14.500,query,718277224,2,12.2030,8.7
28,dbeaver,14.753,query,755911272,2,12.3368,53.3
28,dbeaver,15.006,query,758712936,2,12.5352,77.1
28,dbeaver,15.261,query,758483560,2,12.5651,11.9
28,dbeaver,15.512,query,758516328,2,12.5903,9.9
28,dbeaver,15.767,query,758631016,2,12.6131,9.0
28,dbeaver,16.018,query,717703784,2,12.6248,4.7
28,dbeaver,16.273,query,717720168,2,12.6336,3.4
28,dbeaver,16.528,query,842041960,2,12.8153,71.9
28,dbeaver,16.784,query,940722792,2,13.5573,291.3
28,dbeaver,17.036,query,870451912,2,14.3101,299.8
28,dbeaver,17.291,query,963086976,2,14.5540,95.2
28,dbeaver,17.546,query,959990400,2,14.6683,44.8
28,dbeaver,17.801,query,919931520,2,14.6858,6.8
28,dbeaver,18.056,query,878119552,2,14.7087,8.9
28,dbeaver,18.312,query,756288176,2,14.8326,48.8
28,dbeaver,18.566,query,757172912,2,14.9062,28.9
28,dbeaver,18.821,query,757385904,2,15.0319,49.2
28,dbeaver,19.077,query,749800112,2,15.1086,30.1
28,dbeaver,19.332,query,749931184,2,15.1946,33.7
28,dbeaver,19.586,query,738658992,2,15.2693,29.2
28,dbeaver,19.841,query,750029488,2,15.4379,66.7
28,dbeaver,20.096,query,750144176,2,15.5496,43.6
28,dbeaver,20.351,query,750258864,2,15.7243,68.6
28,dbeaver,20.606,query,748194480,2,15.7816,22.4
28,dbeaver,20.862,query,736971440,2,15.8675,33.6
28,dbeaver,21.117,query,857017008,2,16.0641,77.0
28,dbeaver,21.372,query,855018160,2,16.1461,32.2
28,dbeaver,21.627,query,850840240,2,16.2071,24.4
28,dbeaver,21.882,query,850922160,2,16.2669,22.9
28,dbeaver,22.138,query,742083248,2,16.3249,22.5
28,dbeaver,22.393,after-query,742132400,2,16.3466,8.7
28,dbeaver,22.648,after-query,742132400,2,16.3537,2.8
28,dbeaver,22.898,after-query,742083248,2,16.3609,2.8
28,dbeaver,23.153,after-query,739625648,2,16.3696,3.4
28,dbeaver,23.406,after-query,728320688,2,16.3834,5.5
28,dbeaver,23.661,after-query,728320688,2,16.3885,2.0
28,dbeaver,23.916,after-query,728320688,2,16.3995,4.3
28,dbeaver,24.169,after-query,728222384,2,16.4043,1.9
28,dbeaver,24.422,after-query,728287920,2,16.4240,7.7
28,dbeaver,24.677,after-query,728287920,2,16.4324,3.3
28,dbeaver,24.932,after-query,728320688,2,16.4420,3.9
28,dbeaver,25.187,after-query,728320688,2,16.4477,2.2
28,dbeaver,25.443,after-query,728337072,2,16.4616,5.5
28,dbeaver,25.694,after-query,728304304,2,16.4711,3.7
28,dbeaver,25.949,after-query,728042136,2,16.4776,2.6
28,dbeaver,26.205,after-query,726862488,2,16.4865,3.5
28,dbeaver,26.460,after-query,726928024,2,16.5025,6.2
28,dbeaver,26.715,after-query,726928024,2,16.5178,6.2
28,pgpad,0.254,launch,17384384,1,0.1281,
28,pgpad,0.509,settle,47876616,4,0.3914,89.7
28,pgpad,0.764,settle,50105032,4,0.4833,36.0
28,pgpad,1.019,settle,232001208,5,0.7787,115.6
28,pgpad,1.270,settle,231247544,5,0.7810,0.9
28,pgpad,1.525,settle,227626680,5,0.7874,2.5
28,pgpad,1.780,settle,223678136,5,0.8118,9.6
28,pgpad,2.036,settle,223071928,5,0.8163,1.8
28,pgpad,2.291,settle,157503160,5,0.8190,1.1
28,pgpad,2.541,settle,156782264,5,0.8201,0.4
28,pgpad,2.797,settle,156667576,5,0.8213,0.5
28,pgpad,3.052,settle,156569272,5,0.8220,0.3
28,pgpad,3.307,settle,156569272,5,0.8227,0.3
28,pgpad,3.562,settle,156520120,5,0.8234,0.3
28,pgpad,3.815,settle,156520120,5,0.8239,0.2
28,pgpad,4.070,settle,156520120,5,0.8242,0.1
28,pgpad,4.322,settle,156520120,5,0.8244,0.1
28,pgpad,4.577,settle,156520120,5,0.8247,0.1
28,pgpad,4.832,settle,156520120,5,0.8247,0.0
28,pgpad,5.087,settle,156520120,5,0.8247,0.0
28,pgpad,5.342,settle,156372664,5,0.8255,0.3
28,pgpad,5.595,query,156372664,5,0.8309,2.2
28,pgpad,5.849,query,156323512,5,0.8312,0.1
28,pgpad,6.104,query,156274360,5,0.8318,0.2
28,pgpad,6.359,query,156159672,5,0.8321,0.1
28,pgpad,6.614,query,156126904,5,0.8326,0.2
28,pgpad,6.869,query,156077752,5,0.8332,0.2
28,pgpad,7.124,query,156077752,5,0.8332,0.0
28,pgpad,7.380,query,156028600,5,0.8333,0.0
28,pgpad,7.635,query,156028600,5,0.8333,0.0
28,pgpad,7.888,query,156028600,5,0.8333,0.0
28,pgpad,8.144,query,156028600,5,0.8333,0.0
28,pgpad,8.399,query,156028600,5,0.8333,0.0
28,pgpad,8.654,query,156028600,5,0.8333,0.0
28,pgpad,8.908,query,155979448,5,0.8448,4.5
28,pgpad,9.163,query,155979448,5,0.8504,2.2
28,pgpad,9.415,query,155979448,5,0.8508,0.1
28,pgpad,9.671,query,155979448,5,0.8518,0.4
28,pgpad,9.926,query,155979448,5,0.8522,0.1
28,pgpad,10.178,query,155979448,5,0.8528,0.3
28,pgpad,10.431,query,155864760,5,0.8533,0.2
28,pgpad,10.685,query,224267984,5,0.8900,14.3
28,pgpad,10.940,query,278564656,5,1.0064,44.6
28,pgpad,11.195,query,278236976,5,1.0111,1.9
28,pgpad,11.450,query,278220592,5,1.0160,1.9
28,pgpad,11.705,query,275746608,5,1.0180,0.8
28,pgpad,11.958,query,239587168,5,1.0797,24.6
28,pgpad,12.213,query,250057168,6,1.2060,49.5
28,pgpad,12.468,query,263393744,6,1.2309,9.8
28,pgpad,12.720,query,264360400,6,1.2553,9.6
28,pgpad,12.976,query,265933264,6,1.2853,11.6
28,pgpad,13.231,query,265916880,6,1.2877,0.9
28,pgpad,13.486,query,264786384,6,1.3101,8.8
28,pgpad,13.737,query,260739536,6,1.3330,9.2
28,pgpad,13.993,query,219238864,6,1.3358,1.1
28,pgpad,14.243,query,282218960,6,1.4680,53.4
28,pgpad,14.495,query,358257176,6,1.6508,72.0
28,pgpad,14.750,query,358240792,6,1.6524,0.6
28,pgpad,15.005,query,353849880,6,1.6657,5.2
28,pgpad,15.260,query,353047064,6,1.6670,0.5
28,pgpad,15.515,query,282645016,6,1.6801,5.1
28,pgpad,15.770,query,262345240,6,1.6835,1.3
28,pgpad,16.026,query,262361624,6,1.6939,4.1
28,pgpad,16.281,query,350687768,6,1.7242,11.9
28,pgpad,16.534,query,396513816,6,1.8007,30.2
28,pgpad,16.785,query,404951600,6,1.8281,10.8
28,pgpad,17.036,query,405606960,6,1.9092,32.4
28,pgpad,17.291,query,405688880,6,1.9370,11.0
28,pgpad,17.546,query,406393392,6,2.0091,28.4
28,pgpad,17.801,query,406344240,6,2.0120,1.1
28,pgpad,18.053,query,406622768,6,2.0609,19.6
28,pgpad,18.303,after-query,392958512,6,2.1031,16.9
28,pgpad,18.558,after-query,390500912,6,2.1089,2.2
28,pgpad,18.814,after-query,390320688,6,2.1112,0.9
28,pgpad,19.068,after-query,389845552,6,2.1133,0.8
28,pgpad,19.323,after-query,361910832,6,2.1166,1.3
28,pgpad,19.578,after-query,263721520,6,2.1187,0.8
28,pgpad,19.833,after-query,263705136,6,2.1194,0.3
28,pgpad,20.088,after-query,263705136,6,2.1197,0.1
28,pgpad,20.340,after-query,263672368,6,2.1204,0.2
28,pgpad,20.594,after-query,263606832,6,2.1210,0.2
28,pgpad,20.849,after-query,263508528,6,2.1217,0.3
28,pgpad,21.104,after-query,263557680,6,2.1251,1.3
28,pgpad,21.357,after-query,263557680,6,2.1259,0.3
28,pgpad,21.609,after-query,263508528,6,2.1265,0.3
28,pgpad,21.864,after-query,263508528,6,2.1276,0.4
28,pgpad,22.115,after-query,263508528,6,2.1281,0.2
28,pgpad,22.366,after-query,263508528,6,2.1288,0.3
28,pgpad,22.619,after-query,263508528,6,2.1290,0.1
28,pgpad,22.870,after-query,263426608,6,2.1294,0.2
28,pgpad,23.123,after-query,263426608,6,2.1294,0.0
28,pgpad,23.374,after-query,263377456,6,2.1296,0.1
28,pgadmin,0.251,launch,9257944,1,0.1061,
28,pgadmin,0.506,launch,40962064,3,0.2945,73.4
28,pgadmin,0.760,launch,112874608,5,0.7584,184.2
28,pgadmin,1.015,launch,160715960,5,1.0288,104.6
28,pgadmin,1.270,launch,170906808,5,1.2525,87.8
28,pgadmin,1.525,launch,180458680,5,1.4813,89.6
28,pgadmin,1.780,launch,194417872,5,1.7014,86.5
28,pgadmin,2.035,launch,208508136,5,1.9389,92.8
28,pgadmin,2.290,launch,220370152,5,2.1727,91.5
28,pgadmin,2.545,launch,229577984,5,2.4076,92.1
28,pgadmin,2.800,launch,251500256,6,2.8597,177.7
28,pgadmin,3.056,launch,236967192,5,2.8592,88.6
28,pgadmin,3.311,launch,245912880,5,3.0977,93.4
28,pgadmin,3.566,launch,254842160,5,3.3498,98.8
28,pgadmin,3.821,launch,265918080,6,3.5715,87.1
28,pgadmin,4.076,launch,264312112,5,3.6132,18.6
28,pgadmin,4.331,launch,266736968,5,3.6679,21.7
28,pgadmin,4.586,settle,360125984,5,4.1011,206.0
28,pgadmin,4.837,settle,479663744,5,4.4384,134.5
28,pgadmin,5.092,settle,504649392,5,4.8127,146.9
28,pgadmin,5.347,settle,681613240,5,5.3627,215.9
28,pgadmin,5.598,settle,675469408,5,5.6560,116.5
28,pgadmin,5.851,settle,692443280,5,5.9160,103.2
28,pgadmin,6.105,settle,799856904,5,6.1648,97.2
28,pgadmin,6.361,settle,800708896,5,6.2288,24.8
28,pgadmin,6.616,settle,811440992,6,6.3614,8.7
28,pgadmin,6.871,settle,811522888,6,6.3914,11.7
28,pgadmin,7.127,settle,807328584,6,6.4224,12.1
28,pgadmin,7.382,settle,796580704,6,6.4618,15.5
28,pgadmin,7.637,settle,774593376,6,6.4982,14.2
28,pgadmin,7.890,settle,774675296,6,6.5294,12.2
28,pgadmin,8.145,settle,774937416,6,6.5838,21.7
28,pgadmin,8.398,settle,774970184,6,6.6104,10.3
28,pgadmin,8.651,settle,775084872,6,6.6502,15.8
28,pgadmin,8.907,settle,775150408,6,6.6779,11.1
28,pgadmin,9.162,settle,775281480,6,6.7117,13.0
28,pgadmin,9.414,settle,775379784,6,6.7432,12.6
28,pgadmin,9.669,query,775461704,6,6.7634,8.0
28,pgadmin,9.921,query,775527240,6,6.7953,12.3
28,pgadmin,10.177,query,777575240,6,6.8789,32.6
28,pgadmin,10.432,query,777673544,6,6.9116,12.9
28,pgadmin,10.683,query,777870152,6,6.9427,12.4
28,pgadmin,10.938,query,777984840,6,6.9718,11.3
28,pgadmin,11.193,query,620141384,6,7.0207,19.4
28,pgadmin,11.448,query,620272456,6,7.0489,11.0
28,pgadmin,11.701,query,620337992,6,7.0789,12.2
28,pgadmin,11.956,query,620616520,6,7.1405,23.9
28,pgadmin,12.210,query,620763976,6,7.1717,12.2
28,pgadmin,12.465,query,620878664,6,7.1973,10.1
28,pgadmin,12.720,query,621042504,6,7.2269,11.8
28,pgadmin,12.975,query,621173576,6,7.2489,8.6
28,pgadmin,13.227,query,621321032,6,7.2715,9.0
28,pgadmin,13.480,query,621484872,6,7.2953,9.4
28,pgadmin,13.735,query,621599560,6,7.3183,9.0
28,pgadmin,13.990,query,623074120,6,7.3764,22.7
28,pgadmin,14.244,query,623205192,6,7.4031,10.6
28,pgadmin,14.499,query,623369032,6,7.4270,9.3
28,pgadmin,14.754,query,623516488,6,7.4540,10.6
28,pgadmin,15.005,query,623663944,6,7.4727,7.5
28,pgadmin,15.260,query,623778632,6,7.4975,9.6
28,pgadmin,15.514,query,623926088,6,7.5218,9.6
28,pgadmin,15.769,query,653056816,6,7.5821,23.6
28,pgadmin,16.023,query,732273456,6,8.0709,192.5
28,pgadmin,16.276,query,732977968,6,8.1179,18.3
28,pgadmin,16.531,query,732977968,6,8.1404,8.8
28,pgadmin,16.787,query,732977968,6,8.1609,8.0
28,pgadmin,17.042,query,733010736,6,8.1827,8.6
28,pgadmin,17.297,query,730929968,6,8.2044,8.4
28,pgadmin,17.552,query,778115888,6,8.4167,84.7
28,pgadmin,17.805,query,788175688,6,8.6155,78.5
28,pgadmin,18.060,query,799284040,6,8.7358,47.3
28,pgadmin,18.315,query,807000904,6,8.8686,51.9
28,pgadmin,18.567,query,814816096,6,9.0438,69.7
28,pgadmin,18.817,query,825432928,6,9.1972,61.1
28,pgadmin,19.070,query,829086560,6,9.2750,30.6
28,pgadmin,19.321,query,842390368,6,9.4866,84.4
28,pgadmin,19.576,query,850877280,6,9.6197,52.6
28,pgadmin,19.831,query,856824696,6,9.7733,60.2
28,pgadmin,20.085,query,875355000,6,9.9525,70.6
28,pgadmin,20.338,query,878779256,6,10.0402,34.2
28,pgadmin,20.593,query,893574032,6,10.1940,61.0
28,pgadmin,20.845,query,900684688,6,10.3861,76.4
28,pgadmin,21.101,query,910039976,6,10.5532,65.1
28,pgadmin,21.356,query,918428584,6,10.6739,47.5
28,pgadmin,21.610,query,932256728,6,10.8467,68.0
28,pgadmin,21.863,query,925539288,6,10.9063,23.2
28,pgadmin,22.117,query,934534104,6,11.0778,68.7
28,pgadmin,22.367,query,945445848,6,11.2648,75.3
28,pgadmin,22.622,query,947166168,6,11.3396,29.2
28,pgadmin,22.877,query,947297240,6,11.3701,11.9
28,pgadmin,23.131,after-query,947330008,6,11.3896,7.5
28,pgadmin,23.386,after-query,947395544,6,11.4112,8.5
28,pgadmin,23.642,after-query,945347544,6,11.4318,8.0
28,pgadmin,23.897,after-query,921082840,6,11.4567,9.9
28,pgadmin,24.151,after-query,921476056,6,11.4931,14.0
28,pgadmin,24.406,after-query,921525208,6,11.5172,9.5
28,pgadmin,24.660,after-query,921639896,6,11.5427,10.3
28,pgadmin,24.911,after-query,920083416,6,11.5682,9.9
28,pgadmin,25.161,after-query,920165336,6,11.5923,9.7
28,pgadmin,25.416,after-query,920230872,6,11.6166,9.5
28,pgadmin,25.671,after-query,920296408,6,11.6438,10.6
28,pgadmin,25.926,after-query,920361944,6,11.6656,8.7
28,pgadmin,26.179,after-query,906451928,6,11.7125,18.2
28,pgadmin,26.431,after-query,906501080,6,11.7346,8.8
28,pgadmin,26.686,after-query,906566616,6,11.7555,8.2
28,pgadmin,26.941,after-query,906632152,6,11.7765,8.3
28,pgadmin,27.197,after-query,906714072,6,11.7989,8.7
28,pgadmin,27.448,after-query,906763224,6,11.8226,9.5
29,pgadmin,0.255,launch,30836128,1,0.1742,
29,pgadmin,0.507,launch,114988168,5,0.6497,186.5
29,pgadmin,0.762,launch,157357264,5,0.9146,104.0
29,pgadmin,1.017,launch,168973520,5,1.1527,93.6
29,pgadmin,1.272,launch,178459856,5,1.3887,92.1
29,pgadmin,1.527,launch,192877800,5,1.6255,92.4
29,pgadmin,1.782,launch,204330240,5,1.8659,95.1
29,pgadmin,2.037,launch,214930688,5,2.1087,94.5
29,pgadmin,2.289,launch,232658608,6,2.3594,99.8
29,pgadmin,2.544,launch,256251640,6,2.8435,192.8
29,pgadmin,2.798,launch,241014064,5,2.8170,94.4
29,pgadmin,3.054,launch,250385736,5,3.0648,97.0
29,pgadmin,3.309,launch,260855112,5,3.3159,98.6
29,pgadmin,3.559,launch,266376520,5,3.4934,70.4
29,pgadmin,3.814,launch,266376520,5,3.4934,0.0
29,pgadmin,4.067,launch,268801352,5,3.5425,19.4
29,pgadmin,4.319,settle,326489536,5,3.9367,186.6
29,pgadmin,4.573,settle,446912056,5,4.3072,145.3
29,pgadmin,4.828,settle,495244904,5,4.6827,148.6
29,pgadmin,5.083,settle,676190064,5,5.2507,219.4
29,pgadmin,5.336,settle,686987408,5,5.5424,116.9
29,pgadmin,5.591,settle,702453856,5,5.7898,97.1
29,pgadmin,5.846,settle,787994792,5,6.0498,100.7
29,pgadmin,6.102,settle,788732096,5,6.1170,26.0
29,pgadmin,6.353,settle,800070448,6,6.2535,9.6
29,pgadmin,6.608,settle,800152368,6,6.2788,9.7
29,pgadmin,6.862,settle,798137136,6,6.3115,12.9
29,pgadmin,7.113,settle,795892528,6,6.3494,15.1
29,pgadmin,7.368,settle,763239216,6,6.3860,14.3
29,pgadmin,7.619,settle,763304752,6,6.4113,10.2
29,pgadmin,7.873,settle,766188360,6,6.4685,22.5
29,pgadmin,8.124,settle,766303048,6,6.4982,12.1
29,pgadmin,8.379,settle,766401352,6,6.5308,12.5
29,pgadmin,8.634,settle,766483272,6,6.5628,12.5
29,pgadmin,8.886,settle,766581576,6,6.5937,12.4
29,pgadmin,9.141,settle,766663496,6,6.6246,12.2
29,pgadmin,9.394,query,766679880,6,6.6465,8.8
29,pgadmin,9.649,query,766729032,6,6.6759,11.4
29,pgadmin,9.904,query,771070792,6,6.7565,31.4
29,pgadmin,10.159,query,771234632,6,6.7880,12.5
29,pgadmin,10.415,query,771414856,6,6.8199,12.2
29,pgadmin,10.667,query,771529544,6,6.8477,11.1
29,pgadmin,10.922,query,628710216,6,6.8957,18.7
29,pgadmin,11.177,query,628857672,6,6.9259,11.9
29,pgadmin,11.431,query,628939592,6,6.9611,13.9
29,pgadmin,11.687,query,630610760,6,7.0029,16.4
29,pgadmin,11.942,query,631921480,6,7.0407,14.6
29,pgadmin,12.197,query,632068936,6,7.0715,12.2
29,pgadmin,12.452,query,632249160,6,7.1026,12.0
29,pgadmin,12.703,query,632396616,6,7.1244,9.0
29,pgadmin,12.953,query,632576840,6,7.1475,9.2
29,pgadmin,13.208,query,632724296,6,7.1703,9.0
29,pgadmin,13.461,query,632855368,6,7.1898,7.7
29,pgadmin,13.716,query,645667656,6,7.3696,70.1
29,pgadmin,13.971,query,645569352,6,7.5093,55.1
29,pgadmin,14.226,query,645569352,6,7.5359,10.5
29,pgadmin,14.478,query,645618504,6,7.5650,11.6
29,pgadmin,14.732,query,645667656,6,7.5879,9.0
29,pgadmin,14.987,query,645716808,6,7.6117,9.4
29,pgadmin,15.238,query,645700424,6,7.6360,9.6
29,pgadmin,15.489,query,645716808,6,7.6614,10.2
29,pgadmin,15.744,query,720804656,6,7.9198,100.1
29,pgadmin,15.999,query,724458312,6,7.9807,23.6
29,pgadmin,16.255,query,724441928,6,8.0038,9.0
29,pgadmin,16.510,query,724441928,6,8.0213,6.9
29,pgadmin,16.765,query,724474696,6,8.0410,7.8
29,pgadmin,17.018,query,722377544,6,8.0546,5.3
29,pgadmin,17.269,query,788437832,6,8.2196,66.3
29,pgadmin,17.521,query,807541600,6,8.4292,82.4
29,pgadmin,17.776,query,809474912,6,8.5569,50.3
29,pgadmin,18.029,query,808098632,6,8.7115,60.9
29,pgadmin,18.284,query,817552224,6,8.8856,68.5
29,pgadmin,18.536,query,820435808,6,8.9929,42.6
29,pgadmin,18.791,query,827464544,6,9.3627,145.7
29,pgadmin,19.042,query,828070776,6,9.5036,55.7
29,pgadmin,19.294,query,828726136,6,9.6937,75.5
29,pgadmin,19.548,query,828775288,6,9.7739,31.6
29,pgadmin,19.802,query,828971896,6,10.0028,90.4
29,pgadmin,20.058,query,830053240,6,10.1056,39.9
29,pgadmin,20.310,query,830200696,6,10.2468,56.2
29,pgadmin,20.565,query,830167928,6,10.3922,57.1
29,pgadmin,20.819,query,823794552,6,10.5606,67.0
29,pgadmin,21.070,query,825564024,6,10.6568,37.9
29,pgadmin,21.326,query,830511992,6,10.8425,73.2
29,pgadmin,21.581,query,832428920,6,10.9304,34.2
29,pgadmin,21.836,query,834657144,6,11.0645,52.7
29,pgadmin,22.090,query,838245240,6,11.2294,64.8
29,pgadmin,22.344,query,838835064,6,11.2837,21.2
29,pgadmin,22.599,query,830511992,6,11.3542,27.8
29,pgadmin,22.855,after-query,828119928,6,11.3802,10.2
29,pgadmin,23.111,after-query,828185464,6,11.4035,9.0
29,pgadmin,23.366,after-query,828267384,6,11.4270,9.2
29,pgadmin,23.621,after-query,801987424,6,11.4523,9.9
29,pgadmin,23.876,after-query,802085728,6,11.5033,20.1
29,pgadmin,24.131,after-query,802151264,6,11.5249,8.5
29,pgadmin,24.387,after-query,802233184,6,11.5485,9.1
29,pgadmin,24.642,after-query,800709472,6,11.5733,9.7
29,pgadmin,24.893,after-query,800775008,6,11.5968,9.5
29,pgadmin,25.146,after-query,800840544,6,11.6206,9.5
29,pgadmin,25.396,after-query,800906080,6,11.6442,9.3
29,pgadmin,25.651,after-query,800971616,6,11.6647,8.0
29,pgadmin,25.906,after-query,801200992,6,11.7206,22.0
29,pgadmin,26.157,after-query,801266528,6,11.7411,8.2
29,pgadmin,26.412,after-query,801315680,6,11.7645,9.2
29,pgadmin,26.667,after-query,801397600,6,11.7855,8.3
29,pgadmin,26.918,after-query,801446752,6,11.8094,9.4
29,pgadmin,27.172,after-query,801512288,6,11.8341,9.7
29,pgpad,0.255,launch,17859568,1,0.1324,
29,pgpad,0.510,settle,47942152,4,0.3963,89.7
29,pgpad,0.762,settle,49842792,4,0.4825,34.7
29,pgpad,1.014,settle,226397856,5,0.7926,122.0
29,pgpad,1.269,settle,225332896,5,0.7948,0.8
29,pgpad,1.524,settle,219811488,5,0.8067,4.7
29,pgpad,1.780,settle,216649376,5,0.8341,10.8
29,pgpad,2.030,settle,216288928,5,0.8387,1.8
29,pgpad,2.283,settle,157945504,5,0.8431,1.8
29,pgpad,2.536,settle,156864160,5,0.8443,0.4
29,pgpad,2.791,settle,156602016,5,0.8450,0.3
29,pgpad,3.044,settle,156602016,5,0.8456,0.2
29,pgpad,3.296,settle,156503712,5,0.8466,0.4
29,pgpad,3.551,settle,156438176,5,0.8473,0.3
29,pgpad,3.803,settle,156438176,5,0.8473,0.0
29,pgpad,4.058,settle,156438176,5,0.8479,0.2
29,pgpad,4.312,settle,156438176,5,0.8482,0.1
29,pgpad,4.566,settle,156438176,5,0.8486,0.2
29,pgpad,4.822,settle,156438176,5,0.8486,0.0
29,pgpad,5.074,settle,156438176,5,0.8486,0.0
29,pgpad,5.328,settle,156339872,5,0.8496,0.4
29,pgpad,5.581,query,156307104,5,0.8558,2.5
29,pgpad,5.832,query,156257952,5,0.8561,0.1
29,pgpad,6.087,query,156241568,5,0.8566,0.2
29,pgpad,6.342,query,156028576,5,0.8571,0.2
29,pgpad,6.595,query,156028576,5,0.8574,0.1
29,pgpad,6.849,query,155979424,5,0.8578,0.2
29,pgpad,7.104,query,155979424,5,0.8579,0.0
29,pgpad,7.359,query,155848352,5,0.8581,0.1
29,pgpad,7.614,query,155848352,5,0.8581,0.0
29,pgpad,7.869,query,155848352,5,0.8581,0.0
29,pgpad,8.125,query,155848352,5,0.8581,0.0
29,pgpad,8.378,query,155848352,5,0.8581,0.0
29,pgpad,8.633,query,155848352,5,0.8581,0.0
29,pgpad,8.887,query,155700896,5,0.8678,3.9
29,pgpad,9.139,query,155700896,5,0.8719,1.6
29,pgpad,9.394,query,155700896,5,0.8729,0.4
29,pgpad,9.649,query,155700896,5,0.8737,0.3
29,pgpad,9.900,query,155700896,5,0.8741,0.1
29,pgpad,10.155,query,155700896,5,0.8748,0.3
29,pgpad,10.410,query,155700896,5,0.8750,0.1
29,pgpad,10.662,query,234524344,5,0.9140,15.4
29,pgpad,10.918,query,290508592,5,1.0382,48.2
29,pgpad,11.173,query,289804080,5,1.0414,1.3
29,pgpad,11.428,query,289787696,5,1.0457,1.7
29,pgpad,11.683,query,289640240,5,1.0485,1.1
29,pgpad,11.938,query,290869040,5,1.1103,24.4
29,pgpad,12.189,query,250483056,6,1.2322,48.2
29,pgpad,12.440,query,264098160,6,1.2583,10.4
29,pgpad,12.695,query,256495984,6,1.2655,2.8
29,pgpad,12.949,query,276255088,6,1.3165,20.3
29,pgpad,13.204,query,269439344,6,1.3182,0.7
29,pgpad,13.455,query,268439920,6,1.3400,8.8
29,pgpad,13.710,query,268587376,6,1.3629,9.0
29,pgpad,13.965,query,268521840,6,1.3660,1.2
29,pgpad,14.220,query,282644848,6,1.4528,33.8
29,pgpad,14.476,query,373625296,6,1.6767,87.8
29,pgpad,14.731,query,366793168,6,1.6789,0.8
29,pgpad,14.982,query,364532176,6,1.6909,4.8
29,pgpad,15.237,query,360813008,6,1.6934,1.0
29,pgpad,15.492,query,360141264,6,1.7047,4.4
29,pgpad,15.747,query,258429392,6,1.7092,1.8
29,pgpad,16.000,query,258462160,6,1.7193,4.0
29,pgpad,16.256,query,349721040,6,1.7574,15.0
29,pgpad,16.511,query,392221184,6,1.8388,31.6
29,pgpad,16.762,query,393597440,6,1.8634,9.9
29,pgpad,17.012,query,394318336,6,1.9294,26.2
29,pgpad,17.268,query,402706944,6,1.9544,9.8
29,pgpad,17.520,query,403444224,6,2.0255,28.0
29,pgpad,17.774,query,403427840,6,2.0286,1.2
29,pgpad,18.031,query,404034048,6,2.0721,16.8
29,pgpad,18.283,after-query,377557504,6,2.1276,22.5
29,pgpad,18.538,after-query,370463232,6,2.1326,1.9
29,pgpad,18.793,after-query,370414080,6,2.1356,1.2
29,pgpad,19.045,after-query,367956480,6,2.1383,1.1
29,pgpad,19.299,after-query,257659392,6,2.1425,1.6
29,pgpad,19.553,after-query,257544704,6,2.1445,0.8
29,pgpad,19.804,after-query,257528320,6,2.1451,0.2
29,pgpad,20.059,after-query,257528320,6,2.1460,0.4
29,pgpad,20.311,after-query,257495552,6,2.1466,0.2
29,pgpad,20.566,after-query,257413632,6,2.1474,0.3
29,pgpad,20.821,after-query,257315328,6,2.1480,0.2
29,pgpad,21.076,after-query,257364480,6,2.1540,2.3
29,pgpad,21.331,after-query,257364480,6,2.1547,0.3
29,pgpad,21.586,after-query,257315328,6,2.1555,0.3
29,pgpad,21.841,after-query,257315328,6,2.1563,0.3
29,pgpad,22.096,after-query,257315328,6,2.1569,0.2
29,pgpad,22.352,after-query,257315328,6,2.1575,0.2
29,pgpad,22.606,after-query,257315328,6,2.1578,0.1
29,pgpad,22.858,after-query,257315328,6,2.1578,0.0
29,pgpad,23.111,after-query,257315328,6,2.1578,0.0
29,pgpad,23.364,after-query,257217024,6,2.1582,0.1
29,dbgate,0.255,launch,11371576,1,0.1034,
29,dbgate,0.510,launch,53562392,3,0.3990,114.2
29,dbgate,0.765,launch,85036104,3,0.6027,80.0
29,dbgate,1.018,settle,217666120,4,0.9793,150.8
29,dbgate,1.273,settle,303126672,7,1.4494,182.1
29,dbgate,1.528,settle,598843864,7,2.4326,381.7
29,dbgate,1.783,settle,619357520,8,2.7590,128.3
29,dbgate,2.038,settle,620782928,8,2.8014,16.5
29,dbgate,2.293,settle,621176144,8,2.8605,23.3
29,dbgate,2.549,settle,619046224,8,2.9020,16.3
29,dbgate,2.804,settle,598598992,8,2.9636,23.8
29,dbgate,3.059,settle,608478544,8,2.9942,12.1
29,dbgate,3.313,settle,608462160,8,3.0061,4.7
29,dbgate,3.568,settle,608462160,8,3.0254,7.5
29,dbgate,3.824,settle,608462160,8,3.0380,5.0
29,dbgate,4.079,settle,592848184,8,3.0598,8.5
29,dbgate,4.334,settle,592831800,8,3.0717,4.7
29,dbgate,4.589,settle,592848184,8,3.0893,6.8
29,dbgate,4.842,settle,582853944,8,3.0999,4.3
29,dbgate,5.097,settle,582870328,8,3.1213,8.2
29,dbgate,5.351,settle,582853944,8,3.1360,5.8
29,dbgate,5.606,settle,582853944,8,3.1545,7.2
29,dbgate,5.861,settle,582886712,8,3.1696,6.0
29,dbgate,6.116,query,582870328,8,3.1810,4.6
29,dbgate,6.370,query,568862008,8,3.1987,6.9
29,dbgate,6.625,query,568649016,8,3.2151,6.3
29,dbgate,6.880,query,521233720,8,3.2350,7.9
29,dbgate,7.136,query,521217336,8,3.2505,6.0
29,dbgate,7.391,query,515810616,8,3.2691,7.4
29,dbgate,7.642,query,515794232,8,3.2841,6.0
29,dbgate,7.898,query,484255032,8,3.2959,4.6
29,dbgate,8.153,query,484255032,8,3.3113,6.0
29,dbgate,8.408,query,484271416,8,3.3271,6.2
29,dbgate,8.661,query,484255032,8,3.3400,5.1
29,dbgate,8.917,query,484287800,8,3.3541,5.5
29,dbgate,9.172,query,484255032,8,3.3687,5.8
29,dbgate,9.425,query,484320568,8,3.3814,5.1
29,dbgate,9.677,query,484320568,8,3.3941,5.0
29,dbgate,9.930,query,484320568,8,3.4038,3.8
29,dbgate,10.185,query,484320568,8,3.4166,5.0
29,dbgate,10.440,query,484336952,8,3.4293,5.0
29,dbgate,10.695,query,484320568,8,3.4421,5.0
29,dbgate,10.946,query,484320568,8,3.4521,4.0
29,dbgate,11.201,query,484320568,8,3.4637,4.5
29,dbgate,11.455,query,484369720,8,3.4761,4.9
29,dbgate,11.710,query,484353336,8,3.4863,4.0
29,dbgate,11.965,query,547235128,8,3.5401,20.7
29,dbgate,12.220,query,603989304,8,3.6076,26.5
29,dbgate,12.475,query,604022072,8,3.6235,6.3
29,dbgate,12.730,query,604841272,8,3.6611,14.6
29,dbgate,12.985,query,608019960,9,3.7437,33.1
29,dbgate,13.238,query,667118008,9,4.0082,104.4
29,dbgate,13.492,query,726772272,9,4.2923,110.9
29,dbgate,13.747,query,727116336,9,4.3204,10.9
29,dbgate,14.002,query,727099952,9,4.3338,5.3
29,dbgate,14.256,query,739355184,9,4.6424,122.1
29,dbgate,14.508,query,745040480,9,4.8779,92.7
29,dbgate,14.760,query,747465312,9,5.1672,114.9
29,dbgate,15.013,query,749562464,9,5.3786,84.0
29,dbgate,15.268,query,758671992,9,5.6254,96.6
29,dbgate,15.520,query,764177040,9,5.8547,91.0
29,dbgate,15.775,query,770763408,9,6.0430,73.7
29,dbgate,16.030,query,778578576,9,6.2384,76.5
29,dbgate,16.283,query,785230480,9,6.4113,68.5
29,dbgate,16.538,query,788376208,9,6.5482,53.7
29,dbgate,16.790,query,791866000,9,6.6754,50.8
29,dbgate,17.042,query,794389136,9,6.7844,42.7
29,dbgate,17.296,query,798321296,9,6.9431,63.1
29,dbgate,17.550,query,802269840,9,7.0982,60.2
29,dbgate,17.803,query,804481680,9,7.1982,39.5
29,dbgate,18.055,query,776972944,9,7.4496,100.9
29,dbgate,18.305,query,776252048,9,7.5766,51.1
29,dbgate,18.557,query,712469136,9,7.6875,43.9
29,dbgate,18.811,query,714517136,9,7.8393,58.8
29,dbgate,19.065,query,714533520,9,7.9746,54.6
29,dbgate,19.315,query,714287760,9,8.0270,20.9
29,dbgate,19.566,after-query,714254992,9,8.0490,8.8
29,dbgate,19.820,after-query,713697936,9,8.0700,8.2
29,dbgate,20.077,after-query,711273104,9,8.0850,5.8
29,dbgate,20.332,after-query,707062416,9,8.0980,5.1
29,dbgate,20.584,after-query,706603664,9,8.1139,6.2
29,dbgate,20.838,after-query,696085112,9,8.1335,7.8
29,dbgate,21.093,after-query,688728696,9,8.1492,6.2
29,dbgate,21.348,after-query,688794232,9,8.1671,6.9
29,dbgate,21.603,after-query,687467128,9,8.1869,7.7
29,dbgate,21.858,after-query,686893688,9,8.2018,5.8
29,dbgate,22.114,after-query,686779000,9,8.2199,7.1
29,dbgate,22.366,after-query,686762616,9,8.2352,6.1
29,dbgate,22.622,after-query,675703416,9,8.2531,6.9
29,dbgate,22.877,after-query,675687032,9,8.2663,5.2
29,dbgate,23.132,after-query,675670648,9,8.2836,6.8
29,dbgate,23.384,after-query,675687032,9,8.2988,6.0
29,dbgate,23.639,after-query,675703416,9,8.3107,4.8
29,dbgate,23.891,after-query,675687032,9,8.3224,4.6
29,dbeaver,0.252,launch,20693904,1,0.1083,
29,dbeaver,0.508,launch,67535808,1,0.5522,172.6
29,dbeaver,0.763,launch,113214496,1,1.1602,237.2
29,dbeaver,1.017,launch,138822736,1,1.7000,214.7
29,dbeaver,1.272,launch,158778472,1,2.3226,241.1
29,dbeaver,1.527,launch,182388032,1,2.9383,241.6
29,dbeaver,1.782,launch,224314784,1,3.7103,301.6
29,dbeaver,2.037,launch,248874424,1,4.1920,189.7
29,dbeaver,2.292,launch,268289464,1,4.8285,249.9
29,dbeaver,2.547,launch,278595000,1,5.7287,352.1
29,dbeaver,2.803,launch,302908856,1,6.7120,386.5
29,dbeaver,3.054,launch,318358992,1,7.4613,297.6
29,dbeaver,3.309,launch,325371464,1,8.2726,319.0
29,dbeaver,3.564,launch,541886480,1,8.9547,266.1
29,dbeaver,3.819,settle,854149784,2,9.9018,369.4
29,dbeaver,4.074,settle,965921432,2,10.6898,310.1
29,dbeaver,4.329,settle,965397144,2,11.0019,123.0
29,dbeaver,4.582,settle,1030818456,2,11.7374,289.9
29,dbeaver,4.837,settle,1030523544,2,11.7591,8.5
29,dbeaver,5.092,settle,951061144,2,11.8120,20.7
29,dbeaver,5.347,settle,840731288,2,11.8359,9.3
29,dbeaver,5.603,settle,800852632,2,11.8513,6.0
29,dbeaver,5.858,settle,741837464,2,11.8700,7.3
29,dbeaver,6.112,settle,735283864,2,11.8746,1.8
29,dbeaver,6.368,settle,735300248,2,11.8931,7.1
29,dbeaver,6.620,settle,735300248,2,11.8989,2.3
29,dbeaver,6.874,settle,735300248,2,11.9156,6.6
29,dbeaver,7.125,settle,735300248,2,11.9228,2.8
29,dbeaver,7.379,settle,735300248,2,11.9312,3.4
29,dbeaver,7.634,settle,735300248,2,11.9403,3.5
29,dbeaver,7.889,settle,735300248,2,11.9543,5.4
29,dbeaver,8.141,settle,735300248,2,11.9663,4.8
29,dbeaver,8.396,settle,735300248,2,11.9772,4.2
29,dbeaver,8.649,settle,735021720,2,11.9905,5.4
29,dbeaver,8.899,query,735038104,2,11.9974,2.8
29,dbeaver,9.153,query,734972568,2,12.0081,4.1
29,dbeaver,9.406,query,734972568,2,12.0184,4.1
29,dbeaver,9.661,query,734956184,2,12.0316,5.0
29,dbeaver,9.916,query,734956184,2,12.0419,4.1
29,dbeaver,10.172,query,734956184,2,12.0468,1.9
29,dbeaver,10.427,query,734956184,2,12.0574,4.2
29,dbeaver,10.682,query,734956184,2,12.0630,2.2
29,dbeaver,10.937,query,734874264,2,12.0788,6.2
29,dbeaver,11.193,query,734857880,2,12.0842,2.1
29,dbeaver,11.448,query,734857880,2,12.0948,4.1
29,dbeaver,11.702,query,734923416,2,12.1286,13.1
29,dbeaver,11.957,query,734988952,2,12.1427,5.7
29,dbeaver,12.212,query,735021720,2,12.1484,2.2
29,dbeaver,12.467,query,735021720,2,12.1561,3.0
29,dbeaver,12.721,query,735038104,2,12.1649,3.5
29,dbeaver,12.977,query,697191064,2,12.1736,3.4
29,dbeaver,13.228,query,735038104,2,12.1837,4.1
29,dbeaver,13.483,query,735038104,2,12.1914,3.0
29,dbeaver,13.737,query,735038104,2,12.2075,6.4
29,dbeaver,13.992,query,735218328,2,12.2250,6.7
29,dbeaver,14.245,query,774130328,2,12.2727,19.2
29,dbeaver,14.500,query,817515184,2,12.4823,81.2
29,dbeaver,14.753,query,785861296,2,12.5968,45.8
29,dbeaver,15.007,query,788974256,2,12.7039,41.7
29,dbeaver,15.263,query,788859568,2,12.7178,5.4
29,dbeaver,15.517,query,789138096,2,12.7561,15.1
29,dbeaver,15.773,query,751487664,2,12.7748,7.2
29,dbeaver,16.027,query,748473008,2,12.7888,5.6
29,dbeaver,16.283,query,748489392,2,12.7960,2.8
29,dbeaver,16.538,query,878004912,2,13.0204,89.7
29,dbeaver,16.793,query,970869448,2,13.7894,300.2
29,dbeaver,17.048,query,956304072,2,14.4349,253.4
29,dbeaver,17.303,query,983534280,2,14.6106,68.6
29,dbeaver,17.558,query,983419592,2,14.7641,59.5
29,dbeaver,17.814,query,900401864,2,14.7818,7.0
29,dbeaver,18.069,query,900156128,2,14.8155,13.1
29,dbeaver,18.324,query,767593184,2,14.9616,58.2
29,dbeaver,18.579,query,767658720,2,15.0027,16.0
29,dbeaver,18.834,query,767953632,2,15.1395,53.8
29,dbeaver,19.090,query,763202272,2,15.2250,33.7
29,dbeaver,19.345,query,763251424,2,15.3038,30.5
29,dbeaver,19.600,query,763251424,2,15.4040,39.5
29,dbeaver,19.855,query,763316960,2,15.5343,51.0
29,dbeaver,20.110,query,763464416,2,15.6817,57.7
29,dbeaver,20.366,query,774769376,2,15.7839,40.2
29,dbeaver,20.621,query,772737760,2,15.8580,28.7
29,dbeaver,20.872,query,878807776,2,16.0075,60.1
29,dbeaver,21.122,query,893405920,2,16.1228,46.7
29,dbeaver,21.376,query,879987424,2,16.2029,31.1
29,dbeaver,21.631,query,875875040,2,16.2753,28.2
29,dbeaver,21.885,query,875875040,2,16.3273,20.5
29,dbeaver,22.140,query,767118048,2,16.3877,23.9
29,dbeaver,22.391,after-query,767118048,2,16.3988,4.5
29,dbeaver,22.644,after-query,767068896,2,16.4097,4.2
29,dbeaver,22.899,after-query,764611296,2,16.4173,3.0
29,dbeaver,23.154,after-query,764611296,2,16.4241,2.6
29,dbeaver,23.410,after-query,753289952,2,16.4384,5.6
29,dbeaver,23.665,after-query,753289952,2,16.4439,2.2
29,dbeaver,23.920,after-query,753224416,2,16.4550,4.3
29,dbeaver,24.175,after-query,753224416,2,16.4608,2.3
29,dbeaver,24.426,after-query,753240800,2,16.4813,8.2
29,dbeaver,24.678,after-query,753289952,2,16.4948,5.4
29,dbeaver,24.934,after-query,753289952,2,16.5083,5.2
29,dbeaver,25.188,after-query,753289952,2,16.5154,2.8
29,dbeaver,25.444,after-query,753027808,2,16.5236,3.2
29,dbeaver,25.699,after-query,753027808,2,16.5297,2.4
29,dbeaver,25.949,after-query,752749280,2,16.5377,3.2
29,dbeaver,26.204,after-query,751962848,2,16.5473,3.8
29,dbeaver,26.458,after-query,751962848,2,16.5559,3.3
29,dbeaver,26.713,after-query,751962848,2,16.5659,4.0
30,dbeaver,0.255,launch,38437800,1,0.2012,
30,dbeaver,0.510,launch,98010048,1,0.8687,258.2
30,dbeaver,0.765,launch,122782704,1,1.4462,226.1
30,dbeaver,1.021,launch,160400416,1,2.1763,285.9
30,dbeaver,1.276,launch,180913448,1,2.8198,252.6
30,dbeaver,1.531,launch,223298976,1,3.5669,293.5
30,dbeaver,1.786,launch,257181088,1,4.1367,222.5
30,dbeaver,2.041,launch,278873528,1,4.8533,282.1
30,dbeaver,2.296,launch,288687544,1,5.7827,363.4
30,dbeaver,2.551,launch,309888488,1,6.7583,383.8
30,dbeaver,2.804,launch,325207552,1,7.5076,295.8
30,dbeaver,3.059,launch,334628712,1,8.0811,225.9
30,dbeaver,3.314,settle,623118880,2,8.9025,324.2
30,dbeaver,3.569,settle,875219584,2,9.8032,348.8
30,dbeaver,3.824,settle,999656064,2,10.4084,238.0
30,dbeaver,4.080,settle,1068337816,2,10.8353,165.8
30,dbeaver,4.335,settle,1063258776,2,11.3155,187.4
30,dbeaver,4.588,settle,1061472920,2,11.3501,13.6
30,dbeaver,4.838,settle,982223512,2,11.3909,16.5
30,dbeaver,5.093,settle,831867544,2,11.4047,5.4
30,dbeaver,5.349,settle,791267992,2,11.4147,3.9
30,dbeaver,5.604,settle,726485656,2,11.4291,5.6
30,dbeaver,5.859,settle,726502040,2,11.4478,7.3
30,dbeaver,6.114,settle,726502040,2,11.4594,4.5
30,dbeaver,6.369,settle,726502040,2,11.4661,2.7
30,dbeaver,6.624,settle,726518424,2,11.4784,4.8
30,dbeaver,6.875,settle,726518424,2,11.4895,4.4
30,dbeaver,7.129,settle,726518424,2,11.5005,4.3
30,dbeaver,7.384,settle,726518424,2,11.5064,2.3
30,dbeaver,7.638,settle,726518424,2,11.5214,6.0
30,dbeaver,7.893,settle,726518424,2,11.5312,3.8
30,dbeaver,8.149,settle,688491160,2,11.5420,4.2
30,dbeaver,8.404,query,726338200,2,11.5626,8.3
30,dbeaver,8.658,query,726125184,2,11.5748,4.8
30,dbeaver,8.913,query,726076032,2,11.5856,4.1
30,dbeaver,9.169,query,726076032,2,11.5919,2.5
30,dbeaver,9.424,query,726108800,2,11.6089,6.7
30,dbeaver,9.679,query,726108800,2,11.6147,2.2
30,dbeaver,9.935,query,726108800,2,11.6266,4.7
30,dbeaver,10.190,query,726108800,2,11.6341,3.0
30,dbeaver,10.445,query,726108800,2,11.6494,6.0
30,dbeaver,10.700,query,726059648,2,11.6564,2.7
30,dbeaver,10.950,query,726043264,2,11.6666,4.1
30,dbeaver,11.202,query,726043264,2,11.6773,4.3
30,dbeaver,11.455,query,726076032,2,11.6912,5.4
30,dbeaver,11.709,query,726125184,2,11.7024,4.6
30,dbeaver,11.964,query,726125184,2,11.7081,2.2
30,dbeaver,12.217,query,726125184,2,11.7152,2.8
30,dbeaver,12.472,query,726125184,2,11.7204,2.1
30,dbeaver,12.724,query,725338752,2,11.7303,3.9
30,dbeaver,12.976,query,725338752,2,11.7411,4.3
30,dbeaver,13.226,query,687491712,2,11.7482,2.9
30,dbeaver,13.481,query,725764736,2,11.7814,13.1
30,dbeaver,13.736,query,725731920,2,11.7925,4.3
30,dbeaver,13.989,query,726665808,2,11.8542,24.2
30,dbeaver,14.245,query,806488632,2,11.9501,37.2
30,dbeaver,14.500,query,806914616,2,12.1416,75.4
30,dbeaver,14.755,query,766249528,2,12.1585,6.6
30,dbeaver,15.010,query,766102072,2,12.1794,8.2
30,dbeaver,15.265,query,766429752,2,12.2226,16.8
30,dbeaver,15.520,query,727976504,2,12.2339,4.4
30,dbeaver,15.776,query,725518904,2,12.2389,1.9
30,dbeaver,16.031,query,725535288,2,12.2530,5.5
30,dbeaver,16.286,query,853477944,2,12.6843,171.2
30,dbeaver,16.541,query,1057704576,2,13.4186,289.1
30,dbeaver,16.793,query,967314096,2,13.9924,228.1
30,dbeaver,17.047,query,964545128,2,14.1483,61.2
30,dbeaver,17.301,query,962644584,2,14.1842,14.1
30,dbeaver,17.556,query,922700392,2,14.1953,4.3
30,dbeaver,17.811,query,922274432,2,14.2329,14.8
30,dbeaver,18.066,query,767642240,2,14.3667,52.8
30,dbeaver,18.321,query,748063360,2,14.4580,35.7
30,dbeaver,18.577,query,748243584,2,14.5585,39.4
30,dbeaver,18.832,query,743443072,2,14.6704,44.4
30,dbeaver,19.087,query,743459456,2,14.7444,28.8
30,dbeaver,19.342,query,743492224,2,14.8458,39.4
30,dbeaver,19.597,query,743574144,2,15.0205,68.8
30,dbeaver,19.852,query,743688832,2,15.1028,32.2
30,dbeaver,20.108,query,741608064,2,15.2384,53.1
30,dbeaver,20.363,query,741624448,2,15.3051,25.9
30,dbeaver,20.616,query,861538944,2,15.5079,80.6
30,dbeaver,20.872,query,863144576,2,15.5981,35.4
30,dbeaver,21.127,query,861031040,2,15.6879,35.4
30,dbeaver,21.382,query,856918656,2,15.7243,13.9
30,dbeaver,21.636,query,856935040,2,15.7931,27.5
30,dbeaver,21.891,query,748145280,2,15.8545,24.1
30,dbeaver,22.143,after-query,748145280,2,15.8594,2.0
30,dbeaver,22.398,after-query,748112512,2,15.8733,5.4
30,dbeaver,22.653,after-query,745671296,2,15.8821,3.5
30,dbeaver,22.909,after-query,745654912,2,15.8930,4.3
30,dbeaver,23.164,after-query,734366336,2,15.9011,3.2
30,dbeaver,23.418,after-query,734366336,2,15.9099,3.5
30,dbeaver,23.673,after-query,734268032,2,15.9155,2.2
30,dbeaver,23.928,after-query,734268032,2,15.9254,3.9
30,dbeaver,24.183,after-query,734284416,2,15.9365,4.4
30,dbeaver,24.438,after-query,734284416,2,15.9459,3.7
30,dbeaver,24.690,after-query,734317184,2,15.9577,4.6
30,dbeaver,24.941,after-query,734333568,2,15.9690,4.5
30,dbeaver,25.191,after-query,734333568,2,15.9799,4.3
30,dbeaver,25.443,after-query,733923944,2,15.9870,2.8
30,dbeaver,25.697,after-query,733874792,2,15.9970,4.0
30,dbeaver,25.951,after-query,733874792,2,16.0053,3.3
30,dbeaver,26.202,after-query,733874792,2,16.0127,2.9
30,dbeaver,26.454,after-query,733907560,2,16.0292,6.7
30,pgadmin,0.252,launch,8618920,1,0.1028,
30,pgadmin,0.507,launch,38258200,1,0.2803,69.0
30,pgadmin,0.759,launch,113071240,5,0.7469,184.2
30,pgadmin,1.014,launch,157144248,5,1.0094,103.4
30,pgadmin,1.268,launch,167580880,5,1.2331,88.2
30,pgadmin,1.522,launch,178509032,5,1.4648,90.9
30,pgadmin,1.777,launch,188306688,5,1.6801,85.5
30,pgadmin,2.032,launch,205100288,5,1.9227,93.7
30,pgadmin,2.287,launch,217797888,5,2.1561,91.9
30,pgadmin,2.539,launch,226989312,5,2.3884,92.0
30,pgadmin,2.794,launch,250320632,6,2.8208,169.5
30,pgadmin,3.049,launch,236377392,5,2.8386,87.8
30,pgadmin,3.304,launch,243668296,5,3.0791,94.3
30,pgadmin,3.556,launch,253449544,5,3.3255,97.9
30,pgadmin,3.811,launch,264509056,6,3.5647,93.8
30,pgadmin,4.062,launch,263755080,5,3.6164,20.5
30,pgadmin,4.317,launch,266294600,5,3.6692,21.0
30,pgadmin,4.569,settle,348706264,5,4.0510,186.7
30,pgadmin,4.820,settle,456840784,5,4.3889,134.8
30,pgadmin,5.075,settle,500340352,5,4.7689,147.7
30,pgadmin,5.330,settle,672323392,5,5.3300,221.5
30,pgadmin,5.585,settle,692394056,5,5.6157,112.2
30,pgadmin,5.839,settle,709122072,5,5.8843,105.1
30,pgadmin,6.091,settle,803199096,5,6.1438,101.8
30,pgadmin,6.343,settle,803985528,5,6.2070,25.2
30,pgadmin,6.598,settle,814652112,6,6.3351,8.7
30,pgadmin,6.853,settle,807033552,6,6.3593,9.5
30,pgadmin,7.109,settle,807148240,6,6.3910,12.4
30,pgadmin,7.364,settle,792074960,6,6.4295,15.0
30,pgadmin,7.620,settle,772217552,6,6.4616,12.4
30,pgadmin,7.874,settle,772283088,6,6.4905,11.5
30,pgadmin,8.129,settle,772676304,6,6.5490,23.2
30,pgadmin,8.385,settle,772758224,6,6.5739,9.6
30,pgadmin,8.640,settle,772872912,6,6.6127,15.2
30,pgadmin,8.895,settle,772938448,6,6.6419,11.6
30,pgadmin,9.150,settle,773053136,6,6.6753,13.1
30,pgadmin,9.404,settle,773118672,6,6.7070,12.5
30,pgadmin,9.656,query,773184208,6,6.7273,8.1
30,pgadmin,9.911,query,773298896,6,6.7565,11.4
30,pgadmin,10.165,query,775723728,6,6.8246,26.8
30,pgadmin,10.420,query,775871184,6,6.8544,11.4
30,pgadmin,10.676,query,776002256,6,6.8767,8.7
30,pgadmin,10.930,query,776149712,6,6.9058,11.4
30,pgadmin,11.184,query,618322640,6,6.9519,18.1
30,pgadmin,11.439,query,618437328,6,6.9810,11.5
30,pgadmin,11.695,query,618568400,6,7.0169,14.0
30,pgadmin,11.950,query,618879696,6,7.0723,21.9
30,pgadmin,12.205,query,619076304,6,7.1023,11.8
30,pgadmin,12.460,query,619190992,6,7.1294,10.6
30,pgadmin,12.713,query,619322064,6,7.1594,12.0
30,pgadmin,12.969,query,619453136,6,7.1831,9.2
30,pgadmin,13.224,query,619567824,6,7.2042,8.3
30,pgadmin,13.479,query,619731664,6,7.2282,9.4
30,pgadmin,13.732,query,619813584,6,7.2516,9.2
30,pgadmin,13.985,query,621796048,6,7.3141,24.7
30,pgadmin,14.240,query,621910736,6,7.3381,9.4
30,pgadmin,14.495,query,622074576,6,7.3643,10.2
30,pgadmin,14.747,query,622238416,6,7.3882,9.5
30,pgadmin,15.002,query,622369488,6,7.4103,8.6
30,pgadmin,15.255,query,622500560,6,7.4352,9.9
30,pgadmin,15.506,query,622664400,6,7.4599,9.8
30,pgadmin,15.757,query,652729016,6,7.5161,22.5
30,pgadmin,16.010,query,724474552,6,7.9734,178.7
30,pgadmin,16.265,query,725179064,6,8.0106,14.5
30,pgadmin,16.515,query,725179064,6,8.0306,8.0
30,pgadmin,16.769,query,725179064,6,8.0507,7.9
30,pgadmin,17.024,query,725211832,6,8.0690,7.2
30,pgadmin,17.279,query,720886456,6,8.0903,8.3
30,pgadmin,17.530,query,786668216,6,8.2886,79.4
30,pgadmin,17.780,query,790715088,6,8.4948,83.0
30,pgadmin,18.031,query,792025808,6,8.6130,46.8
30,pgadmin,18.286,query,799824592,6,8.7427,50.7
30,pgadmin,18.541,query,812669648,6,8.9328,75.4
30,pgadmin,18.795,query,823384784,6,9.0705,54.2
30,pgadmin,19.045,query,827202256,6,9.1571,34.0
30,pgadmin,19.298,query,840276736,6,9.3588,81.1
30,pgadmin,19.553,query,850107136,6,9.5163,61.8
30,pgadmin,19.805,query,853449472,6,9.6417,49.5
30,pgadmin,20.060,query,867883776,6,9.8274,72.6
30,pgadmin,20.311,query,876796672,6,9.9469,47.7
30,pgadmin,20.564,query,881761048,6,10.0669,47.7
30,pgadmin,20.819,query,894491416,6,10.2518,72.4
30,pgadmin,21.073,query,897407816,6,10.4107,62.8
30,pgadmin,21.328,query,905108296,6,10.5215,43.3
30,pgadmin,21.583,query,913873736,6,10.7046,72.0
30,pgadmin,21.835,query,905960264,6,10.7781,29.0
30,pgadmin,22.086,query,915725128,6,10.9595,73.2
30,pgadmin,22.340,query,926997320,6,11.1470,74.0
30,pgadmin,22.593,query,928668488,6,11.2307,32.5
30,pgadmin,22.848,query,929209160,6,11.2697,15.3
30,pgadmin,23.102,after-query,929307464,6,11.2940,9.6
30,pgadmin,23.355,after-query,929356616,6,11.3160,8.6
30,pgadmin,23.610,after-query,929438536,6,11.3371,8.3
30,pgadmin,23.866,after-query,903076656,6,11.3643,10.7
30,pgadmin,24.121,after-query,903502664,6,11.3965,12.7
30,pgadmin,24.376,after-query,903584584,6,11.4214,9.7
30,pgadmin,24.631,after-query,903699272,6,11.4481,10.4
30,pgadmin,24.883,after-query,892689224,6,11.4725,9.8
30,pgadmin,25.139,after-query,892754760,6,11.4932,8.0
30,pgadmin,25.394,after-query,892836680,6,11.5178,9.6
30,pgadmin,25.649,after-query,892918600,6,11.5406,9.2
30,pgadmin,25.903,after-query,892984136,6,11.5598,7.3
30,pgadmin,26.157,after-query,888920904,6,11.6125,20.7
30,pgadmin,26.412,after-query,889035592,6,11.6325,7.9
30,pgadmin,26.667,after-query,889002824,6,11.6501,7.0
30,pgadmin,26.918,after-query,889068360,6,11.6718,8.7
30,pgadmin,27.173,after-query,889117512,6,11.6957,9.2
30,pgadmin,27.428,after-query,865524552,6,11.7219,10.3
30,dbgate,0.255,launch,11420728,1,0.1048,
30,dbgate,0.510,launch,53300272,3,0.4048,116.2
30,dbgate,0.763,launch,87411832,3,0.6100,80.7
30,dbgate,1.018,settle,176165592,4,0.9983,151.7
30,dbgate,1.269,settle,313596336,7,1.5088,204.6
30,dbgate,1.524,settle,622077072,8,2.5203,386.3
30,dbgate,1.778,settle,636822936,8,2.8071,115.2
30,dbgate,2.031,settle,636806552,8,2.8440,14.6
30,dbgate,2.287,settle,637478296,8,2.9228,30.6
30,dbgate,2.542,settle,637478296,8,2.9446,8.5
30,dbgate,2.797,settle,626419096,8,2.9609,6.3
30,dbgate,3.052,settle,626435480,8,2.9801,7.6
30,dbgate,3.308,settle,621700504,8,2.9924,4.8
30,dbgate,3.561,settle,621716888,8,3.0114,7.6
30,dbgate,3.816,settle,611722648,8,3.0237,4.8
30,dbgate,4.071,settle,600401256,8,3.0458,8.7
30,dbgate,4.323,settle,600384872,8,3.0594,5.4
30,dbgate,4.578,settle,600384872,8,3.0770,6.9
30,dbgate,4.833,settle,600401256,8,3.0923,6.0
30,dbgate,5.083,settle,600417640,8,3.1110,7.5
30,dbgate,5.335,settle,600417640,8,3.1241,5.2
30,dbgate,5.590,settle,600417640,8,3.1413,6.7
30,dbgate,5.846,settle,600368488,8,3.1572,6.3
30,dbgate,6.098,query,600368488,8,3.1707,5.5
30,dbgate,6.353,query,570615144,8,3.1885,6.9
30,dbgate,6.608,query,570598760,8,3.2003,4.6
30,dbgate,6.861,query,525968744,8,3.2175,6.7
30,dbgate,7.116,query,525952360,8,3.2318,5.6
30,dbgate,7.369,query,488990056,8,3.2479,6.5
30,dbgate,7.624,query,488990056,8,3.2659,6.9
30,dbgate,7.875,query,489006440,8,3.2807,5.9
30,dbgate,8.131,query,488957288,8,3.2953,5.7
30,dbgate,8.383,query,488973672,8,3.3094,5.6
30,dbgate,8.639,query,488957288,8,3.3225,5.2
30,dbgate,8.894,query,488973672,8,3.3375,5.8
30,dbgate,9.149,query,488940904,8,3.3528,6.0
30,dbgate,9.403,query,489006440,8,3.3655,5.1
30,dbgate,9.658,query,489022824,8,3.3792,5.3
30,dbgate,9.913,query,489039208,8,3.3888,3.8
30,dbgate,10.168,query,489022824,8,3.3997,4.2
30,dbgate,10.419,query,489039208,8,3.4122,5.0
30,dbgate,10.673,query,489022824,8,3.4269,5.7
30,dbgate,10.928,query,489039208,8,3.4409,5.5
30,dbgate,11.183,query,489039208,8,3.4560,6.0
30,dbgate,11.436,query,489071976,8,3.4687,5.0
30,dbgate,11.691,query,489055592,8,3.4804,4.6
30,dbgate,11.943,query,548808064,8,3.5339,20.6
30,dbgate,12.198,query,610542976,8,3.5979,25.4
30,dbgate,12.454,query,610526592,8,3.6106,4.9
30,dbgate,12.709,query,611214720,8,3.6531,16.7
30,dbgate,12.961,query,611378560,8,3.6804,11.0
30,dbgate,13.211,query,664660504,9,3.9666,115.6
30,dbgate,13.466,query,750627448,9,4.2859,122.7
30,dbgate,13.721,query,751676024,9,4.3293,17.1
30,dbgate,13.973,query,751659640,9,4.3415,4.8
30,dbgate,14.227,query,763030160,9,4.6163,108.8
30,dbgate,14.482,query,771599016,9,4.8493,92.2
30,dbgate,14.736,query,780462760,9,5.1418,114.6
30,dbgate,14.991,query,783248040,9,5.3532,82.8
30,dbgate,15.246,query,790178472,9,5.6091,100.7
30,dbgate,15.501,query,796617408,9,5.8434,91.3
30,dbgate,15.756,query,801090264,9,6.0303,73.7
30,dbgate,16.008,query,805825240,9,6.2181,75.3
30,dbgate,16.260,query,812395224,9,6.3942,69.6
30,dbgate,16.511,query,817228504,9,6.5393,57.8
30,dbgate,16.762,query,820931288,9,6.6657,49.6
30,dbgate,17.017,query,823618264,9,6.7725,42.5
30,dbgate,17.269,query,825125592,9,6.9197,57.9
30,dbgate,17.525,query,829123288,9,7.0680,58.4
30,dbgate,17.778,query,828156632,9,7.2493,71.3
30,dbgate,18.032,query,806169304,9,7.3946,57.3
30,dbgate,18.285,query,806087384,9,7.5472,60.0
30,dbgate,18.539,query,710257368,9,7.6547,42.3
30,dbgate,18.794,query,712469208,9,7.8141,62.4
30,dbgate,19.048,query,712567512,9,7.9453,51.9
30,dbgate,19.303,query,712551128,9,7.9975,20.2
30,dbgate,19.557,after-query,700984024,9,8.0197,8.7
30,dbgate,19.809,after-query,700426968,9,8.0384,7.5
30,dbgate,20.064,after-query,700443352,9,8.0556,6.8
30,dbgate,20.319,after-query,700426968,9,8.0698,5.5
30,dbgate,20.574,after-query,695184088,9,8.0851,6.0
30,dbgate,20.829,after-query,693824144,9,8.1044,7.5
30,dbgate,21.082,after-query,684026512,9,8.1207,6.5
30,dbgate,21.337,after-query,684092048,9,8.1398,7.4
30,dbgate,21.590,after-query,682044048,9,8.1585,7.4
30,dbgate,21.845,after-query,672672400,9,8.1741,6.2
30,dbgate,22.100,after-query,672656016,9,8.1923,7.0
30,dbgate,22.354,after-query,672639632,9,8.2022,4.0
30,dbgate,22.609,after-query,672656016,9,8.2172,5.8
30,dbgate,22.863,after-query,672639632,9,8.2307,5.3
30,dbgate,23.114,after-query,672656016,9,8.2445,5.6
30,dbgate,23.370,after-query,672672400,9,8.2581,5.2
30,dbgate,23.621,after-query,672656016,9,8.2776,7.8
30,dbgate,23.876,after-query,672639632,9,8.2913,5.3
30,dbgate,24.132,after-query,672656016,9,8.3045,5.4
30,pgpad,0.255,launch,19498208,2,0.1398,
30,pgpad,0.510,settle,47581704,4,0.3943,98.0
30,pgpad,0.764,settle,52939488,4,0.4925,38.7
30,pgpad,1.015,settle,237162144,5,0.7877,118.3
30,pgpad,1.266,settle,236441248,5,0.7893,0.6
30,pgpad,1.521,settle,231820960,5,0.7989,3.7
30,pgpad,1.775,settle,229576352,5,0.8257,10.6
30,pgpad,2.026,settle,228675232,5,0.8307,2.0
30,pgpad,2.277,settle,159321760,5,0.8352,1.8
30,pgpad,2.527,settle,158928544,5,0.8366,0.5
30,pgpad,2.782,settle,157322912,5,0.8377,0.4
30,pgpad,3.036,settle,157306528,5,0.8382,0.2
30,pgpad,3.287,settle,157011616,5,0.8388,0.2
30,pgpad,3.542,settle,156962464,5,0.8393,0.2
30,pgpad,3.794,settle,156962464,5,0.8398,0.2
30,pgpad,4.049,settle,156962464,5,0.8402,0.1
30,pgpad,4.301,settle,156962464,5,0.8407,0.2
30,pgpad,4.556,settle,156962464,5,0.8410,0.1
30,pgpad,4.809,settle,156962464,5,0.8410,0.0
30,pgpad,5.063,settle,156962464,5,0.8410,0.0
30,pgpad,5.316,settle,156962464,5,0.8415,0.2
30,pgpad,5.566,query,156815008,5,0.8476,2.5
30,pgpad,5.816,query,156815008,5,0.8479,0.1
30,pgpad,6.067,query,156700320,5,0.8483,0.2
30,pgpad,6.322,query,156667552,5,0.8486,0.1
30,pgpad,6.575,query,156618400,5,0.8491,0.2
30,pgpad,6.830,query,156618400,5,0.8494,0.1
30,pgpad,7.082,query,156438176,5,0.8498,0.1
30,pgpad,7.335,query,156438176,5,0.8498,0.0
30,pgpad,7.590,query,156438176,5,0.8498,0.0
30,pgpad,7.845,query,156438176,5,0.8498,0.0
30,pgpad,8.096,query,156438176,5,0.8498,0.0
30,pgpad,8.350,query,156438176,5,0.8498,0.0
30,pgpad,8.605,query,156438176,5,0.8498,0.0
30,pgpad,8.857,query,156274336,5,0.8564,2.7
30,pgpad,9.112,query,156356256,5,0.8636,2.8
30,pgpad,9.366,query,156356256,5,0.8653,0.7
30,pgpad,9.616,query,156356256,5,0.8665,0.4
30,pgpad,9.871,query,156356256,5,0.8669,0.2
30,pgpad,10.124,query,156356256,5,0.8676,0.3
30,pgpad,10.375,query,156356256,5,0.8679,0.1
30,pgpad,10.630,query,222678736,5,0.8988,12.2
30,pgpad,10.882,query,279170888,5,1.0123,44.4
30,pgpad,11.137,query,279187272,5,1.0284,6.3
30,pgpad,11.390,query,278581064,5,1.0351,2.6
30,pgpad,11.642,query,278384456,5,1.0376,1.0
30,pgpad,11.897,query,285609800,5,1.0781,15.8
30,pgpad,12.149,query,238768448,6,1.1614,32.7
30,pgpad,12.399,query,258576800,6,1.2592,39.7
30,pgpad,12.650,query,258494880,6,1.2624,1.3
30,pgpad,12.904,query,275845560,6,1.3181,22.1
30,pgpad,13.159,query,275288504,6,1.3203,0.9
30,pgpad,13.414,query,274338232,6,1.3372,6.6
30,pgpad,13.669,query,274436536,6,1.3730,13.9
30,pgpad,13.923,query,271258040,6,1.3798,2.7
30,pgpad,14.178,query,232903096,6,1.3810,0.5
30,pgpad,14.433,query,369201640,6,1.6441,104.1
30,pgpad,14.684,query,369086952,6,1.6460,0.8
30,pgpad,14.939,query,349147624,6,1.6590,5.1
30,pgpad,15.194,query,345559528,6,1.6622,1.2
30,pgpad,15.449,query,275108328,6,1.6707,3.3
30,pgpad,15.700,query,269832680,6,1.6764,2.3
30,pgpad,15.953,query,262099432,6,1.6780,0.6
30,pgpad,16.209,query,262033896,6,1.6893,4.4
30,pgpad,16.462,query,384979456,6,1.7667,30.8
30,pgpad,16.717,query,385241600,6,1.7903,9.1
30,pgpad,16.972,query,386011648,6,1.8613,27.5
30,pgpad,17.227,query,386060800,6,1.8821,8.3
30,pgpad,17.482,query,384881152,6,1.9608,30.8
30,pgpad,17.735,query,384635392,6,1.9751,5.8
30,pgpad,17.987,query,384602624,6,1.9793,1.6
30,pgpad,18.242,query,397185536,6,2.0712,36.9
30,pgpad,18.497,after-query,396726784,6,2.0736,0.9
30,pgpad,18.752,after-query,396530176,6,2.0785,1.9
30,pgpad,19.003,after-query,382734848,6,2.0809,1.0
30,pgpad,19.254,after-query,354800128,6,2.0841,1.3
30,pgpad,19.509,after-query,261149184,6,2.0868,1.1
30,pgpad,19.764,after-query,261149208,6,2.0880,0.5
30,pgpad,20.016,after-query,261132824,6,2.0890,0.4
30,pgpad,20.267,after-query,261132824,6,2.0895,0.2
30,pgpad,20.519,after-query,261018136,6,2.0903,0.3
30,pgpad,20.775,after-query,261001752,6,2.0907,0.2
30,pgpad,21.025,after-query,260936216,6,2.0961,2.1
30,pgpad,21.280,after-query,260936216,6,2.0967,0.2
30,pgpad,21.532,after-query,260887064,6,2.0974,0.3
30,pgpad,21.783,after-query,260837912,6,2.0989,0.6
30,pgpad,22.038,after-query,260837912,6,2.0995,0.2
30,pgpad,22.293,after-query,260837912,6,2.1005,0.4
30,pgpad,22.544,after-query,260788760,6,2.1009,0.2
30,pgpad,22.799,after-query,260788760,6,2.1010,0.0
30,pgpad,23.054,after-query,260788760,6,2.1010,0.0
30,pgpad,23.308,after-query,260788760,6,2.1010,0.0
30,pgpad,23.563,after-query,260575768,6,2.1016,0.2
31,pgadmin,0.251,launch,28853520,1,0.1608,
31,pgadmin,0.501,launch,96572432,5,0.5965,172.3
31,pgadmin,0.757,launch,158422200,5,0.8704,107.1
31,pgadmin,1.012,launch,166892728,5,1.0973,89.3
31,pgadmin,1.266,launch,178148536,5,1.3283,90.7
31,pgadmin,1.522,launch,188257488,5,1.5480,86.0
31,pgadmin,1.777,launch,199677160,5,1.7889,94.3
31,pgadmin,2.027,launch,211375336,5,2.0136,90.0
31,pgadmin,2.282,launch,222909672,5,2.2533,93.8
31,pgadmin,2.537,launch,243979976,6,2.6263,146.2
31,pgadmin,2.792,launch,235050240,5,2.7026,87.9
31,pgadmin,3.047,launch,244929816,5,2.9438,94.7
31,pgadmin,3.302,launch,255399216,5,3.1863,95.6
31,pgadmin,3.556,launch,265475376,5,3.4262,95.3
31,pgadmin,3.811,launch,267703600,5,3.5219,36.8
31,pgadmin,4.064,launch,270357832,5,3.5754,21.1
31,pgadmin,4.318,settle,333419992,5,3.9166,165.1
31,pgadmin,4.573,settle,448255640,5,4.2787,142.0
31,pgadmin,4.828,settle,496785048,5,4.6536,149.0
31,pgadmin,5.080,settle,658233272,5,5.2181,220.5
31,pgadmin,5.335,settle,693082232,5,5.5026,111.5
31,pgadmin,5.590,settle,701519992,5,5.7421,94.3
31,pgadmin,5.844,settle,772085976,5,6.0365,115.6
31,pgadmin,6.099,settle,772921608,5,6.0916,21.3
31,pgadmin,6.354,settle,784161656,6,6.2242,52.6
31,pgadmin,6.609,settle,776543096,6,6.2516,10.6
31,pgadmin,6.863,settle,776641400,6,6.2804,11.4
31,pgadmin,7.119,settle,772447096,6,6.3162,14.0
31,pgadmin,7.374,settle,743463800,6,6.3443,10.9
31,pgadmin,7.629,settle,743545720,6,6.3749,12.1
31,pgadmin,7.884,settle,746445712,6,6.4369,24.6
31,pgadmin,8.140,settle,746527632,6,6.4721,13.8
31,pgadmin,8.395,settle,746675088,6,6.5142,16.4
31,pgadmin,8.649,settle,746724240,6,6.5461,12.5
31,pgadmin,8.901,settle,746838928,6,6.5719,10.2
31,pgadmin,9.155,settle,746888080,6,6.6000,11.0
31,pgadmin,9.405,query,746953616,6,6.6213,8.7
31,pgadmin,9.657,query,747035536,6,6.6504,11.3
31,pgadmin,9.909,query,751311760,6,6.7281,31.4
31,pgadmin,10.164,query,751442832,6,6.7576,11.5
31,pgadmin,10.419,query,751606672,6,6.7873,11.5
31,pgadmin,10.675,query,751754128,6,6.8174,11.8
31,pgadmin,10.930,query,626236304,6,6.8482,12.1
31,pgadmin,11.185,query,626350992,6,6.8761,10.9
31,pgadmin,11.440,query,626482064,6,6.9139,14.9
31,pgadmin,11.696,query,626695080,6,6.9561,16.5
31,pgadmin,11.951,query,629414800,6,7.0030,18.3
31,pgadmin,12.203,query,629562256,6,7.0316,11.2
31,pgadmin,12.459,query,629726096,6,7.0591,11.1
31,pgadmin,12.714,query,629889936,6,7.0816,8.7
31,pgadmin,12.969,query,630037392,6,7.1054,9.4
31,pgadmin,13.224,query,630184848,6,7.1272,8.6
31,pgadmin,13.479,query,630299536,6,7.1490,8.5
31,pgadmin,13.734,query,643242896,6,7.4074,100.7
31,pgadmin,13.985,query,642358160,6,7.4508,17.4
31,pgadmin,14.240,query,642358160,6,7.4757,9.7
31,pgadmin,14.493,query,642407312,6,7.5017,10.3
31,pgadmin,14.748,query,642456464,6,7.5247,9.0
31,pgadmin,15.001,query,642489232,6,7.5525,11.1
31,pgadmin,15.256,query,642489232,6,7.5755,9.0
31,pgadmin,15.511,query,671505296,6,7.6386,24.9
31,pgadmin,15.766,query,719969144,6,7.8696,89.4
31,pgadmin,16.021,query,720657272,6,7.9080,15.1
31,pgadmin,16.278,query,720657272,6,7.9262,7.0
31,pgadmin,16.533,query,720657272,6,7.9498,9.1
31,pgadmin,16.789,query,716249976,6,7.9734,9.3
31,pgadmin,17.043,query,714021752,6,7.9983,10.0
31,pgadmin,17.298,query,763353976,6,8.2284,90.3
31,pgadmin,17.550,query,797416336,6,8.4385,82.9
31,pgadmin,17.805,query,798612344,6,8.5551,45.8
31,pgadmin,18.060,query,807754616,6,8.6604,41.0
31,pgadmin,18.311,query,816503696,6,8.8476,75.3
31,pgadmin,18.566,query,821861264,6,8.9854,53.7
31,pgadmin,18.821,query,826858408,6,9.0726,34.3
31,pgadmin,19.075,query,834395048,6,9.2764,81.5
31,pgadmin,19.329,query,842570664,6,9.4330,60.5
31,pgadmin,19.584,query,840899496,6,9.7625,129.7
31,pgadmin,19.835,query,840997800,6,9.9437,71.8
31,pgadmin,20.088,query,841243560,6,10.0435,39.0
31,pgadmin,20.343,query,841276328,6,10.1777,53.4
31,pgadmin,20.597,query,834575272,6,10.3706,75.8
31,pgadmin,20.851,query,831986600,6,10.5384,66.1
31,pgadmin,21.107,query,834329512,6,10.6334,36.9
31,pgadmin,21.358,query,834427816,6,10.8057,69.9
31,pgadmin,21.613,query,834411432,6,10.8604,21.0
31,pgadmin,21.868,query,834509736,6,11.0401,71.0
31,pgadmin,22.122,query,834591656,6,11.2013,63.8
31,pgadmin,22.375,query,834624424,6,11.2877,34.3
31,pgadmin,22.627,query,832035752,6,11.3207,13.0
31,pgadmin,22.882,after-query,832035752,6,11.3425,8.5
31,pgadmin,23.134,after-query,832035752,6,11.3668,9.6
31,pgadmin,23.385,after-query,832035752,6,11.3874,8.3
31,pgadmin,23.640,after-query,805591952,6,11.4121,9.6
31,pgadmin,23.896,after-query,805591952,6,11.4674,21.4
31,pgadmin,24.150,after-query,805591952,6,11.4912,9.3
31,pgadmin,24.406,after-query,805624720,6,11.5128,8.6
31,pgadmin,24.659,after-query,804019088,6,11.5368,9.3
31,pgadmin,24.914,after-query,804019088,6,11.5566,8.0
31,pgadmin,25.167,after-query,804019088,6,11.5755,7.3
31,pgadmin,25.420,after-query,804019088,6,11.6019,10.4
31,pgadmin,25.675,after-query,804035472,6,11.6246,9.0
31,pgadmin,25.928,after-query,778361744,6,11.8942,104.7
31,pgadmin,26.183,after-query,778328976,6,11.9191,9.8
31,pgadmin,26.436,after-query,778328976,6,11.9444,9.9
31,pgadmin,26.691,after-query,778328976,6,11.9640,7.8
31,pgadmin,26.945,after-query,778328976,6,11.9849,8.2
31,pgadmin,27.197,after-query,778328976,6,12.0047,7.7
31,dbeaver,0.253,launch,18105232,1,0.0970,
31,dbeaver,0.508,launch,61899760,1,0.4898,151.5
31,dbeaver,0.763,launch,107119648,1,1.1003,238.2
31,dbeaver,1.018,launch,133203048,1,1.6413,213.8
31,dbeaver,1.274,launch,158680168,1,2.2936,255.9
31,dbeaver,1.527,launch,176342360,1,2.9143,244.5
31,dbeaver,1.781,launch,210699656,1,3.7312,325.1
31,dbeaver,2.036,launch,246760912,1,4.1453,160.6
31,dbeaver,2.291,launch,265848272,1,4.7039,218.5
31,dbeaver,2.547,launch,278971856,1,5.5681,338.9
31,dbeaver,2.802,launch,292718056,1,6.5289,378.7
31,dbeaver,3.057,launch,310150632,1,7.3492,320.0
31,dbeaver,3.312,launch,319555120,1,8.1347,307.8
31,dbeaver,3.567,launch,493275104,1,8.7988,260.9
31,dbeaver,3.819,settle,819890720,2,9.5773,310.7
31,dbeaver,4.074,settle,958450256,2,10.3469,299.0
31,dbeaver,4.329,settle,947538512,2,10.5460,78.2
31,dbeaver,4.584,settle,1016711760,2,11.2833,287.9
31,dbeaver,4.839,settle,1072433744,2,11.3414,22.7
31,dbeaver,5.094,settle,969820752,2,11.3794,15.0
31,dbeaver,5.347,settle,879561296,2,11.4039,9.5
31,dbeaver,5.603,settle,838994512,2,11.4137,3.9
31,dbeaver,5.858,settle,722209360,2,11.4275,5.3
31,dbeaver,6.109,settle,711002704,2,11.4403,5.2
31,dbeaver,6.363,settle,711002704,2,11.4601,7.8
31,dbeaver,6.615,settle,711019088,2,11.4681,3.2
31,dbeaver,6.867,settle,711035472,2,11.4777,3.8
31,dbeaver,7.123,settle,711035472,2,11.4841,2.5
31,dbeaver,7.374,settle,711035472,2,11.4936,3.8
31,dbeaver,7.628,settle,711035472,2,11.5085,5.8
31,dbeaver,7.882,settle,711035472,2,11.5195,4.3
31,dbeaver,8.136,settle,711035472,2,11.5320,4.9
31,dbeaver,8.391,settle,711002704,2,11.5423,4.0
31,dbeaver,8.642,settle,710740560,2,11.5496,3.0
31,dbeaver,8.897,query,710658640,2,11.5560,2.5
31,dbeaver,9.149,query,710543952,2,11.5680,4.7
31,dbeaver,9.404,query,710462032,2,11.5773,3.7
31,dbeaver,9.659,query,710462032,2,11.5877,4.0
31,dbeaver,9.915,query,710462032,2,11.5936,2.3
31,dbeaver,10.169,query,672614992,2,11.6000,2.5
31,dbeaver,10.424,query,710462032,2,11.6123,4.9
31,dbeaver,10.679,query,710462032,2,11.6182,2.3
31,dbeaver,10.935,query,710462032,2,11.6320,5.4
31,dbeaver,11.186,query,710462032,2,11.6382,2.5
31,dbeaver,11.441,query,710445648,2,11.6495,4.4
31,dbeaver,11.696,query,710871632,2,11.6798,11.8
31,dbeaver,11.952,query,710888016,2,11.6913,4.7
31,dbeaver,12.202,query,710888016,2,11.6968,2.2
31,dbeaver,12.457,query,710888016,2,11.7067,3.8
31,dbeaver,12.712,query,710888016,2,11.7141,2.9
31,dbeaver,12.967,query,710888016,2,11.7200,2.3
31,dbeaver,13.219,query,710888016,2,11.7290,3.6
31,dbeaver,13.474,query,710888016,2,11.7343,2.1
31,dbeaver,13.727,query,710888040,2,11.7426,3.3
31,dbeaver,13.977,query,710937168,2,11.7679,10.0
31,dbeaver,14.232,query,749849168,2,11.8365,26.7
31,dbeaver,14.486,query,791808592,2,11.8884,20.7
31,dbeaver,14.740,query,749718096,2,11.9963,42.7
31,dbeaver,14.995,query,753142352,2,12.0927,37.1
31,dbeaver,15.247,query,752486992,2,12.1083,6.2
31,dbeaver,15.502,query,752683600,2,12.1396,12.3
31,dbeaver,15.754,query,752814672,2,12.1632,9.3
31,dbeaver,16.006,query,711903824,2,12.1731,4.0
31,dbeaver,16.261,query,711903824,2,12.1826,3.7
31,dbeaver,16.513,query,838453864,2,12.4449,105.5
31,dbeaver,16.768,query,914442856,2,13.1868,290.9
31,dbeaver,17.023,query,877496936,2,13.8379,255.1
31,dbeaver,17.278,query,928615016,2,14.0367,77.2
31,dbeaver,17.533,query,925911656,2,14.1775,55.1
31,dbeaver,17.789,query,925911656,2,14.1980,8.0
31,dbeaver,18.044,query,883821184,2,14.2367,15.3
31,dbeaver,18.299,query,771230336,2,14.3752,54.6
31,dbeaver,18.554,query,751684224,2,14.4219,18.2
31,dbeaver,18.809,query,751782528,2,14.5585,53.4
31,dbeaver,19.064,query,758270592,2,14.6358,30.5
31,dbeaver,19.320,query,758385280,2,14.7207,33.1
31,dbeaver,19.575,query,758418048,2,14.8045,32.9
31,dbeaver,19.830,query,758467200,2,14.9469,56.0
31,dbeaver,20.082,query,747375232,2,15.0762,51.3
31,dbeaver,20.337,query,747391616,2,15.2044,50.1
31,dbeaver,20.593,query,745294464,2,15.2698,25.6
31,dbeaver,20.847,query,857901696,2,15.4100,55.4
31,dbeaver,21.102,query,865503872,2,15.5287,46.6
31,dbeaver,21.357,query,863439488,2,15.6163,34.1
31,dbeaver,21.612,query,859245184,2,15.6776,23.7
31,dbeaver,21.864,query,859294336,2,15.7384,24.9
31,dbeaver,22.118,query,750520960,2,15.8065,26.4
31,dbeaver,22.373,after-query,750520960,2,15.8185,4.7
31,dbeaver,22.626,after-query,750471808,2,15.8296,4.3
31,dbeaver,22.881,after-query,750488192,2,15.8402,4.2
31,dbeaver,23.137,after-query,748030592,2,15.8460,2.2
31,dbeaver,23.391,after-query,736709248,2,15.8584,4.9
31,dbeaver,23.646,after-query,736709248,2,15.8638,2.1
31,dbeaver,23.901,after-query,736610944,2,15.8773,5.3
31,dbeaver,24.156,after-query,736610944,2,15.8817,1.7
31,dbeaver,24.410,after-query,736660096,2,15.9035,8.6
31,dbeaver,24.665,after-query,736660096,2,15.9120,3.3
31,dbeaver,24.920,after-query,735611520,2,15.9213,3.7
31,dbeaver,25.176,after-query,735611520,2,15.9256,1.7
31,dbeaver,25.431,after-query,735611520,2,15.9361,4.1
31,dbeaver,25.684,after-query,735464064,2,15.9423,2.5
31,dbeaver,25.936,after-query,735038080,2,15.9485,2.4
31,dbeaver,26.191,after-query,735021696,2,15.9605,4.7
31,dbeaver,26.445,after-query,735021696,2,15.9672,2.6
31,dbeaver,26.699,after-query,735103616,2,15.9890,8.9
31,pgpad,0.253,launch,17564632,1,0.1279,
31,pgpad,0.508,settle,47352328,4,0.3915,90.0
31,pgpad,0.763,settle,49236608,4,0.4802,34.8
31,pgpad,1.018,settle,225103448,5,0.7816,117.7
31,pgpad,1.269,settle,224611928,5,0.7830,0.5
31,pgpad,1.521,settle,220663384,5,0.7899,2.8
31,pgpad,1.776,settle,215682648,5,0.8139,9.3
31,pgpad,2.031,settle,214732376,5,0.8196,2.2
31,pgpad,2.286,settle,156520024,5,0.8244,1.9
31,pgpad,2.542,settle,156208728,5,0.8260,0.6
31,pgpad,2.794,settle,156110424,5,0.8271,0.5
31,pgpad,3.049,settle,155651672,5,0.8280,0.3
31,pgpad,3.304,settle,155651672,5,0.8284,0.2
31,pgpad,3.556,settle,155602520,5,0.8290,0.2
31,pgpad,3.812,settle,155602520,5,0.8294,0.1
31,pgpad,4.063,settle,155602520,5,0.8297,0.1
31,pgpad,4.318,settle,155602520,5,0.8299,0.1
31,pgpad,4.569,settle,155602520,5,0.8303,0.1
31,pgpad,4.820,settle,155602520,5,0.8303,0.0
31,pgpad,5.075,settle,155602520,5,0.8303,0.0
31,pgpad,5.327,settle,155602520,5,0.8309,0.2
31,pgpad,5.581,query,155536984,5,0.8350,1.7
31,pgpad,5.832,query,155536984,5,0.8353,0.1
31,pgpad,6.086,query,155422296,5,0.8360,0.3
31,pgpad,6.341,query,155373144,5,0.8362,0.1
31,pgpad,6.596,query,155340376,5,0.8366,0.1
31,pgpad,6.851,query,155340376,5,0.8367,0.1
31,pgpad,7.107,query,155291224,5,0.8369,0.1
31,pgpad,7.362,query,155291224,5,0.8369,0.0
31,pgpad,7.617,query,155192920,5,0.8371,0.1
31,pgpad,7.868,query,155192920,5,0.8371,0.0
31,pgpad,8.119,query,155192920,5,0.8371,0.0
31,pgpad,8.375,query,155192920,5,0.8372,0.0
31,pgpad,8.630,query,155192920,5,0.8372,0.0
31,pgpad,8.885,query,155061848,5,0.8440,2.7
31,pgpad,9.136,query,155143768,5,0.8520,3.2
31,pgpad,9.391,query,155143768,5,0.8544,0.9
31,pgpad,9.646,query,155143768,5,0.8554,0.4
31,pgpad,9.899,query,155143768,5,0.8558,0.2
31,pgpad,10.153,query,155143768,5,0.8564,0.2
31,pgpad,10.408,query,155143768,5,0.8566,0.1
31,pgpad,10.661,query,229609072,5,0.8852,11.3
31,pgpad,10.912,query,286920400,5,1.0045,47.0
31,pgpad,11.167,query,286265040,5,1.0204,6.2
31,pgpad,11.418,query,286052048,5,1.0250,1.8
31,pgpad,11.673,query,285888208,5,1.0282,1.2
31,pgpad,11.926,query,295997136,5,1.0682,15.9
31,pgpad,12.182,query,250712336,6,1.1576,34.5
31,pgpad,12.437,query,269029672,6,1.2410,32.9
31,pgpad,12.689,query,269029672,6,1.2432,0.9
31,pgpad,12.944,query,271503656,6,1.2870,17.0
31,pgpad,13.200,query,271487272,6,1.2895,0.9
31,pgpad,13.455,query,270520616,6,1.3108,8.5
31,pgpad,13.707,query,270422312,6,1.3331,8.8
31,pgpad,13.962,query,213733672,6,1.3383,2.0
31,pgpad,14.217,query,213651752,6,1.3398,0.6
31,pgpad,14.472,query,360976776,6,1.5736,92.4
31,pgpad,14.727,query,360878472,6,1.5763,1.0
31,pgpad,14.981,query,356241800,6,1.5920,6.2
31,pgpad,15.236,query,355815816,6,1.5940,0.8
31,pgpad,15.492,query,355488136,6,1.6047,4.2
31,pgpad,15.743,query,260788616,6,1.6087,1.6
31,pgpad,15.998,query,260772232,6,1.6101,0.5
31,pgpad,16.251,query,260772232,6,1.6189,3.4
31,pgpad,16.502,query,404558264,6,1.6996,32.5
31,pgpad,16.755,query,404574648,6,1.7261,10.4
31,pgpad,17.010,query,407835064,6,1.8057,31.1
31,pgpad,17.265,query,407884216,6,1.8285,9.0
31,pgpad,17.518,query,409113016,6,1.9200,36.2
31,pgpad,17.769,query,408572344,6,1.9371,6.9
31,pgpad,18.020,query,408572344,6,1.9446,2.9
31,pgpad,18.272,query,408981944,6,2.0359,36.9
31,pgpad,18.527,after-query,382357944,6,2.0397,1.5
31,pgpad,18.782,after-query,382177720,6,2.0455,2.3
31,pgpad,19.037,after-query,381686200,6,2.0472,0.7
31,pgpad,19.289,after-query,380375480,6,2.0502,1.2
31,pgpad,19.540,after-query,260035000,6,2.0524,0.9
31,pgpad,19.795,after-query,259985848,6,2.0531,0.3
31,pgpad,20.047,after-query,259969464,6,2.0538,0.3
31,pgpad,20.298,after-query,259953080,6,2.0547,0.3
31,pgpad,20.548,after-query,259838392,6,2.0558,0.4
31,pgpad,20.804,after-query,259838392,6,2.0560,0.1
31,pgpad,21.055,after-query,259772856,6,2.0616,2.3
31,pgpad,21.310,after-query,259772856,6,2.0622,0.2
31,pgpad,21.564,after-query,259740088,6,2.0630,0.3
31,pgpad,21.817,after-query,259740088,6,2.0639,0.4
31,pgpad,22.068,after-query,259740088,6,2.0648,0.3
31,pgpad,22.324,after-query,259658168,6,2.0657,0.3
31,pgpad,22.579,after-query,259658168,6,2.0660,0.1
31,pgpad,22.830,after-query,259658168,6,2.0663,0.1
31,pgpad,23.085,after-query,259641784,6,2.0665,0.1
31,pgpad,23.336,after-query,259641784,6,2.0665,0.0
31,pgpad,23.590,after-query,259412408,6,2.0669,0.1
31,dbgate,0.255,launch,11027464,1,0.1018,
31,dbgate,0.510,launch,53382216,3,0.3916,112.2
31,dbgate,0.765,launch,84364432,3,0.5946,79.8
31,dbgate,1.018,settle,214487816,4,0.9771,152.6
31,dbgate,1.274,settle,308779272,7,1.4514,184.2
31,dbgate,1.529,settle,601334712,8,2.4613,392.4
31,dbgate,1.784,settle,618194352,8,2.7687,120.7
31,dbgate,2.039,settle,620144048,8,2.8126,17.0
31,dbgate,2.289,settle,620471728,8,2.8644,20.7
31,dbgate,2.541,settle,620553648,8,2.9205,21.9
31,dbgate,2.797,settle,605431216,8,2.9707,20.0
31,dbgate,3.052,settle,612771248,8,3.0287,23.1
31,dbgate,3.307,settle,612754864,8,3.0422,5.2
31,dbgate,3.562,settle,612754864,8,3.0629,8.1
31,dbgate,3.817,settle,612820424,8,3.0762,5.2
31,dbgate,4.072,settle,607626696,8,3.1001,9.3
31,dbgate,4.328,settle,607610312,8,3.1129,5.1
31,dbgate,4.583,settle,607610312,8,3.1291,6.4
31,dbgate,4.838,settle,597616072,8,3.1417,4.9
31,dbgate,5.092,settle,586573232,8,3.1661,9.6
31,dbgate,5.347,settle,586556848,8,3.1793,5.2
31,dbgate,5.601,settle,586556848,8,3.1968,6.9
31,dbgate,5.856,settle,586507696,8,3.2123,6.1
31,dbgate,6.110,query,586524080,8,3.2262,5.6
31,dbgate,6.363,query,540763568,8,3.2439,6.9
31,dbgate,6.618,query,540747184,8,3.2593,5.9
31,dbgate,6.873,query,518137264,8,3.2779,7.4
31,dbgate,7.128,query,518120880,8,3.2940,6.2
31,dbgate,7.383,query,518137264,8,3.3090,6.0
31,dbgate,7.639,query,518120880,8,3.3242,5.9
31,dbgate,7.893,query,518137264,8,3.3385,5.6
31,dbgate,8.148,query,486450608,8,3.3550,6.5
31,dbgate,8.403,query,486466992,8,3.3693,5.6
31,dbgate,8.659,query,486450608,8,3.3829,5.3
31,dbgate,8.913,query,486385072,8,3.3983,6.1
31,dbgate,9.168,query,486385072,8,3.4146,6.5
31,dbgate,9.423,query,486401456,8,3.4292,5.7
31,dbgate,9.678,query,486417840,8,3.4426,5.3
31,dbgate,9.933,query,486434224,8,3.4526,3.9
31,dbgate,10.184,query,486417840,8,3.4642,4.6
31,dbgate,10.439,query,486434224,8,3.4758,4.6
31,dbgate,10.695,query,486417840,8,3.4879,4.7
31,dbgate,10.950,query,486434224,8,3.5026,5.8
31,dbgate,11.205,query,486417840,8,3.5140,4.4
31,dbgate,11.455,query,486450608,8,3.5306,6.7
31,dbgate,11.709,query,486434224,8,3.5418,4.4
31,dbgate,11.963,query,546203080,8,3.5959,21.2
31,dbgate,12.213,query,602744264,8,3.6641,27.2
31,dbgate,12.469,query,602727880,8,3.6772,5.1
31,dbgate,12.724,query,603497928,8,3.7161,15.3
31,dbgate,12.979,query,603809416,9,3.7687,20.8
31,dbgate,13.231,query,667396680,9,4.0755,122.0
31,dbgate,13.481,query,731015896,9,4.3757,119.0
31,dbgate,13.737,query,731982552,9,4.4155,15.4
31,dbgate,13.991,query,731982552,9,4.4292,5.4
31,dbgate,14.246,query,753756888,9,4.7340,121.7
31,dbgate,14.501,query,760425200,9,4.9663,89.5
31,dbgate,14.755,query,784460552,9,5.2301,105.1
31,dbgate,15.010,query,792013600,9,5.4781,97.2
31,dbgate,15.266,query,803924792,9,5.7933,123.3
31,dbgate,15.521,query,804236088,9,6.0144,86.3
31,dbgate,15.774,query,804449080,9,6.1894,69.2
31,dbgate,16.026,query,803138360,9,6.3773,74.7
31,dbgate,16.280,query,803400504,9,6.5428,64.7
31,dbgate,16.534,query,803859256,9,6.7024,63.4
31,dbgate,16.788,query,804268856,9,6.8304,50.3
31,dbgate,17.041,query,803220280,9,6.9163,33.6
31,dbgate,17.296,query,806890296,9,7.0737,61.3
31,dbgate,17.550,query,810412856,9,7.2217,58.1
31,dbgate,17.805,query,812559160,9,7.3301,42.8
31,dbgate,18.059,query,783264568,9,7.4860,62.2
31,dbgate,18.313,query,786279224,9,7.6472,62.8
31,dbgate,18.569,query,705424184,9,7.7607,44.7
31,dbgate,18.822,query,708389688,9,7.9098,58.0
31,dbgate,19.077,query,708373304,9,8.1363,90.4
31,dbgate,19.332,query,708291384,9,8.1786,16.4
31,dbgate,19.585,after-query,708291384,9,8.1943,6.2
31,dbgate,19.840,after-query,707275576,9,8.2128,7.1
31,dbgate,20.092,after-query,704834360,9,8.2285,6.2
31,dbgate,20.344,after-query,700640056,9,8.2414,5.1
31,dbgate,20.597,after-query,700640056,9,8.2550,5.4
31,dbgate,20.852,after-query,690219808,9,8.2751,7.8
31,dbgate,21.105,after-query,682863392,9,8.2917,6.7
31,dbgate,21.360,after-query,682912544,9,8.3058,5.4
31,dbgate,21.615,after-query,680815392,9,8.3291,9.1
31,dbgate,21.867,after-query,680799008,9,8.3428,5.5
31,dbgate,22.122,after-query,680782624,9,8.3578,5.9
31,dbgate,22.377,after-query,680766240,9,8.3711,5.1
31,dbgate,22.630,after-query,680782624,9,8.3901,7.5
31,dbgate,22.885,after-query,680766240,9,8.4013,4.4
31,dbgate,23.140,after-query,680749856,9,8.4143,5.1
31,dbgate,23.393,after-query,680749856,9,8.4275,5.2
31,dbgate,23.645,after-query,669690656,9,8.4454,7.2
31,dbgate,23.900,after-query,669674272,9,8.4595,5.5
32,dbeaver,0.255,launch,36520848,1,0.1922,
32,dbeaver,0.510,launch,96715808,1,0.8465,252.8
32,dbeaver,0.765,launch,130188392,1,1.5408,276.3
32,dbeaver,1.021,launch,162514024,1,2.2882,288.8
32,dbeaver,1.276,launch,190874968,1,2.9859,273.1
32,dbeaver,1.531,launch,235996576,1,3.7374,296.0
32,dbeaver,1.786,launch,256738720,1,4.2882,215.0
32,dbeaver,2.041,launch,273319328,1,5.0296,291.6
32,dbeaver,2.296,launch,283608480,1,5.9690,366.7
32,dbeaver,2.551,launch,316425680,1,6.9047,367.4
32,dbeaver,2.806,launch,326944208,1,7.7369,326.4
32,dbeaver,3.061,launch,335464344,1,8.3248,231.1
32,dbeaver,3.317,settle,837323440,2,9.2360,356.6
32,dbeaver,3.572,settle,916736688,2,10.1395,353.1
32,dbeaver,3.823,settle,995789488,2,10.3557,84.7
32,dbeaver,4.074,settle,1066715848,2,11.2110,347.9
32,dbeaver,4.329,settle,1064684232,2,11.2913,31.3
32,dbeaver,4.579,settle,985451208,2,11.3584,26.4
32,dbeaver,4.832,settle,824675016,2,11.3786,8.0
32,dbeaver,5.087,settle,784698056,2,11.3897,4.3
32,dbeaver,5.341,settle,725764808,2,11.4085,7.4
32,dbeaver,5.595,settle,719211208,2,11.4204,4.8
32,dbeaver,5.849,settle,719243976,2,11.4349,5.6
32,dbeaver,6.105,settle,719243976,2,11.4456,4.2
32,dbeaver,6.360,settle,719243976,2,11.4565,4.3
32,dbeaver,6.615,settle,719243976,2,11.4675,4.3
32,dbeaver,6.870,settle,719243976,2,11.4789,4.5
32,dbeaver,7.125,settle,719243976,2,11.4925,5.3
32,dbeaver,7.376,settle,719243976,2,11.5009,3.4
32,dbeaver,7.631,settle,719260360,2,11.5124,4.5
32,dbeaver,7.886,settle,719194824,2,11.5211,3.4
32,dbeaver,8.141,settle,719063752,2,11.5351,5.4
32,dbeaver,8.392,query,719047368,2,11.5426,3.1
32,dbeaver,8.646,query,718981832,2,11.5544,4.5
32,dbeaver,8.901,query,718981832,2,11.5606,2.5
32,dbeaver,9.152,query,719014600,2,11.5719,4.4
32,dbeaver,9.408,query,719030984,2,11.5837,4.7
32,dbeaver,9.663,query,719030984,2,11.5893,2.2
32,dbeaver,9.916,query,719030984,2,11.6025,5.2
32,dbeaver,10.171,query,719030984,2,11.6065,1.6
32,dbeaver,10.426,query,719030984,2,11.6224,6.2
32,dbeaver,10.681,query,718965448,2,11.6279,2.2
32,dbeaver,10.936,query,718965448,2,11.6380,3.9
32,dbeaver,11.192,query,718998216,2,11.6486,4.1
32,dbeaver,11.447,query,718998216,2,11.6661,6.8
32,dbeaver,11.702,query,718998216,2,11.6708,1.9
32,dbeaver,11.957,query,718998216,2,11.6771,2.5
32,dbeaver,12.208,query,718998216,2,11.6844,2.9
32,dbeaver,12.463,query,719014600,2,11.6953,4.2
32,dbeaver,12.715,query,719014600,2,11.7042,3.5
32,dbeaver,12.970,query,719014600,2,11.7106,2.5
32,dbeaver,13.224,query,719014600,2,11.7184,3.1
32,dbeaver,13.479,query,719194776,2,11.7633,17.3
32,dbeaver,13.733,query,757992088,2,11.8309,26.8
32,dbeaver,13.988,query,757992088,2,11.8380,2.7
32,dbeaver,14.243,query,757451416,2,11.9514,44.8
32,dbeaver,14.498,query,760367768,2,12.2068,99.7
32,dbeaver,14.754,query,759990936,2,12.2341,10.6
32,dbeaver,15.007,query,759990936,2,12.2509,6.8
32,dbeaver,15.259,query,760285848,2,12.2902,15.5
32,dbeaver,15.514,query,721816216,2,12.3038,5.3
32,dbeaver,15.769,query,719358616,2,12.3104,2.6
32,dbeaver,16.019,query,762825368,2,12.4220,44.3
32,dbeaver,16.274,query,901810864,2,13.2007,305.2
32,dbeaver,16.530,query,968182472,2,13.9345,284.6
32,dbeaver,16.785,query,967084744,2,14.1701,92.8
32,dbeaver,17.040,query,966380232,2,14.3360,65.0
32,dbeaver,17.295,query,925174472,2,14.3538,6.9
32,dbeaver,17.550,query,925010632,2,14.3724,7.3
32,dbeaver,17.805,query,735775456,2,14.4718,40.0
32,dbeaver,18.058,query,735988448,2,14.5728,39.6
32,dbeaver,18.313,query,736201440,2,14.6598,34.1
32,dbeaver,18.567,query,747621088,2,14.7609,40.0
32,dbeaver,18.822,query,742820576,2,14.8352,28.7
32,dbeaver,19.077,query,742886112,2,14.9120,30.1
32,dbeaver,19.332,query,742935264,2,15.0791,65.7
32,dbeaver,19.588,query,743115488,2,15.1913,44.0
32,dbeaver,19.843,query,743164640,2,15.3371,57.1
32,dbeaver,20.095,query,741067488,2,15.3792,16.7
32,dbeaver,20.350,query,741100256,2,15.4607,31.6
32,dbeaver,20.606,query,850348768,2,15.6602,78.7
32,dbeaver,20.860,query,848317152,2,15.7357,30.1
32,dbeaver,21.115,query,844139232,2,15.7978,24.1
32,dbeaver,21.370,query,844188384,2,15.8697,28.0
32,dbeaver,21.625,query,791284448,2,15.9266,22.4
32,dbeaver,21.881,query,732941024,2,15.9582,12.5
32,dbeaver,22.132,after-query,732941024,2,15.9638,2.2
32,dbeaver,22.383,after-query,732973792,2,15.9858,8.7
32,dbeaver,22.639,after-query,732973792,2,15.9924,2.6
32,dbeaver,22.894,after-query,721652448,2,16.0026,4.0
32,dbeaver,23.146,after-query,721652448,2,16.0129,4.1
32,dbeaver,23.399,after-query,721668832,2,16.0283,6.1
32,dbeaver,23.654,after-query,721586912,2,16.0336,2.1
32,dbeaver,23.909,after-query,721586912,2,16.0480,5.7
32,dbeaver,24.164,after-query,721685216,2,16.0608,5.0
32,dbeaver,24.419,after-query,721701600,2,16.0732,4.9
32,dbeaver,24.674,after-query,721701600,2,16.0793,2.5
32,dbeaver,24.927,after-query,721701600,2,16.0886,3.6
32,dbeaver,25.182,after-query,721554144,2,16.0990,4.1
32,dbeaver,25.437,after-query,721275616,2,16.1048,2.3
32,dbeaver,25.693,after-query,721144544,2,16.1136,3.4
32,dbeaver,25.944,after-query,721144544,2,16.1185,2.0
32,dbeaver,26.199,after-query,721160928,2,16.1316,5.0
32,dbeaver,26.451,after-query,721160928,2,16.1370,2.2
32,dbgate,0.251,launch,9569192,1,0.0999,
32,dbgate,0.506,launch,53087304,3,0.3833,109.7
32,dbgate,0.759,launch,87510160,3,0.6063,88.0
32,dbgate,1.014,settle,190665384,4,1.0257,164.3
32,dbgate,1.266,settle,356737112,7,1.6891,264.3
32,dbgate,1.521,settle,613377336,8,2.6480,374.9
32,dbgate,1.772,settle,618571064,8,2.7514,40.9
32,dbgate,2.027,settle,618751288,8,2.7894,15.0
32,dbgate,2.283,settle,619308344,8,2.8723,32.2
32,dbgate,2.538,settle,619291960,8,2.8907,7.2
32,dbgate,2.793,settle,606250296,8,2.9103,7.7
32,dbgate,3.049,settle,606250296,8,2.9278,6.8
32,dbgate,3.302,settle,606283064,8,2.9431,6.1
32,dbgate,3.555,settle,601417016,8,2.9580,5.9
32,dbgate,3.809,settle,590964024,8,2.9741,6.3
32,dbgate,4.064,settle,581625096,8,2.9890,5.9
32,dbgate,4.319,settle,581641480,8,3.0063,6.8
32,dbgate,4.574,settle,581625096,8,3.0198,5.3
32,dbgate,4.829,settle,581657864,8,3.0363,6.5
32,dbgate,5.084,settle,581657864,8,3.0551,7.3
32,dbgate,5.339,settle,581674248,8,3.0719,6.8
32,dbgate,5.594,settle,581657864,8,3.0849,5.0
32,dbgate,5.849,settle,581674248,8,3.1023,6.8
32,dbgate,6.105,query,581592328,8,3.1144,4.9
32,dbgate,6.360,query,560325896,8,3.1364,8.4
32,dbgate,6.615,query,560063752,8,3.1526,6.3
32,dbgate,6.870,query,523117832,8,3.1713,7.3
32,dbgate,7.123,query,523085064,8,3.1832,4.8
32,dbgate,7.374,query,485991688,8,3.1962,5.2
32,dbgate,7.629,query,485975304,8,3.2094,5.1
32,dbgate,7.881,query,485991688,8,3.2254,6.3
32,dbgate,8.136,query,485975304,8,3.2382,5.1
32,dbgate,8.391,query,486008072,8,3.2552,6.6
32,dbgate,8.646,query,485991688,8,3.2692,5.5
32,dbgate,8.901,query,486008072,8,3.2859,6.6
32,dbgate,9.156,query,485958920,8,3.2963,4.1
32,dbgate,9.407,query,486040840,8,3.3089,5.0
32,dbgate,9.659,query,486024456,8,3.3188,3.9
32,dbgate,9.915,query,486057224,8,3.3325,5.3
32,dbgate,10.166,query,486040840,8,3.3422,3.9
32,dbgate,10.421,query,486057224,8,3.3567,5.7
32,dbgate,10.674,query,486040840,8,3.3693,4.9
32,dbgate,10.929,query,486057224,8,3.3803,4.3
32,dbgate,11.182,query,486040840,8,3.3915,4.4
32,dbgate,11.438,query,486106376,8,3.4072,6.2
32,dbgate,11.693,query,486089992,8,3.4198,5.0
32,dbgate,11.945,query,545727752,8,3.4799,23.4
32,dbgate,12.199,query,602301704,8,3.5461,26.2
32,dbgate,12.454,query,602301704,8,3.5597,5.4
32,dbgate,12.710,query,602318088,8,3.5897,11.5
32,dbgate,12.965,query,604497352,9,3.6685,31.2
32,dbgate,13.216,query,668527008,9,3.9539,114.9
32,dbgate,13.468,query,741911088,9,4.2557,119.1
32,dbgate,13.723,query,742615600,9,4.2909,13.6
32,dbgate,13.978,query,742631984,9,4.3038,5.2
32,dbgate,14.233,query,764406320,9,4.5719,104.0
32,dbgate,14.486,query,772647520,9,4.7591,73.6
32,dbgate,14.740,query,775744096,9,5.0112,99.7
32,dbgate,14.991,query,787409504,9,5.2051,77.5
32,dbgate,15.241,query,794978936,9,5.3925,74.8
32,dbgate,15.493,query,809560720,9,5.5833,74.9
32,dbgate,15.748,query,815655568,9,5.7374,60.2
32,dbgate,15.999,query,822880912,9,5.9177,72.5
32,dbgate,16.254,query,827648656,9,6.0793,63.2
32,dbgate,16.506,query,832072336,9,6.2486,67.5
32,dbgate,16.762,query,835824272,9,6.4014,59.4
32,dbgate,17.017,query,838593168,9,6.5068,41.5
32,dbgate,17.272,query,828107408,9,6.7225,83.6
32,dbgate,17.523,query,828156560,9,6.8688,58.5
32,dbgate,17.778,query,828172944,9,6.9633,37.8
32,dbgate,18.033,query,798665360,9,7.1030,54.0
32,dbgate,18.288,query,800500368,9,7.2696,64.6
32,dbgate,18.541,query,692054672,9,7.3753,42.3
32,dbgate,18.794,query,692054672,9,7.5067,51.1
32,dbgate,19.049,query,692021904,9,7.6603,61.6
32,dbgate,19.303,query,691956368,9,7.7066,17.9
32,dbgate,19.558,after-query,691956368,9,7.7259,7.7
32,dbgate,19.811,after-query,691333776,9,7.7441,7.1
32,dbgate,20.066,after-query,691350160,9,7.7603,6.4
32,dbgate,20.317,after-query,686615184,9,7.7746,5.7
32,dbgate,20.568,after-query,686615184,9,7.7887,5.6
32,dbgate,20.819,after-query,676670072,9,7.8089,8.0
32,dbgate,21.074,after-query,666872440,9,7.8258,6.6
32,dbgate,21.328,after-query,666921592,9,7.8430,6.8
32,dbgate,21.583,after-query,666315384,9,7.8616,7.3
32,dbgate,21.835,after-query,666200696,9,7.8755,5.5
32,dbgate,22.091,after-query,664709752,9,7.8954,8.0
32,dbgate,22.345,after-query,664693368,9,7.9073,4.6
32,dbgate,22.601,after-query,664709752,9,7.9267,7.6
32,dbgate,22.854,after-query,664693368,9,7.9399,5.3
32,dbgate,23.109,after-query,664676984,9,7.9530,5.1
32,dbgate,23.364,after-query,664693368,9,7.9673,5.5
32,dbgate,23.619,after-query,664709752,9,7.9872,7.9
32,dbgate,23.874,after-query,664693368,9,8.0011,5.4
32,pgpad,0.252,launch,17056728,1,0.1321,
32,pgpad,0.507,settle,47778336,4,0.4001,103.4
32,pgpad,0.757,settle,49515136,4,0.4821,32.9
32,pgpad,1.010,settle,228986456,5,0.7768,115.8
32,pgpad,1.262,settle,228478552,5,0.7783,0.6
32,pgpad,1.517,settle,224562776,5,0.7877,3.7
32,pgpad,1.768,settle,220810840,5,0.8097,8.8
32,pgpad,2.022,settle,219024984,5,0.8149,2.0
32,pgpad,2.277,settle,157388376,5,0.8200,2.0
32,pgpad,2.528,settle,157060696,5,0.8210,0.4
32,pgpad,2.783,settle,156569176,5,0.8220,0.4
32,pgpad,3.038,settle,156569176,5,0.8226,0.2
32,pgpad,3.291,settle,156143192,5,0.8232,0.3
32,pgpad,3.541,settle,156094040,5,0.8236,0.2
32,pgpad,3.794,settle,156094040,5,0.8240,0.2
32,pgpad,4.049,settle,156094040,5,0.8243,0.1
32,pgpad,4.303,settle,156094040,5,0.8246,0.1
32,pgpad,4.559,settle,156094040,5,0.8249,0.1
32,pgpad,4.809,settle,156094040,5,0.8249,0.0
32,pgpad,5.064,settle,156094040,5,0.8249,0.0
32,pgpad,5.317,settle,155946584,5,0.8259,0.4
32,pgpad,5.568,query,155930200,5,0.8299,1.6
32,pgpad,5.823,query,155881048,5,0.8302,0.1
32,pgpad,6.078,query,155782744,5,0.8309,0.3
32,pgpad,6.333,query,155684440,5,0.8312,0.1
32,pgpad,6.589,query,155684440,5,0.8314,0.1
32,pgpad,6.844,query,155635288,5,0.8319,0.2
32,pgpad,7.099,query,155635288,5,0.8320,0.0
32,pgpad,7.352,query,155586136,5,0.8322,0.1
32,pgpad,7.604,query,155586136,5,0.8322,0.0
32,pgpad,7.859,query,155586136,5,0.8322,0.0
32,pgpad,8.115,query,155586136,5,0.8322,0.0
32,pgpad,8.370,query,155586136,5,0.8322,0.0
32,pgpad,8.625,query,155586136,5,0.8322,0.0
32,pgpad,8.876,query,155487832,5,0.8425,4.1
32,pgpad,9.131,query,155487832,5,0.8465,1.6
32,pgpad,9.385,query,155487832,5,0.8478,0.5
32,pgpad,9.638,query,155487832,5,0.8488,0.4
32,pgpad,9.890,query,155487832,5,0.8492,0.1
32,pgpad,10.145,query,155471448,5,0.8499,0.3
32,pgpad,10.400,query,155471448,5,0.8501,0.1
32,pgpad,10.651,query,224906840,5,0.8870,14.9
32,pgpad,10.906,query,285953720,5,0.9993,43.4
32,pgpad,11.162,query,278335160,5,1.0020,1.1
32,pgpad,11.414,query,278286008,5,1.0092,2.8
32,pgpad,11.669,query,278154936,5,1.0107,0.6
32,pgpad,11.924,query,242650808,5,1.0673,22.0
32,pgpad,12.180,query,246026512,6,1.1998,52.3
32,pgpad,12.435,query,246698256,6,1.2254,9.9
32,pgpad,12.685,query,246288656,6,1.2285,1.3
32,pgpad,12.939,query,262197568,6,1.2832,21.4
32,pgpad,13.192,query,261116224,6,1.2854,0.9
32,pgpad,13.447,query,261247296,6,1.3045,7.3
32,pgpad,13.702,query,261329216,6,1.3294,9.9
32,pgpad,13.955,query,219828544,6,1.3327,1.3
32,pgpad,14.211,query,262213952,6,1.3733,15.6
32,pgpad,14.466,query,364122480,6,1.6418,105.4
32,pgpad,14.717,query,353522032,6,1.6448,1.2
32,pgpad,14.972,query,351113584,6,1.6573,4.9
32,pgpad,15.227,query,350425456,6,1.6603,1.1
32,pgpad,15.483,query,279187824,6,1.6746,5.6
32,pgpad,15.738,query,257200496,6,1.6783,1.4
32,pgpad,15.991,query,257216880,6,1.6853,2.8
32,pgpad,16.246,query,345477488,6,1.7166,12.3
32,pgpad,16.498,query,391729544,6,1.7901,29.1
32,pgpad,16.750,query,396743048,6,1.8141,9.5
32,pgpad,17.005,query,397398408,6,1.8914,30.4
32,pgpad,17.256,query,403526024,6,1.9186,10.8
32,pgpad,17.510,query,398152072,6,1.9907,28.7
32,pgpad,17.763,query,397545888,6,1.9933,1.0
32,pgpad,18.018,query,404132256,6,2.0224,11.4
32,pgpad,18.269,after-query,384749984,6,2.0844,25.1
32,pgpad,18.524,after-query,374362528,6,2.0866,0.9
32,pgpad,18.779,after-query,374313376,6,2.0912,1.8
32,pgpad,19.034,after-query,373756320,6,2.0936,1.0
32,pgpad,19.289,after-query,340382112,6,2.0959,0.9
32,pgpad,19.542,after-query,257544608,6,2.0968,0.4
32,pgpad,19.797,after-query,257479072,6,2.0978,0.4
32,pgpad,20.048,after-query,257479072,6,2.0985,0.3
32,pgpad,20.303,after-query,257446304,6,2.0992,0.3
32,pgpad,20.558,after-query,257348000,6,2.1000,0.3
32,pgpad,20.814,after-query,257266080,6,2.1009,0.3
32,pgpad,21.069,after-query,257298848,6,2.1061,2.1
32,pgpad,21.321,after-query,257298848,6,2.1064,0.1
32,pgpad,21.576,after-query,257249696,6,2.1072,0.3
32,pgpad,21.831,after-query,257200544,6,2.1084,0.5
32,pgpad,22.084,after-query,257200544,6,2.1091,0.3
32,pgpad,22.335,after-query,257200544,6,2.1097,0.3
32,pgpad,22.590,after-query,257200544,6,2.1101,0.1
32,pgpad,22.842,after-query,257151392,6,2.1105,0.1
32,pgpad,23.097,after-query,257151392,6,2.1105,0.0
32,pgpad,23.353,after-query,257151392,6,2.1105,0.0
32,pgpad,23.605,after-query,257151392,6,2.1105,0.0
32,pgadmin,0.255,launch,9995248,1,0.1073,
32,pgadmin,0.510,launch,40699896,3,0.3092,78.3
32,pgadmin,0.765,launch,126735496,5,0.7722,181.8
32,pgadmin,1.020,launch,158897336,5,1.0188,96.5
32,pgadmin,1.274,launch,169514192,5,1.2440,88.8
32,pgadmin,1.528,launch,178853096,5,1.4728,90.1
32,pgadmin,1.783,launch,189699328,5,1.6914,85.8
32,pgadmin,2.038,launch,205919488,5,1.9319,93.8
32,pgadmin,2.293,launch,218764544,5,2.1652,91.6
32,pgadmin,2.548,launch,227972376,5,2.4012,92.4
32,pgadmin,2.799,launch,250746592,6,2.8276,170.7
32,pgadmin,3.054,launch,237212976,5,2.8461,87.8
32,pgadmin,3.307,launch,244585776,5,3.0824,94.5
32,pgadmin,3.557,launch,254055728,5,3.3305,97.5
32,pgadmin,3.812,launch,264049968,5,3.5693,93.6
32,pgadmin,4.067,launch,264787248,5,3.6330,24.7
32,pgadmin,4.323,launch,267146544,5,3.6854,20.8
32,pgadmin,4.574,settle,344937992,5,4.0845,193.1
32,pgadmin,4.829,settle,468047488,5,4.4320,135.9
32,pgadmin,5.084,settle,500143816,5,4.8092,148.4
32,pgadmin,5.340,settle,669079480,5,5.3654,218.0
32,pgadmin,5.592,settle,674420928,5,5.6662,117.7
32,pgadmin,5.847,settle,693229808,5,5.9037,94.3
32,pgadmin,6.102,settle,766171400,5,6.1511,95.2
32,pgadmin,6.357,settle,767187400,6,6.2185,27.1
32,pgadmin,6.612,settle,778181520,6,6.3294,43.2
32,pgadmin,6.867,settle,778230648,6,6.3633,13.3
32,pgadmin,7.123,settle,774019960,6,6.3973,13.4
32,pgadmin,7.378,settle,763337616,6,6.4400,16.7
32,pgadmin,7.629,settle,744053648,6,6.4747,13.7
32,pgadmin,7.885,settle,744119184,6,6.5082,13.3
32,pgadmin,8.140,settle,746953616,6,6.5722,25.0
32,pgadmin,8.392,settle,747051920,6,6.5986,10.4
32,pgadmin,8.644,settle,747182992,6,6.6388,15.8
32,pgadmin,8.897,settle,747248528,6,6.6703,12.5
32,pgadmin,9.152,settle,747363216,6,6.7063,14.1
32,pgadmin,9.408,settle,747412368,6,6.7348,11.4
32,pgadmin,9.659,query,747510672,6,6.7555,8.3
32,pgadmin,9.913,query,747608976,6,6.7854,11.5
32,pgadmin,10.168,query,751115152,6,6.8674,32.6
32,pgadmin,10.423,query,751115152,6,6.8916,9.4
32,pgadmin,10.678,query,751328144,6,6.9265,13.7
32,pgadmin,10.931,query,751442832,6,6.9539,10.7
32,pgadmin,11.185,query,625990544,6,6.9984,17.5
32,pgadmin,11.440,query,626105232,6,7.0237,10.0
32,pgadmin,11.695,query,626121616,6,7.0560,12.8
32,pgadmin,11.950,query,628956072,6,7.1163,23.4
32,pgadmin,12.201,query,629152680,6,7.1448,11.5
32,pgadmin,12.456,query,629283752,6,7.1748,11.7
32,pgadmin,12.711,query,629431208,6,7.2048,12.1
32,pgadmin,12.966,query,629578664,6,7.2272,8.7
32,pgadmin,13.221,query,629742504,6,7.2491,8.6
32,pgadmin,13.476,query,629873576,6,7.2739,9.7
32,pgadmin,13.732,query,630021032,6,7.3003,10.4
32,pgadmin,13.986,query,641457064,6,7.5715,107.3
32,pgadmin,14.239,query,641457064,6,7.5944,9.0
32,pgadmin,14.491,query,641473448,6,7.6192,9.8
32,pgadmin,14.746,query,641555368,6,7.6499,12.2
32,pgadmin,14.998,query,641653672,6,7.6721,8.7
32,pgadmin,15.253,query,641702824,6,7.6932,8.4
32,pgadmin,15.508,query,641719208,6,7.7133,7.9
32,pgadmin,15.763,query,670899112,6,7.7808,26.5
32,pgadmin,16.017,query,708647824,6,8.0000,84.5
32,pgadmin,16.272,query,709335952,6,8.0388,15.2
32,pgadmin,16.528,query,709335952,6,8.0620,9.1
32,pgadmin,16.783,query,709352336,6,8.0840,8.7
32,pgadmin,17.038,query,709385104,6,8.1023,7.2
32,pgadmin,17.291,query,707287952,6,8.1235,8.2
32,pgadmin,17.547,query,801840040,6,8.3658,96.9
32,pgadmin,17.802,query,818551720,6,8.5639,77.2
32,pgadmin,18.057,query,820648872,6,8.6841,47.2
32,pgadmin,18.312,query,823204776,6,8.7887,41.0
32,pgadmin,18.567,query,832150464,6,8.9807,75.6
32,pgadmin,18.819,query,838491072,6,9.1235,56.5
32,pgadmin,19.071,query,839900096,6,9.1937,28.1
32,pgadmin,19.327,query,849288128,6,9.4044,81.9
32,pgadmin,19.582,query,856251328,6,9.5358,51.5
32,pgadmin,19.837,query,862378944,6,9.7004,63.8
32,pgadmin,20.088,query,870210520,6,9.8628,65.4
32,pgadmin,20.342,query,872127448,6,9.9439,31.9
32,pgadmin,20.597,query,876059608,6,10.0887,56.5
32,pgadmin,20.848,query,885971928,6,10.2825,77.4
32,pgadmin,21.102,query,887544792,6,10.4499,65.7
32,pgadmin,21.356,query,881335256,6,10.8175,144.0
32,pgadmin,21.611,query,881794008,6,10.9694,60.0
32,pgadmin,21.866,query,881843160,6,11.0253,21.8
32,pgadmin,22.121,query,883104728,6,11.2355,82.6
32,pgadmin,22.376,query,884267992,6,11.3658,51.3
32,pgadmin,22.630,query,869882840,6,11.4563,35.8
32,pgadmin,22.884,query,867408856,6,11.4784,8.7
32,pgadmin,23.134,after-query,867408856,6,11.4994,8.2
32,pgadmin,23.385,after-query,867408856,6,11.5226,9.2
32,pgadmin,23.639,after-query,867408856,6,11.5428,8.0
32,pgadmin,23.891,after-query,840932288,6,11.5688,10.3
32,pgadmin,24.147,after-query,840948672,6,11.6209,20.3
32,pgadmin,24.402,after-query,840948672,6,11.6422,8.4
32,pgadmin,24.652,after-query,840981440,6,11.6664,9.7
32,pgadmin,24.906,after-query,834640832,6,11.6917,10.0
32,pgadmin,25.161,after-query,834640832,6,11.7156,9.4
32,pgadmin,25.416,after-query,834640832,6,11.7320,6.5
32,pgadmin,25.667,after-query,834657216,6,11.7566,9.7
32,pgadmin,25.921,after-query,834657216,6,11.7786,8.6
32,pgadmin,26.175,after-query,808082368,6,11.8300,20.1
32,pgadmin,26.426,after-query,808016832,6,11.8492,7.7
32,pgadmin,26.677,after-query,808016832,6,11.8688,7.8
32,pgadmin,26.932,after-query,808016832,6,11.8856,6.6
32,pgadmin,27.187,after-query,808016832,6,11.9083,8.9
32,pgadmin,27.444,after-query,808000448,6,11.9304,8.8
33,dbgate,0.255,launch,33686752,1,0.1435,
33,dbgate,0.510,launch,82185336,3,0.4773,129.1
33,dbgate,0.765,settle,126718464,4,0.7914,124.6
33,dbgate,1.017,settle,242815704,4,1.1552,142.2
33,dbgate,1.272,settle,558080376,7,2.0581,361.2
33,dbgate,1.527,settle,611427688,8,2.7276,258.1
33,dbgate,1.782,settle,613541224,8,2.7647,14.3
33,dbgate,2.037,settle,613786984,8,2.8085,17.5
33,dbgate,2.291,settle,613983592,8,2.8591,19.6
33,dbgate,2.546,settle,599860584,8,2.9087,19.3
33,dbgate,2.798,settle,597255528,8,2.9404,12.8
33,dbgate,3.049,settle,607364456,8,3.0199,31.4
33,dbgate,3.300,settle,607364456,8,3.0372,6.9
33,dbgate,3.556,settle,607348072,8,3.0532,6.2
33,dbgate,3.811,settle,607397224,8,3.0740,8.2
33,dbgate,4.066,settle,607380840,8,3.0882,5.4
33,dbgate,4.321,settle,602678632,8,3.1049,6.7
33,dbgate,4.576,settle,592668008,8,3.1196,5.8
33,dbgate,4.832,settle,581723472,8,3.1376,7.0
33,dbgate,5.085,settle,581707088,8,3.1496,4.7
33,dbgate,5.336,settle,581723472,8,3.1664,6.7
33,dbgate,5.591,settle,581690704,8,3.1805,5.5
33,dbgate,5.846,query,581657936,8,3.1968,6.7
33,dbgate,6.098,query,581641552,8,3.2064,3.8
33,dbgate,6.353,query,543221072,8,3.2313,9.6
33,dbgate,6.608,query,543024464,8,3.2454,5.6
33,dbgate,6.863,query,520840528,8,3.2639,7.1
33,dbgate,7.118,query,520824144,8,3.2733,3.7
33,dbgate,7.374,query,520824144,8,3.2908,6.7
33,dbgate,7.629,query,520840528,8,3.3035,5.0
33,dbgate,7.880,query,520856912,8,3.3210,7.0
33,dbgate,8.135,query,489268560,8,3.3348,5.4
33,dbgate,8.390,query,489268560,8,3.3526,7.1
33,dbgate,8.645,query,489268560,8,3.3646,4.7
33,dbgate,8.901,query,489284944,8,3.3845,7.8
33,dbgate,9.154,query,486057296,8,3.3963,4.8
33,dbgate,9.409,query,486057296,8,3.4128,6.4
33,dbgate,9.663,query,486057296,8,3.4206,3.1
33,dbgate,9.918,query,486073680,8,3.4328,4.8
33,dbgate,10.173,query,486057296,8,3.4416,3.4
33,dbgate,10.427,query,486057296,8,3.4600,7.3
33,dbgate,10.679,query,486057296,8,3.4669,2.7
33,dbgate,10.934,query,486057296,8,3.4844,6.8
33,dbgate,11.189,query,486057296,8,3.4950,4.2
33,dbgate,11.444,query,486057296,8,3.5155,8.0
33,dbgate,11.695,query,548922704,8,3.5673,20.7
33,dbgate,11.950,query,549135696,8,3.5909,9.1
33,dbgate,12.205,query,605562192,8,3.6515,23.6
33,dbgate,12.455,query,605611344,8,3.6688,7.0
33,dbgate,12.708,query,606381392,8,3.7007,12.5
33,dbgate,12.963,query,653060560,9,3.9746,109.3
33,dbgate,13.216,query,681241160,9,4.2839,120.0
33,dbgate,13.472,query,733244000,9,4.4119,49.2
33,dbgate,13.727,query,733407840,9,4.4364,9.7
33,dbgate,13.980,query,738077280,9,4.5564,48.0
33,dbgate,14.234,query,757541520,9,4.8342,109.7
33,dbgate,14.486,query,768060048,9,5.0693,92.7
33,dbgate,14.739,query,778201768,9,5.2820,84.7
33,dbgate,14.994,query,789244608,9,5.5341,98.3
33,dbgate,15.244,query,807037656,9,5.7700,95.8
33,dbgate,15.496,query,811281112,9,5.9683,77.5
33,dbgate,15.751,query,822061784,9,6.1531,73.3
33,dbgate,16.006,query,826403544,9,6.3460,75.0
33,dbgate,16.261,query,830204632,9,6.4781,51.3
33,dbgate,16.512,query,836365040,9,6.6399,64.5
33,dbgate,16.767,query,840362736,9,6.7833,56.1
33,dbgate,17.022,query,830860016,9,6.8926,43.4
33,dbgate,17.277,query,834956016,9,7.0388,56.5
33,dbgate,17.529,query,837135088,9,7.1387,39.8
33,dbgate,17.782,query,812165872,9,7.3697,91.8
33,dbgate,18.037,query,811920112,9,7.5198,59.1
33,dbgate,18.289,query,776252144,9,7.6231,40.4
33,dbgate,18.545,query,732654320,9,7.8001,69.9
33,dbgate,18.796,query,732670704,9,7.9265,50.0
33,dbgate,19.051,query,732097264,9,8.0361,42.8
33,dbgate,19.304,after-query,731622128,9,8.0547,7.5
33,dbgate,19.558,after-query,731081456,9,8.0710,6.4
33,dbgate,19.813,after-query,731065072,9,8.0836,4.9
33,dbgate,20.068,after-query,728607472,9,8.0995,6.2
33,dbgate,20.321,after-query,723888880,9,8.1123,5.1
33,dbgate,20.575,after-query,723905264,9,8.1276,6.1
33,dbgate,20.830,after-query,705931992,9,8.1444,6.5
33,dbgate,21.085,after-query,705997528,9,8.1669,8.8
33,dbgate,21.341,after-query,705997528,9,8.1835,6.5
33,dbgate,21.596,after-query,703769304,9,8.2078,9.6
33,dbgate,21.851,after-query,703752920,9,8.2216,5.4
33,dbgate,22.104,after-query,703720152,9,8.2375,6.5
33,dbgate,22.360,after-query,703720152,9,8.2503,4.9
33,dbgate,22.612,after-query,692660952,9,8.2679,6.9
33,dbgate,22.866,after-query,692628184,9,8.2849,6.7
33,dbgate,23.122,after-query,692611800,9,8.2980,5.1
33,dbgate,23.375,after-query,692644568,9,8.3128,5.9
33,dbgate,23.630,after-query,692644568,9,8.3294,6.6
33,dbgate,23.882,after-query,692660952,9,8.3424,5.2
33,pgadmin,0.252,launch,9929688,1,0.1123,
33,pgadmin,0.504,launch,53628096,3,0.3978,111.3
33,pgadmin,0.759,launch,148984968,5,0.8123,162.6
33,pgadmin,1.015,launch,160994464,5,1.0455,91.8
33,pgadmin,1.270,launch,171037904,5,1.2687,87.4
33,pgadmin,1.525,launch,179836112,5,1.5005,90.9
33,pgadmin,1.780,launch,193402088,5,1.7194,86.2
33,pgadmin,2.035,launch,202511592,5,1.9587,93.4
33,pgadmin,2.290,launch,214521064,5,2.2005,94.3
33,pgadmin,2.545,launch,228480640,6,2.4425,95.4
33,pgadmin,2.799,launch,253138632,6,2.9236,188.5
33,pgadmin,3.053,launch,238540056,5,2.8838,89.5
33,pgadmin,3.308,launch,248517912,5,3.1218,93.7
33,pgadmin,3.564,launch,258544944,5,3.3745,98.9
33,pgadmin,3.819,launch,265508144,5,3.5773,79.4
33,pgadmin,4.069,launch,265508144,5,3.5773,0.0
33,pgadmin,4.323,settle,268211048,5,3.6784,71.2
33,pgadmin,4.578,settle,426268240,5,4.1981,220.9
33,pgadmin,4.834,settle,469669504,5,4.4905,115.9
33,pgadmin,5.085,settle,601085856,5,5.0720,228.8
33,pgadmin,5.339,settle,763598848,5,5.4372,145.2
33,pgadmin,5.594,settle,702765152,5,5.7879,136.9
33,pgadmin,5.849,settle,806050008,5,6.1131,127.1
33,pgadmin,6.102,settle,806836440,5,6.1403,10.8
33,pgadmin,6.357,settle,814308096,6,6.2623,48.2
33,pgadmin,6.612,settle,817879832,6,6.3158,20.5
33,pgadmin,6.867,settle,810228504,6,6.3478,12.9
33,pgadmin,7.122,settle,808229656,6,6.3812,12.8
33,pgadmin,7.373,settle,795155224,6,6.4173,14.6
33,pgadmin,7.629,settle,764189464,6,6.4550,14.6
33,pgadmin,7.884,settle,764500760,6,6.5183,25.0
33,pgadmin,8.139,settle,764582680,6,6.5491,12.1
33,pgadmin,8.391,settle,764664600,6,6.5771,11.0
33,pgadmin,8.643,settle,764746520,6,6.6147,14.9
33,pgadmin,8.894,settle,764861208,6,6.6420,10.9
33,pgadmin,9.150,settle,764959512,6,6.6752,13.1
33,pgadmin,9.405,query,765025048,6,6.7023,10.9
33,pgadmin,9.657,query,765106968,6,6.7268,9.6
33,pgadmin,9.907,query,766679832,6,6.8052,31.2
33,pgadmin,10.162,query,766827288,6,6.8349,11.4
33,pgadmin,10.418,query,766892824,6,6.8667,12.6
33,pgadmin,10.671,query,767073048,6,6.8981,12.5
33,pgadmin,10.926,query,669342488,6,6.9391,16.1
33,pgadmin,11.181,query,624368408,6,6.9718,12.6
33,pgadmin,11.437,query,624450328,6,7.0000,11.2
33,pgadmin,11.692,query,624565016,6,7.0288,11.3
33,pgadmin,11.947,query,624843544,6,7.0813,20.7
33,pgadmin,12.202,query,624991000,6,7.1137,12.5
33,pgadmin,12.457,query,625122072,6,7.1413,10.9
33,pgadmin,12.707,query,625269528,6,7.1652,9.7
33,pgadmin,12.960,query,625400600,6,7.1869,8.5
33,pgadmin,13.215,query,625548056,6,7.2086,8.5
33,pgadmin,13.469,query,625711896,6,7.2364,11.0
33,pgadmin,13.723,query,625859352,6,7.2605,9.5
33,pgadmin,13.975,query,627989296,6,7.3130,21.0
33,pgadmin,14.230,query,628120368,6,7.3373,9.5
33,pgadmin,14.485,query,628333360,6,7.3636,10.4
33,pgadmin,14.738,query,628464432,6,7.3923,11.2
33,pgadmin,14.990,query,628595504,6,7.4187,10.5
33,pgadmin,15.245,query,628742960,6,7.4431,9.7
33,pgadmin,15.498,query,628890416,6,7.4660,9.0
33,pgadmin,15.752,query,719690568,6,7.6513,73.5
33,pgadmin,16.007,query,746380104,6,8.0369,148.0
33,pgadmin,16.259,query,747051848,6,8.0771,16.0
33,pgadmin,16.520,query,747051848,6,8.0995,8.7
33,pgadmin,16.775,query,747084616,6,8.1194,7.8
33,pgadmin,17.026,query,744987464,6,8.1382,7.5
33,pgadmin,17.281,query,742759240,6,8.1586,7.9
33,pgadmin,17.535,query,806427488,6,8.4282,107.3
33,pgadmin,17.789,query,808377184,6,8.6244,77.7
33,pgadmin,18.044,query,819354440,6,8.7628,54.2
33,pgadmin,18.299,query,823745352,6,8.8996,53.5
33,pgadmin,18.553,query,833002360,6,9.0390,55.0
33,pgadmin,18.808,query,841210744,6,9.2284,74.2
33,pgadmin,19.062,query,842242936,6,9.2804,20.5
33,pgadmin,19.312,query,858315640,6,9.5016,87.8
33,pgadmin,19.565,query,864787320,6,9.6173,45.5
33,pgadmin,19.820,query,879795064,6,9.8240,81.1
33,pgadmin,20.074,query,882187128,6,9.9791,62.3
33,pgadmin,20.328,query,889133968,6,10.0528,28.7
33,pgadmin,20.584,query,894229392,6,10.2035,58.7
33,pgadmin,20.836,query,899800000,6,10.3902,74.5
33,pgadmin,21.091,query,905649088,6,10.5661,68.9
33,pgadmin,21.344,query,910564288,6,10.6796,44.6
33,pgadmin,21.599,query,920198080,6,10.8348,61.4
33,pgadmin,21.852,query,926538688,6,10.9265,35.9
33,pgadmin,22.103,query,933010392,6,11.0847,63.2
33,pgadmin,22.356,query,942021592,6,11.2084,48.5
33,pgadmin,22.611,query,944036824,6,11.2924,33.2
33,pgadmin,22.864,query,941611992,6,11.3187,10.4
33,pgadmin,23.120,after-query,941710296,6,11.3405,8.5
33,pgadmin,23.374,after-query,941792216,6,11.3621,8.5
33,pgadmin,23.629,after-query,941841368,6,11.3845,8.7
33,pgadmin,23.884,after-query,915758040,6,11.4402,22.1
33,pgadmin,24.137,after-query,915839960,6,11.4594,7.6
33,pgadmin,24.393,after-query,915905496,6,11.4822,8.8
33,pgadmin,24.648,after-query,916020184,6,11.5070,9.9
33,pgadmin,24.903,after-query,914480088,6,11.5313,9.3
33,pgadmin,25.158,after-query,914562008,6,11.5510,7.7
33,pgadmin,25.412,after-query,914627544,6,11.5751,9.6
33,pgadmin,25.667,after-query,914709464,6,11.6034,11.0
33,pgadmin,25.920,after-query,891214808,6,11.6606,22.6
33,pgadmin,26.172,after-query,891280344,6,11.6846,9.5
33,pgadmin,26.423,after-query,891313112,6,11.7056,8.4
33,pgadmin,26.677,after-query,891395032,6,11.7266,8.3
33,pgadmin,26.928,after-query,891444184,6,11.7475,8.3
33,pgadmin,27.178,after-query,891509720,6,11.7647,7.0
33,pgadmin,27.433,after-query,871783384,6,11.7810,6.5
33,pgpad,0.254,launch,17712088,1,0.1348,
33,pgpad,0.509,settle,48548408,4,0.3985,90.0
33,pgpad,0.764,settle,50956976,4,0.4893,35.7
33,pgpad,1.019,settle,232754848,5,0.7961,119.7
33,pgpad,1.275,settle,232541856,5,0.7981,0.8
33,pgpad,1.530,settle,228986528,5,0.8053,2.8
33,pgpad,1.785,settle,225054368,5,0.8267,8.5
33,pgpad,2.039,settle,224005792,5,0.8336,2.6
33,pgpad,2.291,settle,158715552,5,0.8379,1.8
33,pgpad,2.545,settle,157879968,5,0.8392,0.5
33,pgpad,2.798,settle,157716128,5,0.8402,0.4
33,pgpad,3.053,settle,157716128,5,0.8407,0.2
33,pgpad,3.308,settle,157683360,5,0.8414,0.3
33,pgpad,3.564,settle,157650592,5,0.8418,0.2
33,pgpad,3.815,settle,157650592,5,0.8422,0.2
33,pgpad,4.068,settle,157650592,5,0.8426,0.1
33,pgpad,4.324,settle,157650592,5,0.8430,0.2
33,pgpad,4.579,settle,157650592,5,0.8432,0.1
33,pgpad,4.834,settle,157650592,5,0.8432,0.0
33,pgpad,5.088,settle,157650592,5,0.8432,0.0
33,pgpad,5.343,settle,157650592,5,0.8435,0.1
33,pgpad,5.597,query,157355680,5,0.8498,2.5
33,pgpad,5.852,query,157355680,5,0.8502,0.2
33,pgpad,6.104,query,157240992,5,0.8511,0.3
33,pgpad,6.355,query,157240992,5,0.8512,0.0
33,pgpad,6.610,query,157175456,5,0.8516,0.2
33,pgpad,6.861,query,157175456,5,0.8517,0.1
33,pgpad,7.112,query,157077152,5,0.8521,0.1
33,pgpad,7.368,query,157077152,5,0.8521,0.0
33,pgpad,7.619,query,156929696,5,0.8522,0.0
33,pgpad,7.874,query,156929696,5,0.8522,0.0
33,pgpad,8.129,query,156929696,5,0.8522,0.0
33,pgpad,8.385,query,156929696,5,0.8522,0.0
33,pgpad,8.637,query,156929696,5,0.8523,0.0
33,pgpad,8.887,query,156700320,5,0.8631,4.4
33,pgpad,9.139,query,156700320,5,0.8671,1.6
33,pgpad,9.394,query,156700320,5,0.8682,0.4
33,pgpad,9.649,query,156700320,5,0.8693,0.4
33,pgpad,9.904,query,156700320,5,0.8696,0.1
33,pgpad,10.158,query,156700320,5,0.8703,0.3
33,pgpad,10.412,query,156700320,5,0.8705,0.1
33,pgpad,10.666,query,230608568,5,0.9063,14.1
33,pgpad,10.921,query,284167936,5,1.0242,45.7
33,pgpad,11.176,query,283774720,5,1.0285,1.7
33,pgpad,11.426,query,283758336,5,1.0325,1.6
33,pgpad,11.677,query,283594496,5,1.0343,0.7
33,pgpad,11.928,query,293637888,5,1.0918,22.9
33,pgpad,12.183,query,252416344,6,1.2264,52.6
33,pgpad,12.436,query,265949528,6,1.2528,10.4
33,pgpad,12.691,query,266244440,6,1.2658,5.1
33,pgpad,12.946,query,268095832,6,1.3097,17.2
33,pgpad,13.201,query,268046680,6,1.3127,1.1
33,pgpad,13.453,query,267080024,6,1.3363,9.4
33,pgpad,13.708,query,267194712,6,1.3655,11.6
33,pgpad,13.963,query,226726232,6,1.3696,1.6
33,pgpad,14.216,query,296538504,6,1.4956,50.4
33,pgpad,14.470,query,364335568,6,1.6404,56.9
33,pgpad,14.724,query,349131216,6,1.6423,0.7
33,pgpad,14.980,query,347132368,6,1.6562,5.5
33,pgpad,15.235,query,346526160,6,1.6575,0.5
33,pgpad,15.490,query,294048208,6,1.6672,3.8
33,pgpad,15.745,query,261624272,6,1.6720,1.9
33,pgpad,16.000,query,261591504,6,1.6836,4.5
33,pgpad,16.253,query,342397392,6,1.7241,16.1
33,pgpad,16.509,query,387863016,6,1.7864,24.3
33,pgpad,16.764,query,387961320,6,1.8111,9.8
33,pgpad,17.016,query,388698600,6,1.8796,26.9
33,pgpad,17.271,query,388567528,6,1.9029,9.2
33,pgpad,17.526,query,389370344,6,1.9712,27.2
33,pgpad,17.782,query,389337576,6,1.9740,1.1
33,pgpad,18.037,query,389861864,6,2.0308,22.5
33,pgpad,18.291,after-query,375919080,6,2.0644,13.4
33,pgpad,18.544,after-query,375886312,6,2.0683,1.5
33,pgpad,18.795,after-query,375706088,6,2.0717,1.4
33,pgpad,19.046,after-query,374739432,6,2.0734,0.7
33,pgpad,19.300,after-query,271503848,6,2.0765,1.2
33,pgpad,19.552,after-query,261329384,6,2.0781,0.6
33,pgpad,19.807,after-query,261313024,6,2.0790,0.4
33,pgpad,20.062,after-query,261313024,6,2.0800,0.4
33,pgpad,20.317,after-query,261280256,6,2.0805,0.2
33,pgpad,20.570,after-query,261198336,6,2.0811,0.2
33,pgpad,20.826,after-query,261100032,6,2.0819,0.3
33,pgpad,21.078,after-query,261149184,6,2.0872,2.1
33,pgpad,21.333,after-query,261149184,6,2.0878,0.2
33,pgpad,21.588,after-query,261100032,6,2.0885,0.3
33,pgpad,21.843,after-query,261116416,6,2.0896,0.4
33,pgpad,22.098,after-query,261116416,6,2.0905,0.4
33,pgpad,22.353,after-query,261116416,6,2.0912,0.2
33,pgpad,22.604,after-query,261116416,6,2.0915,0.1
33,pgpad,22.858,after-query,261116416,6,2.0915,0.0
33,pgpad,23.112,after-query,261116416,6,2.0915,0.0
33,pgpad,23.366,after-query,260936192,6,2.0922,0.3
33,dbeaver,0.254,launch,22217616,1,0.1204,
33,dbeaver,0.507,launch,67306456,1,0.5614,172.2
33,dbeaver,0.760,launch,106300424,1,1.1466,231.1
33,dbeaver,1.015,launch,139281488,1,1.6992,217.3
33,dbeaver,1.270,launch,159106128,1,2.3333,248.5
33,dbeaver,1.525,launch,180815168,1,2.9515,242.4
33,dbeaver,1.779,launch,221660552,1,3.6300,267.5
33,dbeaver,2.031,launch,254182816,1,4.1487,205.8
33,dbeaver,2.286,launch,267634080,1,4.7572,237.7
33,dbeaver,2.541,launch,278070688,1,5.5150,297.2
33,dbeaver,2.793,launch,293111224,1,6.5174,400.3
33,dbeaver,3.045,launch,311018960,1,7.2551,292.0
33,dbeaver,3.300,launch,317523528,1,7.9234,265.3
33,dbeaver,3.555,launch,528304168,1,8.7054,300.8
33,dbeaver,3.806,settle,843008736,2,9.6301,367.7
33,dbeaver,4.061,settle,951306952,2,10.4693,333.3
33,dbeaver,4.314,settle,1002343112,2,10.6653,76.9
33,dbeaver,4.569,settle,1073662664,2,11.4243,298.1
33,dbeaver,4.824,settle,1074940616,2,11.4679,16.8
33,dbeaver,5.080,settle,1049496264,2,11.4972,11.5
33,dbeaver,5.332,settle,891488968,2,11.5183,8.4
33,dbeaver,5.588,settle,850889416,2,11.5280,3.8
33,dbeaver,5.843,settle,786107080,2,11.5432,5.9
33,dbeaver,6.098,settle,727714504,2,11.5529,3.8
33,dbeaver,6.349,settle,727714504,2,11.5753,8.9
33,dbeaver,6.602,settle,727730888,2,11.5841,3.5
33,dbeaver,6.856,settle,727812808,2,11.6068,8.9
33,dbeaver,7.111,settle,727812808,2,11.6150,3.2
33,dbeaver,7.366,settle,727911112,2,11.6350,7.9
33,dbeaver,7.621,settle,727911112,2,11.6434,3.2
33,dbeaver,7.877,settle,727911112,2,11.6542,4.3
33,dbeaver,8.132,settle,727796424,2,11.6645,4.0
33,dbeaver,8.387,settle,727747272,2,11.6774,5.1
33,dbeaver,8.642,settle,727681736,2,11.6933,6.4
33,dbeaver,8.893,query,727681736,2,11.6978,1.8
33,dbeaver,9.148,query,727583432,2,11.7107,4.9
33,dbeaver,9.403,query,727599816,2,11.7204,3.9
33,dbeaver,9.659,query,727599816,2,11.7326,4.7
33,dbeaver,9.914,query,727599816,2,11.7392,2.6
33,dbeaver,10.169,query,727599816,2,11.7461,2.7
33,dbeaver,10.424,query,727599816,2,11.7543,3.3
33,dbeaver,10.679,query,727599816,2,11.7615,2.8
33,dbeaver,10.935,query,727583432,2,11.7759,5.7
33,dbeaver,11.190,query,727583432,2,11.7810,2.0
33,dbeaver,11.444,query,727599816,2,11.7925,4.5
33,dbeaver,11.699,query,727632584,2,11.8159,9.2
33,dbeaver,11.954,query,727632584,2,11.8291,5.3
33,dbeaver,12.209,query,727648968,2,11.8341,2.0
33,dbeaver,12.460,query,727648968,2,11.8435,3.7
33,dbeaver,12.715,query,727681736,2,11.8506,2.8
33,dbeaver,12.970,query,727681736,2,11.8596,3.5
33,dbeaver,13.225,query,727681736,2,11.8698,4.0
33,dbeaver,13.477,query,727681736,2,11.8751,2.1
33,dbeaver,13.732,query,727665328,2,11.8927,6.9
33,dbeaver,13.987,query,727812784,2,11.9091,6.3
33,dbeaver,14.242,query,728943280,2,11.9798,27.9
33,dbeaver,14.497,query,809159344,2,12.0844,41.3
33,dbeaver,14.752,query,810142384,2,12.2953,82.2
33,dbeaver,15.003,query,808487600,2,12.3765,32.1
33,dbeaver,15.258,query,768543408,2,12.3889,4.8
33,dbeaver,15.513,query,768625328,2,12.4241,13.9
33,dbeaver,15.768,query,768789168,2,12.4446,8.0
33,dbeaver,16.023,query,727878320,2,12.4572,5.0
33,dbeaver,16.277,query,727894704,2,12.4656,3.4
33,dbeaver,16.532,query,860637896,2,12.8593,152.3
33,dbeaver,16.786,query,970967752,2,13.6316,304.0
33,dbeaver,17.041,query,1016531656,2,14.2034,223.2
33,dbeaver,17.294,query,981437128,2,14.3028,39.4
33,dbeaver,17.549,query,981355208,2,14.4483,56.7
33,dbeaver,17.804,query,898271944,2,14.4671,7.4
33,dbeaver,18.059,query,898370272,2,14.4941,10.6
33,dbeaver,18.311,query,907971296,2,14.6272,52.8
33,dbeaver,18.567,query,764725984,2,14.6696,16.6
33,dbeaver,18.818,query,764955360,2,14.8077,54.9
33,dbeaver,19.069,query,760220384,2,14.8895,33.3
33,dbeaver,19.324,query,760253152,2,14.9659,29.3
33,dbeaver,19.579,query,760285920,2,15.0699,41.1
33,dbeaver,19.834,query,771656416,2,15.1975,49.8
33,dbeaver,20.089,query,771869408,2,15.3315,52.8
33,dbeaver,20.344,query,770296544,2,15.4472,45.8
33,dbeaver,20.597,query,770394848,2,15.5305,32.3
33,dbeaver,20.852,query,804817632,2,15.6780,58.3
33,dbeaver,21.106,query,821021408,2,15.7728,37.3
33,dbeaver,21.362,query,814844640,2,15.8663,36.3
33,dbeaver,21.617,query,816433912,2,15.9585,36.1
33,dbeaver,21.872,query,816450296,2,16.0067,18.7
33,dbeaver,22.127,query,766069496,2,16.0745,27.1
33,dbeaver,22.381,after-query,766069496,2,16.0809,2.5
33,dbeaver,22.636,after-query,766053112,2,16.0932,4.7
33,dbeaver,22.891,after-query,763595512,2,16.0985,2.1
33,dbeaver,23.146,after-query,752372472,2,16.1146,6.3
33,dbeaver,23.402,after-query,752372472,2,16.1206,2.3
33,dbeaver,23.652,after-query,752372472,2,16.1290,3.4
33,dbeaver,23.903,after-query,752274168,2,16.1402,4.4
33,dbeaver,24.153,after-query,752274168,2,16.1485,3.3
33,dbeaver,24.404,after-query,752274168,2,16.1584,4.0
33,dbeaver,24.658,after-query,752323320,2,16.1761,6.9
33,dbeaver,24.909,after-query,752323320,2,16.1856,3.8
33,dbeaver,25.164,after-query,752323320,2,16.1942,3.3
33,dbeaver,25.416,after-query,752323320,2,16.2028,3.5
33,dbeaver,25.669,after-query,752274168,2,16.2099,2.8
33,dbeaver,25.924,after-query,751946464,2,16.2163,2.5
33,dbeaver,26.178,after-query,751930080,2,16.2276,4.5
33,dbeaver,26.433,after-query,751946464,2,16.2415,5.4
33,dbeaver,26.689,after-query,751946464,2,16.2521,4.2
34,pgpad,0.255,launch,20563216,2,0.1445,
34,pgpad,0.507,settle,47860280,4,0.3937,88.5
34,pgpad,0.762,settle,53578536,4,0.4970,40.6
34,pgpad,1.016,settle,230575752,5,0.7602,103.6
34,pgpad,1.271,settle,223497864,5,0.7644,1.6
34,pgpad,1.526,settle,218304136,5,0.7847,8.0
34,pgpad,1.777,settle,215273096,5,0.7880,1.3
34,pgpad,2.032,settle,213585544,5,0.7925,1.8
34,pgpad,2.282,settle,158420616,5,0.7961,1.4
34,pgpad,2.538,settle,158322312,5,0.7972,0.4
34,pgpad,2.793,settle,158289544,5,0.7980,0.3
34,pgpad,3.047,settle,158240392,5,0.7986,0.2
34,pgpad,3.302,settle,158240392,5,0.7992,0.3
34,pgpad,3.556,settle,158191240,5,0.7998,0.2
34,pgpad,3.808,settle,158191240,5,0.8002,0.2
34,pgpad,4.062,settle,158191240,5,0.8006,0.1
34,pgpad,4.312,settle,158191240,5,0.8009,0.2
34,pgpad,4.567,settle,158191240,5,0.8013,0.1
34,pgpad,4.823,settle,158191240,5,0.8013,0.0
34,pgpad,5.078,settle,158191240,5,0.8013,0.0
34,pgpad,5.329,settle,157994632,5,0.8021,0.3
34,pgpad,5.584,query,157912712,5,0.8076,2.2
34,pgpad,5.836,query,157912712,5,0.8078,0.1
34,pgpad,6.087,query,157847176,5,0.8084,0.2
34,pgpad,6.342,query,157781640,5,0.8086,0.1
34,pgpad,6.595,query,157781640,5,0.8089,0.1
34,pgpad,6.850,query,157683336,5,0.8093,0.1
34,pgpad,7.105,query,157683336,5,0.8093,0.0
34,pgpad,7.357,query,157683336,5,0.8093,0.0
34,pgpad,7.612,query,157683336,5,0.8093,0.0
34,pgpad,7.867,query,157683336,5,0.8093,0.0
34,pgpad,8.120,query,157683336,5,0.8093,0.0
34,pgpad,8.375,query,157683336,5,0.8093,0.0
34,pgpad,8.630,query,157683336,5,0.8094,0.0
34,pgpad,8.882,query,157617800,5,0.8191,3.9
34,pgpad,9.133,query,157617800,5,0.8233,1.6
34,pgpad,9.388,query,157617800,5,0.8249,0.6
34,pgpad,9.641,query,157617800,5,0.8259,0.4
34,pgpad,9.896,query,157617800,5,0.8262,0.2
34,pgpad,10.149,query,157617800,5,0.8269,0.3
34,pgpad,10.404,query,157617800,5,0.8271,0.1
34,pgpad,10.658,query,232476320,5,0.8701,16.9
34,pgpad,10.913,query,293293800,5,0.9831,44.3
34,pgpad,11.167,query,286215912,5,0.9868,1.4
34,pgpad,11.422,query,286199528,5,0.9914,1.8
34,pgpad,11.673,query,286035688,5,0.9951,1.5
34,pgpad,11.924,query,292081384,5,1.0419,18.8
34,pgpad,12.179,query,244470080,6,1.1709,50.6
34,pgpad,12.434,query,258068800,6,1.1975,10.4
34,pgpad,12.690,query,256037184,6,1.2139,6.4
34,pgpad,12.945,query,257921344,6,1.2611,18.5
34,pgpad,13.200,query,257888576,6,1.2632,0.8
34,pgpad,13.455,query,256938304,6,1.2845,8.5
34,pgpad,13.706,query,254185792,6,1.3065,8.7
34,pgpad,13.962,query,212685120,6,1.3111,1.8
34,pgpad,14.216,query,286789976,6,1.4424,52.0
34,pgpad,14.470,query,357290424,6,1.6068,64.3
34,pgpad,14.725,query,351048120,6,1.6091,0.9
34,pgpad,14.980,query,348344760,6,1.6206,4.6
34,pgpad,15.235,query,347132344,6,1.6221,0.6
34,pgpad,15.490,query,345510328,6,1.6343,4.8
34,pgpad,15.745,query,257184184,6,1.6389,1.8
34,pgpad,16.000,query,257200568,6,1.6511,4.8
34,pgpad,16.252,query,354767312,6,1.6831,12.9
34,pgpad,16.504,query,400724456,6,1.7655,32.0
34,pgpad,16.757,query,400806376,6,1.7917,10.5
34,pgpad,17.008,query,401494504,6,1.8660,29.6
34,pgpad,17.263,query,404492776,6,1.8887,9.0
34,pgpad,17.515,query,405164520,6,1.9681,31.1
34,pgpad,17.770,query,399118824,6,1.9713,1.2
34,pgpad,18.025,query,399479272,6,2.0125,16.0
34,pgpad,18.278,after-query,391614952,6,2.0677,22.3
34,pgpad,18.531,after-query,376410600,6,2.0726,1.9
34,pgpad,18.782,after-query,376377832,6,2.0756,1.2
34,pgpad,19.034,after-query,373887464,6,2.0783,1.0
34,pgpad,19.289,after-query,361943528,6,2.0807,1.0
34,pgpad,19.541,after-query,259871208,6,2.0827,0.8
34,pgpad,19.793,after-query,259805672,6,2.0835,0.3
34,pgpad,20.048,after-query,259805672,6,2.0842,0.3
34,pgpad,20.298,after-query,259756520,6,2.0848,0.2
34,pgpad,20.554,after-query,259641832,6,2.0852,0.2
34,pgpad,20.809,after-query,259559912,6,2.0859,0.3
34,pgpad,21.064,after-query,259609064,6,2.0917,2.3
34,pgpad,21.319,after-query,259609064,6,2.0924,0.3
34,pgpad,21.574,after-query,259510760,6,2.0936,0.5
34,pgpad,21.828,after-query,259510760,6,2.0947,0.4
34,pgpad,22.082,after-query,259510760,6,2.0953,0.2
34,pgpad,22.335,after-query,259510760,6,2.0959,0.3
34,pgpad,22.590,after-query,259510760,6,2.0961,0.1
34,pgpad,22.844,after-query,259510760,6,2.0961,0.0
34,pgpad,23.099,after-query,259510760,6,2.0961,0.0
34,pgpad,23.354,after-query,259510760,6,2.0961,0.0
34,pgadmin,0.251,launch,10322904,1,0.1090,
34,pgadmin,0.506,launch,40732664,3,0.3262,84.5
34,pgadmin,0.759,launch,142906480,5,0.7888,182.1
34,pgadmin,1.014,launch,159372448,5,1.0227,91.6
34,pgadmin,1.270,launch,169481376,5,1.2456,87.7
34,pgadmin,1.525,launch,179000504,5,1.4752,90.0
34,pgadmin,1.780,launch,192976080,5,1.6960,86.5
34,pgadmin,2.035,launch,206918864,5,1.9340,93.3
34,pgadmin,2.290,launch,218748112,5,2.1715,92.6
34,pgadmin,2.545,launch,227890384,5,2.4059,91.8
34,pgadmin,2.800,launch,253220552,6,2.8619,179.1
34,pgadmin,3.056,launch,237212928,5,2.8576,88.9
34,pgadmin,3.311,launch,246076672,5,3.0919,93.3
34,pgadmin,3.566,launch,255284504,5,3.3477,98.9
34,pgadmin,3.821,launch,265983616,6,3.5638,84.5
34,pgadmin,4.072,launch,264394008,5,3.6043,18.4
34,pgadmin,4.324,launch,267785688,6,3.6880,33.7
34,pgadmin,4.576,settle,329422272,5,4.0877,197.5
34,pgadmin,4.830,settle,447845944,5,4.4393,136.7
34,pgadmin,5.081,settle,502388352,5,4.8217,151.8
34,pgadmin,5.337,settle,705697768,5,5.3660,213.0
34,pgadmin,5.592,settle,678140024,5,5.6673,118.4
34,pgadmin,5.847,settle,701307096,5,5.9473,109.7
34,pgadmin,6.101,settle,784373952,5,6.1393,74.6
34,pgadmin,6.356,settle,787208816,6,6.2191,31.8
34,pgadmin,6.611,settle,796040008,6,6.3252,41.1
34,pgadmin,6.864,settle,796072776,6,6.3573,12.7
34,pgadmin,7.119,settle,791747400,6,6.3923,13.5
34,pgadmin,7.374,settle,780966728,6,6.4301,15.0
34,pgadmin,7.629,settle,759012168,6,6.4659,14.0
34,pgadmin,7.885,settle,759094088,6,6.4982,12.6
34,pgadmin,8.140,settle,761862984,6,6.5628,25.1
34,pgadmin,8.395,settle,761928520,6,6.5904,11.0
34,pgadmin,8.646,settle,762075976,6,6.6275,14.9
34,pgadmin,8.898,settle,762125128,6,6.6550,10.8
34,pgadmin,9.154,settle,762223432,6,6.6863,12.4
34,pgadmin,9.408,settle,762288968,6,6.7175,12.5
34,pgadmin,9.662,query,762354504,6,6.7405,9.0
34,pgadmin,9.913,query,765664096,6,6.8030,24.6
34,pgadmin,10.168,query,766843744,6,6.8443,16.1
34,pgadmin,10.425,query,766876512,6,6.8763,12.4
34,pgadmin,10.681,query,767056736,6,6.9143,14.9
34,pgadmin,10.936,query,669326176,6,6.9517,14.7
34,pgadmin,11.187,query,624352096,6,6.9799,11.2
34,pgadmin,11.439,query,624417632,6,7.0072,10.8
34,pgadmin,11.694,query,624532320,6,7.0401,13.0
34,pgadmin,11.947,query,627284832,6,7.0945,21.6
34,pgadmin,12.202,query,627432288,6,7.1256,12.0
34,pgadmin,12.457,query,627563360,6,7.1526,10.7
34,pgadmin,12.709,query,627743584,6,7.1827,12.2
34,pgadmin,12.964,query,627874656,6,7.2042,8.4
34,pgadmin,13.219,query,628022112,6,7.2247,8.1
34,pgadmin,13.475,query,628169568,6,7.2481,9.1
34,pgadmin,13.730,query,628267872,6,7.2734,10.0
34,pgadmin,13.984,query,639671136,6,7.5658,115.1
34,pgadmin,14.239,query,639671136,6,7.5855,7.6
34,pgadmin,14.494,query,639671136,6,7.6064,8.3
34,pgadmin,14.750,query,639687520,6,7.6328,10.3
34,pgadmin,15.001,query,639687520,6,7.6547,8.7
34,pgadmin,15.256,query,639671136,6,7.6790,9.5
34,pgadmin,15.509,query,639671136,6,7.6991,8.0
34,pgadmin,15.760,query,669883256,6,7.7968,39.1
34,pgadmin,16.010,query,719264608,6,7.9846,73.8
34,pgadmin,16.265,query,720411464,6,8.0252,15.8
34,pgadmin,16.521,query,720411464,6,8.0484,9.1
34,pgadmin,16.776,query,720411464,6,8.0698,8.4
34,pgadmin,17.031,query,720444232,6,8.0921,8.7
34,pgadmin,17.285,query,718347080,6,8.1121,7.8
34,pgadmin,17.536,query,800234336,6,8.3547,97.7
34,pgadmin,17.788,query,810933088,6,8.5455,77.1
34,pgadmin,18.040,query,813112160,6,8.6706,48.3
34,pgadmin,18.292,query,815242080,6,8.7665,38.5
34,pgadmin,18.547,query,823729016,6,8.9616,77.4
34,pgadmin,18.799,query,828300152,6,9.1057,56.5
34,pgadmin,19.053,query,831445880,6,9.1795,29.0
34,pgadmin,19.304,query,839261048,6,9.3926,85.2
34,pgadmin,19.559,query,846404472,6,9.5317,54.3
34,pgadmin,19.813,query,852302712,6,9.6967,65.7
34,pgadmin,20.067,query,859282296,6,9.8678,67.0
34,pgadmin,20.322,query,862018448,6,9.9626,37.6
34,pgadmin,20.573,query,866016144,6,10.0916,50.9
34,pgadmin,20.827,query,873864080,6,10.2910,78.0
34,pgadmin,21.079,query,874683280,6,10.4552,65.6
34,pgadmin,21.330,query,868440976,6,10.7899,133.9
34,pgadmin,21.584,query,870013864,6,10.9477,62.5
34,pgadmin,21.839,query,867572648,6,11.0065,23.1
34,pgadmin,22.095,query,869342120,6,11.1871,69.6
34,pgadmin,22.347,query,870292392,6,11.3563,66.9
34,pgadmin,22.602,query,860412840,6,11.4417,33.8
34,pgadmin,22.857,query,860298152,6,11.4710,11.5
34,pgadmin,23.112,after-query,860314536,6,11.4947,9.3
34,pgadmin,23.364,after-query,860314536,6,11.5165,8.6
34,pgadmin,23.619,after-query,858233768,6,11.5370,8.0
34,pgadmin,23.870,after-query,833887120,6,11.5617,9.8
34,pgadmin,24.125,after-query,833854352,6,11.6097,19.0
34,pgadmin,24.375,after-query,833854352,6,11.6287,7.6
34,pgadmin,24.631,after-query,833903504,6,11.6530,9.4
34,pgadmin,24.886,after-query,827562896,6,11.6733,8.0
34,pgadmin,25.140,after-query,827579280,6,11.6980,9.6
34,pgadmin,25.392,after-query,827579280,6,11.7208,9.2
34,pgadmin,25.647,after-query,827612048,6,11.7399,7.5
34,pgadmin,25.898,after-query,827677608,6,11.7774,14.7
34,pgadmin,26.151,after-query,827661200,6,11.8152,14.9
34,pgadmin,26.406,after-query,827677584,6,11.8350,7.8
34,pgadmin,26.656,after-query,791583632,6,11.8593,9.7
34,pgadmin,26.909,after-query,791600016,6,11.8782,7.5
34,pgadmin,27.164,after-query,791600016,6,11.9023,9.5
34,pgadmin,27.417,after-query,791600016,6,11.9253,9.1
34,dbeaver,0.255,launch,38585232,1,0.1978,
34,dbeaver,0.510,launch,97977328,1,0.8653,258.6
34,dbeaver,0.766,launch,122979384,1,1.4401,225.1
34,dbeaver,1.021,launch,158467152,1,2.1929,294.5
34,dbeaver,1.276,launch,178324776,1,2.8425,259.0
34,dbeaver,1.531,launch,213599576,1,3.7320,345.4
34,dbeaver,1.786,launch,256066952,1,4.1241,153.5
34,dbeaver,2.041,launch,272074144,1,4.8278,276.3
34,dbeaver,2.296,launch,282330528,1,5.7157,346.3
34,dbeaver,2.551,launch,300598712,1,6.7268,396.9
34,dbeaver,2.806,launch,317474232,1,7.5934,339.7
34,dbeaver,3.061,launch,327223048,1,8.2673,263.4
34,dbeaver,3.317,launch,595232856,1,9.0062,289.4
34,dbeaver,3.571,settle,851102312,2,9.9420,369.0
34,dbeaver,3.826,settle,958073448,2,10.6054,257.2
34,dbeaver,4.081,settle,1023855208,2,10.9713,144.5
34,dbeaver,4.337,settle,1021315688,2,11.5399,221.9
34,dbeaver,4.592,settle,1019169384,2,11.6153,29.6
34,dbeaver,4.847,settle,937085544,2,11.6421,10.4
34,dbeaver,5.101,settle,824625768,2,11.6660,9.3
34,dbeaver,5.352,settle,784648808,2,11.6724,2.6
34,dbeaver,5.605,settle,725699176,2,11.6892,6.7
34,dbeaver,5.861,settle,716950120,2,11.6992,3.9
34,dbeaver,6.116,settle,716950120,2,11.7169,7.0
34,dbeaver,6.367,settle,716950120,2,11.7213,1.8
34,dbeaver,6.622,settle,716982888,2,11.7375,6.2
34,dbeaver,6.877,settle,716982888,2,11.7450,2.9
34,dbeaver,7.132,settle,717064808,2,11.7712,10.4
34,dbeaver,7.388,settle,717064808,2,11.7772,2.3
34,dbeaver,7.643,settle,717064808,2,11.7859,3.4
34,dbeaver,7.898,settle,717048424,2,11.7989,5.3
34,dbeaver,8.149,settle,717048424,2,11.8095,4.1
34,dbeaver,8.404,query,716851816,2,11.8247,6.1
34,dbeaver,8.659,query,716753512,2,11.8315,2.7
34,dbeaver,8.909,query,716753512,2,11.8457,5.5
34,dbeaver,9.165,query,716769896,2,11.8583,4.9
34,dbeaver,9.420,query,716655208,2,11.8710,5.0
34,dbeaver,9.675,query,716655208,2,11.8783,2.9
34,dbeaver,9.930,query,716655208,2,11.8913,5.1
34,dbeaver,10.186,query,716655208,2,11.8977,2.5
34,dbeaver,10.441,query,716655208,2,11.9038,2.4
34,dbeaver,10.696,query,716573312,2,11.9199,6.3
34,dbeaver,10.949,query,716573312,2,11.9290,3.6
34,dbeaver,11.204,query,716573312,2,11.9413,4.8
34,dbeaver,11.454,query,716606080,2,11.9533,4.9
34,dbeaver,11.704,query,716638848,2,11.9669,5.4
34,dbeaver,11.958,query,716638848,2,11.9737,2.7
34,dbeaver,12.213,query,716638848,2,11.9828,3.6
34,dbeaver,12.464,query,716655232,2,11.9874,1.8
34,dbeaver,12.719,query,716655232,2,11.9958,3.3
34,dbeaver,12.971,query,716655232,2,12.0039,3.2
34,dbeaver,13.226,query,716655232,2,12.0090,2.0
34,dbeaver,13.481,query,716671592,2,12.0266,7.0
34,dbeaver,13.733,query,716786256,2,12.0426,6.1
34,dbeaver,13.983,query,755812944,2,12.1160,29.8
34,dbeaver,14.236,query,797805136,2,12.1813,26.0
34,dbeaver,14.491,query,756173392,2,12.3374,61.7
34,dbeaver,14.744,query,758041168,2,12.4410,40.4
34,dbeaver,14.999,query,758041168,2,12.4602,7.5
34,dbeaver,15.254,query,758286928,2,12.4866,10.5
34,dbeaver,15.507,query,720554576,2,12.5098,9.1
34,dbeaver,15.762,query,717490768,2,12.5203,4.1
34,dbeaver,16.014,query,717507152,2,12.5342,5.6
34,dbeaver,16.269,query,805997136,2,12.8591,127.7
34,dbeaver,16.524,query,863750760,2,13.6375,305.2
34,dbeaver,16.779,query,969525888,2,14.2607,241.1
34,dbeaver,17.031,query,918735464,2,14.4147,61.9
34,dbeaver,17.286,query,974015080,2,14.5595,56.1
34,dbeaver,17.541,query,974015080,2,14.5757,6.4
34,dbeaver,17.796,query,932055680,2,14.6142,15.0
34,dbeaver,18.047,query,885246592,2,14.7518,55.9
34,dbeaver,18.302,query,741624448,2,14.7927,15.9
34,dbeaver,18.557,query,741837440,2,14.9148,48.1
34,dbeaver,18.812,query,734579328,2,14.9977,32.3
34,dbeaver,19.067,query,734661248,2,15.0796,32.0
34,dbeaver,19.317,query,734661248,2,15.1681,35.9
34,dbeaver,19.572,query,746031744,2,15.3119,55.9
34,dbeaver,19.826,query,746277504,2,15.4394,50.6
34,dbeaver,20.081,query,744245888,2,15.5791,55.0
34,dbeaver,20.336,query,744278656,2,15.6480,26.7
34,dbeaver,20.591,query,788253312,2,15.7830,53.3
34,dbeaver,20.847,query,853232256,2,15.8966,44.4
34,dbeaver,21.102,query,851135104,2,15.9841,34.1
34,dbeaver,21.357,query,846940800,2,16.0472,24.8
34,dbeaver,21.612,query,847006336,2,16.0947,18.6
34,dbeaver,21.867,query,738232960,2,16.1686,28.8
34,dbeaver,22.121,after-query,738232960,2,16.1768,3.3
34,dbeaver,22.376,after-query,730909312,2,16.1948,6.9
34,dbeaver,22.629,after-query,730909312,2,16.2016,2.7
34,dbeaver,22.881,after-query,728468096,2,16.2131,4.5
34,dbeaver,23.132,after-query,720292480,2,16.2254,4.9
34,dbeaver,23.387,after-query,720292480,2,16.2329,3.0
34,dbeaver,23.642,after-query,720308864,2,16.2425,3.8
34,dbeaver,23.897,after-query,720210560,2,16.2470,1.8
34,dbeaver,24.148,after-query,720210560,2,16.2561,3.6
34,dbeaver,24.399,after-query,720243328,2,16.2672,4.4
34,dbeaver,24.652,after-query,720292480,2,16.2809,5.5
34,dbeaver,24.907,after-query,720308864,2,16.2886,3.0
34,dbeaver,25.158,after-query,720308864,2,16.2989,4.1
34,dbeaver,25.413,after-query,720308864,2,16.3069,3.1
34,dbeaver,25.666,after-query,719653504,2,16.3150,3.2
34,dbeaver,25.920,after-query,719686272,2,16.3240,3.6
34,dbeaver,26.175,after-query,719768192,2,16.3374,5.3
34,dbeaver,26.429,after-query,719768192,2,16.3503,5.1
34,dbgate,0.253,launch,11387984,1,0.1038,
34,dbgate,0.508,launch,53709872,3,0.3991,114.4
34,dbgate,0.763,launch,85249168,3,0.6003,78.7
34,dbgate,1.014,settle,220992168,4,1.0123,164.4
34,dbgate,1.269,settle,305519048,7,1.5245,200.7
34,dbgate,1.522,settle,596223000,8,2.5137,391.1
34,dbgate,1.777,settle,611607888,8,2.8046,113.6
34,dbgate,2.032,settle,611558736,8,2.8413,14.5
34,dbgate,2.287,settle,611919184,8,2.8813,15.4
34,dbgate,2.540,settle,612132176,8,2.9469,25.7
34,dbgate,2.791,settle,605201744,8,3.0143,27.0
34,dbgate,3.047,settle,605218128,8,3.0311,6.6
34,dbgate,3.300,settle,605201744,8,3.0452,5.6
34,dbgate,3.555,settle,605218128,8,3.0639,7.3
34,dbgate,3.810,settle,605218128,8,3.0769,5.1
34,dbgate,4.065,settle,589768016,8,3.0955,7.4
34,dbgate,4.321,settle,589751632,8,3.1083,4.9
34,dbgate,4.576,settle,589751632,8,3.1220,5.4
34,dbgate,4.831,settle,579773776,8,3.1362,5.6
34,dbgate,5.086,settle,579790160,8,3.1580,8.5
34,dbgate,5.341,settle,579790160,8,3.1719,5.5
34,dbgate,5.592,settle,579790160,8,3.1869,6.0
34,dbgate,5.845,settle,579757392,8,3.2031,6.4
34,dbgate,6.099,query,579757392,8,3.2150,4.8
34,dbgate,6.354,query,548316496,8,3.2369,8.5
34,dbgate,6.609,query,548316496,8,3.2532,6.3
34,dbgate,6.860,query,515368272,8,3.2732,7.9
34,dbgate,7.116,query,515351888,8,3.2874,5.6
34,dbgate,7.369,query,515368272,8,3.3022,5.9
34,dbgate,7.625,query,515351888,8,3.3142,4.6
34,dbgate,7.880,query,483681616,8,3.3323,7.2
34,dbgate,8.135,query,483665232,8,3.3477,6.0
34,dbgate,8.390,query,483681616,8,3.3652,6.9
34,dbgate,8.646,query,483665232,8,3.3788,5.3
34,dbgate,8.901,query,483648848,8,3.3941,5.9
34,dbgate,9.152,query,483632464,8,3.4071,5.3
34,dbgate,9.404,query,483730768,8,3.4208,5.5
34,dbgate,9.658,query,483747152,8,3.4354,5.7
34,dbgate,9.913,query,483763536,8,3.4464,4.3
34,dbgate,10.168,query,483747152,8,3.4585,4.7
34,dbgate,10.420,query,483763536,8,3.4714,5.2
34,dbgate,10.675,query,483747152,8,3.4847,5.2
34,dbgate,10.931,query,483763536,8,3.4962,4.5
34,dbgate,11.186,query,483747152,8,3.5111,5.8
34,dbgate,11.437,query,483829072,8,3.5238,5.0
34,dbgate,11.692,query,483812688,8,3.5379,5.5
34,dbgate,11.945,query,546628944,8,3.5940,21.8
34,dbgate,12.201,query,608740688,8,3.6648,27.9
34,dbgate,12.456,query,608724304,8,3.6772,4.9
34,dbgate,12.707,query,609527120,8,3.7076,12.0
34,dbgate,12.962,query,609527288,9,3.7551,18.3
34,dbgate,13.215,query,657582544,9,4.0625,125.2
34,dbgate,13.470,query,729623112,9,4.3751,120.1
34,dbgate,13.725,query,730638920,9,4.4150,15.6
34,dbgate,13.978,query,730622536,9,4.4273,4.9
34,dbgate,14.233,query,753150560,9,4.6723,96.3
34,dbgate,14.483,query,764734072,9,4.9144,97.8
34,dbgate,14.739,query,778775184,9,5.1670,97.4
34,dbgate,14.993,query,789490344,9,5.4052,93.8
34,dbgate,15.247,query,798583464,9,5.6441,94.1
34,dbgate,15.501,query,808643240,9,5.8915,97.4
34,dbgate,15.757,query,812886696,9,6.0738,71.3
34,dbgate,16.008,query,817703592,9,6.2688,77.6
34,dbgate,16.262,query,822520488,9,6.4339,66.1
34,dbgate,16.516,query,828943040,9,6.5881,59.7
34,dbgate,16.770,query,832400064,9,6.7295,55.6
34,dbgate,17.025,query,834972352,9,6.8373,42.0
34,dbgate,17.280,query,839199424,9,6.9948,61.5
34,dbgate,17.536,query,843918016,9,7.2193,88.0
34,dbgate,17.791,query,841755328,9,7.3373,46.8
34,dbgate,18.046,query,814574272,9,7.4737,53.8
34,dbgate,18.298,query,814492352,9,7.6159,56.2
34,dbgate,18.553,query,730196672,9,7.7334,46.2
34,dbgate,18.808,query,730213056,9,7.8646,51.0
34,dbgate,19.061,query,730294976,9,8.0022,54.5
34,dbgate,19.314,query,730278592,9,8.0477,17.8
34,dbgate,19.566,after-query,730278592,9,8.0635,6.4
34,dbgate,19.820,after-query,729721536,9,8.0796,6.3
34,dbgate,20.075,after-query,713665216,9,8.0998,7.9
34,dbgate,20.330,after-query,708799168,9,8.1138,5.5
34,dbgate,20.583,after-query,708831936,9,8.1282,5.6
34,dbgate,20.836,after-query,698542760,9,8.1484,8.0
34,dbgate,21.091,after-query,691186344,9,8.1633,5.8
34,dbgate,21.344,after-query,691251880,9,8.1825,7.6
34,dbgate,21.599,after-query,689171112,9,8.2040,8.4
34,dbgate,21.854,after-query,689056424,9,8.2186,5.7
34,dbgate,22.109,after-query,689040040,9,8.2350,6.5
34,dbgate,22.365,after-query,689023656,9,8.2491,5.5
34,dbgate,22.620,after-query,689040040,9,8.2693,7.9
34,dbgate,22.875,after-query,689023656,9,8.2819,4.9
34,dbgate,23.130,after-query,689007272,9,8.2996,7.0
34,dbgate,23.386,after-query,689023656,9,8.3100,4.1
34,dbgate,23.640,after-query,689040040,9,8.3261,6.3
34,dbgate,23.894,after-query,689023656,9,8.3372,4.4
35,dbeaver,0.251,launch,37159848,1,0.1895,
35,dbeaver,0.507,launch,98567152,1,0.8402,252.2
35,dbeaver,0.762,launch,124208184,1,1.4311,231.3
35,dbeaver,1.017,launch,160171112,1,2.1670,287.6
35,dbeaver,1.272,launch,176457024,1,2.8099,252.5
35,dbeaver,1.526,launch,220579232,1,3.6211,319.0
35,dbeaver,1.781,launch,251594168,1,4.0868,182.3
35,dbeaver,2.037,launch,269239736,1,4.8066,282.6
35,dbeaver,2.292,launch,285738424,1,5.7389,364.3
35,dbeaver,2.547,launch,301860304,1,6.7467,394.9
35,dbeaver,2.802,launch,316294608,1,7.3683,244.3
35,dbeaver,3.057,launch,323258168,1,8.0570,269.4
35,dbeaver,3.310,settle,611502696,2,8.8379,311.8
35,dbeaver,3.566,settle,865094272,2,9.7265,345.0
35,dbeaver,3.821,settle,952371840,2,10.3848,254.8
35,dbeaver,4.073,settle,1017547440,2,10.8350,182.8
35,dbeaver,4.328,settle,1012173488,2,11.2195,147.9
35,dbeaver,4.580,settle,932661936,2,11.2526,13.0
35,dbeaver,4.836,settle,820169392,2,11.2903,14.8
35,dbeaver,5.090,settle,780192432,2,11.3060,6.2
35,dbeaver,5.340,settle,683330224,2,11.3150,3.6
35,dbeaver,5.595,settle,721275568,2,11.3330,7.1
35,dbeaver,5.851,settle,714869424,2,11.3425,3.7
35,dbeaver,6.102,settle,714885808,2,11.3559,5.3
35,dbeaver,6.356,settle,714885808,2,11.3817,10.1
35,dbeaver,6.612,settle,714885808,2,11.3946,5.1
35,dbeaver,6.864,settle,714967728,2,11.4120,7.0
35,dbeaver,7.119,settle,714967728,2,11.4274,5.9
35,dbeaver,7.373,settle,714967728,2,11.4331,2.3
35,dbeaver,7.627,settle,714967728,2,11.4477,5.8
35,dbeaver,7.881,settle,714967728,2,11.4548,2.8
35,dbeaver,8.136,settle,676842160,2,11.4667,4.6
35,dbeaver,8.391,query,714607280,2,11.4838,6.9
35,dbeaver,8.645,query,714590896,2,11.4893,2.1
35,dbeaver,8.900,query,714459824,2,11.5061,6.5
35,dbeaver,9.155,query,714508976,2,11.5139,3.1
35,dbeaver,9.408,query,714508976,2,11.5214,2.9
35,dbeaver,9.662,query,714508976,2,11.5274,2.3
35,dbeaver,9.917,query,714508976,2,11.5401,5.1
35,dbeaver,10.172,query,714525360,2,11.5492,3.6
35,dbeaver,10.428,query,714541744,2,11.5591,3.9
35,dbeaver,10.683,query,714508976,2,11.5658,2.6
35,dbeaver,10.938,query,714508976,2,11.5748,3.5
35,dbeaver,11.193,query,714508976,2,11.5864,4.6
35,dbeaver,11.449,query,714525360,2,11.5982,4.6
35,dbeaver,11.704,query,714541744,2,11.6093,4.5
35,dbeaver,11.957,query,714541744,2,11.6145,2.1
35,dbeaver,12.212,query,714558128,2,11.6269,4.8
35,dbeaver,12.467,query,714558128,2,11.6367,3.8
35,dbeaver,12.722,query,714558128,2,11.6480,4.4
35,dbeaver,12.976,query,714558128,2,11.6546,2.6
35,dbeaver,13.231,query,714558128,2,11.6664,4.6
35,dbeaver,13.484,query,714705560,2,11.6912,9.8
35,dbeaver,13.739,query,714754712,2,11.7073,6.2
35,dbeaver,13.995,query,715737752,2,11.7691,24.6
35,dbeaver,14.249,query,795609752,2,11.8327,25.1
35,dbeaver,14.504,query,796461720,2,11.9696,53.1
35,dbeaver,14.759,query,755747480,2,11.9939,9.4
35,dbeaver,15.015,query,755763864,2,12.0071,5.2
35,dbeaver,15.270,query,756042392,2,12.0580,20.3
35,dbeaver,15.521,query,755419800,2,12.0682,4.0
35,dbeaver,15.776,query,715115160,2,12.0749,2.6
35,dbeaver,16.031,query,715066008,2,12.0878,5.0
35,dbeaver,16.287,query,804833944,2,12.5549,185.6
35,dbeaver,16.537,query,1015204552,2,13.2801,288.5
35,dbeaver,16.792,query,915753672,2,13.7340,177.4
35,dbeaver,17.047,query,914000584,2,13.8222,34.7
35,dbeaver,17.302,query,912362184,2,13.8831,23.5
35,dbeaver,17.557,query,870517448,2,13.8921,3.5
35,dbeaver,17.812,query,870173408,2,13.9352,17.1
35,dbeaver,18.067,query,757189344,2,14.0476,44.3
35,dbeaver,18.322,query,737741536,2,14.1764,50.6
35,dbeaver,18.577,query,737970912,2,14.2779,39.9
35,dbeaver,18.832,query,742951648,2,14.3807,39.8
35,dbeaver,19.087,query,743017184,2,14.4583,30.7
35,dbeaver,19.339,query,743066336,2,14.5559,39.3
35,dbeaver,19.594,query,743213792,2,14.7224,64.1
35,dbeaver,19.849,query,743295712,2,14.8126,35.3
35,dbeaver,20.104,query,741264096,2,14.9407,50.4
35,dbeaver,20.359,query,741296864,2,15.0024,24.0
35,dbeaver,20.610,query,822594272,2,15.2226,88.4
35,dbeaver,20.865,query,811453152,2,15.2991,29.9
35,dbeaver,21.120,query,809454304,2,15.3949,37.1
35,dbeaver,21.372,query,805276384,2,15.4272,13.0
35,dbeaver,21.627,query,805325536,2,15.4805,20.9
35,dbeaver,21.882,query,735267552,2,15.5313,19.8
35,dbeaver,22.135,after-query,735267552,2,15.5399,3.4
35,dbeaver,22.387,after-query,735234784,2,15.5528,5.2
35,dbeaver,22.642,after-query,732793568,2,15.5585,2.2
35,dbeaver,22.898,after-query,721472224,2,15.5707,4.8
35,dbeaver,23.152,after-query,721488608,2,15.5832,4.9
35,dbeaver,23.405,after-query,721488608,2,15.5938,4.2
35,dbeaver,23.660,after-query,721390304,2,15.5995,2.2
35,dbeaver,23.915,after-query,703335136,2,15.6093,3.8
35,dbeaver,24.169,after-query,721390304,2,15.6204,4.3
35,dbeaver,24.424,after-query,721455840,2,15.6353,5.9
35,dbeaver,24.680,after-query,721455840,2,15.6431,3.1
35,dbeaver,24.934,after-query,721455840,2,15.6520,3.4
35,dbeaver,25.189,after-query,721472224,2,15.6609,3.5
35,dbeaver,25.442,after-query,721291976,2,15.6701,3.7
35,dbeaver,25.698,after-query,720472776,2,15.6809,4.3
35,dbeaver,25.950,after-query,720472776,2,15.6880,2.8
35,dbeaver,26.200,after-query,720538312,2,15.7113,9.4
35,dbeaver,26.456,after-query,720538312,2,15.7180,2.7
35,pgadmin,0.253,launch,9831360,1,0.1073,
35,pgadmin,0.508,launch,41158672,3,0.3157,80.7
35,pgadmin,0.763,launch,116331680,5,0.7683,177.1
35,pgadmin,1.018,launch,156243128,5,1.0185,98.2
35,pgadmin,1.273,launch,166696120,5,1.2418,87.5
35,pgadmin,1.528,launch,177312952,5,1.4677,88.5
35,pgadmin,1.783,launch,191419600,5,1.6926,88.5
35,pgadmin,2.038,launch,207541480,5,1.9316,93.6
35,pgadmin,2.293,launch,217191656,5,2.1667,92.1
35,pgadmin,2.548,launch,226333952,5,2.3999,91.6
35,pgadmin,2.803,launch,249403104,6,2.8442,174.3
35,pgadmin,3.058,launch,237114648,5,2.8514,87.9
35,pgadmin,3.311,launch,244569392,5,3.0900,95.0
35,pgadmin,3.565,launch,254186800,5,3.3383,96.7
35,pgadmin,3.820,launch,264410560,6,3.5790,93.8
35,pgadmin,4.075,launch,264885552,5,3.6269,19.0
35,pgadmin,4.328,launch,268375536,6,3.6853,23.2
35,pgadmin,4.583,settle,331896304,5,4.1010,201.4
35,pgadmin,4.833,settle,454661736,5,4.4386,134.7
35,pgadmin,5.088,settle,509925016,5,4.8298,153.9
35,pgadmin,5.343,settle,720771000,5,5.3653,211.8
35,pgadmin,5.594,settle,697866336,5,5.6689,119.2
35,pgadmin,5.849,settle,715577560,5,5.9494,110.3
35,pgadmin,6.104,settle,783440136,5,6.1638,83.6
35,pgadmin,6.359,settle,786029168,6,6.2461,32.1
35,pgadmin,6.614,settle,794942352,6,6.3637,46.3
35,pgadmin,6.870,settle,787291024,6,6.3937,11.7
35,pgadmin,7.124,settle,783096720,6,6.4236,11.7
35,pgadmin,7.380,settle,772299664,6,6.4558,12.7
35,pgadmin,7.633,settle,748772240,6,6.4835,11.0
35,pgadmin,7.888,settle,748821392,6,6.5098,10.3
35,pgadmin,8.143,settle,749132688,6,6.5726,24.8
35,pgadmin,8.398,settle,749198224,6,6.5941,8.4
35,pgadmin,8.653,settle,749312912,6,6.6321,15.2
35,pgadmin,8.909,settle,749378448,6,6.6593,10.5
35,pgadmin,9.164,settle,749493136,6,6.6947,13.8
35,pgadmin,9.417,query,749558672,6,6.7258,12.5
35,pgadmin,9.669,query,749640592,6,6.7466,8.2
35,pgadmin,9.921,query,749755280,6,6.7935,18.2
35,pgadmin,10.176,query,752016272,6,6.8522,23.2
35,pgadmin,10.431,query,752081784,6,6.8811,11.3
35,pgadmin,10.686,query,752262008,6,6.9130,12.6
35,pgadmin,10.937,query,671914872,6,6.9437,12.3
35,pgadmin,11.187,query,626826104,6,6.9707,10.7
35,pgadmin,11.442,query,626957176,6,7.0015,11.9
35,pgadmin,11.694,query,626957176,6,7.0358,13.7
35,pgadmin,11.950,query,627252088,6,7.0950,23.3
35,pgadmin,12.205,query,627366776,6,7.1275,12.9
35,pgadmin,12.460,query,627530616,6,7.1526,9.6
35,pgadmin,12.715,query,627661688,6,7.1792,10.8
35,pgadmin,12.968,query,627792760,6,7.2006,8.4
35,pgadmin,13.223,query,627907448,6,7.2262,10.0
35,pgadmin,13.478,query,628087672,6,7.2547,11.3
35,pgadmin,13.733,query,628251512,6,7.2767,8.6
35,pgadmin,13.986,query,630020984,6,7.3325,22.0
35,pgadmin,14.241,query,630135672,6,7.3556,9.1
35,pgadmin,14.494,query,630299512,6,7.3774,8.7
35,pgadmin,14.749,query,630446968,6,7.4043,10.5
35,pgadmin,15.002,query,630594424,6,7.4282,9.4
35,pgadmin,15.257,query,630725496,6,7.4555,10.8
35,pgadmin,15.512,query,630889336,6,7.4798,9.5
35,pgadmin,15.766,query,666688400,6,7.5780,38.7
35,pgadmin,16.019,query,744168312,6,8.0015,165.6
35,pgadmin,16.273,query,745413496,6,8.0356,13.4
35,pgadmin,16.528,query,745429880,6,8.0581,8.7
35,pgadmin,16.784,query,745446264,6,8.0806,8.8
35,pgadmin,17.039,query,740809592,6,8.1040,9.2
35,pgadmin,17.294,query,738728824,6,8.1245,8.2
35,pgadmin,17.544,query,800299896,6,8.3624,94.2
35,pgadmin,17.798,query,805854096,6,8.5583,77.1
35,pgadmin,18.050,query,808508304,6,8.6931,53.3
35,pgadmin,18.306,query,813325200,6,8.8111,46.2
35,pgadmin,18.561,query,820763560,6,8.9949,72.2
35,pgadmin,18.812,query,832674728,6,9.1516,62.6
35,pgadmin,19.067,query,835689384,6,9.2120,23.3
35,pgadmin,19.321,query,849484760,6,9.4291,86.4
35,pgadmin,19.574,query,857660376,6,9.5593,51.4
35,pgadmin,19.825,query,863706072,6,9.7139,61.5
35,pgadmin,20.080,query,882121688,6,9.8928,69.7
35,pgadmin,20.335,query,885218264,6,9.9840,36.0
35,pgadmin,20.590,query,895785968,6,10.1461,63.9
35,pgadmin,20.844,query,897440752,6,10.3327,72.8
35,pgadmin,21.095,query,908680176,6,10.4868,62.8
35,pgadmin,21.350,query,919690248,6,10.6009,43.9
35,pgadmin,21.602,query,927964168,6,10.7660,65.9
35,pgadmin,21.858,query,921295880,6,10.8170,19.8
35,pgadmin,22.113,query,932486152,6,11.0119,76.2
35,pgadmin,22.364,query,942513160,6,11.1741,65.3
35,pgadmin,22.618,query,944217096,6,11.2550,31.6
35,pgadmin,22.869,query,941825032,6,11.2791,9.7
35,pgadmin,23.125,after-query,941906952,6,11.2993,7.7
35,pgadmin,23.377,after-query,941972488,6,11.3219,9.0
35,pgadmin,23.632,after-query,939990024,6,11.3451,9.1
35,pgadmin,23.887,after-query,915708912,6,11.3713,10.2
35,pgadmin,24.143,after-query,916036592,6,11.4127,16.5
35,pgadmin,24.398,after-query,916102128,6,11.4347,8.5
35,pgadmin,24.653,after-query,916216816,6,11.4599,9.9
35,pgadmin,24.907,after-query,914693104,6,11.4840,9.5
35,pgadmin,25.158,after-query,914758640,6,11.5075,9.3
35,pgadmin,25.410,after-query,914807792,6,11.5272,7.8
35,pgadmin,25.665,after-query,914906096,6,11.5520,9.7
35,pgadmin,25.920,after-query,915020784,6,11.5963,17.4
35,pgadmin,26.176,after-query,886135792,6,11.6299,13.1
35,pgadmin,26.429,after-query,886217712,6,11.6508,8.3
35,pgadmin,26.682,after-query,886266864,6,11.6749,9.5
35,pgadmin,26.937,after-query,886316016,6,11.6991,9.5
35,pgadmin,27.192,after-query,886381552,6,11.7232,9.6
35,pgadmin,27.447,after-query,886447088,6,11.7434,8.0
35,dbgate,0.252,launch,10109864,1,0.1006,
35,dbgate,0.507,launch,53152864,3,0.3847,110.3
35,dbgate,0.761,launch,85232808,3,0.5923,81.2
35,dbgate,1.012,settle,220287824,4,0.9758,152.8
35,dbgate,1.263,settle,303716760,7,1.4651,195.8
35,dbgate,1.518,settle,602481808,8,2.4542,382.4
35,dbgate,1.774,settle,619603400,8,2.7668,122.8
35,dbgate,2.029,settle,621618632,8,2.8239,22.7
35,dbgate,2.284,settle,622323144,8,2.8941,27.2
35,dbgate,2.539,settle,622306760,8,2.9162,8.6
35,dbgate,2.789,settle,609379784,8,2.9381,9.0
35,dbgate,3.044,settle,609412552,8,2.9561,6.9
35,dbgate,3.299,settle,609396168,8,2.9691,5.1
35,dbgate,3.554,settle,604546504,8,2.9903,8.3
35,dbgate,3.804,settle,594552264,8,3.0017,4.6
35,dbgate,4.059,settle,582952344,8,3.0212,7.7
35,dbgate,4.313,settle,582935960,8,3.0335,4.8
35,dbgate,4.564,settle,582935960,8,3.0501,6.6
35,dbgate,4.819,settle,582935960,8,3.0617,4.6
35,dbgate,5.074,settle,582968728,8,3.0834,8.4
35,dbgate,5.326,settle,582952344,8,3.0953,4.9
35,dbgate,5.581,settle,582968728,8,3.1134,6.9
35,dbgate,5.835,settle,582968728,8,3.1275,5.5
35,dbgate,6.090,query,582935960,8,3.1399,5.0
35,dbgate,6.342,query,582886808,8,3.1567,6.6
35,dbgate,6.597,query,569632152,8,3.1705,5.4
35,dbgate,6.853,query,524297624,8,3.1857,5.9
35,dbgate,7.108,query,524281240,8,3.1981,4.8
35,dbgate,7.363,query,487335320,8,3.2155,7.0
35,dbgate,7.618,query,487335320,8,3.2305,5.8
35,dbgate,7.877,query,487351704,8,3.2437,4.8
35,dbgate,8.134,query,487335320,8,3.2568,5.5
35,dbgate,8.389,query,487351704,8,3.2712,5.5
35,dbgate,8.645,query,487302552,8,3.2871,6.3
35,dbgate,8.900,query,487318936,8,3.3028,6.1
35,dbgate,9.155,query,487302552,8,3.3154,5.0
35,dbgate,9.406,query,487368088,8,3.3268,4.6
35,dbgate,9.661,query,487400856,8,3.3384,4.5
35,dbgate,9.916,query,487417240,8,3.3515,5.1
35,dbgate,10.169,query,487400856,8,3.3636,4.8
35,dbgate,10.421,query,487417240,8,3.3777,5.6
35,dbgate,10.677,query,487400856,8,3.3902,4.9
35,dbgate,10.932,query,487400856,8,3.3998,3.7
35,dbgate,11.185,query,487400856,8,3.4124,5.0
35,dbgate,11.438,query,487482776,8,3.4258,5.3
35,dbgate,11.693,query,487466392,8,3.4391,5.2
35,dbgate,11.948,query,547448240,8,3.4824,16.9
35,dbgate,12.203,query,606627248,8,3.5480,25.8
35,dbgate,12.458,query,606610864,8,3.5597,4.5
35,dbgate,12.713,query,607151536,8,3.6015,16.4
35,dbgate,12.969,query,607135152,8,3.6304,11.3
35,dbgate,13.222,query,673016368,9,4.0023,150.4
35,dbgate,13.477,query,745007784,9,4.3219,122.5
35,dbgate,13.732,query,745990824,9,4.3612,15.8
35,dbgate,13.988,query,745974440,9,4.3738,4.9
35,dbgate,14.242,query,756755112,9,4.6217,97.1
35,dbgate,14.497,query,761326296,9,4.8232,79.8
35,dbgate,14.752,query,766208728,9,5.0302,81.2
35,dbgate,15.005,query,776055512,9,5.2231,76.2
35,dbgate,15.256,query,794225416,9,5.4265,81.2
35,dbgate,15.511,query,798878472,9,5.6646,92.8
35,dbgate,15.767,query,800647944,9,5.8175,60.0
35,dbgate,16.021,query,800811784,9,5.9955,69.9
35,dbgate,16.274,query,801843976,9,6.1502,61.1
35,dbgate,16.527,query,802106120,9,6.2843,52.8
35,dbgate,16.782,query,802384648,9,6.4136,50.8
35,dbgate,17.037,query,802499336,9,6.5275,44.3
35,dbgate,17.288,query,803040008,9,6.6753,59.9
35,dbgate,17.542,query,805120776,9,6.8262,58.5
35,dbgate,17.796,query,806906632,9,6.9226,38.7
35,dbgate,18.052,query,776203016,9,7.0750,58.8
35,dbgate,18.302,query,779430664,9,7.2240,59.3
35,dbgate,18.557,query,699837192,9,7.3286,41.0
35,dbgate,18.811,query,704457480,9,7.4754,57.7
35,dbgate,19.066,query,704523016,9,7.6930,86.9
35,dbgate,19.317,query,704523016,9,7.7373,17.4
35,dbgate,19.570,after-query,704523016,9,7.7552,7.1
35,dbgate,19.826,after-query,703965960,9,7.7733,7.0
35,dbgate,20.081,after-query,690039560,9,7.7915,7.3
35,dbgate,20.334,after-query,685304584,9,7.8060,5.7
35,dbgate,20.584,after-query,685271816,9,7.8220,6.3
35,dbgate,20.840,after-query,675244784,9,7.8446,8.8
35,dbgate,21.095,after-query,667888368,9,7.8619,6.8
35,dbgate,21.350,after-query,667953904,9,7.8817,7.7
35,dbgate,21.605,after-query,667904752,9,7.8965,5.8
35,dbgate,21.859,after-query,666086128,9,7.9154,7.4
35,dbgate,22.111,after-query,666069744,9,7.9318,6.5
35,dbgate,22.365,after-query,666053360,9,7.9448,5.2
35,dbgate,22.620,after-query,666069744,9,7.9599,5.8
35,dbgate,22.873,after-query,666053360,9,7.9720,4.8
35,dbgate,23.128,after-query,666036976,9,7.9878,6.2
35,dbgate,23.383,after-query,666053360,9,8.0033,6.1
35,dbgate,23.638,after-query,666069744,9,8.0227,7.6
35,dbgate,23.893,after-query,666053360,9,8.0365,5.5
35,pgpad,0.252,launch,19957032,2,0.1416,
35,pgpad,0.502,settle,47516168,4,0.3929,98.3
35,pgpad,0.757,settle,49547928,4,0.4761,32.7
35,pgpad,1.013,settle,225005192,5,0.7672,113.6
35,pgpad,1.263,settle,224743048,5,0.7691,0.8
35,pgpad,1.518,settle,220647048,5,0.7778,3.4
35,pgpad,1.771,settle,215895688,5,0.7985,8.3
35,pgpad,2.026,settle,199872136,5,0.8023,1.5
35,pgpad,2.281,settle,156749448,5,0.8054,1.2
35,pgpad,2.536,settle,155995784,5,0.8066,0.5
35,pgpad,2.787,settle,155946632,5,0.8072,0.2
35,pgpad,3.042,settle,155881096,5,0.8079,0.3
35,pgpad,3.297,settle,155881096,5,0.8087,0.3
35,pgpad,3.552,settle,155815560,5,0.8093,0.2
35,pgpad,3.807,settle,155815560,5,0.8096,0.1
35,pgpad,4.062,settle,155815560,5,0.8099,0.1
35,pgpad,4.316,settle,155815560,5,0.8104,0.2
35,pgpad,4.567,settle,155815560,5,0.8107,0.1
35,pgpad,4.822,settle,155815560,5,0.8107,0.0
35,pgpad,5.074,settle,155815560,5,0.8107,0.0
35,pgpad,5.329,settle,155815560,5,0.8111,0.2
35,pgpad,5.581,query,155651720,5,0.8173,2.5
35,pgpad,5.834,query,155651720,5,0.8175,0.1
35,pgpad,6.086,query,155504264,5,0.8183,0.3
35,pgpad,6.342,query,155422344,5,0.8185,0.1
35,pgpad,6.597,query,155405960,5,0.8188,0.1
35,pgpad,6.852,query,155356808,5,0.8193,0.2
35,pgpad,7.107,query,155356808,5,0.8194,0.0
35,pgpad,7.362,query,155307656,5,0.8195,0.0
35,pgpad,7.615,query,155307656,5,0.8195,0.0
35,pgpad,7.865,query,155307656,5,0.8195,0.0
35,pgpad,8.121,query,155307656,5,0.8195,0.0
35,pgpad,8.376,query,155307656,5,0.8196,0.0
35,pgpad,8.627,query,155307656,5,0.8196,0.0
35,pgpad,8.882,query,155143816,5,0.8256,2.4
35,pgpad,9.135,query,155225736,5,0.8326,2.8
35,pgpad,9.390,query,155225736,5,0.8344,0.7
35,pgpad,9.643,query,155209352,5,0.8353,0.3
35,pgpad,9.898,query,155209352,5,0.8357,0.2
35,pgpad,10.152,query,155209352,5,0.8368,0.4
35,pgpad,10.407,query,155209352,5,0.8370,0.1
35,pgpad,10.661,query,219582088,5,0.8646,10.9
35,pgpad,10.914,query,280858344,5,0.9817,45.5
35,pgpad,11.169,query,280432360,5,0.9962,5.6
35,pgpad,11.425,query,280383208,5,1.0023,2.4
35,pgpad,11.680,query,280219368,5,1.0053,1.2
35,pgpad,11.935,query,300306176,5,1.0490,17.3
35,pgpad,12.185,query,248549720,6,1.1340,34.4
35,pgpad,12.437,query,266768752,6,1.2190,33.7
35,pgpad,12.692,query,266735984,6,1.2219,1.1
35,pgpad,12.947,query,268800368,6,1.2819,23.8
35,pgpad,13.200,query,268767600,6,1.2847,1.1
35,pgpad,13.455,query,267817328,6,1.3018,6.7
35,pgpad,13.707,query,267932016,6,1.3255,9.5
35,pgpad,13.963,query,226365808,6,1.3306,2.0
35,pgpad,14.218,query,211554672,6,1.3323,0.7
35,pgpad,14.473,query,357634512,6,1.6422,120.6
35,pgpad,14.728,query,357290448,6,1.6447,1.0
35,pgpad,14.983,query,352260560,6,1.6572,4.9
35,pgpad,15.238,query,350343632,6,1.6602,1.1
35,pgpad,15.493,query,349835728,6,1.6741,5.5
35,pgpad,15.749,query,260657616,6,1.6777,1.4
35,pgpad,16.004,query,260608464,6,1.6795,0.7
35,pgpad,16.254,query,260592080,6,1.6882,3.5
35,pgpad,16.506,query,386159080,6,1.7743,34.0
35,pgpad,16.761,query,386093544,6,1.7969,8.8
35,pgpad,17.015,query,387240424,6,1.8716,29.3
35,pgpad,17.265,query,387158504,6,1.8966,10.1
35,pgpad,17.520,query,396382696,6,1.9849,34.6
35,pgpad,17.775,query,390238696,6,1.9951,3.9
35,pgpad,18.030,query,391172584,6,2.0147,7.7
35,pgpad,18.285,after-query,390648296,6,2.0991,33.8
35,pgpad,18.540,after-query,376639976,6,2.1012,0.8
35,pgpad,18.793,after-query,376607208,6,2.1047,1.4
35,pgpad,19.048,after-query,376295912,6,2.1067,0.8
35,pgpad,19.302,after-query,375017960,6,2.1097,1.2
35,pgpad,19.554,after-query,260280808,6,2.1113,0.6
35,pgpad,19.808,after-query,260280808,6,2.1122,0.3
35,pgpad,20.063,after-query,260264424,6,2.1130,0.3
35,pgpad,20.317,after-query,260231656,6,2.1134,0.2
35,pgpad,20.569,after-query,260149736,6,2.1138,0.2
35,pgpad,20.824,after-query,260133352,6,2.1140,0.1
35,pgpad,21.080,after-query,260100584,6,2.1203,2.4
35,pgpad,21.335,after-query,260100584,6,2.1210,0.3
35,pgpad,21.590,after-query,260051432,6,2.1217,0.3
35,pgpad,21.845,after-query,260035048,6,2.1231,0.5
35,pgpad,22.099,after-query,260035048,6,2.1237,0.2
35,pgpad,22.353,after-query,260035048,6,2.1243,0.2
35,pgpad,22.606,after-query,260035048,6,2.1245,0.1
35,pgpad,22.861,after-query,260035048,6,2.1245,0.0
35,pgpad,23.113,after-query,260035048,6,2.1245,0.0
35,pgpad,23.368,after-query,260035048,6,2.1246,0.0
36,pgadmin,0.250,launch,18023792,1,0.1156,
36,pgadmin,0.504,launch,68406896,4,0.5009,149.6
36,pgadmin,0.757,launch,155391160,5,0.8468,137.1
36,pgadmin,1.012,launch,165385424,5,1.0808,91.7
36,pgadmin,1.266,launch,174593232,5,1.3010,87.8
36,pgadmin,1.521,launch,185570536,5,1.5260,87.2
36,pgadmin,1.776,launch,206787816,5,1.7606,92.1
36,pgadmin,2.028,launch,207492328,5,1.9929,91.9
36,pgadmin,2.282,launch,217765096,5,2.2258,92.7
36,pgadmin,2.538,launch,247944904,6,2.5453,123.4
36,pgadmin,2.793,launch,231691520,5,2.6826,89.7
36,pgadmin,3.044,launch,243029272,5,2.9136,91.5
36,pgadmin,3.296,launch,253007152,5,3.1539,95.8
36,pgadmin,3.551,launch,263542064,5,3.3968,95.8
36,pgadmin,3.805,launch,266966320,5,3.5294,51.5
36,pgadmin,4.060,launch,267851080,5,3.5545,9.9
36,pgadmin,4.315,settle,273782016,5,3.6940,85.9
36,pgadmin,4.570,settle,433641016,5,4.2503,218.9
36,pgadmin,4.823,settle,484005480,5,4.5913,134.8
36,pgadmin,5.078,settle,669210432,5,5.2083,240.8
36,pgadmin,5.332,settle,680368152,5,5.4668,103.4
36,pgadmin,5.585,settle,699488304,5,5.7589,113.7
36,pgadmin,5.840,settle,818960600,5,6.0715,121.3
36,pgadmin,6.093,settle,819747080,5,6.1266,21.9
36,pgadmin,6.348,settle,830413664,6,6.2711,57.0
36,pgadmin,6.599,settle,830495560,6,6.2924,8.5
36,pgadmin,6.855,settle,828480328,6,6.3266,13.2
36,pgadmin,7.108,settle,826071880,6,6.3597,13.1
36,pgadmin,7.362,settle,783309664,6,6.3999,16.0
36,pgadmin,7.616,settle,783244128,6,6.4341,13.5
36,pgadmin,7.866,settle,783588168,6,6.4885,21.6
36,pgadmin,8.122,settle,783670088,6,6.5199,12.2
36,pgadmin,8.376,settle,783801160,6,6.5624,16.7
36,pgadmin,8.630,settle,783866696,6,6.5986,14.5
36,pgadmin,8.884,settle,783965000,6,6.6210,8.7
36,pgadmin,9.137,settle,784030536,6,6.6531,12.8
36,pgadmin,9.392,query,784112456,6,6.6768,9.5
36,pgadmin,9.646,query,784210760,6,6.7044,10.7
36,pgadmin,9.901,query,786602824,6,6.7856,31.4
36,pgadmin,10.156,query,786750280,6,6.8188,13.0
36,pgadmin,10.411,query,786881352,6,6.8406,8.6
36,pgadmin,10.666,query,787061576,6,6.8722,12.3
36,pgadmin,10.920,query,621730632,6,6.9133,16.4
36,pgadmin,11.175,query,621796168,6,6.9411,10.7
36,pgadmin,11.430,query,621910856,6,6.9729,12.4
36,pgadmin,11.685,query,622025568,6,7.0061,13.1
36,pgadmin,11.939,query,622304096,6,7.0619,21.9
36,pgadmin,12.194,query,622500704,6,7.0943,12.7
36,pgadmin,12.449,query,622648160,6,7.1257,12.3
36,pgadmin,12.704,query,622779232,6,7.1502,9.8
36,pgadmin,12.960,query,622943072,6,7.1718,8.4
36,pgadmin,13.215,query,623106912,6,7.1934,8.4
36,pgadmin,13.466,query,623221600,6,7.2148,8.5
36,pgadmin,13.721,query,623319904,6,7.2355,8.1
36,pgadmin,13.974,query,625138528,6,7.2896,21.5
36,pgadmin,14.227,query,625269600,6,7.3099,7.9
36,pgadmin,14.483,query,625466208,6,7.3381,11.1
36,pgadmin,14.738,query,625580896,6,7.3632,9.8
36,pgadmin,14.993,query,625744736,6,7.3948,12.4
36,pgadmin,15.248,query,625875808,6,7.4206,10.2
36,pgadmin,15.499,query,626006880,6,7.4412,8.2
36,pgadmin,15.754,query,732207944,6,7.9148,185.1
36,pgadmin,16.009,query,735664968,6,7.9636,18.8
36,pgadmin,16.264,query,735648584,6,7.9857,8.8
36,pgadmin,16.518,query,735648584,6,8.0044,7.3
36,pgadmin,16.773,query,735681352,6,8.0264,8.6
36,pgadmin,17.028,query,733616968,6,8.0503,9.3
36,pgadmin,17.283,query,746593096,6,8.1739,48.5
36,pgadmin,17.538,query,792206200,6,8.3973,88.4
36,pgadmin,17.792,query,794499960,6,8.5466,58.4
36,pgadmin,18.043,query,802773856,6,8.7167,68.1
36,pgadmin,18.296,query,809851768,6,8.8871,67.1
36,pgadmin,18.549,query,816339832,6,8.9713,33.2
36,pgadmin,18.804,query,823778168,6,9.1245,60.2
36,pgadmin,19.059,query,827480976,6,9.2687,56.8
36,pgadmin,19.314,query,845405120,6,9.4890,86.2
36,pgadmin,19.568,query,848255936,6,9.5653,30.2
36,pgadmin,19.818,query,864099264,6,9.7819,86.6
36,pgadmin,20.073,query,869473216,6,9.8907,42.1
36,pgadmin,20.323,query,878648280,6,10.0252,54.5
36,pgadmin,20.579,query,889363416,6,10.1635,54.4
36,pgadmin,20.833,query,898735064,6,10.3396,68.0
36,pgadmin,21.086,query,902781912,6,10.4571,46.4
36,pgadmin,21.342,query,915528688,6,10.6571,79.1
36,pgadmin,21.594,query,911350768,6,10.7566,39.5
36,pgadmin,21.846,query,919411696,6,10.8776,47.8
36,pgadmin,22.099,query,925539312,6,11.0583,71.7
36,pgadmin,22.352,query,933616624,6,11.1443,33.6
36,pgadmin,22.607,query,935566320,6,11.2316,34.2
36,pgadmin,22.858,after-query,933157872,6,11.2573,10.3
36,pgadmin,23.113,after-query,933239792,6,11.2804,9.0
36,pgadmin,23.366,after-query,933288944,6,11.3015,8.3
36,pgadmin,23.620,after-query,928308184,6,11.3264,9.8
36,pgadmin,23.874,after-query,907303896,6,11.3780,20.3
36,pgadmin,24.129,after-query,907369432,6,11.3982,7.9
36,pgadmin,24.384,after-query,907467736,6,11.4212,9.0
36,pgadmin,24.639,after-query,907549656,6,11.4428,8.5
36,pgadmin,24.894,after-query,905993176,6,11.4663,9.3
36,pgadmin,25.149,after-query,906075096,6,11.4883,8.6
36,pgadmin,25.404,after-query,906157016,6,11.5103,8.7
36,pgadmin,25.660,after-query,906238936,6,11.5359,9.9
36,pgadmin,25.915,after-query,906566616,6,11.5926,22.3
36,pgadmin,26.170,after-query,906648536,6,11.6173,9.6
36,pgadmin,26.424,after-query,870489048,6,11.6399,8.9
36,pgadmin,26.679,after-query,870489048,6,11.6619,8.7
36,pgadmin,26.934,after-query,870554584,6,11.6783,6.4
36,pgadmin,27.190,after-query,870620120,6,11.7008,8.8
36,pgadmin,27.445,after-query,870685656,6,11.7211,8.1
36,dbeaver,0.255,launch,22594448,1,0.1224,
36,dbeaver,0.509,launch,68355032,1,0.5712,173.7
36,dbeaver,0.764,launch,112116768,1,1.1471,226.9
36,dbeaver,1.020,launch,140149840,1,1.7083,219.5
36,dbeaver,1.274,launch,160826496,1,2.3387,251.8
36,dbeaver,1.529,launch,182240600,1,2.9309,228.9
36,dbeaver,1.784,launch,229344696,1,3.6978,300.7
36,dbeaver,2.039,launch,259851728,1,4.1587,180.2
36,dbeaver,2.294,launch,276448720,1,4.8360,265.4
36,dbeaver,2.549,launch,289162704,1,5.7659,364.3
36,dbeaver,2.801,launch,300320208,1,6.7168,378.9
36,dbeaver,3.057,launch,318375424,1,7.5084,309.7
36,dbeaver,3.312,launch,324765352,1,8.1634,256.8
36,dbeaver,3.567,launch,579471472,1,8.8409,265.1
36,dbeaver,3.821,settle,837700320,2,9.6547,322.0
36,dbeaver,4.076,settle,950061816,2,10.3114,253.2
36,dbeaver,4.327,settle,1012828920,2,10.5368,90.5
36,dbeaver,4.583,settle,1009617680,2,11.2723,286.9
36,dbeaver,4.834,settle,954125072,2,11.3103,15.0
36,dbeaver,5.089,settle,881003280,2,11.3605,19.7
36,dbeaver,5.340,settle,819022608,2,11.3830,9.1
36,dbeaver,5.591,settle,720653072,2,11.3894,2.5
36,dbeaver,5.843,settle,720030480,2,11.4063,6.7
36,dbeaver,6.099,settle,713624336,2,11.4148,3.4
36,dbeaver,6.354,settle,713624336,2,11.4307,6.2
36,dbeaver,6.609,settle,713624336,2,11.4382,2.9
36,dbeaver,6.863,settle,713624336,2,11.4569,7.4
36,dbeaver,7.118,settle,713624336,2,11.4608,1.6
36,dbeaver,7.373,settle,713624336,2,11.4718,4.2
36,dbeaver,7.627,settle,713624336,2,11.4794,3.0
36,dbeaver,7.880,settle,713624336,2,11.4928,5.2
36,dbeaver,8.135,settle,713624336,2,11.5037,4.3
36,dbeaver,8.389,settle,713509648,2,11.5186,5.8
36,dbeaver,8.641,settle,713345808,2,11.5311,5.1
36,dbeaver,8.893,query,713345808,2,11.5377,2.6
36,dbeaver,9.146,query,713247504,2,11.5500,4.8
36,dbeaver,9.401,query,713214736,2,11.5617,4.7
36,dbeaver,9.656,query,713214736,2,11.5695,3.1
36,dbeaver,9.912,query,713214736,2,11.5763,2.6
36,dbeaver,10.167,query,713214736,2,11.5819,2.2
36,dbeaver,10.422,query,713214736,2,11.5918,3.9
36,dbeaver,10.677,query,713214736,2,11.5961,1.7
36,dbeaver,10.932,query,713198352,2,11.6117,6.2
36,dbeaver,11.185,query,713198352,2,11.6171,2.1
36,dbeaver,11.438,query,713198352,2,11.6307,5.4
36,dbeaver,11.693,query,713214736,2,11.6406,3.9
36,dbeaver,11.949,query,713214736,2,11.6537,5.2
36,dbeaver,12.201,query,713214736,2,11.6594,2.3
36,dbeaver,12.456,query,713214736,2,11.6697,4.0
36,dbeaver,12.711,query,713214736,2,11.6734,1.4
36,dbeaver,12.966,query,713214736,2,11.6796,2.4
36,dbeaver,13.221,query,713214736,2,11.6877,3.2
36,dbeaver,13.477,query,713214736,2,11.6959,3.2
36,dbeaver,13.730,query,713214736,2,11.7028,2.7
36,dbeaver,13.984,query,713280224,2,11.7325,11.5
36,dbeaver,14.239,query,752290528,2,11.8259,37.2
36,dbeaver,14.494,query,752274144,2,11.8523,10.4
36,dbeaver,14.748,query,794184416,2,11.9137,24.2
36,dbeaver,15.003,query,755190496,2,12.0970,70.5
36,dbeaver,15.257,query,755026656,2,12.1260,11.7
36,dbeaver,15.512,query,755190496,2,12.1516,9.8
36,dbeaver,15.767,query,755337952,2,12.2009,19.4
36,dbeaver,16.022,query,714410720,2,12.2143,5.2
36,dbeaver,16.278,query,714410720,2,12.2239,3.8
36,dbeaver,16.533,query,800852704,2,12.4195,77.5
36,dbeaver,16.788,query,856443616,2,13.1755,296.1
36,dbeaver,17.043,query,861407992,2,13.8907,279.7
36,dbeaver,17.298,query,915671776,2,14.0929,79.4
36,dbeaver,17.551,query,913410784,2,14.2381,57.1
36,dbeaver,17.805,query,913410784,2,14.2532,5.9
36,dbeaver,18.060,query,871582432,2,14.2785,9.9
36,dbeaver,18.313,query,883837688,2,14.4120,53.4
36,dbeaver,18.566,query,738986744,2,14.4735,24.3
36,dbeaver,18.821,query,750439160,2,14.6028,50.5
36,dbeaver,19.076,query,745163512,2,14.6773,29.2
36,dbeaver,19.331,query,745212664,2,14.7561,31.0
36,dbeaver,19.587,query,745261816,2,14.8587,40.0
36,dbeaver,19.842,query,734006008,2,15.0201,63.8
36,dbeaver,20.094,query,734186232,2,15.1341,45.0
36,dbeaver,20.348,query,734202616,2,15.2673,52.3
36,dbeaver,20.598,query,732105464,2,15.3177,20.2
36,dbeaver,20.854,query,732269304,2,15.4196,39.8
36,dbeaver,21.109,query,851528440,2,15.5894,65.9
36,dbeaver,21.361,query,849464056,2,15.6643,30.1
36,dbeaver,21.616,query,845269752,2,15.7239,23.1
36,dbeaver,21.871,query,845351672,2,15.7970,28.9
36,dbeaver,22.126,query,736512760,2,15.8630,25.6
36,dbeaver,22.379,after-query,736578296,2,15.8839,8.4
36,dbeaver,22.634,after-query,736611064,2,15.9017,6.8
36,dbeaver,22.889,after-query,734186232,2,15.9118,4.0
36,dbeaver,23.143,after-query,722897656,2,15.9186,2.7
36,dbeaver,23.397,after-query,722881272,2,15.9363,7.0
36,dbeaver,23.650,after-query,722897656,2,15.9463,3.9
36,dbeaver,23.905,after-query,722799352,2,15.9577,4.5
36,dbeaver,24.161,after-query,722799352,2,15.9639,2.4
36,dbeaver,24.416,after-query,722848504,2,15.9786,5.9
36,dbeaver,24.671,after-query,722881272,2,15.9950,6.3
36,dbeaver,24.926,after-query,722094840,2,16.0052,4.0
36,dbeaver,25.181,after-query,722111224,2,16.0126,2.9
36,dbeaver,25.436,after-query,721931000,2,16.0208,3.2
36,dbeaver,25.691,after-query,721931000,2,16.0270,2.4
36,dbeaver,25.945,after-query,721603320,2,16.0334,2.5
36,dbeaver,26.197,after-query,721603320,2,16.0423,3.4
36,dbeaver,26.452,after-query,721603320,2,16.0497,2.9
36,dbeaver,26.705,after-query,721603320,2,16.0594,3.9
36,pgpad,0.255,launch,17449920,1,0.1255,
36,pgpad,0.507,settle,47663600,4,0.3889,90.6
36,pgpad,0.762,settle,49810048,4,0.4736,33.3
36,pgpad,1.015,settle,234098264,5,0.7850,122.3
36,pgpad,1.266,settle,233328216,5,0.7863,0.5
36,pgpad,1.522,settle,229707352,5,0.7949,3.4
36,pgpad,1.779,settle,226053720,5,0.8182,9.1
36,pgpad,2.034,settle,224251480,5,0.8236,2.1
36,pgpad,2.289,settle,157666904,5,0.8278,1.6
36,pgpad,2.542,settle,157273688,5,0.8293,0.6
36,pgpad,2.797,settle,156995160,5,0.8306,0.5
36,pgpad,3.052,settle,156962392,5,0.8311,0.2
36,pgpad,3.307,settle,156733016,5,0.8317,0.2
36,pgpad,3.562,settle,156683864,5,0.8322,0.2
36,pgpad,3.817,settle,156683864,5,0.8327,0.2
36,pgpad,4.073,settle,156683864,5,0.8330,0.1
36,pgpad,4.327,settle,156683864,5,0.8332,0.1
36,pgpad,4.582,settle,156683864,5,0.8335,0.1
36,pgpad,4.837,settle,156683864,5,0.8335,0.0
36,pgpad,5.092,settle,156683864,5,0.8335,0.0
36,pgpad,5.347,settle,156536408,5,0.8343,0.3
36,pgpad,5.600,query,156536408,5,0.8385,1.7
36,pgpad,5.855,query,156536408,5,0.8387,0.1
36,pgpad,6.108,query,156536408,5,0.8391,0.1
36,pgpad,6.360,query,156421720,5,0.8396,0.2
36,pgpad,6.612,query,156421720,5,0.8399,0.1
36,pgpad,6.862,query,156323416,5,0.8405,0.2
36,pgpad,7.113,query,156274264,5,0.8407,0.1
36,pgpad,7.368,query,156175960,5,0.8408,0.1
36,pgpad,7.620,query,156175960,5,0.8408,0.0
36,pgpad,7.874,query,156175960,5,0.8408,0.0
36,pgpad,8.130,query,156175960,5,0.8408,0.0
36,pgpad,8.385,query,156175960,5,0.8409,0.0
36,pgpad,8.640,query,156175960,5,0.8409,0.0
36,pgpad,8.895,query,156094040,5,0.8517,4.3
36,pgpad,9.150,query,156094040,5,0.8565,1.8
36,pgpad,9.402,query,156094040,5,0.8572,0.3
36,pgpad,9.657,query,156094040,5,0.8579,0.3
36,pgpad,9.910,query,156094040,5,0.8585,0.2
36,pgpad,10.165,query,156094040,5,0.8590,0.2
36,pgpad,10.419,query,156094040,5,0.8592,0.1
36,pgpad,10.670,query,225627784,5,0.9016,16.9
36,pgpad,10.925,query,284348136,5,0.9869,32.9
36,pgpad,11.180,query,284020456,5,0.9892,0.9
36,pgpad,11.436,query,283987688,5,0.9945,2.1
36,pgpad,11.691,query,283873000,5,0.9961,0.6
36,pgpad,11.944,query,234229480,5,1.0526,22.3
36,pgpad,12.200,query,257741144,6,1.1877,52.9
36,pgpad,12.455,query,257986904,6,1.1972,3.7
36,pgpad,12.710,query,257904984,6,1.2456,19.0
36,pgpad,12.965,query,269275504,6,1.2557,4.0
36,pgpad,13.219,query,269291888,6,1.2587,1.2
36,pgpad,13.471,query,268341616,6,1.2856,10.6
36,pgpad,13.726,query,268390768,6,1.3123,10.6
36,pgpad,13.980,query,226906480,6,1.3140,0.7
36,pgpad,14.232,query,330715552,6,1.5750,103.0
36,pgpad,14.487,query,424808888,6,1.6188,17.0
36,pgpad,14.740,query,424612280,6,1.6248,2.4
36,pgpad,14.995,query,423334328,6,1.6337,3.5
36,pgpad,15.251,query,422564280,6,1.6357,0.8
36,pgpad,15.505,query,286200248,6,1.6481,4.9
36,pgpad,15.757,query,261984696,6,1.6515,1.3
36,pgpad,16.011,query,261968312,6,1.6636,4.8
36,pgpad,16.265,query,340480440,6,1.6994,14.0
36,pgpad,16.521,query,390255056,6,1.7700,27.7
36,pgpad,16.774,query,396333520,6,1.8037,13.1
36,pgpad,17.028,query,391090640,6,1.8717,26.8
36,pgpad,17.281,query,391467472,6,1.9221,20.2
36,pgpad,17.533,query,391860688,6,1.9750,20.7
36,pgpad,17.787,query,391549392,6,1.9813,2.5
36,pgpad,18.041,query,399233488,6,2.0519,28.4
36,pgpad,18.294,after-query,385503696,6,2.0888,14.4
36,pgpad,18.546,after-query,385225168,6,2.0936,1.9
36,pgpad,18.796,after-query,384733648,6,2.0966,1.2
36,pgpad,19.051,after-query,384717264,6,2.0982,0.6
36,pgpad,19.302,after-query,343462352,6,2.1013,1.2
36,pgpad,19.558,after-query,261427664,6,2.1021,0.3
36,pgpad,19.811,after-query,261394896,6,2.1031,0.4
36,pgpad,20.066,after-query,261394896,6,2.1036,0.2
36,pgpad,20.319,after-query,261362128,6,2.1044,0.3
36,pgpad,20.575,after-query,261280208,6,2.1051,0.3
36,pgpad,20.829,after-query,261181904,6,2.1059,0.3
36,pgpad,21.084,after-query,261231056,6,2.1109,1.9
36,pgpad,21.339,after-query,261231056,6,2.1115,0.2
36,pgpad,21.594,after-query,261165520,6,2.1123,0.3
36,pgpad,21.849,after-query,261165520,6,2.1131,0.3
36,pgpad,22.104,after-query,261165520,6,2.1138,0.2
36,pgpad,22.359,after-query,261165520,6,2.1143,0.2
36,pgpad,22.614,after-query,261165520,6,2.1146,0.1
36,pgpad,22.866,after-query,261165520,6,2.1146,0.0
36,pgpad,23.121,after-query,261165520,6,2.1146,0.0
36,pgpad,23.371,after-query,260936144,6,2.1153,0.3
36,dbgate,0.254,launch,9896848,1,0.0999,
36,dbgate,0.509,launch,53021720,3,0.3823,109.4
36,dbgate,0.764,launch,83594336,3,0.5904,81.4
36,dbgate,1.018,settle,215700160,4,0.9685,148.4
36,dbgate,1.273,settle,295672072,7,1.4230,179.3
36,dbgate,1.529,settle,619962960,7,2.4042,386.0
36,dbgate,1.784,settle,641099112,8,2.7694,140.7
36,dbgate,2.039,settle,641361256,8,2.8188,19.3
36,dbgate,2.294,settle,641590632,8,2.8632,17.3
36,dbgate,2.549,settle,639608168,8,2.9177,21.1
36,dbgate,2.805,settle,631072104,8,2.9924,29.7
36,dbgate,3.060,settle,631072104,8,3.0098,6.8
36,dbgate,3.315,settle,631055720,8,3.0223,4.9
36,dbgate,3.570,settle,631055720,8,3.0425,8.0
36,dbgate,3.824,settle,626746728,8,3.0551,4.9
36,dbgate,4.076,settle,615687528,8,3.0778,8.9
36,dbgate,4.328,settle,615671144,8,3.0887,4.4
36,dbgate,4.583,settle,615687528,8,3.1036,5.8
36,dbgate,4.839,settle,605693288,8,3.1150,4.5
36,dbgate,5.094,settle,605726056,8,3.1364,8.4
36,dbgate,5.349,settle,605709672,8,3.1507,5.5
36,dbgate,5.604,settle,605709672,8,3.1688,7.2
36,dbgate,5.855,settle,605693288,8,3.1846,6.3
36,dbgate,6.108,query,605693288,8,3.1974,5.1
36,dbgate,6.359,query,575825256,8,3.2117,5.6
36,dbgate,6.614,query,575841640,8,3.2268,5.9
36,dbgate,6.866,query,513418600,8,3.2475,8.2
36,dbgate,7.121,query,513418600,8,3.2606,5.1
36,dbgate,7.376,query,513434984,8,3.2767,6.3
36,dbgate,7.631,query,513418600,8,3.2944,6.9
36,dbgate,7.887,query,481895784,8,3.3113,6.7
36,dbgate,8.142,query,481879400,8,3.3264,5.9
36,dbgate,8.396,query,481895784,8,3.3422,6.2
36,dbgate,8.651,query,481879400,8,3.3561,5.5
36,dbgate,8.906,query,481863016,8,3.3719,6.2
36,dbgate,9.162,query,481846632,8,3.3865,5.7
36,dbgate,9.413,query,481895784,8,3.3989,5.0
36,dbgate,9.663,query,481879400,8,3.4108,4.8
36,dbgate,9.917,query,481895784,8,3.4211,4.1
36,dbgate,10.172,query,481879400,8,3.4335,4.8
36,dbgate,10.427,query,481895784,8,3.4443,4.2
36,dbgate,10.680,query,481879400,8,3.4581,5.4
36,dbgate,10.933,query,481895784,8,3.4728,5.8
36,dbgate,11.188,query,481879424,8,3.4847,4.6
36,dbgate,11.442,query,481912192,8,3.4977,5.2
36,dbgate,11.694,query,481895808,8,3.5085,4.3
36,dbgate,11.945,query,544744832,8,3.5602,20.2
36,dbgate,12.197,query,608331136,8,3.6246,25.7
36,dbgate,12.452,query,608314752,8,3.6367,4.8
36,dbgate,12.708,query,608920960,8,3.6699,12.9
36,dbgate,12.963,query,608560512,8,3.6948,9.6
36,dbgate,13.218,query,662268392,9,4.0055,124.1
36,dbgate,13.472,query,768813664,9,4.3241,125.2
36,dbgate,13.727,query,769993312,9,4.3693,17.5
36,dbgate,13.982,query,769993312,9,4.3833,5.5
36,dbgate,14.238,query,782379640,9,4.6648,111.7
36,dbgate,14.493,query,786098832,9,4.8961,90.1
36,dbgate,14.747,query,799550120,9,5.1874,115.5
36,dbgate,15.001,query,800746152,9,5.4086,87.3
36,dbgate,15.252,query,807496384,9,5.6501,96.1
36,dbgate,15.505,query,813181656,9,5.8637,84.2
36,dbgate,15.757,query,817130200,9,6.0324,67.0
36,dbgate,16.011,query,830335704,9,6.2418,81.9
36,dbgate,16.265,query,836496088,9,6.4077,65.9
36,dbgate,16.520,query,841247448,9,6.5589,59.8
36,dbgate,16.771,query,844655320,9,6.6911,52.0
36,dbgate,17.023,query,837413592,9,6.7863,37.6
36,dbgate,17.276,query,841575128,9,6.9412,61.2
36,dbgate,17.530,query,845425368,9,7.0824,56.2
36,dbgate,17.784,query,847276760,9,7.1813,38.7
36,dbgate,18.035,query,823847640,9,7.4141,92.9
36,dbgate,18.290,query,823847640,9,7.5672,59.8
36,dbgate,18.541,query,715778776,9,7.6780,44.2
36,dbgate,18.796,query,717892312,9,7.8382,62.1
36,dbgate,19.049,query,717941464,9,7.9627,49.1
36,dbgate,19.304,query,717810392,9,8.0192,22.4
36,dbgate,19.559,after-query,717794008,9,8.0370,7.0
36,dbgate,19.815,after-query,701541080,9,8.0587,8.5
36,dbgate,20.070,after-query,701573848,9,8.0758,6.7
36,dbgate,20.325,after-query,701557464,9,8.0906,5.7
36,dbgate,20.580,after-query,696314584,9,8.1059,6.0
36,dbgate,20.835,after-query,685566656,9,8.1268,8.2
36,dbgate,21.090,after-query,675703488,9,8.1426,6.2
36,dbgate,21.345,after-query,675769024,9,8.1625,7.8
36,dbgate,21.597,after-query,675769024,9,8.1764,5.6
36,dbgate,21.853,after-query,673655488,9,8.1953,7.3
36,dbgate,22.105,after-query,673639104,9,8.2100,5.9
36,dbgate,22.360,after-query,673622720,9,8.2226,4.8
36,dbgate,22.615,after-query,673606336,9,8.2385,6.2
36,dbgate,22.870,after-query,673589952,9,8.2522,5.4
36,dbgate,23.125,after-query,673606336,9,8.2691,6.7
36,dbgate,23.380,after-query,673622720,9,8.2850,6.2
36,dbgate,23.634,after-query,673639104,9,8.3043,7.5
36,dbgate,23.889,after-query,673622720,9,8.3183,5.5
37,dbgate,0.255,launch,33178848,1,0.1671,
37,dbgate,0.510,launch,82168952,3,0.4639,114.5
37,dbgate,0.765,settle,197694168,4,0.8577,155.4
37,dbgate,1.017,settle,273029000,5,1.2634,162.4
37,dbgate,1.272,settle,604644280,8,2.2772,392.6
37,dbgate,1.527,settle,633873768,8,2.7431,183.0
37,dbgate,1.783,settle,633562472,8,2.7602,6.7
37,dbgate,2.037,settle,633709928,8,2.7848,9.8
37,dbgate,2.292,settle,633775464,8,2.8059,8.2
37,dbgate,2.547,settle,621028712,8,2.8249,7.5
37,dbgate,2.802,settle,621061480,8,2.8416,6.5
37,dbgate,3.057,settle,618816872,8,2.8542,4.9
37,dbgate,3.309,settle,618833256,8,2.8709,6.9
37,dbgate,3.560,settle,616375656,8,2.8813,4.1
37,dbgate,3.815,settle,606479696,8,2.9008,7.5
37,dbgate,4.071,settle,606463312,8,2.9133,4.9
37,dbgate,4.325,settle,606463312,8,2.9290,6.3
37,dbgate,4.581,settle,606463312,8,2.9404,4.4
37,dbgate,4.836,settle,606479696,8,2.9621,8.7
37,dbgate,5.091,settle,606463312,8,2.9728,4.1
37,dbgate,5.346,settle,606479696,8,2.9917,7.5
37,dbgate,5.600,settle,606479696,8,3.0035,4.6
37,dbgate,5.851,query,606496080,8,3.0204,6.9
37,dbgate,6.104,query,606496080,8,3.0322,4.6
37,dbgate,6.356,query,576415056,8,3.0601,10.8
37,dbgate,6.611,query,576415056,8,3.0730,5.1
37,dbgate,6.867,query,487695720,8,3.0969,9.2
37,dbgate,7.120,query,487679336,8,3.1085,4.7
37,dbgate,7.375,query,487695720,8,3.1222,5.4
37,dbgate,7.631,query,487712104,8,3.1369,5.7
37,dbgate,7.886,query,487662952,8,3.1471,4.0
37,dbgate,8.141,query,487662952,8,3.1610,5.4
37,dbgate,8.392,query,487679336,8,3.1737,5.2
37,dbgate,8.645,query,487712104,8,3.1849,4.3
37,dbgate,8.901,query,487695720,8,3.1998,5.8
37,dbgate,9.156,query,487777664,8,3.2123,5.0
37,dbgate,9.410,query,487810432,8,3.2234,4.3
37,dbgate,9.665,query,487826816,8,3.2357,4.8
37,dbgate,9.918,query,487810432,8,3.2515,6.3
37,dbgate,10.171,query,487843200,8,3.2632,4.6
37,dbgate,10.422,query,487826816,8,3.2746,4.6
37,dbgate,10.677,query,487843200,8,3.2868,4.7
37,dbgate,10.930,query,487826816,8,3.3018,6.0
37,dbgate,11.183,query,487810432,8,3.3136,4.7
37,dbgate,11.438,query,487810432,8,3.3266,5.1
37,dbgate,11.693,query,547366272,8,3.3825,21.8
37,dbgate,11.949,query,548807992,8,3.4390,21.8
37,dbgate,12.200,query,604022144,8,3.4628,9.4
37,dbgate,12.454,query,604366208,8,3.4966,13.4
37,dbgate,12.710,query,604513664,8,3.5247,10.9
37,dbgate,12.960,query,660793832,9,3.8133,116.0
37,dbgate,13.213,query,751692432,9,4.1572,136.5
37,dbgate,13.468,query,766454440,9,4.2231,25.6
37,dbgate,13.723,query,766438056,9,4.2360,5.1
37,dbgate,13.977,query,772664000,9,4.4522,85.7
37,dbgate,14.230,query,779315952,9,4.7057,99.5
37,dbgate,14.485,query,784034544,9,5.0071,119.0
37,dbgate,14.738,query,786705136,9,5.2266,85.7
37,dbgate,14.993,query,794634992,9,5.4726,97.0
37,dbgate,15.246,query,802024200,9,5.6981,88.9
37,dbgate,15.501,query,806529800,9,5.8981,78.1
37,dbgate,15.755,query,813132552,9,6.0871,74.2
37,dbgate,16.008,query,824617736,9,6.2732,73.9
37,dbgate,16.263,query,828664584,9,6.4032,51.5
37,dbgate,16.518,query,833628936,9,6.5702,65.0
37,dbgate,16.771,query,835840776,9,6.7981,89.6
37,dbgate,17.025,query,835824392,9,6.9144,45.7
37,dbgate,17.276,query,835857160,9,7.0639,60.1
37,dbgate,17.531,query,835955464,9,7.1629,39.0
37,dbgate,17.787,query,806513416,9,7.3148,59.2
37,dbgate,18.040,query,806284040,9,7.4636,58.6
37,dbgate,18.295,query,721873672,9,7.5705,42.2
37,dbgate,18.546,query,700492552,9,7.7169,57.1
37,dbgate,18.797,query,700263176,9,7.8510,54.0
37,dbgate,19.052,query,700476168,9,7.9381,34.2
37,dbgate,19.307,after-query,700427016,9,7.9561,7.2
37,dbgate,19.562,after-query,699886344,9,7.9717,5.9
37,dbgate,19.818,after-query,699902728,9,7.9893,6.8
37,dbgate,20.073,after-query,695167752,9,8.0005,4.5
37,dbgate,20.325,after-query,695167752,9,8.0132,4.9
37,dbgate,20.580,after-query,679471880,9,8.0301,6.7
37,dbgate,20.832,after-query,659548912,9,8.0510,8.3
37,dbgate,21.087,after-query,659614448,9,8.0693,7.1
37,dbgate,21.339,after-query,659647216,9,8.0839,5.8
37,dbgate,21.590,after-query,657582832,9,8.1046,8.4
37,dbgate,21.845,after-query,657500912,9,8.1207,6.2
37,dbgate,22.100,after-query,657484528,9,8.1342,5.4
37,dbgate,22.355,after-query,657484528,9,8.1509,6.5
37,dbgate,22.611,after-query,657451760,9,8.1660,5.9
37,dbgate,22.866,after-query,657468144,9,8.1826,6.5
37,dbgate,23.117,after-query,657451760,9,8.1969,5.8
37,dbgate,23.372,after-query,657484528,9,8.2133,6.4
37,dbgate,23.623,after-query,657484528,9,8.2268,5.4
37,dbgate,23.875,after-query,657500912,9,8.2391,4.9
37,dbeaver,0.252,launch,21627792,1,0.1125,
37,dbeaver,0.508,launch,67879896,1,0.5678,176.1
37,dbeaver,0.762,launch,114000928,1,1.1558,231.5
37,dbeaver,1.015,launch,139035704,1,1.6940,215.7
37,dbeaver,1.269,launch,161596496,1,2.3156,244.6
37,dbeaver,1.520,launch,181011776,1,2.9424,247.0
37,dbeaver,1.775,launch,220399032,1,3.6269,268.4
37,dbeaver,2.030,launch,251725240,1,4.1319,197.4
37,dbeaver,2.285,launch,265356728,1,4.8572,285.0
37,dbeaver,2.540,launch,289244600,1,5.7949,366.9
37,dbeaver,2.795,launch,298665424,1,6.7694,382.9
37,dbeaver,3.050,launch,315295208,1,7.5416,302.3
37,dbeaver,3.305,launch,323995184,1,8.3104,302.1
37,dbeaver,3.560,launch,464554024,1,8.8664,217.3
37,dbeaver,3.811,settle,833964768,2,9.6969,329.8
37,dbeaver,4.066,settle,905480928,2,10.4949,315.7
37,dbeaver,4.321,settle,948210400,2,10.7215,87.9
37,dbeaver,4.573,settle,1018989280,2,11.5278,323.1
37,dbeaver,4.829,settle,962972384,2,11.5425,5.6
37,dbeaver,5.082,settle,890899168,2,11.5885,18.4
37,dbeaver,5.337,settle,826821344,2,11.6065,7.0
37,dbeaver,5.592,settle,728451808,2,11.6183,4.6
37,dbeaver,5.847,settle,719866592,2,11.6322,5.4
37,dbeaver,6.102,settle,719866592,2,11.6372,2.0
37,dbeaver,6.357,settle,719866592,2,11.6549,6.8
37,dbeaver,6.612,settle,719882976,2,11.6646,3.8
37,dbeaver,6.866,settle,719882976,2,11.6801,6.1
37,dbeaver,7.120,settle,719882976,2,11.6866,2.5
37,dbeaver,7.373,settle,682035936,2,11.6977,4.4
37,dbeaver,7.627,settle,719882976,2,11.7141,6.5
37,dbeaver,7.882,settle,719899360,2,11.7252,4.3
37,dbeaver,8.137,settle,719899360,2,11.7371,4.7
37,dbeaver,8.392,settle,719833824,2,11.7475,4.0
37,dbeaver,8.647,settle,719719136,2,11.7619,5.7
37,dbeaver,8.902,query,719702752,2,11.7675,2.2
37,dbeaver,9.158,query,719669984,2,11.7816,5.4
37,dbeaver,9.413,query,719555296,2,11.7867,2.0
37,dbeaver,9.667,query,719555296,2,11.7966,3.9
37,dbeaver,9.923,query,719555296,2,11.8029,2.4
37,dbeaver,10.178,query,719555296,2,11.8104,3.0
37,dbeaver,10.433,query,719555296,2,11.8225,4.8
37,dbeaver,10.688,query,719555296,2,11.8291,2.5
37,dbeaver,10.944,query,719571680,2,11.8420,5.1
37,dbeaver,11.198,query,719588064,2,11.8500,3.2
37,dbeaver,11.452,query,719653600,2,11.8742,9.4
37,dbeaver,11.708,query,719653600,2,11.8813,2.8
37,dbeaver,11.959,query,719653600,2,11.8920,4.4
37,dbeaver,12.213,query,719653600,2,11.8974,2.1
37,dbeaver,12.466,query,719653600,2,11.9080,4.2
37,dbeaver,12.719,query,719653600,2,11.9127,1.8
37,dbeaver,12.974,query,719653600,2,11.9208,3.2
37,dbeaver,13.229,query,719653600,2,11.9301,3.7
37,dbeaver,13.479,query,719653600,2,11.9395,3.8
37,dbeaver,13.734,query,719653600,2,11.9477,3.2
37,dbeaver,13.986,query,719768264,2,11.9723,9.5
37,dbeaver,14.240,query,720898760,2,12.0311,23.7
37,dbeaver,14.495,query,758958792,2,12.0796,18.9
37,dbeaver,14.750,query,758647496,2,12.1854,41.1
37,dbeaver,15.005,query,770575072,2,12.5541,144.8
37,dbeaver,15.260,query,769116896,2,12.5650,4.2
37,dbeaver,15.512,query,769264352,2,12.5992,13.7
37,dbeaver,15.765,query,769460960,2,12.6213,8.8
37,dbeaver,16.021,query,728566496,2,12.6340,4.9
37,dbeaver,16.276,query,728582880,2,12.6417,3.0
37,dbeaver,16.527,query,859130592,2,12.8490,84.1
37,dbeaver,16.782,query,959744736,2,13.5560,275.5
37,dbeaver,17.037,query,920996576,2,14.1721,241.6
37,dbeaver,17.288,query,972524256,2,14.3767,82.0
37,dbeaver,17.541,query,972786400,2,14.5351,62.0
37,dbeaver,17.794,query,931613408,2,14.5616,10.5
37,dbeaver,18.049,query,889817824,2,14.5813,7.7
37,dbeaver,18.304,query,783600376,2,14.7056,49.5
37,dbeaver,18.555,query,756730616,2,14.7750,27.6
37,dbeaver,18.810,query,756943608,2,14.9022,49.7
37,dbeaver,19.065,query,750160632,2,14.9781,29.8
37,dbeaver,19.320,query,750209784,2,15.0652,34.0
37,dbeaver,19.575,query,750144248,2,15.1487,32.9
37,dbeaver,19.831,query,750504696,2,15.3104,63.8
37,dbeaver,20.082,query,750652152,2,15.4133,40.6
37,dbeaver,20.337,query,750734072,2,15.5681,61.2
37,dbeaver,20.592,query,748653304,2,15.6169,19.0
37,dbeaver,20.847,query,748751608,2,15.7071,35.5
37,dbeaver,21.101,query,871795448,2,15.9057,79.2
37,dbeaver,21.353,query,869714680,2,15.9766,27.4
37,dbeaver,21.606,query,869763832,2,16.0411,25.6
37,dbeaver,21.861,query,865667832,2,16.1118,27.6
37,dbeaver,22.115,query,864389880,2,16.1780,26.0
37,dbeaver,22.366,after-query,756894456,2,16.1947,6.8
37,dbeaver,22.622,after-query,756894456,2,16.2004,2.2
37,dbeaver,22.877,after-query,751946488,2,16.2149,5.7
37,dbeaver,23.132,after-query,751962872,2,16.2242,3.6
37,dbeaver,23.387,after-query,740641528,2,16.2350,4.2
37,dbeaver,23.639,after-query,740641528,2,16.2405,2.2
37,dbeaver,23.894,after-query,740543224,2,16.2526,4.8
37,dbeaver,24.150,after-query,740543224,2,16.2583,2.2
37,dbeaver,24.402,after-query,740543224,2,16.2700,4.7
37,dbeaver,24.658,after-query,740625144,2,16.2873,6.7
37,dbeaver,24.912,after-query,739576568,2,16.2986,4.5
37,dbeaver,25.167,after-query,739592952,2,16.3046,2.4
37,dbeaver,25.418,after-query,739592952,2,16.3108,2.4
37,dbeaver,25.669,after-query,739576568,2,16.3211,4.1
37,dbeaver,25.924,after-query,739298040,2,16.3311,3.9
37,dbeaver,26.177,after-query,739232504,2,16.3485,7.1
37,dbeaver,26.429,after-query,739232504,2,16.3564,3.1
37,dbeaver,26.684,after-query,739232504,2,16.3754,7.5
37,dbeaver,26.934,after-query,739232504,2,16.3808,2.2
37,pgpad,0.254,launch,19055768,2,0.1383,
37,pgpad,0.510,settle,48155144,4,0.3976,99.8
37,pgpad,0.764,settle,50055808,4,0.4889,35.9
37,pgpad,1.015,settle,236113472,5,0.8034,125.2
37,pgpad,1.270,settle,235900480,5,0.8054,0.8
37,pgpad,1.525,settle,232066624,5,0.8155,4.0
37,pgpad,1.780,settle,228019776,5,0.8441,11.3
37,pgpad,2.033,settle,226397760,5,0.8503,2.4
37,pgpad,2.288,settle,165760576,5,0.8533,1.2
37,pgpad,2.541,settle,165367360,5,0.8545,0.5
37,pgpad,2.797,settle,164957760,5,0.8558,0.5
37,pgpad,3.052,settle,157601344,5,0.8570,0.5
37,pgpad,3.307,settle,157552192,5,0.8576,0.2
37,pgpad,3.560,settle,157470272,5,0.8581,0.2
37,pgpad,3.813,settle,157470272,5,0.8584,0.1
37,pgpad,4.063,settle,157470272,5,0.8588,0.1
37,pgpad,4.318,settle,157470272,5,0.8590,0.1
37,pgpad,4.572,settle,157470272,5,0.8593,0.1
37,pgpad,4.824,settle,157470272,5,0.8593,0.0
37,pgpad,5.077,settle,157470272,5,0.8593,0.0
37,pgpad,5.332,settle,157470272,5,0.8598,0.2
37,pgpad,5.587,query,157290048,5,0.8655,2.3
37,pgpad,5.840,query,157290048,5,0.8657,0.1
37,pgpad,6.095,query,157257280,5,0.8662,0.2
37,pgpad,6.350,query,157109824,5,0.8665,0.1
37,pgpad,6.605,query,157109824,5,0.8668,0.1
37,pgpad,6.860,query,157060672,5,0.8672,0.1
37,pgpad,7.111,query,157060672,5,0.8672,0.0
37,pgpad,7.366,query,157060672,5,0.8672,0.0
37,pgpad,7.622,query,156814912,5,0.8674,0.1
37,pgpad,7.877,query,156814912,5,0.8674,0.0
37,pgpad,8.131,query,156814912,5,0.8674,0.0
37,pgpad,8.386,query,156814912,5,0.8674,0.0
37,pgpad,8.636,query,156814912,5,0.8674,0.0
37,pgpad,8.888,query,156700224,5,0.8741,2.7
37,pgpad,9.140,query,156782144,5,0.8820,3.1
37,pgpad,9.396,query,156782144,5,0.8829,0.4
37,pgpad,9.646,query,156782144,5,0.8837,0.3
37,pgpad,9.900,query,156782144,5,0.8841,0.2
37,pgpad,10.155,query,156782144,5,0.8849,0.3
37,pgpad,10.410,query,156782144,5,0.8851,0.1
37,pgpad,10.665,query,223497816,5,0.9227,14.7
37,pgpad,10.920,query,285052600,5,1.0360,43.8
37,pgpad,11.175,query,284937912,5,1.0392,1.3
37,pgpad,11.427,query,284921528,5,1.0432,1.6
37,pgpad,11.678,query,284774072,5,1.0455,0.9
37,pgpad,11.929,query,234835640,5,1.0947,20.0
37,pgpad,12.185,query,245403944,6,1.2361,54.7
37,pgpad,12.440,query,258773288,6,1.2640,10.9
37,pgpad,12.691,query,256413992,6,1.2658,0.7
37,pgpad,12.947,query,276009280,6,1.3257,23.5
37,pgpad,13.202,query,275992896,6,1.3291,1.3
37,pgpad,13.456,query,275009856,6,1.3489,7.9
37,pgpad,13.709,query,275042624,6,1.3696,8.2
37,pgpad,13.964,query,233509184,6,1.3725,1.1
37,pgpad,14.219,query,290017600,6,1.4723,38.7
37,pgpad,14.474,query,369316232,6,1.6883,85.1
37,pgpad,14.729,query,366481800,6,1.6903,0.8
37,pgpad,14.984,query,363745672,6,1.7052,5.9
37,pgpad,15.235,query,363123080,6,1.7069,0.7
37,pgpad,15.488,query,362828168,6,1.7175,4.2
37,pgpad,15.743,query,261640584,6,1.7211,1.4
37,pgpad,15.998,query,261673352,6,1.7318,4.2
37,pgpad,16.250,query,367251848,6,1.7644,12.9
37,pgpad,16.505,query,413143480,6,1.8436,30.7
37,pgpad,16.760,query,413290936,6,1.8643,8.2
37,pgpad,17.015,query,413946296,6,1.9409,29.6
37,pgpad,17.270,query,414028216,6,1.9706,11.9
37,pgpad,17.525,query,407507384,6,2.0475,29.9
37,pgpad,17.780,query,401445304,6,2.0510,1.4
37,pgpad,18.035,query,407753144,6,2.0937,16.4
37,pgpad,18.290,after-query,375214520,6,2.1579,26.0
37,pgpad,18.545,after-query,372855224,6,2.1621,1.6
37,pgpad,18.796,after-query,372691384,6,2.1653,1.3
37,pgpad,19.051,after-query,371134904,6,2.1671,0.7
37,pgpad,19.306,after-query,368284088,6,2.1695,1.0
37,pgpad,19.559,after-query,260657592,6,2.1708,0.5
37,pgpad,19.814,after-query,260624824,6,2.1715,0.3
37,pgpad,20.067,after-query,260624824,6,2.1723,0.3
37,pgpad,20.322,after-query,260592056,6,2.1730,0.3
37,pgpad,20.577,after-query,260510136,6,2.1738,0.3
37,pgpad,20.832,after-query,260493752,6,2.1741,0.1
37,pgpad,21.086,after-query,260526520,6,2.1809,2.7
37,pgpad,21.338,after-query,260526520,6,2.1814,0.2
37,pgpad,21.593,after-query,260493752,6,2.1824,0.4
37,pgpad,21.845,after-query,260493752,6,2.1834,0.4
37,pgpad,22.100,after-query,260493752,6,2.1840,0.2
37,pgpad,22.355,after-query,260493752,6,2.1847,0.3
37,pgpad,22.609,after-query,260493752,6,2.1850,0.1
37,pgpad,22.861,after-query,260493752,6,2.1850,0.0
37,pgpad,23.116,after-query,260493752,6,2.1850,0.0
37,pgpad,23.367,after-query,260493752,6,2.1851,0.0
37,pgadmin,0.253,launch,12551296,1,0.1112,
37,pgadmin,0.508,launch,51514320,3,0.3633,97.8
37,pgadmin,0.762,launch,141317328,5,0.8094,174.4
37,pgadmin,1.017,launch,157013224,5,1.0417,91.6
37,pgadmin,1.272,launch,168039656,5,1.2647,87.7
37,pgadmin,1.525,launch,177214696,5,1.4912,89.2
37,pgadmin,1.778,launch,188257536,5,1.7121,87.5
37,pgadmin,2.029,launch,204526848,5,1.9450,93.1
37,pgadmin,2.284,launch,216208664,5,2.1799,91.9
37,pgadmin,2.536,launch,225318168,5,2.4130,92.5
37,pgadmin,2.791,launch,247895800,6,2.8398,166.4
37,pgadmin,3.042,launch,234771784,5,2.8604,87.6
37,pgadmin,3.297,launch,242718024,5,3.1002,93.9
37,pgadmin,3.552,launch,252581216,5,3.3494,98.1
37,pgadmin,3.805,launch,261707248,6,3.5695,87.1
37,pgadmin,4.060,launch,262133088,5,3.6195,20.1
37,pgadmin,4.315,launch,265475616,6,3.6939,29.5
37,pgadmin,4.570,settle,344249888,5,4.0886,192.0
37,pgadmin,4.825,settle,466032352,5,4.4260,131.8
37,pgadmin,5.081,settle,517412600,5,4.8100,150.8
37,pgadmin,5.336,settle,685676544,5,5.3614,218.0
37,pgadmin,5.591,settle,687085784,5,5.6634,115.6
37,pgadmin,5.846,settle,699865352,5,5.9223,102.6
37,pgadmin,6.101,settle,793565544,5,6.1597,92.7
37,pgadmin,6.356,settle,795236904,6,6.2316,28.2
37,pgadmin,6.611,settle,805100480,6,6.3438,43.8
37,pgadmin,6.862,settle,797432768,6,6.3736,11.8
37,pgadmin,7.117,settle,795483072,6,6.4060,12.7
37,pgadmin,7.372,settle,782392256,6,6.4450,15.4
37,pgadmin,7.624,settle,762715072,6,6.4803,14.0
37,pgadmin,7.879,settle,762796992,6,6.5125,12.6
37,pgadmin,8.134,settle,763108288,6,6.5750,24.8
37,pgadmin,8.389,settle,763141056,6,6.6040,11.2
37,pgadmin,8.645,settle,763272128,6,6.6406,14.3
37,pgadmin,8.899,settle,763337664,6,6.6677,10.6
37,pgadmin,9.155,settle,763468736,6,6.6982,12.1
37,pgadmin,9.407,query,763534272,6,6.7255,11.0
37,pgadmin,9.661,query,763665344,6,6.7456,7.9
37,pgadmin,9.912,query,763861976,6,6.7849,15.2
37,pgadmin,10.166,query,765418432,6,6.8562,28.5
37,pgadmin,10.420,query,765516712,6,6.8873,12.3
37,pgadmin,10.675,query,765696936,6,6.9189,12.2
37,pgadmin,10.929,query,765860776,6,6.9471,11.3
37,pgadmin,11.184,query,622992296,6,6.9914,17.1
37,pgadmin,11.438,query,623139752,6,7.0165,10.1
37,pgadmin,11.693,query,623172520,6,7.0452,11.0
37,pgadmin,11.944,query,623549352,6,7.0989,21.9
37,pgadmin,12.199,query,623745960,6,7.1308,12.2
37,pgadmin,12.450,query,623877032,6,7.1555,10.1
37,pgadmin,12.703,query,624040872,6,7.1836,11.3
37,pgadmin,12.958,query,624139176,6,7.2036,7.8
37,pgadmin,13.213,query,624270248,6,7.2240,8.0
37,pgadmin,13.465,query,624434088,6,7.2485,9.8
37,pgadmin,13.720,query,624565160,6,7.2709,8.7
37,pgadmin,13.975,query,625990568,6,7.3207,19.6
37,pgadmin,14.230,query,626105256,6,7.3420,8.3
37,pgadmin,14.483,query,626269096,6,7.3637,8.6
37,pgadmin,14.735,query,626416552,6,7.3924,11.3
37,pgadmin,14.990,query,626580392,6,7.4162,9.4
37,pgadmin,15.245,query,626727848,6,7.4453,11.3
37,pgadmin,15.500,query,626875304,6,7.4700,9.8
37,pgadmin,15.753,query,686365632,6,7.5952,48.9
37,pgadmin,16.009,query,730340264,6,7.9990,158.4
37,pgadmin,16.264,query,731028392,6,8.0326,13.1
37,pgadmin,16.519,query,731028392,6,8.0553,8.9
37,pgadmin,16.774,query,731028392,6,8.0739,7.3
37,pgadmin,17.030,query,731061160,6,8.0945,8.0
37,pgadmin,17.285,query,728980392,6,8.1180,9.2
37,pgadmin,17.540,query,813882304,6,8.3550,93.6
37,pgadmin,17.795,query,817765312,6,8.5411,72.4
37,pgadmin,18.049,query,822270912,6,8.6888,58.3
37,pgadmin,18.304,query,825285568,6,8.7999,43.0
37,pgadmin,18.557,query,832248792,6,8.9678,67.8
37,pgadmin,18.812,query,845700056,6,9.1480,70.3
37,pgadmin,19.063,query,846912472,6,9.1909,16.8
37,pgadmin,19.317,query,860789744,6,9.4179,89.6
37,pgadmin,19.570,query,868686832,6,9.5423,49.6
37,pgadmin,19.824,query,875142128,6,9.6942,60.0
37,pgadmin,20.079,query,889379824,6,9.8866,74.4
37,pgadmin,20.334,query,891689968,6,9.9635,30.3
37,pgadmin,20.589,query,902470664,6,10.1306,66.4
37,pgadmin,20.841,query,912219144,6,10.3198,74.3
37,pgadmin,21.096,query,911580168,6,10.4822,63.6
37,pgadmin,21.351,query,920296480,6,10.6106,50.5
37,pgadmin,21.606,query,927964192,6,10.7649,60.2
37,pgadmin,21.862,query,929209376,6,10.8102,17.8
37,pgadmin,22.113,query,940497952,6,10.9751,65.5
37,pgadmin,22.365,query,950279200,6,11.1347,63.8
37,pgadmin,22.619,query,937843744,6,11.2260,35.7
37,pgadmin,22.871,query,935418912,6,11.2521,10.4
37,pgadmin,23.124,after-query,935451680,6,11.2737,8.5
37,pgadmin,23.375,after-query,935517216,6,11.2966,9.1
37,pgadmin,23.630,after-query,931273760,6,11.3184,8.5
37,pgadmin,23.883,after-query,904485896,6,11.3443,10.2
37,pgadmin,24.136,after-query,904813576,6,11.3899,18.2
37,pgadmin,24.390,after-query,904895496,6,11.4106,8.1
37,pgadmin,24.645,after-query,905010184,6,11.4333,8.9
37,pgadmin,24.901,after-query,903470088,6,11.4588,10.0
37,pgadmin,25.156,after-query,903535624,6,11.4815,8.8
37,pgadmin,25.407,after-query,903584776,6,11.5035,9.1
37,pgadmin,25.661,after-query,903699464,6,11.5282,9.5
37,pgadmin,25.916,after-query,903846944,6,11.5607,12.9
37,pgadmin,26.171,after-query,885120008,6,11.6100,19.0
37,pgadmin,26.426,after-query,885169160,6,11.6332,9.1
37,pgadmin,26.681,after-query,885251080,6,11.6550,8.5
37,pgadmin,26.933,after-query,885251080,6,11.6751,8.2
37,pgadmin,27.188,after-query,885333000,6,11.6963,8.2
37,pgadmin,27.441,after-query,885398536,6,11.7139,7.0
38,dbeaver,0.252,launch,23692176,1,0.1306,
38,dbeaver,0.507,launch,72745992,1,0.6192,188.7
38,dbeaver,0.761,launch,114951248,1,1.1891,224.7
38,dbeaver,1.016,launch,141558864,1,1.7437,217.1
38,dbeaver,1.271,launch,162579536,1,2.3966,257.8
38,dbeaver,1.527,launch,184059200,1,3.0247,244.5
38,dbeaver,1.782,launch,223036832,1,3.7674,291.9
38,dbeaver,2.037,launch,252888504,1,4.2246,181.5
38,dbeaver,2.292,launch,267011512,1,4.8942,258.5
38,dbeaver,2.547,launch,277546424,1,5.7461,333.3
38,dbeaver,2.802,launch,298010088,1,6.7469,392.5
38,dbeaver,3.057,launch,311756264,1,7.4990,294.1
38,dbeaver,3.312,launch,320308976,1,8.3025,320.9
38,dbeaver,3.567,launch,632440896,1,8.9698,257.5
38,dbeaver,3.820,settle,839928424,2,9.8330,342.4
38,dbeaver,4.075,settle,986090112,2,10.5194,265.2
38,dbeaver,4.330,settle,1051396736,2,10.7908,107.7
38,dbeaver,4.585,settle,1048251008,2,11.4729,265.3
38,dbeaver,4.837,settle,992299648,2,11.5042,12.3
38,dbeaver,5.093,settle,881429120,2,11.5414,14.6
38,dbeaver,5.345,settle,817154688,2,11.5669,10.1
38,dbeaver,5.597,settle,718785152,2,11.5735,2.7
38,dbeaver,5.852,settle,710232704,2,11.5869,5.1
38,dbeaver,6.103,settle,710232704,2,11.5986,4.7
38,dbeaver,6.358,settle,710232704,2,11.6127,5.6
38,dbeaver,6.613,settle,710232704,2,11.6196,2.7
38,dbeaver,6.868,settle,710232704,2,11.6348,5.9
38,dbeaver,7.123,settle,710232704,2,11.6441,3.7
38,dbeaver,7.378,settle,710232704,2,11.6575,5.2
38,dbeaver,7.633,settle,710232704,2,11.6618,1.7
38,dbeaver,7.884,settle,710232704,2,11.6742,4.9
38,dbeaver,8.135,settle,710232704,2,11.6852,4.4
38,dbeaver,8.389,settle,710249088,2,11.6992,5.5
38,dbeaver,8.641,settle,710036096,2,11.7126,5.5
38,dbeaver,8.896,query,710036096,2,11.7181,2.1
38,dbeaver,9.151,query,709921408,2,11.7282,3.8
38,dbeaver,9.406,query,709921408,2,11.7374,3.6
38,dbeaver,9.662,query,709855872,2,11.7510,5.4
38,dbeaver,9.917,query,709855872,2,11.7555,1.7
38,dbeaver,10.172,query,709855872,2,11.7652,3.9
38,dbeaver,10.427,query,709855872,2,11.7729,2.9
38,dbeaver,10.678,query,709855872,2,11.7759,1.2
38,dbeaver,10.933,query,709773952,2,11.7909,5.8
38,dbeaver,11.188,query,709724800,2,11.7969,2.4
38,dbeaver,11.443,query,709790336,2,11.8201,9.0
38,dbeaver,11.699,query,709790336,2,11.8261,2.4
38,dbeaver,11.954,query,709790336,2,11.8433,6.8
38,dbeaver,12.206,query,709790336,2,11.8467,1.4
38,dbeaver,12.461,query,709806720,2,11.8556,3.5
38,dbeaver,12.716,query,710281856,2,11.8724,6.6
38,dbeaver,12.971,query,710281856,2,11.8821,3.8
38,dbeaver,13.226,query,710281856,2,11.8857,1.4
38,dbeaver,13.476,query,710298240,2,11.8929,2.9
38,dbeaver,13.728,query,710330984,2,11.9118,7.6
38,dbeaver,13.983,query,710298216,2,11.9286,6.4
38,dbeaver,14.239,query,749079120,2,12.0022,29.0
38,dbeaver,14.494,query,791251536,2,12.0790,30.2
38,dbeaver,14.749,query,792054352,2,12.2802,79.3
38,dbeaver,15.003,query,750963280,2,12.2973,6.7
38,dbeaver,15.258,query,750963280,2,12.3117,5.6
38,dbeaver,15.513,query,751159888,2,12.3421,11.9
38,dbeaver,15.768,query,751307344,2,12.3663,9.6
38,dbeaver,16.023,query,710396496,2,12.3801,5.4
38,dbeaver,16.278,query,710429264,2,12.3888,3.4
38,dbeaver,16.533,query,838240848,2,12.7775,154.3
38,dbeaver,16.788,query,904514128,2,13.5114,286.7
38,dbeaver,17.043,query,917342824,2,14.0684,217.5
38,dbeaver,17.299,query,919079528,2,14.2020,52.3
38,dbeaver,17.552,query,916556392,2,14.3602,62.5
38,dbeaver,17.808,query,916523624,2,14.3729,4.9
38,dbeaver,18.063,query,916621952,2,14.4127,15.8
38,dbeaver,18.318,query,885361280,2,14.5512,54.3
38,dbeaver,18.573,query,742115968,2,14.6085,21.9
38,dbeaver,18.829,query,742345344,2,14.7263,47.0
38,dbeaver,19.084,query,746441344,2,14.8353,42.8
38,dbeaver,19.339,query,746441344,2,14.9075,28.5
38,dbeaver,19.594,query,746506880,2,15.0101,40.1
38,dbeaver,19.848,query,746556032,2,15.1319,47.8
38,dbeaver,20.100,query,746834560,2,15.2728,56.2
38,dbeaver,20.355,query,744786560,2,15.3630,35.2
38,dbeaver,20.606,query,744852096,2,15.4409,31.0
38,dbeaver,20.860,query,867633792,2,15.6066,65.5
38,dbeaver,21.115,query,856083072,2,15.6774,27.8
38,dbeaver,21.368,query,854100608,2,15.7820,41.1
38,dbeaver,21.623,query,849939072,2,15.8403,22.8
38,dbeaver,21.878,query,848710272,2,15.9006,23.7
38,dbeaver,22.131,query,741182080,2,15.9674,26.9
38,dbeaver,22.385,after-query,741182080,2,15.9729,2.2
38,dbeaver,22.635,after-query,741149312,2,15.9853,4.9
38,dbeaver,22.890,after-query,741149312,2,15.9931,3.1
38,dbeaver,23.145,after-query,724945536,2,15.9997,2.6
38,dbeaver,23.398,after-query,724912768,2,16.0140,5.6
38,dbeaver,23.648,after-query,724912768,2,16.0201,2.5
38,dbeaver,23.903,after-query,724929152,2,16.0307,4.2
38,dbeaver,24.157,after-query,724830848,2,16.0356,1.9
38,dbeaver,24.410,after-query,724847232,2,16.0468,4.5
38,dbeaver,24.665,after-query,724863616,2,16.0608,5.4
38,dbeaver,24.921,after-query,724863616,2,16.0710,4.0
38,dbeaver,25.176,after-query,724880000,2,16.0763,2.1
38,dbeaver,25.431,after-query,724683392,2,16.0907,5.6
38,dbeaver,25.686,after-query,724699776,2,16.0955,1.9
38,dbeaver,25.940,after-query,724552320,2,16.1031,3.0
38,dbeaver,26.194,after-query,723634816,2,16.1136,4.2
38,dbeaver,26.448,after-query,723634816,2,16.1215,3.1
38,dbeaver,26.702,after-query,723716736,2,16.1401,7.5
38,pgpad,0.250,launch,18678912,2,0.1343,
38,pgpad,0.505,settle,47663624,4,0.3892,98.0
38,pgpad,0.761,settle,52071136,4,0.4852,37.6
38,pgpad,1.016,settle,239373912,5,0.7844,118.0
38,pgpad,1.271,settle,239128152,5,0.7868,0.9
38,pgpad,1.523,settle,235507288,5,0.7949,3.2
38,pgpad,1.778,settle,231755352,5,0.8184,9.2
38,pgpad,2.031,settle,201608792,5,0.8250,2.6
38,pgpad,2.281,settle,157929048,5,0.8299,2.0
38,pgpad,2.536,settle,157584984,5,0.8316,0.6
38,pgpad,2.791,settle,157109848,5,0.8330,0.5
38,pgpad,3.046,settle,157109848,5,0.8336,0.3
38,pgpad,3.301,settle,157093464,5,0.8343,0.3
38,pgpad,3.556,settle,157027928,5,0.8349,0.2
38,pgpad,3.808,settle,157027928,5,0.8352,0.1
38,pgpad,4.063,settle,157027928,5,0.8354,0.1
38,pgpad,4.319,settle,157027928,5,0.8360,0.2
38,pgpad,4.574,settle,157027928,5,0.8362,0.1
38,pgpad,4.828,settle,157027928,5,0.8362,0.0
38,pgpad,5.081,settle,157027928,5,0.8362,0.0
38,pgpad,5.336,settle,156864088,5,0.8373,0.4
38,pgpad,5.589,query,156831320,5,0.8434,2.4
38,pgpad,5.844,query,156782168,5,0.8437,0.1
38,pgpad,6.099,query,156700248,5,0.8442,0.2
38,pgpad,6.354,query,156634712,5,0.8444,0.1
38,pgpad,6.609,query,156634712,5,0.8447,0.1
38,pgpad,6.865,query,156536408,5,0.8450,0.1
38,pgpad,7.119,query,156536408,5,0.8450,0.0
38,pgpad,7.375,query,156421720,5,0.8452,0.1
38,pgpad,7.627,query,156421720,5,0.8452,0.0
38,pgpad,7.878,query,156421720,5,0.8452,0.0
38,pgpad,8.133,query,156421720,5,0.8452,0.0
38,pgpad,8.388,query,156421720,5,0.8452,0.0
38,pgpad,8.643,query,156421720,5,0.8452,0.0
38,pgpad,8.895,query,156290648,5,0.8549,4.0
38,pgpad,9.151,query,156290648,5,0.8595,1.8
38,pgpad,9.406,query,156290648,5,0.8598,0.1
38,pgpad,9.660,query,156290648,5,0.8609,0.4
38,pgpad,9.911,query,156290648,5,0.8613,0.2
38,pgpad,10.166,query,156290648,5,0.8620,0.3
38,pgpad,10.421,query,156290648,5,0.8622,0.0
38,pgpad,10.673,query,227282520,5,0.9049,16.9
38,pgpad,10.928,query,288263840,5,1.0261,47.2
38,pgpad,11.182,query,281136800,5,1.0315,2.1
38,pgpad,11.437,query,281136800,5,1.0362,1.8
38,pgpad,11.692,query,280989344,5,1.0394,1.3
38,pgpad,11.947,query,235556512,5,1.0873,19.0
38,pgpad,12.202,query,239325432,6,1.2102,47.9
38,pgpad,12.457,query,252891384,6,1.2345,9.6
38,pgpad,12.711,query,251187448,6,1.2514,6.6
38,pgpad,12.965,query,263000312,6,1.2937,17.0
38,pgpad,13.215,query,262983928,6,1.2956,0.8
38,pgpad,13.470,query,262000888,6,1.3183,9.0
38,pgpad,13.725,query,262082808,6,1.3398,8.4
38,pgpad,13.979,query,220549368,6,1.3447,1.9
38,pgpad,14.232,query,298914088,6,1.4901,58.3
38,pgpad,14.487,query,357912944,6,1.5932,39.9
38,pgpad,14.742,query,355275120,6,1.5955,0.9
38,pgpad,14.997,query,353194352,6,1.6077,4.8
38,pgpad,15.252,query,353177968,6,1.6091,0.5
38,pgpad,15.506,query,275140976,6,1.6201,4.3
38,pgpad,15.760,query,259772784,6,1.6225,0.9
38,pgpad,16.011,query,259789168,6,1.6320,3.8
38,pgpad,16.265,query,340480368,6,1.6718,15.6
38,pgpad,16.520,query,386879880,6,1.7382,26.0
38,pgpad,16.773,query,400298376,6,1.7645,10.4
38,pgpad,17.029,query,406802824,6,1.8372,28.2
38,pgpad,17.284,query,406868360,6,1.8648,10.9
38,pgpad,17.535,query,407638408,6,1.9422,30.6
38,pgpad,17.790,query,401363360,6,1.9458,1.4
38,pgpad,18.044,query,414159264,6,1.9811,13.8
38,pgpad,18.298,after-query,393630112,6,2.0388,23.1
38,pgpad,18.549,after-query,393580960,6,2.0437,1.9
38,pgpad,18.802,after-query,392941984,6,2.0471,1.3
38,pgpad,19.058,after-query,392941984,6,2.0493,0.9
38,pgpad,19.311,after-query,391090592,6,2.0518,1.0
38,pgpad,19.567,after-query,261788064,6,2.0540,0.9
38,pgpad,19.820,after-query,261771680,6,2.0545,0.2
38,pgpad,20.075,after-query,261771680,6,2.0553,0.3
38,pgpad,20.330,after-query,261738912,6,2.0560,0.3
38,pgpad,20.585,after-query,261656992,6,2.0571,0.4
38,pgpad,20.840,after-query,261575072,6,2.0576,0.2
38,pgpad,21.095,after-query,261607840,6,2.0649,2.9
38,pgpad,21.349,after-query,261607840,6,2.0656,0.3
38,pgpad,21.603,after-query,261558688,6,2.0663,0.3
38,pgpad,21.857,after-query,261509536,6,2.0671,0.3
38,pgpad,22.112,after-query,261509536,6,2.0676,0.2
38,pgpad,22.367,after-query,261509536,6,2.0682,0.2
38,pgpad,22.623,after-query,261509536,6,2.0684,0.1
38,pgpad,22.876,after-query,261509536,6,2.0684,0.0
38,pgpad,23.131,after-query,261509536,6,2.0684,0.0
38,pgpad,23.387,after-query,261231008,6,2.0690,0.2
38,dbgate,0.253,launch,8618872,1,0.0994,
38,dbgate,0.508,launch,51481336,3,0.3464,95.8
38,dbgate,0.762,launch,82054312,3,0.5796,91.4
38,dbgate,1.016,settle,202019592,4,0.9442,144.1
38,dbgate,1.271,settle,283482064,5,1.3558,160.4
38,dbgate,1.522,settle,593125920,7,2.3050,380.1
38,dbgate,1.777,settle,624141720,8,2.7563,175.4
38,dbgate,2.033,settle,626009496,8,2.8094,20.5
38,dbgate,2.288,settle,626288024,8,2.8570,18.7
38,dbgate,2.543,settle,624338328,8,2.9214,25.3
38,dbgate,2.796,settle,603317656,8,2.9598,15.1
38,dbgate,3.051,settle,603481496,8,3.0139,21.2
38,dbgate,3.303,settle,613410200,8,3.0575,17.3
38,dbgate,3.559,settle,613410200,8,3.0770,7.7
38,dbgate,3.812,settle,613410200,8,3.0914,5.7
38,dbgate,4.067,settle,613426584,8,3.1092,7.0
38,dbgate,4.321,settle,608839064,8,3.1214,4.8
38,dbgate,4.576,settle,608855448,8,3.1346,5.2
38,dbgate,4.828,settle,598861208,8,3.1455,4.3
38,dbgate,5.084,settle,587195800,8,3.1698,9.5
38,dbgate,5.339,settle,587179416,8,3.1826,5.0
38,dbgate,5.594,settle,587179416,8,3.2001,6.9
38,dbgate,5.849,settle,587179416,8,3.2131,5.1
38,dbgate,6.104,query,587146648,8,3.2285,6.2
38,dbgate,6.355,query,587146648,8,3.2404,4.7
38,dbgate,6.607,query,562619800,8,3.2629,8.8
38,dbgate,6.861,query,562619800,8,3.2732,4.1
38,dbgate,7.117,query,525657496,8,3.2893,6.3
38,dbgate,7.372,query,520218008,8,3.3066,6.6
38,dbgate,7.623,query,520218008,8,3.3228,6.5
38,dbgate,7.878,query,520234392,8,3.3361,5.2
38,dbgate,8.133,query,488711576,8,3.3568,8.1
38,dbgate,8.386,query,488711576,8,3.3710,5.7
38,dbgate,8.641,query,488695192,8,3.3860,5.9
38,dbgate,8.896,query,488711576,8,3.4002,5.6
38,dbgate,9.151,query,488646040,8,3.4155,5.9
38,dbgate,9.406,query,488727984,8,3.4287,5.3
38,dbgate,9.662,query,488727984,8,3.4416,5.0
38,dbgate,9.917,query,488744368,8,3.4520,4.1
38,dbgate,10.172,query,488727984,8,3.4640,4.7
38,dbgate,10.427,query,488744368,8,3.4758,4.7
38,dbgate,10.681,query,488727984,8,3.4914,6.1
38,dbgate,10.932,query,488744368,8,3.5029,4.5
38,dbgate,11.188,query,488711600,8,3.5150,4.8
38,dbgate,11.441,query,488760752,8,3.5271,4.8
38,dbgate,11.694,query,488744368,8,3.5406,5.3
38,dbgate,11.947,query,551773616,8,3.5955,21.6
38,dbgate,12.199,query,608298416,8,3.6599,25.7
38,dbgate,12.450,query,608298416,8,3.6700,4.0
38,dbgate,12.705,query,608888240,8,3.7088,15.2
38,dbgate,12.960,query,609052080,8,3.7375,11.1
38,dbgate,13.211,query,665774664,9,4.0241,116.4
38,dbgate,13.466,query,741206768,9,4.3576,130.9
38,dbgate,13.721,query,742419184,9,4.4079,19.4
38,dbgate,13.976,query,742419184,9,4.4214,5.3
38,dbgate,14.230,query,751643400,9,4.6864,105.1
38,dbgate,14.485,query,771664672,9,4.9326,96.9
38,dbgate,14.737,query,781757216,9,5.2315,117.7
38,dbgate,14.991,query,785754912,9,5.4402,83.4
38,dbgate,15.246,query,791325472,9,5.6977,99.5
38,dbgate,15.498,query,797682488,9,5.9192,88.1
38,dbgate,15.753,query,801090360,9,6.0961,69.7
38,dbgate,16.007,query,800729912,9,6.2844,73.7
38,dbgate,16.262,query,818506552,9,6.4618,70.0
38,dbgate,16.516,query,820554552,9,6.6682,80.7
38,dbgate,16.771,query,819587896,9,6.8098,55.7
38,dbgate,17.027,query,819637048,9,6.9281,46.6
38,dbgate,17.282,query,819735352,9,7.0612,51.9
38,dbgate,17.537,query,819850040,9,7.2078,57.4
38,dbgate,17.791,query,819866424,9,7.3118,40.8
38,dbgate,18.043,query,783133496,9,7.4682,62.6
38,dbgate,18.294,query,783444792,9,7.6202,61.0
38,dbgate,18.549,query,689400632,9,7.7287,42.0
38,dbgate,18.804,query,690711352,9,7.8911,64.1
38,dbgate,19.059,query,693431096,9,8.0206,49.8
38,dbgate,19.312,query,694201144,9,8.0761,22.2
38,dbgate,19.567,after-query,682666808,9,8.0916,6.2
38,dbgate,19.822,after-query,682109752,9,8.1089,6.7
38,dbgate,20.077,after-query,682126136,9,8.1264,6.8
38,dbgate,20.333,after-query,679652152,9,8.1397,5.2
38,dbgate,20.583,after-query,675474232,9,8.1537,5.6
38,dbgate,20.837,after-query,675474232,9,8.1720,7.3
38,dbgate,21.089,after-query,657517344,9,8.1934,8.4
38,dbgate,21.341,after-query,657582880,9,8.2091,6.3
38,dbgate,21.595,after-query,657582880,9,8.2242,5.8
38,dbgate,21.848,after-query,655436576,9,8.2452,8.3
38,dbgate,22.099,after-query,655420192,9,8.2610,6.3
38,dbgate,22.353,after-query,655403808,9,8.2724,4.6
38,dbgate,22.605,after-query,655403808,9,8.2855,5.1
38,dbgate,22.860,after-query,655403808,9,8.3029,6.8
38,dbgate,23.115,after-query,655387424,9,8.3192,6.4
38,dbgate,23.370,after-query,655403808,9,8.3352,6.3
38,dbgate,23.626,after-query,655420192,9,8.3524,6.7
38,dbgate,23.881,after-query,655403808,9,8.3675,5.9
38,dbgate,24.133,after-query,655420192,9,8.3826,6.1
38,pgadmin,0.254,launch,9831384,1,0.1050,
38,pgadmin,0.509,launch,41699320,3,0.3170,82.1
38,pgadmin,0.763,launch,141268104,5,0.7863,186.8
38,pgadmin,1.018,launch,157291704,5,1.0249,92.4
38,pgadmin,1.273,launch,167728312,5,1.2488,87.8
38,pgadmin,1.525,launch,177116344,5,1.4754,89.8
38,pgadmin,1.780,launch,190715088,5,1.6950,86.5
38,pgadmin,2.036,launch,207574248,5,1.9345,93.1
38,pgadmin,2.287,launch,216765672,5,2.1656,92.5
38,pgadmin,2.542,launch,225842432,5,2.4006,92.1
38,pgadmin,2.797,launch,249485024,6,2.8399,172.2
38,pgadmin,3.047,launch,235885872,5,2.8460,87.9
38,pgadmin,3.302,launch,243373360,5,3.0874,94.5
38,pgadmin,3.553,launch,253220144,5,3.3327,97.8
38,pgadmin,3.806,launch,262706480,5,3.5676,92.8
38,pgadmin,4.061,launch,263410992,5,3.6227,21.2
38,pgadmin,4.315,launch,265835824,5,3.6781,21.9
38,pgadmin,4.570,settle,328947184,5,4.0897,198.4
38,pgadmin,4.823,settle,455218792,5,4.4351,136.4
38,pgadmin,5.078,settle,510105240,5,4.8248,152.7
38,pgadmin,5.330,settle,718460904,5,5.3694,213.7
38,pgadmin,5.581,settle,699111544,5,5.6645,118.9
38,pgadmin,5.836,settle,708909224,5,5.9331,106.5
38,pgadmin,6.090,settle,791501064,5,6.1546,85.1
38,pgadmin,6.345,settle,792500632,6,6.2323,30.8
38,pgadmin,6.600,settle,795269984,6,6.3558,48.5
38,pgadmin,6.856,settle,795351904,6,6.3834,10.7
38,pgadmin,7.107,settle,793353056,6,6.4150,12.6
38,pgadmin,7.359,settle,780245856,6,6.4541,15.4
38,pgadmin,7.614,settle,758340448,6,6.4876,13.1
38,pgadmin,7.869,settle,758422368,6,6.5141,10.5
38,pgadmin,8.122,settle,758930296,6,6.5660,20.3
38,pgadmin,8.381,settle,758995832,6,6.5966,11.5
38,pgadmin,8.637,settle,759126904,6,6.6382,16.7
38,pgadmin,8.889,settle,759192440,6,6.6675,11.9
38,pgadmin,9.144,settle,759323512,6,6.7009,12.8
38,pgadmin,9.399,settle,759372664,6,6.7319,12.4
38,pgadmin,9.654,query,759438200,6,6.7524,8.0
38,pgadmin,9.909,query,759602064,6,6.7991,17.8
38,pgadmin,10.165,query,760437624,6,6.8620,24.8
38,pgadmin,10.419,query,760453984,6,6.8932,12.2
38,pgadmin,10.671,query,760650592,6,6.9256,12.7
38,pgadmin,10.927,query,667900768,6,6.9598,13.5
38,pgadmin,11.177,query,622910304,6,6.9942,13.8
38,pgadmin,11.432,query,622975840,6,7.0227,11.2
38,pgadmin,11.687,query,623041376,6,7.0575,13.6
38,pgadmin,11.940,query,623352672,6,7.1152,23.0
38,pgadmin,12.195,query,623549280,6,7.1389,9.2
38,pgadmin,12.450,query,623680352,6,7.1674,11.2
38,pgadmin,12.705,query,623827808,6,7.1987,12.5
38,pgadmin,12.960,query,623942496,6,7.2216,8.9
38,pgadmin,13.211,query,624057184,6,7.2453,9.5
38,pgadmin,13.466,query,624253792,6,7.2739,11.1
38,pgadmin,13.721,query,624384864,6,7.3015,10.8
38,pgadmin,13.973,query,626318200,6,7.3516,19.9
38,pgadmin,14.228,query,626449272,6,7.3804,11.2
38,pgadmin,14.479,query,626596728,6,7.4037,9.3
38,pgadmin,14.734,query,626760568,6,7.4312,10.9
38,pgadmin,14.989,query,626891640,6,7.4588,10.8
38,pgadmin,15.241,query,627006328,6,7.4847,10.3
38,pgadmin,15.494,query,627170168,6,7.5059,8.4
38,pgadmin,15.745,query,662068112,6,7.6171,44.3
38,pgadmin,15.997,query,721001336,6,8.0624,175.6
38,pgadmin,16.252,query,721542008,6,8.0980,13.8
38,pgadmin,16.507,query,721558392,6,8.1194,8.5
38,pgadmin,16.760,query,721574776,6,8.1401,8.2
38,pgadmin,17.012,query,719526776,6,8.1611,8.2
38,pgadmin,17.267,query,717314936,6,8.1834,8.8
38,pgadmin,17.518,query,807918456,6,8.4183,94.5
38,pgadmin,17.768,query,813669240,6,8.6106,76.3
38,pgadmin,18.024,query,810687352,6,8.7576,58.0
38,pgadmin,18.279,query,818469752,6,8.8648,41.8
38,pgadmin,18.534,query,832248720,6,9.0519,73.6
38,pgadmin,18.786,query,838818704,6,9.1905,54.9
38,pgadmin,19.041,query,841866152,6,9.2618,27.6
38,pgadmin,19.294,query,855235520,6,9.4830,88.1
38,pgadmin,19.549,query,863722432,6,9.6200,54.3
38,pgadmin,19.802,query,874896320,6,9.7806,62.8
38,pgadmin,20.057,query,883547072,6,9.9489,66.2
38,pgadmin,20.311,query,891624384,6,10.0509,39.9
38,pgadmin,20.566,query,896523224,6,10.1955,57.2
38,pgadmin,20.817,query,913759192,6,10.3954,78.4
38,pgadmin,21.068,query,909056984,6,10.5477,61.6
38,pgadmin,21.323,query,917969928,6,10.6775,50.8
38,pgadmin,21.577,query,926473224,6,10.8419,65.0
38,pgadmin,21.832,query,928652296,6,10.8985,22.1
38,pgadmin,22.084,query,938449928,6,11.0813,72.2
38,pgadmin,22.335,query,949427208,6,11.2614,71.7
38,pgadmin,22.589,query,941186056,6,11.3396,30.7
38,pgadmin,22.839,query,934091784,6,11.3660,10.7
38,pgadmin,23.094,after-query,934173704,6,11.3932,10.6
38,pgadmin,23.345,after-query,934272008,6,11.4161,9.1
38,pgadmin,23.600,after-query,934321160,6,11.4386,9.0
38,pgadmin,23.856,after-query,907942896,6,11.4564,6.9
38,pgadmin,24.106,after-query,908270576,6,11.5040,19.2
38,pgadmin,24.361,after-query,908352496,6,11.5281,9.3
38,pgadmin,24.616,after-query,908483568,6,11.5527,9.8
38,pgadmin,24.872,after-query,897457136,6,11.5762,9.0
38,pgadmin,25.126,after-query,897539056,6,11.6014,10.0
38,pgadmin,25.381,after-query,897588208,6,11.6236,8.7
38,pgadmin,25.632,after-query,897686512,6,11.6469,9.2
38,pgadmin,25.887,after-query,897752048,6,11.6667,8.0
38,pgadmin,26.139,after-query,885857264,6,11.7114,17.3
38,pgadmin,26.395,after-query,885922800,6,11.7342,8.9
38,pgadmin,26.650,after-query,885971952,6,11.7559,8.6
38,pgadmin,26.905,after-query,886021104,6,11.7758,7.7
38,pgadmin,27.160,after-query,886103024,6,11.8006,9.7
38,pgadmin,27.417,after-query,886152176,6,11.8243,9.4
39,pgadmin,0.250,launch,29427056,1,0.1649,
39,pgadmin,0.501,launch,108926088,5,0.6284,181.7
39,pgadmin,0.752,launch,157947040,5,0.9036,110.0
39,pgadmin,1.007,launch,170792120,5,1.1450,94.3
39,pgadmin,1.261,launch,180212968,5,1.3774,91.6
39,pgadmin,1.512,launch,194254056,5,1.6101,92.6
39,pgadmin,1.767,launch,199546088,5,1.8504,94.5
39,pgadmin,2.019,launch,212260096,5,2.0861,93.4
39,pgadmin,2.269,launch,220943616,5,2.3203,94.2
39,pgadmin,2.524,launch,248272584,6,2.7525,170.8
39,pgadmin,2.779,launch,235869464,5,2.7969,92.8
39,pgadmin,3.035,launch,244880664,5,3.0420,96.4
39,pgadmin,3.285,launch,253793560,5,3.2898,98.8
39,pgadmin,3.537,launch,262821240,6,3.5136,88.7
39,pgadmin,3.793,launch,263312688,5,3.5619,18.8
39,pgadmin,4.045,launch,265819440,5,3.6140,20.8
39,pgadmin,4.300,settle,340907456,5,3.9611,167.1
39,pgadmin,4.555,settle,478828040,5,4.3158,139.0
39,pgadmin,4.811,settle,513316432,5,4.6993,150.3
39,pgadmin,5.066,settle,715757424,5,5.2582,218.1
39,pgadmin,5.320,settle,703109168,5,5.5527,116.0
39,pgadmin,5.575,settle,713005104,5,5.8167,103.8
39,pgadmin,5.830,settle,788371576,5,6.0478,89.7
39,pgadmin,6.086,settle,791878184,6,6.1247,30.3
39,pgadmin,6.337,settle,799709904,6,6.2275,41.5
39,pgadmin,6.592,settle,792042192,6,6.2581,11.9
39,pgadmin,6.846,settle,790076112,6,6.2917,13.1
39,pgadmin,7.098,settle,787962576,6,6.3244,13.0
39,pgadmin,7.354,settle,757717712,6,6.3599,13.7
39,pgadmin,7.608,settle,757783248,6,6.3865,10.7
39,pgadmin,7.864,settle,758160080,6,6.4465,23.2
39,pgadmin,8.119,settle,758225616,6,6.4754,11.3
39,pgadmin,8.374,settle,758356688,6,6.5154,15.6
39,pgadmin,8.626,settle,758422224,6,6.5460,12.3
39,pgadmin,8.881,settle,758536912,6,6.5783,12.5
39,pgadmin,9.136,settle,758586064,6,6.6092,12.1
39,pgadmin,9.391,query,758618832,6,6.6323,9.3
39,pgadmin,9.646,query,758749904,6,6.6827,19.4
39,pgadmin,9.901,query,761338576,6,6.7419,23.1
39,pgadmin,10.155,query,761404112,6,6.7737,12.5
39,pgadmin,10.410,query,761584336,6,6.8009,10.9
39,pgadmin,10.666,query,671455952,6,6.8356,13.3
39,pgadmin,10.921,query,626350800,6,6.8712,13.9
39,pgadmin,11.175,query,626498256,6,6.8996,11.3
39,pgadmin,11.430,query,626596584,6,6.9237,9.4
39,pgadmin,11.686,query,626924264,6,6.9825,23.0
39,pgadmin,11.940,query,627104488,6,7.0138,12.2
39,pgadmin,12.194,query,627235560,6,7.0437,11.7
39,pgadmin,12.449,query,627399400,6,7.0732,11.8
39,pgadmin,12.703,query,627530472,6,7.0941,8.3
39,pgadmin,12.953,query,627661544,6,7.1156,8.6
39,pgadmin,13.205,query,627825384,6,7.1403,9.8
39,pgadmin,13.458,query,627956456,6,7.1667,10.5
39,pgadmin,13.712,query,629824232,6,7.2171,19.7
39,pgadmin,13.967,query,629955304,6,7.2425,10.0
39,pgadmin,14.222,query,630086376,6,7.2633,8.1
39,pgadmin,14.477,query,630250216,6,7.2915,11.1
39,pgadmin,14.729,query,630364904,6,7.3174,10.3
39,pgadmin,14.984,query,630479592,6,7.3476,11.9
39,pgadmin,15.237,query,630643432,6,7.3694,8.6
39,pgadmin,15.491,query,652647144,6,7.4140,17.6
39,pgadmin,15.745,query,746461904,6,7.9068,190.7
39,pgadmin,16.000,query,746511056,6,7.9474,15.7
39,pgadmin,16.256,query,746511056,6,7.9696,8.7
39,pgadmin,16.511,query,746511056,6,7.9896,7.9
39,pgadmin,16.766,query,746314448,6,8.0101,8.0
39,pgadmin,17.021,query,744217296,6,8.0320,8.6
39,pgadmin,17.276,query,804739792,6,8.2360,80.6
39,pgadmin,17.529,query,818535144,6,8.4439,82.4
39,pgadmin,17.782,query,817093352,6,8.5649,47.6
39,pgadmin,18.036,query,823335656,6,8.7037,54.6
39,pgadmin,18.291,query,831298304,6,8.8852,71.6
39,pgadmin,18.543,query,839654144,6,9.0433,61.9
39,pgadmin,18.797,query,843864832,6,9.1326,35.5
39,pgadmin,19.052,query,851122944,6,9.3147,71.0
39,pgadmin,19.307,query,866638616,6,9.4854,67.5
39,pgadmin,19.561,query,871193368,6,9.6098,48.8
39,pgadmin,19.816,query,886446872,6,9.8023,75.4
39,pgadmin,20.070,query,895146776,6,9.9200,46.0
39,pgadmin,20.322,query,900045616,6,10.0363,46.5
39,pgadmin,20.577,query,906746672,6,10.2297,76.7
39,pgadmin,20.832,query,905534256,6,10.3891,62.6
39,pgadmin,21.086,query,915594056,6,10.4950,41.5
39,pgadmin,21.338,query,924375880,6,10.6680,68.4
39,pgadmin,21.593,query,927718216,6,10.7452,29.3
39,pgadmin,21.844,query,935336800,6,10.9118,68.7
39,pgadmin,22.099,query,946821984,6,11.0839,66.5
39,pgadmin,22.355,query,938924896,6,11.1703,33.9
39,pgadmin,22.607,query,936827744,6,11.2019,12.6
39,pgadmin,22.863,after-query,936860512,6,11.2251,9.0
39,pgadmin,23.118,after-query,936958816,6,11.2473,8.6
39,pgadmin,23.373,after-query,934927200,6,11.2700,8.9
39,pgadmin,23.628,after-query,910777160,6,11.2978,10.9
39,pgadmin,23.879,after-query,911203144,6,11.3457,19.4
39,pgadmin,24.134,after-query,911285064,6,11.3690,9.0
39,pgadmin,24.388,after-query,911399752,6,11.3956,10.5
39,pgadmin,24.643,after-query,909843272,6,11.4200,9.6
39,pgadmin,24.897,after-query,909925192,6,11.4441,9.5
39,pgadmin,25.150,after-query,909990728,6,11.4644,8.0
39,pgadmin,25.404,after-query,910039880,6,11.4883,9.4
39,pgadmin,25.655,after-query,910351176,6,11.5427,21.9
39,pgadmin,25.907,after-query,910465864,6,11.5638,8.3
39,pgadmin,26.163,after-query,910531400,6,11.5850,8.3
39,pgadmin,26.414,after-query,910580552,6,11.6084,9.4
39,pgadmin,26.669,after-query,910646088,6,11.6335,9.8
39,pgadmin,26.924,after-query,910711624,6,11.6569,9.2
39,pgadmin,27.179,after-query,910760776,6,11.6765,7.8
39,dbeaver,0.252,launch,19547024,1,0.1088,
39,dbeaver,0.507,launch,64816112,1,0.5374,165.9
39,dbeaver,0.763,launch,113837112,1,1.1332,233.0
39,dbeaver,1.017,launch,137954360,1,1.6685,211.6
39,dbeaver,1.272,launch,159548496,1,2.2922,244.3
39,dbeaver,1.527,launch,183420224,1,2.9435,254.7
39,dbeaver,1.782,launch,218547616,1,3.6483,277.5
39,dbeaver,2.037,launch,249742752,1,4.2438,232.9
39,dbeaver,2.292,launch,269223328,1,4.9366,271.0
39,dbeaver,2.547,launch,283280800,1,5.7948,337.1
39,dbeaver,2.802,launch,300205496,1,6.7704,382.7
39,dbeaver,3.057,launch,316835280,1,7.3985,246.3
39,dbeaver,3.313,launch,322356832,1,8.1111,282.8
39,dbeaver,3.568,launch,563775552,1,8.7686,254.3
39,dbeaver,3.820,settle,835521200,2,9.5799,321.4
39,dbeaver,4.071,settle,951093936,2,10.2578,267.1
39,dbeaver,4.327,settle,1014516400,2,10.4910,92.4
39,dbeaver,4.581,settle,1014188720,2,11.2105,284.8
39,dbeaver,4.836,settle,948619952,2,11.2546,17.1
39,dbeaver,5.091,settle,881593008,2,11.2873,12.7
39,dbeaver,5.346,settle,821840560,2,11.3266,15.5
39,dbeaver,5.601,settle,723471024,2,11.3336,2.7
39,dbeaver,5.856,settle,722864816,2,11.3504,6.5
39,dbeaver,6.107,settle,716311216,2,11.3639,5.4
39,dbeaver,6.358,settle,716343984,2,11.3815,7.1
39,dbeaver,6.613,settle,716360368,2,11.3860,1.8
39,dbeaver,6.864,settle,716360368,2,11.4070,8.4
39,dbeaver,7.116,settle,716360368,2,11.4136,2.7
39,dbeaver,7.368,settle,716360368,2,11.4226,3.5
39,dbeaver,7.619,settle,716360368,2,11.4341,4.6
39,dbeaver,7.875,settle,716360368,2,11.4481,5.5
39,dbeaver,8.130,settle,716360368,2,11.4597,4.6
39,dbeaver,8.385,settle,716180144,2,11.4721,4.8
39,dbeaver,8.636,settle,716081840,2,11.4823,4.1
39,dbeaver,8.891,query,715983536,2,11.4912,3.5
39,dbeaver,9.145,query,715868848,2,11.5017,4.1
39,dbeaver,9.400,query,715819696,2,11.5163,5.6
39,dbeaver,9.655,query,715819696,2,11.5238,3.0
39,dbeaver,9.909,query,715819696,2,11.5302,2.5
39,dbeaver,10.164,query,715819696,2,11.5356,2.1
39,dbeaver,10.419,query,715819696,2,11.5495,5.4
39,dbeaver,10.674,query,715819696,2,11.5542,1.9
39,dbeaver,10.930,query,715819720,2,11.5733,7.6
39,dbeaver,11.185,query,715819720,2,11.5792,2.3
39,dbeaver,11.440,query,715819720,2,11.5911,4.7
39,dbeaver,11.695,query,715836104,2,11.6032,4.7
39,dbeaver,11.947,query,715836104,2,11.6202,6.9
39,dbeaver,12.202,query,715852488,2,11.6259,2.2
39,dbeaver,12.456,query,715901640,2,11.6333,2.9
39,dbeaver,12.710,query,715901640,2,11.6378,1.8
39,dbeaver,12.965,query,715901640,2,11.6447,2.7
39,dbeaver,13.220,query,715901640,2,11.6563,4.5
39,dbeaver,13.475,query,715901640,2,11.6640,3.0
39,dbeaver,13.730,query,715901640,2,11.6734,3.7
39,dbeaver,13.982,query,716032664,2,11.7031,11.6
39,dbeaver,14.237,query,716982936,2,11.7758,28.8
39,dbeaver,14.492,query,717015704,2,11.8392,24.9
39,dbeaver,14.744,query,754518680,2,11.9178,31.1
39,dbeaver,14.997,query,757107352,2,12.0516,53.1
39,dbeaver,15.252,query,757009048,2,12.0726,8.1
39,dbeaver,15.504,query,757189272,2,12.0988,10.6
39,dbeaver,15.759,query,757353112,2,12.1211,8.6
39,dbeaver,16.015,query,716425880,2,12.1379,6.6
39,dbeaver,16.270,query,716425880,2,12.1512,5.1
39,dbeaver,16.525,query,803080880,2,12.4171,106.1
39,dbeaver,16.780,query,897272520,2,13.1871,304.5
39,dbeaver,17.032,query,903760584,2,13.8456,259.5
39,dbeaver,17.287,query,950766280,2,14.0539,82.0
39,dbeaver,17.542,query,949537504,2,14.2027,57.9
39,dbeaver,17.798,query,948325088,2,14.2170,5.7
39,dbeaver,18.053,query,908020448,2,14.2438,10.4
39,dbeaver,18.308,query,877185784,2,14.3774,52.8
39,dbeaver,18.563,query,734022392,2,14.4339,22.0
39,dbeaver,18.816,query,734169848,2,14.5748,55.7
39,dbeaver,19.070,query,726960888,2,14.6447,27.4
39,dbeaver,19.326,query,727091960,2,14.7351,35.2
39,dbeaver,19.581,query,727157496,2,14.8138,31.2
39,dbeaver,19.836,query,727206648,2,14.9673,60.0
39,dbeaver,20.088,query,727403256,2,15.1005,52.8
39,dbeaver,20.343,query,727468792,2,15.2280,50.4
39,dbeaver,20.595,query,725338872,2,15.2774,19.4
39,dbeaver,20.851,query,779307768,2,15.3978,47.6
39,dbeaver,21.106,query,845564664,2,15.5448,57.2
39,dbeaver,21.361,query,843565816,2,15.6221,30.1
39,dbeaver,21.616,query,839387896,2,15.6922,27.2
39,dbeaver,21.872,query,839437048,2,15.7528,23.9
39,dbeaver,22.127,query,839469816,2,15.8272,29.6
39,dbeaver,22.383,query,730680056,2,15.8362,3.5
39,dbeaver,22.638,after-query,730696440,2,15.8496,5.2
39,dbeaver,22.893,after-query,728238840,2,15.8599,4.0
39,dbeaver,23.148,after-query,716950264,2,15.8669,2.8
39,dbeaver,23.404,after-query,716917496,2,15.8796,5.0
39,dbeaver,23.659,after-query,716917496,2,15.8858,2.4
39,dbeaver,23.914,after-query,716835576,2,15.8990,5.2
39,dbeaver,24.169,after-query,716835576,2,15.9059,2.7
39,dbeaver,24.424,after-query,716835576,2,15.9161,4.0
39,dbeaver,24.679,after-query,716868344,2,15.9283,4.9
39,dbeaver,24.934,after-query,716081912,2,15.9391,4.1
39,dbeaver,25.186,after-query,716081912,2,15.9466,3.0
39,dbeaver,25.439,after-query,716065528,2,15.9593,5.0
39,dbeaver,25.695,after-query,716065528,2,15.9637,1.8
39,dbeaver,25.950,after-query,715655904,2,15.9713,2.9
39,dbeaver,26.201,after-query,715655904,2,15.9834,4.8
39,dbeaver,26.456,after-query,715655904,2,15.9935,3.9
39,dbeaver,26.709,after-query,715688672,2,16.0057,4.9
39,dbgate,0.255,launch,8160144,1,0.0999,
39,dbgate,0.510,launch,40306704,3,0.3138,84.1
39,dbgate,0.765,launch,80383120,3,0.5723,99.6
39,dbgate,1.018,settle,163189368,4,0.9131,136.9
39,dbgate,1.269,settle,260232712,5,1.3251,162.9
39,dbgate,1.524,settle,574579280,8,2.2191,349.2
39,dbgate,1.777,settle,615130472,8,2.7478,207.5
39,dbgate,2.032,settle,617342312,8,2.8040,21.8
39,dbgate,2.287,settle,617866600,8,2.8787,30.0
39,dbgate,2.542,settle,617915752,8,2.8981,7.5
39,dbgate,2.797,settle,604431720,8,2.9149,6.6
39,dbgate,3.051,settle,604464488,8,2.9325,7.0
39,dbgate,3.306,settle,599729512,8,2.9451,4.9
39,dbgate,3.562,settle,599745896,8,2.9640,7.4
39,dbgate,3.817,settle,589735272,8,2.9749,4.3
39,dbgate,4.068,settle,578315600,8,2.9948,7.9
39,dbgate,4.321,settle,578299216,8,3.0082,5.3
39,dbgate,4.574,settle,578331984,8,3.0279,7.8
39,dbgate,4.829,settle,578331984,8,3.0395,4.5
39,dbgate,5.083,settle,578364752,8,3.0612,8.5
39,dbgate,5.338,settle,578348368,8,3.0730,4.7
39,dbgate,5.593,settle,578348368,8,3.0910,7.1
39,dbgate,5.849,settle,578315600,8,3.1026,4.5
39,dbgate,6.101,query,578348368,8,3.1174,6.0
39,dbgate,6.352,query,578217296,8,3.1283,4.3
39,dbgate,6.607,query,555984208,8,3.1567,11.1
39,dbgate,6.862,query,555935056,8,3.1692,4.9
39,dbgate,7.117,query,526361936,8,3.1906,8.4
39,dbgate,7.372,query,487286096,8,3.2048,5.7
39,dbgate,7.628,query,487302480,8,3.2242,7.4
39,dbgate,7.883,query,487302480,8,3.2339,3.9
39,dbgate,8.138,query,487318864,8,3.2519,6.8
39,dbgate,8.393,query,487302480,8,3.2635,4.6
39,dbgate,8.649,query,487302480,8,3.2814,7.0
39,dbgate,8.900,query,487318864,8,3.2943,5.2
39,dbgate,9.155,query,487302480,8,3.3066,4.8
39,dbgate,9.409,query,487335248,8,3.3185,4.7
39,dbgate,9.665,query,487318864,8,3.3304,4.7
39,dbgate,9.917,query,487335248,8,3.3405,4.0
39,dbgate,10.172,query,487335248,8,3.3520,4.5
39,dbgate,10.423,query,487335248,8,3.3628,4.3
39,dbgate,10.678,query,487318864,8,3.3803,6.8
39,dbgate,10.933,query,487335248,8,3.3933,5.1
39,dbgate,11.188,query,487302480,8,3.4048,4.6
39,dbgate,11.439,query,487368016,8,3.4190,5.6
39,dbgate,11.694,query,487351632,8,3.4332,5.6
39,dbgate,11.947,query,550528336,8,3.4856,20.6
39,dbgate,12.203,query,607298896,8,3.5535,26.7
39,dbgate,12.458,query,607282512,8,3.5645,4.3
39,dbgate,12.710,query,610837864,8,3.6810,46.0
39,dbgate,12.965,query,610968936,8,3.7075,10.3
39,dbgate,13.220,query,669723112,9,3.9797,108.2
39,dbgate,13.471,query,722381408,9,4.3246,136.2
39,dbgate,13.726,query,723593824,9,4.3754,19.7
39,dbgate,13.982,query,723577440,9,4.3922,6.6
39,dbgate,14.237,query,736029304,9,4.6501,102.6
39,dbgate,14.492,query,749906576,9,4.8736,87.9
39,dbgate,14.747,query,759868048,9,5.1124,92.8
39,dbgate,14.999,query,766175888,9,5.3116,79.5
39,dbgate,15.253,query,773958336,9,5.6356,126.8
39,dbgate,15.506,query,775809728,9,5.8662,92.8
39,dbgate,15.760,query,775858880,9,6.0529,72.1
39,dbgate,16.013,query,777743040,9,6.2410,74.4
39,dbgate,16.264,query,780413632,9,6.4083,66.4
39,dbgate,16.518,query,786262720,9,6.5591,59.2
39,dbgate,16.770,query,790473408,9,6.7008,56.4
39,dbgate,17.022,query,793504448,9,6.8093,43.5
39,dbgate,17.278,query,797829824,9,6.9786,66.0
39,dbgate,17.532,query,801827520,9,7.1293,59.8
39,dbgate,17.784,query,803728064,9,7.2339,41.1
39,dbgate,18.039,query,782150336,9,7.3845,58.6
39,dbgate,18.291,query,785279680,9,7.5380,61.9
39,dbgate,18.545,query,720841408,9,7.6659,49.9
39,dbgate,18.800,query,720120512,9,7.8270,63.7
39,dbgate,19.051,query,723692248,9,7.9658,55.4
39,dbgate,19.306,query,725478104,9,8.0339,26.4
39,dbgate,19.560,after-query,725478104,9,8.0505,6.6
39,dbgate,19.816,after-query,709225176,9,8.0687,6.9
39,dbgate,20.071,after-query,709241560,9,8.0849,6.4
39,dbgate,20.326,after-query,706767576,9,8.0995,5.8
39,dbgate,20.581,after-query,701524696,9,8.1135,5.5
39,dbgate,20.836,after-query,701524696,9,8.1323,7.4
39,dbgate,21.091,after-query,684042920,9,8.1533,8.2
39,dbgate,21.347,after-query,684124840,9,8.1739,8.1
39,dbgate,21.602,after-query,684124840,9,8.1869,5.1
39,dbgate,21.857,after-query,682044072,9,8.2056,7.3
39,dbgate,22.112,after-query,681929384,9,8.2226,6.7
39,dbgate,22.365,after-query,681913000,9,8.2349,4.8
39,dbgate,22.621,after-query,681913000,9,8.2466,4.6
39,dbgate,22.874,after-query,681913000,9,8.2591,4.8
39,dbgate,23.127,after-query,681896616,9,8.2730,5.6
39,dbgate,23.382,after-query,681896616,9,8.2864,5.2
39,dbgate,23.636,after-query,681913000,9,8.3041,6.9
39,dbgate,23.891,after-query,681896616,9,8.3178,5.4
39,dbgate,24.146,after-query,681913000,9,8.3308,5.2
39,pgpad,0.254,launch,16565232,1,0.1306,
39,pgpad,0.509,settle,48220728,4,0.4003,104.0
39,pgpad,0.764,settle,50465480,4,0.4846,33.2
39,pgpad,1.019,settle,240946824,5,0.7943,120.6
39,pgpad,1.274,settle,240389768,5,0.7962,0.8
39,pgpad,1.530,settle,236785288,5,0.8025,2.4
39,pgpad,1.780,settle,233557640,5,0.8316,11.6
39,pgpad,2.034,settle,232967816,5,0.8362,1.9
39,pgpad,2.289,settle,165351048,5,0.8407,1.7
39,pgpad,2.544,settle,164908680,5,0.8419,0.5
39,pgpad,2.799,settle,164793992,5,0.8430,0.5
39,pgpad,3.053,settle,157437576,5,0.8438,0.3
39,pgpad,3.303,settle,157404808,5,0.8445,0.3
39,pgpad,3.558,settle,157322888,5,0.8451,0.2
39,pgpad,3.809,settle,157322888,5,0.8455,0.2
39,pgpad,4.064,settle,157322888,5,0.8459,0.2
39,pgpad,4.319,settle,157322888,5,0.8461,0.1
39,pgpad,4.575,settle,157322888,5,0.8464,0.1
39,pgpad,4.830,settle,157322888,5,0.8464,0.0
39,pgpad,5.084,settle,157322888,5,0.8464,0.0
39,pgpad,5.335,settle,157175432,5,0.8472,0.3
39,pgpad,5.590,query,157175432,5,0.8536,2.6
39,pgpad,5.841,query,157060744,5,0.8539,0.1
39,pgpad,6.096,query,156978824,5,0.8546,0.3
39,pgpad,6.350,query,156880520,5,0.8549,0.1
39,pgpad,6.605,query,156880520,5,0.8552,0.1
39,pgpad,6.860,query,156831368,5,0.8555,0.1
39,pgpad,7.115,query,156831368,5,0.8556,0.0
39,pgpad,7.368,query,156700296,5,0.8557,0.0
39,pgpad,7.623,query,156700296,5,0.8557,0.0
39,pgpad,7.878,query,156700296,5,0.8557,0.0
39,pgpad,8.129,query,156700296,5,0.8557,0.0
39,pgpad,8.384,query,156700296,5,0.8557,0.0
39,pgpad,8.636,query,156700296,5,0.8557,0.0
39,pgpad,8.887,query,156601992,5,0.8659,4.1
39,pgpad,9.138,query,156601992,5,0.8703,1.8
39,pgpad,9.393,query,156601992,5,0.8720,0.7
39,pgpad,9.648,query,156601992,5,0.8730,0.4
39,pgpad,9.903,query,156601992,5,0.8735,0.2
39,pgpad,10.155,query,156601992,5,0.8742,0.3
39,pgpad,10.410,query,156601992,5,0.8744,0.1
39,pgpad,10.662,query,220597920,5,0.9045,12.0
39,pgpad,10.917,query,297176808,5,1.0249,46.3
39,pgpad,11.169,query,289918696,5,1.0347,3.9
39,pgpad,11.424,query,289820392,5,1.0407,2.4
39,pgpad,11.678,query,289607400,5,1.0434,1.1
39,pgpad,11.929,query,303501056,5,1.0840,16.2
39,pgpad,12.184,query,252170560,6,1.1795,37.7
39,pgpad,12.434,query,270143856,6,1.2598,31.9
39,pgpad,12.686,query,270127472,6,1.2623,1.0
39,pgpad,12.941,query,272765296,6,1.3168,21.1
39,pgpad,13.194,query,272535920,6,1.3194,1.0
39,pgpad,13.444,query,271585648,6,1.3381,7.4
39,pgpad,13.699,query,271602032,6,1.3738,14.1
39,pgpad,13.954,query,256233840,6,1.3799,2.4
39,pgpad,14.209,query,214749552,6,1.3812,0.5
39,pgpad,14.462,query,342692280,6,1.6249,96.1
39,pgpad,14.717,query,342528440,6,1.6267,0.7
39,pgpad,14.971,query,337711544,6,1.6408,5.5
39,pgpad,15.227,query,337318328,6,1.6431,0.9
39,pgpad,15.480,query,336581048,6,1.6559,5.1
39,pgpad,15.735,query,261509560,6,1.6594,1.4
39,pgpad,15.990,query,261493176,6,1.6608,0.6
39,pgpad,16.245,query,261444024,6,1.6712,4.0
39,pgpad,16.499,query,385274320,6,1.7743,41.2
39,pgpad,16.754,query,385044944,6,1.7770,1.0
39,pgpad,17.010,query,386650576,6,1.8591,32.3
39,pgpad,17.261,query,385814992,6,1.8768,7.1
39,pgpad,17.514,query,384225744,6,1.9608,33.0
39,pgpad,17.766,query,384192976,6,1.9647,1.6
39,pgpad,18.021,query,384963024,6,1.9833,7.2
39,pgpad,18.276,query,391762384,6,2.0622,31.4
39,pgpad,18.531,after-query,378016208,6,2.0646,1.0
39,pgpad,18.786,after-query,377835984,6,2.0690,1.7
39,pgpad,19.041,after-query,377426384,6,2.0708,0.7
39,pgpad,19.294,after-query,278843856,6,2.0737,1.1
39,pgpad,19.549,after-query,260886992,6,2.0751,0.6
39,pgpad,19.805,after-query,260886992,6,2.0758,0.3
39,pgpad,20.058,after-query,260870608,6,2.0768,0.4
39,pgpad,20.311,after-query,260870608,6,2.0772,0.2
39,pgpad,20.566,after-query,260755920,6,2.0782,0.4
39,pgpad,20.821,after-query,260739536,6,2.0786,0.2
39,pgpad,21.073,after-query,260706768,6,2.0830,1.7
39,pgpad,21.328,after-query,260706768,6,2.0833,0.1
39,pgpad,21.582,after-query,260657616,6,2.0843,0.4
39,pgpad,21.837,after-query,260641232,6,2.0855,0.5
39,pgpad,22.090,after-query,260641232,6,2.0862,0.3
39,pgpad,22.345,after-query,260641232,6,2.0867,0.2
39,pgpad,22.601,after-query,260641232,6,2.0869,0.1
39,pgpad,22.855,after-query,260641232,6,2.0870,0.0
39,pgpad,23.110,after-query,260641232,6,2.0870,0.0
39,pgpad,23.362,after-query,260461008,6,2.0875,0.2
40,pgadmin,0.253,launch,8618944,1,0.1072,
40,pgadmin,0.506,launch,39126576,1,0.2809,68.1
40,pgadmin,0.761,launch,116790408,5,0.7566,136.5
40,pgadmin,1.016,launch,154916000,5,1.0131,100.6
40,pgadmin,1.272,launch,165106848,5,1.2372,88.1
40,pgadmin,1.527,launch,174527648,5,1.4679,90.3
40,pgadmin,1.782,launch,188568760,5,1.6881,86.4
40,pgadmin,2.035,launch,202527952,5,1.9257,94.0
40,pgadmin,2.285,launch,215241936,5,2.1562,92.1
40,pgadmin,2.537,launch,223974632,5,2.3886,92.5
40,pgadmin,2.791,launch,245044912,6,2.8027,162.4
40,pgadmin,3.046,launch,233084160,5,2.8390,88.8
40,pgadmin,3.301,launch,242013464,5,3.0804,94.5
40,pgadmin,3.556,launch,251417880,5,3.3253,97.4
40,pgadmin,3.812,launch,261461272,5,3.5689,94.2
40,pgadmin,4.067,launch,262280472,5,3.6334,24.9
40,pgadmin,4.317,launch,264836400,5,3.6871,21.7
40,pgadmin,4.569,settle,345380312,5,4.0955,197.1
40,pgadmin,4.820,settle,460052000,5,4.4354,134.3
40,pgadmin,5.071,settle,488068712,5,4.8014,146.9
40,pgadmin,5.324,settle,654743408,5,5.3561,218.4
40,pgadmin,5.577,settle,681662536,5,5.6435,112.9
40,pgadmin,5.832,settle,695162928,5,5.9128,104.5
40,pgadmin,6.087,settle,784177368,5,6.1917,110.5
40,pgadmin,6.337,settle,785012976,5,6.2522,24.5
40,pgadmin,6.592,settle,795810656,6,6.3986,56.9
40,pgadmin,6.844,settle,795876192,6,6.4232,9.7
40,pgadmin,7.100,settle,793893728,6,6.4533,11.7
40,pgadmin,7.354,settle,780753760,6,6.4940,16.0
40,pgadmin,7.608,settle,759061344,6,6.5268,13.0
40,pgadmin,7.863,settle,759159648,6,6.5610,13.3
40,pgadmin,8.118,settle,759536480,6,6.6196,23.2
40,pgadmin,8.373,settle,759618400,6,6.6462,10.3
40,pgadmin,8.628,settle,759733088,6,6.6823,14.5
40,pgadmin,8.881,settle,759815008,6,6.7130,12.0
40,pgadmin,9.132,settle,759864160,6,6.7380,9.8
40,pgadmin,9.387,settle,759978848,6,6.7688,12.2
40,pgadmin,9.637,query,760044384,6,6.7889,8.2
40,pgadmin,9.892,query,760126304,6,6.8233,13.2
40,pgadmin,10.147,query,762288992,6,6.9045,31.6
40,pgadmin,10.402,query,762338120,6,6.9358,12.5
40,pgadmin,10.657,query,762518344,6,6.9622,10.2
40,pgadmin,10.912,query,762649416,6,6.9916,11.5
40,pgadmin,11.165,query,619862856,6,7.0378,18.4
40,pgadmin,11.420,query,619895624,6,7.0675,11.6
40,pgadmin,11.675,query,619977544,6,7.1022,13.9
40,pgadmin,11.930,query,620157792,6,7.1335,12.0
40,pgadmin,12.182,query,620485448,6,7.1885,21.8
40,pgadmin,12.436,query,620583752,6,7.2129,9.8
40,pgadmin,12.692,query,620731208,6,7.2424,11.7
40,pgadmin,12.947,query,620862280,6,7.2629,8.0
40,pgadmin,13.202,query,621009736,6,7.2837,8.2
40,pgadmin,13.454,query,621173576,6,7.3082,9.7
40,pgadmin,13.707,query,621337416,6,7.3291,8.3
40,pgadmin,13.962,query,623057712,6,7.3809,20.3
40,pgadmin,14.217,query,623156016,6,7.4033,8.8
40,pgadmin,14.472,query,623270704,6,7.4308,10.8
40,pgadmin,14.727,query,623483696,6,7.4576,10.5
40,pgadmin,14.982,query,623647536,6,7.4797,8.7
40,pgadmin,15.237,query,623778608,6,7.5080,11.0
40,pgadmin,15.492,query,623926064,6,7.5324,9.7
40,pgadmin,15.747,query,652581680,6,7.5938,24.1
40,pgadmin,15.998,query,741006128,6,8.0933,195.9
40,pgadmin,16.250,query,741677872,6,8.1380,17.6
40,pgadmin,16.505,query,741677872,6,8.1608,9.0
40,pgadmin,16.760,query,741677872,6,8.1831,8.8
40,pgadmin,17.016,query,741710640,6,8.2070,9.3
40,pgadmin,17.271,query,739613488,6,8.2292,8.7
40,pgadmin,17.523,query,795188016,6,8.4293,80.1
40,pgadmin,17.778,query,802380616,6,8.6354,82.1
40,pgadmin,18.032,query,803707696,6,8.7535,45.8
40,pgadmin,18.288,query,812325680,6,8.8745,47.3
40,pgadmin,18.542,query,820484960,6,9.0586,72.2
40,pgadmin,18.797,query,831150968,6,9.2003,56.0
40,pgadmin,19.049,query,834313080,6,9.2860,33.2
40,pgadmin,19.303,query,847158136,6,9.4891,81.3
40,pgadmin,19.558,query,861723512,6,9.6370,57.8
40,pgadmin,19.813,query,866786168,6,9.7855,59.0
40,pgadmin,20.065,query,883432312,6,9.9675,72.0
40,pgadmin,20.316,query,886840184,6,10.0620,37.6
40,pgadmin,20.567,query,904895376,6,10.2129,60.2
40,pgadmin,20.817,query,904108944,6,10.3818,66.8
40,pgadmin,21.069,query,920525760,6,10.5622,72.7
40,pgadmin,21.324,query,916511680,6,10.9202,139.5
40,pgadmin,21.577,query,918363072,6,11.0837,64.6
40,pgadmin,21.828,query,918510552,6,11.1599,30.2
40,pgadmin,22.079,query,918723520,6,11.3517,77.2
40,pgadmin,22.333,query,919772096,6,11.5466,76.2
40,pgadmin,22.587,query,919706560,6,11.6278,32.2
40,pgadmin,22.842,query,917134272,6,11.6624,13.4
40,pgadmin,23.095,after-query,917134272,6,11.6903,11.2
40,pgadmin,23.350,after-query,917134272,6,11.7136,9.0
40,pgadmin,23.605,after-query,917134272,6,11.7354,8.5
40,pgadmin,23.861,after-query,890690472,6,11.7962,24.0
40,pgadmin,24.116,after-query,890690472,6,11.8105,5.6
40,pgadmin,24.370,after-query,890690472,6,11.8307,7.9
40,pgadmin,24.624,after-query,890723240,6,11.8516,8.2
40,pgadmin,24.879,after-query,889117608,6,11.8735,8.6
40,pgadmin,25.134,after-query,889117608,6,11.8965,9.0
40,pgadmin,25.389,after-query,889117608,6,11.9215,9.8
40,pgadmin,25.640,after-query,889133992,6,11.9476,10.4
40,pgadmin,25.895,after-query,889150376,6,12.0014,20.9
40,pgadmin,26.151,after-query,889150376,6,12.0189,7.0
40,pgadmin,26.402,after-query,889150376,6,12.0418,9.0
40,pgadmin,26.658,after-query,833592232,6,12.0715,11.6
40,pgadmin,26.913,after-query,833592232,6,12.0923,8.2
40,pgadmin,27.165,after-query,833592232,6,12.1099,7.0
40,pgadmin,27.418,after-query,833592232,6,12.1300,8.0
40,pgpad,0.253,launch,20088104,2,0.1405,
40,pgpad,0.508,settle,47843848,4,0.3956,99.2
40,pgpad,0.763,settle,52792032,4,0.4946,38.3
40,pgpad,1.015,settle,228920920,5,0.7898,117.5
40,pgpad,1.270,settle,228691544,5,0.7916,0.7
40,pgpad,1.525,settle,224792152,5,0.7998,3.2
40,pgpad,1.781,settle,218762840,5,0.8257,10.1
40,pgpad,2.031,settle,218041944,5,0.8313,2.3
40,pgpad,2.282,settle,157765208,5,0.8350,1.5
40,pgpad,2.533,settle,156978776,5,0.8368,0.7
40,pgpad,2.785,settle,156831320,5,0.8379,0.4
40,pgpad,3.035,settle,156831320,5,0.8385,0.2
40,pgpad,3.286,settle,156716632,5,0.8393,0.3
40,pgpad,3.538,settle,156651096,5,0.8399,0.2
40,pgpad,3.793,settle,156651096,5,0.8402,0.1
40,pgpad,4.045,settle,156651096,5,0.8405,0.1
40,pgpad,4.300,settle,156651096,5,0.8408,0.1
40,pgpad,4.555,settle,156651096,5,0.8413,0.2
40,pgpad,4.810,settle,156651096,5,0.8413,0.0
40,pgpad,5.061,settle,156651096,5,0.8413,0.0
40,pgpad,5.316,settle,156585560,5,0.8419,0.2
40,pgpad,5.569,query,156388952,5,0.8476,2.3
40,pgpad,5.819,query,156388952,5,0.8478,0.1
40,pgpad,6.074,query,156241496,5,0.8486,0.3
40,pgpad,6.330,query,156208728,5,0.8487,0.1
40,pgpad,6.585,query,156208728,5,0.8489,0.1
40,pgpad,6.836,query,156159576,5,0.8493,0.2
40,pgpad,7.089,query,156159576,5,0.8493,0.0
40,pgpad,7.343,query,156143192,5,0.8494,0.0
40,pgpad,7.594,query,156143192,5,0.8494,0.0
40,pgpad,7.849,query,156143192,5,0.8494,0.0
40,pgpad,8.104,query,156143192,5,0.8494,0.0
40,pgpad,8.359,query,156143192,5,0.8494,0.0
40,pgpad,8.614,query,156143192,5,0.8495,0.0
40,pgpad,8.869,query,155979352,5,0.8578,3.3
40,pgpad,9.124,query,155995736,5,0.8632,2.1
40,pgpad,9.379,query,155995736,5,0.8642,0.4
40,pgpad,9.634,query,155995736,5,0.8654,0.5
40,pgpad,9.886,query,155995736,5,0.8658,0.2
40,pgpad,10.141,query,155995736,5,0.8667,0.3
40,pgpad,10.394,query,155995736,5,0.8669,0.1
40,pgpad,10.649,query,232689288,5,0.8992,12.6
40,pgpad,10.904,query,293719760,5,1.0192,46.4
40,pgpad,11.159,query,286576336,5,1.0214,0.8
40,pgpad,11.410,query,286510800,5,1.0279,2.6
40,pgpad,11.665,query,286363344,5,1.0296,0.7
40,pgpad,11.920,query,230756048,5,1.0760,17.9
40,pgpad,12.175,query,241193280,6,1.1937,46.7
40,pgpad,12.429,query,254759232,6,1.2197,10.3
40,pgpad,12.681,query,254742848,6,1.2214,0.7
40,pgpad,12.935,query,265736512,6,1.2775,21.8
40,pgpad,13.189,query,265720128,6,1.2810,1.4
40,pgpad,13.445,query,264737088,6,1.3061,9.9
40,pgpad,13.700,query,264884544,6,1.3308,9.7
40,pgpad,13.955,query,223383872,6,1.3338,1.2
40,pgpad,14.210,query,268128600,6,1.3976,24.8
40,pgpad,14.465,query,362811808,6,1.6414,95.1
40,pgpad,14.720,query,362320288,6,1.6449,1.4
40,pgpad,14.975,query,360305056,6,1.6556,4.2
40,pgpad,15.231,query,359076256,6,1.6579,0.9
40,pgpad,15.486,query,288739744,6,1.6662,3.3
40,pgpad,15.740,query,259428768,6,1.6719,2.2
40,pgpad,15.992,query,259445152,6,1.6809,3.6
40,pgpad,16.248,query,345330080,6,1.7195,15.0
40,pgpad,16.503,query,385356240,6,1.7879,26.6
40,pgpad,16.758,query,390386128,6,1.8148,10.6
40,pgpad,17.013,query,397677008,6,1.8859,28.1
40,pgpad,17.268,query,400216528,6,1.9100,9.4
40,pgpad,17.524,query,400921040,6,1.9825,27.8
40,pgpad,17.779,query,400904656,6,1.9855,1.2
40,pgpad,18.034,query,401232336,6,2.0214,14.1
40,pgpad,18.289,after-query,387568080,6,2.0727,20.4
40,pgpad,18.540,after-query,374985168,6,2.0773,1.8
40,pgpad,18.795,after-query,374936016,6,2.0799,1.0
40,pgpad,19.050,after-query,374362576,6,2.0821,0.9
40,pgpad,19.305,after-query,347230672,6,2.0846,1.0
40,pgpad,19.560,after-query,261394896,6,2.0865,0.7
40,pgpad,19.811,after-query,261378512,6,2.0874,0.3
40,pgpad,20.062,after-query,261378512,6,2.0883,0.4
40,pgpad,20.316,after-query,261231056,6,2.0891,0.3
40,pgpad,20.571,after-query,261231056,6,2.0896,0.2
40,pgpad,20.825,after-query,261132752,6,2.0906,0.4
40,pgpad,21.077,after-query,261165520,6,2.0984,3.1
40,pgpad,21.329,after-query,261165520,6,2.0989,0.2
40,pgpad,21.581,after-query,261132752,6,2.1001,0.5
40,pgpad,21.835,after-query,261132752,6,2.1009,0.3
40,pgpad,22.090,after-query,261050832,6,2.1021,0.5
40,pgpad,22.344,after-query,261050832,6,2.1024,0.1
40,pgpad,22.599,after-query,261050832,6,2.1029,0.2
40,pgpad,22.851,after-query,261050832,6,2.1029,0.0
40,pgpad,23.107,after-query,261050832,6,2.1029,0.0
40,pgpad,23.360,after-query,261050832,6,2.1029,0.0
40,dbeaver,0.252,launch,20923280,1,0.1159,
40,dbeaver,0.508,launch,66634712,1,0.5499,168.3
40,dbeaver,0.763,launch,113230904,1,1.1394,230.6
40,dbeaver,1.018,launch,138888272,1,1.6937,217.5
40,dbeaver,1.273,launch,159204432,1,2.3429,253.9
40,dbeaver,1.528,launch,178423104,1,2.9288,230.2
40,dbeaver,1.783,launch,228230560,1,3.7032,305.9
40,dbeaver,2.036,launch,252462520,1,4.1524,178.5
40,dbeaver,2.291,launch,272942520,1,4.8799,282.2
40,dbeaver,2.546,launch,285017528,1,5.8162,365.9
40,dbeaver,2.801,launch,294798776,1,6.7865,381.2
40,dbeaver,3.056,launch,311543248,1,7.5383,295.3
40,dbeaver,3.311,launch,323159504,1,8.3002,298.1
40,dbeaver,3.566,launch,375490480,1,8.8877,230.3
40,dbeaver,3.817,settle,830982808,2,9.6348,299.0
40,dbeaver,4.070,settle,941951664,2,10.3437,277.1
40,dbeaver,4.325,settle,984664752,2,10.6282,112.0
40,dbeaver,4.580,settle,1056754352,2,11.4426,319.2
40,dbeaver,4.836,settle,1055378096,2,11.4670,9.4
40,dbeaver,5.091,settle,999639728,2,11.5100,17.0
40,dbeaver,5.347,settle,889670320,2,11.5399,11.6
40,dbeaver,5.602,settle,825526960,2,11.5485,3.4
40,dbeaver,5.857,settle,717703856,2,11.5666,7.1
40,dbeaver,6.113,settle,717703856,2,11.5756,3.6
40,dbeaver,6.366,settle,717703856,2,11.5899,5.6
40,dbeaver,6.619,settle,717720240,2,11.5978,3.1
40,dbeaver,6.874,settle,717736624,2,11.6104,4.9
40,dbeaver,7.130,settle,717736624,2,11.6188,3.3
40,dbeaver,7.384,settle,679905968,2,11.6308,4.7
40,dbeaver,7.639,settle,717753008,2,11.6473,6.5
40,dbeaver,7.894,settle,717753008,2,11.6595,4.8
40,dbeaver,8.149,settle,717720240,2,11.6734,5.4
40,dbeaver,8.405,settle,717720240,2,11.6801,2.7
40,dbeaver,8.660,settle,717441712,2,11.6908,4.2
40,dbeaver,8.915,query,717425328,2,11.7000,3.7
40,dbeaver,9.166,query,717408944,2,11.7122,4.8
40,dbeaver,9.421,query,717408944,2,11.7183,2.4
40,dbeaver,9.677,query,717408944,2,11.7292,4.2
40,dbeaver,9.932,query,717408944,2,11.7362,2.7
40,dbeaver,10.187,query,717408944,2,11.7431,2.7
40,dbeaver,10.442,query,717408944,2,11.7546,4.5
40,dbeaver,10.697,query,717425328,2,11.7633,3.5
40,dbeaver,10.952,query,717425328,2,11.7768,5.2
40,dbeaver,11.208,query,717408944,2,11.7832,2.5
40,dbeaver,11.463,query,717425328,2,11.7991,6.3
40,dbeaver,11.718,query,717425328,2,11.8074,3.2
40,dbeaver,11.973,query,717425328,2,11.8217,5.8
40,dbeaver,12.228,query,717425328,2,11.8276,2.3
40,dbeaver,12.483,query,717425328,2,11.8374,3.8
40,dbeaver,12.739,query,717425328,2,11.8460,3.4
40,dbeaver,12.989,query,717425328,2,11.8518,2.3
40,dbeaver,13.240,query,717425328,2,11.8643,5.0
40,dbeaver,13.496,query,717425328,2,11.8713,2.8
40,dbeaver,13.749,query,717425328,2,11.8863,6.0
40,dbeaver,14.000,query,717408872,2,11.9110,9.6
40,dbeaver,14.255,query,756353640,2,11.9757,25.7
40,dbeaver,14.511,query,756533864,2,12.0360,23.6
40,dbeaver,14.766,query,756206184,2,12.1159,31.6
40,dbeaver,15.020,query,759007848,2,12.2545,53.3
40,dbeaver,15.275,query,758811240,2,12.2785,9.6
40,dbeaver,15.530,query,758827624,2,12.2968,7.0
40,dbeaver,15.781,query,758958696,2,12.3236,10.8
40,dbeaver,16.037,query,717998696,2,12.3365,5.0
40,dbeaver,16.292,query,718031464,2,12.3471,4.2
40,dbeaver,16.543,query,846973568,2,12.6710,131.5
40,dbeaver,16.798,query,953223808,2,13.4021,285.7
40,dbeaver,17.053,query,971360896,2,14.0309,250.1
40,dbeaver,17.303,query,963840640,2,14.2332,78.9
40,dbeaver,17.558,query,963562112,2,14.3554,48.0
40,dbeaver,17.810,query,922339968,2,14.3757,8.0
40,dbeaver,18.065,query,922339968,2,14.4014,10.1
40,dbeaver,18.320,query,767806104,2,14.5476,58.0
40,dbeaver,18.571,query,748210840,2,14.5927,17.8
40,dbeaver,18.826,query,759679640,2,14.7339,55.3
40,dbeaver,19.082,query,754387608,2,14.8009,26.3
40,dbeaver,19.337,query,754469528,2,14.8850,33.0
40,dbeaver,19.592,query,754485912,2,14.9700,33.5
40,dbeaver,19.846,query,754600600,2,15.1237,60.5
40,dbeaver,20.099,query,743525016,2,15.2241,39.7
40,dbeaver,20.354,query,743656088,2,15.3800,61.2
40,dbeaver,20.609,query,741542552,2,15.4389,23.1
40,dbeaver,20.864,query,743770776,2,15.5465,42.3
40,dbeaver,21.120,query,863357592,2,15.7120,64.3
40,dbeaver,21.375,query,872565400,2,15.7852,28.7
40,dbeaver,21.626,query,868387480,2,15.8466,24.0
40,dbeaver,21.881,query,868453016,2,15.9149,27.2
40,dbeaver,22.137,query,818055832,2,15.9788,25.1
40,dbeaver,22.391,after-query,759663256,2,15.9890,4.1
40,dbeaver,22.643,after-query,748325528,2,16.0002,4.3
40,dbeaver,22.898,after-query,743410328,2,16.0092,3.5
40,dbeaver,23.153,after-query,743459480,2,16.0183,3.5
40,dbeaver,23.408,after-query,732138136,2,16.0306,4.8
40,dbeaver,23.662,after-query,732138136,2,16.0374,2.7
40,dbeaver,23.915,after-query,732072600,2,16.0472,3.8
40,dbeaver,24.171,after-query,732072600,2,16.0541,2.7
40,dbeaver,24.426,after-query,732105368,2,16.0718,7.0
40,dbeaver,24.681,after-query,732105368,2,16.0815,3.8
40,dbeaver,24.936,after-query,731335320,2,16.0929,4.5
40,dbeaver,25.186,after-query,731335320,2,16.0993,2.6
40,dbeaver,25.441,after-query,731384472,2,16.1179,7.0
40,dbeaver,25.695,after-query,731384472,2,16.1236,2.3
40,dbeaver,25.950,after-query,731105944,2,16.1299,2.5
40,dbeaver,26.206,after-query,731105944,2,16.1399,3.9
40,dbeaver,26.458,after-query,731105944,2,16.1486,3.5
40,dbeaver,26.713,after-query,731105944,2,16.1596,4.3
40,dbgate,0.252,launch,10027896,1,0.1008,
40,dbgate,0.507,launch,53120072,3,0.3836,110.0
40,dbgate,0.762,launch,86428816,3,0.5945,82.4
40,dbgate,1.017,settle,220156632,4,0.9798,151.1
40,dbgate,1.270,settle,292837592,7,1.4406,182.6
40,dbgate,1.525,settle,600056904,8,2.4361,389.4
40,dbgate,1.780,settle,618931632,8,2.7554,123.9
40,dbgate,2.036,settle,618898864,8,2.7899,13.4
40,dbgate,2.291,settle,619275696,8,2.8444,21.4
40,dbgate,2.545,settle,617309616,8,2.9108,26.2
40,dbgate,2.797,settle,606283184,8,2.9833,28.7
40,dbgate,3.053,settle,606299568,8,3.0005,6.8
40,dbgate,3.308,settle,606299568,8,3.0143,5.5
40,dbgate,3.559,settle,606299568,8,3.0313,6.6
40,dbgate,3.812,settle,601580976,8,3.0449,5.4
40,dbgate,4.067,settle,590194072,8,3.0674,8.8
40,dbgate,4.321,settle,590177688,8,3.0802,5.1
40,dbgate,4.571,settle,590177688,8,3.0943,5.5
40,dbgate,4.822,settle,580183448,8,3.1046,4.2
40,dbgate,5.078,settle,580216216,8,3.1259,8.2
40,dbgate,5.332,settle,580199832,8,3.1414,6.2
40,dbgate,5.587,settle,580199832,8,3.1599,7.3
40,dbgate,5.842,settle,580167064,8,3.1752,5.9
40,dbgate,6.097,query,580167088,8,3.1865,4.6
40,dbgate,6.352,query,578135472,8,3.2039,6.7
40,dbgate,6.608,query,572712368,8,3.2222,7.1
40,dbgate,6.863,query,528115120,8,3.2419,7.7
40,dbgate,7.118,query,528098736,8,3.2562,5.6
40,dbgate,7.368,query,520725936,8,3.2723,6.4
40,dbgate,7.623,query,520709552,8,3.2865,5.5
40,dbgate,7.879,query,489055664,8,3.3015,5.9
40,dbgate,8.129,query,489039280,8,3.3148,5.3
40,dbgate,8.384,query,489055664,8,3.3304,6.3
40,dbgate,8.639,query,489039280,8,3.3420,4.5
40,dbgate,8.895,query,488973744,8,3.3578,6.1
40,dbgate,9.150,query,488957360,8,3.3728,5.8
40,dbgate,9.402,query,489022896,8,3.3841,4.6
40,dbgate,9.657,query,489022896,8,3.3963,4.8
40,dbgate,9.912,query,489039280,8,3.4066,4.0
40,dbgate,10.167,query,489022896,8,3.4204,5.4
40,dbgate,10.419,query,489039280,8,3.4313,4.3
40,dbgate,10.674,query,489022896,8,3.4457,5.6
40,dbgate,10.927,query,489039280,8,3.4587,5.1
40,dbgate,11.182,query,489006512,8,3.4735,5.9
40,dbgate,11.437,query,489072048,8,3.4872,5.4
40,dbgate,11.692,query,489055664,8,3.4981,4.3
40,dbgate,11.942,query,548890056,8,3.5525,21.4
40,dbgate,12.195,query,611132872,8,3.6197,26.8
40,dbgate,12.450,query,611116488,8,3.6324,4.9
40,dbgate,12.706,query,612853192,8,3.7367,41.2
40,dbgate,12.961,query,612328904,8,3.7651,11.1
40,dbgate,13.216,query,667675208,9,4.0840,126.2
40,dbgate,13.471,query,711027392,9,4.3901,118.4
40,dbgate,13.726,query,711912128,9,4.4292,15.6
40,dbgate,13.982,query,711912128,9,4.4412,4.6
40,dbgate,14.237,query,731114200,9,4.7363,116.9
40,dbgate,14.492,query,739683056,9,4.9718,92.6
40,dbgate,14.746,query,752478984,9,5.2202,99.0
40,dbgate,14.997,query,764144416,9,5.4502,90.2
40,dbgate,15.252,query,768879416,9,5.7504,118.3
40,dbgate,15.506,query,769223480,9,5.9803,90.1
40,dbgate,15.756,query,769321784,9,6.1504,68.0
40,dbgate,16.010,query,770616120,9,6.3563,81.5
40,dbgate,16.265,query,773942072,9,6.5197,63.9
40,dbgate,16.517,query,780249912,9,6.6627,56.1
40,dbgate,16.768,query,784165688,9,6.7918,51.8
40,dbgate,17.023,query,787311416,9,6.8932,39.7
40,dbgate,17.278,query,792374072,9,7.0617,66.5
40,dbgate,17.532,query,795798328,9,7.2163,61.1
40,dbgate,17.782,query,797453112,9,7.2987,33.0
40,dbgate,18.032,query,776891192,9,7.4434,57.8
40,dbgate,18.283,query,780069688,9,7.5806,54.5
40,dbgate,18.538,query,718940984,9,7.6988,46.6
40,dbgate,18.793,query,723135312,9,7.8469,57.5
40,dbgate,19.044,query,726608720,9,7.9739,50.9
40,dbgate,19.299,query,727460688,9,8.0165,16.5
40,dbgate,19.552,after-query,727001936,9,8.0370,8.2
40,dbgate,19.804,after-query,726444880,9,8.0552,7.1
40,dbgate,20.060,after-query,726461264,9,8.0717,6.5
40,dbgate,20.313,after-query,723987280,9,8.0851,5.3
40,dbgate,20.568,after-query,719137616,9,8.0990,5.5
40,dbgate,20.823,after-query,708635424,9,8.1194,7.9
40,dbgate,21.079,after-query,701262624,9,8.1348,6.1
40,dbgate,21.334,after-query,701344544,9,8.1545,7.6
40,dbgate,21.589,after-query,701344544,9,8.1695,5.9
40,dbgate,21.844,after-query,699427616,9,8.1904,8.2
40,dbgate,22.099,after-query,699444000,9,8.2073,6.6
40,dbgate,22.355,after-query,699427616,9,8.2213,5.4
40,dbgate,22.609,after-query,699444000,9,8.2383,6.7
40,dbgate,22.864,after-query,699427616,9,8.2495,4.5
40,dbgate,23.120,after-query,699444000,9,8.2634,5.3
40,dbgate,23.373,after-query,699444000,9,8.2777,5.7
40,dbgate,23.628,after-query,686271264,9,8.2935,6.2
40,dbgate,23.883,after-query,686254880,9,8.3064,5.0
41,pgpad,0.255,launch,20186360,2,0.1473,
41,pgpad,0.507,settle,48187912,4,0.4023,100.1
41,pgpad,0.759,settle,51202784,4,0.4972,37.6
41,pgpad,1.013,settle,228937376,5,0.8011,120.9
41,pgpad,1.268,settle,228724384,5,0.8027,0.6
41,pgpad,1.523,settle,224906912,5,0.8104,3.0
41,pgpad,1.774,settle,220417696,5,0.8361,10.3
41,pgpad,2.029,settle,218009248,5,0.8411,1.9
41,pgpad,2.283,settle,165252768,5,0.8462,2.0
41,pgpad,2.533,settle,164843168,5,0.8473,0.4
41,pgpad,2.787,settle,164597408,5,0.8487,0.6
41,pgpad,3.043,settle,157011616,5,0.8493,0.3
41,pgpad,3.298,settle,156815008,5,0.8501,0.3
41,pgpad,3.549,settle,156749472,5,0.8506,0.2
41,pgpad,3.802,settle,156749472,5,0.8511,0.2
41,pgpad,4.053,settle,156749472,5,0.8515,0.1
41,pgpad,4.308,settle,156749472,5,0.8519,0.2
41,pgpad,4.563,settle,156749472,5,0.8522,0.1
41,pgpad,4.818,settle,156749472,5,0.8522,0.0
41,pgpad,5.070,settle,156749472,5,0.8522,0.0
41,pgpad,5.325,settle,156749472,5,0.8529,0.3
41,pgpad,5.580,query,156438176,5,0.8608,3.2
41,pgpad,5.835,query,156438176,5,0.8611,0.1
41,pgpad,6.090,query,156339872,5,0.8617,0.2
41,pgpad,6.341,query,156290720,5,0.8619,0.1
41,pgpad,6.596,query,156192416,5,0.8625,0.2
41,pgpad,6.851,query,156192416,5,0.8627,0.1
41,pgpad,7.106,query,156094112,5,0.8628,0.1
41,pgpad,7.359,query,156094112,5,0.8628,0.0
41,pgpad,7.609,query,156094112,5,0.8628,0.0
41,pgpad,7.860,query,156094112,5,0.8628,0.0
41,pgpad,8.115,query,156094112,5,0.8628,0.0
41,pgpad,8.370,query,156094112,5,0.8629,0.0
41,pgpad,8.625,query,156094112,5,0.8629,0.0
41,pgpad,8.877,query,155995808,5,0.8735,4.2
41,pgpad,9.130,query,155995808,5,0.8776,1.6
41,pgpad,9.384,query,155995808,5,0.8793,0.7
41,pgpad,9.636,query,155995808,5,0.8800,0.3
41,pgpad,9.891,query,155995808,5,0.8803,0.1
41,pgpad,10.144,query,155995808,5,0.8809,0.2
41,pgpad,10.395,query,155995808,5,0.8811,0.1
41,pgpad,10.650,query,227233464,5,0.9141,12.9
41,pgpad,10.901,query,286068480,5,1.0442,51.1
41,pgpad,11.156,query,285724416,5,1.0478,1.4
41,pgpad,11.411,query,285642496,5,1.0560,3.2
41,pgpad,11.667,query,285478656,5,1.0577,0.7
41,pgpad,11.922,query,296570648,5,1.1016,17.1
41,pgpad,12.177,query,253743496,6,1.2161,45.2
41,pgpad,12.432,query,270061960,6,1.2738,22.5
41,pgpad,12.687,query,269963656,6,1.2767,1.1
41,pgpad,12.941,query,274387336,6,1.3332,22.6
41,pgpad,13.197,query,273289608,6,1.3365,1.3
41,pgpad,13.452,query,272322952,6,1.3556,7.5
41,pgpad,13.707,query,271749512,6,1.3860,11.9
41,pgpad,13.962,query,271683976,6,1.3900,1.6
41,pgpad,14.217,query,230134152,6,1.3956,2.2
41,pgpad,14.473,query,367514088,6,1.6494,97.6
41,pgpad,14.728,query,352850408,6,1.6522,1.1
41,pgpad,14.983,query,352080360,6,1.6631,4.3
41,pgpad,15.238,query,349852136,6,1.6654,0.9
41,pgpad,15.493,query,297275880,6,1.6758,4.1
41,pgpad,15.744,query,262803944,6,1.6794,1.4
41,pgpad,15.999,query,262738408,6,1.6824,1.2
41,pgpad,16.252,query,262689256,6,1.7043,8.7
41,pgpad,16.507,query,388469248,6,1.7975,36.4
41,pgpad,16.762,query,400855552,6,1.8158,7.3
41,pgpad,17.014,query,399774208,6,1.9020,34.0
41,pgpad,17.266,query,399610368,6,1.9246,9.0
41,pgpad,17.517,query,406327808,6,1.9939,27.9
41,pgpad,17.769,query,406082048,6,1.9973,1.3
41,pgpad,18.024,query,406098432,6,2.0235,10.2
41,pgpad,18.279,after-query,406540800,6,2.0984,29.7
41,pgpad,18.534,after-query,380015104,6,2.1016,1.2
41,pgpad,18.786,after-query,379851264,6,2.1068,2.1
41,pgpad,19.041,after-query,379441664,6,2.1088,0.8
41,pgpad,19.296,after-query,276419072,6,2.1121,1.3
41,pgpad,19.551,after-query,263377408,6,2.1137,0.7
41,pgpad,19.807,after-query,263361024,6,2.1149,0.5
41,pgpad,20.062,after-query,263361024,6,2.1157,0.3
41,pgpad,20.314,after-query,263328256,6,2.1166,0.4
41,pgpad,20.565,after-query,263246336,6,2.1172,0.2
41,pgpad,20.818,after-query,263148032,6,2.1179,0.3
41,pgpad,21.072,after-query,263180800,6,2.1234,2.1
41,pgpad,21.327,after-query,263180800,6,2.1239,0.2
41,pgpad,21.582,after-query,263131648,6,2.1246,0.3
41,pgpad,21.837,after-query,263131648,6,2.1255,0.4
41,pgpad,22.089,after-query,263082496,6,2.1265,0.4
41,pgpad,22.344,after-query,263082496,6,2.1271,0.3
41,pgpad,22.598,after-query,263066112,6,2.1279,0.3
41,pgpad,22.853,after-query,263066112,6,2.1280,0.1
41,pgpad,23.108,after-query,263066112,6,2.1280,0.0
41,pgpad,23.361,after-query,262935040,6,2.1283,0.1
41,dbgate,0.252,launch,31704336,1,0.1605,
41,dbgate,0.506,launch,82119848,3,0.4621,117.8
41,dbgate,0.760,settle,195760880,4,0.8778,163.3
41,dbgate,1.015,settle,275011488,5,1.2943,161.9
41,dbgate,1.270,settle,588472840,7,2.2454,376.3
41,dbgate,1.525,settle,619718016,8,2.7038,179.0
41,dbgate,1.779,settle,620029312,8,2.7542,19.6
41,dbgate,2.035,settle,620438912,8,2.8046,19.7
41,dbgate,2.290,settle,620438912,8,2.8265,8.6
41,dbgate,2.545,settle,609559936,8,2.8395,5.2
41,dbgate,2.798,settle,609609088,8,2.8581,7.4
41,dbgate,3.053,settle,605136256,8,2.8681,3.9
41,dbgate,3.309,settle,605136256,8,2.8857,6.8
41,dbgate,3.564,settle,595142016,8,2.8988,5.2
41,dbgate,3.817,settle,583869800,8,2.9191,8.0
41,dbgate,4.068,settle,583853416,8,2.9299,4.4
41,dbgate,4.324,settle,583853416,8,2.9484,7.1
41,dbgate,4.579,settle,583853416,8,2.9606,4.8
41,dbgate,4.834,settle,583869800,8,2.9765,6.3
41,dbgate,5.088,settle,583853416,8,2.9892,5.0
41,dbgate,5.343,settle,583853416,8,3.0103,8.1
41,dbgate,5.599,settle,583853416,8,3.0227,4.9
41,dbgate,5.851,query,583804264,8,3.0379,6.2
41,dbgate,6.106,query,583722344,8,3.0531,5.9
41,dbgate,6.361,query,566682984,8,3.0746,8.3
41,dbgate,6.617,query,522364264,8,3.0929,7.1
41,dbgate,6.871,query,485254504,8,3.1094,6.5
41,dbgate,7.126,query,485254504,8,3.1275,7.1
41,dbgate,7.381,query,485238120,8,3.1424,5.9
41,dbgate,7.636,query,485254504,8,3.1545,4.8
41,dbgate,7.891,query,485139816,8,3.1645,3.9
41,dbgate,8.146,query,485156200,8,3.1798,5.9
41,dbgate,8.402,query,485139816,8,3.1937,5.5
41,dbgate,8.657,query,485156200,8,3.2082,5.7
41,dbgate,8.912,query,485123432,8,3.2220,5.4
41,dbgate,9.164,query,485205352,8,3.2341,4.9
41,dbgate,9.416,query,485188968,8,3.2443,4.0
41,dbgate,9.671,query,485205352,8,3.2553,4.3
41,dbgate,9.926,query,485188968,8,3.2671,4.6
41,dbgate,10.180,query,485205352,8,3.2805,5.3
41,dbgate,10.430,query,485188968,8,3.2941,5.4
41,dbgate,10.685,query,485205352,8,3.3071,5.1
41,dbgate,10.938,query,485188968,8,3.3206,5.3
41,dbgate,11.193,query,485238120,8,3.3318,4.4
41,dbgate,11.448,query,485221736,8,3.3423,4.1
41,dbgate,11.703,query,547775848,8,3.3940,20.1
41,dbgate,11.959,query,607069544,8,3.4591,25.3
41,dbgate,12.214,query,607053160,8,3.4735,5.6
41,dbgate,12.469,query,607577448,8,3.5106,14.5
41,dbgate,12.724,query,607741288,8,3.5376,10.7
41,dbgate,12.979,query,658532840,9,3.8250,113.1
41,dbgate,13.230,query,726952544,9,4.1628,134.8
41,dbgate,13.483,query,727640696,9,4.2152,20.4
41,dbgate,13.738,query,727673464,9,4.2298,5.7
41,dbgate,13.994,query,735947384,9,4.4669,94.0
41,dbgate,14.246,query,755067536,9,4.6954,90.8
41,dbgate,14.498,query,760949416,9,4.9986,120.3
41,dbgate,14.752,query,763128488,9,5.2085,82.2
41,dbgate,15.007,query,771402432,9,5.4546,97.0
41,dbgate,15.262,query,777513688,9,5.6732,85.6
41,dbgate,15.517,query,781626096,9,5.8622,74.2
41,dbgate,15.771,query,788245232,9,6.0583,77.1
41,dbgate,16.026,query,794553072,9,6.2379,71.5
41,dbgate,16.279,query,798206704,9,6.3801,55.4
41,dbgate,16.534,query,802581232,9,6.5293,58.4
41,dbgate,16.788,query,803711728,9,6.6533,48.8
41,dbgate,17.043,query,807299824,9,6.7926,54.1
41,dbgate,17.296,query,811199216,9,6.9400,58.5
41,dbgate,17.551,query,813083376,9,7.0380,38.7
41,dbgate,17.803,query,790407920,9,7.2701,91.9
41,dbgate,18.055,query,790227696,9,7.4229,61.3
41,dbgate,18.309,query,713812720,9,7.5335,43.1
41,dbgate,18.564,query,715991792,9,7.6653,51.8
41,dbgate,18.814,query,716073712,9,7.7823,46.7
41,dbgate,19.067,query,716106480,9,7.8444,24.7
41,dbgate,19.322,after-query,716090096,9,7.8586,5.6
41,dbgate,19.575,after-query,701917936,9,7.8804,8.4
41,dbgate,19.830,after-query,701950704,9,7.8929,5.0
41,dbgate,20.085,after-query,693447408,9,7.9073,5.5
41,dbgate,20.341,after-query,693447408,9,7.9206,5.3
41,dbgate,20.596,after-query,693447408,9,7.9353,5.7
41,dbgate,20.851,after-query,675490496,9,7.9560,8.1
41,dbgate,21.106,after-query,675556032,9,7.9737,7.1
41,dbgate,21.359,after-query,675556032,9,7.9885,5.8
41,dbgate,21.614,after-query,673458880,9,8.0055,6.6
41,dbgate,21.868,after-query,673376960,9,8.0216,6.4
41,dbgate,22.122,after-query,673360576,9,8.0350,5.3
41,dbgate,22.378,after-query,673360576,9,8.0488,5.4
41,dbgate,22.633,after-query,673360576,9,8.0647,6.3
41,dbgate,22.885,after-query,673344192,9,8.0803,6.2
41,dbgate,23.138,after-query,673344192,9,8.0946,5.6
41,dbgate,23.393,after-query,673360576,9,8.1097,5.9
41,dbgate,23.648,after-query,673360576,9,8.1248,6.0
41,dbgate,23.901,after-query,673376960,9,8.1371,4.9
41,pgadmin,0.253,launch,10388440,1,0.1055,
41,pgadmin,0.508,launch,42174456,3,0.3360,89.1
41,pgadmin,0.763,launch,139580528,5,0.7923,181.7
41,pgadmin,1.018,launch,154899568,5,1.0291,91.8
41,pgadmin,1.273,launch,165368944,5,1.2526,87.3
41,pgadmin,1.528,launch,175838320,5,1.4846,90.9
41,pgadmin,1.783,launch,188159112,5,1.7046,86.3
41,pgadmin,2.038,launch,206312608,5,1.9425,93.6
41,pgadmin,2.292,launch,216700088,5,2.1775,92.9
41,pgadmin,2.546,launch,225055952,5,2.4091,91.0
41,pgadmin,2.798,launch,249943680,6,2.8816,186.9
41,pgadmin,3.049,launch,233526504,5,2.8568,89.1
41,pgadmin,3.303,launch,242816232,5,3.0934,93.3
41,pgadmin,3.558,launch,252318952,5,3.3454,98.9
41,pgadmin,3.813,launch,260494568,5,3.5531,81.4
41,pgadmin,4.067,launch,261100776,5,3.5929,15.8
41,pgadmin,4.322,launch,278435264,6,3.6692,29.6
41,pgadmin,4.572,settle,392320568,5,4.0996,210.6
41,pgadmin,4.826,settle,457725568,5,4.4073,121.6
41,pgadmin,5.082,settle,511661816,5,4.8330,166.4
41,pgadmin,5.337,settle,737613824,5,5.3458,201.8
41,pgadmin,5.592,settle,685332600,5,5.6696,126.1
41,pgadmin,5.845,settle,710744280,5,5.9622,117.1
41,pgadmin,6.101,settle,802543856,5,6.1406,68.3
41,pgadmin,6.356,settle,805804752,6,6.2282,34.5
41,pgadmin,6.608,settle,813865824,6,6.3339,41.9
41,pgadmin,6.863,settle,806165344,6,6.3653,12.3
41,pgadmin,7.118,settle,801954656,6,6.3969,12.4
41,pgadmin,7.370,settle,791190368,6,6.4324,14.1
41,pgadmin,7.625,settle,770153312,6,6.4619,11.6
41,pgadmin,7.876,settle,770202464,6,6.4903,11.3
41,pgadmin,8.132,settle,770546528,6,6.5500,23.5
41,pgadmin,8.387,settle,770595680,6,6.5792,11.3
41,pgadmin,8.642,settle,770726752,6,6.6189,15.7
41,pgadmin,8.897,settle,770792288,6,6.6489,11.7
41,pgadmin,9.150,settle,770906976,6,6.6868,15.1
41,pgadmin,9.405,query,770956128,6,6.7119,10.0
41,pgadmin,9.658,query,771021664,6,6.7329,8.3
41,pgadmin,9.910,query,771332960,6,6.7885,21.6
41,pgadmin,10.164,query,771922784,6,6.8396,20.0
41,pgadmin,10.419,query,771988320,6,6.8693,11.6
41,pgadmin,10.675,query,772152160,6,6.9000,12.2
41,pgadmin,10.928,query,666983264,6,6.9342,13.5
41,pgadmin,11.183,query,621992800,6,6.9701,13.9
41,pgadmin,11.437,query,622074720,6,7.0016,12.4
41,pgadmin,11.692,query,622205792,6,7.0335,12.5
41,pgadmin,11.947,query,622435168,6,7.0929,23.4
41,pgadmin,12.202,query,622648160,6,7.1262,12.9
41,pgadmin,12.457,query,622795616,6,7.1547,11.3
41,pgadmin,12.712,query,622943072,6,7.1847,12.0
41,pgadmin,12.967,query,623057760,6,7.2054,8.1
41,pgadmin,13.222,query,623188832,6,7.2253,7.8
41,pgadmin,13.473,query,623352672,6,7.2558,12.1
41,pgadmin,13.728,query,623500128,6,7.2845,11.2
41,pgadmin,13.982,query,625515360,6,7.3450,24.1
41,pgadmin,14.237,query,625630048,6,7.3650,7.8
41,pgadmin,14.492,query,625793888,6,7.3870,8.6
41,pgadmin,14.747,query,625957728,6,7.4094,8.8
41,pgadmin,15.002,query,626072416,6,7.4294,7.8
41,pgadmin,15.257,query,626203488,6,7.4595,11.8
41,pgadmin,15.508,query,626367328,6,7.4842,9.9
41,pgadmin,15.763,query,691919712,6,7.6351,59.2
41,pgadmin,16.018,query,721853256,6,8.0125,146.4
41,pgadmin,16.273,query,722525000,6,8.0458,12.9
41,pgadmin,16.524,query,722525000,6,8.0673,8.7
41,pgadmin,16.779,query,722557768,6,8.0889,8.4
41,pgadmin,17.034,query,722443080,6,8.1104,8.5
41,pgadmin,17.286,query,718117704,6,8.1317,8.4
41,pgadmin,17.538,query,814390112,6,8.3931,105.4
41,pgadmin,17.791,query,817535840,6,8.5839,74.9
41,pgadmin,18.044,query,823499592,6,8.7312,58.3
41,pgadmin,18.299,query,827579208,6,8.8573,49.5
41,pgadmin,18.555,query,838015840,6,9.0227,64.6
41,pgadmin,18.810,query,846125968,6,9.2047,71.1
41,pgadmin,19.065,query,844651408,6,9.2449,15.6
41,pgadmin,19.320,query,861952936,6,9.4675,89.5
41,pgadmin,19.575,query,869587880,6,9.5874,46.7
41,pgadmin,19.830,query,881417128,6,9.7523,65.1
41,pgadmin,20.083,query,891263912,6,9.9230,67.9
41,pgadmin,20.337,query,898177984,6,10.0047,31.5
41,pgadmin,20.592,query,905157568,6,10.1676,64.5
41,pgadmin,20.846,query,916593600,6,10.3351,66.6
41,pgadmin,21.101,query,919903192,6,10.5182,71.7
41,pgadmin,21.353,query,924638168,6,10.6382,47.3
41,pgadmin,21.607,query,937319384,6,10.8011,64.0
41,pgadmin,21.861,query,938318808,6,10.8440,16.6
41,pgadmin,22.112,query,944839640,6,11.0512,83.0
41,pgadmin,22.367,query,953949144,6,11.1764,49.4
41,pgadmin,22.620,query,936631256,6,11.2693,36.5
41,pgadmin,22.874,query,934239192,6,11.2934,9.6
41,pgadmin,23.124,after-query,934321112,6,11.3134,7.9
41,pgadmin,23.380,after-query,934403032,6,11.3360,8.9
41,pgadmin,23.635,after-query,934452184,6,11.3591,9.0
41,pgadmin,23.890,after-query,908106664,6,11.3889,11.7
41,pgadmin,24.145,after-query,908434344,6,11.4342,17.9
41,pgadmin,24.400,after-query,908516264,6,11.4560,8.6
41,pgadmin,24.654,after-query,908614568,6,11.4800,9.5
41,pgadmin,24.904,after-query,902192040,6,11.5040,9.6
41,pgadmin,25.159,after-query,902273960,6,11.5200,6.3
41,pgadmin,25.413,after-query,902355880,6,11.5392,7.5
41,pgadmin,25.663,after-query,902437800,6,11.5654,10.3
41,pgadmin,25.913,after-query,898030504,6,11.6197,22.5
41,pgadmin,26.169,after-query,898243496,6,11.6483,11.1
41,pgadmin,26.421,after-query,898309032,6,11.6719,9.3
41,pgadmin,26.675,after-query,898309032,6,11.6942,8.7
41,pgadmin,26.929,after-query,898374568,6,11.7201,10.2
41,pgadmin,27.184,after-query,898423720,6,11.7413,8.4
41,pgadmin,27.439,after-query,869653416,6,11.7656,9.7
41,dbeaver,0.252,launch,20726672,1,0.1124,
41,dbeaver,0.507,launch,68174808,1,0.5698,177.0
41,dbeaver,0.763,launch,106955784,1,1.1473,226.0
41,dbeaver,1.014,launch,140526648,1,1.6845,214.7
41,dbeaver,1.269,launch,161776696,1,2.3329,253.4
41,dbeaver,1.524,launch,181699904,1,2.9667,250.1
41,dbeaver,1.779,launch,218858888,1,3.6782,278.0
41,dbeaver,2.034,launch,253658552,1,4.1893,200.1
41,dbeaver,2.289,launch,267126200,1,4.8358,253.5
41,dbeaver,2.544,launch,281626040,1,5.7499,358.7
41,dbeaver,2.799,launch,294127080,1,6.7350,387.0
41,dbeaver,3.052,launch,311559656,1,7.4250,272.3
41,dbeaver,3.307,launch,320521776,1,8.1739,294.2
41,dbeaver,3.562,launch,416221128,1,8.8303,257.2
41,dbeaver,3.815,settle,835619480,2,9.6355,320.9
41,dbeaver,4.068,settle,912394928,2,10.3741,288.3
41,dbeaver,4.323,settle,911641264,2,10.5833,82.1
41,dbeaver,4.576,settle,976882352,2,11.3365,293.3
41,dbeaver,4.832,settle,975899312,2,11.3693,12.8
41,dbeaver,5.087,settle,894487216,2,11.4160,18.3
41,dbeaver,5.342,settle,822004400,2,11.4399,9.5
41,dbeaver,5.597,settle,782092976,2,11.4472,2.8
41,dbeaver,5.852,settle,723159728,2,11.4669,7.8
41,dbeaver,6.104,settle,714410672,2,11.4743,3.0
41,dbeaver,6.359,settle,714410672,2,11.4868,4.8
41,dbeaver,6.615,settle,714410672,2,11.4935,2.6
41,dbeaver,6.868,settle,714427056,2,11.5062,5.0
41,dbeaver,7.123,settle,714427056,2,11.5199,5.4
41,dbeaver,7.377,settle,714427056,2,11.5296,3.8
41,dbeaver,7.631,settle,714427056,2,11.5420,5.1
41,dbeaver,7.882,settle,714427056,2,11.5509,3.5
41,dbeaver,8.137,settle,714427056,2,11.5682,6.8
41,dbeaver,8.390,settle,714328752,2,11.5794,4.5
41,dbeaver,8.641,settle,714181296,2,11.5931,5.4
41,dbeaver,8.893,query,714164912,2,11.6020,3.6
41,dbeaver,9.148,query,714148528,2,11.6144,4.8
41,dbeaver,9.404,query,714050224,2,11.6212,2.7
41,dbeaver,9.657,query,714066608,2,11.6360,5.8
41,dbeaver,9.912,query,714066608,2,11.6425,2.5
41,dbeaver,10.168,query,714066608,2,11.6483,2.3
41,dbeaver,10.423,query,714066608,2,11.6584,4.0
41,dbeaver,10.678,query,714066608,2,11.6666,3.2
41,dbeaver,10.933,query,713984688,2,11.6796,5.1
41,dbeaver,11.186,query,713984688,2,11.6863,2.6
41,dbeaver,11.441,query,713935536,2,11.6956,3.7
41,dbeaver,11.696,query,713951920,2,11.7045,3.4
41,dbeaver,11.948,query,713984688,2,11.7186,5.8
41,dbeaver,12.203,query,714033840,2,11.7246,2.4
41,dbeaver,12.456,query,714033840,2,11.7336,3.6
41,dbeaver,12.712,query,714033840,2,11.7400,2.5
41,dbeaver,12.965,query,714033840,2,11.7463,2.5
41,dbeaver,13.218,query,714050224,2,11.7548,3.4
41,dbeaver,13.473,query,714050224,2,11.7619,2.8
41,dbeaver,13.728,query,714066608,2,11.7705,3.4
41,dbeaver,13.983,query,714132120,2,11.7972,10.1
41,dbeaver,14.238,query,715213464,2,11.8551,23.0
41,dbeaver,14.494,query,715311768,2,11.8972,16.4
41,dbeaver,14.748,query,752781976,2,12.0154,46.8
41,dbeaver,15.003,query,755616408,2,12.1855,66.0
41,dbeaver,15.258,query,755419800,2,12.2139,11.1
41,dbeaver,15.513,query,755616408,2,12.2459,12.6
41,dbeaver,15.769,query,755747480,2,12.2705,9.6
41,dbeaver,16.022,query,714853016,2,12.2884,7.1
41,dbeaver,16.277,query,714885784,2,12.3056,6.7
41,dbeaver,16.527,query,842369712,2,12.5947,116.5
41,dbeaver,16.782,query,1021921968,2,13.3100,284.0
41,dbeaver,17.037,query,1009814192,2,13.8862,226.5
41,dbeaver,17.290,query,979978928,2,14.1072,86.6
41,dbeaver,17.545,query,979487408,2,14.2237,45.5
41,dbeaver,17.800,query,896486064,2,14.2419,7.2
41,dbeaver,18.055,query,896436912,2,14.2648,8.9
41,dbeaver,18.307,query,810470088,2,14.3965,52.5
41,dbeaver,18.559,query,810584776,2,14.4458,19.4
41,dbeaver,18.811,query,810715848,2,14.5747,50.9
41,dbeaver,19.067,query,805522120,2,14.6442,27.3
41,dbeaver,19.322,query,747162312,2,14.7299,34.0
41,dbeaver,19.577,query,747162312,2,14.8157,33.2
41,dbeaver,19.832,query,747244232,2,14.9775,63.7
41,dbeaver,20.087,query,747408072,2,15.0998,47.5
41,dbeaver,20.340,query,745835208,2,15.2246,49.7
41,dbeaver,20.591,query,745851592,2,15.2764,20.7
41,dbeaver,20.846,query,745949896,2,15.3830,41.8
41,dbeaver,21.098,query,866781896,2,15.5691,73.7
41,dbeaver,21.353,query,864717512,2,15.6463,30.2
41,dbeaver,21.609,query,861457096,2,15.7369,35.4
41,dbeaver,21.864,query,861506248,2,15.8062,26.9
41,dbeaver,22.119,query,811125448,2,15.8760,27.7
41,dbeaver,22.373,after-query,752732872,2,15.8844,3.4
41,dbeaver,22.624,after-query,752683720,2,15.8948,4.0
41,dbeaver,22.875,after-query,750226120,2,15.9051,4.1
41,dbeaver,23.126,after-query,750242504,2,15.9120,2.8
41,dbeaver,23.381,after-query,738921160,2,15.9195,2.9
41,dbeaver,23.636,after-query,738937544,2,15.9253,2.3
41,dbeaver,23.888,after-query,738839240,2,15.9406,6.0
41,dbeaver,24.139,after-query,738839240,2,15.9465,2.4
41,dbeaver,24.394,after-query,738839240,2,15.9590,4.9
41,dbeaver,24.647,after-query,738839240,2,15.9678,3.5
41,dbeaver,24.902,after-query,737839816,2,15.9884,8.0
41,dbeaver,25.154,after-query,737856200,2,15.9966,3.3
41,dbeaver,25.409,after-query,737856200,2,16.0048,3.2
41,dbeaver,25.664,after-query,737577672,2,16.0159,4.4
41,dbeaver,25.919,after-query,737315528,2,16.0216,2.3
41,dbeaver,26.173,after-query,737381064,2,16.0381,6.4
41,dbeaver,26.426,after-query,737381064,2,16.0454,2.8
41,dbeaver,26.681,after-query,737381064,2,16.0534,3.2
42,dbeaver,0.251,launch,26362768,1,0.1536,
42,dbeaver,0.506,launch,82183152,1,0.7477,233.3
42,dbeaver,0.761,launch,121193552,1,1.3695,240.1
42,dbeaver,1.016,launch,153437264,1,2.0721,275.7
42,dbeaver,1.271,launch,175015232,1,2.7310,258.3
42,dbeaver,1.527,launch,208864624,1,3.6290,351.9
42,dbeaver,1.782,launch,248661432,1,4.0473,164.3
42,dbeaver,2.037,launch,268895672,1,4.7036,256.5
42,dbeaver,2.292,launch,279152056,1,5.6685,378.5
42,dbeaver,2.547,launch,292799952,1,6.6738,394.7
42,dbeaver,2.802,launch,314344936,1,7.3561,267.1
42,dbeaver,3.057,launch,325322504,1,8.1187,298.8
42,dbeaver,3.309,launch,579684440,1,8.7646,256.2
42,dbeaver,3.563,settle,844941976,2,9.8455,382.0
42,dbeaver,3.818,settle,919849648,2,10.4024,218.6
42,dbeaver,4.073,settle,985320136,2,10.7646,141.5
42,dbeaver,4.328,settle,992053960,2,11.5197,296.1
42,dbeaver,4.584,settle,991087304,2,11.5515,12.3
42,dbeaver,4.835,settle,910691016,2,11.5821,12.2
42,dbeaver,5.091,settle,829164232,2,11.6039,8.5
42,dbeaver,5.346,settle,789187272,2,11.6129,3.6
42,dbeaver,5.601,settle,730270408,2,11.6279,5.7
42,dbeaver,5.857,settle,719178440,2,11.6346,2.6
42,dbeaver,6.112,settle,719178440,2,11.6492,5.8
42,dbeaver,6.367,settle,719178440,2,11.6551,2.3
42,dbeaver,6.625,settle,719194824,2,11.6714,6.4
42,dbeaver,6.880,settle,719194824,2,11.6765,2.0
42,dbeaver,7.134,settle,719276744,2,11.6996,9.0
42,dbeaver,7.389,settle,719276744,2,11.7060,2.5
42,dbeaver,7.642,settle,719276744,2,11.7153,3.7
42,dbeaver,7.894,settle,719276744,2,11.7272,4.8
42,dbeaver,8.149,settle,719276744,2,11.7400,5.1
42,dbeaver,8.401,query,718916272,2,11.7572,7.0
42,dbeaver,8.656,query,718916272,2,11.7621,1.9
42,dbeaver,8.909,query,718899888,2,11.7744,4.8
42,dbeaver,9.163,query,718899888,2,11.7810,2.6
42,dbeaver,9.418,query,718817968,2,11.7960,5.8
42,dbeaver,9.673,query,718817968,2,11.8015,2.1
42,dbeaver,9.928,query,718817968,2,11.8141,5.0
42,dbeaver,10.183,query,718817968,2,11.8218,3.0
42,dbeaver,10.438,query,718817968,2,11.8266,1.9
42,dbeaver,10.693,query,718752432,2,11.8451,7.2
42,dbeaver,10.948,query,718752432,2,11.8523,2.8
42,dbeaver,11.201,query,718752432,2,11.8642,4.7
42,dbeaver,11.457,query,718785200,2,11.8749,4.1
42,dbeaver,11.709,query,718850736,2,11.8901,6.2
42,dbeaver,11.965,query,718850736,2,11.8952,2.0
42,dbeaver,12.218,query,718850736,2,11.9034,3.2
42,dbeaver,12.473,query,718867120,2,11.9108,2.9
42,dbeaver,12.726,query,718883504,2,11.9228,4.8
42,dbeaver,12.981,query,718883504,2,11.9266,1.5
42,dbeaver,13.235,query,718883504,2,11.9341,2.9
42,dbeaver,13.489,query,718916224,2,11.9580,9.5
42,dbeaver,13.744,query,718965376,2,11.9749,6.5
42,dbeaver,13.996,query,757828224,2,12.0381,25.2
42,dbeaver,14.251,query,799885952,2,12.1026,25.6
42,dbeaver,14.503,query,801147520,2,12.2851,72.2
42,dbeaver,14.758,query,760433280,2,12.3037,7.1
42,dbeaver,15.013,query,760433280,2,12.3215,7.1
42,dbeaver,15.268,query,760629888,2,12.3540,12.6
42,dbeaver,15.523,query,722258560,2,12.3775,9.4
42,dbeaver,15.776,query,719800960,2,12.3834,2.3
42,dbeaver,16.031,query,719833728,2,12.3963,5.0
42,dbeaver,16.287,query,810896000,2,12.8528,180.1
42,dbeaver,16.538,query,994577048,2,13.6490,316.7
42,dbeaver,16.793,query,912968344,2,14.3194,262.2
42,dbeaver,17.049,query,915376792,2,14.4651,57.6
42,dbeaver,17.301,query,913738392,2,14.5143,19.3
42,dbeaver,17.555,query,913722008,2,14.5208,2.6
42,dbeaver,17.811,query,913377968,2,14.5645,17.1
42,dbeaver,18.066,query,738396848,2,14.6629,38.9
42,dbeaver,18.321,query,738544304,2,14.7486,33.4
42,dbeaver,18.576,query,746130096,2,14.8667,46.0
42,dbeaver,18.830,query,743738032,2,14.9714,41.6
42,dbeaver,19.081,query,743819952,2,15.0387,26.9
42,dbeaver,19.336,query,755157680,2,15.1596,47.3
42,dbeaver,19.590,query,755272368,2,15.2767,46.1
42,dbeaver,19.845,query,755419824,2,15.4174,55.0
42,dbeaver,20.100,query,753306288,2,15.5279,43.2
42,dbeaver,20.352,query,753388208,2,15.6110,33.3
42,dbeaver,20.607,query,788712136,2,15.7957,71.6
42,dbeaver,20.862,query,797493960,2,15.8728,30.4
42,dbeaver,21.117,query,795413192,2,15.9797,42.2
42,dbeaver,21.368,query,791284424,2,16.0289,19.9
42,dbeaver,21.623,query,791300808,2,16.0909,23.7
42,dbeaver,21.878,query,740969160,2,16.1509,23.4
42,dbeaver,22.131,query,740969160,2,16.1589,3.2
42,dbeaver,22.385,after-query,740920008,2,16.1734,5.7
42,dbeaver,22.640,after-query,740920008,2,16.1779,1.8
42,dbeaver,22.895,after-query,736037576,2,16.1948,6.5
42,dbeaver,23.151,after-query,724749000,2,16.2007,2.3
42,dbeaver,23.406,after-query,724765384,2,16.2094,3.4
42,dbeaver,23.661,after-query,724765384,2,16.2171,3.1
42,dbeaver,23.912,after-query,724667080,2,16.2309,5.4
42,dbeaver,24.167,after-query,724667080,2,16.2425,4.6
42,dbeaver,24.422,after-query,724716232,2,16.2560,5.3
42,dbeaver,24.676,after-query,724716232,2,16.2673,4.5
42,dbeaver,24.932,after-query,724716232,2,16.2759,3.3
42,dbeaver,25.186,after-query,724667080,2,16.2855,3.7
42,dbeaver,25.438,after-query,724667080,2,16.2926,2.8
42,dbeaver,25.693,after-query,724273864,2,16.3017,3.6
42,dbeaver,25.944,after-query,724290248,2,16.3126,4.3
42,dbeaver,26.200,after-query,724290248,2,16.3194,2.7
42,dbeaver,26.451,after-query,724290248,2,16.3306,4.6
42,dbgate,0.255,launch,8913832,1,0.1012,
42,dbgate,0.507,launch,49302360,3,0.3551,100.0
42,dbgate,0.760,launch,79318112,3,0.5819,89.5
42,dbgate,1.015,settle,191419048,4,0.9636,149.0
42,dbgate,1.270,settle,283187104,5,1.3937,169.9
42,dbgate,1.523,settle,593814504,8,2.3403,371.6
42,dbgate,1.778,settle,620553528,8,2.7823,172.6
42,dbgate,2.034,settle,622667064,8,2.8278,17.7
42,dbgate,2.289,settle,623011128,8,2.8760,18.8
42,dbgate,2.543,settle,623289656,8,2.9404,24.3
42,dbgate,2.799,settle,602858808,8,2.9964,22.6
42,dbgate,3.056,settle,609969464,8,3.0566,23.9
42,dbgate,3.311,settle,609969464,8,3.0736,6.6
42,dbgate,3.566,settle,610002232,8,3.0898,6.4
42,dbgate,3.819,settle,610002232,8,3.1044,5.7
42,dbgate,4.072,settle,610035000,8,3.1229,7.4
42,dbgate,4.327,settle,605562168,8,3.1350,4.7
42,dbgate,4.582,settle,605562168,8,3.1542,7.5
42,dbgate,4.836,settle,595567928,8,3.1659,4.6
42,dbgate,5.088,settle,583902496,8,3.1891,9.2
42,dbgate,5.339,settle,583886112,8,3.2003,4.5
42,dbgate,5.594,settle,583886112,8,3.2200,7.7
42,dbgate,5.849,settle,583886112,8,3.2312,4.4
42,dbgate,6.101,query,583886112,8,3.2457,5.9
42,dbgate,6.354,query,583869728,8,3.2586,5.1
42,dbgate,6.606,query,566797600,8,3.2765,7.1
42,dbgate,6.861,query,566813984,8,3.2883,4.5
42,dbgate,7.114,query,522462520,8,3.3077,7.8
42,dbgate,7.369,query,517006648,8,3.3203,4.9
42,dbgate,7.624,query,517023032,8,3.3377,6.7
42,dbgate,7.880,query,517039416,8,3.3525,5.8
42,dbgate,8.135,query,485385528,8,3.3694,6.6
42,dbgate,8.390,query,485401912,8,3.3845,6.0
42,dbgate,8.643,query,485385528,8,3.3971,4.9
42,dbgate,8.897,query,485401912,8,3.4121,5.9
42,dbgate,9.152,query,485369144,8,3.4269,5.8
42,dbgate,9.407,query,485451064,8,3.4400,5.3
42,dbgate,9.662,query,485434680,8,3.4514,4.5
42,dbgate,9.914,query,485451064,8,3.4618,4.1
42,dbgate,10.169,query,485434680,8,3.4719,4.0
42,dbgate,10.424,query,485451064,8,3.4851,5.2
42,dbgate,10.679,query,485434680,8,3.4982,5.1
42,dbgate,10.931,query,485451064,8,3.5095,4.5
42,dbgate,11.187,query,485434680,8,3.5228,5.2
42,dbgate,11.441,query,485516600,8,3.5376,5.8
42,dbgate,11.697,query,485500216,8,3.5487,4.3
42,dbgate,11.952,query,548644152,8,3.6070,22.6
42,dbgate,12.206,query,607036728,8,3.6664,23.6
42,dbgate,12.461,query,607020344,8,3.6802,5.3
42,dbgate,12.712,query,609641808,8,3.7954,46.4
42,dbgate,12.967,query,609264976,8,3.8209,10.0
42,dbgate,13.221,query,669657552,9,4.1326,124.2
42,dbgate,13.471,query,721185352,9,4.4530,129.1
42,dbgate,13.727,query,722283080,9,4.4981,17.3
42,dbgate,13.982,query,722283080,9,4.5117,5.3
42,dbgate,14.234,query,739273288,9,4.7917,112.0
42,dbgate,14.489,query,746187384,9,5.0179,89.6
42,dbgate,14.739,query,766732944,9,5.2661,98.4
42,dbgate,14.990,query,771877520,9,5.4871,88.0
42,dbgate,15.245,query,782936768,9,5.8108,126.4
42,dbgate,15.500,query,783084224,9,6.0365,88.6
42,dbgate,15.755,query,783297216,9,6.1987,63.5
42,dbgate,16.005,query,784034496,9,6.3871,75.5
42,dbgate,16.259,query,785574592,9,6.5550,65.7
42,dbgate,16.514,query,791866048,9,6.6965,55.8
42,dbgate,16.764,query,795667136,9,6.8279,52.8
42,dbgate,17.020,query,791538368,9,6.9256,38.0
42,dbgate,17.272,query,796404416,9,7.0779,60.6
42,dbgate,17.526,query,800074432,9,7.2236,56.6
42,dbgate,17.782,query,801794752,9,7.3160,36.7
42,dbgate,18.037,query,778922688,9,7.4756,61.9
42,dbgate,18.288,query,782265024,9,7.6241,59.5
42,dbgate,18.542,query,719268544,9,7.7419,46.5
42,dbgate,18.796,query,723626712,9,7.8931,59.0
42,dbgate,19.049,query,726805208,9,8.0283,54.1
42,dbgate,19.300,query,728083160,9,8.0951,26.1
42,dbgate,19.551,after-query,712354520,9,8.1145,7.8
42,dbgate,19.802,after-query,711813848,9,8.1348,8.1
42,dbgate,20.057,after-query,711830232,9,8.1504,6.1
42,dbgate,20.312,after-query,706570968,9,8.1650,5.7
42,dbgate,20.564,after-query,706570968,9,8.1774,4.9
42,dbgate,20.815,after-query,706538200,9,8.1942,6.8
42,dbgate,21.070,after-query,686336704,9,8.2153,8.2
42,dbgate,21.325,after-query,686402240,9,8.2348,7.7
42,dbgate,21.580,after-query,686402240,9,8.2492,5.8
42,dbgate,21.832,after-query,684534464,9,8.2675,7.1
42,dbgate,22.087,after-query,684550848,9,8.2815,5.5
42,dbgate,22.342,after-query,684534464,9,8.2921,4.2
42,dbgate,22.596,after-query,684534464,9,8.3080,6.1
42,dbgate,22.851,after-query,684534464,9,8.3248,6.6
42,dbgate,23.106,after-query,684518080,9,8.3415,6.6
42,dbgate,23.358,after-query,684518080,9,8.3556,5.6
42,dbgate,23.613,after-query,684468928,9,8.3716,6.3
42,dbgate,23.865,after-query,684452544,9,8.3852,5.4
42,dbgate,24.118,after-query,684468928,9,8.3983,5.3
42,pgpad,0.253,launch,25691984,4,0.1623,
42,pgpad,0.508,settle,47467064,4,0.3935,88.8
42,pgpad,0.762,settle,52824800,4,0.4929,39.3
42,pgpad,1.017,settle,234311256,5,0.7840,114.8
42,pgpad,1.272,settle,234114648,5,0.7862,0.8
42,pgpad,1.527,settle,228216408,5,0.7941,3.1
42,pgpad,1.783,settle,225545816,5,0.8159,8.5
42,pgpad,2.038,settle,206442072,5,0.8209,2.0
42,pgpad,2.290,settle,157126232,5,0.8254,1.8
42,pgpad,2.545,settle,156536408,5,0.8266,0.4
42,pgpad,2.800,settle,156405336,5,0.8272,0.3
42,pgpad,3.052,settle,156388952,5,0.8280,0.3
42,pgpad,3.308,settle,156257880,5,0.8286,0.2
42,pgpad,3.563,settle,156192344,5,0.8293,0.3
42,pgpad,3.818,settle,156192344,5,0.8296,0.1
42,pgpad,4.070,settle,156192344,5,0.8300,0.2
42,pgpad,4.321,settle,156192344,5,0.8304,0.1
42,pgpad,4.576,settle,156192344,5,0.8306,0.1
42,pgpad,4.828,settle,156192344,5,0.8306,0.0
42,pgpad,5.079,settle,156192344,5,0.8306,0.0
42,pgpad,5.335,settle,156192344,5,0.8312,0.2
42,pgpad,5.587,query,156012120,5,0.8353,1.7
42,pgpad,5.842,query,156012120,5,0.8355,0.1
42,pgpad,6.097,query,155881048,5,0.8365,0.4
42,pgpad,6.352,query,155881048,5,0.8366,0.0
42,pgpad,6.604,query,155749976,5,0.8371,0.2
42,pgpad,6.854,query,155749976,5,0.8375,0.1
42,pgpad,7.109,query,155749976,5,0.8375,0.0
42,pgpad,7.364,query,155749976,5,0.8375,0.0
42,pgpad,7.619,query,155749976,5,0.8375,0.0
42,pgpad,7.875,query,155749976,5,0.8375,0.0
42,pgpad,8.130,query,155749976,5,0.8375,0.0
42,pgpad,8.385,query,155749976,5,0.8375,0.0
42,pgpad,8.639,query,155749976,5,0.8375,0.0
42,pgpad,8.891,query,155700824,5,0.8473,4.0
42,pgpad,9.145,query,155700824,5,0.8517,1.7
42,pgpad,9.400,query,155684440,5,0.8524,0.3
42,pgpad,9.653,query,155684440,5,0.8532,0.3
42,pgpad,9.904,query,155684440,5,0.8538,0.2
42,pgpad,10.159,query,155684440,5,0.8544,0.3
42,pgpad,10.411,query,155684440,5,0.8546,0.1
42,pgpad,10.666,query,232771160,5,0.9012,18.3
42,pgpad,10.922,query,287624912,5,1.0016,39.1
42,pgpad,11.177,query,287362768,5,1.0062,1.8
42,pgpad,11.429,query,280432336,5,1.0100,1.5
42,pgpad,11.684,query,280219344,5,1.0127,1.0
42,pgpad,11.936,query,234213072,5,1.0596,18.8
42,pgpad,12.191,query,244732224,6,1.1841,48.8
42,pgpad,12.442,query,251810136,6,1.2080,9.4
42,pgpad,12.696,query,252580184,6,1.2281,8.0
42,pgpad,12.951,query,274665816,6,1.2627,13.5
42,pgpad,13.203,query,274649432,6,1.2643,0.7
42,pgpad,13.458,query,267686232,6,1.2879,9.2
42,pgpad,13.713,query,267800920,6,1.3121,9.5
42,pgpad,13.965,query,226283864,6,1.3153,1.3
42,pgpad,14.216,query,298111320,6,1.4578,57.2
42,pgpad,14.469,query,376000928,6,1.6283,66.3
42,pgpad,14.725,query,375886240,6,1.6302,0.7
42,pgpad,14.980,query,373330336,6,1.6426,4.9
42,pgpad,15.235,query,371511712,6,1.6439,0.5
42,pgpad,15.490,query,290591136,6,1.6564,4.9
42,pgpad,15.741,query,259051936,6,1.6596,1.3
42,pgpad,15.997,query,259035552,6,1.6710,4.4
42,pgpad,16.252,query,341103008,6,1.6983,10.8
42,pgpad,16.507,query,386896312,6,1.7698,28.5
42,pgpad,16.762,query,395366840,6,1.7961,10.1
42,pgpad,17.017,query,395514296,6,1.8800,33.1
42,pgpad,17.272,query,401363384,6,1.9097,11.7
42,pgpad,17.525,query,402035128,6,1.9848,29.7
42,pgpad,17.780,query,402002360,6,1.9902,2.1
42,pgpad,18.033,query,407998904,6,2.0425,21.2
42,pgpad,18.288,after-query,400052664,6,2.0791,14.4
42,pgpad,18.543,after-query,400036280,6,2.0828,1.4
42,pgpad,18.798,after-query,399511992,6,2.0861,1.2
42,pgpad,19.053,after-query,399348152,6,2.0876,0.6
42,pgpad,19.309,after-query,351539640,6,2.0917,1.6
42,pgpad,19.564,after-query,262361528,6,2.0926,0.3
42,pgpad,19.819,after-query,262345144,6,2.0934,0.3
42,pgpad,20.074,after-query,262345144,6,2.0940,0.2
42,pgpad,20.325,after-query,262197688,6,2.0949,0.3
42,pgpad,20.580,after-query,262181304,6,2.0957,0.3
42,pgpad,20.833,after-query,262083000,6,2.0965,0.3
42,pgpad,21.084,after-query,262148536,6,2.1040,3.0
42,pgpad,21.337,after-query,262148536,6,2.1046,0.2
42,pgpad,21.591,after-query,262099384,6,2.1051,0.2
42,pgpad,21.843,after-query,262099384,6,2.1057,0.2
42,pgpad,22.095,after-query,262099384,6,2.1062,0.2
42,pgpad,22.350,after-query,262099384,6,2.1069,0.3
42,pgpad,22.603,after-query,262099384,6,2.1072,0.1
42,pgpad,22.858,after-query,262017464,6,2.1074,0.1
42,pgpad,23.113,after-query,262017464,6,2.1074,0.0
42,pgpad,23.368,after-query,261968312,6,2.1076,0.1
42,pgadmin,0.255,launch,10290136,1,0.1150,
42,pgadmin,0.510,launch,41256976,3,0.3209,79.9
42,pgadmin,0.762,launch,126768240,5,0.7819,183.1
42,pgadmin,1.017,launch,155784376,5,1.0256,95.2
42,pgadmin,1.272,launch,166204600,5,1.2494,87.5
42,pgadmin,1.527,launch,175494352,5,1.4710,87.4
42,pgadmin,1.782,launch,188667112,5,1.6959,87.5
42,pgadmin,2.035,launch,207541480,5,1.9313,93.4
42,pgadmin,2.290,launch,216585448,5,2.1654,92.1
42,pgadmin,2.542,launch,226219264,5,2.3962,91.6
42,pgadmin,2.797,launch,251172576,6,2.8623,183.0
42,pgadmin,3.048,launch,236492080,5,2.8413,88.5
42,pgadmin,3.303,launch,244651312,5,3.0840,94.1
42,pgadmin,3.558,launch,254432560,5,3.3369,98.2
42,pgadmin,3.814,launch,263542208,6,3.5658,90.4
42,pgadmin,4.069,launch,264000816,5,3.6146,19.2
42,pgadmin,4.323,launch,266753352,5,3.6727,22.9
42,pgadmin,4.578,settle,329422416,5,4.0902,201.9
42,pgadmin,4.829,settle,459724416,5,4.4378,138.7
42,pgadmin,5.084,settle,515118768,5,4.8294,153.2
42,pgadmin,5.338,settle,722999272,5,5.3693,212.7
42,pgadmin,5.593,settle,697489552,5,5.6716,117.9
42,pgadmin,5.845,settle,714741976,5,5.9451,109.3
42,pgadmin,6.100,settle,817748232,5,6.1576,82.4
42,pgadmin,6.354,settle,820402776,6,6.2443,34.2
42,pgadmin,6.609,settle,829234016,6,6.3529,42.6
42,pgadmin,6.862,settle,821582688,6,6.3851,12.6
42,pgadmin,7.114,settle,817421152,6,6.4147,11.8
42,pgadmin,7.369,settle,806673248,6,6.4502,13.9
42,pgadmin,7.624,settle,784898912,6,6.4840,13.3
42,pgadmin,7.878,settle,784980832,6,6.5147,12.0
42,pgadmin,8.134,settle,785324896,6,6.5775,24.7
42,pgadmin,8.389,settle,785341280,6,6.6090,12.6
42,pgadmin,8.641,settle,785472352,6,6.6491,15.8
42,pgadmin,8.896,settle,785537888,6,6.6769,10.8
42,pgadmin,9.151,settle,785668960,6,6.7121,13.9
42,pgadmin,9.402,settle,785734496,6,6.7423,12.4
42,pgadmin,9.655,query,785881952,6,6.7642,8.6
42,pgadmin,9.907,query,786127736,6,6.8042,15.8
42,pgadmin,10.162,query,787520352,6,6.8598,21.3
42,pgadmin,10.418,query,787651424,6,6.8904,12.0
42,pgadmin,10.673,query,787782472,6,6.9220,12.3
42,pgadmin,10.928,query,726424392,6,6.9539,12.7
42,pgadmin,11.183,query,622517064,6,6.9818,11.0
42,pgadmin,11.438,query,622648136,6,7.0095,10.7
42,pgadmin,11.694,query,622746440,6,7.0451,14.0
42,pgadmin,11.945,query,623057736,6,7.1055,23.9
42,pgadmin,12.200,query,623237960,6,7.1372,12.5
42,pgadmin,12.455,query,623369032,6,7.1654,11.0
42,pgadmin,12.710,query,623467336,6,7.1950,11.9
42,pgadmin,12.962,query,623582024,6,7.2191,9.5
42,pgadmin,13.213,query,623762248,6,7.2435,9.7
42,pgadmin,13.468,query,623926088,6,7.2733,11.6
42,pgadmin,13.723,query,624024392,6,7.3036,11.9
42,pgadmin,13.977,query,625613664,6,7.3688,25.8
42,pgadmin,14.232,query,625761120,6,7.3969,11.1
42,pgadmin,14.487,query,625908576,6,7.4182,8.4
42,pgadmin,14.742,query,626072416,6,7.4443,10.2
42,pgadmin,14.995,query,626236256,6,7.4671,9.1
42,pgadmin,15.250,query,626350944,6,7.4924,9.9
42,pgadmin,15.502,query,626514784,6,7.5127,8.0
42,pgadmin,15.754,query,651434872,6,7.5774,25.7
42,pgadmin,16.009,query,730487648,6,8.0134,169.3
42,pgadmin,16.265,query,731159392,6,8.0545,16.1
42,pgadmin,16.517,query,731159392,6,8.0790,9.5
42,pgadmin,16.771,query,731159392,6,8.1084,11.7
42,pgadmin,17.026,query,730831712,6,8.1302,8.7
42,pgadmin,17.279,query,728734560,6,8.1507,7.9
42,pgadmin,17.532,query,788814688,6,8.3683,86.9
42,pgadmin,17.784,query,808049528,6,8.5590,75.7
42,pgadmin,18.036,query,810064760,6,8.6761,46.5
42,pgadmin,18.291,query,815111032,6,8.7922,45.5
42,pgadmin,18.542,query,822025056,6,8.9763,73.7
42,pgadmin,18.795,query,832248696,6,9.1262,60.0
42,pgadmin,19.049,query,834984824,6,9.2044,30.0
42,pgadmin,19.303,query,848665512,6,9.4171,84.3
42,pgadmin,19.556,query,856562600,6,9.5422,49.5
42,pgadmin,19.812,query,862444456,6,9.6921,58.7
42,pgadmin,20.067,query,875633576,6,9.8666,68.5
42,pgadmin,20.321,query,878631848,6,9.9559,34.7
42,pgadmin,20.576,query,893541288,6,10.1149,62.7
42,pgadmin,20.828,query,895146944,6,10.2835,67.4
42,pgadmin,21.084,query,909040576,6,10.4608,68.7
42,pgadmin,21.338,query,912776152,6,10.5702,43.4
42,pgadmin,21.593,query,918903768,6,10.7430,67.4
42,pgadmin,21.848,query,920509400,6,10.7862,16.9
42,pgadmin,22.102,query,931257328,6,10.9726,73.3
42,pgadmin,22.354,query,941562864,6,11.1349,64.8
42,pgadmin,22.609,query,943365104,6,11.2173,32.4
42,pgadmin,22.863,query,931273712,6,11.2409,9.3
42,pgadmin,23.115,after-query,931372016,6,11.2614,8.1
42,pgadmin,23.371,after-query,931421168,6,11.2833,8.5
42,pgadmin,23.625,after-query,924670960,6,11.3057,8.8
42,pgadmin,23.880,after-query,900389848,6,11.3308,9.9
42,pgadmin,24.135,after-query,900766680,6,11.3816,20.0
42,pgadmin,24.391,after-query,900848600,6,11.4047,8.9
42,pgadmin,24.644,after-query,900930520,6,11.4271,8.9
42,pgadmin,24.900,after-query,894655448,6,11.4493,8.7
42,pgadmin,25.155,after-query,894704600,6,11.4671,7.1
42,pgadmin,25.409,after-query,894819288,6,11.4875,8.0
42,pgadmin,25.662,after-query,894933976,6,11.5115,9.4
42,pgadmin,25.917,after-query,895015896,6,11.5555,17.5
42,pgadmin,26.172,after-query,895343576,6,11.5855,11.6
42,pgadmin,26.428,after-query,895409112,6,11.6096,9.5
42,pgadmin,26.682,after-query,862018520,6,11.6371,10.8
42,pgadmin,26.938,after-query,862084056,6,11.6542,6.7
42,pgadmin,27.193,after-query,862149592,6,11.6764,8.6
42,pgadmin,27.444,after-query,862231512,6,11.7004,9.7
43,pgpad,0.250,launch,17220592,1,0.1240,
43,pgpad,0.505,settle,48269880,4,0.3987,107.8
43,pgpad,0.756,settle,50399944,4,0.4846,33.9
43,pgpad,1.011,settle,234557064,5,0.7680,110.4
43,pgpad,1.267,settle,233934472,5,0.7698,0.7
43,pgpad,1.519,settle,230002312,5,0.8010,12.4
43,pgpad,1.774,settle,226791048,5,0.8045,1.3
43,pgpad,2.029,settle,226266760,5,0.8079,1.4
43,pgpad,2.281,settle,160632456,5,0.8129,2.0
43,pgpad,2.536,settle,160599688,5,0.8138,0.3
43,pgpad,2.791,settle,159878792,5,0.8148,0.4
43,pgpad,3.043,settle,159846024,5,0.8153,0.2
43,pgpad,3.298,settle,159846024,5,0.8160,0.3
43,pgpad,3.552,settle,159813256,5,0.8166,0.3
43,pgpad,3.807,settle,159813256,5,0.8171,0.2
43,pgpad,4.063,settle,159813256,5,0.8174,0.1
43,pgpad,4.315,settle,159813256,5,0.8178,0.1
43,pgpad,4.568,settle,159813256,5,0.8181,0.1
43,pgpad,4.823,settle,159813256,5,0.8181,0.0
43,pgpad,5.075,settle,159813256,5,0.8181,0.0
43,pgpad,5.326,settle,159583856,5,0.8191,0.4
43,pgpad,5.581,query,159501936,5,0.8226,1.4
43,pgpad,5.834,query,159452784,5,0.8229,0.1
43,pgpad,6.090,query,159387248,5,0.8235,0.2
43,pgpad,6.343,query,159354480,5,0.8236,0.0
43,pgpad,6.598,query,159354480,5,0.8239,0.1
43,pgpad,6.853,query,159256176,5,0.8246,0.3
43,pgpad,7.107,query,159256176,5,0.8246,0.0
43,pgpad,7.360,query,159108720,5,0.8248,0.1
43,pgpad,7.611,query,159108720,5,0.8248,0.0
43,pgpad,7.866,query,159108720,5,0.8248,0.0
43,pgpad,8.117,query,159108720,5,0.8248,0.0
43,pgpad,8.372,query,159108720,5,0.8248,0.0
43,pgpad,8.625,query,159108720,5,0.8248,0.0
43,pgpad,8.878,query,158797424,5,0.8314,2.7
43,pgpad,9.133,query,158879344,5,0.8397,3.2
43,pgpad,9.388,query,158879344,5,0.8410,0.5
43,pgpad,9.639,query,158879344,5,0.8416,0.3
43,pgpad,9.894,query,158879344,5,0.8421,0.2
43,pgpad,10.149,query,158879344,5,0.8427,0.2
43,pgpad,10.404,query,158830192,5,0.8430,0.1
43,pgpad,10.659,query,233737864,5,0.8724,11.5
43,pgpad,10.911,query,286936832,5,0.9922,46.6
43,pgpad,11.166,query,286822144,5,0.9947,1.0
43,pgpad,11.421,query,286199552,5,1.0003,2.2
43,pgpad,11.676,query,286035712,5,1.0023,0.8
43,pgpad,11.931,query,248549144,5,1.0525,19.7
43,pgpad,12.186,query,258969992,6,1.1908,54.3
43,pgpad,12.441,query,272781704,6,1.2161,9.9
43,pgpad,12.697,query,272765320,6,1.2184,0.9
43,pgpad,12.952,query,275435912,6,1.2616,16.8
43,pgpad,13.207,query,275419528,6,1.2639,0.9
43,pgpad,13.462,query,273879432,6,1.2840,7.9
43,pgpad,13.717,query,266097032,6,1.3102,10.2
43,pgpad,13.972,query,224596360,6,1.3141,1.5
43,pgpad,14.226,query,267686280,6,1.3703,21.6
43,pgpad,14.481,query,428593616,6,1.6184,98.9
43,pgpad,14.736,query,428495312,6,1.6213,1.1
43,pgpad,14.991,query,425415120,6,1.6329,4.6
43,pgpad,15.246,query,424284624,6,1.6367,1.4
43,pgpad,15.499,query,292622800,6,1.6470,4.2
43,pgpad,15.754,query,263459280,6,1.6515,1.7
43,pgpad,16.007,query,263459280,6,1.6582,2.7
43,pgpad,16.261,query,339841488,6,1.6867,11.2
43,pgpad,16.516,query,372216296,6,1.7631,29.9
43,pgpad,16.769,query,390697448,6,1.7864,9.3
43,pgpad,17.023,query,385323496,6,1.8680,31.6
43,pgpad,17.273,query,385405416,6,1.8929,10.0
43,pgpad,17.528,query,386142696,6,1.9590,25.9
43,pgpad,17.784,query,386109928,6,1.9613,0.9
43,pgpad,18.039,query,386093544,6,1.9850,9.3
43,pgpad,18.290,after-query,386503144,6,2.0704,34.6
43,pgpad,18.545,after-query,380441064,6,2.0735,1.2
43,pgpad,18.800,after-query,380424680,6,2.0784,1.9
43,pgpad,19.054,after-query,379949544,6,2.0815,1.3
43,pgpad,19.307,after-query,351834600,6,2.0851,1.4
43,pgpad,19.557,after-query,262672872,6,2.0874,0.9
43,pgpad,19.813,after-query,262656488,6,2.0883,0.4
43,pgpad,20.064,after-query,262656488,6,2.0889,0.3
43,pgpad,20.319,after-query,262623720,6,2.0893,0.1
43,pgpad,20.572,after-query,262541800,6,2.0896,0.1
43,pgpad,20.823,after-query,262459880,6,2.0903,0.3
43,pgpad,21.073,after-query,262492648,6,2.0968,2.6
43,pgpad,21.328,after-query,262492648,6,2.0973,0.2
43,pgpad,21.584,after-query,262377960,6,2.0984,0.4
43,pgpad,21.836,after-query,262377960,6,2.0993,0.4
43,pgpad,22.088,after-query,262377960,6,2.0998,0.2
43,pgpad,22.342,after-query,262377960,6,2.1006,0.3
43,pgpad,22.594,after-query,262377960,6,2.1008,0.1
43,pgpad,22.849,after-query,262377960,6,2.1009,0.0
43,pgpad,23.104,after-query,262377960,6,2.1009,0.0
43,pgpad,23.355,after-query,262377960,6,2.1009,0.0
43,pgpad,23.606,after-query,262246888,6,2.1013,0.2
43,pgadmin,0.250,launch,9176024,1,0.1096,
43,pgadmin,0.506,launch,58821968,3,0.4389,127.3
43,pgadmin,0.758,launch,149509280,5,0.8190,150.8
43,pgadmin,1.009,launch,160388280,5,1.0475,91.1
43,pgadmin,1.264,launch,170480824,5,1.2712,87.9
43,pgadmin,1.519,launch,179573968,5,1.5030,90.9
43,pgadmin,1.774,launch,191403240,5,1.7255,87.1
43,pgadmin,2.026,launch,202446056,5,1.9591,93.9
43,pgadmin,2.281,launch,213030144,5,2.1961,91.4
43,pgadmin,2.536,launch,222041584,6,2.4330,93.0
43,pgadmin,2.791,launch,252139208,6,2.9140,187.9
43,pgadmin,3.046,launch,237163824,5,2.8861,90.0
43,pgadmin,3.298,launch,247256368,5,3.1192,93.0
43,pgadmin,3.551,launch,256185648,5,3.3698,99.0
43,pgadmin,3.806,launch,264000816,5,3.5773,81.2
43,pgadmin,4.062,launch,264508720,5,3.6047,10.7
43,pgadmin,4.317,settle,278599032,6,3.7702,95.3
43,pgadmin,4.568,settle,429954616,5,4.2631,231.2
43,pgadmin,4.823,settle,469030528,5,4.5554,115.2
43,pgadmin,5.076,settle,612308848,5,5.1945,251.5
43,pgadmin,5.331,settle,775133208,5,5.4892,115.6
43,pgadmin,5.586,settle,709433464,5,5.8210,129.8
43,pgadmin,5.841,settle,782801112,5,6.1400,125.1
43,pgadmin,6.096,settle,783505624,5,6.1804,15.7
43,pgadmin,6.351,settle,791534360,6,6.3164,54.4
43,pgadmin,6.607,settle,794434328,6,6.3665,19.0
43,pgadmin,6.860,settle,786766616,6,6.4011,13.8
43,pgadmin,7.115,settle,784751384,6,6.4261,10.0
43,pgadmin,7.370,settle,747838232,6,6.4601,13.2
43,pgadmin,7.626,settle,747739928,6,6.4964,14.2
43,pgadmin,7.876,settle,748165912,6,6.5592,25.2
43,pgadmin,8.127,settle,748231448,6,6.5904,12.3
43,pgadmin,8.379,settle,748329752,6,6.6184,11.4
43,pgadmin,8.634,settle,748428056,6,6.6524,13.1
43,pgadmin,8.886,settle,748509976,6,6.6785,10.4
43,pgadmin,9.141,settle,748608280,6,6.7095,12.2
43,pgadmin,9.396,query,748657432,6,6.7339,9.8
43,pgadmin,9.647,query,748706584,6,6.7583,9.7
43,pgadmin,9.902,query,751098648,6,6.8381,31.2
43,pgadmin,10.157,query,751246104,6,6.8702,12.4
43,pgadmin,10.412,query,751377176,6,6.8990,11.4
43,pgadmin,10.667,query,751557400,6,6.9314,12.7
43,pgadmin,10.923,query,671161112,6,6.9704,15.1
43,pgadmin,11.175,query,626187032,6,7.0013,12.2
43,pgadmin,11.430,query,626334488,6,7.0301,11.3
43,pgadmin,11.682,query,626367256,6,7.0646,13.8
43,pgadmin,11.933,query,626694936,6,7.1201,22.2
43,pgadmin,12.188,query,626858776,6,7.1535,13.1
43,pgadmin,12.444,query,627006232,6,7.1768,9.2
43,pgadmin,12.697,query,627170072,6,7.2026,10.4
43,pgadmin,12.952,query,627301144,6,7.2246,8.5
43,pgadmin,13.207,query,627415832,6,7.2473,9.0
43,pgadmin,13.459,query,627579672,6,7.2699,8.9
43,pgadmin,13.714,query,627727128,6,7.2918,8.5
43,pgadmin,13.969,query,629267224,6,7.3429,20.1
43,pgadmin,14.224,query,629381912,6,7.3655,8.8
43,pgadmin,14.479,query,629594904,6,7.3935,11.0
43,pgadmin,14.732,query,629709592,6,7.4192,10.1
43,pgadmin,14.984,query,629824280,6,7.4456,10.5
43,pgadmin,15.239,query,629971736,6,7.4674,8.5
43,pgadmin,15.492,query,630135576,6,7.4920,9.7
43,pgadmin,15.748,query,715152200,6,7.6981,81.6
43,pgadmin,16.002,query,734190384,6,8.0457,133.8
43,pgadmin,16.257,query,734468912,6,8.0851,15.4
43,pgadmin,16.511,query,734468912,6,8.1030,7.2
43,pgadmin,16.766,query,734485296,6,8.1239,8.1
43,pgadmin,17.021,query,732388144,6,8.1456,8.3
43,pgadmin,17.275,query,732584752,6,8.1846,15.6
43,pgadmin,17.526,query,789633840,6,8.4473,105.9
43,pgadmin,17.781,query,791878448,6,8.5717,48.5
43,pgadmin,18.033,query,803953456,6,8.7400,66.7
43,pgadmin,18.289,query,808934192,6,8.8740,53.1
43,pgadmin,18.544,query,818207560,6,8.9868,43.9
43,pgadmin,18.799,query,826235720,6,9.1503,64.2
43,pgadmin,19.054,query,827431752,6,9.2351,33.3
43,pgadmin,19.309,query,843406224,6,9.4464,82.7
43,pgadmin,19.564,query,848206736,6,9.5260,31.2
43,pgadmin,19.817,query,860789648,6,9.7582,90.9
43,pgadmin,20.072,query,868391824,6,9.8947,53.4
43,pgadmin,20.326,query,875404176,6,10.0040,42.9
43,pgadmin,20.579,query,881564560,6,10.1412,54.6
43,pgadmin,20.834,query,891083688,6,10.3230,71.5
43,pgadmin,21.090,query,896736192,6,10.4588,52.6
43,pgadmin,21.342,query,899390400,6,10.6120,61.4
43,pgadmin,21.598,query,906517440,6,10.7548,56.1
43,pgadmin,21.851,query,912972736,6,10.8490,37.0
43,pgadmin,22.106,query,918395840,6,11.0039,60.8
43,pgadmin,22.359,query,927226816,6,11.1228,46.6
43,pgadmin,22.614,query,929078208,6,11.2022,31.2
43,pgadmin,22.868,query,926669760,6,11.2242,8.8
43,pgadmin,23.121,after-query,926768064,6,11.2412,6.6
43,pgadmin,23.376,after-query,926833600,6,11.2612,8.1
43,pgadmin,23.631,after-query,921803664,6,11.2831,8.3
43,pgadmin,23.885,after-query,901012368,6,11.3353,20.7
43,pgadmin,24.141,after-query,901110672,6,11.3578,8.8
43,pgadmin,24.393,after-query,901176208,6,11.3823,9.7
43,pgadmin,24.648,after-query,901258128,6,11.4074,9.9
43,pgadmin,24.903,after-query,899718032,6,11.4309,9.3
43,pgadmin,25.159,after-query,899799952,6,11.4521,8.1
43,pgadmin,25.409,after-query,899865488,6,11.4735,8.7
43,pgadmin,25.664,after-query,899963792,6,11.4990,9.9
43,pgadmin,25.920,after-query,881253264,6,11.5560,22.5
43,pgadmin,26.170,after-query,881318800,6,11.5761,8.0
43,pgadmin,26.420,after-query,881400720,6,11.5962,8.0
43,pgadmin,26.675,after-query,881351568,6,11.6186,8.8
43,pgadmin,26.928,after-query,881417104,6,11.6382,7.7
43,pgadmin,27.184,after-query,881482640,6,11.6592,8.3
43,pgadmin,27.434,after-query,859462544,6,11.6802,8.6
43,dbeaver,0.254,launch,24282000,1,0.1264,
43,dbeaver,0.509,launch,74777584,1,0.6365,197.0
43,dbeaver,0.764,launch,114869280,1,1.1896,217.0
43,dbeaver,1.019,launch,140362784,1,1.7439,217.7
43,dbeaver,1.275,launch,164611104,1,2.3889,252.2
43,dbeaver,1.528,launch,197707072,1,3.0671,268.3
43,dbeaver,1.778,launch,227329392,1,3.7619,276.7
43,dbeaver,2.033,launch,254608776,1,4.3076,214.7
43,dbeaver,2.284,launch,273712520,1,4.9199,244.1
43,dbeaver,2.539,launch,285361544,1,5.7935,342.0
43,dbeaver,2.794,launch,296076704,1,6.7375,371.4
43,dbeaver,3.045,launch,312231352,1,7.4278,277.6
43,dbeaver,3.301,launch,318932720,1,8.1453,277.8
43,dbeaver,3.552,launch,571738128,1,8.8651,285.7
43,dbeaver,3.807,settle,835177088,2,9.7268,342.3
43,dbeaver,4.060,settle,951913136,2,10.4517,279.0
43,dbeaver,4.315,settle,1015253680,2,10.6972,97.6
43,dbeaver,4.565,settle,1021299376,2,11.3737,269.4
43,dbeaver,4.817,settle,1019988656,2,11.4570,33.1
43,dbeaver,5.070,settle,938724016,2,11.4998,16.8
43,dbeaver,5.326,settle,824314544,2,11.5190,7.6
43,dbeaver,5.581,settle,784353968,2,11.5237,1.8
43,dbeaver,5.836,settle,714279600,2,11.5403,6.5
43,dbeaver,6.091,settle,714279600,2,11.5496,3.6
43,dbeaver,6.347,settle,714295984,2,11.5714,8.6
43,dbeaver,6.598,settle,714295984,2,11.5778,2.5
43,dbeaver,6.852,settle,714312368,2,11.5955,6.9
43,dbeaver,7.106,settle,714312368,2,11.6056,4.0
43,dbeaver,7.361,settle,714312368,2,11.6158,4.0
43,dbeaver,7.616,settle,714312368,2,11.6238,3.1
43,dbeaver,7.869,settle,714312368,2,11.6332,3.7
43,dbeaver,8.121,settle,714328752,2,11.6448,4.6
43,dbeaver,8.376,settle,714164912,2,11.6594,5.7
43,dbeaver,8.627,settle,714066608,2,11.6738,5.9
43,dbeaver,8.882,query,713968304,2,11.6796,2.3
43,dbeaver,9.133,query,713935536,2,11.6930,5.2
43,dbeaver,9.388,query,713837232,2,11.7019,3.5
43,dbeaver,9.643,query,713837232,2,11.7113,3.7
43,dbeaver,9.898,query,713837232,2,11.7188,2.9
43,dbeaver,10.153,query,713837232,2,11.7246,2.3
43,dbeaver,10.404,query,713837232,2,11.7364,4.6
43,dbeaver,10.657,query,713837232,2,11.7408,1.7
43,dbeaver,10.913,query,713837232,2,11.7530,4.7
43,dbeaver,11.168,query,713788080,2,11.7581,2.0
43,dbeaver,11.422,query,713788080,2,11.7718,5.4
43,dbeaver,11.677,query,713837232,2,11.7854,5.3
43,dbeaver,11.929,query,713837232,2,11.7998,5.9
43,dbeaver,12.184,query,713853616,2,11.8050,2.0
43,dbeaver,12.437,query,713853616,2,11.8136,3.4
43,dbeaver,12.689,query,713853616,2,11.8183,1.9
43,dbeaver,12.944,query,713853616,2,11.8246,2.5
43,dbeaver,13.195,query,713853616,2,11.8330,3.3
43,dbeaver,13.451,query,713870000,2,11.8404,2.9
43,dbeaver,13.702,query,713870000,2,11.8465,2.4
43,dbeaver,13.957,query,713837232,2,11.8734,10.5
43,dbeaver,14.212,query,714918552,2,11.9470,28.4
43,dbeaver,14.467,query,715197080,2,12.0098,24.5
43,dbeaver,14.722,query,752700056,2,12.1394,51.6
43,dbeaver,14.978,query,755370648,2,12.3293,72.8
43,dbeaver,15.233,query,754698904,2,12.3499,8.3
43,dbeaver,15.485,query,754862744,2,12.3747,9.8
43,dbeaver,15.735,query,755010200,2,12.4060,12.2
43,dbeaver,15.990,query,714082968,2,12.4192,5.3
43,dbeaver,16.246,query,714132120,2,12.4288,3.7
43,dbeaver,16.501,query,802917040,2,12.6344,81.4
43,dbeaver,16.756,query,874842824,2,13.4543,322.7
43,dbeaver,17.011,query,970197728,2,14.0430,229.5
43,dbeaver,17.263,query,927222496,2,14.2431,79.2
43,dbeaver,17.516,query,883772128,2,14.3433,39.4
43,dbeaver,17.771,query,883772128,2,14.3611,7.0
43,dbeaver,18.026,query,883395320,2,14.4009,15.6
43,dbeaver,18.282,query,751028984,2,14.5307,51.0
43,dbeaver,18.537,query,751192824,2,14.5805,19.4
43,dbeaver,18.792,query,751356664,2,14.7117,52.1
43,dbeaver,19.047,query,757844728,2,14.7864,28.8
43,dbeaver,19.300,query,757910264,2,14.8666,32.2
43,dbeaver,19.555,query,757877496,2,14.9598,36.4
43,dbeaver,19.810,query,760400632,2,15.1077,57.9
43,dbeaver,20.065,query,760597240,2,15.2452,53.8
43,dbeaver,20.320,query,760646392,2,15.3685,49.0
43,dbeaver,20.575,query,758582008,2,15.4323,24.7
43,dbeaver,20.830,query,857262840,2,15.5702,54.5
43,dbeaver,21.085,query,864848632,2,15.7052,52.6
43,dbeaver,21.340,query,862735096,2,15.7627,22.4
43,dbeaver,21.595,query,858589944,2,15.8257,24.6
43,dbeaver,21.850,query,858639096,2,15.8929,26.5
43,dbeaver,22.101,query,749931256,2,15.9616,27.8
43,dbeaver,22.353,after-query,749931256,2,15.9680,2.5
43,dbeaver,22.604,after-query,749882104,2,15.9788,4.2
43,dbeaver,22.859,after-query,747440888,2,15.9914,5.0
43,dbeaver,23.111,after-query,736152312,2,15.9976,2.5
43,dbeaver,23.366,after-query,736135928,2,16.0105,5.0
43,dbeaver,23.619,after-query,736135928,2,16.0167,2.4
43,dbeaver,23.874,after-query,736037624,2,16.0278,4.4
43,dbeaver,24.129,after-query,736037624,2,16.0334,2.2
43,dbeaver,24.385,after-query,736054008,2,16.0464,5.1
43,dbeaver,24.640,after-query,736070392,2,16.0595,5.1
43,dbeaver,24.891,after-query,736070392,2,16.0723,5.1
43,dbeaver,25.145,after-query,736070392,2,16.0798,3.0
43,dbeaver,25.400,after-query,736037624,2,16.0908,4.3
43,dbeaver,25.656,after-query,736037624,2,16.0970,2.4
43,dbeaver,25.909,after-query,735677152,2,16.1045,2.9
43,dbeaver,26.159,after-query,735709920,2,16.1142,3.9
43,dbeaver,26.412,after-query,735709920,2,16.1223,3.2
43,dbeaver,26.667,after-query,735709920,2,16.1277,2.1
43,dbgate,0.255,launch,10568688,1,0.1009,
43,dbgate,0.510,launch,53234712,3,0.3895,111.5
43,dbgate,0.765,launch,86461560,3,0.5909,78.9
43,dbgate,1.020,settle,221909744,4,0.9797,152.5
43,dbgate,1.275,settle,302618936,7,1.4910,201.0
43,dbgate,1.531,settle,606299232,8,2.4662,381.5
43,dbgate,1.782,settle,623601024,8,2.7603,115.8
43,dbgate,2.037,settle,623682944,8,2.8086,18.8
43,dbgate,2.293,settle,624076160,8,2.8653,22.0
43,dbgate,2.547,settle,624223616,8,2.9225,22.4
43,dbgate,2.800,settle,601007488,8,2.9650,17.2
43,dbgate,3.055,settle,618571136,8,3.0103,17.6
43,dbgate,3.310,settle,618554752,8,3.0216,4.5
43,dbgate,3.566,settle,618554752,8,3.0382,6.4
43,dbgate,3.821,settle,618554752,8,3.0520,5.4
43,dbgate,4.076,settle,618620288,8,3.0713,7.6
43,dbgate,4.332,settle,614147456,8,3.0840,5.0
43,dbgate,4.585,settle,614147456,8,3.0998,6.3
43,dbgate,4.838,settle,604153216,8,3.1116,4.6
43,dbgate,5.093,settle,593044840,8,3.1371,10.0
43,dbgate,5.347,settle,593028456,8,3.1487,4.5
43,dbgate,5.599,settle,593028456,8,3.1659,6.8
43,dbgate,5.851,settle,592979304,8,3.1817,6.3
43,dbgate,6.106,query,592995688,8,3.1942,5.0
43,dbgate,6.361,query,561423720,8,3.2166,8.7
43,dbgate,6.616,query,561472872,8,3.2330,6.3
43,dbgate,6.871,query,524264808,8,3.2485,6.1
43,dbgate,7.125,query,524248424,8,3.2622,5.4
43,dbgate,7.378,query,518825320,8,3.2790,6.7
43,dbgate,7.633,query,518825320,8,3.2968,6.9
43,dbgate,7.888,query,518841704,8,3.3112,5.8
43,dbgate,8.143,query,487023976,8,3.3298,7.1
43,dbgate,8.398,query,487040360,8,3.3452,6.1
43,dbgate,8.654,query,487023976,8,3.3618,6.4
43,dbgate,8.909,query,487007592,8,3.3774,6.1
43,dbgate,9.164,query,486991208,8,3.3911,5.4
43,dbgate,9.418,query,487056744,8,3.4032,4.8
43,dbgate,9.673,query,487040360,8,3.4149,4.6
43,dbgate,9.928,query,487056744,8,3.4268,4.7
43,dbgate,10.182,query,487040360,8,3.4369,4.0
43,dbgate,10.437,query,487056744,8,3.4497,5.0
43,dbgate,10.692,query,487040360,8,3.4629,5.2
43,dbgate,10.947,query,487056744,8,3.4771,5.5
43,dbgate,11.203,query,487040360,8,3.4891,4.7
43,dbgate,11.457,query,487056744,8,3.5006,4.5
43,dbgate,11.712,query,487040360,8,3.5110,4.1
43,dbgate,11.965,query,546825576,8,3.5681,22.1
43,dbgate,12.216,query,608396648,8,3.6368,27.5
43,dbgate,12.471,query,608380264,8,3.6498,5.1
43,dbgate,12.726,query,609150312,8,3.6924,16.7
43,dbgate,12.981,query,609887784,9,3.7440,20.5
43,dbgate,13.236,query,677161448,9,4.1108,143.7
43,dbgate,13.491,query,739224184,9,4.4220,121.3
43,dbgate,13.746,query,740027000,9,4.4588,14.4
43,dbgate,14.000,query,740010616,9,4.4737,5.8
43,dbgate,14.255,query,759671416,9,4.7912,125.3
43,dbgate,14.506,query,764373648,9,5.0048,84.8
43,dbgate,14.757,query,773237440,9,5.2480,98.1
43,dbgate,15.011,query,788146904,9,5.4905,94.9
43,dbgate,15.263,query,797960968,9,5.7154,89.2
43,dbgate,15.513,query,806578952,9,5.9431,90.9
43,dbgate,15.767,query,810412808,9,6.1080,65.1
43,dbgate,16.022,query,815721224,9,6.3109,79.5
43,dbgate,16.277,query,815737608,9,6.5311,86.8
43,dbgate,16.531,query,815885064,9,6.6709,54.4
43,dbgate,16.786,query,815917832,9,6.8038,52.6
43,dbgate,17.041,query,815835912,9,6.9140,42.8
43,dbgate,17.295,query,815901448,9,7.0699,61.4
43,dbgate,17.550,query,816016136,9,7.2197,58.7
43,dbgate,17.803,query,816032520,9,7.3163,38.4
43,dbgate,18.058,query,786475784,9,7.4623,57.9
43,dbgate,18.311,query,786541320,9,7.6054,55.9
43,dbgate,18.561,query,698706696,9,7.7159,44.7
43,dbgate,18.815,query,700050184,9,7.9308,83.7
43,dbgate,19.070,query,700066568,9,8.0725,55.9
43,dbgate,19.325,query,699984648,9,8.1190,18.0
43,dbgate,19.575,after-query,699984648,9,8.1373,7.4
43,dbgate,19.826,after-query,699427592,9,8.1562,7.4
43,dbgate,20.081,after-query,698985224,9,8.1743,7.1
43,dbgate,20.335,after-query,693725960,9,8.1862,4.8
43,dbgate,20.590,after-query,693725960,9,8.1985,4.7
43,dbgate,20.846,after-query,692742872,9,8.2148,6.4
43,dbgate,21.100,after-query,682912472,9,8.2308,6.3
43,dbgate,21.355,after-query,682978008,9,8.2500,7.6
43,dbgate,21.609,after-query,680930008,9,8.2716,8.4
43,dbgate,21.862,after-query,671558360,9,8.2889,6.8
43,dbgate,22.117,after-query,671460056,9,8.3073,7.2
43,dbgate,22.368,after-query,671443672,9,8.3226,6.2
43,dbgate,22.623,after-query,658303704,9,8.3380,6.0
43,dbgate,22.878,after-query,658287320,9,8.3514,5.3
43,dbgate,23.133,after-query,658270936,9,8.3652,5.4
43,dbgate,23.387,after-query,658287320,9,8.3776,4.9
43,dbgate,23.640,after-query,658303704,9,8.3950,6.9
43,dbgate,23.892,after-query,658287320,9,8.4064,4.5
44,dbeaver,0.252,launch,38421416,1,0.1973,
44,dbeaver,0.507,launch,98944008,1,0.8607,257.2
44,dbeaver,0.762,launch,122274848,1,1.4329,224.7
44,dbeaver,1.016,launch,163382400,1,2.1647,287.6
44,dbeaver,1.271,launch,181880176,1,2.8113,253.7
44,dbeaver,1.526,launch,212731296,1,3.6348,323.7
44,dbeaver,1.779,launch,255690144,1,4.0821,176.0
44,dbeaver,2.035,launch,283067808,1,4.8775,312.0
44,dbeaver,2.289,launch,293078456,1,5.7753,352.5
44,dbeaver,2.544,launch,306398672,1,6.7976,405.8
44,dbeaver,2.799,launch,319473128,1,7.5503,290.6
44,dbeaver,3.054,launch,329762688,1,8.2437,272.7
44,dbeaver,3.308,settle,598280784,2,8.9092,264.5
44,dbeaver,3.563,settle,866716336,2,9.6919,302.5
44,dbeaver,3.818,settle,958565064,2,10.1995,198.9
44,dbeaver,4.074,settle,1028328136,2,10.8320,249.5
44,dbeaver,4.329,settle,1020299976,2,11.0866,98.7
44,dbeaver,4.579,settle,940870344,2,11.1153,11.3
44,dbeaver,4.835,settle,828377800,2,11.1500,13.6
44,dbeaver,5.090,settle,788400840,2,11.1638,5.4
44,dbeaver,5.345,settle,691538632,2,11.1725,3.4
44,dbeaver,5.600,settle,729451208,2,11.1932,8.2
44,dbeaver,5.856,settle,718244552,2,11.2057,4.8
44,dbeaver,6.111,settle,718244552,2,11.2156,3.9
44,dbeaver,6.366,settle,718244552,2,11.2216,2.4
44,dbeaver,6.621,settle,718260936,2,11.2331,4.4
44,dbeaver,6.876,settle,718277320,2,11.2448,4.7
44,dbeaver,7.132,settle,718293704,2,11.2601,5.9
44,dbeaver,7.387,settle,718293704,2,11.2659,2.3
44,dbeaver,7.637,settle,718293704,2,11.2809,6.1
44,dbeaver,7.892,settle,718359240,2,11.2966,6.0
44,dbeaver,8.148,settle,718179016,2,11.3056,3.5
44,dbeaver,8.403,query,717966024,2,11.3170,4.6
44,dbeaver,8.658,query,717966024,2,11.3230,2.4
44,dbeaver,8.913,query,717982408,2,11.3377,5.6
44,dbeaver,9.169,query,717834952,2,11.3506,5.1
44,dbeaver,9.424,query,717834952,2,11.3616,4.3
44,dbeaver,9.674,query,717834952,2,11.3667,2.1
44,dbeaver,9.926,query,717834952,2,11.3776,4.3
44,dbeaver,10.181,query,717834952,2,11.3832,2.2
44,dbeaver,10.436,query,717834952,2,11.3979,5.8
44,dbeaver,10.692,query,717834952,2,11.4043,2.4
44,dbeaver,10.947,query,717834952,2,11.4134,3.6
44,dbeaver,11.202,query,717834952,2,11.4248,4.5
44,dbeaver,11.457,query,717851336,2,11.4316,2.6
44,dbeaver,11.712,query,717867720,2,11.4438,4.9
44,dbeaver,11.967,query,717867720,2,11.4494,2.2
44,dbeaver,12.222,query,717867720,2,11.4597,4.0
44,dbeaver,12.477,query,717867720,2,11.4663,2.6
44,dbeaver,12.729,query,717867720,2,11.4772,4.4
44,dbeaver,12.984,query,717867720,2,11.4830,2.3
44,dbeaver,13.237,query,717900488,2,11.4934,4.1
44,dbeaver,13.487,query,717998768,2,11.5205,10.8
44,dbeaver,13.742,query,717966000,2,11.5325,4.6
44,dbeaver,13.997,query,756845232,2,11.6001,26.8
44,dbeaver,14.252,query,798640816,2,11.6627,24.6
44,dbeaver,14.507,query,799607472,2,11.8775,84.1
44,dbeaver,14.757,query,759499440,2,11.9065,11.5
44,dbeaver,15.013,query,759499440,2,11.9234,6.5
44,dbeaver,15.268,query,759909040,2,11.9668,17.1
44,dbeaver,15.519,query,759335600,2,11.9885,8.6
44,dbeaver,15.774,query,718932656,2,11.9997,4.4
44,dbeaver,16.029,query,718932656,2,12.0133,5.3
44,dbeaver,16.284,query,851331760,2,12.5047,195.5
44,dbeaver,16.540,query,991562416,2,13.3213,321.1
44,dbeaver,16.795,query,917031600,2,13.8255,197.5
44,dbeaver,17.046,query,915114672,2,13.9803,61.7
44,dbeaver,17.301,query,913181360,2,14.0253,17.4
44,dbeaver,17.556,query,871369392,2,14.0366,4.4
44,dbeaver,17.812,query,870927048,2,14.0695,12.9
44,dbeaver,18.067,query,738659016,2,14.2126,57.1
44,dbeaver,18.320,query,738773704,2,14.3093,37.9
44,dbeaver,18.575,query,738937544,2,14.4072,38.6
44,dbeaver,18.830,query,734284488,2,14.5170,42.9
44,dbeaver,19.087,query,734317256,2,14.5912,28.9
44,dbeaver,19.342,query,734382792,2,14.7023,43.7
44,dbeaver,19.595,query,745884360,2,14.8589,62.2
44,dbeaver,19.850,query,745884360,2,14.9395,31.3
44,dbeaver,20.105,query,743803592,2,15.0779,54.4
44,dbeaver,20.357,query,743869128,2,15.1430,25.6
44,dbeaver,20.612,query,864258760,2,15.3470,81.1
44,dbeaver,20.865,query,852921032,2,15.4140,26.7
44,dbeaver,21.120,query,850905800,2,15.4994,32.9
44,dbeaver,21.373,query,846760648,2,15.5338,13.6
44,dbeaver,21.627,query,846760648,2,15.5948,23.9
44,dbeaver,21.882,query,737970888,2,15.6372,16.8
44,dbeaver,22.137,after-query,737970888,2,15.6432,2.4
44,dbeaver,22.389,after-query,737921736,2,15.6536,4.1
44,dbeaver,22.644,after-query,735464136,2,15.6610,2.9
44,dbeaver,22.899,after-query,735529672,2,15.6804,7.6
44,dbeaver,23.155,after-query,724257480,2,15.6892,3.5
44,dbeaver,23.410,after-query,724257480,2,15.6983,3.6
44,dbeaver,23.665,after-query,724159176,2,15.7069,3.3
44,dbeaver,23.918,after-query,724159176,2,15.7143,2.9
44,dbeaver,24.171,after-query,724159176,2,15.7277,5.3
44,dbeaver,24.426,after-query,724208328,2,15.7447,6.7
44,dbeaver,24.681,after-query,724208328,2,15.7564,4.6
44,dbeaver,24.936,after-query,724208328,2,15.7632,2.7
44,dbeaver,25.191,after-query,724060872,2,15.7715,3.3
44,dbeaver,25.442,after-query,723667608,2,15.7830,4.5
44,dbeaver,25.695,after-query,722635416,2,15.7944,4.5
44,dbeaver,25.950,after-query,722635416,2,15.8011,2.6
44,dbeaver,26.205,after-query,722635416,2,15.8115,4.1
44,dbeaver,26.459,after-query,722635416,2,15.8164,2.0
44,pgpad,0.254,launch,21923184,2,0.1448,
44,pgpad,0.509,settle,47811152,4,0.3968,88.6
44,pgpad,0.764,settle,53168864,4,0.4892,36.3
44,pgpad,1.019,settle,225791624,5,0.7744,110.9
44,pgpad,1.274,settle,225234568,5,0.7769,1.0
44,pgpad,1.529,settle,221531784,5,0.7854,3.4
44,pgpad,1.784,settle,217239176,5,0.8027,6.8
44,pgpad,2.040,settle,216092296,5,0.8092,2.5
44,pgpad,2.295,settle,157257352,5,0.8131,1.6
44,pgpad,2.550,settle,156782216,5,0.8144,0.5
44,pgpad,2.805,settle,156749448,5,0.8150,0.3
44,pgpad,3.060,settle,156438152,5,0.8158,0.3
44,pgpad,3.314,settle,156405384,5,0.8165,0.3
44,pgpad,3.570,settle,156389000,5,0.8170,0.2
44,pgpad,3.821,settle,156389000,5,0.8172,0.1
44,pgpad,4.076,settle,156389000,5,0.8174,0.1
44,pgpad,4.327,settle,156389000,5,0.8178,0.1
44,pgpad,4.579,settle,156389000,5,0.8181,0.1
44,pgpad,4.834,settle,156389000,5,0.8181,0.0
44,pgpad,5.089,settle,156389000,5,0.8181,0.0
44,pgpad,5.344,settle,156323464,5,0.8189,0.3
44,pgpad,5.599,query,156323464,5,0.8241,2.1
44,pgpad,5.855,query,156323464,5,0.8243,0.1
44,pgpad,6.110,query,156241544,5,0.8250,0.3
44,pgpad,6.361,query,156159624,5,0.8255,0.2
44,pgpad,6.616,query,156159624,5,0.8259,0.1
44,pgpad,6.870,query,156061320,5,0.8264,0.2
44,pgpad,7.125,query,156061320,5,0.8265,0.1
44,pgpad,7.381,query,155946632,5,0.8266,0.0
44,pgpad,7.631,query,155946632,5,0.8266,0.0
44,pgpad,7.882,query,155946632,5,0.8266,0.0
44,pgpad,8.137,query,155946632,5,0.8266,0.0
44,pgpad,8.392,query,155946632,5,0.8267,0.0
44,pgpad,8.648,query,155946632,5,0.8267,0.0
44,pgpad,8.899,query,155881096,5,0.8378,4.4
44,pgpad,9.154,query,155881096,5,0.8427,1.9
44,pgpad,9.408,query,155881096,5,0.8439,0.5
44,pgpad,9.663,query,155881096,5,0.8445,0.2
44,pgpad,9.918,query,155881096,5,0.8450,0.2
44,pgpad,10.173,query,155881096,5,0.8456,0.2
44,pgpad,10.428,query,155881096,5,0.8457,0.1
44,pgpad,10.682,query,235949728,5,0.8767,12.5
44,pgpad,10.937,query,295997184,5,0.9897,43.9
44,pgpad,11.188,query,289410816,5,0.9921,0.9
44,pgpad,11.443,query,288820992,5,0.9993,2.8
44,pgpad,11.698,query,288657152,5,1.0015,0.9
44,pgpad,11.949,query,238653184,5,1.0447,17.3
44,pgpad,12.204,query,247910744,6,1.1714,49.7
44,pgpad,12.456,query,262869360,6,1.2160,17.6
44,pgpad,12.710,query,262852976,6,1.2186,1.0
44,pgpad,12.961,query,264900976,6,1.2591,16.2
44,pgpad,13.216,query,264884592,6,1.2613,0.9
44,pgpad,13.471,query,263885168,6,1.2833,8.6
44,pgpad,13.726,query,253907312,6,1.3120,11.3
44,pgpad,13.977,query,213438832,6,1.3160,1.6
44,pgpad,14.233,query,213389680,6,1.3222,2.4
44,pgpad,14.488,query,359993808,6,1.6205,116.9
44,pgpad,14.743,query,359895504,6,1.6236,1.2
44,pgpad,14.998,query,356717008,6,1.6362,4.9
44,pgpad,15.253,query,356585936,6,1.6399,1.5
44,pgpad,15.508,query,285987280,6,1.6498,3.9
44,pgpad,15.759,query,259396048,6,1.6544,1.9
44,pgpad,16.015,query,259412432,6,1.6567,0.9
44,pgpad,16.267,query,259412432,6,1.6725,6.4
44,pgpad,16.520,query,387437032,6,1.7662,36.7
44,pgpad,16.773,query,387355112,6,1.7725,2.5
44,pgpad,17.028,query,394285544,6,1.8656,35.9
44,pgpad,17.284,query,394351080,6,1.8881,8.9
44,pgpad,17.537,query,401396224,6,1.9700,32.4
44,pgpad,17.792,query,401281536,6,1.9726,1.0
44,pgpad,18.045,query,401297920,6,1.9974,9.9
44,pgpad,18.300,after-query,393499136,6,2.0608,25.1
44,pgpad,18.554,after-query,392974848,6,2.0633,0.9
44,pgpad,18.809,after-query,392958464,6,2.0674,1.7
44,pgpad,19.064,after-query,392368640,6,2.0691,0.6
44,pgpad,19.316,after-query,364433920,6,2.0721,1.2
44,pgpad,19.572,after-query,261444096,6,2.0743,0.9
44,pgpad,19.827,after-query,261411328,6,2.0752,0.3
44,pgpad,20.082,after-query,261411328,6,2.0757,0.2
44,pgpad,20.337,after-query,261378560,6,2.0765,0.3
44,pgpad,20.592,after-query,261296640,6,2.0774,0.4
44,pgpad,20.847,after-query,261198336,6,2.0783,0.4
44,pgpad,21.103,after-query,261231104,6,2.0842,2.3
44,pgpad,21.358,after-query,261231104,6,2.0848,0.2
44,pgpad,21.613,after-query,261165568,6,2.0852,0.2
44,pgpad,21.868,after-query,261132800,6,2.0867,0.6
44,pgpad,22.123,after-query,261132800,6,2.0871,0.2
44,pgpad,22.377,after-query,261132800,6,2.0881,0.4
44,pgpad,22.632,after-query,261001728,6,2.0883,0.1
44,pgpad,22.887,after-query,261001728,6,2.0883,0.0
44,pgpad,23.142,after-query,260903424,6,2.0887,0.1
44,pgpad,23.394,after-query,260903424,6,2.0888,0.0
44,pgadmin,0.253,launch,10044376,1,0.1077,
44,pgadmin,0.508,launch,41355232,3,0.3241,84.0
44,pgadmin,0.763,launch,139809880,5,0.8000,185.7
44,pgadmin,1.014,launch,154735728,5,1.0299,91.5
44,pgadmin,1.269,launch,164861088,5,1.2522,87.8
44,pgadmin,1.524,launch,175396000,5,1.4839,91.0
44,pgadmin,1.778,launch,189469880,5,1.7024,85.8
44,pgadmin,2.034,launch,205329592,5,1.9434,94.0
44,pgadmin,2.289,launch,216175800,5,2.1790,92.4
44,pgadmin,2.544,launch,225383632,5,2.4147,91.8
44,pgadmin,2.799,launch,249992856,6,2.8703,180.0
44,pgadmin,3.054,launch,234591464,5,2.8646,89.0
44,pgadmin,3.309,launch,243569920,5,3.1035,93.6
44,pgadmin,3.564,launch,252859648,5,3.3544,98.6
44,pgadmin,3.817,launch,263329360,6,3.5670,84.1
44,pgadmin,4.072,launch,261985536,5,3.6093,18.5
44,pgadmin,4.327,launch,265295296,6,3.6849,29.5
44,pgadmin,4.582,settle,345052584,5,4.0975,201.1
44,pgadmin,4.836,settle,446862904,5,4.4479,137.8
44,pgadmin,5.092,settle,499471952,5,4.8299,149.6
44,pgadmin,5.347,settle,696932232,5,5.3770,217.3
44,pgadmin,5.597,settle,676829232,5,5.6801,118.4
44,pgadmin,5.849,settle,694736992,5,5.9219,97.3
44,pgadmin,6.104,settle,783947920,5,6.1635,93.8
44,pgadmin,6.359,settle,785783120,6,6.2506,34.2
44,pgadmin,6.614,settle,796154624,6,6.3685,46.0
44,pgadmin,6.866,settle,796236544,6,6.4005,12.6
44,pgadmin,7.117,settle,796285696,6,6.4300,11.9
44,pgadmin,7.372,settle,780966656,6,6.4646,13.6
44,pgadmin,7.627,settle,758995712,6,6.4997,13.5
44,pgadmin,7.880,settle,759061248,6,6.5294,11.9
44,pgadmin,8.134,settle,762075904,6,6.5921,24.7
44,pgadmin,8.388,settle,762141440,6,6.6198,11.0
44,pgadmin,8.644,settle,762288896,6,6.6494,11.4
44,pgadmin,8.898,settle,762354432,6,6.6732,9.5
44,pgadmin,9.154,settle,762469120,6,6.7037,11.9
44,pgadmin,9.409,settle,762501888,6,6.7344,12.2
44,pgadmin,9.662,query,762600192,6,6.7564,8.8
44,pgadmin,9.917,query,762649344,6,6.7896,12.8
44,pgadmin,10.173,query,766663448,6,6.8688,30.7
44,pgadmin,10.428,query,766728984,6,6.9002,12.4
44,pgadmin,10.683,query,766843672,6,6.9283,11.0
44,pgadmin,10.938,query,767007512,6,6.9548,10.3
44,pgadmin,11.194,query,624171800,6,6.9995,17.4
44,pgadmin,11.449,query,624286488,6,7.0280,11.2
44,pgadmin,11.704,query,624433944,6,7.0630,13.7
44,pgadmin,11.959,query,627235608,6,7.1210,22.9
44,pgadmin,12.214,query,627366680,6,7.1514,12.0
44,pgadmin,12.465,query,627530520,6,7.1728,8.5
44,pgadmin,12.719,query,627628824,6,7.2026,12.0
44,pgadmin,12.973,query,627825432,6,7.2259,9.1
44,pgadmin,13.224,query,627972888,6,7.2462,8.1
44,pgadmin,13.477,query,628136728,6,7.2674,8.4
44,pgadmin,13.728,query,628251416,6,7.2907,9.3
44,pgadmin,13.982,query,639654680,6,7.5788,113.8
44,pgadmin,14.237,query,639654680,6,7.5978,7.4
44,pgadmin,14.491,query,639654680,6,7.6209,9.2
44,pgadmin,14.746,query,639703832,6,7.6519,12.1
44,pgadmin,15.001,query,639769368,6,7.6723,8.0
44,pgadmin,15.256,query,639818520,6,7.6989,10.4
44,pgadmin,15.507,query,639834904,6,7.7228,9.5
44,pgadmin,15.758,query,661134104,6,7.7600,15.0
44,pgadmin,16.013,query,714021656,6,7.9846,86.8
44,pgadmin,16.266,query,714709784,6,8.0216,14.6
44,pgadmin,16.517,query,714709784,6,8.0428,8.4
44,pgadmin,16.772,query,714709784,6,8.0634,8.1
44,pgadmin,17.028,query,705600280,6,8.0862,8.9
44,pgadmin,17.283,query,703372056,6,8.1053,7.6
44,pgadmin,17.538,query,773659416,6,8.3190,83.0
44,pgadmin,17.793,query,787192600,6,8.5274,81.2
44,pgadmin,18.044,query,788306712,6,8.6341,42.5
44,pgadmin,18.299,query,791436056,6,8.7485,44.5
44,pgadmin,18.551,query,799480648,6,8.9377,75.8
44,pgadmin,18.803,query,804232008,6,9.0720,53.5
44,pgadmin,19.058,query,808098632,6,9.1501,30.2
44,pgadmin,19.311,query,815061856,6,9.3353,73.6
44,pgadmin,19.565,query,822139744,6,9.4731,54.6
44,pgadmin,19.820,query,822451040,6,9.8402,143.7
44,pgadmin,20.072,query,822762336,6,10.0121,68.5
44,pgadmin,20.327,query,822778720,6,10.0978,33.1
44,pgadmin,20.582,query,822811488,6,10.2402,57.3
44,pgadmin,20.836,query,817568608,6,10.4099,65.9
44,pgadmin,21.087,query,819862368,6,10.5826,69.8
44,pgadmin,21.342,query,819665760,6,10.6797,37.5
44,pgadmin,21.595,query,812391264,6,10.8445,65.3
44,pgadmin,21.850,query,812424032,6,10.9080,24.7
44,pgadmin,22.101,query,812669792,6,11.0677,63.9
44,pgadmin,22.353,query,812964704,6,11.2497,73.1
44,pgadmin,22.604,query,812964704,6,11.3213,28.5
44,pgadmin,22.859,query,810507104,6,11.3539,12.6
44,pgadmin,23.111,after-query,810507104,6,11.3790,10.0
44,pgadmin,23.366,after-query,810507104,6,11.4027,9.2
44,pgadmin,23.621,after-query,810507104,6,11.4239,8.3
44,pgadmin,23.873,after-query,779148056,6,11.4494,10.2
44,pgadmin,24.129,after-query,779164440,6,11.5023,20.5
44,pgadmin,24.384,after-query,779180824,6,11.5219,7.8
44,pgadmin,24.639,after-query,777607960,6,11.5420,7.9
44,pgadmin,24.893,after-query,777607960,6,11.5663,9.4
44,pgadmin,25.145,after-query,777607960,6,11.5901,9.4
44,pgadmin,25.400,after-query,777607960,6,11.6149,9.7
44,pgadmin,25.653,after-query,777624344,6,11.6415,10.5
44,pgadmin,25.904,after-query,777624344,6,11.6635,8.8
44,pgadmin,26.159,after-query,760650520,6,11.7149,20.1
44,pgadmin,26.410,after-query,760650520,6,11.7357,8.4
44,pgadmin,26.664,after-query,760617752,6,11.7571,8.3
44,pgadmin,26.915,after-query,760617752,6,11.7768,7.9
44,pgadmin,27.170,after-query,760617752,6,11.7993,8.9
44,pgadmin,27.425,after-query,760617752,6,11.8207,8.5
44,dbgate,0.252,launch,15172760,1,0.1171,
44,dbgate,0.505,launch,81153144,3,0.4809,141.8
44,dbgate,0.760,settle,129307184,4,0.8155,132.1
44,dbgate,1.014,settle,242701256,5,1.2109,154.9
44,dbgate,1.266,settle,580084040,7,2.0923,350.2
44,dbgate,1.521,settle,633480456,8,2.7521,258.7
44,dbgate,1.776,settle,635430152,8,2.7892,14.2
44,dbgate,2.032,settle,636069128,8,2.8705,32.0
44,dbgate,2.285,settle,636085512,8,2.8888,7.2
44,dbgate,2.541,settle,636085512,8,2.9082,7.6
44,dbgate,2.794,settle,620586248,8,2.9246,6.6
44,dbgate,3.050,settle,615982344,8,2.9390,5.5
44,dbgate,3.305,settle,616015112,8,2.9569,7.0
44,dbgate,3.560,settle,606020872,8,2.9713,5.7
44,dbgate,3.815,settle,595305736,8,2.9888,6.9
44,dbgate,4.069,settle,595289352,8,3.0002,4.6
44,dbgate,4.324,settle,595289352,8,3.0172,6.5
44,dbgate,4.579,settle,595289352,8,3.0301,5.2
44,dbgate,4.833,settle,595338504,8,3.0498,7.6
44,dbgate,5.088,settle,595322120,8,3.0604,4.2
44,dbgate,5.344,settle,595322120,8,3.0771,6.4
44,dbgate,5.599,settle,595322120,8,3.0888,4.6
44,dbgate,5.854,query,595256584,8,3.1034,5.9
44,dbgate,6.109,query,595240200,8,3.1138,4.0
44,dbgate,6.362,query,581068040,8,3.1395,10.0
44,dbgate,6.618,query,581068040,8,3.1531,5.3
44,dbgate,6.873,query,521970952,8,3.1728,7.8
44,dbgate,7.125,query,484975880,8,3.1849,4.8
44,dbgate,7.380,query,484975880,8,3.2007,6.2
44,dbgate,7.635,query,484992264,8,3.2128,4.7
44,dbgate,7.891,query,485008648,8,3.2281,6.0
44,dbgate,8.146,query,484992264,8,3.2391,4.3
44,dbgate,8.401,query,485008648,8,3.2569,7.0
44,dbgate,8.656,query,485025032,8,3.2702,5.3
44,dbgate,8.912,query,484975880,8,3.2856,6.0
44,dbgate,9.167,query,485008648,8,3.2983,5.1
44,dbgate,9.420,query,485008648,8,3.3108,4.9
44,dbgate,9.675,query,485041416,8,3.3211,4.0
44,dbgate,9.927,query,485025032,8,3.3317,4.2
44,dbgate,10.180,query,485041416,8,3.3425,4.3
44,dbgate,10.435,query,485025032,8,3.3564,5.4
44,dbgate,10.685,query,485041416,8,3.3683,4.7
44,dbgate,10.940,query,485008648,8,3.3825,5.5
44,dbgate,11.195,query,485057800,8,3.3986,6.4
44,dbgate,11.451,query,485041416,8,3.4132,5.7
44,dbgate,11.702,query,547874056,8,3.4649,20.5
44,dbgate,11.957,query,547939592,8,3.4861,8.2
44,dbgate,12.211,query,604284168,8,3.5359,19.7
44,dbgate,12.466,query,604284168,8,3.5539,7.0
44,dbgate,12.721,query,604906760,8,3.5916,14.8
44,dbgate,12.974,query,670067080,9,3.8578,105.6
44,dbgate,13.229,query,695069160,9,4.1851,128.7
44,dbgate,13.485,query,725920256,9,4.2780,36.0
44,dbgate,13.736,query,726100480,9,4.2981,7.9
44,dbgate,13.989,query,730868224,9,4.4170,47.4
44,dbgate,14.241,query,752495104,9,4.7491,131.0
44,dbgate,14.494,query,766749184,9,5.0514,120.6
44,dbgate,14.749,query,767142400,9,5.2657,83.9
44,dbgate,15.002,query,773171712,9,5.5098,96.0
44,dbgate,15.256,query,784181808,9,5.7416,92.3
44,dbgate,15.511,query,789097008,9,5.9502,79.9
44,dbgate,15.764,query,795372080,9,6.1235,70.7
44,dbgate,16.019,query,801958448,9,6.3141,74.2
44,dbgate,16.272,query,805841480,9,6.4476,52.7
44,dbgate,16.526,query,809790024,9,6.5907,55.7
44,dbgate,16.781,query,806382152,9,6.7287,54.3
44,dbgate,17.036,query,808806984,9,6.8439,45.0
44,dbgate,17.287,query,812329544,9,6.9769,54.1
44,dbgate,17.540,query,814819912,9,7.0600,32.2
44,dbgate,17.794,query,794176072,9,7.2976,93.3
44,dbgate,18.049,query,793111112,9,7.4459,59.0
44,dbgate,18.300,query,719858248,9,7.5425,38.1
44,dbgate,18.550,query,716532296,9,7.7088,66.6
44,dbgate,18.802,query,716581448,9,7.8366,50.9
44,dbgate,19.056,query,716581448,9,7.9422,41.3
44,dbgate,19.306,query,716597832,9,7.9577,6.2
44,dbgate,19.558,after-query,715369032,9,7.9783,8.1
44,dbgate,19.813,after-query,712895048,9,7.9919,5.3
44,dbgate,20.069,after-query,708045384,9,8.0084,6.4
44,dbgate,20.323,after-query,708045384,9,8.0214,5.2
44,dbgate,20.578,after-query,708061768,9,8.0400,7.3
44,dbgate,20.833,after-query,690367048,9,8.0578,6.9
44,dbgate,21.085,after-query,690432584,9,8.0777,8.2
44,dbgate,21.340,after-query,690301512,9,8.0948,6.4
44,dbgate,21.596,after-query,688220744,9,8.1152,8.1
44,dbgate,21.851,after-query,688204360,9,8.1290,5.4
44,dbgate,22.106,after-query,688171592,9,8.1466,6.9
44,dbgate,22.361,after-query,688171592,9,8.1618,5.9
44,dbgate,22.616,after-query,673147464,9,8.1811,7.7
44,dbgate,22.871,after-query,673114696,9,8.1955,5.6
44,dbgate,23.126,after-query,673098312,9,8.2078,4.8
44,dbgate,23.380,after-query,673131080,9,8.2222,5.7
44,dbgate,23.636,after-query,673131080,9,8.2382,6.3
44,dbgate,23.889,after-query,673114696,9,8.2526,5.8
45,pgpad,0.255,launch,25052888,4,0.1629,
45,pgpad,0.506,settle,47761904,4,0.3975,92.8
45,pgpad,0.761,settle,53758664,4,0.5034,40.9
45,pgpad,1.016,settle,250449520,5,0.7899,112.2
45,pgpad,1.272,settle,250056304,5,0.7923,0.9
45,pgpad,1.527,settle,244387440,5,0.8009,3.4
45,pgpad,1.780,settle,242011760,5,0.8197,7.4
45,pgpad,2.032,settle,202952304,5,0.8241,1.8
45,pgpad,2.287,settle,158830192,5,0.8282,1.6
45,pgpad,2.542,settle,158502512,5,0.8298,0.6
45,pgpad,2.793,settle,158404208,5,0.8310,0.5
45,pgpad,3.046,settle,158371440,5,0.8316,0.2
45,pgpad,3.301,settle,158092912,5,0.8323,0.3
45,pgpad,3.552,settle,158043760,5,0.8329,0.2
45,pgpad,3.807,settle,158043760,5,0.8331,0.1
45,pgpad,4.059,settle,158043760,5,0.8334,0.1
45,pgpad,4.314,settle,158043760,5,0.8337,0.1
45,pgpad,4.569,settle,158043760,5,0.8340,0.1
45,pgpad,4.820,settle,158043760,5,0.8340,0.0
45,pgpad,5.076,settle,158043760,5,0.8340,0.0
45,pgpad,5.331,settle,158043760,5,0.8346,0.2
45,pgpad,5.584,query,157896304,5,0.8396,2.0
45,pgpad,5.839,query,157896304,5,0.8398,0.1
45,pgpad,6.095,query,157666928,5,0.8409,0.5
45,pgpad,6.350,query,157568624,5,0.8411,0.1
45,pgpad,6.601,query,157568624,5,0.8414,0.1
45,pgpad,6.856,query,157568624,5,0.8416,0.1
45,pgpad,7.108,query,157568624,5,0.8417,0.0
45,pgpad,7.363,query,157568624,5,0.8417,0.0
45,pgpad,7.618,query,157437552,5,0.8419,0.1
45,pgpad,7.873,query,157437552,5,0.8419,0.0
45,pgpad,8.129,query,157437552,5,0.8419,0.0
45,pgpad,8.384,query,157437552,5,0.8420,0.0
45,pgpad,8.638,query,157437552,5,0.8420,0.0
45,pgpad,8.893,query,157322864,5,0.8540,4.7
45,pgpad,9.147,query,157355632,5,0.8582,1.7
45,pgpad,9.400,query,157355632,5,0.8589,0.3
45,pgpad,9.655,query,157355632,5,0.8597,0.3
45,pgpad,9.907,query,157355632,5,0.8604,0.3
45,pgpad,10.162,query,157355632,5,0.8611,0.3
45,pgpad,10.413,query,157290096,5,0.8615,0.1
45,pgpad,10.668,query,240979568,5,0.9075,17.6
45,pgpad,10.920,query,294080184,5,1.0159,43.2
45,pgpad,11.175,query,293867192,5,1.0199,1.6
45,pgpad,11.430,query,293277368,5,1.0253,2.1
45,pgpad,11.686,query,285576888,5,1.0267,0.5
45,pgpad,11.939,query,236195512,5,1.0849,23.1
45,pgpad,12.194,query,259690768,6,1.2160,51.3
45,pgpad,12.449,query,259641616,6,1.2206,1.8
45,pgpad,12.704,query,258199848,6,1.2746,21.1
45,pgpad,12.955,query,258150696,6,1.2797,2.0
45,pgpad,13.209,query,258167080,6,1.2831,1.3
45,pgpad,13.464,query,256610600,6,1.3089,10.1
45,pgpad,13.717,query,256741672,6,1.3344,10.2
45,pgpad,13.972,query,215273768,6,1.3358,0.6
45,pgpad,14.224,query,301371736,6,1.6099,109.9
45,pgpad,14.479,query,364859784,6,1.6432,12.8
45,pgpad,14.735,query,364745096,6,1.6499,2.6
45,pgpad,14.990,query,362205576,6,1.6548,1.9
45,pgpad,15.245,query,361615752,6,1.6558,0.4
45,pgpad,15.498,query,284758408,6,1.6682,4.9
45,pgpad,15.754,query,261820808,6,1.6710,1.1
45,pgpad,16.008,query,261837192,6,1.6809,4.0
45,pgpad,16.259,query,355389832,6,1.7214,16.0
45,pgpad,16.514,query,401559968,6,1.7824,23.6
45,pgpad,16.765,query,401641888,6,1.8149,13.0
45,pgpad,17.021,query,402395552,6,1.8837,27.1
45,pgpad,17.276,query,402674080,6,1.9489,25.6
45,pgpad,17.531,query,395235744,6,1.9743,9.8
45,pgpad,17.785,query,395202976,6,1.9789,1.8
45,pgpad,18.041,query,398086560,6,2.0455,25.9
45,pgpad,18.292,after-query,384373152,6,2.0775,12.9
45,pgpad,18.548,after-query,384356768,6,2.0828,2.1
45,pgpad,18.800,after-query,383963552,6,2.0852,0.9
45,pgpad,19.052,after-query,383275424,6,2.0866,0.6
45,pgpad,19.307,after-query,346755512,6,2.0897,1.2
45,pgpad,19.562,after-query,263115192,6,2.0906,0.3
45,pgpad,19.818,after-query,263098808,6,2.0914,0.3
45,pgpad,20.073,after-query,263098808,6,2.0919,0.2
45,pgpad,20.328,after-query,262984120,6,2.0932,0.5
45,pgpad,20.582,after-query,262984120,6,2.0936,0.1
45,pgpad,20.837,after-query,262885816,6,2.0944,0.3
45,pgpad,21.088,after-query,262934968,6,2.1011,2.7
45,pgpad,21.344,after-query,262869432,6,2.1018,0.3
45,pgpad,21.599,after-query,262869432,6,2.1023,0.2
45,pgpad,21.850,after-query,262869432,6,2.1036,0.5
45,pgpad,22.103,after-query,262869432,6,2.1039,0.1
45,pgpad,22.359,after-query,262869432,6,2.1047,0.3
45,pgpad,22.614,after-query,262869432,6,2.1049,0.1
45,pgpad,22.867,after-query,262869432,6,2.1049,0.0
45,pgpad,23.118,after-query,262869432,6,2.1049,0.0
45,pgpad,23.373,after-query,262656440,6,2.1057,0.3
45,pgadmin,0.255,launch,11453448,1,0.1114,
45,pgadmin,0.510,launch,43338032,3,0.3518,93.5
45,pgadmin,0.761,launch,141481072,5,0.7966,176.5
45,pgadmin,1.016,launch,156816544,5,1.0291,91.2
45,pgadmin,1.271,launch,166761632,5,1.2530,87.6
45,pgadmin,1.526,launch,177427616,5,1.4846,91.0
45,pgadmin,1.779,launch,189568208,5,1.7021,86.2
45,pgadmin,2.034,launch,207721680,5,1.9418,93.8
45,pgadmin,2.289,launch,217224400,5,2.1767,92.2
45,pgadmin,2.549,launch,226465000,5,2.4125,92.0
45,pgadmin,2.804,launch,249927344,6,2.8699,177.2
45,pgadmin,3.059,launch,235574528,5,2.8691,88.6
45,pgadmin,3.314,launch,243553536,5,3.1074,93.8
45,pgadmin,3.567,launch,253236480,5,3.3567,98.3
45,pgadmin,3.822,launch,262477128,6,3.5805,87.5
45,pgadmin,4.077,launch,263083264,5,3.6270,18.1
45,pgadmin,4.330,launch,261591336,5,3.6347,38.4
45,pgadmin,4.585,settle,419403392,5,4.1610,215.0
45,pgadmin,4.837,settle,454202984,5,4.4678,121.4
45,pgadmin,5.087,settle,509875936,5,4.9026,174.7
45,pgadmin,5.340,settle,733927400,5,5.3927,193.3
45,pgadmin,5.595,settle,681810016,5,5.7140,126.5
45,pgadmin,5.851,settle,708253864,5,6.0154,117.8
45,pgadmin,6.104,settle,778852544,5,6.1520,52.7
45,pgadmin,6.359,settle,782867152,6,6.2458,37.3
45,pgadmin,6.614,settle,789928752,6,6.3328,34.1
45,pgadmin,6.869,settle,789977904,6,6.3650,12.5
45,pgadmin,7.121,settle,785783600,6,6.3957,12.2
45,pgadmin,7.374,settle,774888216,6,6.4317,14.2
45,pgadmin,7.625,settle,748083992,6,6.4630,12.6
45,pgadmin,7.879,settle,748231472,6,6.5103,18.1
45,pgadmin,8.133,settle,748460800,6,6.5608,20.2
45,pgadmin,8.387,settle,748526336,6,6.5918,12.3
45,pgadmin,8.641,settle,748641024,6,6.6261,13.5
45,pgadmin,8.896,settle,748706560,6,6.6583,12.5
45,pgadmin,9.151,settle,748837632,6,6.6931,13.6
45,pgadmin,9.406,query,748870400,6,6.7234,12.2
45,pgadmin,9.661,query,748952320,6,6.7467,9.1
45,pgadmin,9.916,query,750672640,6,6.8338,33.6
45,pgadmin,10.172,query,750787328,6,6.8569,9.0
45,pgadmin,10.427,query,750869248,6,6.8875,12.1
45,pgadmin,10.679,query,751000320,6,6.9190,12.7
45,pgadmin,10.934,query,670653184,6,6.9529,13.2
45,pgadmin,11.184,query,625629952,6,6.9886,14.1
45,pgadmin,11.438,query,625629952,6,7.0179,11.5
45,pgadmin,11.693,query,625761024,6,7.0489,12.4
45,pgadmin,11.948,query,626137856,6,7.0962,18.1
45,pgadmin,12.203,query,626334464,6,7.1323,14.3
45,pgadmin,12.458,query,626465536,6,7.1637,12.3
45,pgadmin,12.714,query,626678528,6,7.1939,12.2
45,pgadmin,12.969,query,626760448,6,7.2165,8.8
45,pgadmin,13.224,query,626907904,6,7.2377,8.3
45,pgadmin,13.477,query,627055360,6,7.2640,10.4
45,pgadmin,13.732,query,627202816,6,7.2928,11.2
45,pgadmin,13.987,query,628939520,6,7.3365,17.3
45,pgadmin,14.242,query,629086976,6,7.3600,9.2
45,pgadmin,14.493,query,629250816,6,7.3820,8.8
45,pgadmin,14.749,query,629398272,6,7.4073,9.9
45,pgadmin,15.004,query,629512960,6,7.4293,8.6
45,pgadmin,15.258,query,629660416,6,7.4527,9.2
45,pgadmin,15.513,query,629807872,6,7.4810,11.1
45,pgadmin,15.766,query,698456856,6,7.6100,51.3
45,pgadmin,16.021,query,734026496,6,7.9911,147.9
45,pgadmin,16.276,query,734763776,6,8.0283,14.5
45,pgadmin,16.531,query,734763776,6,8.0551,10.5
45,pgadmin,16.786,query,734780160,6,8.0775,8.8
45,pgadmin,17.041,query,734780160,6,8.0973,7.9
45,pgadmin,17.296,query,732683008,6,8.1189,8.3
45,pgadmin,17.549,query,796007192,6,8.3745,104.3
45,pgadmin,17.803,query,798300952,6,8.5563,70.4
45,pgadmin,18.057,query,808966936,6,8.7001,56.8
45,pgadmin,18.308,query,813079320,6,8.8241,49.3
45,pgadmin,18.563,query,819632944,6,8.9682,55.9
45,pgadmin,18.817,query,832576304,6,9.1589,75.5
45,pgadmin,19.072,query,833329968,6,9.1985,15.4
45,pgadmin,19.327,query,847764320,6,9.4280,91.1
45,pgadmin,19.582,query,854448992,6,9.5390,42.9
45,pgadmin,19.837,query,866311008,6,9.7179,70.8
45,pgadmin,20.091,query,874928992,6,9.8947,69.9
45,pgadmin,20.342,query,881449824,6,9.9752,31.9
45,pgadmin,20.597,query,887053152,6,10.1391,63.9
45,pgadmin,20.851,query,890018680,6,10.3159,71.3
45,pgadmin,21.105,query,903142264,6,10.4814,64.4
45,pgadmin,21.358,query,903715728,6,10.6027,48.1
45,pgadmin,21.613,query,911956880,6,10.7652,63.1
45,pgadmin,21.867,query,912710544,6,10.8053,15.8
45,pgadmin,22.122,query,924081040,6,11.0056,79.5
45,pgadmin,22.377,query,933092240,6,11.1113,41.1
45,pgadmin,22.632,query,934910864,6,11.1908,31.1
45,pgadmin,22.886,query,932486032,6,11.2175,10.5
45,pgadmin,23.141,after-query,932535184,6,11.2412,9.3
45,pgadmin,23.396,after-query,932600720,6,11.2627,8.5
45,pgadmin,23.651,after-query,928357264,6,11.2835,8.1
45,pgadmin,23.907,after-query,905206624,6,11.3406,22.6
45,pgadmin,24.162,after-query,905288544,6,11.3620,8.4
45,pgadmin,24.417,after-query,905337696,6,11.3865,9.4
45,pgadmin,24.673,after-query,905452384,6,11.4120,9.8
45,pgadmin,24.926,after-query,899046240,6,11.4338,8.7
45,pgadmin,25.179,after-query,899111776,6,11.4540,8.0
45,pgadmin,25.433,after-query,899177312,6,11.4757,8.6
45,pgadmin,25.684,after-query,899242848,6,11.4993,9.4
45,pgadmin,25.939,after-query,899521376,6,11.5496,19.7
45,pgadmin,26.192,after-query,899603296,6,11.5735,9.5
45,pgadmin,26.447,after-query,899652448,6,11.5971,9.2
45,pgadmin,26.702,after-query,899685216,6,11.6213,9.5
45,pgadmin,26.957,after-query,899750752,6,11.6414,7.9
45,pgadmin,27.213,after-query,899832672,6,11.6649,9.2
45,pgadmin,27.466,after-query,858725216,6,11.6904,10.2
45,dbgate,0.254,launch,9978792,1,0.1058,
45,dbgate,0.509,launch,53218400,3,0.3847,108.1
45,dbgate,0.764,launch,83709096,3,0.5901,80.5
45,dbgate,1.020,settle,218911496,4,0.9808,152.1
45,dbgate,1.275,settle,304781648,7,1.4378,180.7
45,dbgate,1.530,settle,608576632,8,2.4527,396.4
45,dbgate,1.783,settle,625976800,8,2.7819,128.9
45,dbgate,2.038,settle,628303328,8,2.8317,19.3
45,dbgate,2.294,settle,628794848,8,2.9031,28.3
45,dbgate,2.547,settle,628844000,8,2.9315,11.4
45,dbgate,2.802,settle,616900064,8,2.9591,10.8
45,dbgate,3.057,settle,616916448,8,2.9742,5.8
45,dbgate,3.308,settle,616900064,8,2.9885,5.7
45,dbgate,3.561,settle,612050400,8,3.0073,7.3
45,dbgate,3.817,settle,601941472,8,3.0210,5.5
45,dbgate,4.072,settle,591095240,8,3.0396,7.2
45,dbgate,4.325,settle,591078856,8,3.0511,4.6
45,dbgate,4.580,settle,591095240,8,3.0699,7.4
45,dbgate,4.834,settle,591095240,8,3.0782,3.3
45,dbgate,5.086,settle,591111624,8,3.0975,7.6
45,dbgate,5.341,settle,591095240,8,3.1106,5.1
45,dbgate,5.597,settle,591095240,8,3.1314,8.1
45,dbgate,5.850,settle,591095240,8,3.1456,5.6
45,dbgate,6.105,query,591046088,8,3.1576,4.8
45,dbgate,6.359,query,577037768,8,3.1788,8.2
45,dbgate,6.615,query,576775624,8,3.1973,7.2
45,dbgate,6.870,query,525018568,8,3.2149,7.0
45,dbgate,7.125,query,525018568,8,3.2303,6.0
45,dbgate,7.380,query,488056264,8,3.2473,6.7
45,dbgate,7.635,query,488039880,8,3.2620,5.8
45,dbgate,7.891,query,488039880,8,3.2749,5.0
45,dbgate,8.146,query,488023496,8,3.2916,6.6
45,dbgate,8.397,query,488039880,8,3.3058,5.7
45,dbgate,8.652,query,488039880,8,3.3204,5.6
45,dbgate,8.907,query,487990728,8,3.3341,5.3
45,dbgate,9.163,query,487990728,8,3.3484,5.6
45,dbgate,9.418,query,488089032,8,3.3614,5.2
45,dbgate,9.673,query,488089032,8,3.3735,4.7
45,dbgate,9.928,query,488089032,8,3.3832,3.9
45,dbgate,10.183,query,488089032,8,3.3967,5.2
45,dbgate,10.437,query,488105416,8,3.4117,5.9
45,dbgate,10.692,query,488089032,8,3.4255,5.4
45,dbgate,10.945,query,488089032,8,3.4370,4.6
45,dbgate,11.200,query,488089032,8,3.4496,4.9
45,dbgate,11.455,query,488138184,8,3.4637,5.5
45,dbgate,11.711,query,488121800,8,3.4770,5.2
45,dbgate,11.963,query,551265736,8,3.5313,21.2
45,dbgate,12.219,query,613082568,8,3.6021,27.8
45,dbgate,12.473,query,613098952,8,3.6188,6.5
45,dbgate,12.728,query,613787080,8,3.6536,13.6
45,dbgate,12.983,query,613934728,9,3.7202,26.0
45,dbgate,13.237,query,670427744,9,4.0181,118.0
45,dbgate,13.492,query,765438680,9,4.3268,121.7
45,dbgate,13.747,query,766257880,9,4.3679,15.9
45,dbgate,14.003,query,766274264,9,4.3821,5.6
45,dbgate,14.253,query,779332336,9,4.6912,123.4
45,dbgate,14.508,query,787770168,9,4.9202,89.4
45,dbgate,14.761,query,797338424,9,5.1565,93.5
45,dbgate,15.012,query,802794296,9,5.4330,110.4
45,dbgate,15.267,query,804825912,9,5.6513,86.1
45,dbgate,15.520,query,806185784,9,5.8655,84.4
45,dbgate,15.775,query,806644536,9,6.1153,97.4
45,dbgate,16.027,query,808266552,9,6.2987,72.4
45,dbgate,16.282,query,808594232,9,6.4606,63.9
45,dbgate,16.536,query,808905528,9,6.6131,59.8
45,dbgate,16.791,query,810593104,9,6.7494,53.9
45,dbgate,17.046,query,812821328,9,6.8633,44.3
45,dbgate,17.300,query,816474960,9,7.0288,65.2
45,dbgate,17.553,query,820800336,9,7.1896,64.7
45,dbgate,17.808,query,822831952,9,7.3007,43.0
45,dbgate,18.062,query,798223184,9,7.4493,58.4
45,dbgate,18.313,query,802253648,9,7.6076,62.9
45,dbgate,18.568,query,695774032,9,7.7168,42.8
45,dbgate,18.820,query,700312400,9,7.8555,55.6
45,dbgate,19.074,query,703916880,9,7.9934,53.4
45,dbgate,19.329,query,704703312,9,8.0353,16.6
45,dbgate,19.580,after-query,693168976,9,8.0551,8.0
45,dbgate,19.835,after-query,692611920,9,8.0724,6.6
45,dbgate,20.090,after-query,690170704,9,8.0857,5.3
45,dbgate,20.344,after-query,684911440,9,8.1002,5.6
45,dbgate,20.599,after-query,684911440,9,8.1114,4.5
45,dbgate,20.854,after-query,683649848,9,8.1272,6.1
45,dbgate,21.108,after-query,676309816,9,8.1446,6.9
45,dbgate,21.363,after-query,676391736,9,8.1636,7.4
45,dbgate,21.618,after-query,674310968,9,8.1836,8.0
45,dbgate,21.872,after-query,665086776,9,8.2002,6.5
45,dbgate,22.124,after-query,665070392,9,8.2162,6.3
45,dbgate,22.380,after-query,665054008,9,8.2301,5.4
45,dbgate,22.633,after-query,665070392,9,8.2450,6.0
45,dbgate,22.889,after-query,665054008,9,8.2574,4.7
45,dbgate,23.144,after-query,665037624,9,8.2752,7.0
45,dbgate,23.400,after-query,665054008,9,8.2900,5.8
45,dbgate,23.655,after-query,665070392,9,8.3059,6.3
45,dbgate,23.910,after-query,665054008,9,8.3186,5.0
45,dbeaver,0.254,launch,19104656,1,0.1015,
45,dbeaver,0.509,launch,63800256,1,0.5232,163.1
45,dbeaver,0.764,launch,106546184,1,1.1113,229.9
45,dbeaver,1.019,launch,137004112,1,1.6513,212.6
45,dbeaver,1.274,launch,160105576,1,2.2736,243.8
45,dbeaver,1.529,launch,178881832,1,2.9111,248.7
45,dbeaver,1.785,launch,218645896,1,3.6661,297.1
45,dbeaver,2.040,launch,253691296,1,4.1469,191.2
45,dbeaver,2.295,launch,267634080,1,4.7914,249.8
45,dbeaver,2.550,launch,291128736,1,5.6360,330.6
45,dbeaver,2.805,launch,300582304,1,6.5460,357.7
45,dbeaver,3.059,launch,311559608,1,7.4255,346.0
45,dbeaver,3.314,launch,317851064,1,8.1660,290.5
45,dbeaver,3.569,launch,417712048,1,8.7653,234.1
45,dbeaver,3.821,settle,820447872,2,9.6246,339.9
45,dbeaver,4.076,settle,918751896,2,10.3647,290.7
45,dbeaver,4.331,settle,913672856,2,10.5933,89.3
45,dbeaver,4.586,settle,979028656,2,11.4010,316.4
45,dbeaver,4.840,settle,979061424,2,11.4878,34.3
45,dbeaver,5.095,settle,893962928,2,11.5199,12.4
45,dbeaver,5.350,settle,822889136,2,11.5383,7.4
45,dbeaver,5.603,settle,782912176,2,11.5480,3.7
45,dbeaver,5.855,settle,723929776,2,11.5683,8.1
45,dbeaver,6.110,settle,717490864,2,11.5724,1.6
45,dbeaver,6.365,settle,717507248,2,11.5904,6.9
45,dbeaver,6.619,settle,717507248,2,11.5965,2.4
45,dbeaver,6.869,settle,717572784,2,11.6176,8.5
45,dbeaver,7.123,settle,717572784,2,11.6254,3.0
45,dbeaver,7.379,settle,717572784,2,11.6366,4.4
45,dbeaver,7.630,settle,717572784,2,11.6497,5.2
45,dbeaver,7.886,settle,717572784,2,11.6615,4.6
45,dbeaver,8.141,settle,717572784,2,11.6718,4.1
45,dbeaver,8.396,settle,717540016,2,11.6814,3.8
45,dbeaver,8.651,settle,717327024,2,11.6967,6.1
45,dbeaver,8.906,query,717228720,2,11.7041,2.9
45,dbeaver,9.161,query,717212336,2,11.7184,5.5
45,dbeaver,9.416,query,717114032,2,11.7310,4.9
45,dbeaver,9.670,query,717114032,2,11.7388,3.1
45,dbeaver,9.925,query,717114032,2,11.7457,2.7
45,dbeaver,10.180,query,717114032,2,11.7529,2.9
45,dbeaver,10.435,query,717114032,2,11.7641,4.3
45,dbeaver,10.690,query,717114032,2,11.7725,3.3
45,dbeaver,10.946,query,717064880,2,11.7861,5.4
45,dbeaver,11.201,query,717064880,2,11.7926,2.6
45,dbeaver,11.456,query,717064880,2,11.8034,4.2
45,dbeaver,11.711,query,717097648,2,11.8166,5.1
45,dbeaver,11.966,query,717097648,2,11.8299,5.3
45,dbeaver,12.219,query,717097648,2,11.8362,2.5
45,dbeaver,12.475,query,717097648,2,11.8456,3.6
45,dbeaver,12.728,query,717097648,2,11.8495,1.5
45,dbeaver,12.983,query,717114032,2,11.8591,3.8
45,dbeaver,13.236,query,717114032,2,11.8706,4.5
45,dbeaver,13.491,query,717114032,2,11.8769,2.5
45,dbeaver,13.746,query,717130416,2,11.8904,5.3
45,dbeaver,14.001,query,717130392,2,11.9203,11.5
45,dbeaver,14.256,query,718277248,2,11.9882,26.9
45,dbeaver,14.511,query,756271744,2,12.0647,30.1
45,dbeaver,14.764,query,755960448,2,12.2065,56.4
45,dbeaver,15.017,query,797985408,2,12.3147,41.5
45,dbeaver,15.270,query,758008448,2,12.3320,7.0
45,dbeaver,15.525,query,758172288,2,12.3618,11.6
45,dbeaver,15.780,query,758303360,2,12.3870,9.9
45,dbeaver,16.032,query,717376128,2,12.4037,6.6
45,dbeaver,16.287,query,717408896,2,12.4105,2.7
45,dbeaver,16.538,query,845908632,2,12.7102,121.2
45,dbeaver,16.793,query,913050288,2,13.3276,241.4
45,dbeaver,17.043,query,875563696,2,13.9074,231.2
45,dbeaver,17.295,query,924977840,2,14.0871,72.4
45,dbeaver,17.550,query,924273328,2,14.2525,64.2
45,dbeaver,17.805,query,924273328,2,14.2698,6.7
45,dbeaver,18.057,query,923847344,2,14.3034,13.3
45,dbeaver,18.312,query,807406280,2,14.4184,45.8
45,dbeaver,18.565,query,807865032,2,14.4855,26.4
45,dbeaver,18.816,query,808143560,2,14.6175,52.7
45,dbeaver,19.071,query,744966856,2,14.6932,29.4
45,dbeaver,19.326,query,745032392,2,14.7767,32.9
45,dbeaver,19.582,query,745081544,2,14.8641,34.3
45,dbeaver,19.834,query,756419272,2,15.0283,65.0
45,dbeaver,20.087,query,756632264,2,15.1493,47.8
45,dbeaver,20.341,query,756730568,2,15.2958,58.6
45,dbeaver,20.596,query,754633416,2,15.3451,19.0
45,dbeaver,20.851,query,745573064,2,15.4445,39.0
45,dbeaver,21.103,query,864619208,2,15.6222,70.9
45,dbeaver,21.358,query,862587592,2,15.6768,21.2
45,dbeaver,21.613,query,858458824,2,15.7467,27.5
45,dbeaver,21.865,query,858704584,2,15.8353,35.4
45,dbeaver,22.125,query,749947592,2,15.8889,20.5
45,dbeaver,22.377,after-query,749963976,2,15.8978,3.6
45,dbeaver,22.634,after-query,749931208,2,15.9103,4.8
45,dbeaver,22.886,after-query,747473608,2,15.9201,3.9
45,dbeaver,23.141,after-query,747473608,2,15.9260,2.3
45,dbeaver,23.396,after-query,736152264,2,15.9374,4.5
45,dbeaver,23.651,after-query,736168648,2,15.9462,3.5
45,dbeaver,23.907,after-query,736070344,2,15.9549,3.4
45,dbeaver,24.161,after-query,736070344,2,15.9604,2.2
45,dbeaver,24.414,after-query,736070344,2,15.9692,3.4
45,dbeaver,24.669,after-query,736086728,2,15.9786,3.8
45,dbeaver,24.923,after-query,736119496,2,15.9970,7.3
45,dbeaver,25.178,after-query,736119496,2,16.0049,3.1
45,dbeaver,25.433,after-query,736086728,2,16.0180,5.1
45,dbeaver,25.688,after-query,736086728,2,16.0249,2.7
45,dbeaver,25.943,after-query,735709896,2,16.0318,2.7
45,dbeaver,26.198,after-query,735709896,2,16.0405,3.4
45,dbeaver,26.453,after-query,735709896,2,16.0466,2.4
45,dbeaver,26.708,after-query,735742664,2,16.0678,8.5
46,pgpad,0.255,launch,26249088,4,0.1669,
46,pgpad,0.510,settle,48007664,4,0.4030,91.2
46,pgpad,0.765,settle,53824248,4,0.5133,43.4
46,pgpad,1.021,settle,228281920,5,0.7966,110.9
46,pgpad,1.276,settle,227839552,5,0.7989,0.9
46,pgpad,1.531,settle,222563904,5,0.8091,4.0
46,pgpad,1.785,settle,219205184,5,0.8284,7.7
46,pgpad,2.040,settle,217861696,5,0.8334,2.0
46,pgpad,2.295,settle,156978752,5,0.8367,1.3
46,pgpad,2.547,settle,156667456,5,0.8378,0.4
46,pgpad,2.798,settle,156388928,5,0.8386,0.3
46,pgpad,3.053,settle,156339776,5,0.8392,0.2
46,pgpad,3.308,settle,156044864,5,0.8399,0.3
46,pgpad,3.564,settle,155962944,5,0.8403,0.2
46,pgpad,3.819,settle,155962944,5,0.8405,0.1
46,pgpad,4.070,settle,155962944,5,0.8409,0.2
46,pgpad,4.326,settle,155962944,5,0.8412,0.1
46,pgpad,4.580,settle,155962944,5,0.8415,0.1
46,pgpad,4.834,settle,155962944,5,0.8415,0.0
46,pgpad,5.087,settle,155962944,5,0.8415,0.0
46,pgpad,5.342,settle,155815488,5,0.8439,1.0
46,pgpad,5.597,query,155831872,5,0.8454,0.6
46,pgpad,5.852,query,155733568,5,0.8460,0.2
46,pgpad,6.107,query,155733568,5,0.8465,0.2
46,pgpad,6.362,query,155668032,5,0.8468,0.1
46,pgpad,6.617,query,155602496,5,0.8473,0.2
46,pgpad,6.868,query,155553344,5,0.8476,0.1
46,pgpad,7.123,query,155553344,5,0.8476,0.0
46,pgpad,7.378,query,155422272,5,0.8478,0.1
46,pgpad,7.631,query,155422272,5,0.8478,0.0
46,pgpad,7.886,query,155422272,5,0.8478,0.0
46,pgpad,8.142,query,155422272,5,0.8478,0.0
46,pgpad,8.397,query,155422272,5,0.8478,0.0
46,pgpad,8.647,query,155422272,5,0.8478,0.0
46,pgpad,8.898,query,155323968,5,0.8578,4.1
46,pgpad,9.151,query,155323968,5,0.8639,2.4
46,pgpad,9.405,query,155323968,5,0.8643,0.2
46,pgpad,9.658,query,155323968,5,0.8653,0.4
46,pgpad,9.913,query,155323968,5,0.8657,0.1
46,pgpad,10.164,query,155323968,5,0.8664,0.3
46,pgpad,10.415,query,155274816,5,0.8666,0.1
46,pgpad,10.669,query,240914008,5,0.9134,18.2
46,pgpad,10.924,query,295145144,5,1.0442,51.1
46,pgpad,11.179,query,294899384,5,1.0502,2.4
46,pgpad,11.430,query,294686392,5,1.0534,1.3
46,pgpad,11.685,query,294473400,5,1.0563,1.1
46,pgpad,11.940,query,283414200,5,1.1139,22.9
46,pgpad,12.191,query,242766096,6,1.2419,50.6
46,pgpad,12.446,query,256233744,6,1.2690,10.6
46,pgpad,12.700,query,251990288,6,1.2892,7.9
46,pgpad,12.955,query,266785040,6,1.3271,14.9
46,pgpad,13.211,query,266555664,6,1.3291,0.8
46,pgpad,13.466,query,265556240,6,1.3581,11.4
46,pgpad,13.720,query,265621776,6,1.3774,7.6
46,pgpad,13.975,query,265490704,6,1.3802,1.1
46,pgpad,14.228,query,292573480,6,1.5360,61.4
46,pgpad,14.480,query,367743344,6,1.6922,62.3
46,pgpad,14.731,query,367677808,6,1.6937,0.6
46,pgpad,14.986,query,364138864,6,1.7069,5.2
46,pgpad,15.239,query,361959792,6,1.7088,0.7
46,pgpad,15.494,query,291033456,6,1.7219,5.1
46,pgpad,15.745,query,260313456,6,1.7248,1.2
46,pgpad,16.000,query,260280688,6,1.7338,3.5
46,pgpad,16.251,query,346362224,6,1.7766,17.1
46,pgpad,16.507,query,386617736,6,1.8352,22.6
46,pgpad,16.759,query,386683272,6,1.8558,8.3
46,pgpad,17.014,query,387371400,6,1.9327,29.7
46,pgpad,17.269,query,387469704,6,1.9577,10.0
46,pgpad,17.525,query,394662280,6,2.0211,24.6
46,pgpad,17.780,query,394645896,6,2.0243,1.3
46,pgpad,18.037,query,394891656,6,2.0618,14.5
46,pgpad,18.292,after-query,386994568,6,2.1173,22.0
46,pgpad,18.547,after-query,386945416,6,2.1212,1.5
46,pgpad,18.802,after-query,386355592,6,2.1241,1.2
46,pgpad,19.052,after-query,384504200,6,2.1260,0.7
46,pgpad,19.307,after-query,283103648,6,2.1284,0.9
46,pgpad,19.559,after-query,260805024,6,2.1303,0.8
46,pgpad,19.814,after-query,260772256,6,2.1314,0.4
46,pgpad,20.068,after-query,260772256,6,2.1320,0.2
46,pgpad,20.322,after-query,260673952,6,2.1328,0.3
46,pgpad,20.573,after-query,260657568,6,2.1334,0.2
46,pgpad,20.828,after-query,260641184,6,2.1337,0.1
46,pgpad,21.079,after-query,260673952,6,2.1401,2.6
46,pgpad,21.331,after-query,260673952,6,2.1408,0.3
46,pgpad,21.586,after-query,260673952,6,2.1413,0.2
46,pgpad,21.841,after-query,260673952,6,2.1422,0.3
46,pgpad,22.092,after-query,260673952,6,2.1428,0.2
46,pgpad,22.347,after-query,260673952,6,2.1433,0.2
46,pgpad,22.600,after-query,260673952,6,2.1436,0.1
46,pgpad,22.852,after-query,260592032,6,2.1441,0.2
46,pgpad,23.105,after-query,260526496,6,2.1445,0.1
46,pgpad,23.360,after-query,260526496,6,2.1445,0.0
46,dbeaver,0.255,launch,37520248,1,0.1975,
46,dbeaver,0.510,launch,96322520,1,0.8490,253.8
46,dbeaver,0.765,launch,119473160,1,1.4018,216.8
46,dbeaver,1.021,launch,158286928,1,2.1444,288.6
46,dbeaver,1.276,launch,176817448,1,2.7790,250.0
46,dbeaver,1.531,launch,212518232,1,3.6391,336.7
46,dbeaver,1.786,launch,249185696,1,4.0660,167.3
46,dbeaver,2.041,launch,269419936,1,4.7525,269.5
46,dbeaver,2.296,launch,282232224,1,5.6995,370.6
46,dbeaver,2.551,launch,293389752,1,6.6446,370.8
46,dbeaver,2.806,launch,316736976,1,7.3901,291.7
46,dbeaver,3.062,launch,323946224,1,7.9573,222.2
46,dbeaver,3.317,launch,590334184,2,8.6982,280.8
46,dbeaver,3.570,settle,838748752,2,9.4921,324.5
46,dbeaver,3.825,settle,951061072,2,10.1224,247.6
46,dbeaver,4.080,settle,1016498768,2,10.3868,104.1
46,dbeaver,4.335,settle,1012746832,2,11.0754,267.2
46,dbeaver,4.590,settle,956287592,2,11.1239,19.3
46,dbeaver,4.845,settle,930318952,2,11.1497,9.9
46,dbeaver,5.101,settle,819432040,2,11.1730,9.1
46,dbeaver,5.356,settle,778865256,2,11.1819,3.5
46,dbeaver,5.607,settle,778881640,2,11.1979,6.4
46,dbeaver,5.859,settle,709282408,2,11.2102,4.8
46,dbeaver,6.113,settle,709282408,2,11.2296,7.7
46,dbeaver,6.364,settle,709282408,2,11.2362,2.6
46,dbeaver,6.616,settle,709298792,2,11.2492,5.2
46,dbeaver,6.871,settle,709298792,2,11.2598,4.2
46,dbeaver,7.126,settle,709446248,2,11.2847,9.7
46,dbeaver,7.381,settle,709446248,2,11.2912,2.6
46,dbeaver,7.636,settle,709446248,2,11.3018,4.2
46,dbeaver,7.891,settle,708135528,2,11.3132,4.4
46,dbeaver,8.146,settle,708135528,2,11.3259,5.0
46,dbeaver,8.401,query,708184680,2,11.3324,2.6
46,dbeaver,8.652,query,708184680,2,11.3397,2.9
46,dbeaver,8.906,query,708037224,2,11.3542,5.5
46,dbeaver,9.161,query,708069992,2,11.3683,5.6
46,dbeaver,9.417,query,707971688,2,11.3789,4.2
46,dbeaver,9.672,query,707971688,2,11.3869,3.1
46,dbeaver,9.927,query,707971688,2,11.3978,4.3
46,dbeaver,10.182,query,707971688,2,11.4059,3.2
46,dbeaver,10.438,query,707971688,2,11.4110,1.9
46,dbeaver,10.693,query,707922536,2,11.4268,6.1
46,dbeaver,10.944,query,707873384,2,11.4333,2.6
46,dbeaver,11.195,query,708168296,2,11.4599,10.6
46,dbeaver,11.451,query,708184680,2,11.4863,10.4
46,dbeaver,11.706,query,708184680,2,11.4977,4.5
46,dbeaver,11.957,query,708184680,2,11.5021,1.8
46,dbeaver,12.212,query,708184680,2,11.5113,3.6
46,dbeaver,12.467,query,708201064,2,11.5180,2.6
46,dbeaver,12.719,query,708201064,2,11.5303,4.9
46,dbeaver,12.973,query,708201064,2,11.5360,2.3
46,dbeaver,13.228,query,708217448,2,11.5418,2.3
46,dbeaver,13.482,query,708233808,2,11.5616,7.8
46,dbeaver,13.737,query,708315752,2,11.5803,7.2
46,dbeaver,13.991,query,709315176,2,11.6352,21.7
46,dbeaver,14.246,query,789088872,2,11.7090,29.0
46,dbeaver,14.500,query,790809192,2,11.9318,88.3
46,dbeaver,14.755,query,750291560,2,11.9838,20.1
46,dbeaver,15.010,query,750226024,2,12.0070,9.0
46,dbeaver,15.266,query,750242408,2,12.0446,14.9
46,dbeaver,15.516,query,721488488,2,12.0586,5.6
46,dbeaver,15.769,query,709397096,2,12.0759,6.9
46,dbeaver,16.024,query,709397096,2,12.0846,3.4
46,dbeaver,16.279,query,841468520,2,12.5113,168.9
46,dbeaver,16.534,query,933104232,2,13.2862,307.6
46,dbeaver,16.789,query,913230464,2,13.8215,207.2
46,dbeaver,17.044,query,915671680,2,13.9391,45.8
46,dbeaver,17.296,query,914655872,2,14.0783,54.9
46,dbeaver,17.551,query,914623104,2,14.0925,5.6
46,dbeaver,17.806,query,901352088,2,14.1256,12.8
46,dbeaver,18.062,query,749095576,2,14.2566,51.6
46,dbeaver,18.315,query,729647768,2,14.3241,26.5
46,dbeaver,18.570,query,729778840,2,14.4390,45.5
46,dbeaver,18.825,query,736283288,2,14.5307,36.2
46,dbeaver,19.080,query,736299672,2,14.6173,33.7
46,dbeaver,19.331,query,736332440,2,14.7151,39.1
46,dbeaver,19.586,query,736463512,2,14.8376,48.2
46,dbeaver,19.841,query,725420696,2,14.9784,55.1
46,dbeaver,20.094,query,736758424,2,15.0896,43.7
46,dbeaver,20.348,query,734710400,2,15.1601,28.2
46,dbeaver,20.603,query,794593944,2,15.3390,69.5
46,dbeaver,20.858,query,795724440,2,15.3911,20.3
46,dbeaver,21.112,query,778275480,2,15.5009,43.1
46,dbeaver,21.368,query,778324632,2,15.5481,18.3
46,dbeaver,21.623,query,778341016,2,15.6078,23.9
46,dbeaver,21.878,query,727943832,2,15.6608,20.5
46,dbeaver,22.133,after-query,727943832,2,15.6697,3.5
46,dbeaver,22.388,after-query,727911064,2,15.6826,4.9
46,dbeaver,22.644,after-query,727927448,2,15.6890,2.5
46,dbeaver,22.898,after-query,714164888,2,15.7014,4.9
46,dbeaver,23.153,after-query,714164888,2,15.7104,3.5
46,dbeaver,23.407,after-query,714164888,2,15.7163,2.4
46,dbeaver,23.662,after-query,714181272,2,15.7315,5.9
46,dbeaver,23.913,after-query,714181272,2,15.7385,2.8
46,dbeaver,24.168,after-query,714181272,2,15.7479,3.7
46,dbeaver,24.421,after-query,714328728,2,15.7638,6.1
46,dbeaver,24.676,after-query,714361496,2,15.7685,1.9
46,dbeaver,24.931,after-query,714361496,2,15.7753,2.6
46,dbeaver,25.187,after-query,714099352,2,15.7871,4.8
46,dbeaver,25.442,after-query,714050200,2,15.7940,2.6
46,dbeaver,25.696,after-query,713804440,2,15.8043,4.1
46,dbeaver,25.951,after-query,713804440,2,15.8107,2.5
46,dbeaver,26.205,after-query,713804440,2,15.8169,2.5
46,dbeaver,26.460,after-query,713804440,2,15.8220,2.0
46,pgadmin,0.255,launch,9257944,1,0.1027,
46,pgadmin,0.510,launch,39815136,3,0.2833,70.2
46,pgadmin,0.764,launch,120280152,5,0.7593,186.8
46,pgadmin,1.017,launch,157832304,5,1.0067,97.6
46,pgadmin,1.273,launch,168088712,5,1.2304,87.7
46,pgadmin,1.528,launch,177493152,5,1.4589,89.8
46,pgadmin,1.783,launch,191452320,5,1.6782,86.2
46,pgadmin,2.038,launch,205345952,5,1.9169,93.5
46,pgadmin,2.289,launch,217142456,5,2.1488,92.3
46,pgadmin,2.545,launch,225727672,5,2.3844,92.6
46,pgadmin,2.800,launch,245880448,6,2.7942,159.9
46,pgadmin,3.052,launch,234181840,5,2.8323,86.7
46,pgadmin,3.306,launch,242701520,5,3.0721,96.0
46,pgadmin,3.561,launch,251679952,5,3.3210,96.2
46,pgadmin,3.816,launch,262427856,5,3.5621,94.2
46,pgadmin,4.071,launch,263476456,5,3.6321,27.3
46,pgadmin,4.323,launch,265999592,5,3.6848,21.0
46,pgadmin,4.578,settle,342742464,5,4.0931,195.0
46,pgadmin,4.833,settle,452793936,5,4.4382,135.9
46,pgadmin,5.085,settle,505370216,5,4.8149,149.1
46,pgadmin,5.340,settle,707319736,5,5.3717,215.7
46,pgadmin,5.595,settle,685676616,5,5.6690,117.1
46,pgadmin,5.849,settle,701716576,5,5.9160,97.6
46,pgadmin,6.104,settle,776886440,5,6.1607,94.6
46,pgadmin,6.357,settle,779245976,6,6.2324,28.7
46,pgadmin,6.612,settle,781163264,6,6.3594,49.5
46,pgadmin,6.864,settle,781261568,6,6.3869,10.8
46,pgadmin,7.119,settle,779246336,6,6.4137,10.5
46,pgadmin,7.373,settle,766155520,6,6.4510,14.8
46,pgadmin,7.628,settle,744135424,6,6.4820,12.2
46,pgadmin,7.883,settle,744217344,6,6.5047,8.9
46,pgadmin,8.134,settle,747068184,6,6.5687,25.5
46,pgadmin,8.387,settle,747150104,6,6.6017,13.0
46,pgadmin,8.642,settle,747297560,6,6.6443,16.7
46,pgadmin,8.894,settle,747346712,6,6.6750,12.3
46,pgadmin,9.149,settle,747445016,6,6.7099,13.6
46,pgadmin,9.403,settle,747510552,6,6.7405,12.3
46,pgadmin,9.654,query,747592472,6,6.7616,8.4
46,pgadmin,9.907,query,747625240,6,6.7931,12.1
46,pgadmin,10.163,query,752507672,6,6.8726,31.4
46,pgadmin,10.418,query,752573208,6,6.9096,14.5
46,pgadmin,10.673,query,752753432,6,6.9424,12.8
46,pgadmin,10.926,query,752884504,6,6.9717,11.5
46,pgadmin,11.182,query,627366680,6,7.0143,16.7
46,pgadmin,11.437,query,627481368,6,7.0366,8.8
46,pgadmin,11.692,query,627530520,6,7.0711,13.5
46,pgadmin,11.947,query,629725976,6,7.1293,23.0
46,pgadmin,12.202,query,630512408,6,7.1601,12.1
46,pgadmin,12.456,query,630659864,6,7.1890,11.4
46,pgadmin,12.711,query,630807320,6,7.2153,10.5
46,pgadmin,12.963,query,630938392,6,7.2387,9.2
46,pgadmin,13.218,query,631102232,6,7.2605,8.5
46,pgadmin,13.472,query,631249688,6,7.2857,10.0
46,pgadmin,13.727,query,631364376,6,7.3070,8.3
46,pgadmin,13.981,query,642161432,6,7.5731,105.0
46,pgadmin,14.236,query,642194200,6,7.6128,15.4
46,pgadmin,14.490,query,642194200,6,7.6353,8.8
46,pgadmin,14.746,query,642243352,6,7.6602,9.8
46,pgadmin,14.997,query,642292504,6,7.6813,8.4
46,pgadmin,15.253,query,642341656,6,7.7052,9.4
46,pgadmin,15.506,query,642325272,6,7.7275,8.8
46,pgadmin,15.761,query,664869680,6,7.8046,30.1
46,pgadmin,16.016,query,714873624,6,8.0038,77.4
46,pgadmin,16.271,query,715496192,6,8.0424,15.0
46,pgadmin,16.526,query,715496192,6,8.0630,8.1
46,pgadmin,16.781,query,715496192,6,8.0843,8.4
46,pgadmin,17.037,query,710843136,6,8.1080,9.2
46,pgadmin,17.289,query,708614912,6,8.1295,8.6
46,pgadmin,17.541,query,780573464,6,8.3729,97.2
46,pgadmin,17.794,query,790272792,6,8.5658,77.5
46,pgadmin,18.047,query,792992512,6,8.6895,48.3
46,pgadmin,18.302,query,796809984,6,8.8006,44.2
46,pgadmin,18.557,query,804526896,6,8.9702,65.6
46,pgadmin,18.807,query,809999152,6,9.1061,54.2
46,pgadmin,19.058,query,813439792,6,9.1752,27.2
46,pgadmin,19.314,query,819403568,6,9.3672,76.1
46,pgadmin,19.569,query,826645296,6,9.5537,71.8
46,pgadmin,19.824,query,827120432,6,9.8749,127.4
46,pgadmin,20.077,query,827530032,6,10.0477,68.8
46,pgadmin,20.331,query,827661104,6,10.1377,35.2
46,pgadmin,20.587,query,832658224,6,10.3066,66.1
46,pgadmin,20.842,query,830479152,6,10.4689,63.4
46,pgadmin,21.093,query,822483760,6,10.6220,61.7
46,pgadmin,21.347,query,822500144,6,10.7227,39.6
46,pgadmin,21.601,query,822532912,6,10.8923,66.6
46,pgadmin,21.856,query,822516528,6,10.9381,17.8
46,pgadmin,22.109,query,822647600,6,11.1306,76.2
46,pgadmin,22.360,query,822762288,6,11.2559,49.9
46,pgadmin,22.615,query,822729520,6,11.3407,33.1
46,pgadmin,22.870,query,820255536,6,11.3651,9.8
46,pgadmin,23.124,after-query,820255536,6,11.3884,9.1
46,pgadmin,23.379,after-query,820255536,6,11.4114,9.0
46,pgadmin,23.635,after-query,818158384,6,11.4308,7.7
46,pgadmin,23.890,after-query,793778968,6,11.4536,8.8
46,pgadmin,24.145,after-query,793778968,6,11.5060,20.7
46,pgadmin,24.400,after-query,793778968,6,11.5298,9.3
46,pgadmin,24.651,after-query,793811736,6,11.5520,9.1
46,pgadmin,24.905,after-query,792206104,6,11.5718,7.6
46,pgadmin,25.159,after-query,792206104,6,11.5914,7.7
46,pgadmin,25.410,after-query,792206104,6,11.6114,8.0
46,pgadmin,25.665,after-query,792222488,6,11.6354,9.5
46,pgadmin,25.921,after-query,792222488,6,11.6596,9.4
46,pgadmin,26.176,after-query,774216472,6,11.9320,106.8
46,pgadmin,26.431,after-query,774216472,6,11.9559,9.4
46,pgadmin,26.686,after-query,774150936,6,11.9771,8.3
46,pgadmin,26.941,after-query,774150936,6,11.9998,9.0
46,pgadmin,27.194,after-query,774150936,6,12.0226,8.9
46,pgadmin,27.444,after-query,750328600,6,12.0487,10.7
46,dbgate,0.255,launch,11273272,1,0.1031,
46,dbgate,0.510,launch,54201416,3,0.3976,114.0
46,dbgate,0.765,launch,85789840,3,0.6021,80.1
46,dbgate,1.018,settle,178295512,4,0.9922,153.7
46,dbgate,1.273,settle,314120456,7,1.4771,193.0
46,dbgate,1.528,settle,596042800,8,2.4992,395.4
46,dbgate,1.783,settle,610002280,8,2.7859,111.1
46,dbgate,2.037,settle,611886440,8,2.8519,26.7
46,dbgate,2.292,settle,612164968,8,2.8955,16.6
46,dbgate,2.546,settle,612328808,8,2.9513,22.1
46,dbgate,2.797,settle,596665704,8,2.9957,17.4
46,dbgate,3.050,settle,614245736,8,3.0631,26.8
46,dbgate,3.301,settle,614229352,8,3.0750,4.8
46,dbgate,3.554,settle,614262120,8,3.0942,7.6
46,dbgate,3.808,settle,614278504,8,3.1063,4.8
46,dbgate,4.063,settle,614294888,8,3.1240,6.9
46,dbgate,4.318,settle,609559912,8,3.1359,4.7
46,dbgate,4.574,settle,609559912,8,3.1561,7.9
46,dbgate,4.829,settle,599565672,8,3.1691,5.1
46,dbgate,5.083,settle,588277072,8,3.1920,9.0
46,dbgate,5.337,settle,588260688,8,3.2050,5.1
46,dbgate,5.592,settle,588277072,8,3.2246,7.7
46,dbgate,5.848,settle,588293456,8,3.2417,6.8
46,dbgate,6.101,query,588227920,8,3.2538,4.9
46,dbgate,6.352,query,586179920,8,3.2672,5.3
46,dbgate,6.607,query,565650768,8,3.2860,7.2
46,dbgate,6.862,query,528688464,8,3.3060,7.9
46,dbgate,7.117,query,528688464,8,3.3228,6.6
46,dbgate,7.372,query,521299280,8,3.3406,7.0
46,dbgate,7.625,query,521299280,8,3.3590,7.1
46,dbgate,7.880,query,521315664,8,3.3706,4.7
46,dbgate,8.133,query,489448784,8,3.3868,6.3
46,dbgate,8.388,query,489465168,8,3.4041,6.8
46,dbgate,8.643,query,489448784,8,3.4205,6.5
46,dbgate,8.898,query,489465168,8,3.4371,6.5
46,dbgate,9.154,query,489448808,8,3.4550,7.1
46,dbgate,9.409,query,489530728,8,3.4712,6.3
46,dbgate,9.664,query,489514344,8,3.4825,4.5
46,dbgate,9.916,query,489530728,8,3.4959,5.3
46,dbgate,10.171,query,489514344,8,3.5098,5.5
46,dbgate,10.426,query,489530728,8,3.5205,4.2
46,dbgate,10.678,query,489514344,8,3.5326,4.8
46,dbgate,10.928,query,489530728,8,3.5444,4.8
46,dbgate,11.179,query,489514344,8,3.5590,5.8
46,dbgate,11.429,query,489563496,8,3.5699,4.4
46,dbgate,11.684,query,489547112,8,3.5818,4.7
46,dbgate,11.935,query,552445288,8,3.6380,21.9
46,dbgate,12.191,query,614360424,8,3.7039,26.1
46,dbgate,12.446,query,614393192,8,3.7190,5.9
46,dbgate,12.701,query,614933864,8,3.7532,13.5
46,dbgate,12.957,query,615638568,9,3.8048,20.2
46,dbgate,13.212,query,668903936,9,4.1044,117.2
46,dbgate,13.467,query,727591544,9,4.4167,122.8
46,dbgate,13.722,query,728820344,9,4.4606,16.9
46,dbgate,13.977,query,728803960,9,4.4744,5.4
46,dbgate,14.229,query,740977296,9,4.7681,117.9
46,dbgate,14.484,query,754232024,9,5.0023,93.1
46,dbgate,14.737,query,760113880,9,5.2975,115.2
46,dbgate,14.988,query,761866968,9,5.5089,84.1
46,dbgate,15.243,query,765586160,9,5.7531,95.8
46,dbgate,15.494,query,777579296,9,5.9937,96.1
46,dbgate,15.748,query,781298464,9,6.1667,68.3
46,dbgate,16.002,query,786000672,9,6.3549,73.6
46,dbgate,16.257,query,790244128,9,6.5217,65.3
46,dbgate,16.512,query,796896032,9,6.6718,59.0
46,dbgate,16.768,query,800369440,9,6.7953,48.3
46,dbgate,17.021,query,800484128,9,6.9077,43.9
46,dbgate,17.275,query,804514592,9,7.0709,65.2
46,dbgate,17.529,query,808741664,9,7.2270,60.7
46,dbgate,17.781,query,810543904,9,7.3245,39.3
46,dbgate,18.036,query,785066784,9,7.4795,59.8
46,dbgate,18.291,query,788736824,9,7.6319,59.8
46,dbgate,18.545,query,725199672,9,7.7338,40.4
46,dbgate,18.800,query,730950456,9,7.8792,56.5
46,dbgate,19.053,query,731605816,9,8.0943,86.4
46,dbgate,19.309,query,731589432,9,8.1319,14.6
46,dbgate,19.564,after-query,731589432,9,8.1481,6.3
46,dbgate,19.816,after-query,731032376,9,8.1664,7.3
46,dbgate,20.071,after-query,728591160,9,8.1833,6.6
46,dbgate,20.326,after-query,723331896,9,8.1967,5.3
46,dbgate,20.578,after-query,709684024,9,8.2151,7.4
46,dbgate,20.828,after-query,699034400,9,8.2292,5.6
46,dbgate,21.083,after-query,691645216,9,8.2465,6.7
46,dbgate,21.338,after-query,691710752,9,8.2652,7.2
46,dbgate,21.593,after-query,689875744,9,8.2840,7.5
46,dbgate,21.848,after-query,689761056,9,8.2948,4.3
46,dbgate,22.103,after-query,689777440,9,8.3079,5.0
46,dbgate,22.359,after-query,689761056,9,8.3216,5.4
46,dbgate,22.614,after-query,689777440,9,8.3408,7.5
46,dbgate,22.866,after-query,689761056,9,8.3555,5.8
46,dbgate,23.118,after-query,689744672,9,8.3688,5.3
46,dbgate,23.373,after-query,689744672,9,8.3834,5.7
46,dbgate,23.627,after-query,689761056,9,8.4016,7.1
46,dbgate,23.879,after-query,689744672,9,8.4138,4.9
47,pgadmin,0.255,launch,8913856,1,0.1015,
47,pgadmin,0.510,launch,35653048,1,0.2475,56.4
47,pgadmin,0.765,launch,103765080,5,0.6725,166.1
47,pgadmin,1.021,launch,156226768,5,0.9629,113.9
47,pgadmin,1.276,launch,165991656,5,1.1878,89.6
47,pgadmin,1.531,launch,175903976,5,1.4176,90.1
47,pgadmin,1.785,launch,186537216,5,1.6380,85.3
47,pgadmin,2.040,launch,205133056,5,1.8788,94.8
47,pgadmin,2.292,launch,214914304,5,2.1072,90.5
47,pgadmin,2.546,launch,226333952,5,2.3471,94.5
47,pgadmin,2.801,launch,251336440,6,2.7134,143.6
47,pgadmin,3.055,launch,232297752,5,2.7966,88.8
47,pgadmin,3.310,launch,241653040,5,3.0401,95.5
47,pgadmin,3.565,launch,252171592,5,3.2903,97.8
47,pgadmin,3.820,launch,262919496,5,3.5350,95.9
47,pgadmin,4.075,launch,264426824,5,3.6182,32.3
47,pgadmin,4.330,launch,267031880,5,3.6622,17.2
47,pgadmin,4.583,settle,351360520,5,4.0348,183.3
47,pgadmin,4.839,settle,463885904,5,4.3798,135.6
47,pgadmin,5.094,settle,503600768,5,4.7530,146.1
47,pgadmin,5.349,settle,656906096,5,5.3130,217.1
47,pgadmin,5.603,settle,687446160,5,5.5991,112.5
47,pgadmin,5.858,settle,700979296,5,5.8506,98.2
47,pgadmin,6.113,settle,799381696,5,6.1416,114.4
47,pgadmin,6.368,settle,800168152,5,6.2027,24.1
47,pgadmin,6.624,settle,803658520,6,6.3471,56.7
47,pgadmin,6.879,settle,803724032,6,6.3761,11.2
47,pgadmin,7.130,settle,799513344,6,6.4081,12.2
47,pgadmin,7.381,settle,799644440,6,6.4432,14.8
47,pgadmin,7.636,settle,766778136,6,6.4752,12.6
47,pgadmin,7.891,settle,766843672,6,6.5022,10.4
47,pgadmin,8.147,settle,769678080,6,6.5664,25.1
47,pgadmin,8.400,settle,769792768,6,6.5985,12.7
47,pgadmin,8.655,settle,769907456,6,6.6374,15.2
47,pgadmin,8.906,settle,769989376,6,6.6718,13.9
47,pgadmin,9.158,settle,770071296,6,6.7025,12.0
47,pgadmin,9.413,settle,770136832,6,6.7331,12.3
47,pgadmin,9.668,query,770235136,6,6.7556,8.9
47,pgadmin,9.922,query,770284288,6,6.7878,12.3
47,pgadmin,10.177,query,775461656,6,6.8428,21.6
47,pgadmin,10.430,query,775592728,6,6.8711,11.2
47,pgadmin,10.685,query,775772952,6,6.9037,12.9
47,pgadmin,10.938,query,775887640,6,6.9301,10.6
47,pgadmin,11.191,query,625597208,6,6.9671,14.3
47,pgadmin,11.447,query,625629976,6,6.9922,9.9
47,pgadmin,11.702,query,625777432,6,7.0260,13.4
47,pgadmin,11.957,query,625941272,6,7.0591,12.8
47,pgadmin,12.212,query,628775704,6,7.1188,23.7
47,pgadmin,12.467,query,628906776,6,7.1480,11.3
47,pgadmin,12.720,query,629054232,6,7.1715,9.6
47,pgadmin,12.975,query,629152536,6,7.1935,8.6
47,pgadmin,13.230,query,629332760,6,7.2169,9.1
47,pgadmin,13.484,query,629447448,6,7.2440,10.7
47,pgadmin,13.739,query,629529368,6,7.2715,10.7
47,pgadmin,13.992,query,641620760,6,7.4001,50.0
47,pgadmin,14.246,query,641325848,6,7.5890,75.9
47,pgadmin,14.500,query,641325848,6,7.6125,9.3
47,pgadmin,14.755,query,641358616,6,7.6370,9.6
47,pgadmin,15.010,query,641358616,6,7.6593,8.7
47,pgadmin,15.263,query,641342232,6,7.6842,9.9
47,pgadmin,15.518,query,641342232,6,7.7079,9.3
47,pgadmin,15.771,query,662772504,6,7.7432,14.0
47,pgadmin,16.026,query,711416600,6,7.9807,91.6
47,pgadmin,16.281,query,712612632,6,8.0190,15.2
47,pgadmin,16.533,query,712612632,6,8.0385,7.6
47,pgadmin,16.788,query,712612632,6,8.0610,8.8
47,pgadmin,17.044,query,712629016,6,8.0827,8.5
47,pgadmin,17.294,query,710531864,6,8.1042,8.6
47,pgadmin,17.546,query,773610264,6,8.3099,81.8
47,pgadmin,17.799,query,789830424,6,8.5189,83.2
47,pgadmin,18.052,query,790731544,6,8.6270,42.4
47,pgadmin,18.305,query,794450712,6,8.7346,42.4
47,pgadmin,18.558,query,802380616,6,8.9222,74.5
47,pgadmin,18.812,query,806673224,6,9.0576,53.1
47,pgadmin,19.068,query,812440392,6,9.3809,127.7
47,pgadmin,19.322,query,813112136,6,9.5451,63.9
47,pgadmin,19.574,query,818273096,6,9.6949,59.7
47,pgadmin,19.829,query,818338632,6,9.8219,49.8
47,pgadmin,20.082,query,818584392,6,10.0178,77.3
47,pgadmin,20.335,query,818600776,6,10.1177,39.0
47,pgadmin,20.588,query,818633544,6,10.2475,51.9
47,pgadmin,20.839,query,813144904,6,10.4189,68.3
47,pgadmin,21.094,query,809884488,6,10.5910,67.8
47,pgadmin,21.346,query,810736456,6,10.6770,33.9
47,pgadmin,21.602,query,815700808,6,10.8547,69.8
47,pgadmin,21.857,query,815061832,6,10.9317,30.1
47,pgadmin,22.110,query,817486664,6,11.0782,57.7
47,pgadmin,22.360,query,821877576,6,11.2554,71.3
47,pgadmin,22.615,query,822942536,6,11.3257,27.5
47,pgadmin,22.871,query,823302984,6,11.3624,14.2
47,pgadmin,23.126,after-query,823384904,6,11.3885,10.4
47,pgadmin,23.376,after-query,823450440,6,11.4131,9.9
47,pgadmin,23.631,after-query,823499592,6,11.4287,6.1
47,pgadmin,23.886,after-query,792419144,6,11.4562,10.7
47,pgadmin,24.142,after-query,792664904,6,11.5061,19.6
47,pgadmin,24.397,after-query,792730440,6,11.5307,9.7
47,pgadmin,24.652,after-query,791223112,6,11.5538,9.0
47,pgadmin,24.906,after-query,791272264,6,11.5764,8.9
47,pgadmin,25.156,after-query,791354184,6,11.5948,7.5
47,pgadmin,25.408,after-query,791403336,6,11.6166,8.5
47,pgadmin,25.663,after-query,791468872,6,11.6408,9.5
47,pgadmin,25.916,after-query,791567176,6,11.6645,9.5
47,pgadmin,26.171,after-query,772791112,6,11.7192,21.2
47,pgadmin,26.426,after-query,772873032,6,11.7407,8.6
47,pgadmin,26.682,after-query,772873032,6,11.7622,8.3
47,pgadmin,26.937,after-query,772922184,6,11.7823,8.1
47,pgadmin,27.192,after-query,773036872,6,11.8066,9.3
47,pgadmin,27.449,after-query,773086024,6,11.8299,9.2
47,pgpad,0.255,launch,17613808,1,0.1284,
47,pgpad,0.510,settle,47647240,4,0.3938,90.8
47,pgpad,0.765,settle,52284128,4,0.4849,35.8
47,pgpad,1.016,settle,228069000,5,0.7734,113.9
47,pgpad,1.267,settle,227675784,5,0.7754,0.8
47,pgpad,1.519,settle,222531208,5,0.7837,3.3
47,pgpad,1.774,settle,219532936,5,0.8107,10.6
47,pgpad,2.025,settle,219090568,5,0.8149,1.7
47,pgpad,2.276,settle,157683336,5,0.8190,1.6
47,pgpad,2.532,settle,157519496,5,0.8205,0.6
47,pgpad,2.787,settle,157060744,5,0.8217,0.5
47,pgpad,3.038,settle,157027976,5,0.8222,0.2
47,pgpad,3.291,settle,156700296,5,0.8232,0.4
47,pgpad,3.544,settle,156634760,5,0.8238,0.2
47,pgpad,3.797,settle,156634760,5,0.8241,0.1
47,pgpad,4.052,settle,156634760,5,0.8243,0.1
47,pgpad,4.307,settle,156634760,5,0.8248,0.2
47,pgpad,4.562,settle,156634760,5,0.8252,0.2
47,pgpad,4.817,settle,156634760,5,0.8252,0.0
47,pgpad,5.071,settle,156634760,5,0.8252,0.0
47,pgpad,5.326,settle,156634760,5,0.8255,0.1
47,pgpad,5.581,query,156470920,5,0.8325,2.8
47,pgpad,5.835,query,156421768,5,0.8328,0.1
47,pgpad,6.089,query,156389000,5,0.8332,0.2
47,pgpad,6.344,query,156241544,5,0.8335,0.1
47,pgpad,6.597,query,156208776,5,0.8338,0.1
47,pgpad,6.848,query,156159624,5,0.8342,0.2
47,pgpad,7.103,query,156159624,5,0.8343,0.0
47,pgpad,7.358,query,156061320,5,0.8344,0.1
47,pgpad,7.612,query,156061320,5,0.8344,0.0
47,pgpad,7.867,query,156061320,5,0.8344,0.0
47,pgpad,8.122,query,156061320,5,0.8344,0.0
47,pgpad,8.375,query,156061320,5,0.8344,0.0
47,pgpad,8.631,query,156061320,5,0.8345,0.0
47,pgpad,8.884,query,156028552,5,0.8442,3.9
47,pgpad,9.139,query,156028552,5,0.8482,1.6
47,pgpad,9.394,query,156028552,5,0.8492,0.4
47,pgpad,9.646,query,155995784,5,0.8504,0.5
47,pgpad,9.901,query,155995784,5,0.8508,0.1
47,pgpad,10.151,query,155979400,5,0.8516,0.4
47,pgpad,10.405,query,155930248,5,0.8520,0.1
47,pgpad,10.661,query,233934520,5,0.8864,13.5
47,pgpad,10.916,query,289869640,5,1.0102,48.1
47,pgpad,11.168,query,289705800,5,1.0142,1.6
47,pgpad,11.423,query,289492808,5,1.0187,1.7
47,pgpad,11.678,query,289345352,5,1.0216,1.2
47,pgpad,11.928,query,290344776,5,1.0678,18.4
47,pgpad,12.183,query,248435128,6,1.2009,52.2
47,pgpad,12.439,query,262050232,6,1.2291,10.9
47,pgpad,12.694,query,250106296,6,1.2359,2.7
47,pgpad,12.947,query,255513016,6,1.2757,15.5
47,pgpad,13.197,query,255496632,6,1.2779,0.9
47,pgpad,13.448,query,254497208,6,1.3008,8.9
47,pgpad,13.703,query,254579128,6,1.3288,11.0
47,pgpad,13.958,query,212881848,6,1.3319,1.2
47,pgpad,14.212,query,255562168,6,1.3777,18.0
47,pgpad,14.467,query,361353728,6,1.6411,102.9
47,pgpad,14.722,query,361042432,6,1.6444,1.3
47,pgpad,14.977,query,358535680,6,1.6578,5.2
47,pgpad,15.233,query,358126080,6,1.6606,1.1
47,pgpad,15.488,query,358011392,6,1.6719,4.4
47,pgpad,15.743,query,255627776,6,1.6757,1.5
47,pgpad,15.998,query,255595008,6,1.6845,3.4
47,pgpad,16.253,query,350540288,6,1.7224,14.9
47,pgpad,16.508,query,400691760,6,1.7926,27.1
47,pgpad,16.762,query,406639152,6,1.8208,11.3
47,pgpad,17.016,query,407425584,6,1.8980,30.3
47,pgpad,17.271,query,410128944,6,1.9200,8.6
47,pgpad,17.521,query,410866224,6,1.9905,28.3
47,pgpad,17.777,query,410849840,6,1.9933,1.1
47,pgpad,18.031,query,410866224,6,2.0205,10.8
47,pgpad,18.284,after-query,384602672,6,2.0806,24.2
47,pgpad,18.538,after-query,379884080,6,2.0844,1.4
47,pgpad,18.793,after-query,379703856,6,2.0878,1.3
47,pgpad,19.045,after-query,378376752,6,2.0908,1.2
47,pgpad,19.301,after-query,276369968,6,2.0930,0.9
47,pgpad,19.556,after-query,258888240,6,2.0950,0.8
47,pgpad,19.811,after-query,258871856,6,2.0955,0.2
47,pgpad,20.066,after-query,258855472,6,2.0963,0.3
47,pgpad,20.316,after-query,258822704,6,2.0970,0.3
47,pgpad,20.567,after-query,258724400,6,2.0980,0.4
47,pgpad,20.822,after-query,258708016,6,2.0983,0.1
47,pgpad,21.075,after-query,258757168,6,2.1053,2.8
47,pgpad,21.330,after-query,258757168,6,2.1059,0.2
47,pgpad,21.583,after-query,258757168,6,2.1067,0.3
47,pgpad,21.837,after-query,258757168,6,2.1074,0.3
47,pgpad,22.091,after-query,258708016,6,2.1083,0.4
47,pgpad,22.341,after-query,258708016,6,2.1089,0.2
47,pgpad,22.592,after-query,258691632,6,2.1094,0.2
47,pgpad,22.843,after-query,258609712,6,2.1098,0.2
47,pgpad,23.097,after-query,258609712,6,2.1098,0.0
47,pgpad,23.352,after-query,258609712,6,2.1098,0.0
47,dbgate,0.251,launch,9814952,1,0.1012,
47,dbgate,0.506,launch,52661344,3,0.3756,106.5
47,dbgate,0.760,launch,82955408,3,0.5860,82.6
47,dbgate,1.015,settle,214012608,4,0.9780,152.9
47,dbgate,1.270,settle,287987592,5,1.3994,167.1
47,dbgate,1.524,settle,584720880,7,2.3971,392.7
47,dbgate,1.779,settle,607921512,8,2.7829,150.0
47,dbgate,2.034,settle,610198888,8,2.8461,24.6
47,dbgate,2.289,settle,610641256,8,2.8957,19.5
47,dbgate,2.544,settle,611001704,8,2.9697,28.9
47,dbgate,2.799,settle,602596712,8,2.9864,6.5
47,dbgate,3.055,settle,601679208,8,3.0032,6.6
47,dbgate,3.310,settle,601662824,8,3.0176,5.6
47,dbgate,3.562,settle,596960616,8,3.0371,7.8
47,dbgate,3.817,settle,586966376,8,3.0460,3.5
47,dbgate,4.072,settle,576791888,8,3.0663,7.8
47,dbgate,4.328,settle,576775504,8,3.0790,5.0
47,dbgate,4.583,settle,576775504,8,3.0994,8.2
47,dbgate,4.838,settle,576775504,8,3.1094,3.8
47,dbgate,5.089,settle,576824656,8,3.1308,8.5
47,dbgate,5.344,settle,576808272,8,3.1415,4.2
47,dbgate,5.598,settle,576808272,8,3.1618,8.1
47,dbgate,5.853,settle,576759120,8,3.1741,4.8
47,dbgate,6.108,query,576775504,8,3.1896,6.2
47,dbgate,6.360,query,576677200,8,3.2070,6.8
47,dbgate,6.615,query,561669456,8,3.2279,8.2
47,dbgate,6.868,query,524576080,8,3.2464,7.3
47,dbgate,7.121,query,524576080,8,3.2604,5.5
47,dbgate,7.373,query,517186896,8,3.2759,6.2
47,dbgate,7.628,query,485631312,8,3.2965,8.0
47,dbgate,7.883,query,485614928,8,3.3110,5.6
47,dbgate,8.138,query,485598544,8,3.3256,5.7
47,dbgate,8.393,query,485614928,8,3.3382,5.1
47,dbgate,8.644,query,485598544,8,3.3525,5.5
47,dbgate,8.897,query,485614928,8,3.3653,5.1
47,dbgate,9.151,query,485582160,8,3.3788,5.3
47,dbgate,9.405,query,485664080,8,3.3911,5.0
47,dbgate,9.660,query,485664080,8,3.4033,4.8
47,dbgate,9.915,query,485680464,8,3.4145,4.4
47,dbgate,10.170,query,485664080,8,3.4257,4.3
47,dbgate,10.420,query,485680464,8,3.4387,5.2
47,dbgate,10.675,query,485664080,8,3.4518,5.2
47,dbgate,10.930,query,485680464,8,3.4657,5.5
47,dbgate,11.185,query,485664080,8,3.4799,5.6
47,dbgate,11.440,query,485696848,8,3.4943,5.6
47,dbgate,11.691,query,485680464,8,3.5073,5.1
47,dbgate,11.946,query,545318224,8,3.5597,20.4
47,dbgate,12.201,query,601826640,8,3.6292,27.4
47,dbgate,12.457,query,601810256,8,3.6421,5.0
47,dbgate,12.712,query,602236240,8,3.6835,16.3
47,dbgate,12.967,query,602383696,8,3.7098,10.3
47,dbgate,13.222,query,660498896,9,4.0103,119.8
47,dbgate,13.477,query,720923208,9,4.3808,144.1
47,dbgate,13.733,query,722102856,9,4.4262,17.5
47,dbgate,13.988,query,722119240,9,4.4407,5.7
47,dbgate,14.239,query,734816864,9,4.6458,83.2
47,dbgate,14.493,query,750889640,9,4.8421,77.3
47,dbgate,14.747,query,754805416,9,5.1008,103.0
47,dbgate,14.998,query,754756264,9,5.2753,68.5
47,dbgate,15.253,query,761883304,9,5.4926,85.0
47,dbgate,15.506,query,769632960,9,5.6743,72.0
47,dbgate,15.759,query,773450432,9,5.8232,58.9
47,dbgate,16.014,query,779725504,9,5.9983,68.7
47,dbgate,16.265,query,785263320,9,6.1710,68.5
47,dbgate,16.518,query,790145752,9,6.3180,58.4
47,dbgate,16.774,query,794487512,9,6.4532,52.3
47,dbgate,17.029,query,797633240,9,6.5648,43.7
47,dbgate,17.284,query,802269912,9,6.7231,62.3
47,dbgate,17.539,query,806578904,9,6.8748,59.1
47,dbgate,17.794,query,808659672,9,6.9745,39.6
47,dbgate,18.048,query,779184880,9,7.2111,92.9
47,dbgate,18.302,query,779135728,9,7.3595,58.9
47,dbgate,18.556,query,702376688,9,7.4775,46.0
47,dbgate,18.809,query,703507184,9,7.6490,68.4
47,dbgate,19.063,query,703539952,9,7.7787,50.8
47,dbgate,19.315,query,703425264,9,7.8327,21.6
47,dbgate,19.570,after-query,703408880,9,7.8468,5.5
47,dbgate,19.822,after-query,702851824,9,7.8637,6.6
47,dbgate,20.076,after-query,702868208,9,7.8794,6.2
47,dbgate,20.330,after-query,698673904,9,7.8940,5.7
47,dbgate,20.585,after-query,698641136,9,7.9076,5.4
47,dbgate,20.840,after-query,688712408,9,7.9256,7.0
47,dbgate,21.093,after-query,678898392,9,7.9425,6.7
47,dbgate,21.347,after-query,678947544,9,7.9626,8.0
47,dbgate,21.602,after-query,678947544,9,7.9771,5.6
47,dbgate,21.858,after-query,677079768,9,7.9968,7.8
47,dbgate,22.111,after-query,676932312,9,8.0161,7.5
47,dbgate,22.362,after-query,676915928,9,8.0306,5.8
47,dbgate,22.618,after-query,676899544,9,8.0486,7.0
47,dbgate,22.868,after-query,676883160,9,8.0600,4.7
47,dbgate,23.118,after-query,676899544,9,8.0763,6.3
47,dbgate,23.372,after-query,676915928,9,8.0891,5.1
47,dbgate,23.628,after-query,676932312,9,8.1039,5.8
47,dbgate,23.883,after-query,676915928,9,8.1172,5.2
47,dbgate,24.138,after-query,663775960,9,8.1315,5.7
47,dbeaver,0.253,launch,20923280,1,0.1113,
47,dbeaver,0.509,launch,65536960,1,0.5383,165.8
47,dbeaver,0.764,launch,107709448,1,1.1308,231.6
47,dbeaver,1.019,launch,139461688,1,1.6883,219.1
47,dbeaver,1.274,launch,161154152,1,2.3313,251.5
47,dbeaver,1.529,launch,182158656,1,2.9744,252.5
47,dbeaver,1.784,launch,221824416,1,3.7267,294.9
47,dbeaver,2.039,launch,252708280,1,4.2321,198.2
47,dbeaver,2.291,launch,265930168,1,4.8620,251.2
47,dbeaver,2.546,launch,292095416,1,5.7257,336.4
47,dbeaver,2.801,launch,307135952,1,6.7282,393.0
47,dbeaver,3.052,launch,316605928,1,7.3247,240.8
47,dbeaver,3.308,launch,326813424,1,8.0004,260.8
47,dbeaver,3.563,launch,612960296,1,8.6922,272.0
47,dbeaver,3.817,settle,844991104,2,9.5573,338.4
47,dbeaver,4.072,settle,929630848,2,10.1913,249.2
47,dbeaver,4.327,settle,989825688,2,10.4647,108.5
47,dbeaver,4.583,settle,986548912,2,11.1999,284.4
47,dbeaver,4.835,settle,986106544,2,11.2384,15.1
47,dbeaver,5.087,settle,906398384,2,11.2579,7.7
47,dbeaver,5.340,settle,833915568,2,11.2873,11.6
47,dbeaver,5.591,settle,793938608,2,11.2926,2.1
47,dbeaver,5.846,settle,734923440,2,11.3119,7.5
47,dbeaver,6.099,settle,723864240,2,11.3205,3.4
47,dbeaver,6.355,settle,723864240,2,11.3413,8.1
47,dbeaver,6.610,settle,723929776,2,11.3523,4.3
47,dbeaver,6.865,settle,723929776,2,11.3717,7.7
47,dbeaver,7.120,settle,723929776,2,11.3756,1.5
47,dbeaver,7.376,settle,724028080,2,11.4050,11.5
47,dbeaver,7.631,settle,724028080,2,11.4099,1.9
47,dbeaver,7.882,settle,724028080,2,11.4197,4.0
47,dbeaver,8.137,settle,723978928,2,11.4278,3.1
47,dbeaver,8.388,settle,723995312,2,11.4412,5.3
47,dbeaver,8.638,settle,723831472,2,11.4557,5.9
47,dbeaver,8.893,query,723602096,2,11.4630,2.9
47,dbeaver,9.147,query,723471024,2,11.4752,4.7
47,dbeaver,9.401,query,723503792,2,11.4880,5.1
47,dbeaver,9.656,query,723503792,2,11.5047,6.4
47,dbeaver,9.911,query,723503792,2,11.5119,2.8
47,dbeaver,10.167,query,685656752,2,11.5174,2.2
47,dbeaver,10.422,query,723503792,2,11.5361,7.3
47,dbeaver,10.672,query,723503792,2,11.5405,1.7
47,dbeaver,10.927,query,723487408,2,11.5561,6.2
47,dbeaver,11.183,query,723487408,2,11.5620,2.3
47,dbeaver,11.438,query,723503792,2,11.5754,5.2
47,dbeaver,11.693,query,723520176,2,11.5870,4.5
47,dbeaver,11.944,query,723536560,2,11.6032,6.6
47,dbeaver,12.194,query,723651248,2,11.6089,2.3
47,dbeaver,12.449,query,723651248,2,11.6192,4.0
47,dbeaver,12.704,query,724011696,2,11.6354,6.4
47,dbeaver,12.959,query,686164656,2,11.6403,1.9
47,dbeaver,13.210,query,724011696,2,11.6503,4.0
47,dbeaver,13.461,query,724028080,2,11.6560,2.3
47,dbeaver,13.716,query,724028080,2,11.6735,6.9
47,dbeaver,13.968,query,724028080,2,11.6909,6.7
47,dbeaver,14.223,query,762940056,2,11.7555,25.6
47,dbeaver,14.478,query,804801176,2,11.8236,26.7
47,dbeaver,14.731,query,762497688,2,11.9204,38.5
47,dbeaver,14.987,query,764054168,2,11.9905,26.9
47,dbeaver,15.242,query,764086936,2,12.0050,5.7
47,dbeaver,15.494,query,764316312,2,12.0339,11.6
47,dbeaver,15.746,query,764398232,2,12.0528,7.4
47,dbeaver,16.001,query,723471000,2,12.0670,5.7
47,dbeaver,16.256,query,723471000,2,12.0751,3.1
47,dbeaver,16.511,query,848382616,2,12.3040,91.5
47,dbeaver,16.766,query,952240816,2,13.0737,301.0
47,dbeaver,17.021,query,1010354864,2,13.7007,243.9
47,dbeaver,17.272,query,963513008,2,13.8429,56.7
47,dbeaver,17.528,query,961104560,2,13.9635,48.1
47,dbeaver,17.783,query,921127600,2,13.9879,9.2
47,dbeaver,18.038,query,920783560,2,14.0243,14.3
47,dbeaver,18.293,query,746670792,2,14.1750,61.2
47,dbeaver,18.548,query,746752712,2,14.2199,17.2
47,dbeaver,18.803,query,746982088,2,14.3634,57.2
47,dbeaver,19.058,query,742197960,2,14.4494,33.2
47,dbeaver,19.313,query,742247112,2,14.5322,32.5
47,dbeaver,19.568,query,742263496,2,14.6244,36.3
47,dbeaver,19.824,query,753650376,2,14.7636,54.6
47,dbeaver,20.079,query,753830600,2,14.8999,53.1
47,dbeaver,20.334,query,752077512,2,15.0210,47.3
47,dbeaver,20.588,query,752159432,2,15.0917,28.0
47,dbeaver,20.843,query,807717576,2,15.2363,56.9
47,dbeaver,21.096,query,805210824,2,15.3200,32.9
47,dbeaver,21.349,query,803113672,2,15.4139,37.1
47,dbeaver,21.604,query,798984904,2,15.4732,23.2
47,dbeaver,21.860,query,799066824,2,15.5329,23.4
47,dbeaver,22.115,query,748686024,2,15.6058,28.8
47,dbeaver,22.370,after-query,748686024,2,15.6156,3.9
47,dbeaver,22.622,after-query,748636872,2,15.6261,4.2
47,dbeaver,22.877,after-query,743721672,2,15.6334,2.8
47,dbeaver,23.133,after-query,743721672,2,15.6402,2.7
47,dbeaver,23.388,after-query,732433096,2,15.6503,4.0
47,dbeaver,23.639,after-query,732433096,2,15.6579,3.0
47,dbeaver,23.892,after-query,732351176,2,15.6705,5.0
47,dbeaver,24.143,after-query,732351176,2,15.6767,2.5
47,dbeaver,24.398,after-query,732416712,2,15.6961,7.7
47,dbeaver,24.653,after-query,732416712,2,15.7047,3.3
47,dbeaver,24.908,after-query,732416712,2,15.7138,3.7
47,dbeaver,25.163,after-query,732416712,2,15.7199,2.3
47,dbeaver,25.419,after-query,732302024,2,15.7324,5.0
47,dbeaver,25.674,after-query,732302024,2,15.7395,2.8
47,dbeaver,25.929,after-query,731990728,2,15.7465,2.8
47,dbeaver,26.184,after-query,732056264,2,15.7577,4.4
47,dbeaver,26.436,after-query,732056264,2,15.7637,2.4
47,dbeaver,26.689,after-query,732056264,2,15.7734,3.9
