run,app,t_seconds,phase,pid,start_mach_ticks,name,footprint_bytes,cpu_seconds
1,pgadmin,0.255,launch,77164,11686945371276,pgAdmin 4,28722520,0.159051292
1,pgadmin,0.509,launch,77164,11686945371276,pgAdmin 4,53823240,0.354107542
1,pgadmin,0.509,launch,77168,11686954688702,pgAdmin 4 Helper (Renderer),20088008,0.073328375
1,pgadmin,0.509,launch,77166,11686952283063,pgAdmin 4 Helper,15664040,0.115882333
1,pgadmin,0.509,launch,77169,11686955865026,Python,14336408,0.030750458
1,pgadmin,0.509,launch,77167,11686952312494,pgAdmin 4 Helper,6816608,0.051259167
1,pgadmin,0.764,launch,77166,11686952283063,pgAdmin 4 Helper,54510528,0.146237875
1,pgadmin,0.764,launch,77164,11686945371276,pgAdmin 4,54150920,0.361349750
1,pgadmin,0.764,launch,77169,11686955865026,Python,30917064,0.267731458
1,pgadmin,0.764,launch,77168,11686954688702,pgAdmin 4 Helper (Renderer),20104392,0.073826375
1,pgadmin,0.764,launch,77167,11686952312494,pgAdmin 4 Helper,6816608,0.051259167
1,pgadmin,1.019,launch,77166,11686952283063,pgAdmin 4 Helper,54510528,0.146237875
1,pgadmin,1.019,launch,77164,11686945371276,pgAdmin 4,54281992,0.363494917
1,pgadmin,1.019,launch,77169,11686955865026,Python,41451976,0.504004500
1,pgadmin,1.019,launch,77168,11686954688702,pgAdmin 4 Helper (Renderer),20120776,0.073905500
1,pgadmin,1.019,launch,77167,11686952312494,pgAdmin 4 Helper,6816608,0.051259167
1,pgadmin,1.274,launch,77164,11686945371276,pgAdmin 4,55707400,0.367234417
1,pgadmin,1.274,launch,77166,11686952283063,pgAdmin 4 Helper,54510528,0.146237875
1,pgadmin,1.274,launch,77169,11686955865026,Python,50921952,0.734764167
1,pgadmin,1.274,launch,77168,11686954688702,pgAdmin 4 Helper (Renderer),20120776,0.073905500
1,pgadmin,1.274,launch,77167,11686952312494,pgAdmin 4 Helper,6816608,0.051259167
1,pgadmin,1.529,launch,77169,11686955865026,Python,65438200,0.969128667
1,pgadmin,1.529,launch,77164,11686945371276,pgAdmin 4,55756552,0.368370500
1,pgadmin,1.529,launch,77166,11686952283063,pgAdmin 4 Helper,54477760,0.146531083
1,pgadmin,1.529,launch,77168,11686954688702,pgAdmin 4 Helper (Renderer),20120776,0.073991500
1,pgadmin,1.529,launch,77167,11686952312494,pgAdmin 4 Helper,6931296,0.052109208
1,pgadmin,1.784,launch,77169,11686955865026,Python,84247032,1.211142750
1,pgadmin,1.784,launch,77164,11686945371276,pgAdmin 4,55756552,0.368370500
1,pgadmin,1.784,launch,77166,11686952283063,pgAdmin 4 Helper,44843968,0.146766708
1,pgadmin,1.784,launch,77168,11686954688702,pgAdmin 4 Helper (Renderer),20120776,0.074038792
1,pgadmin,1.784,launch,77167,11686952312494,pgAdmin 4 Helper,6931296,0.052109208
1,pgadmin,2.039,launch,77169,11686955865026,Python,94683640,1.448877083
1,pgadmin,2.039,launch,77164,11686945371276,pgAdmin 4,55772936,0.370194708
1,pgadmin,2.039,launch,77166,11686952283063,pgAdmin 4 Helper,44843968,0.146766708
1,pgadmin,2.039,launch,77168,11686954688702,pgAdmin 4 Helper (Renderer),20120776,0.074038792
1,pgadmin,2.039,launch,77167,11686952312494,pgAdmin 4 Helper,6931296,0.052109208
1,pgadmin,2.294,launch,77169,11686955865026,Python,104071720,1.684623792
1,pgadmin,2.294,launch,77164,11686945371276,pgAdmin 4,55772936,0.370194708
1,pgadmin,2.294,launch,77166,11686952283063,pgAdmin 4 Helper,44843968,0.146766708
1,pgadmin,2.294,launch,77168,11686954688702,pgAdmin 4 Helper (Renderer),20120776,0.074038792
1,pgadmin,2.294,launch,77177,11686998860966,Python,10895744,0.023042708
1,pgadmin,2.294,launch,77167,11686952312494,pgAdmin 4 Helper,6931296,0.052109208
1,pgadmin,2.549,launch,77169,11686955865026,Python,114819624,1.922605833
1,pgadmin,2.549,launch,77164,11686945371276,pgAdmin 4,55772936,0.370194708
1,pgadmin,2.549,launch,77166,11686952283063,pgAdmin 4 Helper,35898304,0.147504042
1,pgadmin,2.549,launch,77177,11686998860966,Python,29147592,0.278324417
1,pgadmin,2.549,launch,77168,11686954688702,pgAdmin 4 Helper (Renderer),20022472,0.074165750
1,pgadmin,2.549,launch,77167,11686952312494,pgAdmin 4 Helper,6931296,0.052109208
1,pgadmin,2.805,launch,77169,11686955865026,Python,128025128,2.163298375
1,pgadmin,2.805,launch,77164,11686945371276,pgAdmin 4,55772936,0.370216583
1,pgadmin,2.805,launch,77166,11686952283063,pgAdmin 4 Helper,35898304,0.147504042
1,pgadmin,2.805,launch,77168,11686954688702,pgAdmin 4 Helper (Renderer),20022472,0.074165750
1,pgadmin,2.805,launch,77167,11686952312494,pgAdmin 4 Helper,6931296,0.052109208
1,pgadmin,3.060,launch,77169,11686955865026,Python,137757248,2.409759125
1,pgadmin,3.060,launch,77164,11686945371276,pgAdmin 4,55822088,0.371340667
1,pgadmin,3.060,launch,77166,11686952283063,pgAdmin 4 Helper,35898304,0.147504042
1,pgadmin,3.060,launch,77168,11686954688702,pgAdmin 4 Helper (Renderer),20022472,0.074165750
1,pgadmin,3.060,launch,77167,11686952312494,pgAdmin 4 Helper,6931296,0.052109208
1,pgadmin,3.310,launch,77169,11686955865026,Python,148161088,2.655276083
1,pgadmin,3.310,launch,77164,11686945371276,pgAdmin 4,55822088,0.371340667
1,pgadmin,3.310,launch,77166,11686952283063,pgAdmin 4 Helper,35898304,0.147504042
1,pgadmin,3.310,launch,77168,11686954688702,pgAdmin 4 Helper (Renderer),20022472,0.074165750
1,pgadmin,3.310,launch,77167,11686952312494,pgAdmin 4 Helper,6931296,0.052109208
1,pgadmin,3.563,launch,77169,11686955865026,Python,152961600,2.836712292
1,pgadmin,3.563,launch,77164,11686945371276,pgAdmin 4,56133384,0.372112375
1,pgadmin,3.563,launch,77166,11686952283063,pgAdmin 4 Helper,35898304,0.147504042
1,pgadmin,3.563,launch,77168,11686954688702,pgAdmin 4 Helper (Renderer),20022472,0.074165750
1,pgadmin,3.563,launch,77167,11686952312494,pgAdmin 4 Helper,6931296,0.052109208
1,pgadmin,3.815,launch,77169,11686955865026,Python,152961600,2.836712292
1,pgadmin,3.815,launch,77164,11686945371276,pgAdmin 4,56133384,0.372112375
1,pgadmin,3.815,launch,77166,11686952283063,pgAdmin 4 Helper,35898304,0.147556667
1,pgadmin,3.815,launch,77168,11686954688702,pgAdmin 4 Helper (Renderer),20022472,0.074165750
1,pgadmin,3.815,launch,77167,11686952312494,pgAdmin 4 Helper,6931296,0.052109208
1,pgadmin,4.067,launch,77169,11686955865026,Python,153141824,2.848746375
1,pgadmin,4.067,launch,77164,11686945371276,pgAdmin 4,58197768,0.404633625
1,pgadmin,4.067,launch,77166,11686952283063,pgAdmin 4 Helper,35914688,0.148371625
1,pgadmin,4.067,launch,77168,11686954688702,pgAdmin 4 Helper (Renderer),20022472,0.074280667
1,pgadmin,4.067,launch,77167,11686952312494,pgAdmin 4 Helper,6931296,0.052109208
1,pgadmin,4.319,settle,77169,11686955865026,Python,154485360,2.949072208
1,pgadmin,4.319,settle,77194,11687045226468,pgAdmin 4 Helper (Renderer),67421528,0.142533083
1,pgadmin,4.319,settle,77164,11686945371276,pgAdmin 4,59115272,0.461489042
1,pgadmin,4.319,settle,77166,11686952283063,pgAdmin 4 Helper,33964992,0.169454417
1,pgadmin,4.319,settle,77167,11686952312494,pgAdmin 4 Helper,10453856,0.150989125
1,pgadmin,4.574,settle,77169,11686955865026,Python,154894936,3.002104750
1,pgadmin,4.574,settle,77166,11686952283063,pgAdmin 4 Helper,117343168,0.181910625
1,pgadmin,4.574,settle,77194,11687045226468,pgAdmin 4 Helper (Renderer),99747328,0.433766625
1,pgadmin,4.574,settle,77164,11686945371276,pgAdmin 4,59262728,0.474207875
1,pgadmin,4.574,settle,77167,11686952312494,pgAdmin 4 Helper,8618848,0.180547333
1,pgadmin,4.829,settle,77169,11686955865026,Python,154894936,3.041505042
1,pgadmin,4.829,settle,77194,11687045226468,pgAdmin 4 Helper (Renderer),143951408,0.730721875
1,pgadmin,4.829,settle,77166,11686952283063,pgAdmin 4 Helper,117359552,0.184811917
1,pgadmin,4.829,settle,77164,11686945371276,pgAdmin 4,60868360,0.501300250
1,pgadmin,4.829,settle,77167,11686952312494,pgAdmin 4 Helper,8635232,0.185742000
1,pgadmin,5.084,settle,77166,11686952283063,pgAdmin 4 Helper,221774784,0.214464750
1,pgadmin,5.084,settle,77194,11687045226468,pgAdmin 4 Helper (Renderer),199247504,1.167425542
1,pgadmin,5.084,settle,77169,11686955865026,Python,157549312,3.107394375
1,pgadmin,5.084,settle,77164,11686945371276,pgAdmin 4,62490424,0.532859208
1,pgadmin,5.084,settle,77167,11686952312494,pgAdmin 4 Helper,8733536,0.202285625
1,pgadmin,5.339,settle,77194,11687045226468,pgAdmin 4 Helper (Renderer),222660408,1.423111708
1,pgadmin,5.339,settle,77166,11686952283063,pgAdmin 4 Helper,221791168,0.217056792
1,pgadmin,5.339,settle,77169,11686955865026,Python,157598464,3.108840125
1,pgadmin,5.339,settle,77164,11686945371276,pgAdmin 4,62555960,0.551817000
1,pgadmin,5.339,settle,77167,11686952312494,pgAdmin 4 Helper,8733536,0.202357875
1,pgadmin,5.594,settle,77194,11687045226468,pgAdmin 4 Helper (Renderer),240748368,1.615088458
1,pgadmin,5.594,settle,77166,11686952283063,pgAdmin 4 Helper,224265152,0.226907333
1,pgadmin,5.594,settle,77169,11686955865026,Python,157958912,3.131750833
1,pgadmin,5.594,settle,77164,11686945371276,pgAdmin 4,62900024,0.568300875
1,pgadmin,5.594,settle,77167,11686952312494,pgAdmin 4 Helper,8766304,0.212113792
1,pgadmin,5.845,settle,77166,11686952283063,pgAdmin 4 Helper,276775872,0.255925000
1,pgadmin,5.845,settle,77194,11687045226468,pgAdmin 4 Helper (Renderer),271075176,1.843357542
1,pgadmin,5.845,settle,77169,11686955865026,Python,158958384,3.177831208
1,pgadmin,5.845,settle,77164,11686945371276,pgAdmin 4,62932792,0.572490000
1,pgadmin,5.845,settle,77167,11686952312494,pgAdmin 4 Helper,8749920,0.219631667
1,pgadmin,6.097,settle,77166,11686952283063,pgAdmin 4 Helper,276775872,0.262450833
1,pgadmin,6.097,settle,77194,11687045226468,pgAdmin 4 Helper (Renderer),271599464,1.866747125
1,pgadmin,6.097,settle,77169,11686955865026,Python,158958384,3.177831208
1,pgadmin,6.097,settle,77164,11686945371276,pgAdmin 4,63162168,0.601784458
1,pgadmin,6.097,settle,77167,11686952312494,pgAdmin 4 Helper,8749920,0.219631667
1,pgadmin,6.353,settle,77166,11686952283063,pgAdmin 4 Helper,276775872,0.265194083
1,pgadmin,6.353,settle,77194,11687045226468,pgAdmin 4 Helper (Renderer),271943528,1.882408792
1,pgadmin,6.353,settle,77169,11686955865026,Python,158958384,3.182481875
1,pgadmin,6.353,settle,77164,11686945371276,pgAdmin 4,63227704,0.615491750
1,pgadmin,6.353,settle,77205,11687091914341,com.apple.SafariPlatformSupport,9683544,0.110616542
1,pgadmin,6.353,settle,77167,11686952312494,pgAdmin 4 Helper,8749920,0.220890167
1,pgadmin,6.608,settle,77166,11686952283063,pgAdmin 4 Helper,276792256,0.271934792
1,pgadmin,6.608,settle,77194,11687045226468,pgAdmin 4 Helper (Renderer),272025448,1.897437375
1,pgadmin,6.608,settle,77169,11686955865026,Python,158958384,3.182481875
1,pgadmin,6.608,settle,77164,11686945371276,pgAdmin 4,63227704,0.615491750
1,pgadmin,6.608,settle,77205,11687091914341,com.apple.SafariPlatformSupport,9699928,0.112262250
1,pgadmin,6.608,settle,77167,11686952312494,pgAdmin 4 Helper,8749920,0.220890167
1,pgadmin,6.863,settle,77166,11686952283063,pgAdmin 4 Helper,276759488,0.278331792
1,pgadmin,6.863,settle,77194,11687045226468,pgAdmin 4 Helper (Renderer),272156520,1.920992292
1,pgadmin,6.863,settle,77169,11686955865026,Python,158958384,3.182543833
1,pgadmin,6.863,settle,77164,11686945371276,pgAdmin 4,63227704,0.615716250
1,pgadmin,6.863,settle,77205,11687091914341,com.apple.SafariPlatformSupport,9699928,0.112262250
1,pgadmin,6.863,settle,77167,11686952312494,pgAdmin 4 Helper,8749920,0.220890167
1,pgadmin,7.116,settle,77166,11686952283063,pgAdmin 4 Helper,272434112,0.287680583
1,pgadmin,7.116,settle,77194,11687045226468,pgAdmin 4 Helper (Renderer),272222056,1.948379958
1,pgadmin,7.116,settle,77169,11686955865026,Python,158958384,3.182543833
1,pgadmin,7.116,settle,77164,11686945371276,pgAdmin 4,63227704,0.615716250
1,pgadmin,7.116,settle,77205,11687091914341,com.apple.SafariPlatformSupport,9699928,0.112262250
1,pgadmin,7.116,settle,77167,11686952312494,pgAdmin 4 Helper,8749920,0.220890167
1,pgadmin,7.370,settle,77194,11687045226468,pgAdmin 4 Helper (Renderer),272222056,1.975723000
1,pgadmin,7.370,settle,77166,11686952283063,pgAdmin 4 Helper,242090944,0.302130250
1,pgadmin,7.370,settle,77169,11686955865026,Python,158958384,3.182630500
1,pgadmin,7.370,settle,77164,11686945371276,pgAdmin 4,63227704,0.616046917
1,pgadmin,7.370,settle,77205,11687091914341,com.apple.SafariPlatformSupport,9699928,0.112460000
1,pgadmin,7.370,settle,77167,11686952312494,pgAdmin 4 Helper,8749920,0.220890167
1,pgadmin,7.625,settle,77194,11687045226468,pgAdmin 4 Helper (Renderer),272303976,2.002644417
1,pgadmin,7.625,settle,77166,11686952283063,pgAdmin 4 Helper,242090944,0.311129708
1,pgadmin,7.625,settle,77169,11686955865026,Python,158958384,3.182630500
1,pgadmin,7.625,settle,77164,11686945371276,pgAdmin 4,63227704,0.616046917
1,pgadmin,7.625,settle,77205,11687091914341,com.apple.SafariPlatformSupport,9699928,0.112460000
1,pgadmin,7.625,settle,77167,11686952312494,pgAdmin 4 Helper,8749920,0.220890167
1,pgadmin,7.880,settle,77194,11687045226468,pgAdmin 4 Helper (Renderer),272582504,2.038535292
1,pgadmin,7.880,settle,77166,11686952283063,pgAdmin 4 Helper,242090944,0.316936125
1,pgadmin,7.880,settle,77169,11686955865026,Python,158991152,3.189796208
1,pgadmin,7.880,settle,77164,11686945371276,pgAdmin 4,63227704,0.617322750
1,pgadmin,7.880,settle,77205,11687091914341,com.apple.SafariPlatformSupport,9699928,0.112460000
1,pgadmin,7.880,settle,77167,11686952312494,pgAdmin 4 Helper,8749920,0.225502583
1,pgadmin,8.135,settle,77194,11687045226468,pgAdmin 4 Helper (Renderer),272680808,2.065365667
1,pgadmin,8.135,settle,77166,11686952283063,pgAdmin 4 Helper,242074560,0.325861417
1,pgadmin,8.135,settle,77169,11686955865026,Python,158991152,3.189796208
1,pgadmin,8.135,settle,77164,11686945371276,pgAdmin 4,63227704,0.617322750
1,pgadmin,8.135,settle,77205,11687091914341,com.apple.SafariPlatformSupport,9699928,0.112460000
1,pgadmin,8.135,settle,77167,11686952312494,pgAdmin 4 Helper,8749920,0.225502583
1,pgadmin,8.385,settle,77194,11687045226468,pgAdmin 4 Helper (Renderer),272762728,2.090127458
1,pgadmin,8.385,settle,77166,11686952283063,pgAdmin 4 Helper,242107328,0.336080583
1,pgadmin,8.385,settle,77169,11686955865026,Python,158991152,3.189887708
1,pgadmin,8.385,settle,77164,11686945371276,pgAdmin 4,63227704,0.618817458
1,pgadmin,8.385,settle,77205,11687091914341,com.apple.SafariPlatformSupport,9699928,0.112607458
1,pgadmin,8.385,settle,77167,11686952312494,pgAdmin 4 Helper,8749920,0.225502583
1,pgadmin,8.641,settle,77194,11687045226468,pgAdmin 4 Helper (Renderer),272844648,2.115586917
1,pgadmin,8.641,settle,77166,11686952283063,pgAdmin 4 Helper,242090944,0.344464667
1,pgadmin,8.641,settle,77169,11686955865026,Python,158991152,3.189887708
1,pgadmin,8.641,settle,77164,11686945371276,pgAdmin 4,63227704,0.618817458
1,pgadmin,8.641,settle,77205,11687091914341,com.apple.SafariPlatformSupport,9699928,0.112665625
1,pgadmin,8.641,settle,77167,11686952312494,pgAdmin 4 Helper,8749920,0.225502583
1,pgadmin,8.896,settle,77194,11687045226468,pgAdmin 4 Helper (Renderer),272959336,2.141245542
1,pgadmin,8.896,settle,77166,11686952283063,pgAdmin 4 Helper,242090944,0.350793750
1,pgadmin,8.896,settle,77169,11686955865026,Python,158991152,3.190010042
1,pgadmin,8.896,settle,77164,11686945371276,pgAdmin 4,63227704,0.618817458
1,pgadmin,8.896,settle,77205,11687091914341,com.apple.SafariPlatformSupport,9699928,0.112665625
1,pgadmin,8.896,settle,77167,11686952312494,pgAdmin 4 Helper,8749920,0.225502583
1,pgadmin,9.151,settle,77194,11687045226468,pgAdmin 4 Helper (Renderer),273090408,2.163327125
1,pgadmin,9.151,settle,77166,11686952283063,pgAdmin 4 Helper,242074560,0.358977417
1,pgadmin,9.151,settle,77169,11686955865026,Python,158991152,3.190010042
1,pgadmin,9.151,settle,77164,11686945371276,pgAdmin 4,63227704,0.618817458
1,pgadmin,9.151,settle,77205,11687091914341,com.apple.SafariPlatformSupport,9699928,0.112665625
1,pgadmin,9.151,settle,77167,11686952312494,pgAdmin 4 Helper,8749920,0.225502583
1,pgadmin,9.402,query,77194,11687045226468,pgAdmin 4 Helper (Renderer),273172328,2.181934292
1,pgadmin,9.402,query,77166,11686952283063,pgAdmin 4 Helper,242074560,0.363852583
1,pgadmin,9.402,query,77169,11686955865026,Python,158991152,3.190058250
1,pgadmin,9.402,query,77164,11686945371276,pgAdmin 4,63227704,0.619132875
1,pgadmin,9.402,query,77205,11687091914341,com.apple.SafariPlatformSupport,9699928,0.112879083
1,pgadmin,9.402,query,77167,11686952312494,pgAdmin 4 Helper,8749920,0.225502583
1,pgadmin,9.657,query,77194,11687045226468,pgAdmin 4 Helper (Renderer),273237864,2.200042458
1,pgadmin,9.657,query,77166,11686952283063,pgAdmin 4 Helper,242090944,0.371852625
1,pgadmin,9.657,query,77169,11686955865026,Python,158991152,3.190058250
1,pgadmin,9.657,query,77164,11686945371276,pgAdmin 4,63227704,0.619132875
1,pgadmin,9.657,query,77205,11687091914341,com.apple.SafariPlatformSupport,9699928,0.112879083
1,pgadmin,9.657,query,77167,11686952312494,pgAdmin 4 Helper,8749920,0.225571083
1,pgadmin,9.912,query,77194,11687045226468,pgAdmin 4 Helper (Renderer),275695464,2.259824083
1,pgadmin,9.912,query,77166,11686952283063,pgAdmin 4 Helper,242090944,0.376732917
1,pgadmin,9.912,query,77169,11686955865026,Python,158991152,3.199516792
1,pgadmin,9.912,query,77164,11686945371276,pgAdmin 4,63178552,0.620889833
1,pgadmin,9.912,query,77205,11687091914341,com.apple.SafariPlatformSupport,9699928,0.112879083
1,pgadmin,9.912,query,77167,11686952312494,pgAdmin 4 Helper,8749920,0.230608500
1,pgadmin,10.167,query,77194,11687045226468,pgAdmin 4 Helper (Renderer),275875688,2.287086958
1,pgadmin,10.167,query,77166,11686952283063,pgAdmin 4 Helper,242107328,0.387738167
1,pgadmin,10.167,query,77169,11686955865026,Python,158991152,3.199516792
1,pgadmin,10.167,query,77164,11686945371276,pgAdmin 4,63178552,0.620889833
1,pgadmin,10.167,query,77205,11687091914341,com.apple.SafariPlatformSupport,9699928,0.112879083
1,pgadmin,10.167,query,77167,11686952312494,pgAdmin 4 Helper,8749920,0.230608500
1,pgadmin,10.418,query,77194,11687045226468,pgAdmin 4 Helper (Renderer),276006760,2.311394292
1,pgadmin,10.418,query,77166,11686952283063,pgAdmin 4 Helper,242074560,0.394700167
1,pgadmin,10.418,query,77169,11686955865026,Python,158942000,3.200635083
1,pgadmin,10.418,query,77164,11686945371276,pgAdmin 4,63178552,0.621315458
1,pgadmin,10.418,query,77205,11687091914341,com.apple.SafariPlatformSupport,9699928,0.112879083
1,pgadmin,10.418,query,77167,11686952312494,pgAdmin 4 Helper,8749920,0.230608500
1,pgadmin,10.673,query,77194,11687045226468,pgAdmin 4 Helper (Renderer),276170600,2.335836583
1,pgadmin,10.673,query,77166,11686952283063,pgAdmin 4 Helper,242074560,0.403074542
1,pgadmin,10.673,query,77169,11686955865026,Python,158942000,3.200635083
1,pgadmin,10.673,query,77164,11686945371276,pgAdmin 4,63178552,0.621315458
1,pgadmin,10.673,query,77205,11687091914341,com.apple.SafariPlatformSupport,9699928,0.113091042
1,pgadmin,10.673,query,77167,11686952312494,pgAdmin 4 Helper,8749920,0.230608500
1,pgadmin,10.924,query,77194,11687045226468,pgAdmin 4 Helper (Renderer),276301672,2.358315167
1,pgadmin,10.924,query,77169,11686955865026,Python,158942000,3.200775667
1,pgadmin,10.924,query,77166,11686952283063,pgAdmin 4 Helper,104039360,0.420069000
1,pgadmin,10.924,query,77164,11686945371276,pgAdmin 4,63129400,0.621536208
1,pgadmin,10.924,query,77205,11687091914341,com.apple.SafariPlatformSupport,9699928,0.113091042
1,pgadmin,10.924,query,77167,11686952312494,pgAdmin 4 Helper,8749920,0.230608500
1,pgadmin,11.179,query,77194,11687045226468,pgAdmin 4 Helper (Renderer),276449128,2.382409042
1,pgadmin,11.179,query,77169,11686955865026,Python,158942000,3.200775667
1,pgadmin,11.179,query,77166,11686952283063,pgAdmin 4 Helper,104039360,0.427778833
1,pgadmin,11.179,query,77164,11686945371276,pgAdmin 4,63129400,0.621758500
1,pgadmin,11.179,query,77205,11687091914341,com.apple.SafariPlatformSupport,9699928,0.113091042
1,pgadmin,11.179,query,77167,11686952312494,pgAdmin 4 Helper,8749920,0.230608500
1,pgadmin,11.431,query,77194,11687045226468,pgAdmin 4 Helper (Renderer),276580200,2.407409750
1,pgadmin,11.431,query,77169,11686955865026,Python,158942000,3.200884792
1,pgadmin,11.431,query,77166,11686952283063,pgAdmin 4 Helper,104039360,0.436816792
1,pgadmin,11.431,query,77164,11686945371276,pgAdmin 4,63063864,0.622814667
1,pgadmin,11.431,query,77205,11687091914341,com.apple.SafariPlatformSupport,9699928,0.113703042
1,pgadmin,11.431,query,77167,11686952312494,pgAdmin 4 Helper,8749920,0.230608500
1,pgadmin,11.685,query,77194,11687045226468,pgAdmin 4 Helper (Renderer),276744040,2.432468542
1,pgadmin,11.685,query,77169,11686955865026,Python,158942000,3.200884792
1,pgadmin,11.685,query,77166,11686952283063,pgAdmin 4 Helper,104022976,0.443704000
1,pgadmin,11.685,query,77164,11686945371276,pgAdmin 4,63063864,0.622814667
1,pgadmin,11.685,query,77205,11687091914341,com.apple.SafariPlatformSupport,9699928,0.113703042
1,pgadmin,11.685,query,77167,11686952312494,pgAdmin 4 Helper,8749920,0.230608500
1,pgadmin,11.940,query,77194,11687045226468,pgAdmin 4 Helper (Renderer),277055336,2.468838708
1,pgadmin,11.940,query,77169,11686955865026,Python,159154992,3.210858875
1,pgadmin,11.940,query,77166,11686952283063,pgAdmin 4 Helper,104039360,0.449574750
1,pgadmin,11.940,query,77164,11686945371276,pgAdmin 4,63063864,0.623928292
1,pgadmin,11.940,query,77205,11687091914341,com.apple.SafariPlatformSupport,9699928,0.113703042
1,pgadmin,11.940,query,77167,11686952312494,pgAdmin 4 Helper,8749920,0.235219958
1,pgadmin,12.194,query,77194,11687045226468,pgAdmin 4 Helper (Renderer),277186408,2.490138333
1,pgadmin,12.194,query,77169,11686955865026,Python,159154992,3.210858875
1,pgadmin,12.194,query,77166,11686952283063,pgAdmin 4 Helper,104039360,0.457071333
1,pgadmin,12.194,query,77164,11686945371276,pgAdmin 4,63063864,0.623928292
1,pgadmin,12.194,query,77205,11687091914341,com.apple.SafariPlatformSupport,9699928,0.113703042
1,pgadmin,12.194,query,77167,11686952312494,pgAdmin 4 Helper,8749920,0.235219958
1,pgadmin,12.449,query,77194,11687045226468,pgAdmin 4 Helper (Renderer),277333864,2.512135750
1,pgadmin,12.449,query,77169,11686955865026,Python,159154992,3.210907167
1,pgadmin,12.449,query,77166,11686952283063,pgAdmin 4 Helper,104055744,0.463736333
1,pgadmin,12.449,query,77164,11686945371276,pgAdmin 4,63063864,0.623928292
1,pgadmin,12.449,query,77205,11687091914341,com.apple.SafariPlatformSupport,9699928,0.113703042
1,pgadmin,12.449,query,77167,11686952312494,pgAdmin 4 Helper,8749920,0.235219958
1,pgadmin,12.702,query,77194,11687045226468,pgAdmin 4 Helper (Renderer),277497704,2.530377000
1,pgadmin,12.702,query,77169,11686955865026,Python,159154992,3.210907167
1,pgadmin,12.702,query,77166,11686952283063,pgAdmin 4 Helper,104022976,0.470350958
1,pgadmin,12.702,query,77164,11686945371276,pgAdmin 4,63063864,0.625342125
1,pgadmin,12.702,query,77205,11687091914341,com.apple.SafariPlatformSupport,9699928,0.113703042
1,pgadmin,12.702,query,77167,11686952312494,pgAdmin 4 Helper,8749920,0.235274500
1,pgadmin,12.952,query,77194,11687045226468,pgAdmin 4 Helper (Renderer),277628776,2.546422375
1,pgadmin,12.952,query,77169,11686955865026,Python,159154992,3.210975375
1,pgadmin,12.952,query,77166,11686952283063,pgAdmin 4 Helper,104039360,0.475454750
1,pgadmin,12.952,query,77164,11686945371276,pgAdmin 4,63063864,0.625342125
1,pgadmin,12.952,query,77205,11687091914341,com.apple.SafariPlatformSupport,9699928,0.113703042
1,pgadmin,12.952,query,77167,11686952312494,pgAdmin 4 Helper,8749920,0.235274500
1,pgadmin,13.205,query,77194,11687045226468,pgAdmin 4 Helper (Renderer),277776232,2.560357208
1,pgadmin,13.205,query,77169,11686955865026,Python,159154992,3.210975375
1,pgadmin,13.205,query,77166,11686952283063,pgAdmin 4 Helper,104055744,0.481139292
1,pgadmin,13.205,query,77164,11686945371276,pgAdmin 4,63063864,0.625342125
1,pgadmin,13.205,query,77205,11687091914341,com.apple.SafariPlatformSupport,9699928,0.113703042
1,pgadmin,13.205,query,77167,11686952312494,pgAdmin 4 Helper,8749920,0.235274500
1,pgadmin,13.456,query,77194,11687045226468,pgAdmin 4 Helper (Renderer),277907304,2.575441875
1,pgadmin,13.456,query,77169,11686955865026,Python,159154992,3.211051500
1,pgadmin,13.456,query,77166,11686952283063,pgAdmin 4 Helper,104055744,0.486324458
1,pgadmin,13.456,query,77164,11686945371276,pgAdmin 4,63063864,0.625342125
1,pgadmin,13.456,query,77205,11687091914341,com.apple.SafariPlatformSupport,9699928,0.113703042
1,pgadmin,13.456,query,77167,11686952312494,pgAdmin 4 Helper,8749920,0.235274500
1,pgadmin,13.708,query,77194,11687045226468,pgAdmin 4 Helper (Renderer),278054760,2.590454750
1,pgadmin,13.708,query,77169,11686955865026,Python,159154992,3.211051500
1,pgadmin,13.708,query,77166,11686952283063,pgAdmin 4 Helper,104039360,0.490846792
1,pgadmin,13.708,query,77164,11686945371276,pgAdmin 4,63063864,0.625342125
1,pgadmin,13.708,query,77205,11687091914341,com.apple.SafariPlatformSupport,9650776,0.113822708
1,pgadmin,13.708,query,77167,11686952312494,pgAdmin 4 Helper,8749920,0.235274500
1,pgadmin,13.961,query,77194,11687045226468,pgAdmin 4 Helper (Renderer),279627624,2.628227833
1,pgadmin,13.961,query,77169,11686955865026,Python,159154992,3.221691875
1,pgadmin,13.961,query,77166,11686952283063,pgAdmin 4 Helper,104039360,0.497302167
1,pgadmin,13.961,query,77164,11686945371276,pgAdmin 4,63063864,0.626444375
1,pgadmin,13.961,query,77205,11687091914341,com.apple.SafariPlatformSupport,9650776,0.113822708
1,pgadmin,13.961,query,77167,11686952312494,pgAdmin 4 Helper,8749920,0.239754375
1,pgadmin,14.217,query,77194,11687045226468,pgAdmin 4 Helper (Renderer),279775080,2.644953875
1,pgadmin,14.217,query,77169,11686955865026,Python,159154992,3.221691875
1,pgadmin,14.217,query,77166,11686952283063,pgAdmin 4 Helper,104022976,0.502184792
1,pgadmin,14.217,query,77164,11686945371276,pgAdmin 4,63063864,0.626444375
1,pgadmin,14.217,query,77205,11687091914341,com.apple.SafariPlatformSupport,9650776,0.113822708
1,pgadmin,14.217,query,77167,11686952312494,pgAdmin 4 Helper,8749920,0.239754375
1,pgadmin,14.469,query,77194,11687045226468,pgAdmin 4 Helper (Renderer),279938920,2.663489500
1,pgadmin,14.469,query,77169,11686955865026,Python,159154992,3.221752625
1,pgadmin,14.469,query,77166,11686952283063,pgAdmin 4 Helper,104055744,0.509869458
1,pgadmin,14.469,query,77164,11686945371276,pgAdmin 4,63063864,0.626718333
1,pgadmin,14.469,query,77205,11687091914341,com.apple.SafariPlatformSupport,9650776,0.113822708
1,pgadmin,14.469,query,77167,11686952312494,pgAdmin 4 Helper,8749920,0.239754375
1,pgadmin,14.719,query,77194,11687045226468,pgAdmin 4 Helper (Renderer),280053608,2.681049083
1,pgadmin,14.719,query,77169,11686955865026,Python,159154992,3.221752625
1,pgadmin,14.719,query,77166,11686952283063,pgAdmin 4 Helper,104039360,0.515015583
1,pgadmin,14.719,query,77164,11686945371276,pgAdmin 4,63063864,0.626767500
1,pgadmin,14.719,query,77205,11687091914341,com.apple.SafariPlatformSupport,9650776,0.113822708
1,pgadmin,14.719,query,77167,11686952312494,pgAdmin 4 Helper,8749920,0.239754375
1,pgadmin,14.974,query,77194,11687045226468,pgAdmin 4 Helper (Renderer),280201064,2.701158417
1,pgadmin,14.974,query,77169,11686955865026,Python,159154992,3.221791542
1,pgadmin,14.974,query,77166,11686952283063,pgAdmin 4 Helper,104055744,0.522242458
1,pgadmin,14.974,query,77164,11686945371276,pgAdmin 4,63063864,0.626767500
1,pgadmin,14.974,query,77205,11687091914341,com.apple.SafariPlatformSupport,9650776,0.113822708
1,pgadmin,14.974,query,77167,11686952312494,pgAdmin 4 Helper,8749920,0.239754375
1,pgadmin,15.229,query,77194,11687045226468,pgAdmin 4 Helper (Renderer),280364904,2.721331208
1,pgadmin,15.229,query,77169,11686955865026,Python,159154992,3.221837125
1,pgadmin,15.229,query,77166,11686952283063,pgAdmin 4 Helper,104022976,0.528081458
1,pgadmin,15.229,query,77164,11686945371276,pgAdmin 4,63063864,0.626767500
1,pgadmin,15.229,query,77205,11687091914341,com.apple.SafariPlatformSupport,9650776,0.113822708
1,pgadmin,15.229,query,77167,11686952312494,pgAdmin 4 Helper,8749920,0.239754375
1,pgadmin,15.484,query,77194,11687045226468,pgAdmin 4 Helper (Renderer),280495976,2.741486875
1,pgadmin,15.484,query,77169,11686955865026,Python,159154992,3.221837125
1,pgadmin,15.484,query,77166,11686952283063,pgAdmin 4 Helper,104039360,0.534983750
1,pgadmin,15.484,query,77164,11686945371276,pgAdmin 4,63063864,0.627510958
1,pgadmin,15.484,query,77205,11687091914341,com.apple.SafariPlatformSupport,9650776,0.113822708
1,pgadmin,15.484,query,77167,11686952312494,pgAdmin 4 Helper,8749920,0.239754375
1,pgadmin,15.739,query,77194,11687045226468,pgAdmin 4 Helper (Renderer),313984896,3.140661583
1,pgadmin,15.739,query,77166,11686952283063,pgAdmin 4 Helper,167609280,0.565735583
1,pgadmin,15.739,query,77169,11686955865026,Python,160989976,3.257658000
1,pgadmin,15.739,query,77164,11686945371276,pgAdmin 4,62572344,0.651228542
1,pgadmin,15.739,query,77205,11687091914341,com.apple.SafariPlatformSupport,9601624,0.114463833
1,pgadmin,15.739,query,77167,11686952312494,pgAdmin 4 Helper,8749920,0.246717083
1,pgadmin,15.990,query,77194,11687045226468,pgAdmin 4 Helper (Renderer),315148160,3.168276500
1,pgadmin,15.990,query,77166,11686952283063,pgAdmin 4 Helper,168362944,0.577070667
1,pgadmin,15.990,query,77169,11686955865026,Python,160989976,3.257658000
1,pgadmin,15.990,query,77164,11686945371276,pgAdmin 4,63948600,0.654190958
1,pgadmin,15.990,query,77205,11687091914341,com.apple.SafariPlatformSupport,9601624,0.114463833
1,pgadmin,15.990,query,77167,11686952312494,pgAdmin 4 Helper,8749920,0.246717083
1,pgadmin,16.245,query,77194,11687045226468,pgAdmin 4 Helper (Renderer),315230080,3.200891292
1,pgadmin,16.245,query,77166,11686952283063,pgAdmin 4 Helper,168494016,0.585990375
1,pgadmin,16.245,query,77169,11686955865026,Python,160989976,3.257754083
1,pgadmin,16.245,query,77164,11686945371276,pgAdmin 4,63948600,0.654841083
1,pgadmin,16.245,query,77205,11687091914341,com.apple.SafariPlatformSupport,9601624,0.114463833
1,pgadmin,16.245,query,77167,11686952312494,pgAdmin 4 Helper,8749920,0.246717083
1,pgadmin,16.500,query,77194,11687045226468,pgAdmin 4 Helper (Renderer),315230080,3.219111833
1,pgadmin,16.500,query,77166,11686952283063,pgAdmin 4 Helper,168494016,0.592397500
1,pgadmin,16.500,query,77169,11686955865026,Python,160989976,3.257754083
1,pgadmin,16.500,query,77164,11686945371276,pgAdmin 4,63948600,0.655337500
1,pgadmin,16.500,query,77205,11687091914341,com.apple.SafariPlatformSupport,9601624,0.114463833
1,pgadmin,16.500,query,77167,11686952312494,pgAdmin 4 Helper,8749920,0.246717083
1,pgadmin,16.756,query,77194,11687045226468,pgAdmin 4 Helper (Renderer),315230080,3.237975625
1,pgadmin,16.756,query,77166,11686952283063,pgAdmin 4 Helper,168494016,0.599192875
1,pgadmin,16.756,query,77169,11686955865026,Python,160989976,3.257857542
1,pgadmin,16.756,query,77164,11686945371276,pgAdmin 4,63981368,0.655993875
1,pgadmin,16.756,query,77205,11687091914341,com.apple.SafariPlatformSupport,9601624,0.114463833
1,pgadmin,16.756,query,77167,11686952312494,pgAdmin 4 Helper,8749920,0.246717083
1,pgadmin,17.011,query,77194,11687045226468,pgAdmin 4 Helper (Renderer),315230080,3.255909708
1,pgadmin,17.011,query,77166,11686952283063,pgAdmin 4 Helper,166282176,0.605652542
1,pgadmin,17.011,query,77169,11686955865026,Python,160989976,3.257857542
1,pgadmin,17.011,query,77164,11686945371276,pgAdmin 4,63981368,0.655993875
1,pgadmin,17.011,query,77205,11687091914341,com.apple.SafariPlatformSupport,9601624,0.114702667
1,pgadmin,17.011,query,77167,11686952312494,pgAdmin 4 Helper,8749920,0.246717083
1,pgadmin,17.262,query,77194,11687045226468,pgAdmin 4 Helper (Renderer),316262272,3.306956208
1,pgadmin,17.262,query,77166,11686952283063,pgAdmin 4 Helper,170132416,0.625797042
1,pgadmin,17.262,query,77169,11686955865026,Python,160989976,3.257998500
1,pgadmin,17.262,query,77164,11686945371276,pgAdmin 4,64390968,0.666505083
1,pgadmin,17.262,query,77205,11687091914341,com.apple.SafariPlatformSupport,9601624,0.114702667
1,pgadmin,17.262,query,77167,11686952312494,pgAdmin 4 Helper,8749920,0.246717083
1,pgadmin,17.517,query,77194,11687045226468,pgAdmin 4 Helper (Renderer),320046976,3.486375500
1,pgadmin,17.517,query,77166,11686952283063,pgAdmin 4 Helper,235684800,0.685070458
1,pgadmin,17.517,query,77169,11686955865026,Python,160989976,3.257998500
1,pgadmin,17.517,query,77164,11686945371276,pgAdmin 4,65013560,0.680081208
1,pgadmin,17.517,query,77205,11687091914341,com.apple.SafariPlatformSupport,9601624,0.114702667
1,pgadmin,17.517,query,77167,11686952312494,pgAdmin 4 Helper,8749920,0.246717083
1,pgadmin,17.772,query,77194,11687045226468,pgAdmin 4 Helper (Renderer),322684800,3.594815125
1,pgadmin,17.772,query,77166,11686952283063,pgAdmin 4 Helper,234734528,0.713505375
1,pgadmin,17.772,query,77169,11686955865026,Python,161006360,3.262309042
1,pgadmin,17.772,query,77164,11686945371276,pgAdmin 4,64964408,0.694621500
1,pgadmin,17.772,query,77205,11687091914341,com.apple.SafariPlatformSupport,9601624,0.114702667
1,pgadmin,17.772,query,77167,11686952312494,pgAdmin 4 Helper,8749920,0.249044167
1,pgadmin,18.024,query,77194,11687045226468,pgAdmin 4 Helper (Renderer),329893760,3.717005708
1,pgadmin,18.024,query,77166,11686952283063,pgAdmin 4 Helper,234832856,0.742580375
1,pgadmin,18.024,query,77169,11686955865026,Python,161006360,3.262309042
1,pgadmin,18.024,query,77164,11686945371276,pgAdmin 4,64964408,0.706735542
1,pgadmin,18.024,query,77205,11687091914341,com.apple.SafariPlatformSupport,9601624,0.114702667
1,pgadmin,18.024,query,77167,11686952312494,pgAdmin 4 Helper,8749920,0.249044167
1,pgadmin,18.274,query,77194,11687045226468,pgAdmin 4 Helper (Renderer),337037208,3.813427333
1,pgadmin,18.274,query,77166,11686952283063,pgAdmin 4 Helper,234816472,0.773206917
1,pgadmin,18.274,query,77169,11686955865026,Python,161006360,3.262332083
1,pgadmin,18.274,query,77164,11686945371276,pgAdmin 4,64980792,0.719362792
1,pgadmin,18.274,query,77205,11687091914341,com.apple.SafariPlatformSupport,9601624,0.114702667
1,pgadmin,18.274,query,77167,11686952312494,pgAdmin 4 Helper,8749920,0.249044167
1,pgadmin,18.527,query,77194,11687045226468,pgAdmin 4 Helper (Renderer),344786840,3.879104792
1,pgadmin,18.527,query,77166,11686952283063,pgAdmin 4 Helper,234800088,0.788424917
1,pgadmin,18.527,query,77169,11686955865026,Python,161006360,3.262332083
1,pgadmin,18.527,query,77164,11686945371276,pgAdmin 4,64997176,0.729042250
1,pgadmin,18.527,query,77205,11687091914341,com.apple.SafariPlatformSupport,9601624,0.114702667
1,pgadmin,18.527,query,77167,11686952312494,pgAdmin 4 Helper,8749920,0.249044167
1,pgadmin,18.782,query,77194,11687045226468,pgAdmin 4 Helper (Renderer),353093552,3.991715000
1,pgadmin,18.782,query,77166,11686952283063,pgAdmin 4 Helper,239600600,0.828783833
1,pgadmin,18.782,query,77169,11686955865026,Python,161006360,3.262408375
1,pgadmin,18.782,query,77164,11686945371276,pgAdmin 4,65013560,0.742050083
1,pgadmin,18.782,query,77205,11687091914341,com.apple.SafariPlatformSupport,9601624,0.114702667
1,pgadmin,18.782,query,77167,11686952312494,pgAdmin 4 Helper,8749920,0.249044167
1,pgadmin,19.034,query,77194,11687045226468,pgAdmin 4 Helper (Renderer),355370928,4.073128167
1,pgadmin,19.034,query,77166,11686952283063,pgAdmin 4 Helper,240239576,0.855136750
1,pgadmin,19.034,query,77169,11686955865026,Python,161006360,3.262408375
1,pgadmin,19.034,query,77164,11686945371276,pgAdmin 4,65029944,0.755686292
1,pgadmin,19.034,query,77205,11687091914341,com.apple.SafariPlatformSupport,9601624,0.114702667
1,pgadmin,19.034,query,77167,11686952312494,pgAdmin 4 Helper,8749920,0.249044167
1,pgadmin,19.289,query,77194,11687045226468,pgAdmin 4 Helper (Renderer),371984328,4.220484292
1,pgadmin,19.289,query,77166,11686952283063,pgAdmin 4 Helper,245253080,0.901462250
1,pgadmin,19.289,query,77169,11686955865026,Python,161006360,3.262440125
1,pgadmin,19.289,query,77164,11686945371276,pgAdmin 4,65079096,0.770122083
1,pgadmin,19.289,query,77205,11687091914341,com.apple.SafariPlatformSupport,9601624,0.114702667
1,pgadmin,19.289,query,77167,11686952312494,pgAdmin 4 Helper,8749920,0.249044167
1,pgadmin,19.543,query,77194,11687045226468,pgAdmin 4 Helper (Renderer),375801800,4.275458292
1,pgadmin,19.543,query,77166,11686952283063,pgAdmin 4 Helper,245253080,0.917082750
1,pgadmin,19.543,query,77169,11686955865026,Python,161006360,3.262440125
1,pgadmin,19.543,query,77164,11686945371276,pgAdmin 4,65111864,0.779654667
1,pgadmin,19.543,query,77205,11687091914341,com.apple.SafariPlatformSupport,9601624,0.114702667
1,pgadmin,19.543,query,77167,11686952312494,pgAdmin 4 Helper,8749920,0.249044167
1,pgadmin,19.794,query,77194,11687045226468,pgAdmin 4 Helper (Renderer),390596552,4.433404083
1,pgadmin,19.794,query,77166,11686952283063,pgAdmin 4 Helper,245269464,0.963051500
1,pgadmin,19.794,query,77169,11686955865026,Python,161006360,3.267014292
1,pgadmin,19.794,query,77164,11686945371276,pgAdmin 4,65111864,0.796027750
1,pgadmin,19.794,query,77205,11687091914341,com.apple.SafariPlatformSupport,9601624,0.114702667
1,pgadmin,19.794,query,77167,11686952312494,pgAdmin 4 Helper,8749920,0.251029792
1,pgadmin,20.047,query,77194,11687045226468,pgAdmin 4 Helper (Renderer),396806088,4.513915083
1,pgadmin,20.047,query,77166,11686952283063,pgAdmin 4 Helper,245269464,0.989372750
1,pgadmin,20.047,query,77169,11686955865026,Python,161006360,3.267014292
1,pgadmin,20.047,query,77164,11686945371276,pgAdmin 4,65144632,0.806830958
1,pgadmin,20.047,query,77205,11687091914341,com.apple.SafariPlatformSupport,9601624,0.114702667
1,pgadmin,20.047,query,77167,11686952312494,pgAdmin 4 Helper,8749920,0.251029792
1,pgadmin,20.303,query,77194,11687045226468,pgAdmin 4 Helper (Renderer),404817888,4.606286333
1,pgadmin,20.303,query,77166,11686952283063,pgAdmin 4 Helper,245269464,1.012554375
1,pgadmin,20.303,query,77169,11686955865026,Python,161006360,3.267059167
1,pgadmin,20.303,query,77164,11686945371276,pgAdmin 4,65144632,0.821450083
1,pgadmin,20.303,query,77205,11687091914341,com.apple.SafariPlatformSupport,9601624,0.114702667
1,pgadmin,20.303,query,77167,11686952312494,pgAdmin 4 Helper,8749920,0.251029792
1,pgadmin,20.557,query,77194,11687045226468,pgAdmin 4 Helper (Renderer),411371488,4.701973125
1,pgadmin,20.557,query,77166,11686952283063,pgAdmin 4 Helper,245269464,1.045850375
1,pgadmin,20.557,query,77169,11686955865026,Python,161006360,3.267059167
1,pgadmin,20.557,query,77164,11686945371276,pgAdmin 4,65177400,0.834179167
1,pgadmin,20.557,query,77205,11687091914341,com.apple.SafariPlatformSupport,9601624,0.114702667
1,pgadmin,20.557,query,77167,11686952312494,pgAdmin 4 Helper,8749920,0.251029792
1,pgadmin,20.810,query,77194,11687045226468,pgAdmin 4 Helper (Renderer),430589920,4.832635625
1,pgadmin,20.810,query,77166,11686952283063,pgAdmin 4 Helper,238060504,1.081460917
1,pgadmin,20.810,query,77169,11686955865026,Python,161006360,3.267096750
1,pgadmin,20.810,query,77164,11686945371276,pgAdmin 4,65210168,0.850440375
1,pgadmin,20.810,query,77205,11687091914341,com.apple.SafariPlatformSupport,9601624,0.114702667
1,pgadmin,20.810,query,77167,11686952312494,pgAdmin 4 Helper,8749920,0.251029792
1,pgadmin,21.064,query,77194,11687045226468,pgAdmin 4 Helper (Renderer),435980280,4.915827417
1,pgadmin,21.064,query,77166,11686952283063,pgAdmin 4 Helper,237847512,1.109715833
1,pgadmin,21.064,query,77169,11686955865026,Python,161006360,3.267096750
1,pgadmin,21.064,query,77164,11686945371276,pgAdmin 4,65210168,0.862979292
1,pgadmin,21.064,query,77205,11687091914341,com.apple.SafariPlatformSupport,9601624,0.114702667
1,pgadmin,21.064,query,77167,11686952312494,pgAdmin 4 Helper,8749920,0.251029792
1,pgadmin,21.319,query,77194,11687045226468,pgAdmin 4 Helper (Renderer),447645688,5.036528708
1,pgadmin,21.319,query,77166,11686952283063,pgAdmin 4 Helper,237847512,1.142452875
1,pgadmin,21.319,query,77169,11686955865026,Python,161006360,3.267136542
1,pgadmin,21.319,query,77164,11686945371276,pgAdmin 4,65210168,0.877498167
1,pgadmin,21.319,query,77205,11687091914341,com.apple.SafariPlatformSupport,9601624,0.114702667
1,pgadmin,21.319,query,77167,11686952312494,pgAdmin 4 Helper,8749920,0.251029792
1,pgadmin,21.572,query,77194,11687045226468,pgAdmin 4 Helper (Renderer),445286392,5.122421208
1,pgadmin,21.572,query,77166,11686952283063,pgAdmin 4 Helper,237847512,1.170402833
1,pgadmin,21.572,query,77169,11686955865026,Python,161006360,3.267136542
1,pgadmin,21.572,query,77164,11686945371276,pgAdmin 4,65226552,0.891313750
1,pgadmin,21.572,query,77205,11687091914341,com.apple.SafariPlatformSupport,9601624,0.114702667
1,pgadmin,21.572,query,77167,11686952312494,pgAdmin 4 Helper,8749920,0.251029792
1,pgadmin,21.827,query,77194,11687045226468,pgAdmin 4 Helper (Renderer),452610040,5.198268958
1,pgadmin,21.827,query,77166,11686952283063,pgAdmin 4 Helper,237847512,1.182465750
1,pgadmin,21.827,query,77169,11686955865026,Python,161006360,3.277397417
1,pgadmin,21.827,query,77164,11686945371276,pgAdmin 4,65226552,0.898940375
1,pgadmin,21.827,query,77205,11687091914341,com.apple.SafariPlatformSupport,9601624,0.114702667
1,pgadmin,21.827,query,77167,11686952312494,pgAdmin 4 Helper,8749920,0.255053917
1,pgadmin,22.082,query,77194,11687045226468,pgAdmin 4 Helper (Renderer),458622968,5.312066292
1,pgadmin,22.082,query,77166,11686952283063,pgAdmin 4 Helper,237847512,1.210704958
1,pgadmin,22.082,query,77169,11686955865026,Python,161006360,3.277397417
1,pgadmin,22.082,query,77164,11686945371276,pgAdmin 4,65226552,0.913299083
1,pgadmin,22.082,query,77205,11687091914341,com.apple.SafariPlatformSupport,9601624,0.114702667
1,pgadmin,22.082,query,77167,11686952312494,pgAdmin 4 Helper,8749920,0.255053917
1,pgadmin,22.338,query,77194,11687045226468,pgAdmin 4 Helper (Renderer),466896912,5.381386583
1,pgadmin,22.338,query,77166,11686952283063,pgAdmin 4 Helper,237831128,1.225634208
1,pgadmin,22.338,query,77169,11686955865026,Python,161006360,3.277438792
1,pgadmin,22.338,query,77164,11686945371276,pgAdmin 4,65226552,0.924354917
1,pgadmin,22.338,query,77205,11687091914341,com.apple.SafariPlatformSupport,9601624,0.114702667
1,pgadmin,22.338,query,77167,11686952312494,pgAdmin 4 Helper,8749920,0.255053917
1,pgadmin,22.593,query,77194,11687045226468,pgAdmin 4 Helper (Renderer),469174288,5.428976542
1,pgadmin,22.593,query,77166,11686952283063,pgAdmin 4 Helper,233030616,1.240582333
1,pgadmin,22.593,query,77169,11686955865026,Python,161006360,3.277438792
1,pgadmin,22.593,query,77164,11686945371276,pgAdmin 4,65226552,0.933937083
1,pgadmin,22.593,query,77205,11687091914341,com.apple.SafariPlatformSupport,9601624,0.114702667
1,pgadmin,22.593,query,77167,11686952312494,pgAdmin 4 Helper,8749920,0.255053917
1,pgadmin,22.847,after-query,77194,11687045226468,pgAdmin 4 Helper (Renderer),469256208,5.447793500
1,pgadmin,22.847,after-query,77166,11686952283063,pgAdmin 4 Helper,230573016,1.246796208
1,pgadmin,22.847,after-query,77169,11686955865026,Python,161006360,3.277557000
1,pgadmin,22.847,after-query,77164,11686945371276,pgAdmin 4,65177400,0.935482917
1,pgadmin,22.847,after-query,77205,11687091914341,com.apple.SafariPlatformSupport,9601624,0.114702667
1,pgadmin,22.847,after-query,77167,11686952312494,pgAdmin 4 Helper,8749920,0.255053917
1,pgadmin,23.102,after-query,77194,11687045226468,pgAdmin 4 Helper (Renderer),469633040,5.473445833
1,pgadmin,23.102,after-query,77166,11686952283063,pgAdmin 4 Helper,226067416,1.254780625
1,pgadmin,23.102,after-query,77169,11686955865026,Python,161006360,3.277557000
1,pgadmin,23.102,after-query,77164,11686945371276,pgAdmin 4,63358776,0.948874125
1,pgadmin,23.102,after-query,77205,11687091914341,com.apple.SafariPlatformSupport,9601624,0.114702667
1,pgadmin,23.102,after-query,77167,11686952312494,pgAdmin 4 Helper,8749920,0.255053917
1,pgadmin,23.357,after-query,77194,11687045226468,pgAdmin 4 Helper (Renderer),469895184,5.490612542
1,pgadmin,23.357,after-query,77166,11686952283063,pgAdmin 4 Helper,226067416,1.257039042
1,pgadmin,23.357,after-query,77169,11686955865026,Python,161006360,3.277624250
1,pgadmin,23.357,after-query,77164,11686945371276,pgAdmin 4,63358776,0.960098042
1,pgadmin,23.357,after-query,77205,11687091914341,com.apple.SafariPlatformSupport,9601624,0.114702667
1,pgadmin,23.357,after-query,77167,11686952312494,pgAdmin 4 Helper,8749920,0.255053917
1,pgadmin,23.611,after-query,77194,11687045226468,pgAdmin 4 Helper (Renderer),469944336,5.506534667
1,pgadmin,23.611,after-query,77166,11686952283063,pgAdmin 4 Helper,226067416,1.262776125
1,pgadmin,23.611,after-query,77169,11686955865026,Python,161006360,3.277624250
1,pgadmin,23.611,after-query,77164,11686945371276,pgAdmin 4,63358776,0.960098042
1,pgadmin,23.611,after-query,77205,11687091914341,com.apple.SafariPlatformSupport,9601624,0.114702667
1,pgadmin,23.611,after-query,77167,11686952312494,pgAdmin 4 Helper,8749920,0.255053917
1,pgadmin,23.866,after-query,77194,11687045226468,pgAdmin 4 Helper (Renderer),470435856,5.541253375
1,pgadmin,23.866,after-query,77166,11686952283063,pgAdmin 4 Helper,216695768,1.267840708
1,pgadmin,23.866,after-query,77169,11686955865026,Python,161006360,3.287555708
1,pgadmin,23.866,after-query,77164,11686945371276,pgAdmin 4,63358776,0.961451875
1,pgadmin,23.866,after-query,77205,11687091914341,com.apple.SafariPlatformSupport,9601624,0.114702667
1,pgadmin,23.866,after-query,77167,11686952312494,pgAdmin 4 Helper,8749920,0.260066750
1,pgadmin,24.121,after-query,77194,11687045226468,pgAdmin 4 Helper (Renderer),470501392,5.558068458
1,pgadmin,24.121,after-query,77166,11686952283063,pgAdmin 4 Helper,212370392,1.273679542
1,pgadmin,24.121,after-query,77169,11686955865026,Python,161006360,3.287555708
1,pgadmin,24.121,after-query,77164,11686945371276,pgAdmin 4,63375160,0.961451875
1,pgadmin,24.121,after-query,77205,11687091914341,com.apple.SafariPlatformSupport,9601624,0.114702667
1,pgadmin,24.121,after-query,77167,11686952312494,pgAdmin 4 Helper,8749920,0.260066750
1,pgadmin,24.376,after-query,77194,11687045226468,pgAdmin 4 Helper (Renderer),470583312,5.574887292
1,pgadmin,24.376,after-query,77166,11686952283063,pgAdmin 4 Helper,212370392,1.279335292
1,pgadmin,24.376,after-query,77169,11686955865026,Python,161006360,3.287627167
1,pgadmin,24.376,after-query,77164,11686945371276,pgAdmin 4,63440696,0.962158333
1,pgadmin,24.376,after-query,77205,11687091914341,com.apple.SafariPlatformSupport,9601624,0.114702667
1,pgadmin,24.376,after-query,77167,11686952312494,pgAdmin 4 Helper,8749920,0.260066750
1,pgadmin,24.632,after-query,77194,11687045226468,pgAdmin 4 Helper (Renderer),470370296,5.593369917
1,pgadmin,24.632,after-query,77166,11686952283063,pgAdmin 4 Helper,196346816,1.290108583
1,pgadmin,24.632,after-query,77169,11686955865026,Python,161006360,3.287627167
1,pgadmin,24.632,after-query,77164,11686945371276,pgAdmin 4,63440696,0.962158333
1,pgadmin,24.632,after-query,77205,11687091914341,com.apple.SafariPlatformSupport,9601624,0.114702667
1,pgadmin,24.632,after-query,77167,11686952312494,pgAdmin 4 Helper,8749920,0.260066750
1,pgadmin,24.885,after-query,77194,11687045226468,pgAdmin 4 Helper (Renderer),470419448,5.611683167
1,pgadmin,24.885,after-query,77166,11686952283063,pgAdmin 4 Helper,193315776,1.296627125
1,pgadmin,24.885,after-query,77169,11686955865026,Python,161006360,3.287719333
1,pgadmin,24.885,after-query,77164,11686945371276,pgAdmin 4,63440696,0.962158333
1,pgadmin,24.885,after-query,77205,11687091914341,com.apple.SafariPlatformSupport,9601624,0.114702667
1,pgadmin,24.885,after-query,77167,11686952312494,pgAdmin 4 Helper,8749920,0.260066750
1,pgadmin,25.140,after-query,77194,11687045226468,pgAdmin 4 Helper (Renderer),470484984,5.628895667
1,pgadmin,25.140,after-query,77166,11686952283063,pgAdmin 4 Helper,193315776,1.303003417
1,pgadmin,25.140,after-query,77169,11686955865026,Python,161006360,3.287719333
1,pgadmin,25.140,after-query,77164,11686945371276,pgAdmin 4,63440696,0.962158333
1,pgadmin,25.140,after-query,77205,11687091914341,com.apple.SafariPlatformSupport,9601624,0.114702667
1,pgadmin,25.140,after-query,77167,11686952312494,pgAdmin 4 Helper,8749920,0.260066750
1,pgadmin,25.394,after-query,77194,11687045226468,pgAdmin 4 Helper (Renderer),470566904,5.644975833
1,pgadmin,25.394,after-query,77166,11686952283063,pgAdmin 4 Helper,193315776,1.309079833
1,pgadmin,25.394,after-query,77169,11686955865026,Python,161006360,3.287784042
1,pgadmin,25.394,after-query,77164,11686945371276,pgAdmin 4,63440696,0.964740042
1,pgadmin,25.394,after-query,77205,11687091914341,com.apple.SafariPlatformSupport,9601624,0.114702667
1,pgadmin,25.394,after-query,77167,11686952312494,pgAdmin 4 Helper,8749920,0.260066750
1,pgadmin,25.646,after-query,77194,11687045226468,pgAdmin 4 Helper (Renderer),470616056,5.665844458
1,pgadmin,25.646,after-query,77166,11686952283063,pgAdmin 4 Helper,193315776,1.317014667
1,pgadmin,25.646,after-query,77169,11686955865026,Python,161006360,3.287784042
1,pgadmin,25.646,after-query,77164,11686945371276,pgAdmin 4,63440696,0.964740042
1,pgadmin,25.646,after-query,77205,11687091914341,com.apple.SafariPlatformSupport,9601624,0.114702667
1,pgadmin,25.646,after-query,77167,11686952312494,pgAdmin 4 Helper,8749920,0.260066750
1,pgadmin,25.898,after-query,77194,11687045226468,pgAdmin 4 Helper (Renderer),470910968,5.700443333
1,pgadmin,25.898,after-query,77166,11686952283063,pgAdmin 4 Helper,168805312,1.325701167
1,pgadmin,25.898,after-query,77169,11686955865026,Python,161006360,3.297100375
1,pgadmin,25.898,after-query,77164,11686945371276,pgAdmin 4,63440696,0.966282875
1,pgadmin,25.898,after-query,77205,11687091914341,com.apple.SafariPlatformSupport,9601624,0.114702667
1,pgadmin,25.898,after-query,77167,11686952312494,pgAdmin 4 Helper,8749920,0.265139542
1,pgadmin,26.153,after-query,77194,11687045226468,pgAdmin 4 Helper (Renderer),470960120,5.719066375
1,pgadmin,26.153,after-query,77166,11686952283063,pgAdmin 4 Helper,168805312,1.332290500
1,pgadmin,26.153,after-query,77169,11686955865026,Python,161006360,3.297100375
1,pgadmin,26.153,after-query,77164,11686945371276,pgAdmin 4,63440696,0.966282875
1,pgadmin,26.153,after-query,77205,11687091914341,com.apple.SafariPlatformSupport,9601624,0.114702667
1,pgadmin,26.153,after-query,77167,11686952312494,pgAdmin 4 Helper,8749920,0.265139542
1,pgadmin,26.408,after-query,77194,11687045226468,pgAdmin 4 Helper (Renderer),471025656,5.737895000
1,pgadmin,26.408,after-query,77166,11686952283063,pgAdmin 4 Helper,168805312,1.338960583
1,pgadmin,26.408,after-query,77169,11686955865026,Python,161006360,3.297201583
1,pgadmin,26.408,after-query,77164,11686945371276,pgAdmin 4,63440696,0.966282875
1,pgadmin,26.408,after-query,77205,11687091914341,com.apple.SafariPlatformSupport,9601624,0.114702667
1,pgadmin,26.408,after-query,77167,11686952312494,pgAdmin 4 Helper,8749920,0.265139542
1,pgadmin,26.662,after-query,77194,11687045226468,pgAdmin 4 Helper (Renderer),471107576,5.756267458
1,pgadmin,26.662,after-query,77166,11686952283063,pgAdmin 4 Helper,168805312,1.345458583
1,pgadmin,26.662,after-query,77169,11686955865026,Python,161006360,3.297201583
1,pgadmin,26.662,after-query,77164,11686945371276,pgAdmin 4,63440696,0.966282875
1,pgadmin,26.662,after-query,77205,11687091914341,com.apple.SafariPlatformSupport,9601624,0.114702667
1,pgadmin,26.662,after-query,77167,11686952312494,pgAdmin 4 Helper,8749920,0.265139542
1,pgadmin,26.918,after-query,77194,11687045226468,pgAdmin 4 Helper (Renderer),471156728,5.772348542
1,pgadmin,26.918,after-query,77166,11686952283063,pgAdmin 4 Helper,168805312,1.351376292
1,pgadmin,26.918,after-query,77169,11686955865026,Python,161006360,3.297281125
1,pgadmin,26.918,after-query,77164,11686945371276,pgAdmin 4,63440696,0.966282875
1,pgadmin,26.918,after-query,77205,11687091914341,com.apple.SafariPlatformSupport,9601624,0.114702667
1,pgadmin,26.918,after-query,77167,11686952312494,pgAdmin 4 Helper,8749920,0.265139542
1,pgadmin,27.173,after-query,77194,11687045226468,pgAdmin 4 Helper (Renderer),471238648,5.790661667
1,pgadmin,27.173,after-query,77166,11686952283063,pgAdmin 4 Helper,168805312,1.357643083
1,pgadmin,27.173,after-query,77169,11686955865026,Python,161006360,3.297281125
1,pgadmin,27.173,after-query,77164,11686945371276,pgAdmin 4,63440696,0.966282875
1,pgadmin,27.173,after-query,77205,11687091914341,com.apple.SafariPlatformSupport,9601624,0.114702667
1,pgadmin,27.173,after-query,77167,11686952312494,pgAdmin 4 Helper,8749920,0.265139542
1,pgadmin,27.427,after-query,77194,11687045226468,pgAdmin 4 Helper (Renderer),471336952,5.805763625
1,pgadmin,27.427,after-query,77169,11686955865026,Python,161006360,3.297322083
1,pgadmin,27.427,after-query,77166,11686952283063,pgAdmin 4 Helper,149717952,1.364222625
1,pgadmin,27.427,after-query,77164,11686945371276,pgAdmin 4,63440696,0.966282875
1,pgadmin,27.427,after-query,77205,11687091914341,com.apple.SafariPlatformSupport,9601624,0.114702667
1,pgadmin,27.427,after-query,77167,11686952312494,pgAdmin 4 Helper,8749920,0.265139542
1,dbgate,0.254,launch,77332,11687744721823,DbGate,7603040,0.091314583
1,dbgate,0.509,launch,77332,11687744721823,DbGate,37848480,0.259458417
1,dbgate,0.509,launch,77339,11687755897323,DbGate Helper (GPU),295104,0.003393708
1,dbgate,0.764,launch,77332,11687744721823,DbGate,64652800,0.400479500
1,dbgate,0.764,launch,77339,11687755897323,DbGate Helper (GPU),10765104,0.084662375
1,dbgate,0.764,launch,77340,11687756065361,DbGate Helper,5980976,0.042213167
1,dbgate,1.020,settle,77332,11687744721823,DbGate,88819416,0.606463042
1,dbgate,1.020,settle,77345,11687765203366,DbGate Helper (Renderer),26166520,0.102093958
1,dbgate,1.020,settle,77339,11687755897323,DbGate Helper (GPU),12632928,0.100188000
1,dbgate,1.020,settle,77340,11687756065361,DbGate Helper,6521672,0.046647417
1,dbgate,1.271,settle,77332,11687744721823,DbGate,110855896,0.711182833
1,dbgate,1.271,settle,77345,11687765203366,DbGate Helper (Renderer),76400008,0.348783458
1,dbgate,1.271,settle,77339,11687755897323,DbGate Helper (GPU),45499280,0.125005208
1,dbgate,1.271,settle,77340,11687756065361,DbGate Helper,6521672,0.046647417
1,dbgate,1.271,settle,77348,11687774234252,DbGate Helper,229544,0.002007083
1,dbgate,1.526,settle,77339,11687755897323,DbGate Helper (GPU),237143024,0.206462417
1,dbgate,1.526,settle,77332,11687744721823,DbGate,117753584,0.815502125
1,dbgate,1.526,settle,77345,11687765203366,DbGate Helper (Renderer),104187392,0.520657875
1,dbgate,1.526,settle,77350,11687776055530,DbGate Helper,38962280,0.149070792
1,dbgate,1.526,settle,77348,11687774234252,DbGate Helper,36848792,0.159510958
1,dbgate,1.526,settle,77349,11687775986776,DbGate Helper,35308696,0.153716708
1,dbgate,1.526,settle,77340,11687756065361,DbGate Helper,7062344,0.050028250
1,dbgate,1.781,settle,77339,11687755897323,DbGate Helper (GPU),237208560,0.221777042
1,dbgate,1.781,settle,77332,11687744721823,DbGate,118294256,0.835965083
1,dbgate,1.781,settle,77345,11687765203366,DbGate Helper (Renderer),105661952,0.548360333
1,dbgate,1.781,settle,77350,11687776055530,DbGate Helper,52118728,0.336513833
1,dbgate,1.781,settle,77349,11687775986776,DbGate Helper,51922168,0.338497375
1,dbgate,1.781,settle,77348,11687774234252,DbGate Helper,51758328,0.327045917
1,dbgate,1.781,settle,77361,11687781082491,com.apple.SafariPlatformSupport,9831024,0.108022917
1,dbgate,1.781,settle,77340,11687756065361,DbGate Helper,7308104,0.052240750
1,dbgate,2.035,settle,77339,11687755897323,DbGate Helper (GPU),237208560,0.235278500
1,dbgate,2.035,settle,77332,11687744721823,DbGate,118818544,0.846972333
1,dbgate,2.035,settle,77345,11687765203366,DbGate Helper (Renderer),105678336,0.558711208
1,dbgate,2.035,settle,77350,11687776055530,DbGate Helper,52118728,0.336689583
1,dbgate,2.035,settle,77349,11687775986776,DbGate Helper,51922168,0.338628083
1,dbgate,2.035,settle,77348,11687774234252,DbGate Helper,51758328,0.327197083
1,dbgate,2.035,settle,77361,11687781082491,com.apple.SafariPlatformSupport,9847408,0.109039208
1,dbgate,2.035,settle,77340,11687756065361,DbGate Helper,7357256,0.053165125
1,dbgate,2.291,settle,77339,11687755897323,DbGate Helper (GPU),237208560,0.261602000
1,dbgate,2.291,settle,77332,11687744721823,DbGate,120473328,0.864256250
1,dbgate,2.291,settle,77345,11687765203366,DbGate Helper (Renderer),105973248,0.585209583
1,dbgate,2.291,settle,77350,11687776055530,DbGate Helper,52118728,0.336689583
1,dbgate,2.291,settle,77349,11687775986776,DbGate Helper,51922168,0.338628083
1,dbgate,2.291,settle,77348,11687774234252,DbGate Helper,51758328,0.327197083
1,dbgate,2.291,settle,77361,11687781082491,com.apple.SafariPlatformSupport,9847408,0.109039208
1,dbgate,2.291,settle,77340,11687756065361,DbGate Helper,7668552,0.057952000
1,dbgate,2.546,settle,77339,11687755897323,DbGate Helper (GPU),237208560,0.283795000
1,dbgate,2.546,settle,77332,11687744721823,DbGate,120735472,0.868266667
1,dbgate,2.546,settle,77345,11687765203366,DbGate Helper (Renderer),105989632,0.604743792
1,dbgate,2.546,settle,77350,11687776055530,DbGate Helper,52118728,0.336689583
1,dbgate,2.546,settle,77349,11687775986776,DbGate Helper,51922168,0.338628083
1,dbgate,2.546,settle,77348,11687774234252,DbGate Helper,51758328,0.327197083
1,dbgate,2.546,settle,77361,11687781082491,com.apple.SafariPlatformSupport,9847408,0.109039208
1,dbgate,2.546,settle,77340,11687756065361,DbGate Helper,7783240,0.059399583
1,dbgate,2.797,settle,77339,11687755897323,DbGate Helper (GPU),224199664,0.306849458
1,dbgate,2.797,settle,77332,11687744721823,DbGate,120735472,0.870209375
1,dbgate,2.797,settle,77345,11687765203366,DbGate Helper (Renderer),105989632,0.621765417
1,dbgate,2.797,settle,77350,11687776055530,DbGate Helper,52118728,0.337369458
1,dbgate,2.797,settle,77349,11687775986776,DbGate Helper,51922168,0.339212958
1,dbgate,2.797,settle,77348,11687774234252,DbGate Helper,51758328,0.328065083
1,dbgate,2.797,settle,77361,11687781082491,com.apple.SafariPlatformSupport,9847408,0.109195333
1,dbgate,2.797,settle,77340,11687756065361,DbGate Helper,7783240,0.059399583
1,dbgate,3.052,settle,77339,11687755897323,DbGate Helper (GPU),228639728,0.325356125
1,dbgate,3.052,settle,77332,11687744721823,DbGate,120866544,0.887245917
1,dbgate,3.052,settle,77345,11687765203366,DbGate Helper (Renderer),106022400,0.640344958
1,dbgate,3.052,settle,77350,11687776055530,DbGate Helper,52118728,0.337369458
1,dbgate,3.052,settle,77349,11687775986776,DbGate Helper,51922168,0.339212958
1,dbgate,3.052,settle,77348,11687774234252,DbGate Helper,51758328,0.328065083
1,dbgate,3.052,settle,77361,11687781082491,com.apple.SafariPlatformSupport,9847408,0.109195333
1,dbgate,3.052,settle,77340,11687756065361,DbGate Helper,7930696,0.070971958
1,dbgate,3.307,settle,77339,11687755897323,DbGate Helper (GPU),228623344,0.332480833
1,dbgate,3.307,settle,77332,11687744721823,DbGate,120866544,0.887985708
1,dbgate,3.307,settle,77345,11687765203366,DbGate Helper (Renderer),106022400,0.647386125
1,dbgate,3.307,settle,77350,11687776055530,DbGate Helper,52118728,0.337369458
1,dbgate,3.307,settle,77349,11687775986776,DbGate Helper,51922168,0.339212958
1,dbgate,3.307,settle,77348,11687774234252,DbGate Helper,51758328,0.328065083
1,dbgate,3.307,settle,77361,11687781082491,com.apple.SafariPlatformSupport,9847408,0.109195333
1,dbgate,3.307,settle,77340,11687756065361,DbGate Helper,7930696,0.070971958
1,dbgate,3.563,settle,77339,11687755897323,DbGate Helper (GPU),228639728,0.341186875
1,dbgate,3.563,settle,77332,11687744721823,DbGate,120866544,0.888049792
1,dbgate,3.563,settle,77345,11687765203366,DbGate Helper (Renderer),106022400,0.656992583
1,dbgate,3.563,settle,77350,11687776055530,DbGate Helper,52118728,0.337369458
1,dbgate,3.563,settle,77349,11687775986776,DbGate Helper,51922168,0.339212958
1,dbgate,3.563,settle,77348,11687774234252,DbGate Helper,51758328,0.328065083
1,dbgate,3.563,settle,77361,11687781082491,com.apple.SafariPlatformSupport,9847408,0.109195333
1,dbgate,3.563,settle,77340,11687756065361,DbGate Helper,7930696,0.070971958
1,dbgate,3.814,settle,77339,11687755897323,DbGate Helper (GPU),228623344,0.348429875
1,dbgate,3.814,settle,77332,11687744721823,DbGate,120932080,0.902419708
1,dbgate,3.814,settle,77345,11687765203366,DbGate Helper (Renderer),106022400,0.663672875
1,dbgate,3.814,settle,77350,11687776055530,DbGate Helper,52118728,0.337829583
1,dbgate,3.814,settle,77349,11687775986776,DbGate Helper,51922168,0.339472208
1,dbgate,3.814,settle,77348,11687774234252,DbGate Helper,51758328,0.328490042
1,dbgate,3.814,settle,77361,11687781082491,com.apple.SafariPlatformSupport,9847408,0.109492208
1,dbgate,3.814,settle,77340,11687756065361,DbGate Helper,7930696,0.070971958
1,dbgate,4.070,settle,77339,11687755897323,DbGate Helper (GPU),222217200,0.361186208
1,dbgate,4.070,settle,77332,11687744721823,DbGate,120948464,0.905034250
1,dbgate,4.070,settle,77345,11687765203366,DbGate Helper (Renderer),105776640,0.672139125
1,dbgate,4.070,settle,77350,11687776055530,DbGate Helper,52118728,0.337829583
1,dbgate,4.070,settle,77349,11687775986776,DbGate Helper,51922168,0.339472208
1,dbgate,4.070,settle,77348,11687774234252,DbGate Helper,51758328,0.328490042
1,dbgate,4.070,settle,77361,11687781082491,com.apple.SafariPlatformSupport,9847408,0.109492208
1,dbgate,4.070,settle,77340,11687756065361,DbGate Helper,7930696,0.070971958
1,dbgate,4.322,settle,77339,11687755897323,DbGate Helper (GPU),212861936,0.369063542
1,dbgate,4.322,settle,77332,11687744721823,DbGate,120948464,0.905034250
1,dbgate,4.322,settle,77345,11687765203366,DbGate Helper (Renderer),105776640,0.677253375
1,dbgate,4.322,settle,77350,11687776055530,DbGate Helper,52118728,0.337829583
1,dbgate,4.322,settle,77349,11687775986776,DbGate Helper,51922168,0.339472208
1,dbgate,4.322,settle,77348,11687774234252,DbGate Helper,51758328,0.328490042
1,dbgate,4.322,settle,77361,11687781082491,com.apple.SafariPlatformSupport,9847408,0.109492208
1,dbgate,4.322,settle,77340,11687756065361,DbGate Helper,7930696,0.070971958
1,dbgate,4.574,settle,77339,11687755897323,DbGate Helper (GPU),212878320,0.378421542
1,dbgate,4.574,settle,77332,11687744721823,DbGate,120948464,0.907179167
1,dbgate,4.574,settle,77345,11687765203366,DbGate Helper (Renderer),105776640,0.685831792
1,dbgate,4.574,settle,77350,11687776055530,DbGate Helper,52118728,0.337829583
1,dbgate,4.574,settle,77349,11687775986776,DbGate Helper,51922168,0.339472208
1,dbgate,4.574,settle,77348,11687774234252,DbGate Helper,51758328,0.328490042
1,dbgate,4.574,settle,77361,11687781082491,com.apple.SafariPlatformSupport,9847408,0.109492208
1,dbgate,4.574,settle,77340,11687756065361,DbGate Helper,7930696,0.070971958
1,dbgate,4.830,settle,77339,11687755897323,DbGate Helper (GPU),202867696,0.385217083
1,dbgate,4.830,settle,77332,11687744721823,DbGate,120948464,0.908425708
1,dbgate,4.830,settle,77345,11687765203366,DbGate Helper (Renderer),105776640,0.691489167
1,dbgate,4.830,settle,77350,11687776055530,DbGate Helper,52118728,0.338120167
1,dbgate,4.830,settle,77349,11687775986776,DbGate Helper,51922168,0.339717167
1,dbgate,4.830,settle,77348,11687774234252,DbGate Helper,51758328,0.328852542
1,dbgate,4.830,settle,77361,11687781082491,com.apple.SafariPlatformSupport,9847408,0.109492208
1,dbgate,4.830,settle,77340,11687756065361,DbGate Helper,7930696,0.070971958
1,dbgate,5.085,settle,77339,11687755897323,DbGate Helper (GPU),202884080,0.396287542
1,dbgate,5.085,settle,77332,11687744721823,DbGate,120964848,0.910224458
1,dbgate,5.085,settle,77345,11687765203366,DbGate Helper (Renderer),105776640,0.700708500
1,dbgate,5.085,settle,77350,11687776055530,DbGate Helper,52118728,0.338120167
1,dbgate,5.085,settle,77349,11687775986776,DbGate Helper,51922168,0.339717167
1,dbgate,5.085,settle,77348,11687774234252,DbGate Helper,51758328,0.328852542
1,dbgate,5.085,settle,77361,11687781082491,com.apple.SafariPlatformSupport,9847408,0.109492208
1,dbgate,5.085,settle,77340,11687756065361,DbGate Helper,7930696,0.070971958
1,dbgate,5.340,settle,77339,11687755897323,DbGate Helper (GPU),202867696,0.403062417
1,dbgate,5.340,settle,77332,11687744721823,DbGate,120964848,0.910224458
1,dbgate,5.340,settle,77345,11687765203366,DbGate Helper (Renderer),105776640,0.706183417
1,dbgate,5.340,settle,77350,11687776055530,DbGate Helper,52118728,0.338120167
1,dbgate,5.340,settle,77349,11687775986776,DbGate Helper,51922168,0.339717167
1,dbgate,5.340,settle,77348,11687774234252,DbGate Helper,51758328,0.328852542
1,dbgate,5.340,settle,77361,11687781082491,com.apple.SafariPlatformSupport,9847408,0.109492208
1,dbgate,5.340,settle,77340,11687756065361,DbGate Helper,7930696,0.070971958
1,dbgate,5.595,settle,77339,11687755897323,DbGate Helper (GPU),202884080,0.412312000
1,dbgate,5.595,settle,77332,11687744721823,DbGate,120964848,0.910806250
1,dbgate,5.595,settle,77345,11687765203366,DbGate Helper (Renderer),105793024,0.714463542
1,dbgate,5.595,settle,77350,11687776055530,DbGate Helper,52118728,0.338120167
1,dbgate,5.595,settle,77349,11687775986776,DbGate Helper,51922168,0.339717167
1,dbgate,5.595,settle,77348,11687774234252,DbGate Helper,51758328,0.328852542
1,dbgate,5.595,settle,77361,11687781082491,com.apple.SafariPlatformSupport,9847408,0.109492208
1,dbgate,5.595,settle,77340,11687756065361,DbGate Helper,7930696,0.071105833
1,dbgate,5.846,settle,77339,11687755897323,DbGate Helper (GPU),202867696,0.419091500
1,dbgate,5.846,settle,77332,11687744721823,DbGate,120964848,0.912071458
1,dbgate,5.846,settle,77345,11687765203366,DbGate Helper (Renderer),105793024,0.720580250
1,dbgate,5.846,settle,77350,11687776055530,DbGate Helper,52118728,0.338533125
1,dbgate,5.846,settle,77349,11687775986776,DbGate Helper,51922168,0.339983875
1,dbgate,5.846,settle,77348,11687774234252,DbGate Helper,51758328,0.329199250
1,dbgate,5.846,settle,77361,11687781082491,com.apple.SafariPlatformSupport,9847408,0.109762042
1,dbgate,5.846,settle,77340,11687756065361,DbGate Helper,7914312,0.071184000
1,dbgate,6.096,query,77339,11687755897323,DbGate Helper (GPU),202884080,0.426336417
1,dbgate,6.096,query,77332,11687744721823,DbGate,120948464,0.912995625
1,dbgate,6.096,query,77345,11687765203366,DbGate Helper (Renderer),105793024,0.726829875
1,dbgate,6.096,query,77350,11687776055530,DbGate Helper,52118728,0.338703208
1,dbgate,6.096,query,77349,11687775986776,DbGate Helper,51922168,0.340117958
1,dbgate,6.096,query,77348,11687774234252,DbGate Helper,51758328,0.329454333
1,dbgate,6.096,query,77361,11687781082491,com.apple.SafariPlatformSupport,9847408,0.109914833
1,dbgate,6.096,query,77340,11687756065361,DbGate Helper,7914312,0.071184000
1,dbgate,6.347,query,77339,11687755897323,DbGate Helper (GPU),202867696,0.432273375
1,dbgate,6.347,query,77332,11687744721823,DbGate,120948464,0.913956000
1,dbgate,6.347,query,77345,11687765203366,DbGate Helper (Renderer),105793024,0.731207917
1,dbgate,6.347,query,77350,11687776055530,DbGate Helper,52118728,0.338703208
1,dbgate,6.347,query,77349,11687775986776,DbGate Helper,51922168,0.340117958
1,dbgate,6.347,query,77348,11687774234252,DbGate Helper,51741944,0.329500708
1,dbgate,6.347,query,77361,11687781082491,com.apple.SafariPlatformSupport,9847408,0.109914833
1,dbgate,6.347,query,77340,11687756065361,DbGate Helper,7914312,0.071184000
1,dbgate,6.602,query,77339,11687755897323,DbGate Helper (GPU),195380208,0.444887333
1,dbgate,6.602,query,77332,11687744721823,DbGate,120948464,0.916306125
1,dbgate,6.602,query,77345,11687765203366,DbGate Helper (Renderer),105825792,0.741792167
1,dbgate,6.602,query,77350,11687776055530,DbGate Helper,52118728,0.338703208
1,dbgate,6.602,query,77349,11687775986776,DbGate Helper,51922168,0.340117958
1,dbgate,6.602,query,77348,11687774234252,DbGate Helper,51741944,0.329500708
1,dbgate,6.602,query,77361,11687781082491,com.apple.SafariPlatformSupport,9847408,0.109914833
1,dbgate,6.602,query,77340,11687756065361,DbGate Helper,7914312,0.071184000
1,dbgate,6.857,query,77339,11687755897323,DbGate Helper (GPU),195380208,0.451120250
1,dbgate,6.857,query,77332,11687744721823,DbGate,120948464,0.917344917
1,dbgate,6.857,query,77345,11687765203366,DbGate Helper (Renderer),105825792,0.747404625
1,dbgate,6.857,query,77350,11687776055530,DbGate Helper,52118728,0.339044542
1,dbgate,6.857,query,77349,11687775986776,DbGate Helper,51922168,0.340357708
1,dbgate,6.857,query,77348,11687774234252,DbGate Helper,51758328,0.330428042
1,dbgate,6.857,query,77361,11687781082491,com.apple.SafariPlatformSupport,9847408,0.110376958
1,dbgate,6.857,query,77340,11687756065361,DbGate Helper,7914312,0.071184000
1,dbgate,7.112,query,77332,11687744721823,DbGate,120948464,0.917344917
1,dbgate,7.112,query,77339,11687755897323,DbGate Helper (GPU),113951728,0.467151875
1,dbgate,7.112,query,77345,11687765203366,DbGate Helper (Renderer),105825792,0.756280208
1,dbgate,7.112,query,77350,11687776055530,DbGate Helper,52102344,0.339161917
1,dbgate,7.112,query,77349,11687775986776,DbGate Helper,51889400,0.340492500
1,dbgate,7.112,query,77348,11687774234252,DbGate Helper,51758328,0.330428042
1,dbgate,7.112,query,77361,11687781082491,com.apple.SafariPlatformSupport,9847408,0.110376958
1,dbgate,7.112,query,77340,11687756065361,DbGate Helper,7914312,0.071184000
1,dbgate,7.368,query,77332,11687744721823,DbGate,120948464,0.918109583
1,dbgate,7.368,query,77339,11687755897323,DbGate Helper (GPU),113935344,0.474124083
1,dbgate,7.368,query,77345,11687765203366,DbGate Helper (Renderer),105825792,0.761223250
1,dbgate,7.368,query,77350,11687776055530,DbGate Helper,52102344,0.339161917
1,dbgate,7.368,query,77349,11687775986776,DbGate Helper,51889400,0.340492500
1,dbgate,7.368,query,77348,11687774234252,DbGate Helper,51758328,0.330428042
1,dbgate,7.368,query,77361,11687781082491,com.apple.SafariPlatformSupport,9847408,0.110376958
1,dbgate,7.368,query,77340,11687756065361,DbGate Helper,7914312,0.071184000
1,dbgate,7.622,query,77332,11687744721823,DbGate,120948464,0.918626375
1,dbgate,7.622,query,77339,11687755897323,DbGate Helper (GPU),113935344,0.483785750
1,dbgate,7.622,query,77345,11687765203366,DbGate Helper (Renderer),105825792,0.770021208
1,dbgate,7.622,query,77350,11687776055530,DbGate Helper,52102344,0.339161917
1,dbgate,7.622,query,77349,11687775986776,DbGate Helper,51889400,0.340492500
1,dbgate,7.622,query,77348,11687774234252,DbGate Helper,51758328,0.330815750
1,dbgate,7.622,query,77361,11687781082491,com.apple.SafariPlatformSupport,9847408,0.110376958
1,dbgate,7.622,query,77340,11687756065361,DbGate Helper,7914312,0.071184000
1,dbgate,7.877,query,77332,11687744721823,DbGate,120948464,0.919416167
1,dbgate,7.877,query,77339,11687755897323,DbGate Helper (GPU),113935344,0.489870833
1,dbgate,7.877,query,77345,11687765203366,DbGate Helper (Renderer),105825792,0.775688500
1,dbgate,7.877,query,77350,11687776055530,DbGate Helper,52102344,0.339968958
1,dbgate,7.877,query,77349,11687775986776,DbGate Helper,51905784,0.341165250
1,dbgate,7.877,query,77348,11687774234252,DbGate Helper,51758328,0.330815750
1,dbgate,7.877,query,77361,11687781082491,com.apple.SafariPlatformSupport,9847408,0.110376958
1,dbgate,7.877,query,77340,11687756065361,DbGate Helper,7914312,0.071184000
1,dbgate,8.130,query,77332,11687744721823,DbGate,120948464,0.919416167
1,dbgate,8.130,query,77345,11687765203366,DbGate Helper (Renderer),105825792,0.783219208
1,dbgate,8.130,query,77339,11687755897323,DbGate Helper (GPU),82412528,0.501123125
1,dbgate,8.130,query,77350,11687776055530,DbGate Helper,52102344,0.339968958
1,dbgate,8.130,query,77349,11687775986776,DbGate Helper,51905784,0.341165250
1,dbgate,8.130,query,77348,11687774234252,DbGate Helper,51758328,0.330815750
1,dbgate,8.130,query,77361,11687781082491,com.apple.SafariPlatformSupport,9847408,0.110376958
1,dbgate,8.130,query,77340,11687756065361,DbGate Helper,7914312,0.071184000
1,dbgate,8.385,query,77332,11687744721823,DbGate,120948464,0.919416167
1,dbgate,8.385,query,77345,11687765203366,DbGate Helper (Renderer),105825792,0.788819417
1,dbgate,8.385,query,77339,11687755897323,DbGate Helper (GPU),82396144,0.507923250
1,dbgate,8.385,query,77350,11687776055530,DbGate Helper,52102344,0.339968958
1,dbgate,8.385,query,77349,11687775986776,DbGate Helper,51905784,0.341165250
1,dbgate,8.385,query,77348,11687774234252,DbGate Helper,51758328,0.330815750
1,dbgate,8.385,query,77361,11687781082491,com.apple.SafariPlatformSupport,9847408,0.110376958
1,dbgate,8.385,query,77340,11687756065361,DbGate Helper,7914312,0.071184000
1,dbgate,8.640,query,77332,11687744721823,DbGate,120948464,0.919968417
1,dbgate,8.640,query,77345,11687765203366,DbGate Helper (Renderer),105825792,0.797077417
1,dbgate,8.640,query,77339,11687755897323,DbGate Helper (GPU),82396144,0.516938292
1,dbgate,8.640,query,77350,11687776055530,DbGate Helper,52102344,0.339968958
1,dbgate,8.640,query,77349,11687775986776,DbGate Helper,51905784,0.341165250
1,dbgate,8.640,query,77348,11687774234252,DbGate Helper,51758328,0.331182042
1,dbgate,8.640,query,77361,11687781082491,com.apple.SafariPlatformSupport,9847408,0.110376958
1,dbgate,8.640,query,77340,11687756065361,DbGate Helper,7914312,0.071184000
1,dbgate,8.895,query,77332,11687744721823,DbGate,120948464,0.920811250
1,dbgate,8.895,query,77345,11687765203366,DbGate Helper (Renderer),105825792,0.802881125
1,dbgate,8.895,query,77339,11687755897323,DbGate Helper (GPU),82396144,0.523012875
1,dbgate,8.895,query,77350,11687776055530,DbGate Helper,52102344,0.340379083
1,dbgate,8.895,query,77349,11687775986776,DbGate Helper,51905784,0.341447125
1,dbgate,8.895,query,77348,11687774234252,DbGate Helper,51758328,0.331182042
1,dbgate,8.895,query,77361,11687781082491,com.apple.SafariPlatformSupport,9847408,0.110376958
1,dbgate,8.895,query,77340,11687756065361,DbGate Helper,7914312,0.071184000
1,dbgate,9.151,query,77332,11687744721823,DbGate,120948464,0.920811250
1,dbgate,9.151,query,77345,11687765203366,DbGate Helper (Renderer),105825792,0.809569208
1,dbgate,9.151,query,77339,11687755897323,DbGate Helper (GPU),82396144,0.531295000
1,dbgate,9.151,query,77350,11687776055530,DbGate Helper,52102344,0.340379083
1,dbgate,9.151,query,77349,11687775986776,DbGate Helper,51905784,0.341447125
1,dbgate,9.151,query,77348,11687774234252,DbGate Helper,51758328,0.331182042
1,dbgate,9.151,query,77361,11687781082491,com.apple.SafariPlatformSupport,9831024,0.110671625
1,dbgate,9.151,query,77340,11687756065361,DbGate Helper,7914312,0.071184000
1,dbgate,9.405,query,77332,11687744721823,DbGate,120948464,0.923946750
1,dbgate,9.405,query,77345,11687765203366,DbGate Helper (Renderer),105825792,0.814008708
1,dbgate,9.405,query,77339,11687755897323,DbGate Helper (GPU),82379760,0.537356500
1,dbgate,9.405,query,77350,11687776055530,DbGate Helper,52102344,0.340379083
1,dbgate,9.405,query,77349,11687775986776,DbGate Helper,51905784,0.341447125
1,dbgate,9.405,query,77348,11687774234252,DbGate Helper,51758328,0.331182042
1,dbgate,9.405,query,77361,11687781082491,com.apple.SafariPlatformSupport,9831024,0.110671625
1,dbgate,9.405,query,77340,11687756065361,DbGate Helper,7914312,0.071184000
1,dbgate,9.660,query,77332,11687744721823,DbGate,120948464,0.924214250
1,dbgate,9.660,query,77345,11687765203366,DbGate Helper (Renderer),105825792,0.819433083
1,dbgate,9.660,query,77339,11687755897323,DbGate Helper (GPU),82379760,0.544189542
1,dbgate,9.660,query,77350,11687776055530,DbGate Helper,52102344,0.340379083
1,dbgate,9.660,query,77349,11687775986776,DbGate Helper,51905784,0.341447125
1,dbgate,9.660,query,77348,11687774234252,DbGate Helper,51758328,0.331588917
1,dbgate,9.660,query,77361,11687781082491,com.apple.SafariPlatformSupport,9831024,0.110671625
1,dbgate,9.660,query,77340,11687756065361,DbGate Helper,7914312,0.071184000
1,dbgate,9.914,query,77332,11687744721823,DbGate,120948464,0.924778875
1,dbgate,9.914,query,77345,11687765203366,DbGate Helper (Renderer),105825792,0.822897583
1,dbgate,9.914,query,77339,11687755897323,DbGate Helper (GPU),82379760,0.548950625
1,dbgate,9.914,query,77350,11687776055530,DbGate Helper,52102344,0.340796417
1,dbgate,9.914,query,77349,11687775986776,DbGate Helper,51905784,0.341808583
1,dbgate,9.914,query,77348,11687774234252,DbGate Helper,51758328,0.331588917
1,dbgate,9.914,query,77361,11687781082491,com.apple.SafariPlatformSupport,9831024,0.110671625
1,dbgate,9.914,query,77340,11687756065361,DbGate Helper,7914312,0.071184000
1,dbgate,10.168,query,77332,11687744721823,DbGate,120948464,0.924778875
1,dbgate,10.168,query,77345,11687765203366,DbGate Helper (Renderer),105825792,0.829271500
1,dbgate,10.168,query,77339,11687755897323,DbGate Helper (GPU),82396144,0.557659375
1,dbgate,10.168,query,77350,11687776055530,DbGate Helper,52102344,0.340796417
1,dbgate,10.168,query,77349,11687775986776,DbGate Helper,51905784,0.341808583
1,dbgate,10.168,query,77348,11687774234252,DbGate Helper,51758328,0.331588917
1,dbgate,10.168,query,77361,11687781082491,com.apple.SafariPlatformSupport,9831024,0.110671625
1,dbgate,10.168,query,77340,11687756065361,DbGate Helper,7914312,0.071184000
1,dbgate,10.421,query,77332,11687744721823,DbGate,120948464,0.924778875
1,dbgate,10.421,query,77345,11687765203366,DbGate Helper (Renderer),105825792,0.833197500
1,dbgate,10.421,query,77339,11687755897323,DbGate Helper (GPU),82379760,0.563482917
1,dbgate,10.421,query,77350,11687776055530,DbGate Helper,52102344,0.340796417
1,dbgate,10.421,query,77349,11687775986776,DbGate Helper,51905784,0.341808583
1,dbgate,10.421,query,77348,11687774234252,DbGate Helper,51758328,0.331588917
1,dbgate,10.421,query,77361,11687781082491,com.apple.SafariPlatformSupport,9831024,0.110671625
1,dbgate,10.421,query,77340,11687756065361,DbGate Helper,7914312,0.071184000
1,dbgate,10.675,query,77332,11687744721823,DbGate,120948464,0.927531792
1,dbgate,10.675,query,77345,11687765203366,DbGate Helper (Renderer),105825792,0.840931042
1,dbgate,10.675,query,77339,11687755897323,DbGate Helper (GPU),82379760,0.572854917
1,dbgate,10.675,query,77350,11687776055530,DbGate Helper,52102344,0.340982708
1,dbgate,10.675,query,77349,11687775986776,DbGate Helper,51905784,0.341977167
1,dbgate,10.675,query,77348,11687774234252,DbGate Helper,51758328,0.332032250
1,dbgate,10.675,query,77361,11687781082491,com.apple.SafariPlatformSupport,9831024,0.110671625
1,dbgate,10.675,query,77340,11687756065361,DbGate Helper,7914312,0.071184000
1,dbgate,10.930,query,77332,11687744721823,DbGate,120948464,0.927674500
1,dbgate,10.930,query,77345,11687765203366,DbGate Helper (Renderer),105825792,0.845726333
1,dbgate,10.930,query,77339,11687755897323,DbGate Helper (GPU),82396144,0.577854000
1,dbgate,10.930,query,77350,11687776055530,DbGate Helper,52102344,0.340982708
1,dbgate,10.930,query,77349,11687775986776,DbGate Helper,51905784,0.341977167
1,dbgate,10.930,query,77348,11687774234252,DbGate Helper,51758328,0.332032250
1,dbgate,10.930,query,77361,11687781082491,com.apple.SafariPlatformSupport,9831024,0.110671625
1,dbgate,10.930,query,77340,11687756065361,DbGate Helper,7914312,0.071184000
1,dbgate,11.185,query,77332,11687744721823,DbGate,120948464,0.927869042
1,dbgate,11.185,query,77345,11687765203366,DbGate Helper (Renderer),105825792,0.850179292
1,dbgate,11.185,query,77339,11687755897323,DbGate Helper (GPU),82396144,0.585830917
1,dbgate,11.185,query,77350,11687776055530,DbGate Helper,52053192,0.341027542
1,dbgate,11.185,query,77349,11687775986776,DbGate Helper,51840248,0.342029292
1,dbgate,11.185,query,77348,11687774234252,DbGate Helper,51725560,0.332086250
1,dbgate,11.185,query,77361,11687781082491,com.apple.SafariPlatformSupport,9781872,0.110836750
1,dbgate,11.185,query,77340,11687756065361,DbGate Helper,7914312,0.071184000
1,dbgate,11.440,query,77332,11687744721823,DbGate,120948464,0.927907208
1,dbgate,11.440,query,77345,11687765203366,DbGate Helper (Renderer),105842176,0.857235083
1,dbgate,11.440,query,77339,11687755897323,DbGate Helper (GPU),82379760,0.591938000
1,dbgate,11.440,query,77350,11687776055530,DbGate Helper,52053192,0.341027542
1,dbgate,11.440,query,77349,11687775986776,DbGate Helper,51840248,0.342029292
1,dbgate,11.440,query,77348,11687774234252,DbGate Helper,51725560,0.332086250
1,dbgate,11.440,query,77361,11687781082491,com.apple.SafariPlatformSupport,9781872,0.110836750
1,dbgate,11.440,query,77340,11687756065361,DbGate Helper,7914312,0.071184000
1,dbgate,11.695,query,77332,11687744721823,DbGate,120948464,0.929119542
1,dbgate,11.695,query,77345,11687765203366,DbGate Helper (Renderer),105842176,0.862619875
1,dbgate,11.695,query,77339,11687755897323,DbGate Helper (GPU),82379760,0.600211333
1,dbgate,11.695,query,77350,11687776055530,DbGate Helper,52053192,0.341507375
1,dbgate,11.695,query,77349,11687775986776,DbGate Helper,51840248,0.342438167
1,dbgate,11.695,query,77348,11687774234252,DbGate Helper,51725560,0.332500792
1,dbgate,11.695,query,77361,11687781082491,com.apple.SafariPlatformSupport,9781872,0.110836750
1,dbgate,11.695,query,77340,11687756065361,DbGate Helper,7914312,0.071184000
1,dbgate,11.946,query,77339,11687755897323,DbGate Helper (GPU),144606192,0.613271792
1,dbgate,11.946,query,77332,11687744721823,DbGate,121423600,0.974851542
1,dbgate,11.946,query,77345,11687765203366,DbGate Helper (Renderer),106219008,0.874139333
1,dbgate,11.946,query,77350,11687776055530,DbGate Helper,52053192,0.341507375
1,dbgate,11.946,query,77349,11687775986776,DbGate Helper,51840248,0.342438167
1,dbgate,11.946,query,77348,11687774234252,DbGate Helper,51725560,0.332500792
1,dbgate,11.946,query,77361,11687781082491,com.apple.SafariPlatformSupport,9781872,0.110836750
1,dbgate,11.946,query,77340,11687756065361,DbGate Helper,7914312,0.071184000
1,dbgate,12.201,query,77339,11687755897323,DbGate Helper (GPU),144589808,0.618001333
1,dbgate,12.201,query,77332,11687744721823,DbGate,121898736,1.000004375
1,dbgate,12.201,query,77345,11687765203366,DbGate Helper (Renderer),106268160,0.879379167
1,dbgate,12.201,query,77350,11687776055530,DbGate Helper,52053192,0.341507375
1,dbgate,12.201,query,77349,11687775986776,DbGate Helper,51840248,0.342438167
1,dbgate,12.201,query,77348,11687774234252,DbGate Helper,51725560,0.332500792
1,dbgate,12.201,query,77361,11687781082491,com.apple.SafariPlatformSupport,9781872,0.110836750
1,dbgate,12.201,query,77340,11687756065361,DbGate Helper,7914312,0.071184000
1,dbgate,12.455,query,77339,11687755897323,DbGate Helper (GPU),204342256,0.627951375
1,dbgate,12.455,query,77332,11687744721823,DbGate,123127536,1.031139708
1,dbgate,12.455,query,77345,11687765203366,DbGate Helper (Renderer),107038208,0.892830625
1,dbgate,12.455,query,77350,11687776055530,DbGate Helper,52053192,0.341507375
1,dbgate,12.455,query,77349,11687775986776,DbGate Helper,51840248,0.342438167
1,dbgate,12.455,query,77348,11687774234252,DbGate Helper,51725560,0.332500792
1,dbgate,12.455,query,77361,11687781082491,com.apple.SafariPlatformSupport,9781872,0.110836750
1,dbgate,12.455,query,77340,11687756065361,DbGate Helper,7914312,0.071718333
1,dbgate,12.711,query,77339,11687755897323,DbGate Helper (GPU),204768240,0.642530458
1,dbgate,12.711,query,77332,11687744721823,DbGate,123176688,1.038205042
1,dbgate,12.711,query,77345,11687765203366,DbGate Helper (Renderer),107283968,0.910660750
1,dbgate,12.711,query,77350,11687776055530,DbGate Helper,52053192,0.341760208
1,dbgate,12.711,query,77349,11687775986776,DbGate Helper,51840248,0.342644667
1,dbgate,12.711,query,77348,11687774234252,DbGate Helper,51725560,0.332783958
1,dbgate,12.711,query,77361,11687781082491,com.apple.SafariPlatformSupport,9781872,0.110836750
1,dbgate,12.711,query,77340,11687756065361,DbGate Helper,7914312,0.071718333
1,dbgate,12.966,query,77339,11687755897323,DbGate Helper (GPU),204768240,0.652482917
1,dbgate,12.966,query,77332,11687744721823,DbGate,123176688,1.039912042
1,dbgate,12.966,query,77345,11687765203366,DbGate Helper (Renderer),107283968,0.917992500
1,dbgate,12.966,query,77350,11687776055530,DbGate Helper,52053192,0.341760208
1,dbgate,12.966,query,77349,11687775986776,DbGate Helper,51840248,0.342644667
1,dbgate,12.966,query,77348,11687774234252,DbGate Helper,51725560,0.332783958
1,dbgate,12.966,query,77361,11687781082491,com.apple.SafariPlatformSupport,9781872,0.110836750
1,dbgate,12.966,query,77340,11687756065361,DbGate Helper,7914312,0.071830667
1,dbgate,13.221,query,77339,11687755897323,DbGate Helper (GPU),215696368,0.688948042
1,dbgate,13.221,query,77332,11687744721823,DbGate,123930352,1.061955625
1,dbgate,13.221,query,77345,11687765203366,DbGate Helper (Renderer),110560768,1.052921125
1,dbgate,13.221,query,77350,11687776055530,DbGate Helper,52053192,0.341760208
1,dbgate,13.221,query,77349,11687775986776,DbGate Helper,51840248,0.342644667
1,dbgate,13.221,query,77348,11687774234252,DbGate Helper,51725560,0.332783958
1,dbgate,13.221,query,77416,11688056706124,DbGate Helper,35226776,0.166624417
1,dbgate,13.221,query,77361,11687781082491,com.apple.SafariPlatformSupport,9781872,0.110836750
1,dbgate,13.221,query,77340,11687756065361,DbGate Helper,7603016,0.072396167
1,dbgate,13.476,query,77339,11687755897323,DbGate Helper (GPU),237011952,0.715212458
1,dbgate,13.476,query,77332,11687744721823,DbGate,124536560,1.090159083
1,dbgate,13.476,query,77345,11687765203366,DbGate Helper (Renderer),118375936,1.124021500
1,dbgate,13.476,query,77416,11688056706124,DbGate Helper,57935120,0.364368333
1,dbgate,13.476,query,77350,11687776055530,DbGate Helper,52053192,0.341760208
1,dbgate,13.476,query,77349,11687775986776,DbGate Helper,51840248,0.342644667
1,dbgate,13.476,query,77348,11687774234252,DbGate Helper,51725560,0.332783958
1,dbgate,13.476,query,77361,11687781082491,com.apple.SafariPlatformSupport,9781872,0.110836750
1,dbgate,13.476,query,77340,11687756065361,DbGate Helper,7603016,0.072396167
1,dbgate,13.731,query,77339,11687755897323,DbGate Helper (GPU),236766192,0.734521500
1,dbgate,13.731,query,77332,11687744721823,DbGate,124602096,1.091702750
1,dbgate,13.731,query,77345,11687765203366,DbGate Helper (Renderer),119555584,1.162163208
1,dbgate,13.731,query,77416,11688056706124,DbGate Helper,57935120,0.364578000
1,dbgate,13.731,query,77350,11687776055530,DbGate Helper,52053192,0.341882958
1,dbgate,13.731,query,77349,11687775986776,DbGate Helper,51840248,0.342765417
1,dbgate,13.731,query,77348,11687774234252,DbGate Helper,51725560,0.332968250
1,dbgate,13.731,query,77361,11687781082491,com.apple.SafariPlatformSupport,9781872,0.110836750
1,dbgate,13.731,query,77340,11687756065361,DbGate Helper,7603016,0.072396167
1,dbgate,13.983,query,77339,11687755897323,DbGate Helper (GPU),236749808,0.740958667
1,dbgate,13.983,query,77332,11687744721823,DbGate,124602096,1.091702750
1,dbgate,13.983,query,77345,11687765203366,DbGate Helper (Renderer),119555584,1.168836417
1,dbgate,13.983,query,77416,11688056706124,DbGate Helper,57935120,0.364578000
1,dbgate,13.983,query,77350,11687776055530,DbGate Helper,52053192,0.341882958
1,dbgate,13.983,query,77349,11687775986776,DbGate Helper,51840248,0.342765417
1,dbgate,13.983,query,77348,11687774234252,DbGate Helper,51725560,0.332968250
1,dbgate,13.983,query,77361,11687781082491,com.apple.SafariPlatformSupport,9781872,0.110836750
1,dbgate,13.983,query,77340,11687756065361,DbGate Helper,7603016,0.072396167
1,dbgate,14.234,query,77339,11687755897323,DbGate Helper (GPU),237552624,0.775197417
1,dbgate,14.234,query,77332,11687744721823,DbGate,124651248,1.105028875
1,dbgate,14.234,query,77345,11687765203366,DbGate Helper (Renderer),123110912,1.252665125
1,dbgate,14.234,query,77416,11688056706124,DbGate Helper,57935120,0.364578000
1,dbgate,14.234,query,77350,11687776055530,DbGate Helper,52053192,0.341882958
1,dbgate,14.234,query,77349,11687775986776,DbGate Helper,51840248,0.342765417
1,dbgate,14.234,query,77348,11687774234252,DbGate Helper,51725560,0.332968250
1,dbgate,14.234,query,77361,11687781082491,com.apple.SafariPlatformSupport,9781872,0.110836750
1,dbgate,14.234,query,77340,11687756065361,DbGate Helper,7603016,0.072396167
1,dbgate,14.487,query,77339,11687755897323,DbGate Helper (GPU),253346848,0.898726708
1,dbgate,14.487,query,77345,11687765203366,DbGate Helper (Renderer),131925504,1.377787167
1,dbgate,14.487,query,77332,11687744721823,DbGate,124536560,1.121087083
1,dbgate,14.487,query,77416,11688056706124,DbGate Helper,57935120,0.364903208
1,dbgate,14.487,query,77350,11687776055530,DbGate Helper,52053192,0.341882958
1,dbgate,14.487,query,77349,11687775986776,DbGate Helper,51840248,0.342765417
1,dbgate,14.487,query,77348,11687774234252,DbGate Helper,51725560,0.332968250
1,dbgate,14.487,query,77361,11687781082491,com.apple.SafariPlatformSupport,9781872,0.110836750
1,dbgate,14.487,query,77340,11687756065361,DbGate Helper,7603016,0.072396167
1,dbgate,14.742,query,77339,11687755897323,DbGate Helper (GPU),256099360,1.005021875
1,dbgate,14.742,query,77345,11687765203366,DbGate Helper (Renderer),139462168,1.559769542
1,dbgate,14.742,query,77332,11687744721823,DbGate,124536560,1.136694208
1,dbgate,14.742,query,77416,11688056706124,DbGate Helper,57935120,0.364903208
1,dbgate,14.742,query,77350,11687776055530,DbGate Helper,52053192,0.342058000
1,dbgate,14.742,query,77349,11687775986776,DbGate Helper,51840248,0.342858958
1,dbgate,14.742,query,77348,11687774234252,DbGate Helper,51725560,0.333050792
1,dbgate,14.742,query,77361,11687781082491,com.apple.SafariPlatformSupport,9781872,0.110836750
1,dbgate,14.742,query,77340,11687756065361,DbGate Helper,7603016,0.072396167
1,dbgate,14.996,query,77339,11687755897323,DbGate Helper (GPU),256295968,1.106750750
1,dbgate,14.996,query,77345,11687765203366,DbGate Helper (Renderer),139806232,1.662414250
1,dbgate,14.996,query,77332,11687744721823,DbGate,124536560,1.151071875
1,dbgate,14.996,query,77416,11688056706124,DbGate Helper,57935120,0.364903208
1,dbgate,14.996,query,77350,11687776055530,DbGate Helper,52053192,0.342058000
1,dbgate,14.996,query,77349,11687775986776,DbGate Helper,51840248,0.342858958
1,dbgate,14.996,query,77348,11687774234252,DbGate Helper,51725560,0.333050792
1,dbgate,14.996,query,77361,11687781082491,com.apple.SafariPlatformSupport,9781872,0.110836750
1,dbgate,14.996,query,77340,11687756065361,DbGate Helper,7603016,0.072396167
1,dbgate,15.252,query,77339,11687755897323,DbGate Helper (GPU),256590880,1.215399667
1,dbgate,15.252,query,77345,11687765203366,DbGate Helper (Renderer),141493784,1.801676292
1,dbgate,15.252,query,77332,11687744721823,DbGate,124552944,1.165794167
1,dbgate,15.252,query,77416,11688056706124,DbGate Helper,57935120,0.364903208
1,dbgate,15.252,query,77350,11687776055530,DbGate Helper,52053192,0.342058000
1,dbgate,15.252,query,77349,11687775986776,DbGate Helper,51840248,0.342858958
1,dbgate,15.252,query,77348,11687774234252,DbGate Helper,51725560,0.333050792
1,dbgate,15.252,query,77361,11687781082491,com.apple.SafariPlatformSupport,9781872,0.110836750
1,dbgate,15.252,query,77340,11687756065361,DbGate Helper,7603016,0.072396167
1,dbgate,15.504,query,77339,11687755897323,DbGate Helper (GPU),259048480,1.319471583
1,dbgate,15.504,query,77345,11687765203366,DbGate Helper (Renderer),147326512,1.914247167
1,dbgate,15.504,query,77332,11687744721823,DbGate,124552944,1.179216500
1,dbgate,15.504,query,77416,11688056706124,DbGate Helper,57935120,0.365021042
1,dbgate,15.504,query,77350,11687776055530,DbGate Helper,52053192,0.342058000
1,dbgate,15.504,query,77349,11687775986776,DbGate Helper,51840248,0.342858958
1,dbgate,15.504,query,77348,11687774234252,DbGate Helper,51725560,0.333050792
1,dbgate,15.504,query,77361,11687781082491,com.apple.SafariPlatformSupport,9781872,0.110836750
1,dbgate,15.504,query,77340,11687756065361,DbGate Helper,7603016,0.072396167
1,dbgate,15.758,query,77339,11687755897323,DbGate Helper (GPU),258196512,1.415992750
1,dbgate,15.758,query,77345,11687765203366,DbGate Helper (Renderer),148866608,2.081090292
1,dbgate,15.758,query,77332,11687744721823,DbGate,124552944,1.195183708
1,dbgate,15.758,query,77416,11688056706124,DbGate Helper,57935120,0.365021042
1,dbgate,15.758,query,77350,11687776055530,DbGate Helper,52053192,0.342164625
1,dbgate,15.758,query,77349,11687775986776,DbGate Helper,51840248,0.342937625
1,dbgate,15.758,query,77348,11687774234252,DbGate Helper,51725560,0.333151625
1,dbgate,15.758,query,77361,11687781082491,com.apple.SafariPlatformSupport,9781872,0.110836750
1,dbgate,15.758,query,77340,11687756065361,DbGate Helper,7603016,0.072396167
1,dbgate,16.013,query,77339,11687755897323,DbGate Helper (GPU),268862520,1.494177292
1,dbgate,16.013,query,77345,11687765203366,DbGate Helper (Renderer),149030448,2.173535583
1,dbgate,16.013,query,77332,11687744721823,DbGate,124552944,1.204605500
1,dbgate,16.013,query,77416,11688056706124,DbGate Helper,57935120,0.365021042
1,dbgate,16.013,query,77350,11687776055530,DbGate Helper,52053192,0.342164625
1,dbgate,16.013,query,77349,11687775986776,DbGate Helper,51840248,0.342937625
1,dbgate,16.013,query,77348,11687774234252,DbGate Helper,51725560,0.333151625
1,dbgate,16.013,query,77361,11687781082491,com.apple.SafariPlatformSupport,9781872,0.110836750
1,dbgate,16.013,query,77340,11687756065361,DbGate Helper,7603016,0.072396167
1,dbgate,16.267,query,77339,11687755897323,DbGate Helper (GPU),271680568,1.584378542
1,dbgate,16.267,query,77345,11687765203366,DbGate Helper (Renderer),149112368,2.248014708
1,dbgate,16.267,query,77332,11687744721823,DbGate,124552944,1.216485375
1,dbgate,16.267,query,77416,11688056706124,DbGate Helper,57935120,0.365021042
1,dbgate,16.267,query,77350,11687776055530,DbGate Helper,52053192,0.342164625
1,dbgate,16.267,query,77349,11687775986776,DbGate Helper,51840248,0.342937625
1,dbgate,16.267,query,77348,11687774234252,DbGate Helper,51725560,0.333151625
1,dbgate,16.267,query,77361,11687781082491,com.apple.SafariPlatformSupport,9781872,0.110836750
1,dbgate,16.267,query,77340,11687756065361,DbGate Helper,7603016,0.072396167
1,dbgate,16.520,query,77339,11687755897323,DbGate Helper (GPU),271696952,1.621201125
1,dbgate,16.520,query,77345,11687765203366,DbGate Helper (Renderer),149243440,2.319401458
1,dbgate,16.520,query,77332,11687744721823,DbGate,124585712,1.232966083
1,dbgate,16.520,query,77416,11688056706124,DbGate Helper,57935120,0.365299375
1,dbgate,16.520,query,77350,11687776055530,DbGate Helper,52053192,0.342164625
1,dbgate,16.520,query,77349,11687775986776,DbGate Helper,51840248,0.342937625
1,dbgate,16.520,query,77348,11687774234252,DbGate Helper,51725560,0.333151625
1,dbgate,16.520,query,77361,11687781082491,com.apple.SafariPlatformSupport,9749104,0.110946083
1,dbgate,16.520,query,77340,11687756065361,DbGate Helper,7603016,0.072396167
1,dbgate,16.773,query,77339,11687755897323,DbGate Helper (GPU),271696952,1.665250000
1,dbgate,16.773,query,77345,11687765203366,DbGate Helper (Renderer),149751344,2.403911458
1,dbgate,16.773,query,77332,11687744721823,DbGate,124602096,1.249171917
1,dbgate,16.773,query,77416,11688056706124,DbGate Helper,57935120,0.365299375
1,dbgate,16.773,query,77350,11687776055530,DbGate Helper,52053192,0.342261208
1,dbgate,16.773,query,77349,11687775986776,DbGate Helper,51840248,0.343008333
1,dbgate,16.773,query,77348,11687774234252,DbGate Helper,51725560,0.333252583
1,dbgate,16.773,query,77361,11687781082491,com.apple.SafariPlatformSupport,9749104,0.110946083
1,dbgate,16.773,query,77340,11687756065361,DbGate Helper,7603016,0.072396167
1,dbgate,17.028,query,77339,11687755897323,DbGate Helper (GPU),271565880,1.711435042
1,dbgate,17.028,query,77345,11687765203366,DbGate Helper (Renderer),152323632,2.488294417
1,dbgate,17.028,query,77332,11687744721823,DbGate,124602096,1.264415875
1,dbgate,17.028,query,77416,11688056706124,DbGate Helper,57935120,0.365299375
1,dbgate,17.028,query,77350,11687776055530,DbGate Helper,52053192,0.342261208
1,dbgate,17.028,query,77349,11687775986776,DbGate Helper,51840248,0.343008333
1,dbgate,17.028,query,77348,11687774234252,DbGate Helper,51725560,0.333252583
1,dbgate,17.028,query,77361,11687781082491,com.apple.SafariPlatformSupport,9749104,0.110946083
1,dbgate,17.028,query,77340,11687756065361,DbGate Helper,7603016,0.072396167
1,dbgate,17.282,query,77339,11687755897323,DbGate Helper (GPU),271533112,1.746367833
1,dbgate,17.282,query,77345,11687765203366,DbGate Helper (Renderer),155305520,2.555335875
1,dbgate,17.282,query,77332,11687744721823,DbGate,124602096,1.277677917
1,dbgate,17.282,query,77416,11688056706124,DbGate Helper,57935120,0.365299375
1,dbgate,17.282,query,77350,11687776055530,DbGate Helper,52053192,0.342261208
1,dbgate,17.282,query,77349,11687775986776,DbGate Helper,51840248,0.343008333
1,dbgate,17.282,query,77348,11687774234252,DbGate Helper,51725560,0.333252583
1,dbgate,17.282,query,77361,11687781082491,com.apple.SafariPlatformSupport,9749104,0.110946083
1,dbgate,17.282,query,77340,11687756065361,DbGate Helper,7603016,0.072396167
1,dbgate,17.537,query,77339,11687755897323,DbGate Helper (GPU),271533112,1.791865708
1,dbgate,17.537,query,77345,11687765203366,DbGate Helper (Renderer),159925808,2.639600333
1,dbgate,17.537,query,77332,11687744721823,DbGate,124602096,1.293088875
1,dbgate,17.537,query,77416,11688056706124,DbGate Helper,57935120,0.365443875
1,dbgate,17.537,query,77350,11687776055530,DbGate Helper,52053192,0.342261208
1,dbgate,17.537,query,77349,11687775986776,DbGate Helper,51840248,0.343008333
1,dbgate,17.537,query,77348,11687774234252,DbGate Helper,51725560,0.333252583
1,dbgate,17.537,query,77361,11687781082491,com.apple.SafariPlatformSupport,9749104,0.110946083
1,dbgate,17.537,query,77340,11687756065361,DbGate Helper,7603016,0.072396167
1,dbgate,17.792,query,77339,11687755897323,DbGate Helper (GPU),271533112,1.824134292
1,dbgate,17.792,query,77345,11687765203366,DbGate Helper (Renderer),162235952,2.696070708
1,dbgate,17.792,query,77332,11687744721823,DbGate,124602096,1.304350083
1,dbgate,17.792,query,77416,11688056706124,DbGate Helper,57935120,0.365443875
1,dbgate,17.792,query,77350,11687776055530,DbGate Helper,52053192,0.342369500
1,dbgate,17.792,query,77349,11687775986776,DbGate Helper,51840248,0.343082667
1,dbgate,17.792,query,77348,11687774234252,DbGate Helper,51725560,0.333362833
1,dbgate,17.792,query,77361,11687781082491,com.apple.SafariPlatformSupport,9749104,0.110946083
1,dbgate,17.792,query,77340,11687756065361,DbGate Helper,7603016,0.072396167
1,dbgate,18.045,query,77339,11687755897323,DbGate Helper (GPU),234685496,1.871369958
1,dbgate,18.045,query,77345,11687765203366,DbGate Helper (Renderer),166544944,2.780077333
1,dbgate,18.045,query,77332,11687744721823,DbGate,124602096,1.319350000
1,dbgate,18.045,query,77416,11688056706124,DbGate Helper,57935120,0.365443875
1,dbgate,18.045,query,77350,11687776055530,DbGate Helper,52053192,0.342369500
1,dbgate,18.045,query,77349,11687775986776,DbGate Helper,51840248,0.343082667
1,dbgate,18.045,query,77348,11687774234252,DbGate Helper,51725560,0.333362833
1,dbgate,18.045,query,77361,11687781082491,com.apple.SafariPlatformSupport,9749104,0.110946083
1,dbgate,18.045,query,77340,11687756065361,DbGate Helper,7603016,0.072396167
1,dbgate,18.296,query,77339,11687755897323,DbGate Helper (GPU),234505272,1.919122000
1,dbgate,18.296,query,77345,11687765203366,DbGate Helper (Renderer),169969200,2.860927708
1,dbgate,18.296,query,77332,11687744721823,DbGate,124602096,1.337396125
1,dbgate,18.296,query,77416,11688056706124,DbGate Helper,57935120,0.365443875
1,dbgate,18.296,query,77350,11687776055530,DbGate Helper,52053192,0.342369500
1,dbgate,18.296,query,77349,11687775986776,DbGate Helper,51840248,0.343082667
1,dbgate,18.296,query,77348,11687774234252,DbGate Helper,51725560,0.333362833
1,dbgate,18.296,query,77361,11687781082491,com.apple.SafariPlatformSupport,9749104,0.110946083
1,dbgate,18.296,query,77340,11687756065361,DbGate Helper,7603016,0.072396167
1,dbgate,18.550,query,77339,11687755897323,DbGate Helper (GPU),194626616,1.954663625
1,dbgate,18.550,query,77345,11687765203366,DbGate Helper (Renderer),172574256,2.920285708
1,dbgate,18.550,query,77332,11687744721823,DbGate,124602096,1.349452333
1,dbgate,18.550,query,77416,11688056706124,DbGate Helper,57935120,0.365763333
1,dbgate,18.550,query,77350,11687776055530,DbGate Helper,52053192,0.342369500
1,dbgate,18.550,query,77349,11687775986776,DbGate Helper,51840248,0.343082667
1,dbgate,18.550,query,77348,11687774234252,DbGate Helper,51725560,0.333362833
1,dbgate,18.550,query,77361,11687781082491,com.apple.SafariPlatformSupport,9749104,0.110946083
1,dbgate,18.550,query,77340,11687756065361,DbGate Helper,7603016,0.072396167
1,dbgate,18.805,query,77345,11687765203366,DbGate Helper (Renderer),177735216,3.008444083
1,dbgate,18.805,query,77339,11687755897323,DbGate Helper (GPU),166626360,2.005587917
1,dbgate,18.805,query,77332,11687744721823,DbGate,124602096,1.366951083
1,dbgate,18.805,query,77416,11688056706124,DbGate Helper,57869584,0.365864500
1,dbgate,18.805,query,77350,11687776055530,DbGate Helper,52053192,0.342515292
1,dbgate,18.805,query,77349,11687775986776,DbGate Helper,51840248,0.343182833
1,dbgate,18.805,query,77348,11687774234252,DbGate Helper,51725560,0.333475250
1,dbgate,18.805,query,77361,11687781082491,com.apple.SafariPlatformSupport,9749104,0.110946083
1,dbgate,18.805,query,77340,11687756065361,DbGate Helper,7603016,0.072396167
1,dbgate,19.058,query,77345,11687765203366,DbGate Helper (Renderer),180749872,3.078461292
1,dbgate,19.058,query,77339,11687755897323,DbGate Helper (GPU),166626360,2.046947875
1,dbgate,19.058,query,77332,11687744721823,DbGate,124602096,1.381037750
1,dbgate,19.058,query,77416,11688056706124,DbGate Helper,57869584,0.365864500
1,dbgate,19.058,query,77350,11687776055530,DbGate Helper,52053192,0.342515292
1,dbgate,19.058,query,77349,11687775986776,DbGate Helper,51840248,0.343182833
1,dbgate,19.058,query,77348,11687774234252,DbGate Helper,51725560,0.333475250
1,dbgate,19.058,query,77361,11687781082491,com.apple.SafariPlatformSupport,9749104,0.110946083
1,dbgate,19.058,query,77340,11687756065361,DbGate Helper,7603016,0.072396167
1,dbgate,19.314,query,77345,11687765203366,DbGate Helper (Renderer),182666800,3.121415042
1,dbgate,19.314,query,77339,11687755897323,DbGate Helper (GPU),166495288,2.075078750
1,dbgate,19.314,query,77332,11687744721823,DbGate,124602096,1.389142167
1,dbgate,19.314,query,77416,11688056706124,DbGate Helper,57869584,0.365864500
1,dbgate,19.314,query,77350,11687776055530,DbGate Helper,52053192,0.342515292
1,dbgate,19.314,query,77349,11687775986776,DbGate Helper,51840248,0.343182833
1,dbgate,19.314,query,77348,11687774234252,DbGate Helper,51725560,0.333475250
1,dbgate,19.314,query,77361,11687781082491,com.apple.SafariPlatformSupport,9749104,0.110946083
1,dbgate,19.314,query,77340,11687756065361,DbGate Helper,7603016,0.072396167
1,dbgate,19.567,after-query,77345,11687765203366,DbGate Helper (Renderer),182666800,3.130009250
1,dbgate,19.567,after-query,77339,11687755897323,DbGate Helper (GPU),166478904,2.080813250
1,dbgate,19.567,after-query,77332,11687744721823,DbGate,124602096,1.390415250
1,dbgate,19.567,after-query,77416,11688056706124,DbGate Helper,57869584,0.366158208
1,dbgate,19.567,after-query,77350,11687776055530,DbGate Helper,52053192,0.342515292
1,dbgate,19.567,after-query,77349,11687775986776,DbGate Helper,51840248,0.343182833
1,dbgate,19.567,after-query,77348,11687774234252,DbGate Helper,51725560,0.333475250
1,dbgate,19.567,after-query,77361,11687781082491,com.apple.SafariPlatformSupport,9749104,0.110946083
1,dbgate,19.567,after-query,77340,11687756065361,DbGate Helper,7603016,0.072396167
1,dbgate,19.821,after-query,77345,11687765203366,DbGate Helper (Renderer),182666800,3.136876500
1,dbgate,19.821,after-query,77339,11687755897323,DbGate Helper (GPU),165938232,2.087866917
1,dbgate,19.821,after-query,77332,11687744721823,DbGate,124602096,1.391220417
1,dbgate,19.821,after-query,77416,11688056706124,DbGate Helper,57869584,0.366158208
1,dbgate,19.821,after-query,77350,11687776055530,DbGate Helper,52053192,0.342649625
1,dbgate,19.821,after-query,77349,11687775986776,DbGate Helper,51840248,0.343281208
1,dbgate,19.821,after-query,77348,11687774234252,DbGate Helper,51725560,0.333612667
1,dbgate,19.821,after-query,77361,11687781082491,com.apple.SafariPlatformSupport,9749104,0.110946083
1,dbgate,19.821,after-query,77340,11687756065361,DbGate Helper,7603016,0.072396167
1,dbgate,20.076,after-query,77345,11687765203366,DbGate Helper (Renderer),182666800,3.144858875
1,dbgate,20.076,after-query,77339,11687755897323,DbGate Helper (GPU),165938232,2.095948958
1,dbgate,20.076,after-query,77332,11687744721823,DbGate,124602096,1.391220417
1,dbgate,20.076,after-query,77416,11688056706124,DbGate Helper,57869584,0.366158208
1,dbgate,20.076,after-query,77350,11687776055530,DbGate Helper,52053192,0.342649625
1,dbgate,20.076,after-query,77349,11687775986776,DbGate Helper,51840248,0.343281208
1,dbgate,20.076,after-query,77348,11687774234252,DbGate Helper,51725560,0.333612667
1,dbgate,20.076,after-query,77361,11687781082491,com.apple.SafariPlatformSupport,9749104,0.110946083
1,dbgate,20.076,after-query,77340,11687756065361,DbGate Helper,7603016,0.072396167
1,dbgate,20.331,after-query,77345,11687765203366,DbGate Helper (Renderer),182666800,3.150921958
1,dbgate,20.331,after-query,77339,11687755897323,DbGate Helper (GPU),165921848,2.102769667
1,dbgate,20.331,after-query,77332,11687744721823,DbGate,124602096,1.391220417
1,dbgate,20.331,after-query,77416,11688056706124,DbGate Helper,57869584,0.366158208
1,dbgate,20.331,after-query,77350,11687776055530,DbGate Helper,52053192,0.342649625
1,dbgate,20.331,after-query,77349,11687775986776,DbGate Helper,51840248,0.343281208
1,dbgate,20.331,after-query,77348,11687774234252,DbGate Helper,51725560,0.333612667
1,dbgate,20.331,after-query,77361,11687781082491,com.apple.SafariPlatformSupport,9749104,0.110946083
1,dbgate,20.331,after-query,77340,11687756065361,DbGate Helper,7603016,0.072396167
1,dbgate,20.586,after-query,77345,11687765203366,DbGate Helper (Renderer),182666800,3.157450625
1,dbgate,20.586,after-query,77339,11687755897323,DbGate Helper (GPU),161727544,2.109011500
1,dbgate,20.586,after-query,77332,11687744721823,DbGate,124602096,1.391607833
1,dbgate,20.586,after-query,77416,11688056706124,DbGate Helper,57869584,0.366415375
1,dbgate,20.586,after-query,77350,11687776055530,DbGate Helper,52053192,0.342649625
1,dbgate,20.586,after-query,77349,11687775986776,DbGate Helper,51840248,0.343281208
1,dbgate,20.586,after-query,77348,11687774234252,DbGate Helper,51725560,0.333612667
1,dbgate,20.586,after-query,77361,11687781082491,com.apple.SafariPlatformSupport,9749104,0.110946083
1,dbgate,20.586,after-query,77340,11687756065361,DbGate Helper,7603016,0.072396167
1,dbgate,20.841,after-query,77345,11687765203366,DbGate Helper (Renderer),182666800,3.165780333
1,dbgate,20.841,after-query,77339,11687755897323,DbGate Helper (GPU),161727544,2.118864958
1,dbgate,20.841,after-query,77332,11687744721823,DbGate,124602096,1.392810042
1,dbgate,20.841,after-query,77416,11688056706124,DbGate Helper,57869584,0.366415375
1,dbgate,20.841,after-query,77350,11687776055530,DbGate Helper,52053192,0.342902875
1,dbgate,20.841,after-query,77349,11687775986776,DbGate Helper,51840248,0.343501208
1,dbgate,20.841,after-query,77348,11687774234252,DbGate Helper,51725560,0.333941542
1,dbgate,20.841,after-query,77361,11687781082491,com.apple.SafariPlatformSupport,9749104,0.110946083
1,dbgate,20.841,after-query,77340,11687756065361,DbGate Helper,7603016,0.072396167
1,dbgate,21.092,after-query,77345,11687765203366,DbGate Helper (Renderer),182224432,3.172721792
1,dbgate,21.092,after-query,77339,11687755897323,DbGate Helper (GPU),142083128,2.129853875
1,dbgate,21.092,after-query,77332,11687744721823,DbGate,124602096,1.393014167
1,dbgate,21.092,after-query,77416,11688056706124,DbGate Helper,57869584,0.366415375
1,dbgate,21.092,after-query,77350,11687776055530,DbGate Helper,52053192,0.342902875
1,dbgate,21.092,after-query,77349,11687775986776,DbGate Helper,51840248,0.343501208
1,dbgate,21.092,after-query,77348,11687774234252,DbGate Helper,51725560,0.333941542
1,dbgate,21.092,after-query,77361,11687781082491,com.apple.SafariPlatformSupport,9749104,0.110946083
1,dbgate,21.092,after-query,77340,11687756065361,DbGate Helper,7603016,0.072396167
1,dbgate,21.347,after-query,77345,11687765203366,DbGate Helper (Renderer),182257200,3.182512458
1,dbgate,21.347,after-query,77339,11687755897323,DbGate Helper (GPU),142066744,2.137053875
1,dbgate,21.347,after-query,77332,11687744721823,DbGate,124602096,1.394244500
1,dbgate,21.347,after-query,77416,11688056706124,DbGate Helper,57869584,0.366415375
1,dbgate,21.347,after-query,77350,11687776055530,DbGate Helper,52118728,0.343425875
1,dbgate,21.347,after-query,77349,11687775986776,DbGate Helper,51840248,0.343501208
1,dbgate,21.347,after-query,77348,11687774234252,DbGate Helper,51725560,0.333941542
1,dbgate,21.347,after-query,77361,11687781082491,com.apple.SafariPlatformSupport,9749104,0.110946083
1,dbgate,21.347,after-query,77340,11687756065361,DbGate Helper,7603016,0.072396167
1,dbgate,21.601,after-query,77345,11687765203366,DbGate Helper (Renderer),182257200,3.189490333
1,dbgate,21.601,after-query,77339,11687755897323,DbGate Helper (GPU),142066744,2.143683250
1,dbgate,21.601,after-query,77332,11687744721823,DbGate,124602096,1.395080750
1,dbgate,21.601,after-query,77416,11688056706124,DbGate Helper,57885968,0.367405958
1,dbgate,21.601,after-query,77350,11687776055530,DbGate Helper,52118728,0.343425875
1,dbgate,21.601,after-query,77349,11687775986776,DbGate Helper,51840248,0.343501208
1,dbgate,21.601,after-query,77348,11687774234252,DbGate Helper,51725560,0.333941542
1,dbgate,21.601,after-query,77361,11687781082491,com.apple.SafariPlatformSupport,9749104,0.110946083
1,dbgate,21.601,after-query,77340,11687756065361,DbGate Helper,7603016,0.072396167
1,dbgate,21.856,after-query,77345,11687765203366,DbGate Helper (Renderer),182257200,3.197193375
1,dbgate,21.856,after-query,77339,11687755897323,DbGate Helper (GPU),139707448,2.158697208
1,dbgate,21.856,after-query,77332,11687744721823,DbGate,124536560,1.397156167
1,dbgate,21.856,after-query,77416,11688056706124,DbGate Helper,57885968,0.367405958
1,dbgate,21.856,after-query,77350,11687776055530,DbGate Helper,52118728,0.343811042
1,dbgate,21.856,after-query,77349,11687775986776,DbGate Helper,51840248,0.343851083
1,dbgate,21.856,after-query,77348,11687774234252,DbGate Helper,51725560,0.334475167
1,dbgate,21.856,after-query,77361,11687781082491,com.apple.SafariPlatformSupport,9716336,0.111229625
1,dbgate,21.856,after-query,77340,11687756065361,DbGate Helper,7603016,0.072396167
1,dbgate,22.111,after-query,77345,11687765203366,DbGate Helper (Renderer),182306352,3.204563375
1,dbgate,22.111,after-query,77339,11687755897323,DbGate Helper (GPU),139691064,2.168410792
1,dbgate,22.111,after-query,77332,11687744721823,DbGate,124536560,1.397156167
1,dbgate,22.111,after-query,77416,11688056706124,DbGate Helper,57885968,0.367405958
1,dbgate,22.111,after-query,77350,11687776055530,DbGate Helper,52118728,0.343811042
1,dbgate,22.111,after-query,77349,11687775986776,DbGate Helper,51840248,0.343851083
1,dbgate,22.111,after-query,77348,11687774234252,DbGate Helper,51725560,0.334475167
1,dbgate,22.111,after-query,77361,11687781082491,com.apple.SafariPlatformSupport,9716336,0.111229625
1,dbgate,22.111,after-query,77340,11687756065361,DbGate Helper,7603016,0.072396167
1,dbgate,22.362,after-query,77345,11687765203366,DbGate Helper (Renderer),182306352,3.210815958
1,dbgate,22.362,after-query,77339,11687755897323,DbGate Helper (GPU),139674680,2.175674917
1,dbgate,22.362,after-query,77332,11687744721823,DbGate,124536560,1.397677708
1,dbgate,22.362,after-query,77416,11688056706124,DbGate Helper,57885968,0.367867000
1,dbgate,22.362,after-query,77350,11687776055530,DbGate Helper,52118728,0.343811042
1,dbgate,22.362,after-query,77349,11687775986776,DbGate Helper,51840248,0.343851083
1,dbgate,22.362,after-query,77348,11687774234252,DbGate Helper,51725560,0.334475167
1,dbgate,22.362,after-query,77361,11687781082491,com.apple.SafariPlatformSupport,9716336,0.111229625
1,dbgate,22.362,after-query,77340,11687756065361,DbGate Helper,7603016,0.072396167
1,dbgate,22.616,after-query,77345,11687765203366,DbGate Helper (Renderer),182306352,3.216986333
1,dbgate,22.616,after-query,77339,11687755897323,DbGate Helper (GPU),139674680,2.181794583
1,dbgate,22.616,after-query,77332,11687744721823,DbGate,124536560,1.397677708
1,dbgate,22.616,after-query,77416,11688056706124,DbGate Helper,57885968,0.367867000
1,dbgate,22.616,after-query,77350,11687776055530,DbGate Helper,52118728,0.343811042
1,dbgate,22.616,after-query,77349,11687775986776,DbGate Helper,51840248,0.343851083
1,dbgate,22.616,after-query,77348,11687774234252,DbGate Helper,51725560,0.334475167
1,dbgate,22.616,after-query,77361,11687781082491,com.apple.SafariPlatformSupport,9716336,0.111229625
1,dbgate,22.616,after-query,77340,11687756065361,DbGate Helper,7603016,0.072396167
1,dbgate,22.871,after-query,77345,11687765203366,DbGate Helper (Renderer),182306352,3.224464167
1,dbgate,22.871,after-query,77339,11687755897323,DbGate Helper (GPU),139674680,2.190799458
1,dbgate,22.871,after-query,77332,11687744721823,DbGate,124536560,1.398727292
1,dbgate,22.871,after-query,77416,11688056706124,DbGate Helper,57885968,0.367867000
1,dbgate,22.871,after-query,77350,11687776055530,DbGate Helper,52118728,0.344028917
1,dbgate,22.871,after-query,77349,11687775986776,DbGate Helper,51840248,0.344049083
1,dbgate,22.871,after-query,77348,11687774234252,DbGate Helper,51725560,0.334758125
1,dbgate,22.871,after-query,77361,11687781082491,com.apple.SafariPlatformSupport,9716336,0.111229625
1,dbgate,22.871,after-query,77340,11687756065361,DbGate Helper,7603016,0.072396167
1,dbgate,23.126,after-query,77345,11687765203366,DbGate Helper (Renderer),182306352,3.232110333
1,dbgate,23.126,after-query,77339,11687755897323,DbGate Helper (GPU),139658296,2.199756000
1,dbgate,23.126,after-query,77332,11687744721823,DbGate,124536560,1.398727292
1,dbgate,23.126,after-query,77416,11688056706124,DbGate Helper,57885968,0.367867000
1,dbgate,23.126,after-query,77350,11687776055530,DbGate Helper,52118728,0.344028917
1,dbgate,23.126,after-query,77349,11687775986776,DbGate Helper,51840248,0.344049083
1,dbgate,23.126,after-query,77348,11687774234252,DbGate Helper,51725560,0.334758125
1,dbgate,23.126,after-query,77361,11687781082491,com.apple.SafariPlatformSupport,9716336,0.111229625
1,dbgate,23.126,after-query,77340,11687756065361,DbGate Helper,7603016,0.072396167
1,dbgate,23.381,after-query,77345,11687765203366,DbGate Helper (Renderer),182306352,3.238779500
1,dbgate,23.381,after-query,77339,11687755897323,DbGate Helper (GPU),139641912,2.206894500
1,dbgate,23.381,after-query,77332,11687744721823,DbGate,124536560,1.399337875
1,dbgate,23.381,after-query,77416,11688056706124,DbGate Helper,57885968,0.368920125
1,dbgate,23.381,after-query,77350,11687776055530,DbGate Helper,52118728,0.344028917
1,dbgate,23.381,after-query,77349,11687775986776,DbGate Helper,51840248,0.344049083
1,dbgate,23.381,after-query,77348,11687774234252,DbGate Helper,51725560,0.334758125
1,dbgate,23.381,after-query,77361,11687781082491,com.apple.SafariPlatformSupport,9716336,0.111229625
1,dbgate,23.381,after-query,77340,11687756065361,DbGate Helper,7603016,0.072396167
1,dbgate,23.636,after-query,77345,11687765203366,DbGate Helper (Renderer),182339120,3.245618833
1,dbgate,23.636,after-query,77339,11687755897323,DbGate Helper (GPU),139641912,2.213208042
1,dbgate,23.636,after-query,77332,11687744721823,DbGate,124536560,1.399337875
1,dbgate,23.636,after-query,77416,11688056706124,DbGate Helper,57885968,0.368920125
1,dbgate,23.636,after-query,77350,11687776055530,DbGate Helper,52118728,0.344028917
1,dbgate,23.636,after-query,77349,11687775986776,DbGate Helper,51840248,0.344049083
1,dbgate,23.636,after-query,77348,11687774234252,DbGate Helper,51725560,0.334758125
1,dbgate,23.636,after-query,77361,11687781082491,com.apple.SafariPlatformSupport,9716336,0.111229625
1,dbgate,23.636,after-query,77340,11687756065361,DbGate Helper,7603016,0.072396167
1,dbgate,23.891,after-query,77345,11687765203366,DbGate Helper (Renderer),182339120,3.253525417
1,dbgate,23.891,after-query,77339,11687755897323,DbGate Helper (GPU),139641912,2.222573500
1,dbgate,23.891,after-query,77332,11687744721823,DbGate,124536560,1.400659125
1,dbgate,23.891,after-query,77416,11688056706124,DbGate Helper,57885968,0.368920125
1,dbgate,23.891,after-query,77350,11687776055530,DbGate Helper,52118728,0.344305750
1,dbgate,23.891,after-query,77349,11687775986776,DbGate Helper,51840248,0.344243583
1,dbgate,23.891,after-query,77348,11687774234252,DbGate Helper,51725560,0.335045917
1,dbgate,23.891,after-query,77361,11687781082491,com.apple.SafariPlatformSupport,9716336,0.111229625
1,dbgate,23.891,after-query,77340,11687756065361,DbGate Helper,7603016,0.072396167
1,dbgate,24.145,after-query,77345,11687765203366,DbGate Helper (Renderer),182339120,3.260537333
1,dbgate,24.145,after-query,77339,11687755897323,DbGate Helper (GPU),128582712,2.231109833
1,dbgate,24.145,after-query,77332,11687744721823,DbGate,124536560,1.400659125
1,dbgate,24.145,after-query,77416,11688056706124,DbGate Helper,57885968,0.368920125
1,dbgate,24.145,after-query,77350,11687776055530,DbGate Helper,52118728,0.344305750
1,dbgate,24.145,after-query,77349,11687775986776,DbGate Helper,51840248,0.344243583
1,dbgate,24.145,after-query,77348,11687774234252,DbGate Helper,51725560,0.335045917
1,dbgate,24.145,after-query,77361,11687781082491,com.apple.SafariPlatformSupport,9716336,0.111229625
1,dbgate,24.145,after-query,77340,11687756065361,DbGate Helper,7603016,0.072396167
1,pgpad,0.255,launch,77526,11688598179810,pgpad-tauri,17073112,0.129376417
1,pgpad,0.507,settle,77526,11688598179810,pgpad-tauri,30131208,0.313019667
1,pgpad,0.507,settle,77529,11688603832825,com.apple.WebKit.Networking,6668792,0.022017250
1,pgpad,0.507,settle,77528,11688603500077,com.apple.WebKit.GPU,5702208,0.030950583
1,pgpad,0.507,settle,77530,11688603906098,com.apple.WebKit.WebContent,5227000,0.030858583
1,pgpad,0.762,settle,77526,11688598179810,pgpad-tauri,30475272,0.361828792
1,pgpad,0.762,settle,77529,11688603832825,com.apple.WebKit.Networking,7193104,0.027511542
1,pgpad,0.762,settle,77530,11688603906098,com.apple.WebKit.WebContent,6521456,0.065599000
1,pgpad,0.762,settle,77528,11688603500077,com.apple.WebKit.GPU,5702208,0.030997542
1,pgpad,1.017,settle,77530,11688603906098,com.apple.WebKit.WebContent,145605400,0.263374417
1,pgpad,1.017,settle,77528,11688603500077,com.apple.WebKit.GPU,48235336,0.106105292
1,pgpad,1.017,settle,77526,11688598179810,pgpad-tauri,33588280,0.388217542
1,pgpad,1.017,settle,77529,11688603832825,com.apple.WebKit.Networking,7242256,0.029215167
1,pgpad,1.017,settle,77533,11688617671400,com.apple.audio.SandboxHelper,5489144,0.021611167
1,pgpad,1.271,settle,77530,11688603906098,com.apple.WebKit.WebContent,145310488,0.264270625
1,pgpad,1.271,settle,77528,11688603500077,com.apple.WebKit.GPU,41222984,0.106366208
1,pgpad,1.271,settle,77526,11688598179810,pgpad-tauri,33358904,0.388957375
1,pgpad,1.271,settle,77529,11688603832825,com.apple.WebKit.Networking,7242256,0.029319083
1,pgpad,1.271,settle,77533,11688617671400,com.apple.audio.SandboxHelper,5489144,0.021611167
1,pgpad,1.524,settle,77530,11688603906098,com.apple.WebKit.WebContent,141837080,0.269399458
1,pgpad,1.524,settle,77528,11688603500077,com.apple.WebKit.GPU,41108296,0.107210292
1,pgpad,1.524,settle,77526,11688598179810,pgpad-tauri,33309752,0.391556458
1,pgpad,1.524,settle,77529,11688603832825,com.apple.WebKit.Networking,6930960,0.030612750
1,pgpad,1.524,settle,77533,11688617671400,com.apple.audio.SandboxHelper,5489144,0.021611167
1,pgpad,1.779,settle,77530,11688603906098,com.apple.WebKit.WebContent,138085144,0.271901708
1,pgpad,1.779,settle,77528,11688603500077,com.apple.WebKit.GPU,41042760,0.107760083
1,pgpad,1.779,settle,77526,11688598179810,pgpad-tauri,32523320,0.392736167
1,pgpad,1.779,settle,77529,11688603832825,com.apple.WebKit.Networking,6521360,0.030931000
1,pgpad,1.779,settle,77533,11688617671400,com.apple.audio.SandboxHelper,5489144,0.021611167
1,pgpad,2.032,settle,77530,11688603906098,com.apple.WebKit.WebContent,137839384,0.297392417
1,pgpad,2.032,settle,77528,11688603500077,com.apple.WebKit.GPU,41009992,0.108584875
1,pgpad,2.032,settle,77526,11688598179810,pgpad-tauri,32408632,0.394402250
1,pgpad,2.032,settle,77529,11688603832825,com.apple.WebKit.Networking,6521360,0.031197375
1,pgpad,2.032,settle,77533,11688617671400,com.apple.audio.SandboxHelper,5472760,0.022045000
1,pgpad,2.287,settle,77530,11688603906098,com.apple.WebKit.WebContent,97223448,0.298881667
1,pgpad,2.287,settle,77526,11688598179810,pgpad-tauri,31622200,0.394799750
1,pgpad,2.287,settle,77528,11688603500077,com.apple.WebKit.GPU,24494920,0.109735708
1,pgpad,2.287,settle,77529,11688603832825,com.apple.WebKit.Networking,6111760,0.031695167
1,pgpad,2.287,settle,77533,11688617671400,com.apple.audio.SandboxHelper,5472760,0.022045000
1,pgpad,2.542,settle,77530,11688603906098,com.apple.WebKit.WebContent,97059608,0.299310500
1,pgpad,2.542,settle,77526,11688598179810,pgpad-tauri,31556664,0.395108250
1,pgpad,2.542,settle,77528,11688603500077,com.apple.WebKit.GPU,24478536,0.109999417
1,pgpad,2.542,settle,77529,11688603832825,com.apple.WebKit.Networking,6111760,0.031993083
1,pgpad,2.542,settle,77533,11688617671400,com.apple.audio.SandboxHelper,5472760,0.022045000
1,pgpad,2.798,settle,77530,11688603906098,com.apple.WebKit.WebContent,96830232,0.299877792
1,pgpad,2.798,settle,77526,11688598179810,pgpad-tauri,31556664,0.395108250
1,pgpad,2.798,settle,77528,11688603500077,com.apple.WebKit.GPU,24462152,0.110153458
1,pgpad,2.798,settle,77529,11688603832825,com.apple.WebKit.Networking,6111760,0.032033208
1,pgpad,2.798,settle,77533,11688617671400,com.apple.audio.SandboxHelper,5472760,0.022045000
1,pgpad,3.052,settle,77530,11688603906098,com.apple.WebKit.WebContent,96830232,0.300348167
1,pgpad,3.052,settle,77526,11688598179810,pgpad-tauri,31556664,0.395139375
1,pgpad,3.052,settle,77528,11688603500077,com.apple.WebKit.GPU,16712520,0.110864333
1,pgpad,3.052,settle,77529,11688603832825,com.apple.WebKit.Networking,6111760,0.032033208
1,pgpad,3.052,settle,77533,11688617671400,com.apple.audio.SandboxHelper,5472760,0.022045000
1,pgpad,3.308,settle,77530,11688603906098,com.apple.WebKit.WebContent,96699160,0.300985333
1,pgpad,3.308,settle,77526,11688598179810,pgpad-tauri,31556664,0.395139375
1,pgpad,3.308,settle,77528,11688603500077,com.apple.WebKit.GPU,16712520,0.110986458
1,pgpad,3.308,settle,77529,11688603832825,com.apple.WebKit.Networking,6111760,0.032033208
1,pgpad,3.308,settle,77533,11688617671400,com.apple.audio.SandboxHelper,5472760,0.022045000
1,pgpad,3.563,settle,77530,11688603906098,com.apple.WebKit.WebContent,96682776,0.301416000
1,pgpad,3.563,settle,77526,11688598179810,pgpad-tauri,31556664,0.395139375
1,pgpad,3.563,settle,77528,11688603500077,com.apple.WebKit.GPU,16696136,0.111147458
1,pgpad,3.563,settle,77529,11688603832825,com.apple.WebKit.Networking,6111760,0.032033208
1,pgpad,3.563,settle,77533,11688617671400,com.apple.audio.SandboxHelper,5472760,0.022045000
1,pgpad,3.818,settle,77530,11688603906098,com.apple.WebKit.WebContent,96682776,0.301416000
1,pgpad,3.818,settle,77526,11688598179810,pgpad-tauri,31556664,0.395467708
1,pgpad,3.818,settle,77528,11688603500077,com.apple.WebKit.GPU,16696136,0.111301917
1,pgpad,3.818,settle,77529,11688603832825,com.apple.WebKit.Networking,6111760,0.032033208
1,pgpad,3.818,settle,77533,11688617671400,com.apple.audio.SandboxHelper,5472760,0.022045000
1,pgpad,4.073,settle,77530,11688603906098,com.apple.WebKit.WebContent,96682776,0.301518583
1,pgpad,4.073,settle,77526,11688598179810,pgpad-tauri,31556664,0.395593250
1,pgpad,4.073,settle,77528,11688603500077,com.apple.WebKit.GPU,16696136,0.111412875
1,pgpad,4.073,settle,77529,11688603832825,com.apple.WebKit.Networking,6111760,0.032033208
1,pgpad,4.073,settle,77533,11688617671400,com.apple.audio.SandboxHelper,5472760,0.022045000
1,pgpad,4.325,settle,77530,11688603906098,com.apple.WebKit.WebContent,96682776,0.301518583
1,pgpad,4.325,settle,77526,11688598179810,pgpad-tauri,31556664,0.396001583
1,pgpad,4.325,settle,77528,11688603500077,com.apple.WebKit.GPU,16696136,0.111412875
1,pgpad,4.325,settle,77529,11688603832825,com.apple.WebKit.Networking,6111760,0.032033208
1,pgpad,4.325,settle,77533,11688617671400,com.apple.audio.SandboxHelper,5472760,0.022045000
1,pgpad,4.577,settle,77530,11688603906098,com.apple.WebKit.WebContent,96682776,0.301518583
1,pgpad,4.577,settle,77526,11688598179810,pgpad-tauri,31556664,0.396302083
1,pgpad,4.577,settle,77528,11688603500077,com.apple.WebKit.GPU,16696136,0.111412875
1,pgpad,4.577,settle,77529,11688603832825,com.apple.WebKit.Networking,6111760,0.032033208
1,pgpad,4.577,settle,77533,11688617671400,com.apple.audio.SandboxHelper,5472760,0.022045000
1,pgpad,4.832,settle,77530,11688603906098,com.apple.WebKit.WebContent,96682776,0.301518583
1,pgpad,4.832,settle,77526,11688598179810,pgpad-tauri,31556664,0.396302083
1,pgpad,4.832,settle,77528,11688603500077,com.apple.WebKit.GPU,16696136,0.111412875
1,pgpad,4.832,settle,77529,11688603832825,com.apple.WebKit.Networking,6111760,0.032033208
1,pgpad,4.832,settle,77533,11688617671400,com.apple.audio.SandboxHelper,5472760,0.022045000
1,pgpad,5.083,settle,77530,11688603906098,com.apple.WebKit.WebContent,96682776,0.301518583
1,pgpad,5.083,settle,77526,11688598179810,pgpad-tauri,31556664,0.396302083
1,pgpad,5.083,settle,77528,11688603500077,com.apple.WebKit.GPU,16696136,0.111412875
1,pgpad,5.083,settle,77529,11688603832825,com.apple.WebKit.Networking,6111760,0.032033208
1,pgpad,5.083,settle,77533,11688617671400,com.apple.audio.SandboxHelper,5472760,0.022045000
1,pgpad,5.338,settle,77530,11688603906098,com.apple.WebKit.WebContent,96682776,0.301518583
1,pgpad,5.338,settle,77526,11688598179810,pgpad-tauri,31425592,0.396927375
1,pgpad,5.338,settle,77528,11688603500077,com.apple.WebKit.GPU,16696136,0.111412875
1,pgpad,5.338,settle,77529,11688603832825,com.apple.WebKit.Networking,6111760,0.032033208
1,pgpad,5.338,settle,77533,11688617671400,com.apple.audio.SandboxHelper,5472760,0.022045000
1,pgpad,5.593,query,77530,11688603906098,com.apple.WebKit.WebContent,96682776,0.301518583
1,pgpad,5.593,query,77526,11688598179810,pgpad-tauri,31310904,0.397985250
1,pgpad,5.593,query,77528,11688603500077,com.apple.WebKit.GPU,16696136,0.111412875
1,pgpad,5.593,query,77529,11688603832825,com.apple.WebKit.Networking,6128144,0.037164333
1,pgpad,5.593,query,77533,11688617671400,com.apple.audio.SandboxHelper,5472760,0.022045000
1,pgpad,5.843,query,77530,11688603906098,com.apple.WebKit.WebContent,96682776,0.301640708
1,pgpad,5.843,query,77526,11688598179810,pgpad-tauri,31310904,0.397985250
1,pgpad,5.843,query,77528,11688603500077,com.apple.WebKit.GPU,16696136,0.111412875
1,pgpad,5.843,query,77529,11688603832825,com.apple.WebKit.Networking,6078992,0.037378875
1,pgpad,5.843,query,77533,11688617671400,com.apple.audio.SandboxHelper,5472760,0.022045000
1,pgpad,6.098,query,77530,11688603906098,com.apple.WebKit.WebContent,96682776,0.301796958
1,pgpad,6.098,query,77526,11688598179810,pgpad-tauri,31310904,0.397985250
1,pgpad,6.098,query,77528,11688603500077,com.apple.WebKit.GPU,16696136,0.111412875
1,pgpad,6.098,query,77529,11688603832825,com.apple.WebKit.Networking,6029840,0.037787875
1,pgpad,6.098,query,77533,11688617671400,com.apple.audio.SandboxHelper,5472760,0.022045000
1,pgpad,6.353,query,77530,11688603906098,com.apple.WebKit.WebContent,96633624,0.301878917
1,pgpad,6.353,query,77526,11688598179810,pgpad-tauri,31310904,0.397985250
1,pgpad,6.353,query,77528,11688603500077,com.apple.WebKit.GPU,16696136,0.111412875
1,pgpad,6.353,query,77529,11688603832825,com.apple.WebKit.Networking,6029840,0.037896375
1,pgpad,6.353,query,77533,11688617671400,com.apple.audio.SandboxHelper,5407224,0.022092958
1,pgpad,6.608,query,77530,11688603906098,com.apple.WebKit.WebContent,96633624,0.301878917
1,pgpad,6.608,query,77526,11688598179810,pgpad-tauri,31310904,0.397985250
1,pgpad,6.608,query,77528,11688603500077,com.apple.WebKit.GPU,16696136,0.111412875
1,pgpad,6.608,query,77529,11688603832825,com.apple.WebKit.Networking,5997072,0.038217083
1,pgpad,6.608,query,77533,11688617671400,com.apple.audio.SandboxHelper,5407224,0.022092958
1,pgpad,6.863,query,77530,11688603906098,com.apple.WebKit.WebContent,96584472,0.301993958
1,pgpad,6.863,query,77526,11688598179810,pgpad-tauri,31310904,0.397985250
1,pgpad,6.863,query,77528,11688603500077,com.apple.WebKit.GPU,16696136,0.111412875
1,pgpad,6.863,query,77529,11688603832825,com.apple.WebKit.Networking,5997072,0.038429250
1,pgpad,6.863,query,77533,11688617671400,com.apple.audio.SandboxHelper,5407224,0.022092958
1,pgpad,7.119,query,77530,11688603906098,com.apple.WebKit.WebContent,96584472,0.302116375
1,pgpad,7.119,query,77526,11688598179810,pgpad-tauri,31310904,0.397985250
1,pgpad,7.119,query,77528,11688603500077,com.apple.WebKit.GPU,16696136,0.111412875
1,pgpad,7.119,query,77529,11688603832825,com.apple.WebKit.Networking,5997072,0.038429250
1,pgpad,7.119,query,77533,11688617671400,com.apple.audio.SandboxHelper,5407224,0.022092958
1,pgpad,7.374,query,77530,11688603906098,com.apple.WebKit.WebContent,96584472,0.302116375
1,pgpad,7.374,query,77526,11688598179810,pgpad-tauri,31310904,0.397985250
1,pgpad,7.374,query,77528,11688603500077,com.apple.WebKit.GPU,16565064,0.111627250
1,pgpad,7.374,query,77529,11688603832825,com.apple.WebKit.Networking,5997072,0.038429250
1,pgpad,7.374,query,77533,11688617671400,com.apple.audio.SandboxHelper,5407224,0.022092958
1,pgpad,7.629,query,77530,11688603906098,com.apple.WebKit.WebContent,96584472,0.302116375
1,pgpad,7.629,query,77526,11688598179810,pgpad-tauri,31310904,0.397985250
1,pgpad,7.629,query,77528,11688603500077,com.apple.WebKit.GPU,16565064,0.111627250
1,pgpad,7.629,query,77529,11688603832825,com.apple.WebKit.Networking,5997072,0.038429250
1,pgpad,7.629,query,77533,11688617671400,com.apple.audio.SandboxHelper,5407224,0.022092958
1,pgpad,7.884,query,77530,11688603906098,com.apple.WebKit.WebContent,96584472,0.302116375
1,pgpad,7.884,query,77526,11688598179810,pgpad-tauri,31310904,0.397985250
1,pgpad,7.884,query,77528,11688603500077,com.apple.WebKit.GPU,16565064,0.111627250
1,pgpad,7.884,query,77529,11688603832825,com.apple.WebKit.Networking,5997072,0.038429250
1,pgpad,7.884,query,77533,11688617671400,com.apple.audio.SandboxHelper,5407224,0.022092958
1,pgpad,8.136,query,77530,11688603906098,com.apple.WebKit.WebContent,96584472,0.302116375
1,pgpad,8.136,query,77526,11688598179810,pgpad-tauri,31310904,0.397985250
1,pgpad,8.136,query,77528,11688603500077,com.apple.WebKit.GPU,16565064,0.111627250
1,pgpad,8.136,query,77529,11688603832825,com.apple.WebKit.Networking,5997072,0.038429250
1,pgpad,8.136,query,77533,11688617671400,com.apple.audio.SandboxHelper,5407224,0.022092958
1,pgpad,8.391,query,77530,11688603906098,com.apple.WebKit.WebContent,96584472,0.302116375
1,pgpad,8.391,query,77526,11688598179810,pgpad-tauri,31310904,0.397985250
1,pgpad,8.391,query,77528,11688603500077,com.apple.WebKit.GPU,16565064,0.111673833
1,pgpad,8.391,query,77529,11688603832825,com.apple.WebKit.Networking,5997072,0.038429250
1,pgpad,8.391,query,77533,11688617671400,com.apple.audio.SandboxHelper,5407224,0.022092958
1,pgpad,8.644,query,77530,11688603906098,com.apple.WebKit.WebContent,96584472,0.302116375
1,pgpad,8.644,query,77526,11688598179810,pgpad-tauri,31310904,0.397985250
1,pgpad,8.644,query,77528,11688603500077,com.apple.WebKit.GPU,16565064,0.111673833
1,pgpad,8.644,query,77529,11688603832825,com.apple.WebKit.Networking,5997072,0.038429250
1,pgpad,8.644,query,77533,11688617671400,com.apple.audio.SandboxHelper,5407224,0.022092958
1,pgpad,8.899,query,77530,11688603906098,com.apple.WebKit.WebContent,96518936,0.303132375
1,pgpad,8.899,query,77526,11688598179810,pgpad-tauri,31212600,0.402759708
1,pgpad,8.899,query,77528,11688603500077,com.apple.WebKit.GPU,16565064,0.111673833
1,pgpad,8.899,query,77529,11688603832825,com.apple.WebKit.Networking,5997072,0.038429250
1,pgpad,8.899,query,77533,11688617671400,com.apple.audio.SandboxHelper,5407224,0.022092958
1,pgpad,9.150,query,77530,11688603906098,com.apple.WebKit.WebContent,96600856,0.309949583
1,pgpad,9.150,query,77526,11688598179810,pgpad-tauri,31212600,0.407040208
1,pgpad,9.150,query,77528,11688603500077,com.apple.WebKit.GPU,16565064,0.111673833
1,pgpad,9.150,query,77529,11688603832825,com.apple.WebKit.Networking,5997072,0.038429250
1,pgpad,9.150,query,77533,11688617671400,com.apple.audio.SandboxHelper,5407224,0.022092958
1,pgpad,9.403,query,77530,11688603906098,com.apple.WebKit.WebContent,96600856,0.310393958
1,pgpad,9.403,query,77526,11688598179810,pgpad-tauri,31212600,0.407671708
1,pgpad,9.403,query,77528,11688603500077,com.apple.WebKit.GPU,16565064,0.111673833
1,pgpad,9.403,query,77529,11688603832825,com.apple.WebKit.Networking,5997072,0.038429250
1,pgpad,9.403,query,77533,11688617671400,com.apple.audio.SandboxHelper,5407224,0.022092958
1,pgpad,9.655,query,77530,11688603906098,com.apple.WebKit.WebContent,96600856,0.311038875
1,pgpad,9.655,query,77526,11688598179810,pgpad-tauri,31196216,0.408196042
1,pgpad,9.655,query,77528,11688603500077,com.apple.WebKit.GPU,16565064,0.111673833
1,pgpad,9.655,query,77529,11688603832825,com.apple.WebKit.Networking,5997072,0.038429250
1,pgpad,9.655,query,77533,11688617671400,com.apple.audio.SandboxHelper,5407224,0.022092958
1,pgpad,9.910,query,77530,11688603906098,com.apple.WebKit.WebContent,96600856,0.311234667
1,pgpad,9.910,query,77526,11688598179810,pgpad-tauri,31196216,0.408320417
1,pgpad,9.910,query,77528,11688603500077,com.apple.WebKit.GPU,16565064,0.111673833
1,pgpad,9.910,query,77529,11688603832825,com.apple.WebKit.Networking,5997072,0.038429250
1,pgpad,9.910,query,77533,11688617671400,com.apple.audio.SandboxHelper,5407224,0.022092958
1,pgpad,10.165,query,77530,11688603906098,com.apple.WebKit.WebContent,96600856,0.311665417
1,pgpad,10.165,query,77526,11688598179810,pgpad-tauri,31196216,0.408736708
1,pgpad,10.165,query,77528,11688603500077,com.apple.WebKit.GPU,16565064,0.111673833
1,pgpad,10.165,query,77529,11688603832825,com.apple.WebKit.Networking,5997072,0.038429250
1,pgpad,10.165,query,77533,11688617671400,com.apple.audio.SandboxHelper,5407224,0.022092958
1,pgpad,10.420,query,77530,11688603906098,com.apple.WebKit.WebContent,96600856,0.311754542
1,pgpad,10.420,query,77526,11688598179810,pgpad-tauri,31196216,0.408810500
1,pgpad,10.420,query,77528,11688603500077,com.apple.WebKit.GPU,16565064,0.111673833
1,pgpad,10.420,query,77529,11688603832825,com.apple.WebKit.Networking,5997072,0.038429250
1,pgpad,10.420,query,77533,11688617671400,com.apple.audio.SandboxHelper,5407224,0.022092958
1,pgpad,10.675,query,77530,11688603906098,com.apple.WebKit.WebContent,147882776,0.326685083
1,pgpad,10.675,query,77526,11688598179810,pgpad-tauri,31245368,0.416734000
1,pgpad,10.675,query,77528,11688603500077,com.apple.WebKit.GPU,29393736,0.123068750
1,pgpad,10.675,query,77529,11688603832825,com.apple.WebKit.Networking,5947920,0.040064792
1,pgpad,10.675,query,77533,11688617671400,com.apple.audio.SandboxHelper,5407224,0.022092958
1,pgpad,10.929,query,77530,11688603906098,com.apple.WebKit.WebContent,200000280,0.380032125
1,pgpad,10.929,query,77528,11688603500077,com.apple.WebKit.GPU,48120720,0.162219125
1,pgpad,10.929,query,77526,11688598179810,pgpad-tauri,31654968,0.443263000
1,pgpad,10.929,query,77529,11688603832825,com.apple.WebKit.Networking,5947920,0.040128708
1,pgpad,10.929,query,77533,11688617671400,com.apple.audio.SandboxHelper,5407224,0.022092958
1,pgpad,11.182,query,77530,11688603906098,com.apple.WebKit.WebContent,199885592,0.381817875
1,pgpad,11.182,query,77528,11688603500077,com.apple.WebKit.GPU,40485776,0.162555000
1,pgpad,11.182,query,77526,11688598179810,pgpad-tauri,31589432,0.444157583
1,pgpad,11.182,query,77529,11688603832825,com.apple.WebKit.Networking,5915152,0.040315875
1,pgpad,11.182,query,77533,11688617671400,com.apple.audio.SandboxHelper,5407224,0.022092958
1,pgpad,11.437,query,77530,11688603906098,com.apple.WebKit.WebContent,199885592,0.383924250
1,pgpad,11.437,query,77528,11688603500077,com.apple.WebKit.GPU,40485776,0.164433167
1,pgpad,11.437,query,77526,11688598179810,pgpad-tauri,31605816,0.446240042
1,pgpad,11.437,query,77529,11688603832825,com.apple.WebKit.Networking,5915152,0.040557083
1,pgpad,11.437,query,77533,11688617671400,com.apple.audio.SandboxHelper,5407224,0.022092958
1,pgpad,11.689,query,77530,11688603906098,com.apple.WebKit.WebContent,199705368,0.384965083
1,pgpad,11.689,query,77528,11688603500077,com.apple.WebKit.GPU,40485776,0.164802375
1,pgpad,11.689,query,77526,11688598179810,pgpad-tauri,31589432,0.446855375
1,pgpad,11.689,query,77529,11688603832825,com.apple.WebKit.Networking,5915152,0.040756000
1,pgpad,11.689,query,77533,11688617671400,com.apple.audio.SandboxHelper,5407224,0.022092958
1,pgpad,11.941,query,77530,11688603906098,com.apple.WebKit.WebContent,149570328,0.410760375
1,pgpad,11.941,query,77528,11688603500077,com.apple.WebKit.GPU,47137680,0.171475583
1,pgpad,11.941,query,77526,11688598179810,pgpad-tauri,31687736,0.460013125
1,pgpad,11.941,query,77529,11688603832825,com.apple.WebKit.Networking,5915152,0.041758583
1,pgpad,11.941,query,77533,11688617671400,com.apple.audio.SandboxHelper,5407224,0.022092958
1,pgpad,12.191,query,77530,11688603906098,com.apple.WebKit.WebContent,149652248,0.421948750
1,pgpad,12.191,query,77528,11688603500077,com.apple.WebKit.GPU,40584080,0.172027333
1,pgpad,12.191,query,77526,11688598179810,pgpad-tauri,31786040,0.474705417
1,pgpad,12.191,query,77584,11688886459908,com.apple.SafariPlatformSupport,9192048,0.104291167
1,pgpad,12.191,query,77529,11688603832825,com.apple.WebKit.Networking,5915152,0.041823083
1,pgpad,12.191,query,77533,11688617671400,com.apple.audio.SandboxHelper,5407224,0.022092958
1,pgpad,12.446,query,77530,11688603906098,com.apple.WebKit.WebContent,162562840,0.429851667
1,pgpad,12.446,query,77528,11688603500077,com.apple.WebKit.GPU,40616848,0.173677250
1,pgpad,12.446,query,77526,11688598179810,pgpad-tauri,32244792,0.491026917
1,pgpad,12.446,query,77584,11688886459908,com.apple.SafariPlatformSupport,9732720,0.116336167
1,pgpad,12.446,query,77529,11688603832825,com.apple.WebKit.Networking,5915152,0.041892208
1,pgpad,12.446,query,77533,11688617671400,com.apple.audio.SandboxHelper,5407224,0.022092958
1,pgpad,12.697,query,77530,11688603906098,com.apple.WebKit.WebContent,162562840,0.431038958
1,pgpad,12.697,query,77528,11688603500077,com.apple.WebKit.GPU,35799952,0.174254500
1,pgpad,12.697,query,77526,11688598179810,pgpad-tauri,32228408,0.491733958
1,pgpad,12.697,query,77584,11688886459908,com.apple.SafariPlatformSupport,9732720,0.116336167
1,pgpad,12.697,query,77529,11688603832825,com.apple.WebKit.Networking,5915152,0.042042000
1,pgpad,12.697,query,77533,11688617671400,com.apple.audio.SandboxHelper,5407224,0.022092958
1,pgpad,12.952,query,77530,11688603906098,com.apple.WebKit.WebContent,163808024,0.451332000
1,pgpad,12.952,query,77528,11688603500077,com.apple.WebKit.GPU,43500456,0.181971042
1,pgpad,12.952,query,77526,11688598179810,pgpad-tauri,33866808,0.533571958
1,pgpad,12.952,query,77584,11688886459908,com.apple.SafariPlatformSupport,9732720,0.116336167
1,pgpad,12.952,query,77529,11688603832825,com.apple.WebKit.Networking,5915152,0.042144167
1,pgpad,12.952,query,77533,11688617671400,com.apple.audio.SandboxHelper,5407224,0.022092958
1,pgpad,13.207,query,77530,11688603906098,com.apple.WebKit.WebContent,163808024,0.453047458
1,pgpad,13.207,query,77528,11688603500077,com.apple.WebKit.GPU,43500456,0.182633083
1,pgpad,13.207,query,77526,11688598179810,pgpad-tauri,33850424,0.534731667
1,pgpad,13.207,query,77584,11688886459908,com.apple.SafariPlatformSupport,9732720,0.116336167
1,pgpad,13.207,query,77529,11688603832825,com.apple.WebKit.Networking,5915152,0.042404167
1,pgpad,13.207,query,77533,11688617671400,com.apple.audio.SandboxHelper,5407224,0.022092958
1,pgpad,13.462,query,77530,11688603906098,com.apple.WebKit.WebContent,162824984,0.462335500
1,pgpad,13.462,query,77528,11688603500077,com.apple.WebKit.GPU,43500456,0.187969083
1,pgpad,13.462,query,77526,11688598179810,pgpad-tauri,33866808,0.540651625
1,pgpad,13.462,query,77584,11688886459908,com.apple.SafariPlatformSupport,9732720,0.116622417
1,pgpad,13.462,query,77529,11688603832825,com.apple.WebKit.Networking,5915152,0.042462083
1,pgpad,13.462,query,77533,11688617671400,com.apple.audio.SandboxHelper,5407224,0.022092958
1,pgpad,13.713,query,77530,11688603906098,com.apple.WebKit.WebContent,162824984,0.480243208
1,pgpad,13.713,query,77528,11688603500077,com.apple.WebKit.GPU,43451304,0.190718833
1,pgpad,13.713,query,77526,11688598179810,pgpad-tauri,33866808,0.548078708
1,pgpad,13.713,query,77584,11688886459908,com.apple.SafariPlatformSupport,9732720,0.116622417
1,pgpad,13.713,query,77529,11688603832825,com.apple.WebKit.Networking,5915152,0.042462083
1,pgpad,13.713,query,77533,11688617671400,com.apple.audio.SandboxHelper,5407224,0.022092958
1,pgpad,13.968,query,77530,11688603906098,com.apple.WebKit.WebContent,124519192,0.481416583
1,pgpad,13.968,query,77528,11688603500077,com.apple.WebKit.GPU,40289192,0.192549250
1,pgpad,13.968,query,77526,11688598179810,pgpad-tauri,33850424,0.548678750
1,pgpad,13.968,query,77584,11688886459908,com.apple.SafariPlatformSupport,9732720,0.116622417
1,pgpad,13.968,query,77529,11688603832825,com.apple.WebKit.Networking,5915152,0.042462083
1,pgpad,13.968,query,77533,11688617671400,com.apple.audio.SandboxHelper,5407224,0.022092958
1,pgpad,14.223,query,77530,11688603906098,com.apple.WebKit.WebContent,124486424,0.486985750
1,pgpad,14.223,query,77528,11688603500077,com.apple.WebKit.GPU,40289192,0.193312417
1,pgpad,14.223,query,77526,11688598179810,pgpad-tauri,33850424,0.551353708
1,pgpad,14.223,query,77584,11688886459908,com.apple.SafariPlatformSupport,9732720,0.116752292
1,pgpad,14.223,query,77529,11688603832825,com.apple.WebKit.Networking,5915152,0.042462083
1,pgpad,14.223,query,77533,11688617671400,com.apple.audio.SandboxHelper,5407224,0.022092958
1,pgpad,14.478,query,77530,11688603906098,com.apple.WebKit.WebContent,247972680,0.741068125
1,pgpad,14.478,query,77528,11688603500077,com.apple.WebKit.GPU,49775576,0.229406042
1,pgpad,14.478,query,77526,11688598179810,pgpad-tauri,35734608,0.594404583
1,pgpad,14.478,query,77584,11688886459908,com.apple.SafariPlatformSupport,9732720,0.116780917
1,pgpad,14.478,query,77529,11688603832825,com.apple.WebKit.Networking,5915152,0.042462083
1,pgpad,14.478,query,77533,11688617671400,com.apple.audio.SandboxHelper,5407224,0.022092958
1,pgpad,14.730,query,77530,11688603906098,com.apple.WebKit.WebContent,247890760,0.742371000
1,pgpad,14.730,query,77528,11688603500077,com.apple.WebKit.GPU,45581272,0.229973708
1,pgpad,14.730,query,77526,11688598179810,pgpad-tauri,35701840,0.595130292
1,pgpad,14.730,query,77584,11688886459908,com.apple.SafariPlatformSupport,9732720,0.116780917
1,pgpad,14.730,query,77529,11688603832825,com.apple.WebKit.Networking,5915152,0.042462083
1,pgpad,14.730,query,77533,11688617671400,com.apple.audio.SandboxHelper,5407224,0.022092958
1,pgpad,14.980,query,77530,11688603906098,com.apple.WebKit.WebContent,244794184,0.748942083
1,pgpad,14.980,query,77528,11688603500077,com.apple.WebKit.GPU,45581272,0.230688208
1,pgpad,14.980,query,77526,11688598179810,pgpad-tauri,35718224,0.598241625
1,pgpad,14.980,query,77584,11688886459908,com.apple.SafariPlatformSupport,9732720,0.116780917
1,pgpad,14.980,query,77529,11688603832825,com.apple.WebKit.Networking,5915152,0.042462083
1,pgpad,14.980,query,77533,11688617671400,com.apple.audio.SandboxHelper,5407224,0.022092958
1,pgpad,15.235,query,77530,11688603906098,com.apple.WebKit.WebContent,241926984,0.751015750
1,pgpad,15.235,query,77528,11688603500077,com.apple.WebKit.GPU,45515736,0.231073458
1,pgpad,15.235,query,77526,11688598179810,pgpad-tauri,35652688,0.598680208
1,pgpad,15.235,query,77584,11688886459908,com.apple.SafariPlatformSupport,9732720,0.116780917
1,pgpad,15.235,query,77529,11688603832825,com.apple.WebKit.Networking,5915152,0.042462083
1,pgpad,15.235,query,77533,11688617671400,com.apple.audio.SandboxHelper,5407224,0.022092958
1,pgpad,15.490,query,77530,11688603906098,com.apple.WebKit.WebContent,182027080,0.758326750
1,pgpad,15.490,query,77526,11688598179810,pgpad-tauri,35669072,0.601942292
1,pgpad,15.490,query,77528,11688603500077,com.apple.WebKit.GPU,34898904,0.233274625
1,pgpad,15.490,query,77584,11688886459908,com.apple.SafariPlatformSupport,9732720,0.116780917
1,pgpad,15.490,query,77529,11688603832825,com.apple.WebKit.Networking,5915152,0.042462083
1,pgpad,15.490,query,77533,11688617671400,com.apple.audio.SandboxHelper,5407224,0.022092958
1,pgpad,15.745,query,77530,11688603906098,com.apple.WebKit.WebContent,178996040,0.761150917
1,pgpad,15.745,query,77526,11688598179810,pgpad-tauri,35636304,0.602676417
1,pgpad,15.745,query,77528,11688603500077,com.apple.WebKit.GPU,22070232,0.234226917
1,pgpad,15.745,query,77584,11688886459908,com.apple.SafariPlatformSupport,9732720,0.116780917
1,pgpad,15.745,query,77529,11688603832825,com.apple.WebKit.Networking,5915152,0.042462083
1,pgpad,15.745,query,77533,11688617671400,com.apple.audio.SandboxHelper,5407224,0.022092958
1,pgpad,16.000,query,77530,11688603906098,com.apple.WebKit.WebContent,178996040,0.763763083
1,pgpad,16.000,query,77526,11688598179810,pgpad-tauri,35652688,0.603901500
1,pgpad,16.000,query,77528,11688603500077,com.apple.WebKit.GPU,22070232,0.234567125
1,pgpad,16.000,query,77584,11688886459908,com.apple.SafariPlatformSupport,9732720,0.116780917
1,pgpad,16.000,query,77529,11688603832825,com.apple.WebKit.Networking,5915152,0.042462083
1,pgpad,16.000,query,77533,11688617671400,com.apple.audio.SandboxHelper,5407224,0.022092958
1,pgpad,16.254,query,77530,11688603906098,com.apple.WebKit.WebContent,238486344,0.780100625
1,pgpad,16.254,query,77528,11688603500077,com.apple.WebKit.GPU,49152984,0.241154000
1,pgpad,16.254,query,77526,11688598179810,pgpad-tauri,35652688,0.610338167
1,pgpad,16.254,query,77584,11688886459908,com.apple.SafariPlatformSupport,9732720,0.116780917
1,pgpad,16.254,query,77529,11688603832825,com.apple.WebKit.Networking,5915152,0.042462083
1,pgpad,16.254,query,77533,11688617671400,com.apple.audio.SandboxHelper,5407224,0.022092958
1,pgpad,16.507,query,77530,11688603906098,com.apple.WebKit.WebContent,278299464,0.825627208
1,pgpad,16.507,query,77528,11688603500077,com.apple.WebKit.GPU,60179440,0.270148292
1,pgpad,16.507,query,77526,11688598179810,pgpad-tauri,35718224,0.618958667
1,pgpad,16.507,query,77584,11688886459908,com.apple.SafariPlatformSupport,9732720,0.116975375
1,pgpad,16.507,query,77529,11688603832825,com.apple.WebKit.Networking,5915152,0.043007375
1,pgpad,16.507,query,77533,11688617671400,com.apple.audio.SandboxHelper,5407224,0.022092958
1,pgpad,16.760,query,77530,11688603906098,com.apple.WebKit.WebContent,278397768,0.836880750
1,pgpad,16.760,query,77528,11688603500077,com.apple.WebKit.GPU,60195824,0.275802708
1,pgpad,16.760,query,77526,11688598179810,pgpad-tauri,35718224,0.624354792
1,pgpad,16.760,query,77584,11688886459908,com.apple.SafariPlatformSupport,9732720,0.116975375
1,pgpad,16.760,query,77529,11688603832825,com.apple.WebKit.Networking,5915152,0.043095083
1,pgpad,16.760,query,77533,11688617671400,com.apple.audio.SandboxHelper,5407224,0.022092958
1,pgpad,17.014,query,77530,11688603906098,com.apple.WebKit.WebContent,278987592,0.876176500
1,pgpad,17.014,query,77528,11688603500077,com.apple.WebKit.GPU,60277744,0.298997667
1,pgpad,17.014,query,77526,11688598179810,pgpad-tauri,35734608,0.631440625
1,pgpad,17.014,query,77584,11688886459908,com.apple.SafariPlatformSupport,9732720,0.116975375
1,pgpad,17.014,query,77529,11688603832825,com.apple.WebKit.Networking,5915152,0.043163208
1,pgpad,17.014,query,77533,11688617671400,com.apple.audio.SandboxHelper,5407224,0.022092958
1,pgpad,17.270,query,77530,11688603906098,com.apple.WebKit.WebContent,279036744,0.888501417
1,pgpad,17.270,query,77528,11688603500077,com.apple.WebKit.GPU,60294128,0.309396042
1,pgpad,17.270,query,77526,11688598179810,pgpad-tauri,35734608,0.637034542
1,pgpad,17.270,query,77584,11688886459908,com.apple.SafariPlatformSupport,9732720,0.117571750
1,pgpad,17.270,query,77529,11688603832825,com.apple.WebKit.Networking,5915152,0.043379208
1,pgpad,17.270,query,77533,11688617671400,com.apple.audio.SandboxHelper,5407224,0.022092958
1,pgpad,17.524,query,77530,11688603906098,com.apple.WebKit.WebContent,279724872,0.930729833
1,pgpad,17.524,query,77528,11688603500077,com.apple.WebKit.GPU,60376048,0.334743000
1,pgpad,17.524,query,77526,11688598179810,pgpad-tauri,35734608,0.645117500
1,pgpad,17.524,query,77584,11688886459908,com.apple.SafariPlatformSupport,9683568,0.117696958
1,pgpad,17.524,query,77529,11688603832825,com.apple.WebKit.Networking,5915152,0.043483792
1,pgpad,17.524,query,77533,11688617671400,com.apple.audio.SandboxHelper,5407224,0.022092958
1,pgpad,17.779,query,77530,11688603906098,com.apple.WebKit.WebContent,279724872,0.932375042
1,pgpad,17.779,query,77528,11688603500077,com.apple.WebKit.GPU,54297584,0.335184125
1,pgpad,17.779,query,77526,11688598179810,pgpad-tauri,35718224,0.645918625
1,pgpad,17.779,query,77584,11688886459908,com.apple.SafariPlatformSupport,9683568,0.117696958
1,pgpad,17.779,query,77529,11688603832825,com.apple.WebKit.Networking,5915152,0.043673458
1,pgpad,17.779,query,77533,11688617671400,com.apple.audio.SandboxHelper,5407224,0.022092958
1,pgpad,18.032,query,77530,11688603906098,com.apple.WebKit.WebContent,279741256,0.942189792
1,pgpad,18.032,query,77528,11688603500077,com.apple.WebKit.GPU,75187208,0.343623750
1,pgpad,18.032,query,77526,11688598179810,pgpad-tauri,35685456,0.650799125
1,pgpad,18.032,query,77584,11688886459908,com.apple.SafariPlatformSupport,9683568,0.117696958
1,pgpad,18.032,query,77529,11688603832825,com.apple.WebKit.Networking,5915152,0.043746417
1,pgpad,18.032,query,77533,11688617671400,com.apple.audio.SandboxHelper,5407224,0.022092958
1,pgpad,18.283,query,77530,11688603906098,com.apple.WebKit.WebContent,266339144,0.977269375
1,pgpad,18.283,query,77528,11688603500077,com.apple.WebKit.GPU,68486152,0.371456708
1,pgpad,18.283,query,77526,11688598179810,pgpad-tauri,35685456,0.658221917
1,pgpad,18.283,query,77584,11688886459908,com.apple.SafariPlatformSupport,9683568,0.117696958
1,pgpad,18.283,query,77529,11688603832825,com.apple.WebKit.Networking,5915152,0.043746417
1,pgpad,18.283,query,77533,11688617671400,com.apple.audio.SandboxHelper,5407224,0.022092958
1,pgpad,18.536,after-query,77530,11688603906098,com.apple.WebKit.WebContent,266339144,0.978179792
1,pgpad,18.536,after-query,77528,11688603500077,com.apple.WebKit.GPU,68486152,0.371823958
1,pgpad,18.536,after-query,77526,11688598179810,pgpad-tauri,35603536,0.659004750
1,pgpad,18.536,after-query,77584,11688886459908,com.apple.SafariPlatformSupport,9683568,0.117696958
1,pgpad,18.536,after-query,77529,11688603832825,com.apple.WebKit.Networking,5915152,0.043746417
1,pgpad,18.536,after-query,77533,11688617671400,com.apple.audio.SandboxHelper,5407224,0.022092958
1,pgpad,18.791,after-query,77530,11688603906098,com.apple.WebKit.WebContent,266306376,0.979940750
1,pgpad,18.791,after-query,77528,11688603500077,com.apple.WebKit.GPU,68486152,0.372299333
1,pgpad,18.791,after-query,77526,11688598179810,pgpad-tauri,35603536,0.660720958
1,pgpad,18.791,after-query,77584,11688886459908,com.apple.SafariPlatformSupport,9683568,0.117696958
1,pgpad,18.791,after-query,77529,11688603832825,com.apple.WebKit.Networking,5915152,0.043746417
1,pgpad,18.791,after-query,77533,11688617671400,com.apple.audio.SandboxHelper,5407224,0.022092958
1,pgpad,19.047,after-query,77530,11688603906098,com.apple.WebKit.WebContent,265945928,0.981310375
1,pgpad,19.047,after-query,77528,11688603500077,com.apple.WebKit.GPU,68486152,0.372872083
1,pgpad,19.047,after-query,77526,11688598179810,pgpad-tauri,35603536,0.661111375
1,pgpad,19.047,after-query,77584,11688886459908,com.apple.SafariPlatformSupport,9683568,0.117696958
1,pgpad,19.047,after-query,77529,11688603832825,com.apple.WebKit.Networking,5915152,0.043746417
1,pgpad,19.047,after-query,77533,11688617671400,com.apple.audio.SandboxHelper,5407224,0.022092958
1,pgpad,19.298,after-query,77530,11688603906098,com.apple.WebKit.WebContent,239846216,0.981966208
1,pgpad,19.298,after-query,77528,11688603500077,com.apple.WebKit.GPU,66651144,0.374403875
1,pgpad,19.298,after-query,77526,11688598179810,pgpad-tauri,35423312,0.661572250
1,pgpad,19.298,after-query,77584,11688886459908,com.apple.SafariPlatformSupport,9683568,0.117696958
1,pgpad,19.298,after-query,77529,11688603832825,com.apple.WebKit.Networking,5915152,0.043746417
1,pgpad,19.298,after-query,77533,11688617671400,com.apple.audio.SandboxHelper,5407224,0.022092958
1,pgpad,19.553,after-query,77530,11688603906098,com.apple.WebKit.WebContent,180470600,0.982369042
1,pgpad,19.553,after-query,77526,11688598179810,pgpad-tauri,35423312,0.661897042
1,pgpad,19.553,after-query,77528,11688603500077,com.apple.WebKit.GPU,22742024,0.375978333
1,pgpad,19.553,after-query,77584,11688886459908,com.apple.SafariPlatformSupport,9683568,0.117696958
1,pgpad,19.553,after-query,77529,11688603832825,com.apple.WebKit.Networking,5915152,0.043746417
1,pgpad,19.553,after-query,77533,11688617671400,com.apple.audio.SandboxHelper,5407224,0.022092958
1,pgpad,19.807,after-query,77530,11688603906098,com.apple.WebKit.WebContent,180454216,0.982981833
1,pgpad,19.807,after-query,77526,11688598179810,pgpad-tauri,35374160,0.662189417
1,pgpad,19.807,after-query,77528,11688603500077,com.apple.WebKit.GPU,22742024,0.376352708
1,pgpad,19.807,after-query,77584,11688886459908,com.apple.SafariPlatformSupport,9683568,0.117696958
1,pgpad,19.807,after-query,77529,11688603832825,com.apple.WebKit.Networking,5915152,0.043746417
1,pgpad,19.807,after-query,77533,11688617671400,com.apple.audio.SandboxHelper,5407224,0.022092958
1,pgpad,20.061,after-query,77530,11688603906098,com.apple.WebKit.WebContent,180454216,0.983296000
1,pgpad,20.061,after-query,77526,11688598179810,pgpad-tauri,35374160,0.662224542
1,pgpad,20.061,after-query,77528,11688603500077,com.apple.WebKit.GPU,22742024,0.376524917
1,pgpad,20.061,after-query,77584,11688886459908,com.apple.SafariPlatformSupport,9683568,0.117696958
1,pgpad,20.061,after-query,77529,11688603832825,com.apple.WebKit.Networking,5915152,0.043746417
1,pgpad,20.061,after-query,77533,11688617671400,com.apple.audio.SandboxHelper,5407224,0.022092958
1,pgpad,20.315,after-query,77530,11688603906098,com.apple.WebKit.WebContent,180421448,0.983296000
1,pgpad,20.315,after-query,77526,11688598179810,pgpad-tauri,35374160,0.662224542
1,pgpad,20.315,after-query,77528,11688603500077,com.apple.WebKit.GPU,22742024,0.376911958
1,pgpad,20.315,after-query,77584,11688886459908,com.apple.SafariPlatformSupport,9683568,0.117696958
1,pgpad,20.315,after-query,77529,11688603832825,com.apple.WebKit.Networking,5915152,0.043746417
1,pgpad,20.315,after-query,77533,11688617671400,com.apple.audio.SandboxHelper,5407224,0.022092958
1,pgpad,20.568,after-query,77530,11688603906098,com.apple.WebKit.WebContent,180421448,0.983296000
1,pgpad,20.568,after-query,77526,11688598179810,pgpad-tauri,35374160,0.662224542
1,pgpad,20.568,after-query,77528,11688603500077,com.apple.WebKit.GPU,22676488,0.377331250
1,pgpad,20.568,after-query,77584,11688886459908,com.apple.SafariPlatformSupport,9683568,0.117696958
1,pgpad,20.568,after-query,77529,11688603832825,com.apple.WebKit.Networking,5915152,0.043746417
1,pgpad,20.568,after-query,77533,11688617671400,com.apple.audio.SandboxHelper,5407224,0.022092958
1,pgpad,20.823,after-query,77530,11688603906098,com.apple.WebKit.WebContent,180339528,0.983852000
1,pgpad,20.823,after-query,77526,11688598179810,pgpad-tauri,35357776,0.662349542
1,pgpad,20.823,after-query,77528,11688603500077,com.apple.WebKit.GPU,22676488,0.377399458
1,pgpad,20.823,after-query,77584,11688886459908,com.apple.SafariPlatformSupport,9683568,0.117696958
1,pgpad,20.823,after-query,77529,11688603832825,com.apple.WebKit.Networking,5915152,0.043746417
1,pgpad,20.823,after-query,77533,11688617671400,com.apple.audio.SandboxHelper,5407224,0.022092958
1,pgpad,21.078,after-query,77530,11688603906098,com.apple.WebKit.WebContent,180372296,0.987524000
1,pgpad,21.078,after-query,77526,11688598179810,pgpad-tauri,35357776,0.664166500
1,pgpad,21.078,after-query,77528,11688603500077,com.apple.WebKit.GPU,22676488,0.377399458
1,pgpad,21.078,after-query,77584,11688886459908,com.apple.SafariPlatformSupport,9683568,0.117696958
1,pgpad,21.078,after-query,77529,11688603832825,com.apple.WebKit.Networking,5915152,0.043746417
1,pgpad,21.078,after-query,77533,11688617671400,com.apple.audio.SandboxHelper,5407224,0.022092958
1,pgpad,21.333,after-query,77530,11688603906098,com.apple.WebKit.WebContent,180372296,0.987784125
1,pgpad,21.333,after-query,77526,11688598179810,pgpad-tauri,35357776,0.664312708
1,pgpad,21.333,after-query,77528,11688603500077,com.apple.WebKit.GPU,22676488,0.377399458
1,pgpad,21.333,after-query,77584,11688886459908,com.apple.SafariPlatformSupport,9683568,0.117696958
1,pgpad,21.333,after-query,77529,11688603832825,com.apple.WebKit.Networking,5915152,0.043746417
1,pgpad,21.333,after-query,77533,11688617671400,com.apple.audio.SandboxHelper,5407224,0.022092958
1,pgpad,21.587,after-query,77530,11688603906098,com.apple.WebKit.WebContent,180323144,0.988167000
1,pgpad,21.587,after-query,77526,11688598179810,pgpad-tauri,35357776,0.664593542
1,pgpad,21.587,after-query,77528,11688603500077,com.apple.WebKit.GPU,22676488,0.377399458
1,pgpad,21.587,after-query,77584,11688886459908,com.apple.SafariPlatformSupport,9683568,0.117696958
1,pgpad,21.587,after-query,77529,11688603832825,com.apple.WebKit.Networking,5915152,0.043746417
1,pgpad,21.587,after-query,77533,11688617671400,com.apple.audio.SandboxHelper,5407224,0.022092958
1,pgpad,21.843,after-query,77530,11688603906098,com.apple.WebKit.WebContent,180323144,0.988573042
1,pgpad,21.843,after-query,77526,11688598179810,pgpad-tauri,35357776,0.664975833
1,pgpad,21.843,after-query,77528,11688603500077,com.apple.WebKit.GPU,22676488,0.377399458
1,pgpad,21.843,after-query,77584,11688886459908,com.apple.SafariPlatformSupport,9667184,0.117984542
1,pgpad,21.843,after-query,77529,11688603832825,com.apple.WebKit.Networking,5866000,0.043861375
1,pgpad,21.843,after-query,77533,11688617671400,com.apple.audio.SandboxHelper,5407224,0.022092958
1,pgpad,22.098,after-query,77530,11688603906098,com.apple.WebKit.WebContent,180323144,0.988953875
1,pgpad,22.098,after-query,77526,11688598179810,pgpad-tauri,35357776,0.665227333
1,pgpad,22.098,after-query,77528,11688603500077,com.apple.WebKit.GPU,22676488,0.377399458
1,pgpad,22.098,after-query,77584,11688886459908,com.apple.SafariPlatformSupport,9667184,0.117984542
1,pgpad,22.098,after-query,77529,11688603832825,com.apple.WebKit.Networking,5866000,0.043861375
1,pgpad,22.098,after-query,77533,11688617671400,com.apple.audio.SandboxHelper,5407224,0.022092958
1,pgpad,22.353,after-query,77530,11688603906098,com.apple.WebKit.WebContent,180323144,0.989332333
1,pgpad,22.353,after-query,77526,11688598179810,pgpad-tauri,35308624,0.666026292
1,pgpad,22.353,after-query,77528,11688603500077,com.apple.WebKit.GPU,22676488,0.377399458
1,pgpad,22.353,after-query,77584,11688886459908,com.apple.SafariPlatformSupport,9667184,0.117984542
1,pgpad,22.353,after-query,77529,11688603832825,com.apple.WebKit.Networking,5866000,0.043861375
1,pgpad,22.353,after-query,77533,11688617671400,com.apple.audio.SandboxHelper,5407224,0.022092958
1,pgpad,22.607,after-query,77530,11688603906098,com.apple.WebKit.WebContent,180323144,0.989437208
1,pgpad,22.607,after-query,77526,11688598179810,pgpad-tauri,35308624,0.666437000
1,pgpad,22.607,after-query,77528,11688603500077,com.apple.WebKit.GPU,22676488,0.377399458
1,pgpad,22.607,after-query,77584,11688886459908,com.apple.SafariPlatformSupport,9667184,0.117984542
1,pgpad,22.607,after-query,77529,11688603832825,com.apple.WebKit.Networking,5866000,0.043861375
1,pgpad,22.607,after-query,77533,11688617671400,com.apple.audio.SandboxHelper,5407224,0.022092958
1,pgpad,22.862,after-query,77530,11688603906098,com.apple.WebKit.WebContent,180323144,0.989437208
1,pgpad,22.862,after-query,77526,11688598179810,pgpad-tauri,35308624,0.666628292
1,pgpad,22.862,after-query,77528,11688603500077,com.apple.WebKit.GPU,22676488,0.377399458
1,pgpad,22.862,after-query,77584,11688886459908,com.apple.SafariPlatformSupport,9667184,0.117984542
1,pgpad,22.862,after-query,77529,11688603832825,com.apple.WebKit.Networking,5866000,0.043861375
1,pgpad,22.862,after-query,77533,11688617671400,com.apple.audio.SandboxHelper,5407224,0.022092958
1,pgpad,23.117,after-query,77530,11688603906098,com.apple.WebKit.WebContent,180323144,0.989437208
1,pgpad,23.117,after-query,77526,11688598179810,pgpad-tauri,35292240,0.667005042
1,pgpad,23.117,after-query,77528,11688603500077,com.apple.WebKit.GPU,22676488,0.377399458
1,pgpad,23.117,after-query,77584,11688886459908,com.apple.SafariPlatformSupport,9667184,0.117984542
1,pgpad,23.117,after-query,77529,11688603832825,com.apple.WebKit.Networking,5866000,0.043861375
1,pgpad,23.117,after-query,77533,11688617671400,com.apple.audio.SandboxHelper,5407224,0.022092958
1,pgpad,23.372,after-query,77530,11688603906098,com.apple.WebKit.WebContent,180323144,0.989437208
1,pgpad,23.372,after-query,77526,11688598179810,pgpad-tauri,35292240,0.667005042
1,pgpad,23.372,after-query,77528,11688603500077,com.apple.WebKit.GPU,22676488,0.377399458
1,pgpad,23.372,after-query,77584,11688886459908,com.apple.SafariPlatformSupport,9667184,0.117984542
1,pgpad,23.372,after-query,77529,11688603832825,com.apple.WebKit.Networking,5866000,0.043861375
1,pgpad,23.372,after-query,77533,11688617671400,com.apple.audio.SandboxHelper,5407224,0.022092958
1,pgpad,23.627,after-query,77530,11688603906098,com.apple.WebKit.WebContent,185729864,0.989437208
1,pgpad,23.627,after-query,77526,11688598179810,pgpad-tauri,35783760,0.667005042
1,pgpad,23.627,after-query,77528,11688603500077,com.apple.WebKit.GPU,24495112,0.377577917
1,pgpad,23.627,after-query,77584,11688886459908,com.apple.SafariPlatformSupport,9667184,0.117984542
1,pgpad,23.627,after-query,77529,11688603832825,com.apple.WebKit.Networking,6701584,0.043861375
1,pgpad,23.627,after-query,77533,11688617671400,com.apple.audio.SandboxHelper,5407224,0.022092958
1,dbeaver,0.253,launch,77660,11689286511221,dbeaver,23364496,0.125939417
1,dbeaver,0.508,launch,77660,11689286511221,dbeaver,69141488,0.599373375
1,dbeaver,0.764,launch,77660,11689286511221,dbeaver,114328632,1.177690375
1,dbeaver,1.019,launch,77660,11689286511221,dbeaver,140756048,1.717475042
1,dbeaver,1.274,launch,77660,11689286511221,dbeaver,163841152,2.380083042
1,dbeaver,1.529,launch,77660,11689286511221,dbeaver,183649600,2.989025208
1,dbeaver,1.787,launch,77660,11689286511221,dbeaver,226461040,3.747154000
1,dbeaver,2.042,launch,77660,11689286511221,dbeaver,256640416,4.226416083
1,dbeaver,2.297,launch,77660,11689286511221,dbeaver,271074720,4.859239042
1,dbeaver,2.552,launch,77660,11689286511221,dbeaver,281331104,5.726751375
1,dbeaver,2.808,launch,77660,11689286511221,dbeaver,295175632,6.744350000
1,dbeaver,3.061,launch,77660,11689286511221,dbeaver,310625744,7.556225667
1,dbeaver,3.317,launch,77660,11689286511221,dbeaver,317835016,8.229107833
1,dbeaver,3.572,launch,77660,11689286511221,dbeaver,632031344,8.984418125
1,dbeaver,3.822,settle,77660,11689286511221,dbeaver,830113880,9.768150083
1,dbeaver,3.822,settle,77677,11689371436474,com.apple.SafariPlatformSupport,9699952,0.111592750
1,dbeaver,4.078,settle,77660,11689286511221,dbeaver,982141016,10.452082917
1,dbeaver,4.078,settle,77677,11689371436474,com.apple.SafariPlatformSupport,9716336,0.112700250
1,dbeaver,4.333,settle,77660,11689286511221,dbeaver,994232408,10.714789750
1,dbeaver,4.333,settle,77677,11689371436474,com.apple.SafariPlatformSupport,9716336,0.112700250
1,dbeaver,4.588,settle,77660,11689286511221,dbeaver,1059866712,11.511705417
1,dbeaver,4.588,settle,77677,11689371436474,com.apple.SafariPlatformSupport,9716336,0.112700250
1,dbeaver,4.843,settle,77660,11689286511221,dbeaver,1003161688,11.535982917
1,dbeaver,4.843,settle,77677,11689371436474,com.apple.SafariPlatformSupport,9716336,0.112913833
1,dbeaver,5.098,settle,77660,11689286511221,dbeaver,890619992,11.580583625
1,dbeaver,5.098,settle,77677,11689371436474,com.apple.SafariPlatformSupport,9716336,0.112913833
1,dbeaver,5.353,settle,77660,11689286511221,dbeaver,819595352,11.603891792
1,dbeaver,5.353,settle,77677,11689371436474,com.apple.SafariPlatformSupport,9716336,0.112913833
1,dbeaver,5.607,settle,77660,11689286511221,dbeaver,721225816,11.614202500
1,dbeaver,5.607,settle,77677,11689371436474,com.apple.SafariPlatformSupport,9716336,0.112913833
1,dbeaver,5.862,settle,77660,11689286511221,dbeaver,709511256,11.630563792
1,dbeaver,5.862,settle,77677,11689371436474,com.apple.SafariPlatformSupport,9716336,0.113225917
1,dbeaver,6.117,settle,77660,11689286511221,dbeaver,709511256,11.639530000
1,dbeaver,6.117,settle,77677,11689371436474,com.apple.SafariPlatformSupport,9716336,0.113225917
1,dbeaver,6.370,settle,77660,11689286511221,dbeaver,709511256,11.650922667
1,dbeaver,6.370,settle,77677,11689371436474,com.apple.SafariPlatformSupport,9716336,0.113225917
1,dbeaver,6.625,settle,77660,11689286511221,dbeaver,709511256,11.660063042
1,dbeaver,6.625,settle,77677,11689371436474,com.apple.SafariPlatformSupport,9716336,0.113225917
1,dbeaver,6.880,settle,77660,11689286511221,dbeaver,709511256,11.672538333
1,dbeaver,6.880,settle,77677,11689371436474,com.apple.SafariPlatformSupport,9716336,0.113225917
1,dbeaver,7.132,settle,77660,11689286511221,dbeaver,709511256,11.679974833
1,dbeaver,7.132,settle,77677,11689371436474,com.apple.SafariPlatformSupport,9716336,0.113225917
1,dbeaver,7.387,settle,77660,11689286511221,dbeaver,671680600,11.689735417
1,dbeaver,7.387,settle,77677,11689371436474,com.apple.SafariPlatformSupport,9716336,0.113225917
1,dbeaver,7.642,settle,77660,11689286511221,dbeaver,709675096,11.710797875
1,dbeaver,7.642,settle,77677,11689371436474,com.apple.SafariPlatformSupport,9716336,0.113225917
1,dbeaver,7.897,settle,77660,11689286511221,dbeaver,709675096,11.723270292
1,dbeaver,7.897,settle,77677,11689371436474,com.apple.SafariPlatformSupport,9716336,0.113381125
1,dbeaver,8.152,settle,77660,11689286511221,dbeaver,709675096,11.735593875
1,dbeaver,8.152,settle,77677,11689371436474,com.apple.SafariPlatformSupport,9716336,0.113381125
1,dbeaver,8.405,settle,77660,11689286511221,dbeaver,709691480,11.745225750
1,dbeaver,8.405,settle,77677,11689371436474,com.apple.SafariPlatformSupport,9716336,0.113381125
1,dbeaver,8.656,settle,77660,11689286511221,dbeaver,709396568,11.758322750
1,dbeaver,8.656,settle,77677,11689371436474,com.apple.SafariPlatformSupport,9716336,0.113560708
1,dbeaver,8.911,query,77660,11689286511221,dbeaver,709396568,11.763993833
1,dbeaver,8.911,query,77677,11689371436474,com.apple.SafariPlatformSupport,9716336,0.113812708
1,dbeaver,9.166,query,77660,11689286511221,dbeaver,709249112,11.777726458
1,dbeaver,9.166,query,77677,11689371436474,com.apple.SafariPlatformSupport,9667184,0.113981333
1,dbeaver,9.421,query,77660,11689286511221,dbeaver,709265496,11.793588542
1,dbeaver,9.421,query,77677,11689371436474,com.apple.SafariPlatformSupport,9667184,0.113981333
1,dbeaver,9.677,query,77660,11689286511221,dbeaver,709265496,11.803713500
1,dbeaver,9.677,query,77677,11689371436474,com.apple.SafariPlatformSupport,9667184,0.113981333
1,dbeaver,9.928,query,77660,11689286511221,dbeaver,709265496,11.812004083
1,dbeaver,9.928,query,77677,11689371436474,com.apple.SafariPlatformSupport,9667184,0.113981333
1,dbeaver,10.184,query,77660,11689286511221,dbeaver,709265496,11.817884833
1,dbeaver,10.184,query,77677,11689371436474,com.apple.SafariPlatformSupport,9667184,0.113981333
1,dbeaver,10.439,query,77660,11689286511221,dbeaver,709265496,11.828043250
1,dbeaver,10.439,query,77677,11689371436474,com.apple.SafariPlatformSupport,9667184,0.113981333
1,dbeaver,10.694,query,77660,11689286511221,dbeaver,709265496,11.834805000
1,dbeaver,10.694,query,77677,11689371436474,com.apple.SafariPlatformSupport,9667184,0.113981333
1,dbeaver,10.945,query,77660,11689286511221,dbeaver,709183576,11.848661333
1,dbeaver,10.945,query,77677,11689371436474,com.apple.SafariPlatformSupport,9667184,0.113981333
1,dbeaver,11.200,query,77660,11689286511221,dbeaver,709183576,11.855841042
1,dbeaver,11.200,query,77677,11689371436474,com.apple.SafariPlatformSupport,9667184,0.113981333
1,dbeaver,11.455,query,77660,11689286511221,dbeaver,709183576,11.872953750
1,dbeaver,11.455,query,77677,11689371436474,com.apple.SafariPlatformSupport,9667184,0.113981333
1,dbeaver,11.707,query,77660,11689286511221,dbeaver,709232728,11.887116417
1,dbeaver,11.707,query,77677,11689371436474,com.apple.SafariPlatformSupport,9667184,0.113981333
1,dbeaver,11.962,query,77660,11689286511221,dbeaver,709232728,11.898927542
1,dbeaver,11.962,query,77677,11689371436474,com.apple.SafariPlatformSupport,9667184,0.113981333
1,dbeaver,12.217,query,77660,11689286511221,dbeaver,709232728,11.904648375
1,dbeaver,12.217,query,77677,11689371436474,com.apple.SafariPlatformSupport,9667184,0.113981333
1,dbeaver,12.472,query,77660,11689286511221,dbeaver,709249112,11.912121375
1,dbeaver,12.472,query,77677,11689371436474,com.apple.SafariPlatformSupport,9667184,0.113981333
1,dbeaver,12.725,query,77660,11689286511221,dbeaver,709249112,11.917917958
1,dbeaver,12.725,query,77677,11689371436474,com.apple.SafariPlatformSupport,9667184,0.113981333
1,dbeaver,12.978,query,77660,11689286511221,dbeaver,709249112,11.924478625
1,dbeaver,12.978,query,77677,11689371436474,com.apple.SafariPlatformSupport,9667184,0.113981333
1,dbeaver,13.233,query,77660,11689286511221,dbeaver,709249112,11.931371375
1,dbeaver,13.233,query,77677,11689371436474,com.apple.SafariPlatformSupport,9667184,0.113981333
1,dbeaver,13.488,query,77660,11689286511221,dbeaver,709249112,11.935696375
1,dbeaver,13.488,query,77677,11689371436474,com.apple.SafariPlatformSupport,9667184,0.113981333
1,dbeaver,13.744,query,77660,11689286511221,dbeaver,709265472,11.951596542
1,dbeaver,13.744,query,77677,11689371436474,com.apple.SafariPlatformSupport,9667184,0.113981333
1,dbeaver,13.998,query,77660,11689286511221,dbeaver,709298240,11.966901083
1,dbeaver,13.998,query,77677,11689371436474,com.apple.SafariPlatformSupport,9634416,0.114567792
1,dbeaver,14.253,query,77660,11689286511221,dbeaver,710346816,12.031131333
1,dbeaver,14.253,query,77677,11689371436474,com.apple.SafariPlatformSupport,9634416,0.114567792
1,dbeaver,14.509,query,77660,11689286511221,dbeaver,838355008,12.112003500
1,dbeaver,14.509,query,77677,11689371436474,com.apple.SafariPlatformSupport,9634416,0.114567792
1,dbeaver,14.764,query,77660,11689286511221,dbeaver,796166208,12.262214583
1,dbeaver,14.764,query,77677,11689371436474,com.apple.SafariPlatformSupport,9634416,0.114567792
1,dbeaver,15.019,query,77660,11689286511221,dbeaver,795084864,12.298671167
1,dbeaver,15.019,query,77677,11689371436474,com.apple.SafariPlatformSupport,9634416,0.114825417
1,dbeaver,15.274,query,77660,11689286511221,dbeaver,794511424,12.312000458
1,dbeaver,15.274,query,77677,11689371436474,com.apple.SafariPlatformSupport,9634416,0.114825417
1,dbeaver,15.529,query,77660,11689286511221,dbeaver,794527808,12.338485250
1,dbeaver,15.529,query,77677,11689371436474,com.apple.SafariPlatformSupport,9634416,0.114825417
1,dbeaver,15.784,query,77660,11689286511221,dbeaver,789432384,12.361064125
1,dbeaver,15.784,query,77677,11689371436474,com.apple.SafariPlatformSupport,9634416,0.114825417
1,dbeaver,16.039,query,77660,11689286511221,dbeaver,708560960,12.374272917
1,dbeaver,16.039,query,77677,11689371436474,com.apple.SafariPlatformSupport,9634416,0.114825417
1,dbeaver,16.295,query,77660,11689286511221,dbeaver,708560960,12.382071292
1,dbeaver,16.295,query,77677,11689371436474,com.apple.SafariPlatformSupport,9634416,0.114825417
1,dbeaver,16.549,query,77660,11689286511221,dbeaver,837240896,12.753551792
1,dbeaver,16.549,query,77677,11689371436474,com.apple.SafariPlatformSupport,9634416,0.114825417
1,dbeaver,16.804,query,77660,11689286511221,dbeaver,897271872,13.530671875
1,dbeaver,16.804,query,77677,11689371436474,com.apple.SafariPlatformSupport,9634416,0.114825417
1,dbeaver,17.059,query,77660,11689286511221,dbeaver,955713600,14.079830958
1,dbeaver,17.059,query,77677,11689371436474,com.apple.SafariPlatformSupport,9634416,0.114825417
1,dbeaver,17.314,query,77660,11689286511221,dbeaver,907593792,14.237024250
1,dbeaver,17.314,query,77677,11689371436474,com.apple.SafariPlatformSupport,9634416,0.114825417
1,dbeaver,17.567,query,77660,11689286511221,dbeaver,907479104,14.391426583
1,dbeaver,17.567,query,77677,11689371436474,com.apple.SafariPlatformSupport,9634416,0.114825417
1,dbeaver,17.823,query,77660,11689286511221,dbeaver,906250304,14.402600125
1,dbeaver,17.823,query,77677,11689371436474,com.apple.SafariPlatformSupport,9634416,0.114825417
1,dbeaver,18.078,query,77660,11689286511221,dbeaver,905906264,14.445021708
1,dbeaver,18.078,query,77677,11689371436474,com.apple.SafariPlatformSupport,9634416,0.114825417
1,dbeaver,18.333,query,77660,11689286511221,dbeaver,875710552,14.588792583
1,dbeaver,18.333,query,77677,11689371436474,com.apple.SafariPlatformSupport,9634416,0.114825417
1,dbeaver,18.589,query,77660,11689286511221,dbeaver,732465240,14.631850542
1,dbeaver,18.589,query,77677,11689371436474,com.apple.SafariPlatformSupport,9634416,0.114825417
1,dbeaver,18.844,query,77660,11689286511221,dbeaver,732727384,14.760902583
1,dbeaver,18.844,query,77677,11689371436474,com.apple.SafariPlatformSupport,9634416,0.114825417
1,dbeaver,19.099,query,77660,11689286511221,dbeaver,739199064,14.851209542
1,dbeaver,19.099,query,77677,11689371436474,com.apple.SafariPlatformSupport,9634416,0.114825417
1,dbeaver,19.354,query,77660,11689286511221,dbeaver,739280984,14.934669625
1,dbeaver,19.354,query,77677,11689371436474,com.apple.SafariPlatformSupport,9634416,0.114825417
1,dbeaver,19.609,query,77660,11689286511221,dbeaver,739330136,15.048951833
1,dbeaver,19.609,query,77677,11689371436474,com.apple.SafariPlatformSupport,9634416,0.114825417
1,dbeaver,19.860,query,77660,11689286511221,dbeaver,739346520,15.154969542
1,dbeaver,19.860,query,77677,11689371436474,com.apple.SafariPlatformSupport,9634416,0.114825417
1,dbeaver,20.115,query,77660,11689286511221,dbeaver,728254552,15.304099083
1,dbeaver,20.115,query,77677,11689371436474,com.apple.SafariPlatformSupport,9634416,0.114825417
1,dbeaver,20.371,query,77660,11689286511221,dbeaver,727566424,15.409856625
1,dbeaver,20.371,query,77677,11689371436474,com.apple.SafariPlatformSupport,9634416,0.114825417
1,dbeaver,20.626,query,77660,11689286511221,dbeaver,727664728,15.486317417
1,dbeaver,20.626,query,77677,11689371436474,com.apple.SafariPlatformSupport,9585264,0.114955208
1,dbeaver,20.876,query,77660,11689286511221,dbeaver,834455640,15.641331667
1,dbeaver,20.876,query,77677,11689371436474,com.apple.SafariPlatformSupport,9585264,0.114955208
1,dbeaver,21.132,query,77660,11689286511221,dbeaver,847284312,15.715331458
1,dbeaver,21.132,query,77677,11689371436474,com.apple.SafariPlatformSupport,9585264,0.114955208
1,dbeaver,21.387,query,77660,11689286511221,dbeaver,845219928,15.819678167
1,dbeaver,21.387,query,77677,11689371436474,com.apple.SafariPlatformSupport,9585264,0.114955208
1,dbeaver,21.640,query,77660,11689286511221,dbeaver,841058392,15.873263583
1,dbeaver,21.640,query,77677,11689371436474,com.apple.SafariPlatformSupport,9585264,0.114955208
1,dbeaver,21.896,query,77660,11689286511221,dbeaver,798034008,15.926924167
1,dbeaver,21.896,query,77677,11689371436474,com.apple.SafariPlatformSupport,9585264,0.114955208
1,dbeaver,22.151,query,77660,11689286511221,dbeaver,732317784,15.990639000
1,dbeaver,22.151,query,77677,11689371436474,com.apple.SafariPlatformSupport,9585264,0.114955208
1,dbeaver,22.405,query,77660,11689286511221,dbeaver,732317784,16.001792208
1,dbeaver,22.405,query,77677,11689371436474,com.apple.SafariPlatformSupport,9585264,0.114955208
1,dbeaver,22.659,after-query,77660,11689286511221,dbeaver,732285016,16.015731750
1,dbeaver,22.659,after-query,77677,11689371436474,com.apple.SafariPlatformSupport,9585264,0.114955208
1,dbeaver,22.911,after-query,77660,11689286511221,dbeaver,729827416,16.024441875
1,dbeaver,22.911,after-query,77677,11689371436474,com.apple.SafariPlatformSupport,9585264,0.114955208
1,dbeaver,23.166,after-query,77660,11689286511221,dbeaver,718538840,16.028877625
1,dbeaver,23.166,after-query,77677,11689371436474,com.apple.SafariPlatformSupport,9585264,0.114955208
1,dbeaver,23.420,after-query,77660,11689286511221,dbeaver,718571608,16.049757625
1,dbeaver,23.420,after-query,77677,11689371436474,com.apple.SafariPlatformSupport,9585264,0.114955208
1,dbeaver,23.673,after-query,77660,11689286511221,dbeaver,718571608,16.055532750
1,dbeaver,23.673,after-query,77677,11689371436474,com.apple.SafariPlatformSupport,9585264,0.114955208
1,dbeaver,23.928,after-query,77660,11689286511221,dbeaver,718473304,16.068193708
1,dbeaver,23.928,after-query,77677,11689371436474,com.apple.SafariPlatformSupport,9585264,0.114955208
1,dbeaver,24.182,after-query,77660,11689286511221,dbeaver,718473304,16.073683792
1,dbeaver,24.182,after-query,77677,11689371436474,com.apple.SafariPlatformSupport,9585264,0.114955208
1,dbeaver,24.437,after-query,77660,11689286511221,dbeaver,718522456,16.085867708
1,dbeaver,24.437,after-query,77677,11689371436474,com.apple.SafariPlatformSupport,9585264,0.114955208
1,dbeaver,24.692,after-query,77660,11689286511221,dbeaver,718571608,16.100304000
1,dbeaver,24.692,after-query,77677,11689371436474,com.apple.SafariPlatformSupport,9585264,0.114955208
1,dbeaver,24.947,after-query,77660,11689286511221,dbeaver,718587992,16.111655583
1,dbeaver,24.947,after-query,77677,11689371436474,com.apple.SafariPlatformSupport,9585264,0.114955208
1,dbeaver,25.202,after-query,77660,11689286511221,dbeaver,718587992,16.117918917
1,dbeaver,25.202,after-query,77677,11689371436474,com.apple.SafariPlatformSupport,9585264,0.114955208
1,dbeaver,25.458,after-query,77660,11689286511221,dbeaver,718506072,16.131492750
1,dbeaver,25.458,after-query,77677,11689371436474,com.apple.SafariPlatformSupport,9585264,0.114955208
1,dbeaver,25.713,after-query,77660,11689286511221,dbeaver,718260312,16.143089208
1,dbeaver,25.713,after-query,77677,11689371436474,com.apple.SafariPlatformSupport,9585264,0.114955208
1,dbeaver,25.968,after-query,77660,11689286511221,dbeaver,718178392,16.150272792
1,dbeaver,25.968,after-query,77677,11689371436474,com.apple.SafariPlatformSupport,9585264,0.114955208
1,dbeaver,26.224,after-query,77660,11689286511221,dbeaver,718178392,16.160387625
1,dbeaver,26.224,after-query,77677,11689371436474,com.apple.SafariPlatformSupport,9585264,0.114955208
1,dbeaver,26.478,after-query,77660,11689286511221,dbeaver,718178392,16.168687542
1,dbeaver,26.478,after-query,77677,11689371436474,com.apple.SafariPlatformSupport,9585264,0.114955208
1,dbeaver,26.732,after-query,77660,11689286511221,dbeaver,718178392,16.180510625
1,dbeaver,26.732,after-query,77677,11689371436474,com.apple.SafariPlatformSupport,9585264,0.114955208
2,pgadmin,0.252,launch,77807,11690066445650,pgAdmin 4,8373184,0.098053208
2,pgadmin,0.507,launch,77807,11690066445650,pgAdmin 4,37881440,0.268277875
2,pgadmin,0.762,launch,77807,11690066445650,pgAdmin 4,53593888,0.409336042
2,pgadmin,0.762,launch,77812,11690080716311,pgAdmin 4 Helper (Renderer),18957512,0.082164542
2,pgadmin,0.762,launch,77813,11690081689500,Python,15483288,0.052760542
2,pgadmin,0.762,launch,77810,11690077843874,pgAdmin 4 Helper,12567464,0.112835167
2,pgadmin,0.762,launch,77811,11690077950764,pgAdmin 4 Helper,6833016,0.051240917
2,pgadmin,1.017,launch,77807,11690066445650,pgAdmin 4,54167328,0.417563917
2,pgadmin,1.017,launch,77810,11690077843874,pgAdmin 4 Helper,41436144,0.147938292
2,pgadmin,1.017,launch,77813,11690081689500,Python,30245296,0.276177583
2,pgadmin,1.017,launch,77812,11690080716311,pgAdmin 4 Helper (Renderer),20006088,0.086361667
2,pgadmin,1.017,launch,77811,11690077950764,pgAdmin 4 Helper,6833016,0.051240917
2,pgadmin,1.271,launch,77807,11690066445650,pgAdmin 4,54167328,0.417876042
2,pgadmin,1.271,launch,77810,11690077843874,pgAdmin 4 Helper,41436144,0.147938292
2,pgadmin,1.271,launch,77813,11690081689500,Python,41238984,0.500395375
2,pgadmin,1.271,launch,77812,11690080716311,pgAdmin 4 Helper (Renderer),20022472,0.086415250
2,pgadmin,1.271,launch,77811,11690077950764,pgAdmin 4 Helper,6833016,0.051240917
2,pgadmin,1.527,launch,77807,11690066445650,pgAdmin 4,54282016,0.420081458
2,pgadmin,1.527,launch,77813,11690081689500,Python,50610632,0.730141417
2,pgadmin,1.527,launch,77810,11690077843874,pgAdmin 4 Helper,41436144,0.147938292
2,pgadmin,1.527,launch,77812,11690080716311,pgAdmin 4 Helper (Renderer),20022472,0.086415250
2,pgadmin,1.527,launch,77811,11690077950764,pgAdmin 4 Helper,6833016,0.051240917
2,pgadmin,1.782,launch,77813,11690081689500,Python,59376096,0.943791292
2,pgadmin,1.782,launch,77807,11690066445650,pgAdmin 4,54282016,0.420343167
2,pgadmin,1.782,launch,77810,11690077843874,pgAdmin 4 Helper,41403376,0.148249792
2,pgadmin,1.782,launch,77812,11690080716311,pgAdmin 4 Helper (Renderer),20022472,0.086538917
2,pgadmin,1.782,launch,77811,11690077950764,pgAdmin 4 Helper,6947704,0.052271708
2,pgadmin,2.037,launch,77813,11690081689500,Python,77365752,1.186439083
2,pgadmin,2.037,launch,77807,11690066445650,pgAdmin 4,54282016,0.420343167
2,pgadmin,2.037,launch,77810,11690077843874,pgAdmin 4 Helper,40354800,0.148283000
2,pgadmin,2.037,launch,77812,11690080716311,pgAdmin 4 Helper (Renderer),20022472,0.086538917
2,pgadmin,2.037,launch,77811,11690077950764,pgAdmin 4 Helper,6947704,0.052271708
2,pgadmin,2.292,launch,77813,11690081689500,Python,88015352,1.414690750
2,pgadmin,2.292,launch,77807,11690066445650,pgAdmin 4,55641888,0.424056708
2,pgadmin,2.292,launch,77810,11690077843874,pgAdmin 4 Helper,40354800,0.148283000
2,pgadmin,2.292,launch,77812,11690080716311,pgAdmin 4 Helper (Renderer),20022472,0.086538917
2,pgadmin,2.292,launch,77811,11690077950764,pgAdmin 4 Helper,6947704,0.052271708
2,pgadmin,2.547,launch,77813,11690081689500,Python,98714128,1.653304333
2,pgadmin,2.547,launch,77807,11690066445650,pgAdmin 4,55641888,0.424056708
2,pgadmin,2.547,launch,77810,11690077843874,pgAdmin 4 Helper,40354800,0.148283000
2,pgadmin,2.547,launch,77812,11690080716311,pgAdmin 4 Helper (Renderer),20022472,0.086538917
2,pgadmin,2.547,launch,77811,11690077950764,pgAdmin 4 Helper,6947704,0.052271708
2,pgadmin,2.802,launch,77813,11690081689500,Python,109380136,1.879167542
2,pgadmin,2.802,launch,77807,11690066445650,pgAdmin 4,55641888,0.424080750
2,pgadmin,2.802,launch,77810,11690077843874,pgAdmin 4 Helper,25625584,0.149027542
2,pgadmin,2.802,launch,77823,11690128272568,Python,23151024,0.180402625
2,pgadmin,2.802,launch,77812,11690080716311,pgAdmin 4 Helper (Renderer),19924168,0.086654708
2,pgadmin,2.802,launch,77811,11690077950764,pgAdmin 4 Helper,6947704,0.052271708
2,pgadmin,3.057,launch,77813,11690081689500,Python,122110528,2.101887542
2,pgadmin,3.057,launch,77807,11690066445650,pgAdmin 4,55641888,0.424080750
2,pgadmin,3.057,launch,77810,11690077843874,pgAdmin 4 Helper,25625584,0.149027542
2,pgadmin,3.057,launch,77812,11690080716311,pgAdmin 4 Helper (Renderer),19924168,0.086654708
2,pgadmin,3.057,launch,77811,11690077950764,pgAdmin 4 Helper,6947704,0.052271708
2,pgadmin,3.312,launch,77813,11690081689500,Python,130925120,2.342447708
2,pgadmin,3.312,launch,77807,11690066445650,pgAdmin 4,55658272,0.425329625
2,pgadmin,3.312,launch,77810,11690077843874,pgAdmin 4 Helper,25625584,0.149027542
2,pgadmin,3.312,launch,77812,11690080716311,pgAdmin 4 Helper (Renderer),19924168,0.086654708
2,pgadmin,3.312,launch,77811,11690077950764,pgAdmin 4 Helper,6947704,0.052271708
2,pgadmin,3.568,launch,77813,11690081689500,Python,140640832,2.590937000
2,pgadmin,3.568,launch,77807,11690066445650,pgAdmin 4,55658272,0.425329625
2,pgadmin,3.568,launch,77810,11690077843874,pgAdmin 4 Helper,25625584,0.149027542
2,pgadmin,3.568,launch,77812,11690080716311,pgAdmin 4 Helper (Renderer),19924168,0.086654708
2,pgadmin,3.568,launch,77811,11690077950764,pgAdmin 4 Helper,6947704,0.052271708
2,pgadmin,3.823,launch,77813,11690081689500,Python,150438464,2.827109125
2,pgadmin,3.823,launch,77807,11690066445650,pgAdmin 4,55658272,0.425329625
2,pgadmin,3.823,launch,77810,11690077843874,pgAdmin 4 Helper,25625584,0.149065500
2,pgadmin,3.823,launch,77812,11690080716311,pgAdmin 4 Helper (Renderer),19924168,0.086654708
2,pgadmin,3.823,launch,77811,11690077950764,pgAdmin 4 Helper,6947704,0.052271708
2,pgadmin,3.823,launch,77832,11690157060583,pg_dumpall,262288,0.002402167
2,pgadmin,4.078,launch,77813,11690081689500,Python,150766144,2.878229167
2,pgadmin,4.078,launch,77807,11690066445650,pgAdmin 4,56018720,0.426038917
2,pgadmin,4.078,launch,77810,11690077843874,pgAdmin 4 Helper,25625584,0.149065500
2,pgadmin,4.078,launch,77812,11690080716311,pgAdmin 4 Helper (Renderer),19924168,0.086654708
2,pgadmin,4.078,launch,77811,11690077950764,pgAdmin 4 Helper,6947704,0.052271708
2,pgadmin,4.333,launch,77813,11690081689500,Python,151192152,2.890630125
2,pgadmin,4.333,launch,77807,11690066445650,pgAdmin 4,58148640,0.465863042
2,pgadmin,4.333,launch,77810,11690077843874,pgAdmin 4 Helper,25773040,0.150903708
2,pgadmin,4.333,launch,77812,11690080716311,pgAdmin 4 Helper (Renderer),19924168,0.086879042
2,pgadmin,4.333,launch,77811,11690077950764,pgAdmin 4 Helper,6947704,0.052848542
2,pgadmin,4.588,settle,77813,11690081689500,Python,152765016,3.002371000
2,pgadmin,4.588,settle,77839,11690171500777,pgAdmin 4 Helper (Renderer),82986400,0.211505125
2,pgadmin,4.588,settle,77807,11690066445650,pgAdmin 4,59098912,0.528685583
2,pgadmin,4.588,settle,77810,11690077843874,pgAdmin 4 Helper,31228912,0.164711833
2,pgadmin,4.588,settle,77811,11690077950764,pgAdmin 4 Helper,8536976,0.169825375
2,pgadmin,4.843,settle,77813,11690081689500,Python,153289304,3.047060583
2,pgadmin,4.843,settle,77839,11690171500777,pgAdmin 4 Helper (Renderer),126273048,0.473774708
2,pgadmin,4.843,settle,77810,11690077843874,pgAdmin 4 Helper,123634672,0.180962000
2,pgadmin,4.843,settle,77807,11690066445650,pgAdmin 4,59197216,0.540673875
2,pgadmin,4.843,settle,77811,11690077950764,pgAdmin 4 Helper,8586128,0.186574917
2,pgadmin,5.099,settle,77813,11690081689500,Python,153289304,3.085947958
2,pgadmin,5.099,settle,77839,11690171500777,pgAdmin 4 Helper (Renderer),152258144,0.774174458
2,pgadmin,5.099,settle,77810,11690077843874,pgAdmin 4 Helper,124716016,0.184113292
2,pgadmin,5.099,settle,77807,11690066445650,pgAdmin 4,60770080,0.566485542
2,pgadmin,5.099,settle,77811,11690077950764,pgAdmin 4 Helper,8602512,0.191911667
2,pgadmin,5.354,settle,77810,11690077843874,pgAdmin 4 Helper,230015984,0.212379250
2,pgadmin,5.354,settle,77839,11690171500777,pgAdmin 4 Helper (Renderer),223544952,1.186586292
2,pgadmin,5.354,settle,77813,11690081689500,Python,155697896,3.150527375
2,pgadmin,5.354,settle,77807,11690066445650,pgAdmin 4,62129976,0.598012500
2,pgadmin,5.354,settle,77811,11690077950764,pgAdmin 4 Helper,8668048,0.206920375
2,pgadmin,5.604,settle,77839,11690171500777,pgAdmin 4 Helper (Renderer),234194768,1.435482542
2,pgadmin,5.604,settle,77810,11690077843874,pgAdmin 4 Helper,231670792,0.217008500
2,pgadmin,5.604,settle,77813,11690081689500,Python,155779816,3.154940500
2,pgadmin,5.604,settle,77807,11690066445650,pgAdmin 4,62211896,0.611466250
2,pgadmin,5.604,settle,77811,11690077950764,pgAdmin 4 Helper,8668048,0.210866375
2,pgadmin,5.859,settle,77839,11690171500777,pgAdmin 4 Helper (Renderer),244172648,1.638915625
2,pgadmin,5.859,settle,77810,11690077843874,pgAdmin 4 Helper,231687176,0.223586292
2,pgadmin,5.859,settle,77813,11690081689500,Python,156058344,3.173602833
2,pgadmin,5.859,settle,77807,11690066445650,pgAdmin 4,62539576,0.621504458
2,pgadmin,5.859,settle,77811,11690077950764,pgAdmin 4 Helper,8684432,0.216505875
2,pgadmin,6.114,settle,77810,11690077843874,pgAdmin 4 Helper,284460040,0.256920083
2,pgadmin,6.114,settle,77839,11690171500777,pgAdmin 4 Helper (Renderer),269731688,1.824743000
2,pgadmin,6.114,settle,77813,11690081689500,Python,157106968,3.224899458
2,pgadmin,6.114,settle,77807,11690066445650,pgAdmin 4,62588728,0.625774917
2,pgadmin,6.114,settle,77811,11690077950764,pgAdmin 4 Helper,8684432,0.224095667
2,pgadmin,6.369,settle,77810,11690077843874,pgAdmin 4 Helper,284460040,0.263688417
2,pgadmin,6.369,settle,77839,11690171500777,pgAdmin 4 Helper (Renderer),270288744,1.848144167
2,pgadmin,6.369,settle,77813,11690081689500,Python,157106968,3.224899458
2,pgadmin,6.369,settle,77807,11690066445650,pgAdmin 4,62818104,0.662170333
2,pgadmin,6.369,settle,77811,11690077950764,pgAdmin 4 Helper,8684432,0.224095667
2,pgadmin,6.621,settle,77810,11690077843874,pgAdmin 4 Helper,284460040,0.265826417
2,pgadmin,6.621,settle,77839,11690171500777,pgAdmin 4 Helper (Renderer),271173480,1.862668875
2,pgadmin,6.621,settle,77813,11690081689500,Python,157106968,3.230074583
2,pgadmin,6.621,settle,77807,11690066445650,pgAdmin 4,62932792,0.668760958
2,pgadmin,6.621,settle,77857,11690218566426,com.apple.SafariPlatformSupport,9667184,0.111351167
2,pgadmin,6.621,settle,77811,11690077950764,pgAdmin 4 Helper,8684432,0.225696917
2,pgadmin,6.877,settle,77810,11690077843874,pgAdmin 4 Helper,284460040,0.272182750
2,pgadmin,6.877,settle,77839,11690171500777,pgAdmin 4 Helper (Renderer),271239016,1.878154250
2,pgadmin,6.877,settle,77813,11690081689500,Python,157106968,3.230074583
2,pgadmin,6.877,settle,77807,11690066445650,pgAdmin 4,62949176,0.669268208
2,pgadmin,6.877,settle,77857,11690218566426,com.apple.SafariPlatformSupport,9683568,0.113083500
2,pgadmin,6.877,settle,77811,11690077950764,pgAdmin 4 Helper,8684432,0.225696917
2,pgadmin,7.132,settle,77810,11690077843874,pgAdmin 4 Helper,282346504,0.278506208
2,pgadmin,7.132,settle,77839,11690171500777,pgAdmin 4 Helper (Renderer),271353704,1.903546792
2,pgadmin,7.132,settle,77813,11690081689500,Python,157106968,3.230171625
2,pgadmin,7.132,settle,77807,11690066445650,pgAdmin 4,62949176,0.669268208
2,pgadmin,7.132,settle,77857,11690218566426,com.apple.SafariPlatformSupport,9683568,0.113083500
2,pgadmin,7.132,settle,77811,11690077950764,pgAdmin 4 Helper,8684432,0.225696917
2,pgadmin,7.387,settle,77839,11690171500777,pgAdmin 4 Helper (Renderer),271435624,1.929044625
2,pgadmin,7.387,settle,77810,11690077843874,pgAdmin 4 Helper,269321224,0.290842083
2,pgadmin,7.387,settle,77813,11690081689500,Python,157106968,3.230171625
2,pgadmin,7.387,settle,77807,11690066445650,pgAdmin 4,62949176,0.669449083
2,pgadmin,7.387,settle,77857,11690218566426,com.apple.SafariPlatformSupport,9683568,0.113083500
2,pgadmin,7.387,settle,77811,11690077950764,pgAdmin 4 Helper,8684432,0.225696917
2,pgadmin,7.640,settle,77839,11690171500777,pgAdmin 4 Helper (Renderer),271419240,1.956299833
2,pgadmin,7.640,settle,77810,11690077843874,pgAdmin 4 Helper,252396552,0.300052000
2,pgadmin,7.640,settle,77813,11690081689500,Python,157106968,3.230298708
2,pgadmin,7.640,settle,77807,11690066445650,pgAdmin 4,62949176,0.669449083
2,pgadmin,7.640,settle,77857,11690218566426,com.apple.SafariPlatformSupport,9683568,0.113233458
2,pgadmin,7.640,settle,77811,11690077950764,pgAdmin 4 Helper,8684432,0.225696917
2,pgadmin,7.895,settle,77839,11690171500777,pgAdmin 4 Helper (Renderer),271468392,1.986205167
2,pgadmin,7.895,settle,77810,11690077843874,pgAdmin 4 Helper,252396552,0.309450917
2,pgadmin,7.895,settle,77813,11690081689500,Python,157106968,3.230298708
2,pgadmin,7.895,settle,77807,11690066445650,pgAdmin 4,62949176,0.669449083
2,pgadmin,7.895,settle,77857,11690218566426,com.apple.SafariPlatformSupport,9683568,0.113233458
2,pgadmin,7.895,settle,77811,11690077950764,pgAdmin 4 Helper,8684432,0.225696917
2,pgadmin,8.151,settle,77839,11690171500777,pgAdmin 4 Helper (Renderer),274319208,2.029296667
2,pgadmin,8.151,settle,77810,11690077843874,pgAdmin 4 Helper,252380168,0.316938375
2,pgadmin,8.151,settle,77813,11690081689500,Python,157139736,3.240544083
2,pgadmin,8.151,settle,77807,11690066445650,pgAdmin 4,62949176,0.670799708
2,pgadmin,8.151,settle,77857,11690218566426,com.apple.SafariPlatformSupport,9683568,0.113233458
2,pgadmin,8.151,settle,77811,11690077950764,pgAdmin 4 Helper,8684432,0.230615625
2,pgadmin,8.402,settle,77839,11690171500777,pgAdmin 4 Helper (Renderer),274417512,2.056946250
2,pgadmin,8.402,settle,77810,11690077843874,pgAdmin 4 Helper,252380168,0.326481292
2,pgadmin,8.402,settle,77813,11690081689500,Python,157139736,3.240544083
2,pgadmin,8.402,settle,77807,11690066445650,pgAdmin 4,62949176,0.670876750
2,pgadmin,8.402,settle,77857,11690218566426,com.apple.SafariPlatformSupport,9683568,0.113233458
2,pgadmin,8.402,settle,77811,11690077950764,pgAdmin 4 Helper,8684432,0.230615625
2,pgadmin,8.657,settle,77839,11690171500777,pgAdmin 4 Helper (Renderer),274548584,2.086780792
2,pgadmin,8.657,settle,77810,11690077843874,pgAdmin 4 Helper,252396552,0.339550625
2,pgadmin,8.657,settle,77813,11690081689500,Python,157139736,3.240650083
2,pgadmin,8.657,settle,77807,11690066445650,pgAdmin 4,62949176,0.672856542
2,pgadmin,8.657,settle,77857,11690218566426,com.apple.SafariPlatformSupport,9683568,0.113465750
2,pgadmin,8.657,settle,77811,11690077950764,pgAdmin 4 Helper,8684432,0.230615625
2,pgadmin,8.912,settle,77839,11690171500777,pgAdmin 4 Helper (Renderer),274630504,2.112986250
2,pgadmin,8.912,settle,77810,11690077843874,pgAdmin 4 Helper,252396552,0.348184333
2,pgadmin,8.912,settle,77813,11690081689500,Python,157139736,3.240650083
2,pgadmin,8.912,settle,77807,11690066445650,pgAdmin 4,62949176,0.672856542
2,pgadmin,8.912,settle,77857,11690218566426,com.apple.SafariPlatformSupport,9683568,0.113465750
2,pgadmin,8.912,settle,77811,11690077950764,pgAdmin 4 Helper,8684432,0.230615625
2,pgadmin,9.165,settle,77839,11690171500777,pgAdmin 4 Helper (Renderer),274712424,2.142380917
2,pgadmin,9.165,settle,77810,11690077843874,pgAdmin 4 Helper,252412936,0.357023000
2,pgadmin,9.165,settle,77813,11690081689500,Python,157139736,3.240734750
2,pgadmin,9.165,settle,77807,11690066445650,pgAdmin 4,62949176,0.672856542
2,pgadmin,9.165,settle,77857,11690218566426,com.apple.SafariPlatformSupport,9683568,0.113465750
2,pgadmin,9.165,settle,77811,11690077950764,pgAdmin 4 Helper,8684432,0.230615625
2,pgadmin,9.416,settle,77839,11690171500777,pgAdmin 4 Helper (Renderer),274777960,2.165827250
2,pgadmin,9.416,settle,77810,11690077843874,pgAdmin 4 Helper,252380168,0.363776500
2,pgadmin,9.416,settle,77813,11690081689500,Python,157139736,3.240734750
2,pgadmin,9.416,settle,77807,11690066445650,pgAdmin 4,62949176,0.673035958
2,pgadmin,9.416,settle,77857,11690218566426,com.apple.SafariPlatformSupport,9683568,0.113666958
2,pgadmin,9.416,settle,77811,11690077950764,pgAdmin 4 Helper,8684432,0.230615625
2,pgadmin,9.671,query,77839,11690171500777,pgAdmin 4 Helper (Renderer),274859880,2.181229958
2,pgadmin,9.671,query,77810,11690077843874,pgAdmin 4 Helper,252396552,0.368474542
2,pgadmin,9.671,query,77813,11690081689500,Python,157139736,3.240775042
2,pgadmin,9.671,query,77807,11690066445650,pgAdmin 4,62949176,0.673114125
2,pgadmin,9.671,query,77857,11690218566426,com.apple.SafariPlatformSupport,9683568,0.113666958
2,pgadmin,9.671,query,77811,11690077950764,pgAdmin 4 Helper,8684432,0.230689750
2,pgadmin,9.927,query,77839,11690171500777,pgAdmin 4 Helper (Renderer),274909032,2.206325833
2,pgadmin,9.927,query,77810,11690077843874,pgAdmin 4 Helper,252347400,0.377808833
2,pgadmin,9.927,query,77813,11690081689500,Python,157139736,3.240775042
2,pgadmin,9.927,query,77807,11690066445650,pgAdmin 4,62949176,0.673114125
2,pgadmin,9.927,query,77857,11690218566426,com.apple.SafariPlatformSupport,9683568,0.113666958
2,pgadmin,9.927,query,77811,11690077950764,pgAdmin 4 Helper,8684432,0.230689750
2,pgadmin,10.182,query,77839,11690171500777,pgAdmin 4 Helper (Renderer),279758720,2.265832958
2,pgadmin,10.182,query,77810,11690077843874,pgAdmin 4 Helper,252363784,0.384970542
2,pgadmin,10.182,query,77813,11690081689500,Python,157139736,3.251199750
2,pgadmin,10.182,query,77807,11690066445650,pgAdmin 4,62949176,0.674523667
2,pgadmin,10.182,query,77857,11690218566426,com.apple.SafariPlatformSupport,9683568,0.113666958
2,pgadmin,10.182,query,77811,11690077950764,pgAdmin 4 Helper,8684432,0.235776958
2,pgadmin,10.437,query,77839,11690171500777,pgAdmin 4 Helper (Renderer),279922560,2.290408000
2,pgadmin,10.437,query,77810,11690077843874,pgAdmin 4 Helper,252363784,0.393182667
2,pgadmin,10.437,query,77813,11690081689500,Python,157074200,3.251345583
2,pgadmin,10.437,query,77807,11690066445650,pgAdmin 4,62949176,0.674523667
2,pgadmin,10.437,query,77857,11690218566426,com.apple.SafariPlatformSupport,9683568,0.113666958
2,pgadmin,10.437,query,77811,11690077950764,pgAdmin 4 Helper,8684432,0.235776958
2,pgadmin,10.692,query,77839,11690171500777,pgAdmin 4 Helper (Renderer),280053632,2.316214083
2,pgadmin,10.692,query,77810,11690077843874,pgAdmin 4 Helper,252347400,0.400749833
2,pgadmin,10.692,query,77813,11690081689500,Python,157106968,3.252341042
2,pgadmin,10.692,query,77807,11690066445650,pgAdmin 4,62949176,0.674845500
2,pgadmin,10.692,query,77857,11690218566426,com.apple.SafariPlatformSupport,9683568,0.113824208
2,pgadmin,10.692,query,77811,11690077950764,pgAdmin 4 Helper,8684432,0.235776958
2,pgadmin,10.947,query,77839,11690171500777,pgAdmin 4 Helper (Renderer),280201088,2.339162583
2,pgadmin,10.947,query,77810,11690077843874,pgAdmin 4 Helper,252331016,0.406866458
2,pgadmin,10.947,query,77813,11690081689500,Python,157106968,3.252341042
2,pgadmin,10.947,query,77807,11690066445650,pgAdmin 4,62900024,0.675442042
2,pgadmin,10.947,query,77857,11690218566426,com.apple.SafariPlatformSupport,9683568,0.113824208
2,pgadmin,10.947,query,77811,11690077950764,pgAdmin 4 Helper,8684432,0.235776958
2,pgadmin,11.199,query,77839,11690171500777,pgAdmin 4 Helper (Renderer),280348544,2.366078458
2,pgadmin,11.199,query,77813,11690081689500,Python,157106968,3.252437417
2,pgadmin,11.199,query,77810,11690077843874,pgAdmin 4 Helper,104137736,0.430417000
2,pgadmin,11.199,query,77807,11690066445650,pgAdmin 4,62900024,0.675442042
2,pgadmin,11.199,query,77857,11690218566426,com.apple.SafariPlatformSupport,9683568,0.113824208
2,pgadmin,11.199,query,77811,11690077950764,pgAdmin 4 Helper,8684432,0.235776958
2,pgadmin,11.454,query,77839,11690171500777,pgAdmin 4 Helper (Renderer),280496000,2.388874375
2,pgadmin,11.454,query,77813,11690081689500,Python,157106968,3.252437417
2,pgadmin,11.454,query,77810,11690077843874,pgAdmin 4 Helper,104121352,0.436577167
2,pgadmin,11.454,query,77807,11690066445650,pgAdmin 4,62818104,0.676318125
2,pgadmin,11.454,query,77857,11690218566426,com.apple.SafariPlatformSupport,9683568,0.113824208
2,pgadmin,11.454,query,77811,11690077950764,pgAdmin 4 Helper,8684432,0.235776958
2,pgadmin,11.709,query,77839,11690171500777,pgAdmin 4 Helper (Renderer),280627072,2.414067208
2,pgadmin,11.709,query,77813,11690081689500,Python,157106968,3.252516542
2,pgadmin,11.709,query,77810,11690077843874,pgAdmin 4 Helper,104121352,0.445758583
2,pgadmin,11.709,query,77807,11690066445650,pgAdmin 4,62818104,0.676805292
2,pgadmin,11.709,query,77857,11690218566426,com.apple.SafariPlatformSupport,9683568,0.114354708
2,pgadmin,11.709,query,77811,11690077950764,pgAdmin 4 Helper,8684432,0.235776958
2,pgadmin,11.964,query,77839,11690171500777,pgAdmin 4 Helper (Renderer),280823680,2.439859917
2,pgadmin,11.964,query,77813,11690081689500,Python,157172528,3.259361833
2,pgadmin,11.964,query,77810,11690077843874,pgAdmin 4 Helper,104104968,0.452129833
2,pgadmin,11.964,query,77807,11690066445650,pgAdmin 4,62818104,0.677446917
2,pgadmin,11.964,query,77857,11690218566426,com.apple.SafariPlatformSupport,9683568,0.114354708
2,pgadmin,11.964,query,77811,11690077950764,pgAdmin 4 Helper,8684432,0.238834708
2,pgadmin,12.216,query,77839,11690171500777,pgAdmin 4 Helper (Renderer),283592576,2.478254458
2,pgadmin,12.216,query,77813,11690081689500,Python,157106968,3.262577875
2,pgadmin,12.216,query,77810,11690077843874,pgAdmin 4 Helper,104137736,0.460937583
2,pgadmin,12.216,query,77807,11690066445650,pgAdmin 4,62818104,0.678019417
2,pgadmin,12.216,query,77857,11690218566426,com.apple.SafariPlatformSupport,9683568,0.114354708
2,pgadmin,12.216,query,77811,11690077950764,pgAdmin 4 Helper,8684432,0.240471833
2,pgadmin,12.471,query,77839,11690171500777,pgAdmin 4 Helper (Renderer),283740032,2.499974875
2,pgadmin,12.471,query,77813,11690081689500,Python,157106968,3.262671583
2,pgadmin,12.471,query,77810,11690077843874,pgAdmin 4 Helper,104121352,0.467254875
2,pgadmin,12.471,query,77807,11690066445650,pgAdmin 4,62818104,0.678019417
2,pgadmin,12.471,query,77857,11690218566426,com.apple.SafariPlatformSupport,9683568,0.114354708
2,pgadmin,12.471,query,77811,11690077950764,pgAdmin 4 Helper,8684432,0.240471833
2,pgadmin,12.726,query,77839,11690171500777,pgAdmin 4 Helper (Renderer),283887488,2.523897000
2,pgadmin,12.726,query,77813,11690081689500,Python,157106968,3.262671583
2,pgadmin,12.726,query,77810,11690077843874,pgAdmin 4 Helper,104137736,0.474670958
2,pgadmin,12.726,query,77807,11690066445650,pgAdmin 4,62818104,0.678089333
2,pgadmin,12.726,query,77857,11690218566426,com.apple.SafariPlatformSupport,9683568,0.114354708
2,pgadmin,12.726,query,77811,11690077950764,pgAdmin 4 Helper,8684432,0.240535333
2,pgadmin,12.981,query,77839,11690171500777,pgAdmin 4 Helper (Renderer),284051328,2.540093875
2,pgadmin,12.981,query,77813,11690081689500,Python,157106968,3.262739792
2,pgadmin,12.981,query,77810,11690077843874,pgAdmin 4 Helper,104104968,0.480350667
2,pgadmin,12.981,query,77807,11690066445650,pgAdmin 4,62818104,0.679465000
2,pgadmin,12.981,query,77857,11690218566426,com.apple.SafariPlatformSupport,9683568,0.114354708
2,pgadmin,12.981,query,77811,11690077950764,pgAdmin 4 Helper,8684432,0.240535333
2,pgadmin,13.232,query,77839,11690171500777,pgAdmin 4 Helper (Renderer),284182400,2.556822833
2,pgadmin,13.232,query,77813,11690081689500,Python,157106968,3.262739792
2,pgadmin,13.232,query,77810,11690077843874,pgAdmin 4 Helper,104121352,0.486136292
2,pgadmin,13.232,query,77807,11690066445650,pgAdmin 4,62818104,0.679465000
2,pgadmin,13.232,query,77857,11690218566426,com.apple.SafariPlatformSupport,9683568,0.114354708
2,pgadmin,13.232,query,77811,11690077950764,pgAdmin 4 Helper,8684432,0.240535333
2,pgadmin,13.487,query,77839,11690171500777,pgAdmin 4 Helper (Renderer),284329856,2.574299833
2,pgadmin,13.487,query,77813,11690081689500,Python,157106968,3.262801667
2,pgadmin,13.487,query,77810,11690077843874,pgAdmin 4 Helper,104121352,0.492567750
2,pgadmin,13.487,query,77807,11690066445650,pgAdmin 4,62818104,0.679465000
2,pgadmin,13.487,query,77857,11690218566426,com.apple.SafariPlatformSupport,9683568,0.114354708
2,pgadmin,13.487,query,77811,11690077950764,pgAdmin 4 Helper,8684432,0.240535333
2,pgadmin,13.742,query,77839,11690171500777,pgAdmin 4 Helper (Renderer),284460928,2.592796375
2,pgadmin,13.742,query,77813,11690081689500,Python,157106968,3.262801667
2,pgadmin,13.742,query,77810,11690077843874,pgAdmin 4 Helper,104121352,0.498762458
2,pgadmin,13.742,query,77807,11690066445650,pgAdmin 4,62818104,0.679465000
2,pgadmin,13.742,query,77857,11690218566426,com.apple.SafariPlatformSupport,9683568,0.114354708
2,pgadmin,13.742,query,77811,11690077950764,pgAdmin 4 Helper,8684432,0.240535333
2,pgadmin,13.997,query,77839,11690171500777,pgAdmin 4 Helper (Renderer),296929152,2.781540833
2,pgadmin,13.997,query,77813,11690081689500,Python,157123352,3.268714375
2,pgadmin,13.997,query,77810,11690077843874,pgAdmin 4 Helper,104137736,0.504353917
2,pgadmin,13.997,query,77807,11690066445650,pgAdmin 4,62818104,0.680278042
2,pgadmin,13.997,query,77857,11690218566426,com.apple.SafariPlatformSupport,9667184,0.114592083
2,pgadmin,13.997,query,77811,11690077950764,pgAdmin 4 Helper,8684432,0.243356250
2,pgadmin,14.252,query,77839,11690171500777,pgAdmin 4 Helper (Renderer),296273792,2.889701083
2,pgadmin,14.252,query,77813,11690081689500,Python,157123352,3.268714375
2,pgadmin,14.252,query,77810,11690077843874,pgAdmin 4 Helper,104104968,0.510046208
2,pgadmin,14.252,query,77807,11690066445650,pgAdmin 4,62818104,0.680340625
2,pgadmin,14.252,query,77857,11690218566426,com.apple.SafariPlatformSupport,9667184,0.114592083
2,pgadmin,14.252,query,77811,11690077950764,pgAdmin 4 Helper,8684432,0.243356250
2,pgadmin,14.507,query,77839,11690171500777,pgAdmin 4 Helper (Renderer),296273792,2.908879000
2,pgadmin,14.507,query,77813,11690081689500,Python,157123352,3.268782333
2,pgadmin,14.507,query,77810,11690077843874,pgAdmin 4 Helper,104104968,0.515455833
2,pgadmin,14.507,query,77807,11690066445650,pgAdmin 4,62818104,0.680490542
2,pgadmin,14.507,query,77857,11690218566426,com.apple.SafariPlatformSupport,9667184,0.114592083
2,pgadmin,14.507,query,77811,11690077950764,pgAdmin 4 Helper,8684432,0.243356250
2,pgadmin,14.761,query,77839,11690171500777,pgAdmin 4 Helper (Renderer),296290176,2.928693042
2,pgadmin,14.761,query,77813,11690081689500,Python,157123352,3.268782333
2,pgadmin,14.761,query,77810,11690077843874,pgAdmin 4 Helper,104121352,0.524199917
2,pgadmin,14.761,query,77807,11690066445650,pgAdmin 4,62818104,0.680765833
2,pgadmin,14.761,query,77857,11690218566426,com.apple.SafariPlatformSupport,9667184,0.114592083
2,pgadmin,14.761,query,77811,11690077950764,pgAdmin 4 Helper,8684432,0.243356250
2,pgadmin,15.016,query,77839,11690171500777,pgAdmin 4 Helper (Renderer),296355712,2.943171750
2,pgadmin,15.016,query,77813,11690081689500,Python,157123352,3.268819292
2,pgadmin,15.016,query,77810,11690077843874,pgAdmin 4 Helper,104121352,0.528393458
2,pgadmin,15.016,query,77807,11690066445650,pgAdmin 4,62818104,0.680765833
2,pgadmin,15.016,query,77857,11690218566426,com.apple.SafariPlatformSupport,9667184,0.114592083
2,pgadmin,15.016,query,77811,11690077950764,pgAdmin 4 Helper,8684432,0.243356250
2,pgadmin,15.268,query,77839,11690171500777,pgAdmin 4 Helper (Renderer),296388480,2.961512042
2,pgadmin,15.268,query,77813,11690081689500,Python,157123352,3.268819292
2,pgadmin,15.268,query,77810,11690077843874,pgAdmin 4 Helper,104121352,0.535275042
2,pgadmin,15.268,query,77807,11690066445650,pgAdmin 4,62818104,0.680765833
2,pgadmin,15.268,query,77857,11690218566426,com.apple.SafariPlatformSupport,9667184,0.114592083
2,pgadmin,15.268,query,77811,11690077950764,pgAdmin 4 Helper,8684432,0.243356250
2,pgadmin,15.523,query,77839,11690171500777,pgAdmin 4 Helper (Renderer),296388480,2.983315500
2,pgadmin,15.523,query,77813,11690081689500,Python,157123352,3.268904458
2,pgadmin,15.523,query,77810,11690077843874,pgAdmin 4 Helper,104104968,0.541057750
2,pgadmin,15.523,query,77807,11690066445650,pgAdmin 4,62818104,0.682205833
2,pgadmin,15.523,query,77857,11690218566426,com.apple.SafariPlatformSupport,9667184,0.114592083
2,pgadmin,15.523,query,77811,11690077950764,pgAdmin 4 Helper,8684432,0.243356250
2,pgadmin,15.777,query,77839,11690171500777,pgAdmin 4 Helper (Renderer),297207680,3.035718542
2,pgadmin,15.777,query,77813,11690081689500,Python,157680408,3.275300375
2,pgadmin,15.777,query,77810,11690077843874,pgAdmin 4 Helper,125486088,0.552337542
2,pgadmin,15.777,query,77807,11690066445650,pgAdmin 4,63489848,0.696898458
2,pgadmin,15.777,query,77857,11690218566426,com.apple.SafariPlatformSupport,9667184,0.114592083
2,pgadmin,15.777,query,77811,11690077950764,pgAdmin 4 Helper,8684432,0.244569125
2,pgadmin,16.032,query,77839,11690171500777,pgAdmin 4 Helper (Renderer),300648320,3.168692125
2,pgadmin,16.032,query,77810,11690077843874,pgAdmin 4 Helper,174998536,0.578141250
2,pgadmin,16.032,query,77813,11690081689500,Python,158991104,3.298843625
2,pgadmin,16.032,query,77807,11690066445650,pgAdmin 4,62965560,0.706265083
2,pgadmin,16.032,query,77857,11690218566426,com.apple.SafariPlatformSupport,9601648,0.114952292
2,pgadmin,16.032,query,77811,11690077950764,pgAdmin 4 Helper,8684432,0.248635583
2,pgadmin,16.287,query,77839,11690171500777,pgAdmin 4 Helper (Renderer),300681088,3.196792375
2,pgadmin,16.287,query,77810,11690077843874,pgAdmin 4 Helper,176178184,0.589550875
2,pgadmin,16.287,query,77813,11690081689500,Python,158991104,3.298843625
2,pgadmin,16.287,query,77807,11690066445650,pgAdmin 4,62965560,0.706803125
2,pgadmin,16.287,query,77857,11690218566426,com.apple.SafariPlatformSupport,9601648,0.114952292
2,pgadmin,16.287,query,77811,11690077950764,pgAdmin 4 Helper,8684432,0.248635583
2,pgadmin,16.541,query,77839,11690171500777,pgAdmin 4 Helper (Renderer),300681088,3.214828542
2,pgadmin,16.541,query,77810,11690077843874,pgAdmin 4 Helper,176178184,0.595612792
2,pgadmin,16.541,query,77813,11690081689500,Python,158991104,3.298921333
2,pgadmin,16.541,query,77807,11690066445650,pgAdmin 4,62965560,0.707215083
2,pgadmin,16.541,query,77857,11690218566426,com.apple.SafariPlatformSupport,9601648,0.114952292
2,pgadmin,16.541,query,77811,11690077950764,pgAdmin 4 Helper,8684432,0.248635583
2,pgadmin,16.796,query,77839,11690171500777,pgAdmin 4 Helper (Renderer),300681088,3.230661917
2,pgadmin,16.796,query,77810,11690077843874,pgAdmin 4 Helper,176178184,0.601309375
2,pgadmin,16.796,query,77813,11690081689500,Python,158991104,3.298921333
2,pgadmin,16.796,query,77807,11690066445650,pgAdmin 4,62965560,0.707215083
2,pgadmin,16.796,query,77857,11690218566426,com.apple.SafariPlatformSupport,9601648,0.114952292
2,pgadmin,16.796,query,77811,11690077950764,pgAdmin 4 Helper,8684432,0.248635583
2,pgadmin,17.051,query,77839,11690171500777,pgAdmin 4 Helper (Renderer),300681088,3.248011708
2,pgadmin,17.051,query,77810,11690077843874,pgAdmin 4 Helper,168936456,0.607398708
2,pgadmin,17.051,query,77813,11690081689500,Python,158991104,3.299020917
2,pgadmin,17.051,query,77807,11690066445650,pgAdmin 4,62998328,0.707814333
2,pgadmin,17.051,query,77857,11690218566426,com.apple.SafariPlatformSupport,9601648,0.115077958
2,pgadmin,17.051,query,77811,11690077950764,pgAdmin 4 Helper,8684432,0.248635583
2,pgadmin,17.307,query,77839,11690171500777,pgAdmin 4 Helper (Renderer),300681088,3.261387292
2,pgadmin,17.307,query,77810,11690077843874,pgAdmin 4 Helper,166708232,0.612157000
2,pgadmin,17.307,query,77813,11690081689500,Python,158991104,3.299020917
2,pgadmin,17.307,query,77807,11690066445650,pgAdmin 4,63031096,0.707814333
2,pgadmin,17.307,query,77857,11690218566426,com.apple.SafariPlatformSupport,9601648,0.115077958
2,pgadmin,17.307,query,77811,11690077950764,pgAdmin 4 Helper,8684432,0.248635583
2,pgadmin,17.562,query,77839,11690171500777,pgAdmin 4 Helper (Renderer),307742592,3.437742000
2,pgadmin,17.562,query,77810,11690077843874,pgAdmin 4 Helper,231015456,0.667000417
2,pgadmin,17.562,query,77813,11690081689500,Python,158991104,3.299059042
2,pgadmin,17.562,query,77807,11690066445650,pgAdmin 4,64079672,0.727178083
2,pgadmin,17.562,query,77857,11690218566426,com.apple.SafariPlatformSupport,9601648,0.115077958
2,pgadmin,17.562,query,77811,11690077950764,pgAdmin 4 Helper,8684432,0.248635583
2,pgadmin,17.814,query,77839,11690171500777,pgAdmin 4 Helper (Renderer),317917056,3.576265833
2,pgadmin,17.814,query,77810,11690077843874,pgAdmin 4 Helper,231130144,0.700650917
2,pgadmin,17.814,query,77813,11690081689500,Python,158991104,3.299059042
2,pgadmin,17.814,query,77807,11690066445650,pgAdmin 4,64063288,0.740765292
2,pgadmin,17.814,query,77857,11690218566426,com.apple.SafariPlatformSupport,9601648,0.115077958
2,pgadmin,17.814,query,77811,11690077950764,pgAdmin 4 Helper,8684432,0.248635583
2,pgadmin,18.066,query,77839,11690171500777,pgAdmin 4 Helper (Renderer),321308544,3.659780458
2,pgadmin,18.066,query,77810,11690077843874,pgAdmin 4 Helper,230458400,0.724610583
2,pgadmin,18.066,query,77813,11690081689500,Python,158991104,3.303032958
2,pgadmin,18.066,query,77807,11690066445650,pgAdmin 4,64096056,0.752188417
2,pgadmin,18.066,query,77857,11690218566426,com.apple.SafariPlatformSupport,9601648,0.115077958
2,pgadmin,18.066,query,77811,11690077950764,pgAdmin 4 Helper,8684432,0.251060042
2,pgadmin,18.321,query,77839,11690171500777,pgAdmin 4 Helper (Renderer),325453696,3.745785375
2,pgadmin,18.321,query,77810,11690077843874,pgAdmin 4 Helper,232965152,0.745223375
2,pgadmin,18.321,query,77813,11690081689500,Python,158991104,3.303032958
2,pgadmin,18.321,query,77807,11690066445650,pgAdmin 4,64096056,0.762388250
2,pgadmin,18.321,query,77857,11690218566426,com.apple.SafariPlatformSupport,9601648,0.115077958
2,pgadmin,18.321,query,77811,11690077950764,pgAdmin 4 Helper,8684432,0.251060042
2,pgadmin,18.572,query,77839,11690171500777,pgAdmin 4 Helper (Renderer),333629336,3.872396458
2,pgadmin,18.572,query,77810,11690077843874,pgAdmin 4 Helper,232965152,0.784704292
2,pgadmin,18.572,query,77813,11690081689500,Python,158991104,3.303067167
2,pgadmin,18.572,query,77807,11690066445650,pgAdmin 4,64128824,0.776456542
2,pgadmin,18.572,query,77857,11690218566426,com.apple.SafariPlatformSupport,9601648,0.115077958
2,pgadmin,18.572,query,77811,11690077950764,pgAdmin 4 Helper,8684432,0.251060042
2,pgadmin,18.827,query,77839,11690171500777,pgAdmin 4 Helper (Renderer),339920792,3.975197083
2,pgadmin,18.827,query,77810,11690077843874,pgAdmin 4 Helper,232981536,0.816730625
2,pgadmin,18.827,query,77813,11690081689500,Python,158991104,3.303067167
2,pgadmin,18.827,query,77807,11690066445650,pgAdmin 4,64145208,0.790387542
2,pgadmin,18.827,query,77857,11690218566426,com.apple.SafariPlatformSupport,9601648,0.115077958
2,pgadmin,18.827,query,77811,11690077950764,pgAdmin 4 Helper,8684432,0.251060042
2,pgadmin,19.082,query,77839,11690171500777,pgAdmin 4 Helper (Renderer),343000984,4.018295125
2,pgadmin,19.082,query,77810,11690077843874,pgAdmin 4 Helper,233505824,0.836371125
2,pgadmin,19.082,query,77813,11690081689500,Python,158991104,3.303105167
2,pgadmin,19.082,query,77807,11690066445650,pgAdmin 4,64145208,0.795375542
2,pgadmin,19.082,query,77857,11690218566426,com.apple.SafariPlatformSupport,9601648,0.115077958
2,pgadmin,19.082,query,77811,11690077950764,pgAdmin 4 Helper,8684432,0.251060042
2,pgadmin,19.333,query,77839,11690171500777,pgAdmin 4 Helper (Renderer),349816728,4.161861833
2,pgadmin,19.333,query,77810,11690077843874,pgAdmin 4 Helper,233505824,0.878221542
2,pgadmin,19.333,query,77813,11690081689500,Python,158991104,3.303105167
2,pgadmin,19.333,query,77807,11690066445650,pgAdmin 4,64210744,0.816764000
2,pgadmin,19.333,query,77857,11690218566426,com.apple.SafariPlatformSupport,9601648,0.115077958
2,pgadmin,19.333,query,77811,11690077950764,pgAdmin 4 Helper,8684432,0.251060042
2,pgadmin,19.586,query,77839,11690171500777,pgAdmin 4 Helper (Renderer),356779928,4.252773250
2,pgadmin,19.586,query,77810,11690077843874,pgAdmin 4 Helper,233489440,0.910197167
2,pgadmin,19.586,query,77813,11690081689500,Python,158991104,3.303140333
2,pgadmin,19.586,query,77807,11690066445650,pgAdmin 4,64227128,0.827230000
2,pgadmin,19.586,query,77857,11690218566426,com.apple.SafariPlatformSupport,9601648,0.115077958
2,pgadmin,19.586,query,77811,11690077950764,pgAdmin 4 Helper,8684432,0.251060042
2,pgadmin,19.840,query,77839,11690171500777,pgAdmin 4 Helper (Renderer),362760088,4.356870542
2,pgadmin,19.840,query,77810,11690077843874,pgAdmin 4 Helper,233505824,0.943024792
2,pgadmin,19.840,query,77813,11690081689500,Python,158991104,3.303140333
2,pgadmin,19.840,query,77807,11690066445650,pgAdmin 4,64243512,0.841429292
2,pgadmin,19.840,query,77857,11690218566426,com.apple.SafariPlatformSupport,9601648,0.115077958
2,pgadmin,19.840,query,77811,11690077950764,pgAdmin 4 Helper,8684432,0.251060042
2,pgadmin,20.095,query,77839,11690171500777,pgAdmin 4 Helper (Renderer),370411440,4.471107583
2,pgadmin,20.095,query,77810,11690077843874,pgAdmin 4 Helper,233505824,0.979396750
2,pgadmin,20.095,query,77813,11690081689500,Python,158991104,3.307477125
2,pgadmin,20.095,query,77807,11690066445650,pgAdmin 4,64243512,0.856321250
2,pgadmin,20.095,query,77857,11690218566426,com.apple.SafariPlatformSupport,9601648,0.115077958
2,pgadmin,20.095,query,77811,11690077950764,pgAdmin 4 Helper,8684432,0.253145167
2,pgadmin,20.350,query,77839,11690171500777,pgAdmin 4 Helper (Renderer),372426672,4.526921833
2,pgadmin,20.350,query,77810,11690077843874,pgAdmin 4 Helper,233505824,0.995856792
2,pgadmin,20.350,query,77813,11690081689500,Python,158991104,3.307477125
2,pgadmin,20.350,query,77807,11690066445650,pgAdmin 4,64276280,0.865401542
2,pgadmin,20.350,query,77857,11690218566426,com.apple.SafariPlatformSupport,9601648,0.115077958
2,pgadmin,20.350,query,77811,11690077950764,pgAdmin 4 Helper,8684432,0.253145167
2,pgadmin,20.603,query,77839,11690171500777,pgAdmin 4 Helper (Renderer),376752048,4.625503875
2,pgadmin,20.603,query,77810,11690077843874,pgAdmin 4 Helper,238404640,1.030760250
2,pgadmin,20.603,query,77813,11690081689500,Python,158991104,3.307521250
2,pgadmin,20.603,query,77807,11690066445650,pgAdmin 4,64292664,0.883811208
2,pgadmin,20.603,query,77857,11690218566426,com.apple.SafariPlatformSupport,9601648,0.115077958
2,pgadmin,20.603,query,77811,11690077950764,pgAdmin 4 Helper,8684432,0.253145167
2,pgadmin,20.854,query,77839,11690171500777,pgAdmin 4 Helper (Renderer),383764400,4.758795833
2,pgadmin,20.854,query,77810,11690077843874,pgAdmin 4 Helper,229098528,1.067462583
2,pgadmin,20.854,query,77813,11690081689500,Python,158991104,3.307521250
2,pgadmin,20.854,query,77807,11690066445650,pgAdmin 4,64309048,0.899075292
2,pgadmin,20.854,query,77857,11690218566426,com.apple.SafariPlatformSupport,9601648,0.115077958
2,pgadmin,20.854,query,77811,11690077950764,pgAdmin 4 Helper,8684432,0.253145167
2,pgadmin,21.105,query,77839,11690171500777,pgAdmin 4 Helper (Renderer),384108464,4.869960417
2,pgadmin,21.105,query,77810,11690077843874,pgAdmin 4 Helper,228328480,1.099236375
2,pgadmin,21.105,query,77813,11690081689500,Python,158991104,3.307562542
2,pgadmin,21.105,query,77807,11690066445650,pgAdmin 4,64292664,0.916756042
2,pgadmin,21.105,query,77857,11690218566426,com.apple.SafariPlatformSupport,9601648,0.115077958
2,pgadmin,21.105,query,77811,11690077950764,pgAdmin 4 Helper,8684432,0.253145167
2,pgadmin,21.355,query,77839,11690171500777,pgAdmin 4 Helper (Renderer),386598832,4.919857083
2,pgadmin,21.355,query,77810,11690077843874,pgAdmin 4 Helper,228181024,1.116947292
2,pgadmin,21.355,query,77813,11690081689500,Python,158991104,3.307562542
2,pgadmin,21.355,query,77807,11690066445650,pgAdmin 4,64325432,0.928892458
2,pgadmin,21.355,query,77857,11690218566426,com.apple.SafariPlatformSupport,9601648,0.115077958
2,pgadmin,21.355,query,77811,11690077950764,pgAdmin 4 Helper,8684432,0.253145167
2,pgadmin,21.611,query,77839,11690171500777,pgAdmin 4 Helper (Renderer),392742832,5.021061333
2,pgadmin,21.611,query,77810,11690077843874,pgAdmin 4 Helper,228181024,1.153463750
2,pgadmin,21.611,query,77813,11690081689500,Python,158991104,3.307656750
2,pgadmin,21.611,query,77807,11690066445650,pgAdmin 4,64341816,0.944334375
2,pgadmin,21.611,query,77857,11690218566426,com.apple.SafariPlatformSupport,9601648,0.115077958
2,pgadmin,21.611,query,77811,11690077950764,pgAdmin 4 Helper,8684432,0.253145167
2,pgadmin,21.866,query,77839,11690171500777,pgAdmin 4 Helper (Renderer),394774448,5.063594500
2,pgadmin,21.866,query,77810,11690077843874,pgAdmin 4 Helper,228164640,1.166760500
2,pgadmin,21.866,query,77813,11690081689500,Python,158991104,3.307656750
2,pgadmin,21.866,query,77807,11690066445650,pgAdmin 4,64341816,0.949691875
2,pgadmin,21.866,query,77857,11690218566426,com.apple.SafariPlatformSupport,9601648,0.115077958
2,pgadmin,21.866,query,77811,11690077950764,pgAdmin 4 Helper,8684432,0.253145167
2,pgadmin,22.118,query,77839,11690171500777,pgAdmin 4 Helper (Renderer),398903216,5.178352583
2,pgadmin,22.118,query,77810,11690077843874,pgAdmin 4 Helper,228181024,1.196744375
2,pgadmin,22.118,query,77813,11690081689500,Python,158991104,3.312246542
2,pgadmin,22.118,query,77807,11690066445650,pgAdmin 4,64358200,0.972895417
2,pgadmin,22.118,query,77857,11690218566426,com.apple.SafariPlatformSupport,9601648,0.115077958
2,pgadmin,22.118,query,77811,11690077950764,pgAdmin 4 Helper,8684432,0.255289208
2,pgadmin,22.369,query,77839,11690171500777,pgAdmin 4 Helper (Renderer),403048368,5.290134125
2,pgadmin,22.369,query,77810,11690077843874,pgAdmin 4 Helper,228181024,1.226505375
2,pgadmin,22.369,query,77813,11690081689500,Python,158991104,3.312246542
2,pgadmin,22.369,query,77807,11690066445650,pgAdmin 4,64358200,0.987099708
2,pgadmin,22.369,query,77857,11690218566426,com.apple.SafariPlatformSupport,9601648,0.115077958
2,pgadmin,22.369,query,77811,11690077950764,pgAdmin 4 Helper,8684432,0.255289208
2,pgadmin,22.624,query,77839,11690171500777,pgAdmin 4 Helper (Renderer),404555696,5.348642833
2,pgadmin,22.624,query,77810,11690077843874,pgAdmin 4 Helper,228115488,1.243819292
2,pgadmin,22.624,query,77813,11690081689500,Python,158991104,3.312291500
2,pgadmin,22.624,query,77807,11690066445650,pgAdmin 4,64358200,1.001088667
2,pgadmin,22.624,query,77857,11690218566426,com.apple.SafariPlatformSupport,9601648,0.115077958
2,pgadmin,22.624,query,77811,11690077950764,pgAdmin 4 Helper,8684432,0.255289208
2,pgadmin,22.875,query,77839,11690171500777,pgAdmin 4 Helper (Renderer),404588464,5.362433750
2,pgadmin,22.875,query,77810,11690077843874,pgAdmin 4 Helper,225641504,1.249510042
2,pgadmin,22.875,query,77813,11690081689500,Python,158991104,3.312291500
2,pgadmin,22.875,query,77807,11690066445650,pgAdmin 4,64390968,1.002452292
2,pgadmin,22.875,query,77857,11690218566426,com.apple.SafariPlatformSupport,9601648,0.115077958
2,pgadmin,22.875,query,77811,11690077950764,pgAdmin 4 Helper,8684432,0.255289208
2,pgadmin,23.130,after-query,77839,11690171500777,pgAdmin 4 Helper (Renderer),404654000,5.378434458
2,pgadmin,23.130,after-query,77810,11690077843874,pgAdmin 4 Helper,225641504,1.254873250
2,pgadmin,23.130,after-query,77813,11690081689500,Python,158991104,3.312353792
2,pgadmin,23.130,after-query,77807,11690066445650,pgAdmin 4,64390968,1.002728083
2,pgadmin,23.130,after-query,77857,11690218566426,com.apple.SafariPlatformSupport,9601648,0.115077958
2,pgadmin,23.130,after-query,77811,11690077950764,pgAdmin 4 Helper,8684432,0.255289208
2,pgadmin,23.383,after-query,77839,11690171500777,pgAdmin 4 Helper (Renderer),404735920,5.395902792
2,pgadmin,23.383,after-query,77810,11690077843874,pgAdmin 4 Helper,225641504,1.260984542
2,pgadmin,23.383,after-query,77813,11690081689500,Python,158991104,3.312353792
2,pgadmin,23.383,after-query,77807,11690066445650,pgAdmin 4,64390968,1.002728083
2,pgadmin,23.383,after-query,77857,11690218566426,com.apple.SafariPlatformSupport,9601648,0.115077958
2,pgadmin,23.383,after-query,77811,11690077950764,pgAdmin 4 Helper,8684432,0.255289208
2,pgadmin,23.636,after-query,77839,11690171500777,pgAdmin 4 Helper (Renderer),404817840,5.410906375
2,pgadmin,23.636,after-query,77810,11690077843874,pgAdmin 4 Helper,225641504,1.266365458
2,pgadmin,23.636,after-query,77813,11690081689500,Python,158991104,3.312451458
2,pgadmin,23.636,after-query,77807,11690066445650,pgAdmin 4,64390968,1.002728083
2,pgadmin,23.636,after-query,77857,11690218566426,com.apple.SafariPlatformSupport,9601648,0.115077958
2,pgadmin,23.636,after-query,77811,11690077950764,pgAdmin 4 Helper,8684432,0.255289208
2,pgadmin,23.892,after-query,77839,11690171500777,pgAdmin 4 Helper (Renderer),404637616,5.429037417
2,pgadmin,23.892,after-query,77810,11690077843874,pgAdmin 4 Helper,199443464,1.275297833
2,pgadmin,23.892,after-query,77813,11690081689500,Python,158991104,3.312451458
2,pgadmin,23.892,after-query,77807,11690066445650,pgAdmin 4,64390968,1.002728083
2,pgadmin,23.892,after-query,77857,11690218566426,com.apple.SafariPlatformSupport,9601648,0.115077958
2,pgadmin,23.892,after-query,77811,11690077950764,pgAdmin 4 Helper,8684432,0.255289208
2,pgadmin,24.147,after-query,77839,11690171500777,pgAdmin 4 Helper (Renderer),404948912,5.458238292
2,pgadmin,24.147,after-query,77810,11690077843874,pgAdmin 4 Helper,199443464,1.280198292
2,pgadmin,24.147,after-query,77813,11690081689500,Python,158991104,3.323107917
2,pgadmin,24.147,after-query,77807,11690066445650,pgAdmin 4,64390968,1.003999750
2,pgadmin,24.147,after-query,77857,11690218566426,com.apple.SafariPlatformSupport,9601648,0.115077958
2,pgadmin,24.147,after-query,77811,11690077950764,pgAdmin 4 Helper,8684432,0.260174833
2,pgadmin,24.401,after-query,77839,11690171500777,pgAdmin 4 Helper (Renderer),405030832,5.478268625
2,pgadmin,24.401,after-query,77810,11690077843874,pgAdmin 4 Helper,199443464,1.287343917
2,pgadmin,24.401,after-query,77813,11690081689500,Python,158991104,3.323107917
2,pgadmin,24.401,after-query,77807,11690066445650,pgAdmin 4,64390968,1.003999750
2,pgadmin,24.401,after-query,77857,11690218566426,com.apple.SafariPlatformSupport,9601648,0.115077958
2,pgadmin,24.401,after-query,77811,11690077950764,pgAdmin 4 Helper,8684432,0.260174833
2,pgadmin,24.653,after-query,77839,11690171500777,pgAdmin 4 Helper (Renderer),405096368,5.494497042
2,pgadmin,24.653,after-query,77810,11690077843874,pgAdmin 4 Helper,199443464,1.293136875
2,pgadmin,24.653,after-query,77813,11690081689500,Python,158991104,3.323204458
2,pgadmin,24.653,after-query,77807,11690066445650,pgAdmin 4,64423736,1.004559000
2,pgadmin,24.653,after-query,77857,11690218566426,com.apple.SafariPlatformSupport,9601648,0.115077958
2,pgadmin,24.653,after-query,77811,11690077950764,pgAdmin 4 Helper,8684432,0.260174833
2,pgadmin,24.908,after-query,77839,11690171500777,pgAdmin 4 Helper (Renderer),405194672,5.509920417
2,pgadmin,24.908,after-query,77810,11690077843874,pgAdmin 4 Helper,193102856,1.300213667
2,pgadmin,24.908,after-query,77813,11690081689500,Python,158991104,3.323204458
2,pgadmin,24.908,after-query,77807,11690066445650,pgAdmin 4,64423736,1.004622292
2,pgadmin,24.908,after-query,77857,11690218566426,com.apple.SafariPlatformSupport,9601648,0.115077958
2,pgadmin,24.908,after-query,77811,11690077950764,pgAdmin 4 Helper,8684432,0.260174833
2,pgadmin,25.163,after-query,77839,11690171500777,pgAdmin 4 Helper (Renderer),405260208,5.527259792
2,pgadmin,25.163,after-query,77810,11690077843874,pgAdmin 4 Helper,193102856,1.306351958
2,pgadmin,25.163,after-query,77813,11690081689500,Python,158991104,3.323297458
2,pgadmin,25.163,after-query,77807,11690066445650,pgAdmin 4,64423736,1.004622292
2,pgadmin,25.163,after-query,77857,11690218566426,com.apple.SafariPlatformSupport,9601648,0.115077958
2,pgadmin,25.163,after-query,77811,11690077950764,pgAdmin 4 Helper,8684432,0.260174833
2,pgadmin,25.419,after-query,77839,11690171500777,pgAdmin 4 Helper (Renderer),405325744,5.544323167
2,pgadmin,25.419,after-query,77810,11690077843874,pgAdmin 4 Helper,193102856,1.312617917
2,pgadmin,25.419,after-query,77813,11690081689500,Python,158991104,3.323297458
2,pgadmin,25.419,after-query,77807,11690066445650,pgAdmin 4,64423736,1.004622292
2,pgadmin,25.419,after-query,77857,11690218566426,com.apple.SafariPlatformSupport,9601648,0.115077958
2,pgadmin,25.419,after-query,77811,11690077950764,pgAdmin 4 Helper,8684432,0.260174833
2,pgadmin,25.674,after-query,77839,11690171500777,pgAdmin 4 Helper (Renderer),405391280,5.563263625
2,pgadmin,25.674,after-query,77810,11690077843874,pgAdmin 4 Helper,193119240,1.319067583
2,pgadmin,25.674,after-query,77813,11690081689500,Python,158991104,3.323390333
2,pgadmin,25.674,after-query,77807,11690066445650,pgAdmin 4,64423736,1.007062000
2,pgadmin,25.674,after-query,77857,11690218566426,com.apple.SafariPlatformSupport,9601648,0.115077958
2,pgadmin,25.674,after-query,77811,11690077950764,pgAdmin 4 Helper,8684432,0.260174833
2,pgadmin,25.929,after-query,77839,11690171500777,pgAdmin 4 Helper (Renderer),405456816,5.581666125
2,pgadmin,25.929,after-query,77810,11690077843874,pgAdmin 4 Helper,193119240,1.325333542
2,pgadmin,25.929,after-query,77813,11690081689500,Python,158991104,3.323390333
2,pgadmin,25.929,after-query,77807,11690066445650,pgAdmin 4,64423736,1.007062000
2,pgadmin,25.929,after-query,77857,11690218566426,com.apple.SafariPlatformSupport,9601648,0.115077958
2,pgadmin,25.929,after-query,77811,11690077950764,pgAdmin 4 Helper,8684432,0.260174833
2,pgadmin,26.184,after-query,77839,11690171500777,pgAdmin 4 Helper (Renderer),405899184,5.615821792
2,pgadmin,26.184,after-query,77810,11690077843874,pgAdmin 4 Helper,193119240,1.330929708
2,pgadmin,26.184,after-query,77813,11690081689500,Python,158991104,3.333754458
2,pgadmin,26.184,after-query,77807,11690066445650,pgAdmin 4,64423736,1.008166417
2,pgadmin,26.184,after-query,77857,11690218566426,com.apple.SafariPlatformSupport,9601648,0.115077958
2,pgadmin,26.184,after-query,77811,11690077950764,pgAdmin 4 Helper,8684432,0.264701875
2,pgadmin,26.440,after-query,77839,11690171500777,pgAdmin 4 Helper (Renderer),405981104,5.634419375
2,pgadmin,26.440,after-query,77810,11690077843874,pgAdmin 4 Helper,193119240,1.337317375
2,pgadmin,26.440,after-query,77813,11690081689500,Python,158991104,3.333754458
2,pgadmin,26.440,after-query,77807,11690066445650,pgAdmin 4,64423736,1.008398875
2,pgadmin,26.440,after-query,77857,11690218566426,com.apple.SafariPlatformSupport,9601648,0.115077958
2,pgadmin,26.440,after-query,77811,11690077950764,pgAdmin 4 Helper,8684432,0.264701875
2,pgadmin,26.694,after-query,77839,11690171500777,pgAdmin 4 Helper (Renderer),406063024,5.651502583
2,pgadmin,26.694,after-query,77810,11690077843874,pgAdmin 4 Helper,173884424,1.347011125
2,pgadmin,26.694,after-query,77813,11690081689500,Python,158991104,3.333851000
2,pgadmin,26.694,after-query,77807,11690066445650,pgAdmin 4,64358200,1.008875125
2,pgadmin,26.694,after-query,77857,11690218566426,com.apple.SafariPlatformSupport,9601648,0.115077958
2,pgadmin,26.694,after-query,77811,11690077950764,pgAdmin 4 Helper,8684432,0.264701875
2,pgadmin,26.947,after-query,77839,11690171500777,pgAdmin 4 Helper (Renderer),406144944,5.669562917
2,pgadmin,26.947,after-query,77810,11690077843874,pgAdmin 4 Helper,173884424,1.353228833
2,pgadmin,26.947,after-query,77813,11690081689500,Python,158991104,3.333851000
2,pgadmin,26.947,after-query,77807,11690066445650,pgAdmin 4,64358200,1.008875125
2,pgadmin,26.947,after-query,77857,11690218566426,com.apple.SafariPlatformSupport,9601648,0.115077958
2,pgadmin,26.947,after-query,77811,11690077950764,pgAdmin 4 Helper,8684432,0.264701875
2,pgadmin,27.200,after-query,77839,11690171500777,pgAdmin 4 Helper (Renderer),406210480,5.687273750
2,pgadmin,27.200,after-query,77810,11690077843874,pgAdmin 4 Helper,173884424,1.360047583
2,pgadmin,27.200,after-query,77813,11690081689500,Python,158991104,3.333964417
2,pgadmin,27.200,after-query,77807,11690066445650,pgAdmin 4,64358200,1.011532167
2,pgadmin,27.200,after-query,77857,11690218566426,com.apple.SafariPlatformSupport,9601648,0.115077958
2,pgadmin,27.200,after-query,77811,11690077950764,pgAdmin 4 Helper,8684432,0.264701875
2,pgadmin,27.453,after-query,77839,11690171500777,pgAdmin 4 Helper (Renderer),406292400,5.703583917
2,pgadmin,27.453,after-query,77810,11690077843874,pgAdmin 4 Helper,173884424,1.366046625
2,pgadmin,27.453,after-query,77813,11690081689500,Python,158991104,3.333964417
2,pgadmin,27.453,after-query,77807,11690066445650,pgAdmin 4,64358200,1.011532167
2,pgadmin,27.453,after-query,77857,11690218566426,com.apple.SafariPlatformSupport,9601648,0.115077958
2,pgadmin,27.453,after-query,77811,11690077950764,pgAdmin 4 Helper,8684432,0.264701875
2,dbeaver,0.255,launch,77988,11690870219541,dbeaver,18482064,0.103350875
2,dbeaver,0.510,launch,77988,11690870219541,dbeaver,61719512,0.511166583
2,dbeaver,0.765,launch,77988,11690870219541,dbeaver,105612320,1.112936042
2,dbeaver,1.020,launch,77988,11690870219541,dbeaver,134628432,1.651042167
2,dbeaver,1.276,launch,77988,11690870219541,dbeaver,155468904,2.260368750
2,dbeaver,1.531,launch,77988,11690870219541,dbeaver,175998296,2.850726042
2,dbeaver,1.786,launch,77988,11690870219541,dbeaver,215074184,3.676281000
2,dbeaver,2.041,launch,77988,11690870219541,dbeaver,256574928,4.050583875
2,dbeaver,2.296,launch,77988,11690870219541,dbeaver,270321104,4.611739792
2,dbeaver,2.551,launch,77988,11690870219541,dbeaver,280675792,5.512871333
2,dbeaver,2.806,launch,77988,11690870219541,dbeaver,293979600,6.461428375
2,dbeaver,3.061,launch,77988,11690870219541,dbeaver,311084520,7.290522833
2,dbeaver,3.316,launch,77988,11690870219541,dbeaver,320292328,8.051837958
2,dbeaver,3.569,launch,77988,11690870219541,dbeaver,492636200,8.806785125
2,dbeaver,3.824,settle,77988,11690870219541,dbeaver,798230616,9.360873083
2,dbeaver,3.824,settle,78003,11690956792146,com.apple.SafariPlatformSupport,8667760,0.095477000
2,dbeaver,4.078,settle,77988,11690870219541,dbeaver,864290928,9.985726458
2,dbeaver,4.078,settle,78003,11690956792146,com.apple.SafariPlatformSupport,9798256,0.125512708
2,dbeaver,4.333,settle,77988,11690870219541,dbeaver,894470256,10.457180167
2,dbeaver,4.333,settle,78003,11690956792146,com.apple.SafariPlatformSupport,9798256,0.125512708
2,dbeaver,4.588,settle,77988,11690870219541,dbeaver,964233328,11.251226333
2,dbeaver,4.588,settle,78003,11690956792146,com.apple.SafariPlatformSupport,9798256,0.125512708
2,dbeaver,4.843,settle,77988,11690870219541,dbeaver,962021488,11.348040333
2,dbeaver,4.843,settle,78003,11690956792146,com.apple.SafariPlatformSupport,9798256,0.125512708
2,dbeaver,5.099,settle,77988,11690870219541,dbeaver,905283696,11.389182375
2,dbeaver,5.099,settle,78003,11690956792146,com.apple.SafariPlatformSupport,9798256,0.125677583
2,dbeaver,5.353,settle,77988,11690870219541,dbeaver,879052912,11.420918750
2,dbeaver,5.353,settle,78003,11690956792146,com.apple.SafariPlatformSupport,9798256,0.125677583
2,dbeaver,5.607,settle,77988,11690870219541,dbeaver,807635056,11.436501875
2,dbeaver,5.607,settle,78003,11690956792146,com.apple.SafariPlatformSupport,9798256,0.125677583
2,dbeaver,5.861,settle,77988,11690870219541,dbeaver,767051888,11.450109875
2,dbeaver,5.861,settle,78003,11690956792146,com.apple.SafariPlatformSupport,9798256,0.125903875
2,dbeaver,6.117,settle,77988,11690870219541,dbeaver,699910256,11.459705292
2,dbeaver,6.117,settle,78003,11690956792146,com.apple.SafariPlatformSupport,9798256,0.125987708
2,dbeaver,6.369,settle,77988,11690870219541,dbeaver,699926640,11.472651417
2,dbeaver,6.369,settle,78003,11690956792146,com.apple.SafariPlatformSupport,9798256,0.125987708
2,dbeaver,6.624,settle,77988,11690870219541,dbeaver,699926640,11.481692792
2,dbeaver,6.624,settle,78003,11690956792146,com.apple.SafariPlatformSupport,9798256,0.125987708
2,dbeaver,6.879,settle,77988,11690870219541,dbeaver,699975792,11.502031917
2,dbeaver,6.879,settle,78003,11690956792146,com.apple.SafariPlatformSupport,9798256,0.125987708
2,dbeaver,7.131,settle,77988,11690870219541,dbeaver,699975792,11.510269500
2,dbeaver,7.131,settle,78003,11690956792146,com.apple.SafariPlatformSupport,9798256,0.125987708
2,dbeaver,7.385,settle,77988,11690870219541,dbeaver,699975792,11.519995917
2,dbeaver,7.385,settle,78003,11690956792146,com.apple.SafariPlatformSupport,9798256,0.125987708
2,dbeaver,7.640,settle,77988,11690870219541,dbeaver,699975792,11.533394875
2,dbeaver,7.640,settle,78003,11690956792146,com.apple.SafariPlatformSupport,9798256,0.125987708
2,dbeaver,7.895,settle,77988,11690870219541,dbeaver,699975792,11.545442792
2,dbeaver,7.895,settle,78003,11690956792146,com.apple.SafariPlatformSupport,9798256,0.125987708
2,dbeaver,8.150,settle,77988,11690870219541,dbeaver,699975792,11.559702625
2,dbeaver,8.150,settle,78003,11690956792146,com.apple.SafariPlatformSupport,9798256,0.126177375
2,dbeaver,8.403,settle,77988,11690870219541,dbeaver,699943024,11.572454208
2,dbeaver,8.403,settle,78003,11690956792146,com.apple.SafariPlatformSupport,9798256,0.126177375
2,dbeaver,8.658,settle,77988,11690870219541,dbeaver,699746416,11.587361542
2,dbeaver,8.658,settle,78003,11690956792146,com.apple.SafariPlatformSupport,9798256,0.126177375
2,dbeaver,8.910,query,77988,11690870219541,dbeaver,699730032,11.594614375
2,dbeaver,8.910,query,78003,11690956792146,com.apple.SafariPlatformSupport,9798256,0.126573083
2,dbeaver,9.164,query,77988,11690870219541,dbeaver,699648112,11.610927083
2,dbeaver,9.164,query,78003,11690956792146,com.apple.SafariPlatformSupport,9798256,0.126573083
2,dbeaver,9.419,query,77988,11690870219541,dbeaver,699533424,11.619215167
2,dbeaver,9.419,query,78003,11690956792146,com.apple.SafariPlatformSupport,9781872,0.126623708
2,dbeaver,9.675,query,77988,11690870219541,dbeaver,699582576,11.631100250
2,dbeaver,9.675,query,78003,11690956792146,com.apple.SafariPlatformSupport,9781872,0.126623708
2,dbeaver,9.930,query,77988,11690870219541,dbeaver,699582576,11.638967625
2,dbeaver,9.930,query,78003,11690956792146,com.apple.SafariPlatformSupport,9781872,0.126623708
2,dbeaver,10.182,query,77988,11690870219541,dbeaver,699582576,11.643536750
2,dbeaver,10.182,query,78003,11690956792146,com.apple.SafariPlatformSupport,9781872,0.126623708
2,dbeaver,10.434,query,77988,11690870219541,dbeaver,699598960,11.653920375
2,dbeaver,10.434,query,78003,11690956792146,com.apple.SafariPlatformSupport,9781872,0.126623708
2,dbeaver,10.689,query,77988,11690870219541,dbeaver,699598960,11.659576833
2,dbeaver,10.689,query,78003,11690956792146,com.apple.SafariPlatformSupport,9781872,0.126623708
2,dbeaver,10.944,query,77988,11690870219541,dbeaver,699615344,11.676652125
2,dbeaver,10.944,query,78003,11690956792146,com.apple.SafariPlatformSupport,9781872,0.126623708
2,dbeaver,11.199,query,77988,11690870219541,dbeaver,699615344,11.681769208
2,dbeaver,11.199,query,78003,11690956792146,com.apple.SafariPlatformSupport,9781872,0.126623708
2,dbeaver,11.454,query,77988,11690870219541,dbeaver,699615344,11.690828875
2,dbeaver,11.454,query,78003,11690956792146,com.apple.SafariPlatformSupport,9781872,0.126623708
2,dbeaver,11.708,query,77988,11690870219541,dbeaver,699746416,11.719635542
2,dbeaver,11.708,query,78003,11690956792146,com.apple.SafariPlatformSupport,9781872,0.126623708
2,dbeaver,11.963,query,77988,11690870219541,dbeaver,699746416,11.732794000
2,dbeaver,11.963,query,78003,11690956792146,com.apple.SafariPlatformSupport,9781872,0.126623708
2,dbeaver,12.217,query,77988,11690870219541,dbeaver,699746416,11.739143958
2,dbeaver,12.217,query,78003,11690956792146,com.apple.SafariPlatformSupport,9781872,0.126623708
2,dbeaver,12.472,query,77988,11690870219541,dbeaver,699746416,11.746635958
2,dbeaver,12.472,query,78003,11690956792146,com.apple.SafariPlatformSupport,9781872,0.126623708
2,dbeaver,12.727,query,77988,11690870219541,dbeaver,700123248,11.764595125
2,dbeaver,12.727,query,78003,11690956792146,com.apple.SafariPlatformSupport,9781872,0.126623708
2,dbeaver,12.982,query,77988,11690870219541,dbeaver,700139632,11.770360333
2,dbeaver,12.982,query,78003,11690956792146,com.apple.SafariPlatformSupport,9781872,0.126623708
2,dbeaver,13.235,query,77988,11690870219541,dbeaver,700139632,11.778013958
2,dbeaver,13.235,query,78003,11690956792146,com.apple.SafariPlatformSupport,9781872,0.126623708
2,dbeaver,13.490,query,77988,11690870219541,dbeaver,700139632,11.784408750
2,dbeaver,13.490,query,78003,11690956792146,com.apple.SafariPlatformSupport,9781872,0.126623708
2,dbeaver,13.745,query,77988,11690870219541,dbeaver,700139632,11.792188708
2,dbeaver,13.745,query,78003,11690956792146,com.apple.SafariPlatformSupport,9781872,0.126623708
2,dbeaver,13.997,query,77988,11690870219541,dbeaver,700205144,11.820138292
2,dbeaver,13.997,query,78003,11690956792146,com.apple.SafariPlatformSupport,9781872,0.126623708
2,dbeaver,14.251,query,77988,11690870219541,dbeaver,739133528,11.889334375
2,dbeaver,14.251,query,78003,11690956792146,com.apple.SafariPlatformSupport,9765488,0.127142375
2,dbeaver,14.506,query,77988,11690870219541,dbeaver,739149912,11.903215958
2,dbeaver,14.506,query,78003,11690956792146,com.apple.SafariPlatformSupport,9765488,0.127142375
2,dbeaver,14.762,query,77988,11690870219541,dbeaver,738658392,11.991920792
2,dbeaver,14.762,query,78003,11690956792146,com.apple.SafariPlatformSupport,9765488,0.127142375
2,dbeaver,15.017,query,77988,11690870219541,dbeaver,742770800,12.283410250
2,dbeaver,15.017,query,78003,11690956792146,com.apple.SafariPlatformSupport,9765488,0.127142375
2,dbeaver,15.272,query,77988,11690870219541,dbeaver,742279280,12.311784167
2,dbeaver,15.272,query,78003,11690956792146,com.apple.SafariPlatformSupport,9765488,0.127142375
2,dbeaver,15.527,query,77988,11690870219541,dbeaver,742328432,12.326272083
2,dbeaver,15.527,query,78003,11690956792146,com.apple.SafariPlatformSupport,9765488,0.127142375
2,dbeaver,15.782,query,77988,11690870219541,dbeaver,742688880,12.370926667
2,dbeaver,15.782,query,78003,11690956792146,com.apple.SafariPlatformSupport,9765488,0.127142375
2,dbeaver,16.038,query,77988,11690870219541,dbeaver,701794416,12.385712042
2,dbeaver,16.038,query,78003,11690956792146,com.apple.SafariPlatformSupport,9765488,0.127142375
2,dbeaver,16.293,query,77988,11690870219541,dbeaver,701843568,12.394642625
2,dbeaver,16.293,query,78003,11690956792146,com.apple.SafariPlatformSupport,9765488,0.127142375
2,dbeaver,16.548,query,77988,11690870219541,dbeaver,792037488,12.552529292
2,dbeaver,16.548,query,78003,11690956792146,com.apple.SafariPlatformSupport,9765488,0.127142375
2,dbeaver,16.803,query,77988,11690870219541,dbeaver,896534640,13.213447625
2,dbeaver,16.803,query,78003,11690956792146,com.apple.SafariPlatformSupport,9765488,0.127142375
2,dbeaver,17.058,query,77988,11690870219541,dbeaver,905496688,13.952141667
2,dbeaver,17.058,query,78003,11690956792146,com.apple.SafariPlatformSupport,10060400,0.127142375
2,dbeaver,17.313,query,77988,11690870219541,dbeaver,949799024,14.170050250
2,dbeaver,17.313,query,78003,11690956792146,com.apple.SafariPlatformSupport,10060400,0.127142375
2,dbeaver,17.569,query,77988,11690870219541,dbeaver,947849328,14.303998833
2,dbeaver,17.569,query,78003,11690956792146,com.apple.SafariPlatformSupport,10060400,0.127142375
2,dbeaver,17.824,query,77988,11690870219541,dbeaver,906627184,14.331727083
2,dbeaver,17.824,query,78003,11690956792146,com.apple.SafariPlatformSupport,10060400,0.127142375
2,dbeaver,18.079,query,77988,11690870219541,dbeaver,906627184,14.355955833
2,dbeaver,18.079,query,78003,11690956792146,com.apple.SafariPlatformSupport,10060400,0.127142375
2,dbeaver,18.334,query,77988,11690870219541,dbeaver,752093344,14.481428833
2,dbeaver,18.334,query,78003,11690956792146,com.apple.SafariPlatformSupport,10060400,0.127142375
2,dbeaver,18.589,query,77988,11690870219541,dbeaver,732612768,14.562149833
2,dbeaver,18.589,query,78003,11690956792146,com.apple.SafariPlatformSupport,10060400,0.127142375
2,dbeaver,18.845,query,77988,11690870219541,dbeaver,732825760,14.679600292
2,dbeaver,18.845,query,78003,11690956792146,com.apple.SafariPlatformSupport,10060400,0.127142375
2,dbeaver,19.099,query,77988,11690870219541,dbeaver,738871456,14.757754458
2,dbeaver,19.099,query,78003,11690956792146,com.apple.SafariPlatformSupport,10060400,0.127142375
2,dbeaver,19.355,query,77988,11690870219541,dbeaver,738953376,14.842292542
2,dbeaver,19.355,query,78003,11690956792146,com.apple.SafariPlatformSupport,10060400,0.127142375
2,dbeaver,19.610,query,77988,11690870219541,dbeaver,739002528,14.924383083
2,dbeaver,19.610,query,78003,11690956792146,com.apple.SafariPlatformSupport,9994864,0.127301333
2,dbeaver,19.865,query,77988,11690870219541,dbeaver,739051680,15.085827708
2,dbeaver,19.865,query,78003,11690956792146,com.apple.SafariPlatformSupport,9994864,0.127301333
2,dbeaver,20.117,query,77988,11690870219541,dbeaver,727910560,15.194523667
2,dbeaver,20.117,query,78003,11690956792146,com.apple.SafariPlatformSupport,9994864,0.127301333
2,dbeaver,20.372,query,77988,11690870219541,dbeaver,728008864,15.351418000
2,dbeaver,20.372,query,78003,11690956792146,com.apple.SafariPlatformSupport,9994864,0.127301333
2,dbeaver,20.627,query,77988,11690870219541,dbeaver,726010016,15.423444250
2,dbeaver,20.627,query,78003,11690956792146,com.apple.SafariPlatformSupport,9994864,0.127301333
2,dbeaver,20.882,query,77988,11690870219541,dbeaver,726141088,15.522789958
2,dbeaver,20.882,query,78003,11690956792146,com.apple.SafariPlatformSupport,9994864,0.127301333
2,dbeaver,21.138,query,77988,11690870219541,dbeaver,846448800,15.688801958
2,dbeaver,21.138,query,78003,11690956792146,com.apple.SafariPlatformSupport,9994864,0.127301333
2,dbeaver,21.393,query,77988,11690870219541,dbeaver,844351648,15.760433292
2,dbeaver,21.393,query,78003,11690956792146,com.apple.SafariPlatformSupport,9994864,0.127301333
2,dbeaver,21.644,query,77988,11690870219541,dbeaver,840157344,15.825956042
2,dbeaver,21.644,query,78003,11690956792146,com.apple.SafariPlatformSupport,9994864,0.127301333
2,dbeaver,21.899,query,77988,11690870219541,dbeaver,840239264,15.890124750
2,dbeaver,21.899,query,78003,11690956792146,com.apple.SafariPlatformSupport,9994864,0.127301333
2,dbeaver,22.154,query,77988,11690870219541,dbeaver,789809312,15.953465417
2,dbeaver,22.154,query,78003,11690956792146,com.apple.SafariPlatformSupport,9994864,0.127301333
2,dbeaver,22.410,query,77988,11690870219541,dbeaver,731465888,15.973555750
2,dbeaver,22.410,query,78003,11690956792146,com.apple.SafariPlatformSupport,9994864,0.127301333
2,dbeaver,22.664,after-query,77988,11690870219541,dbeaver,731465888,15.982225833
2,dbeaver,22.664,after-query,78003,11690956792146,com.apple.SafariPlatformSupport,9994864,0.127301333
2,dbeaver,22.919,after-query,77988,11690870219541,dbeaver,728959136,15.991995250
2,dbeaver,22.919,after-query,78003,11690956792146,com.apple.SafariPlatformSupport,9994864,0.127301333
2,dbeaver,23.174,after-query,77988,11690870219541,dbeaver,728975520,16.002191792
2,dbeaver,23.174,after-query,78003,11690956792146,com.apple.SafariPlatformSupport,9994864,0.127301333
2,dbeaver,23.429,after-query,77988,11690870219541,dbeaver,717670560,16.015639333
2,dbeaver,23.429,after-query,78003,11690956792146,com.apple.SafariPlatformSupport,9994864,0.127301333
2,dbeaver,23.683,after-query,77988,11690870219541,dbeaver,717670560,16.023580958
2,dbeaver,23.683,after-query,78003,11690956792146,com.apple.SafariPlatformSupport,9994864,0.127301333
2,dbeaver,23.936,after-query,77988,11690870219541,dbeaver,717605024,16.037608250
2,dbeaver,23.936,after-query,78003,11690956792146,com.apple.SafariPlatformSupport,9994864,0.127301333
2,dbeaver,24.192,after-query,77988,11690870219541,dbeaver,717605024,16.044747333
2,dbeaver,24.192,after-query,78003,11690956792146,com.apple.SafariPlatformSupport,9994864,0.127301333
2,dbeaver,24.444,after-query,77988,11690870219541,dbeaver,717621408,16.061543167
2,dbeaver,24.444,after-query,78003,11690956792146,com.apple.SafariPlatformSupport,9994864,0.127301333
2,dbeaver,24.699,after-query,77988,11690870219541,dbeaver,717670560,16.074579375
2,dbeaver,24.699,after-query,78003,11690956792146,com.apple.SafariPlatformSupport,9994864,0.127301333
2,dbeaver,24.952,after-query,77988,11690870219541,dbeaver,716900512,16.085412333
2,dbeaver,24.952,after-query,78003,11690956792146,com.apple.SafariPlatformSupport,9994864,0.127301333
2,dbeaver,25.207,after-query,77988,11690870219541,dbeaver,716900512,16.092938542
2,dbeaver,25.207,after-query,78003,11690956792146,com.apple.SafariPlatformSupport,9994864,0.127301333
2,dbeaver,25.462,after-query,77988,11690870219541,dbeaver,716753056,16.102066500
2,dbeaver,25.462,after-query,78003,11690956792146,com.apple.SafariPlatformSupport,9994864,0.127301333
2,dbeaver,25.718,after-query,77988,11690870219541,dbeaver,716785824,16.116785167
2,dbeaver,25.718,after-query,78003,11690956792146,com.apple.SafariPlatformSupport,9994864,0.127301333
2,dbeaver,25.973,after-query,77988,11690870219541,dbeaver,716376224,16.125513750
2,dbeaver,25.973,after-query,78003,11690956792146,com.apple.SafariPlatformSupport,9994864,0.127301333
2,dbeaver,26.228,after-query,77988,11690870219541,dbeaver,716408992,16.136300792
2,dbeaver,26.228,after-query,78003,11690956792146,com.apple.SafariPlatformSupport,9994864,0.127301333
2,dbeaver,26.481,after-query,77988,11690870219541,dbeaver,716408992,16.144299833
2,dbeaver,26.481,after-query,78003,11690956792146,com.apple.SafariPlatformSupport,9994864,0.127301333
2,dbeaver,26.733,after-query,77988,11690870219541,dbeaver,716523680,16.169599208
2,dbeaver,26.733,after-query,78003,11690956792146,com.apple.SafariPlatformSupport,9994864,0.127301333
2,dbeaver,26.987,after-query,77988,11690870219541,dbeaver,716523680,16.175866458
2,dbeaver,26.987,after-query,78003,11690956792146,com.apple.SafariPlatformSupport,9994864,0.127301333
2,pgpad,0.255,launch,78134,11691652279126,pgpad-tauri,16434112,0.126244542
2,pgpad,0.506,settle,78134,11691652279126,pgpad-tauri,29885424,0.306146708
2,pgpad,0.506,settle,78137,11691657515223,com.apple.WebKit.Networking,6685200,0.021695458
2,pgpad,0.506,settle,78136,11691657214504,com.apple.WebKit.GPU,5669392,0.031568375
2,pgpad,0.506,settle,78138,11691657577893,com.apple.WebKit.WebContent,5276152,0.030894125
2,pgpad,0.761,settle,78134,11691652279126,pgpad-tauri,30147592,0.353828750
2,pgpad,0.761,settle,78137,11691657515223,com.apple.WebKit.Networking,7373352,0.027124708
2,pgpad,0.761,settle,78138,11691657577893,com.apple.WebKit.WebContent,6406696,0.061072917
2,pgpad,0.761,settle,78136,11691657214504,com.apple.WebKit.GPU,5653008,0.031608333
2,pgpad,1.016,settle,78138,11691657577893,com.apple.WebKit.WebContent,146244304,0.264492167
2,pgpad,1.016,settle,78136,11691657214504,com.apple.WebKit.GPU,35783472,0.097058750
2,pgpad,1.016,settle,78134,11691652279126,pgpad-tauri,33309752,0.377889417
2,pgpad,1.016,settle,78137,11691657515223,com.apple.WebKit.Networking,7242280,0.028723208
2,pgpad,1.016,settle,78141,11691672693835,com.apple.audio.SandboxHelper,5505528,0.020481625
2,pgpad,1.271,settle,78138,11691657577893,com.apple.WebKit.WebContent,145867472,0.265122917
2,pgpad,1.271,settle,78136,11691657214504,com.apple.WebKit.GPU,35783472,0.097163458
2,pgpad,1.271,settle,78134,11691652279126,pgpad-tauri,33129528,0.379385333
2,pgpad,1.271,settle,78137,11691657515223,com.apple.WebKit.Networking,7225896,0.028819292
2,pgpad,1.271,settle,78141,11691672693835,com.apple.audio.SandboxHelper,5505528,0.020481625
2,pgpad,1.522,settle,78138,11691657577893,com.apple.WebKit.WebContent,142574288,0.268205125
2,pgpad,1.522,settle,78136,11691657214504,com.apple.WebKit.GPU,35717936,0.097714625
2,pgpad,1.522,settle,78134,11691652279126,pgpad-tauri,33031224,0.381474167
2,pgpad,1.522,settle,78137,11691657515223,com.apple.WebKit.Networking,6816296,0.029529125
2,pgpad,1.522,settle,78141,11691672693835,com.apple.audio.SandboxHelper,5505528,0.020481625
2,pgpad,1.777,settle,78138,11691657577893,com.apple.WebKit.WebContent,140608208,0.285441083
2,pgpad,1.777,settle,78136,11691657214504,com.apple.WebKit.GPU,35717936,0.098211250
2,pgpad,1.777,settle,78134,11691652279126,pgpad-tauri,32425016,0.382497333
2,pgpad,1.777,settle,78137,11691657515223,com.apple.WebKit.Networking,6406696,0.030131792
2,pgpad,1.777,settle,78141,11691672693835,com.apple.audio.SandboxHelper,5505528,0.020481625
2,pgpad,2.031,settle,78138,11691657577893,com.apple.WebKit.WebContent,139707088,0.288184958
2,pgpad,2.031,settle,78136,11691657214504,com.apple.WebKit.GPU,35685168,0.098552917
2,pgpad,2.031,settle,78134,11691652279126,pgpad-tauri,32277560,0.383727167
2,pgpad,2.031,settle,78137,11691657515223,com.apple.WebKit.Networking,6406696,0.030355542
2,pgpad,2.031,settle,78141,11691672693835,com.apple.audio.SandboxHelper,5489144,0.020775167
2,pgpad,2.286,settle,78138,11691657577893,com.apple.WebKit.WebContent,97256144,0.290321375
2,pgpad,2.286,settle,78134,11691652279126,pgpad-tauri,31605816,0.384199583
2,pgpad,2.286,settle,78136,11691657214504,com.apple.WebKit.GPU,16581424,0.101199750
2,pgpad,2.286,settle,78137,11691657515223,com.apple.WebKit.Networking,6128168,0.030688958
2,pgpad,2.286,settle,78141,11691672693835,com.apple.audio.SandboxHelper,5489144,0.020775167
2,pgpad,2.539,settle,78138,11691657577893,com.apple.WebKit.WebContent,97075920,0.290739792
2,pgpad,2.539,settle,78134,11691652279126,pgpad-tauri,31458360,0.384684292
2,pgpad,2.539,settle,78136,11691657214504,com.apple.WebKit.GPU,16319280,0.101428292
2,pgpad,2.539,settle,78137,11691657515223,com.apple.WebKit.Networking,6111784,0.030943458
2,pgpad,2.539,settle,78141,11691672693835,com.apple.audio.SandboxHelper,5489144,0.020775167
2,pgpad,2.794,settle,78138,11691657577893,com.apple.WebKit.WebContent,96912080,0.291445500
2,pgpad,2.794,settle,78134,11691652279126,pgpad-tauri,31392824,0.384941208
2,pgpad,2.794,settle,78136,11691657214504,com.apple.WebKit.GPU,16319280,0.101638167
2,pgpad,2.794,settle,78137,11691657515223,com.apple.WebKit.Networking,6111784,0.031031542
2,pgpad,2.794,settle,78141,11691672693835,com.apple.audio.SandboxHelper,5489144,0.020775167
2,pgpad,3.049,settle,78138,11691657577893,com.apple.WebKit.WebContent,96912080,0.291917292
2,pgpad,3.049,settle,78134,11691652279126,pgpad-tauri,31392824,0.385110125
2,pgpad,3.049,settle,78136,11691657214504,com.apple.WebKit.GPU,16319280,0.101914250
2,pgpad,3.049,settle,78137,11691657515223,com.apple.WebKit.Networking,6111784,0.031031542
2,pgpad,3.049,settle,78141,11691672693835,com.apple.audio.SandboxHelper,5489144,0.020775167
2,pgpad,3.304,settle,78138,11691657577893,com.apple.WebKit.WebContent,96502480,0.292677958
2,pgpad,3.304,settle,78134,11691652279126,pgpad-tauri,31392824,0.385194125
2,pgpad,3.304,settle,78136,11691657214504,com.apple.WebKit.GPU,16286512,0.102237083
2,pgpad,3.304,settle,78137,11691657515223,com.apple.WebKit.Networking,6111784,0.031031542
2,pgpad,3.304,settle,78141,11691672693835,com.apple.audio.SandboxHelper,5489144,0.020775167
2,pgpad,3.558,settle,78138,11691657577893,com.apple.WebKit.WebContent,96469712,0.293155250
2,pgpad,3.558,settle,78134,11691652279126,pgpad-tauri,31392824,0.385194125
2,pgpad,3.558,settle,78136,11691657214504,com.apple.WebKit.GPU,16270128,0.102435708
2,pgpad,3.558,settle,78137,11691657515223,com.apple.WebKit.Networking,6111784,0.031031542
2,pgpad,3.558,settle,78141,11691672693835,com.apple.audio.SandboxHelper,5489144,0.020775167
2,pgpad,3.811,settle,78138,11691657577893,com.apple.WebKit.WebContent,96469712,0.293155250
2,pgpad,3.811,settle,78134,11691652279126,pgpad-tauri,31392824,0.385342250
2,pgpad,3.811,settle,78136,11691657214504,com.apple.WebKit.GPU,16270128,0.102709208
2,pgpad,3.811,settle,78137,11691657515223,com.apple.WebKit.Networking,6111784,0.031031542
2,pgpad,3.811,settle,78141,11691672693835,com.apple.audio.SandboxHelper,5489144,0.020775167
2,pgpad,4.064,settle,78138,11691657577893,com.apple.WebKit.WebContent,96469712,0.293260500
2,pgpad,4.064,settle,78134,11691652279126,pgpad-tauri,31392824,0.385502625
2,pgpad,4.064,settle,78136,11691657214504,com.apple.WebKit.GPU,16270128,0.102709208
2,pgpad,4.064,settle,78137,11691657515223,com.apple.WebKit.Networking,6111784,0.031031542
2,pgpad,4.064,settle,78141,11691672693835,com.apple.audio.SandboxHelper,5489144,0.020775167
2,pgpad,4.320,settle,78138,11691657577893,com.apple.WebKit.WebContent,96469712,0.293260500
2,pgpad,4.320,settle,78134,11691652279126,pgpad-tauri,31392824,0.385915500
2,pgpad,4.320,settle,78136,11691657214504,com.apple.WebKit.GPU,16270128,0.102709208
2,pgpad,4.320,settle,78137,11691657515223,com.apple.WebKit.Networking,6111784,0.031031542
2,pgpad,4.320,settle,78141,11691672693835,com.apple.audio.SandboxHelper,5489144,0.020775167
2,pgpad,4.571,settle,78138,11691657577893,com.apple.WebKit.WebContent,96469712,0.293260500
2,pgpad,4.571,settle,78134,11691652279126,pgpad-tauri,31392824,0.386111542
2,pgpad,4.571,settle,78136,11691657214504,com.apple.WebKit.GPU,16270128,0.102709208
2,pgpad,4.571,settle,78137,11691657515223,com.apple.WebKit.Networking,6111784,0.031031542
2,pgpad,4.571,settle,78141,11691672693835,com.apple.audio.SandboxHelper,5489144,0.020775167
2,pgpad,4.826,settle,78138,11691657577893,com.apple.WebKit.WebContent,96469712,0.293260500
2,pgpad,4.826,settle,78134,11691652279126,pgpad-tauri,31392824,0.386111542
2,pgpad,4.826,settle,78136,11691657214504,com.apple.WebKit.GPU,16270128,0.102709208
2,pgpad,4.826,settle,78137,11691657515223,com.apple.WebKit.Networking,6111784,0.031031542
2,pgpad,4.826,settle,78141,11691672693835,com.apple.audio.SandboxHelper,5489144,0.020775167
2,pgpad,5.082,settle,78138,11691657577893,com.apple.WebKit.WebContent,96469712,0.293260500
2,pgpad,5.082,settle,78134,11691652279126,pgpad-tauri,31392824,0.386111542
2,pgpad,5.082,settle,78136,11691657214504,com.apple.WebKit.GPU,16270128,0.102709208
2,pgpad,5.082,settle,78137,11691657515223,com.apple.WebKit.Networking,6111784,0.031031542
2,pgpad,5.082,settle,78141,11691672693835,com.apple.audio.SandboxHelper,5489144,0.020775167
2,pgpad,5.337,settle,78138,11691657577893,com.apple.WebKit.WebContent,96469712,0.293260500
2,pgpad,5.337,settle,78134,11691652279126,pgpad-tauri,31327288,0.386792000
2,pgpad,5.337,settle,78136,11691657214504,com.apple.WebKit.GPU,16270128,0.102709208
2,pgpad,5.337,settle,78137,11691657515223,com.apple.WebKit.Networking,6111784,0.031031542
2,pgpad,5.337,settle,78141,11691672693835,com.apple.audio.SandboxHelper,5489144,0.020775167
2,pgpad,5.592,query,78138,11691657577893,com.apple.WebKit.WebContent,96469712,0.293260500
2,pgpad,5.592,query,78134,11691652279126,pgpad-tauri,31327288,0.387540125
2,pgpad,5.592,query,78136,11691657214504,com.apple.WebKit.GPU,16270128,0.102743375
2,pgpad,5.592,query,78137,11691657515223,com.apple.WebKit.Networking,6079016,0.036500667
2,pgpad,5.592,query,78141,11691672693835,com.apple.audio.SandboxHelper,5489144,0.020775167
2,pgpad,5.847,query,78138,11691657577893,com.apple.WebKit.WebContent,96469712,0.293343708
2,pgpad,5.847,query,78134,11691652279126,pgpad-tauri,31278136,0.387741292
2,pgpad,5.847,query,78136,11691657214504,com.apple.WebKit.GPU,16270128,0.102743375
2,pgpad,5.847,query,78137,11691657515223,com.apple.WebKit.Networking,6079016,0.036642708
2,pgpad,5.847,query,78141,11691672693835,com.apple.audio.SandboxHelper,5489144,0.020775167
2,pgpad,6.102,query,78138,11691657577893,com.apple.WebKit.WebContent,96469712,0.293454750
2,pgpad,6.102,query,78134,11691652279126,pgpad-tauri,31278136,0.387741292
2,pgpad,6.102,query,78136,11691657214504,com.apple.WebKit.GPU,16270128,0.102743375
2,pgpad,6.102,query,78137,11691657515223,com.apple.WebKit.Networking,6046248,0.037084708
2,pgpad,6.102,query,78141,11691672693835,com.apple.audio.SandboxHelper,5489144,0.020775167
2,pgpad,6.357,query,78138,11691657577893,com.apple.WebKit.WebContent,96420560,0.293541125
2,pgpad,6.357,query,78134,11691652279126,pgpad-tauri,31278136,0.387741292
2,pgpad,6.357,query,78136,11691657214504,com.apple.WebKit.GPU,16270128,0.102743375
2,pgpad,6.357,query,78137,11691657515223,com.apple.WebKit.Networking,6046248,0.037181875
2,pgpad,6.357,query,78141,11691672693835,com.apple.audio.SandboxHelper,5423608,0.020830708
2,pgpad,6.613,query,78138,11691657577893,com.apple.WebKit.WebContent,96420560,0.293541125
2,pgpad,6.613,query,78134,11691652279126,pgpad-tauri,31278136,0.387741292
2,pgpad,6.613,query,78136,11691657214504,com.apple.WebKit.GPU,16270128,0.102743375
2,pgpad,6.613,query,78137,11691657515223,com.apple.WebKit.Networking,6046248,0.037487125
2,pgpad,6.613,query,78141,11691672693835,com.apple.audio.SandboxHelper,5423608,0.020830708
2,pgpad,6.865,query,78138,11691657577893,com.apple.WebKit.WebContent,96371408,0.293677542
2,pgpad,6.865,query,78134,11691652279126,pgpad-tauri,31278136,0.387741292
2,pgpad,6.865,query,78136,11691657214504,com.apple.WebKit.GPU,16270128,0.102743375
2,pgpad,6.865,query,78137,11691657515223,com.apple.WebKit.Networking,6046248,0.037668583
2,pgpad,6.865,query,78141,11691672693835,com.apple.audio.SandboxHelper,5423608,0.020830708
2,pgpad,7.120,query,78138,11691657577893,com.apple.WebKit.WebContent,96371408,0.293824667
2,pgpad,7.120,query,78134,11691652279126,pgpad-tauri,31278136,0.387741292
2,pgpad,7.120,query,78136,11691657214504,com.apple.WebKit.GPU,16270128,0.102743375
2,pgpad,7.120,query,78137,11691657515223,com.apple.WebKit.Networking,6046248,0.037668583
2,pgpad,7.120,query,78141,11691672693835,com.apple.audio.SandboxHelper,5423608,0.020830708
2,pgpad,7.375,query,78138,11691657577893,com.apple.WebKit.WebContent,96371408,0.293824667
2,pgpad,7.375,query,78134,11691652279126,pgpad-tauri,31278136,0.387741292
2,pgpad,7.375,query,78136,11691657214504,com.apple.WebKit.GPU,16155440,0.102839667
2,pgpad,7.375,query,78137,11691657515223,com.apple.WebKit.Networking,6046248,0.037668583
2,pgpad,7.375,query,78141,11691672693835,com.apple.audio.SandboxHelper,5423608,0.020830708
2,pgpad,7.630,query,78138,11691657577893,com.apple.WebKit.WebContent,96371408,0.293824667
2,pgpad,7.630,query,78134,11691652279126,pgpad-tauri,31278136,0.387741292
2,pgpad,7.630,query,78136,11691657214504,com.apple.WebKit.GPU,16155440,0.102839667
2,pgpad,7.630,query,78137,11691657515223,com.apple.WebKit.Networking,6046248,0.037668583
2,pgpad,7.630,query,78141,11691672693835,com.apple.audio.SandboxHelper,5423608,0.020830708
2,pgpad,7.882,query,78138,11691657577893,com.apple.WebKit.WebContent,96371408,0.293824667
2,pgpad,7.882,query,78134,11691652279126,pgpad-tauri,31278136,0.387741292
2,pgpad,7.882,query,78136,11691657214504,com.apple.WebKit.GPU,16155440,0.102839667
2,pgpad,7.882,query,78137,11691657515223,com.apple.WebKit.Networking,6046248,0.037668583
2,pgpad,7.882,query,78141,11691672693835,com.apple.audio.SandboxHelper,5423608,0.020830708
2,pgpad,8.135,query,78138,11691657577893,com.apple.WebKit.WebContent,96371408,0.293824667
2,pgpad,8.135,query,78134,11691652279126,pgpad-tauri,31278136,0.387741292
2,pgpad,8.135,query,78136,11691657214504,com.apple.WebKit.GPU,16155440,0.102839667
2,pgpad,8.135,query,78137,11691657515223,com.apple.WebKit.Networking,6046248,0.037668583
2,pgpad,8.135,query,78141,11691672693835,com.apple.audio.SandboxHelper,5423608,0.020830708
2,pgpad,8.390,query,78138,11691657577893,com.apple.WebKit.WebContent,96371408,0.293824667
2,pgpad,8.390,query,78134,11691652279126,pgpad-tauri,31278136,0.387741292
2,pgpad,8.390,query,78136,11691657214504,com.apple.WebKit.GPU,16155440,0.102839667
2,pgpad,8.390,query,78137,11691657515223,com.apple.WebKit.Networking,6046248,0.037668583
2,pgpad,8.390,query,78141,11691672693835,com.apple.audio.SandboxHelper,5423608,0.020830708
2,pgpad,8.643,query,78138,11691657577893,com.apple.WebKit.WebContent,96371408,0.293824667
2,pgpad,8.643,query,78134,11691652279126,pgpad-tauri,31278136,0.387741292
2,pgpad,8.643,query,78136,11691657214504,com.apple.WebKit.GPU,16155440,0.102896292
2,pgpad,8.643,query,78137,11691657515223,com.apple.WebKit.Networking,6046248,0.037668583
2,pgpad,8.643,query,78141,11691672693835,com.apple.audio.SandboxHelper,5423608,0.020830708
2,pgpad,8.898,query,78138,11691657577893,com.apple.WebKit.WebContent,96289488,0.294957250
2,pgpad,8.898,query,78134,11691652279126,pgpad-tauri,31179832,0.392346667
2,pgpad,8.898,query,78136,11691657214504,com.apple.WebKit.GPU,16155440,0.102896292
2,pgpad,8.898,query,78137,11691657515223,com.apple.WebKit.Networking,6046248,0.037668583
2,pgpad,8.898,query,78141,11691672693835,com.apple.audio.SandboxHelper,5423608,0.020830708
2,pgpad,9.152,query,78138,11691657577893,com.apple.WebKit.WebContent,96371408,0.298888375
2,pgpad,9.152,query,78134,11691652279126,pgpad-tauri,31196216,0.396666792
2,pgpad,9.152,query,78136,11691657214504,com.apple.WebKit.GPU,16155440,0.102896292
2,pgpad,9.152,query,78137,11691657515223,com.apple.WebKit.Networking,6046248,0.037668583
2,pgpad,9.152,query,78141,11691672693835,com.apple.audio.SandboxHelper,5423608,0.020830708
2,pgpad,9.407,query,78138,11691657577893,com.apple.WebKit.WebContent,96371408,0.299352792
2,pgpad,9.407,query,78134,11691652279126,pgpad-tauri,31196216,0.397263542
2,pgpad,9.407,query,78136,11691657214504,com.apple.WebKit.GPU,16155440,0.102896292
2,pgpad,9.407,query,78137,11691657515223,com.apple.WebKit.Networking,6046248,0.037668583
2,pgpad,9.407,query,78141,11691672693835,com.apple.audio.SandboxHelper,5423608,0.020830708
2,pgpad,9.662,query,78138,11691657577893,com.apple.WebKit.WebContent,96371408,0.300094250
2,pgpad,9.662,query,78134,11691652279126,pgpad-tauri,31196216,0.397746833
2,pgpad,9.662,query,78136,11691657214504,com.apple.WebKit.GPU,16155440,0.102896292
2,pgpad,9.662,query,78137,11691657515223,com.apple.WebKit.Networking,6046248,0.037668583
2,pgpad,9.662,query,78141,11691672693835,com.apple.audio.SandboxHelper,5423608,0.020830708
2,pgpad,9.915,query,78138,11691657577893,com.apple.WebKit.WebContent,96371408,0.300272583
2,pgpad,9.915,query,78134,11691652279126,pgpad-tauri,31196216,0.397882167
2,pgpad,9.915,query,78136,11691657214504,com.apple.WebKit.GPU,16155440,0.102896292
2,pgpad,9.915,query,78137,11691657515223,com.apple.WebKit.Networking,6046248,0.037668583
2,pgpad,9.915,query,78141,11691672693835,com.apple.audio.SandboxHelper,5423608,0.020830708
2,pgpad,10.170,query,78138,11691657577893,com.apple.WebKit.WebContent,96371408,0.300815375
2,pgpad,10.170,query,78134,11691652279126,pgpad-tauri,31196216,0.398299458
2,pgpad,10.170,query,78136,11691657214504,com.apple.WebKit.GPU,16155440,0.102896292
2,pgpad,10.170,query,78137,11691657515223,com.apple.WebKit.Networking,6046248,0.037668583
2,pgpad,10.170,query,78141,11691672693835,com.apple.audio.SandboxHelper,5423608,0.020830708
2,pgpad,10.424,query,78138,11691657577893,com.apple.WebKit.WebContent,96371408,0.300991042
2,pgpad,10.424,query,78134,11691652279126,pgpad-tauri,31196216,0.398384250
2,pgpad,10.424,query,78136,11691657214504,com.apple.WebKit.GPU,16155440,0.102896292
2,pgpad,10.424,query,78137,11691657515223,com.apple.WebKit.Networking,6046248,0.037668583
2,pgpad,10.424,query,78141,11691672693835,com.apple.audio.SandboxHelper,5423608,0.020830708
2,pgpad,10.679,query,78138,11691657577893,com.apple.WebKit.WebContent,147653328,0.315556708
2,pgpad,10.679,query,78136,11691657214504,com.apple.WebKit.GPU,34538312,0.114059917
2,pgpad,10.679,query,78134,11691652279126,pgpad-tauri,31228984,0.405138542
2,pgpad,10.679,query,78137,11691657515223,com.apple.WebKit.Networking,5947944,0.039007375
2,pgpad,10.679,query,78141,11691672693835,com.apple.audio.SandboxHelper,5423608,0.020830708
2,pgpad,10.934,query,78138,11691657577893,com.apple.WebKit.WebContent,148783848,0.375058583
2,pgpad,10.934,query,78136,11691657214504,com.apple.WebKit.GPU,37946208,0.141837042
2,pgpad,10.934,query,78134,11691652279126,pgpad-tauri,31605816,0.430411000
2,pgpad,10.934,query,78137,11691657515223,com.apple.WebKit.Networking,5947944,0.039067167
2,pgpad,10.934,query,78141,11691672693835,com.apple.audio.SandboxHelper,5423608,0.020830708
2,pgpad,11.186,query,78138,11691657577893,com.apple.WebKit.WebContent,148620008,0.376731625
2,pgpad,11.186,query,78136,11691657214504,com.apple.WebKit.GPU,37733216,0.142100958
2,pgpad,11.186,query,78134,11691652279126,pgpad-tauri,31589432,0.431185750
2,pgpad,11.186,query,78137,11691657515223,com.apple.WebKit.Networking,5947944,0.039173958
2,pgpad,11.186,query,78141,11691672693835,com.apple.audio.SandboxHelper,5423608,0.020830708
2,pgpad,11.437,query,78138,11691657577893,com.apple.WebKit.WebContent,148603624,0.379476375
2,pgpad,11.437,query,78136,11691657214504,com.apple.WebKit.GPU,37733216,0.142885000
2,pgpad,11.437,query,78134,11691652279126,pgpad-tauri,31573048,0.433341750
2,pgpad,11.437,query,78137,11691657515223,com.apple.WebKit.Networking,5866024,0.039497875
2,pgpad,11.437,query,78141,11691672693835,com.apple.audio.SandboxHelper,5423608,0.020830708
2,pgpad,11.690,query,78138,11691657577893,com.apple.WebKit.WebContent,148423400,0.380464542
2,pgpad,11.690,query,78136,11691657214504,com.apple.WebKit.GPU,37733216,0.143273250
2,pgpad,11.690,query,78134,11691652279126,pgpad-tauri,31556664,0.433963875
2,pgpad,11.690,query,78137,11691657515223,com.apple.WebKit.Networking,5866024,0.039769000
2,pgpad,11.690,query,78141,11691672693835,com.apple.audio.SandboxHelper,5423608,0.020830708
2,pgpad,11.945,query,78138,11691657577893,com.apple.WebKit.WebContent,149045992,0.408061125
2,pgpad,11.945,query,78136,11691657214504,com.apple.WebKit.GPU,38044512,0.150350208
2,pgpad,11.945,query,78134,11691652279126,pgpad-tauri,31589432,0.444832792
2,pgpad,11.945,query,78137,11691657515223,com.apple.WebKit.Networking,5866024,0.039977292
2,pgpad,11.945,query,78141,11691672693835,com.apple.audio.SandboxHelper,5423608,0.020830708
2,pgpad,12.199,query,78138,11691657577893,com.apple.WebKit.WebContent,149111528,0.420416000
2,pgpad,12.199,query,78136,11691657214504,com.apple.WebKit.GPU,37274464,0.150993542
2,pgpad,12.199,query,78134,11691652279126,pgpad-tauri,31769656,0.460505125
2,pgpad,12.199,query,78192,11691940222204,com.apple.SafariPlatformSupport,9634416,0.105784958
2,pgpad,12.199,query,78137,11691657515223,com.apple.WebKit.Networking,5866024,0.040010750
2,pgpad,12.199,query,78141,11691672693835,com.apple.audio.SandboxHelper,5423608,0.020830708
2,pgpad,12.454,query,78138,11691657577893,com.apple.WebKit.WebContent,162104040,0.429003875
2,pgpad,12.454,query,78136,11691657214504,com.apple.WebKit.GPU,37307232,0.153331958
2,pgpad,12.454,query,78134,11691652279126,pgpad-tauri,32310328,0.477088792
2,pgpad,12.454,query,78192,11691940222204,com.apple.SafariPlatformSupport,9650800,0.107380958
2,pgpad,12.454,query,78137,11691657515223,com.apple.WebKit.Networking,5866024,0.040010750
2,pgpad,12.454,query,78141,11691672693835,com.apple.audio.SandboxHelper,5423608,0.020830708
2,pgpad,12.709,query,78138,11691657577893,com.apple.WebKit.WebContent,162104040,0.430903125
2,pgpad,12.709,query,78136,11691657214504,com.apple.WebKit.GPU,34849632,0.154170875
2,pgpad,12.709,query,78134,11691652279126,pgpad-tauri,32293944,0.477899958
2,pgpad,12.709,query,78192,11691940222204,com.apple.SafariPlatformSupport,9650800,0.107380958
2,pgpad,12.709,query,78137,11691657515223,com.apple.WebKit.Networking,5866024,0.040010750
2,pgpad,12.709,query,78141,11691672693835,com.apple.audio.SandboxHelper,5423608,0.020830708
2,pgpad,12.962,query,78138,11691657577893,com.apple.WebKit.WebContent,162792168,0.448522375
2,pgpad,12.962,query,78136,11691657214504,com.apple.WebKit.GPU,47219576,0.161748667
2,pgpad,12.962,query,78134,11691652279126,pgpad-tauri,33915960,0.511200167
2,pgpad,12.962,query,78192,11691940222204,com.apple.SafariPlatformSupport,9650800,0.107380958
2,pgpad,12.962,query,78137,11691657515223,com.apple.WebKit.Networking,5866024,0.040010750
2,pgpad,12.962,query,78141,11691672693835,com.apple.audio.SandboxHelper,5423608,0.020830708
2,pgpad,13.215,query,78138,11691657577893,com.apple.WebKit.WebContent,162792168,0.450559542
2,pgpad,13.215,query,78136,11691657214504,com.apple.WebKit.GPU,47006584,0.162529958
2,pgpad,13.215,query,78134,11691652279126,pgpad-tauri,33899576,0.511944208
2,pgpad,13.215,query,78192,11691940222204,com.apple.SafariPlatformSupport,9650800,0.107380958
2,pgpad,13.215,query,78137,11691657515223,com.apple.WebKit.Networking,5866024,0.040010750
2,pgpad,13.215,query,78141,11691672693835,com.apple.audio.SandboxHelper,5423608,0.020830708
2,pgpad,13.468,query,78138,11691657577893,com.apple.WebKit.WebContent,162153192,0.461231458
2,pgpad,13.468,query,78136,11691657214504,com.apple.WebKit.GPU,47006584,0.168577708
2,pgpad,13.468,query,78134,11691652279126,pgpad-tauri,33948728,0.518418708
2,pgpad,13.468,query,78192,11691940222204,com.apple.SafariPlatformSupport,9650800,0.107692833
2,pgpad,13.468,query,78137,11691657515223,com.apple.WebKit.Networking,5866024,0.040010750
2,pgpad,13.468,query,78141,11691672693835,com.apple.audio.SandboxHelper,5423608,0.020830708
2,pgpad,13.720,query,78138,11691657577893,com.apple.WebKit.WebContent,162218728,0.480675875
2,pgpad,13.720,query,78136,11691657214504,com.apple.WebKit.GPU,46990200,0.170174125
2,pgpad,13.720,query,78134,11691652279126,pgpad-tauri,33948728,0.526577750
2,pgpad,13.720,query,78192,11691940222204,com.apple.SafariPlatformSupport,9650800,0.107692833
2,pgpad,13.720,query,78137,11691657515223,com.apple.WebKit.Networking,5866024,0.040010750
2,pgpad,13.720,query,78141,11691672693835,com.apple.audio.SandboxHelper,5423608,0.020830708
2,pgpad,13.972,query,78138,11691657577893,com.apple.WebKit.WebContent,162218728,0.481772958
2,pgpad,13.972,query,78136,11691657214504,com.apple.WebKit.GPU,46990200,0.171365042
2,pgpad,13.972,query,78134,11691652279126,pgpad-tauri,33932344,0.527376833
2,pgpad,13.972,query,78192,11691940222204,com.apple.SafariPlatformSupport,9650800,0.107692833
2,pgpad,13.972,query,78137,11691657515223,com.apple.WebKit.Networking,5866024,0.040010750
2,pgpad,13.972,query,78141,11691672693835,com.apple.audio.SandboxHelper,5423608,0.020830708
2,pgpad,14.227,query,78138,11691657577893,com.apple.WebKit.WebContent,123831016,0.484429542
2,pgpad,14.227,query,78136,11691657214504,com.apple.WebKit.GPU,43828088,0.172045250
2,pgpad,14.227,query,78134,11691652279126,pgpad-tauri,33915960,0.528609708
2,pgpad,14.227,query,78192,11691940222204,com.apple.SafariPlatformSupport,9650800,0.107826208
2,pgpad,14.227,query,78137,11691657515223,com.apple.WebKit.Networking,5866024,0.040010750
2,pgpad,14.227,query,78141,11691672693835,com.apple.audio.SandboxHelper,5423608,0.020830708
2,pgpad,14.482,query,78138,11691657577893,com.apple.WebKit.WebContent,247595800,0.718364917
2,pgpad,14.482,query,78136,11691657214504,com.apple.WebKit.GPU,53412776,0.205913250
2,pgpad,14.482,query,78134,11691652279126,pgpad-tauri,35800120,0.570196542
2,pgpad,14.482,query,78192,11691940222204,com.apple.SafariPlatformSupport,9650800,0.107854958
2,pgpad,14.482,query,78137,11691657515223,com.apple.WebKit.Networking,5866024,0.040592417
2,pgpad,14.482,query,78141,11691672693835,com.apple.audio.SandboxHelper,5423608,0.020830708
2,pgpad,14.737,query,78138,11691657577893,com.apple.WebKit.WebContent,247546648,0.719725792
2,pgpad,14.737,query,78136,11691657214504,com.apple.WebKit.GPU,51020712,0.206425833
2,pgpad,14.737,query,78134,11691652279126,pgpad-tauri,35783736,0.570994625
2,pgpad,14.737,query,78192,11691940222204,com.apple.SafariPlatformSupport,9650800,0.107854958
2,pgpad,14.737,query,78137,11691657515223,com.apple.WebKit.Networking,5866024,0.040708917
2,pgpad,14.737,query,78141,11691672693835,com.apple.audio.SandboxHelper,5423608,0.020830708
2,pgpad,14.992,query,78138,11691657577893,com.apple.WebKit.WebContent,244040472,0.729764583
2,pgpad,14.992,query,78136,11691657214504,com.apple.WebKit.GPU,50987944,0.207365042
2,pgpad,14.992,query,78134,11691652279126,pgpad-tauri,35783736,0.574438083
2,pgpad,14.992,query,78192,11691940222204,com.apple.SafariPlatformSupport,9650800,0.107854958
2,pgpad,14.992,query,78137,11691657515223,com.apple.WebKit.Networking,5866024,0.041049375
2,pgpad,14.992,query,78141,11691672693835,com.apple.audio.SandboxHelper,5423608,0.020830708
2,pgpad,15.247,query,78138,11691657577893,com.apple.WebKit.WebContent,244024088,0.731868667
2,pgpad,15.247,query,78136,11691657214504,com.apple.WebKit.GPU,50987944,0.208016667
2,pgpad,15.247,query,78134,11691652279126,pgpad-tauri,35750968,0.575366208
2,pgpad,15.247,query,78192,11691940222204,com.apple.SafariPlatformSupport,9650800,0.107854958
2,pgpad,15.247,query,78137,11691657515223,com.apple.WebKit.Networking,5866024,0.041174917
2,pgpad,15.247,query,78141,11691672693835,com.apple.audio.SandboxHelper,5423608,0.020830708
2,pgpad,15.502,query,78138,11691657577893,com.apple.WebKit.WebContent,243237656,0.738599500
2,pgpad,15.502,query,78136,11691657214504,com.apple.WebKit.GPU,50611112,0.210169250
2,pgpad,15.502,query,78134,11691652279126,pgpad-tauri,35767352,0.578289542
2,pgpad,15.502,query,78192,11691940222204,com.apple.SafariPlatformSupport,9650800,0.107854958
2,pgpad,15.502,query,78137,11691657515223,com.apple.WebKit.Networking,5866024,0.041458083
2,pgpad,15.502,query,78141,11691672693835,com.apple.audio.SandboxHelper,5423608,0.020830708
2,pgpad,15.756,query,78138,11691657577893,com.apple.WebKit.WebContent,178684696,0.740972167
2,pgpad,15.756,query,78134,11691652279126,pgpad-tauri,35718200,0.579105167
2,pgpad,15.756,query,78136,11691657214504,com.apple.WebKit.GPU,20480936,0.211182500
2,pgpad,15.756,query,78192,11691940222204,com.apple.SafariPlatformSupport,9650800,0.107854958
2,pgpad,15.756,query,78137,11691657515223,com.apple.WebKit.Networking,5866024,0.041572000
2,pgpad,15.756,query,78141,11691672693835,com.apple.audio.SandboxHelper,5423608,0.020830708
2,pgpad,16.007,query,78138,11691657577893,com.apple.WebKit.WebContent,178684696,0.743936917
2,pgpad,16.007,query,78134,11691652279126,pgpad-tauri,35734584,0.580228583
2,pgpad,16.007,query,78136,11691657214504,com.apple.WebKit.GPU,20480936,0.211632292
2,pgpad,16.007,query,78192,11691940222204,com.apple.SafariPlatformSupport,9650800,0.107854958
2,pgpad,16.007,query,78137,11691657515223,com.apple.WebKit.Networking,5866024,0.041572000
2,pgpad,16.007,query,78141,11691672693835,com.apple.audio.SandboxHelper,5423608,0.020830708
2,pgpad,16.263,query,78138,11691657577893,com.apple.WebKit.WebContent,238600984,0.761036917
2,pgpad,16.263,query,78136,11691657214504,com.apple.WebKit.GPU,39699368,0.225738042
2,pgpad,16.263,query,78134,11691652279126,pgpad-tauri,35734584,0.585796208
2,pgpad,16.263,query,78192,11691940222204,com.apple.SafariPlatformSupport,9650800,0.107854958
2,pgpad,16.263,query,78137,11691657515223,com.apple.WebKit.Networking,5866024,0.041572000
2,pgpad,16.263,query,78141,11691672693835,com.apple.audio.SandboxHelper,5423608,0.020830708
2,pgpad,16.517,query,78138,11691657577893,com.apple.WebKit.WebContent,278299416,0.806170708
2,pgpad,16.517,query,78136,11691657214504,com.apple.WebKit.GPU,45220800,0.257946625
2,pgpad,16.517,query,78134,11691652279126,pgpad-tauri,35783736,0.595263708
2,pgpad,16.517,query,78192,11691940222204,com.apple.SafariPlatformSupport,9650800,0.108038333
2,pgpad,16.517,query,78137,11691657515223,com.apple.WebKit.Networking,5866024,0.041572000
2,pgpad,16.517,query,78141,11691672693835,com.apple.audio.SandboxHelper,5423608,0.020830708
2,pgpad,16.767,query,78138,11691657577893,com.apple.WebKit.WebContent,278364952,0.814123125
2,pgpad,16.767,query,78136,11691657214504,com.apple.WebKit.GPU,45679552,0.267200708
2,pgpad,16.767,query,78134,11691652279126,pgpad-tauri,35783736,0.598382458
2,pgpad,16.767,query,78192,11691940222204,com.apple.SafariPlatformSupport,9650800,0.108038333
2,pgpad,16.767,query,78137,11691657515223,com.apple.WebKit.Networking,5866024,0.041572000
2,pgpad,16.767,query,78141,11691672693835,com.apple.audio.SandboxHelper,5423608,0.020830708
2,pgpad,17.020,query,78138,11691657577893,com.apple.WebKit.WebContent,279020312,0.854326375
2,pgpad,17.020,query,78136,11691657214504,com.apple.WebKit.GPU,45548480,0.295928833
2,pgpad,17.020,query,78134,11691652279126,pgpad-tauri,35783736,0.607732042
2,pgpad,17.020,query,78192,11691940222204,com.apple.SafariPlatformSupport,9650800,0.108038333
2,pgpad,17.020,query,78137,11691657515223,com.apple.WebKit.Networking,5866024,0.041572000
2,pgpad,17.020,query,78141,11691672693835,com.apple.audio.SandboxHelper,5423608,0.020830708
2,pgpad,17.275,query,78138,11691657577893,com.apple.WebKit.WebContent,279085848,0.866215583
2,pgpad,17.275,query,78136,11691657214504,com.apple.WebKit.GPU,45761472,0.306521750
2,pgpad,17.275,query,78134,11691652279126,pgpad-tauri,35783736,0.612783083
2,pgpad,17.275,query,78192,11691940222204,com.apple.SafariPlatformSupport,9650800,0.108698583
2,pgpad,17.275,query,78137,11691657515223,com.apple.WebKit.Networking,5866024,0.041572000
2,pgpad,17.275,query,78141,11691672693835,com.apple.audio.SandboxHelper,5423608,0.020830708
2,pgpad,17.528,query,78138,11691657577893,com.apple.WebKit.WebContent,279741208,0.909951917
2,pgpad,17.528,query,78136,11691657214504,com.apple.WebKit.GPU,45597632,0.332180042
2,pgpad,17.528,query,78134,11691652279126,pgpad-tauri,35800120,0.620637208
2,pgpad,17.528,query,78192,11691940222204,com.apple.SafariPlatformSupport,9650800,0.108698583
2,pgpad,17.528,query,78137,11691657515223,com.apple.WebKit.Networking,5866024,0.041572000
2,pgpad,17.528,query,78141,11691672693835,com.apple.audio.SandboxHelper,5423608,0.020830708
2,pgpad,17.779,query,78138,11691657577893,com.apple.WebKit.WebContent,279741208,0.911510167
2,pgpad,17.779,query,78136,11691657214504,com.apple.WebKit.GPU,45515712,0.332526292
2,pgpad,17.779,query,78134,11691652279126,pgpad-tauri,35783736,0.621458667
2,pgpad,17.779,query,78192,11691940222204,com.apple.SafariPlatformSupport,9650800,0.108698583
2,pgpad,17.779,query,78137,11691657515223,com.apple.WebKit.Networking,5866024,0.041572000
2,pgpad,17.779,query,78141,11691672693835,com.apple.audio.SandboxHelper,5423608,0.020830708
2,pgpad,18.030,query,78138,11691657577893,com.apple.WebKit.WebContent,279757592,0.921302958
2,pgpad,18.030,query,78136,11691657214504,com.apple.WebKit.GPU,45597632,0.340299208
2,pgpad,18.030,query,78134,11691652279126,pgpad-tauri,35734584,0.626678542
2,pgpad,18.030,query,78192,11691940222204,com.apple.SafariPlatformSupport,9650800,0.108698583
2,pgpad,18.030,query,78137,11691657515223,com.apple.WebKit.Networking,5866024,0.041572000
2,pgpad,18.030,query,78141,11691672693835,com.apple.audio.SandboxHelper,5423608,0.020830708
2,pgpad,18.286,query,78138,11691657577893,com.apple.WebKit.WebContent,266388248,0.961949417
2,pgpad,18.286,query,78136,11691657214504,com.apple.WebKit.GPU,45564864,0.364800375
2,pgpad,18.286,query,78134,11691652279126,pgpad-tauri,35734584,0.634432125
2,pgpad,18.286,query,78192,11691940222204,com.apple.SafariPlatformSupport,9650800,0.108698583
2,pgpad,18.286,query,78137,11691657515223,com.apple.WebKit.Networking,5866024,0.041572000
2,pgpad,18.286,query,78141,11691672693835,com.apple.audio.SandboxHelper,5423608,0.020830708
2,pgpad,18.537,after-query,78138,11691657577893,com.apple.WebKit.WebContent,266388248,0.963539958
2,pgpad,18.537,after-query,78136,11691657214504,com.apple.WebKit.GPU,42992576,0.365448583
2,pgpad,18.537,after-query,78134,11691652279126,pgpad-tauri,35701816,0.635380208
2,pgpad,18.537,after-query,78192,11691940222204,com.apple.SafariPlatformSupport,9650800,0.108698583
2,pgpad,18.537,after-query,78137,11691657515223,com.apple.WebKit.Networking,5866024,0.041572000
2,pgpad,18.537,after-query,78141,11691672693835,com.apple.audio.SandboxHelper,5423608,0.020830708
2,pgpad,18.792,after-query,78138,11691657577893,com.apple.WebKit.WebContent,266355480,0.965956792
2,pgpad,18.792,after-query,78136,11691657214504,com.apple.WebKit.GPU,42992576,0.366283417
2,pgpad,18.792,after-query,78134,11691652279126,pgpad-tauri,35554360,0.637561208
2,pgpad,18.792,after-query,78192,11691940222204,com.apple.SafariPlatformSupport,9650800,0.108698583
2,pgpad,18.792,after-query,78137,11691657515223,com.apple.WebKit.Networking,5866024,0.041572000
2,pgpad,18.792,after-query,78141,11691672693835,com.apple.audio.SandboxHelper,5423608,0.020830708
2,pgpad,19.045,after-query,78138,11691657577893,com.apple.WebKit.WebContent,268469016,0.967107542
2,pgpad,19.045,after-query,78136,11691657214504,com.apple.WebKit.GPU,43140032,0.366831250
2,pgpad,19.045,after-query,78134,11691652279126,pgpad-tauri,35587128,0.637920417
2,pgpad,19.045,after-query,78192,11691940222204,com.apple.SafariPlatformSupport,9650800,0.108698583
2,pgpad,19.045,after-query,78137,11691657515223,com.apple.WebKit.Networking,6013480,0.041572000
2,pgpad,19.045,after-query,78141,11691672693835,com.apple.audio.SandboxHelper,5423608,0.020830708
2,pgpad,19.300,after-query,78138,11691657577893,com.apple.WebKit.WebContent,268452632,0.967816542
2,pgpad,19.300,after-query,78136,11691657214504,com.apple.WebKit.GPU,43140032,0.368271458
2,pgpad,19.300,after-query,78134,11691652279126,pgpad-tauri,35587128,0.638164667
2,pgpad,19.300,after-query,78192,11691940222204,com.apple.SafariPlatformSupport,9650800,0.108698583
2,pgpad,19.300,after-query,78137,11691657515223,com.apple.WebKit.Networking,6013480,0.041572000
2,pgpad,19.300,after-query,78141,11691672693835,com.apple.audio.SandboxHelper,5423608,0.020830708
2,pgpad,19.555,after-query,78138,11691657577893,com.apple.WebKit.WebContent,182993688,0.968125417
2,pgpad,19.555,after-query,78134,11691652279126,pgpad-tauri,35587128,0.638328208
2,pgpad,19.555,after-query,78136,11691657214504,com.apple.WebKit.GPU,20939712,0.368747083
2,pgpad,19.555,after-query,78192,11691940222204,com.apple.SafariPlatformSupport,9650800,0.108698583
2,pgpad,19.555,after-query,78137,11691657515223,com.apple.WebKit.Networking,6013480,0.041572000
2,pgpad,19.555,after-query,78141,11691672693835,com.apple.audio.SandboxHelper,5423608,0.020830708
2,pgpad,19.807,after-query,78138,11691657577893,com.apple.WebKit.WebContent,182960920,0.969047625
2,pgpad,19.807,after-query,78134,11691652279126,pgpad-tauri,35537976,0.638607917
2,pgpad,19.807,after-query,78136,11691657214504,com.apple.WebKit.GPU,20939712,0.369133417
2,pgpad,19.807,after-query,78192,11691940222204,com.apple.SafariPlatformSupport,9601648,0.108811708
2,pgpad,19.807,after-query,78137,11691657515223,com.apple.WebKit.Networking,5997096,0.041657875
2,pgpad,19.807,after-query,78141,11691672693835,com.apple.audio.SandboxHelper,5423608,0.020830708
2,pgpad,20.059,after-query,78138,11691657577893,com.apple.WebKit.WebContent,182960920,0.969446500
2,pgpad,20.059,after-query,78134,11691652279126,pgpad-tauri,35537976,0.638607917
2,pgpad,20.059,after-query,78136,11691657214504,com.apple.WebKit.GPU,20939712,0.369321833
2,pgpad,20.059,after-query,78192,11691940222204,com.apple.SafariPlatformSupport,9601648,0.108811708
2,pgpad,20.059,after-query,78137,11691657515223,com.apple.WebKit.Networking,5997096,0.041657875
2,pgpad,20.059,after-query,78141,11691672693835,com.apple.audio.SandboxHelper,5423608,0.020830708
2,pgpad,20.310,after-query,78138,11691657577893,com.apple.WebKit.WebContent,182911768,0.969878042
2,pgpad,20.310,after-query,78134,11691652279126,pgpad-tauri,35537976,0.638683833
2,pgpad,20.310,after-query,78136,11691657214504,com.apple.WebKit.GPU,20939712,0.369529458
2,pgpad,20.310,after-query,78192,11691940222204,com.apple.SafariPlatformSupport,9601648,0.108811708
2,pgpad,20.310,after-query,78137,11691657515223,com.apple.WebKit.Networking,5997096,0.041657875
2,pgpad,20.310,after-query,78141,11691672693835,com.apple.audio.SandboxHelper,5423608,0.020830708
2,pgpad,20.565,after-query,78138,11691657577893,com.apple.WebKit.WebContent,182911768,0.970145000
2,pgpad,20.565,after-query,78134,11691652279126,pgpad-tauri,35537976,0.638683833
2,pgpad,20.565,after-query,78136,11691657214504,com.apple.WebKit.GPU,20874176,0.370035792
2,pgpad,20.565,after-query,78192,11691940222204,com.apple.SafariPlatformSupport,9601648,0.108811708
2,pgpad,20.565,after-query,78137,11691657515223,com.apple.WebKit.Networking,5997096,0.041657875
2,pgpad,20.565,after-query,78141,11691672693835,com.apple.audio.SandboxHelper,5423608,0.020830708
2,pgpad,20.820,after-query,78138,11691657577893,com.apple.WebKit.WebContent,182911768,0.970256000
2,pgpad,20.820,after-query,78134,11691652279126,pgpad-tauri,35521592,0.638906458
2,pgpad,20.820,after-query,78136,11691657214504,com.apple.WebKit.GPU,20874176,0.370077750
2,pgpad,20.820,after-query,78192,11691940222204,com.apple.SafariPlatformSupport,9601648,0.108811708
2,pgpad,20.820,after-query,78137,11691657515223,com.apple.WebKit.Networking,5997096,0.041657875
2,pgpad,20.820,after-query,78141,11691672693835,com.apple.audio.SandboxHelper,5423608,0.020830708
2,pgpad,21.073,after-query,78138,11691657577893,com.apple.WebKit.WebContent,182960920,0.975374917
2,pgpad,21.073,after-query,78134,11691652279126,pgpad-tauri,35521592,0.641239000
2,pgpad,21.073,after-query,78136,11691657214504,com.apple.WebKit.GPU,20874176,0.370077750
2,pgpad,21.073,after-query,78192,11691940222204,com.apple.SafariPlatformSupport,9601648,0.108811708
2,pgpad,21.073,after-query,78137,11691657515223,com.apple.WebKit.Networking,5997096,0.041657875
2,pgpad,21.073,after-query,78141,11691672693835,com.apple.audio.SandboxHelper,5423608,0.020830708
2,pgpad,21.324,after-query,78138,11691657577893,com.apple.WebKit.WebContent,182960920,0.975760167
2,pgpad,21.324,after-query,78134,11691652279126,pgpad-tauri,35521592,0.641553375
2,pgpad,21.324,after-query,78136,11691657214504,com.apple.WebKit.GPU,20874176,0.370077750
2,pgpad,21.324,after-query,78192,11691940222204,com.apple.SafariPlatformSupport,9601648,0.108811708
2,pgpad,21.324,after-query,78137,11691657515223,com.apple.WebKit.Networking,5997096,0.041657875
2,pgpad,21.324,after-query,78141,11691672693835,com.apple.audio.SandboxHelper,5423608,0.020830708
2,pgpad,21.577,after-query,78138,11691657577893,com.apple.WebKit.WebContent,182944536,0.976408542
2,pgpad,21.577,after-query,78134,11691652279126,pgpad-tauri,35521592,0.641944292
2,pgpad,21.577,after-query,78136,11691657214504,com.apple.WebKit.GPU,20874176,0.370077750
2,pgpad,21.577,after-query,78192,11691940222204,com.apple.SafariPlatformSupport,9601648,0.108811708
2,pgpad,21.577,after-query,78137,11691657515223,com.apple.WebKit.Networking,5997096,0.041657875
2,pgpad,21.577,after-query,78141,11691672693835,com.apple.audio.SandboxHelper,5423608,0.020830708
2,pgpad,21.831,after-query,78138,11691657577893,com.apple.WebKit.WebContent,182944536,0.976940667
2,pgpad,21.831,after-query,78134,11691652279126,pgpad-tauri,35521592,0.642237458
2,pgpad,21.831,after-query,78136,11691657214504,com.apple.WebKit.GPU,20874176,0.370077750
2,pgpad,21.831,after-query,78192,11691940222204,com.apple.SafariPlatformSupport,9585264,0.109165792
2,pgpad,21.831,after-query,78137,11691657515223,com.apple.WebKit.Networking,5997096,0.041657875
2,pgpad,21.831,after-query,78141,11691672693835,com.apple.audio.SandboxHelper,5423608,0.020830708
2,pgpad,22.082,after-query,78138,11691657577893,com.apple.WebKit.WebContent,182944536,0.977336125
2,pgpad,22.082,after-query,78134,11691652279126,pgpad-tauri,35521592,0.642600042
2,pgpad,22.082,after-query,78136,11691657214504,com.apple.WebKit.GPU,20874176,0.370077750
2,pgpad,22.082,after-query,78192,11691940222204,com.apple.SafariPlatformSupport,9585264,0.109165792
2,pgpad,22.082,after-query,78137,11691657515223,com.apple.WebKit.Networking,5997096,0.041657875
2,pgpad,22.082,after-query,78141,11691672693835,com.apple.audio.SandboxHelper,5423608,0.020830708
2,pgpad,22.338,after-query,78138,11691657577893,com.apple.WebKit.WebContent,182928152,0.977746292
2,pgpad,22.338,after-query,78134,11691652279126,pgpad-tauri,35521592,0.642962458
2,pgpad,22.338,after-query,78136,11691657214504,com.apple.WebKit.GPU,20874176,0.370077750
2,pgpad,22.338,after-query,78192,11691940222204,com.apple.SafariPlatformSupport,9585264,0.109165792
2,pgpad,22.338,after-query,78137,11691657515223,com.apple.WebKit.Networking,5997096,0.041657875
2,pgpad,22.338,after-query,78141,11691672693835,com.apple.audio.SandboxHelper,5423608,0.020830708
2,pgpad,22.593,after-query,78138,11691657577893,com.apple.WebKit.WebContent,182928152,0.977746292
2,pgpad,22.593,after-query,78134,11691652279126,pgpad-tauri,35521592,0.643094875
2,pgpad,22.593,after-query,78136,11691657214504,com.apple.WebKit.GPU,20874176,0.370077750
2,pgpad,22.593,after-query,78192,11691940222204,com.apple.SafariPlatformSupport,9585264,0.109165792
2,pgpad,22.593,after-query,78137,11691657515223,com.apple.WebKit.Networking,5997096,0.041657875
2,pgpad,22.593,after-query,78141,11691672693835,com.apple.audio.SandboxHelper,5423608,0.020830708
2,pgpad,22.848,after-query,78138,11691657577893,com.apple.WebKit.WebContent,182846232,0.978183833
2,pgpad,22.848,after-query,78134,11691652279126,pgpad-tauri,35521592,0.643094875
2,pgpad,22.848,after-query,78136,11691657214504,com.apple.WebKit.GPU,20874176,0.370077750
2,pgpad,22.848,after-query,78192,11691940222204,com.apple.SafariPlatformSupport,9585264,0.109165792
2,pgpad,22.848,after-query,78137,11691657515223,com.apple.WebKit.Networking,5997096,0.041657875
2,pgpad,22.848,after-query,78141,11691672693835,com.apple.audio.SandboxHelper,5423608,0.020830708
2,pgpad,23.103,after-query,78138,11691657577893,com.apple.WebKit.WebContent,182846232,0.978183833
2,pgpad,23.103,after-query,78134,11691652279126,pgpad-tauri,35472440,0.643504042
2,pgpad,23.103,after-query,78136,11691657214504,com.apple.WebKit.GPU,20874176,0.370077750
2,pgpad,23.103,after-query,78192,11691940222204,com.apple.SafariPlatformSupport,9585264,0.109165792
2,pgpad,23.103,after-query,78137,11691657515223,com.apple.WebKit.Networking,5997096,0.041657875
2,pgpad,23.103,after-query,78141,11691672693835,com.apple.audio.SandboxHelper,5423608,0.020830708
2,pgpad,23.356,after-query,78138,11691657577893,com.apple.WebKit.WebContent,182846232,0.978183833
2,pgpad,23.356,after-query,78134,11691652279126,pgpad-tauri,35472440,0.643504042
2,pgpad,23.356,after-query,78136,11691657214504,com.apple.WebKit.GPU,20874176,0.370077750
2,pgpad,23.356,after-query,78192,11691940222204,com.apple.SafariPlatformSupport,9585264,0.109165792
2,pgpad,23.356,after-query,78137,11691657515223,com.apple.WebKit.Networking,5997096,0.041657875
2,pgpad,23.356,after-query,78141,11691672693835,com.apple.audio.SandboxHelper,5423608,0.020830708
2,pgpad,23.608,after-query,78138,11691657577893,com.apple.WebKit.WebContent,186319640,0.978292250
2,pgpad,23.608,after-query,78134,11691652279126,pgpad-tauri,35537976,0.643504042
2,pgpad,23.608,after-query,78136,11691657214504,com.apple.WebKit.GPU,21431232,0.370236292
2,pgpad,23.608,after-query,78192,11691940222204,com.apple.SafariPlatformSupport,10846832,0.109165792
2,pgpad,23.608,after-query,78137,11691657515223,com.apple.WebKit.Networking,6013480,0.041657875
2,pgpad,23.608,after-query,78141,11691672693835,com.apple.audio.SandboxHelper,5423608,0.020830708
2,dbgate,0.251,launch,78271,11692339245029,DbGate,8192888,0.092547750
2,dbgate,0.502,launch,78271,11692339245029,DbGate,39110096,0.273941583
2,dbgate,0.502,launch,78273,11692349912629,DbGate Helper (GPU),557344,0.020196667
2,dbgate,0.502,launch,78274,11692350053141,DbGate Helper,311488,0.013254375
2,dbgate,0.757,launch,78271,11692339245029,DbGate,62359112,0.424383583
2,dbgate,0.757,launch,78273,11692349912629,DbGate Helper (GPU),10814280,0.085609792
2,dbgate,0.757,launch,78274,11692350053141,DbGate Helper,6079280,0.042551583
2,dbgate,1.012,settle,78271,11692339245029,DbGate,89556720,0.608883250
2,dbgate,1.012,settle,78282,11692359334720,DbGate Helper (Renderer),47039736,0.123029125
2,dbgate,1.012,settle,78273,11692349912629,DbGate Helper (GPU),12944248,0.103449542
2,dbgate,1.012,settle,78274,11692350053141,DbGate Helper,6554416,0.047609708
2,dbgate,1.267,settle,78271,11692339245029,DbGate,112428784,0.727594292
2,dbgate,1.267,settle,78282,11692359334720,DbGate Helper (Renderer),75613528,0.338550375
2,dbgate,1.267,settle,78273,11692349912629,DbGate Helper (GPU),59851688,0.130249542
2,dbgate,1.267,settle,78274,11692350053141,DbGate Helper,6554416,0.047609708
2,dbgate,1.267,settle,78284,11692368224439,DbGate Helper,1278360,0.021801125
2,dbgate,1.518,settle,78273,11692349912629,DbGate Helper (GPU),234341384,0.202621583
2,dbgate,1.518,settle,78271,11692339245029,DbGate,119113480,0.826410042
2,dbgate,1.518,settle,78282,11692359334720,DbGate Helper (Renderer),104531432,0.541561000
2,dbgate,1.518,settle,78284,11692368224439,DbGate Helper,47662232,0.235456333
2,dbgate,1.518,settle,78287,11692370125750,DbGate Helper,38831256,0.146737500
2,dbgate,1.518,settle,78286,11692370055734,DbGate Helper,35357848,0.152345958
2,dbgate,1.518,settle,78274,11692350053141,DbGate Helper,7275312,0.053299542
2,dbgate,1.773,settle,78273,11692349912629,DbGate Helper (GPU),234488840,0.215738458
2,dbgate,1.773,settle,78271,11692339245029,DbGate,119654152,0.844302417
2,dbgate,1.773,settle,78282,11692359334720,DbGate Helper (Renderer),105055720,0.566124792
2,dbgate,1.773,settle,78286,11692370055734,DbGate Helper,52200696,0.334711083
2,dbgate,1.773,settle,78287,11692370125750,DbGate Helper,51905784,0.325510833
2,dbgate,1.773,settle,78284,11692368224439,DbGate Helper,51397880,0.316497667
2,dbgate,1.773,settle,78298,11692376211536,com.apple.SafariPlatformSupport,9699928,0.100798708
2,dbgate,1.773,settle,78274,11692350053141,DbGate Helper,7422768,0.054346708
2,dbgate,2.028,settle,78273,11692349912629,DbGate Helper (GPU),234472456,0.230067083
2,dbgate,2.028,settle,78271,11692339245029,DbGate,121423624,0.852189625
2,dbgate,2.028,settle,78282,11692359334720,DbGate Helper (Renderer),105072104,0.575559542
2,dbgate,2.028,settle,78286,11692370055734,DbGate Helper,52200696,0.334813292
2,dbgate,2.028,settle,78287,11692370125750,DbGate Helper,51905784,0.325620083
2,dbgate,2.028,settle,78284,11692368224439,DbGate Helper,51397880,0.316600875
2,dbgate,2.028,settle,78298,11692376211536,com.apple.SafariPlatformSupport,9716312,0.102343833
2,dbgate,2.028,settle,78274,11692350053141,DbGate Helper,7734064,0.055879833
2,dbgate,2.283,settle,78273,11692349912629,DbGate Helper (GPU),233341960,0.255921333
2,dbgate,2.283,settle,78271,11692339245029,DbGate,121472776,0.856708167
2,dbgate,2.283,settle,78282,11692359334720,DbGate Helper (Renderer),105268712,0.601016750
2,dbgate,2.283,settle,78286,11692370055734,DbGate Helper,52200696,0.334813292
2,dbgate,2.283,settle,78287,11692370125750,DbGate Helper,51905784,0.325620083
2,dbgate,2.283,settle,78284,11692368224439,DbGate Helper,51397880,0.316600875
2,dbgate,2.283,settle,78298,11692376211536,com.apple.SafariPlatformSupport,9716312,0.102343833
2,dbgate,2.283,settle,78274,11692350053141,DbGate Helper,7848752,0.058527917
2,dbgate,2.538,settle,78273,11692349912629,DbGate Helper (GPU),233341960,0.279397667
2,dbgate,2.538,settle,78271,11692339245029,DbGate,121603848,0.869783000
2,dbgate,2.538,settle,78282,11692359334720,DbGate Helper (Renderer),105268712,0.620924083
2,dbgate,2.538,settle,78286,11692370055734,DbGate Helper,52200696,0.334813292
2,dbgate,2.538,settle,78287,11692370125750,DbGate Helper,51905784,0.325620083
2,dbgate,2.538,settle,78284,11692368224439,DbGate Helper,51397880,0.316600875
2,dbgate,2.538,settle,78298,11692376211536,com.apple.SafariPlatformSupport,9716312,0.102343833
2,dbgate,2.538,settle,78274,11692350053141,DbGate Helper,7914288,0.061410833
2,dbgate,2.792,settle,78273,11692349912629,DbGate Helper (GPU),227378184,0.295413667
2,dbgate,2.792,settle,78271,11692339245029,DbGate,121751304,0.889644625
2,dbgate,2.792,settle,78282,11692359334720,DbGate Helper (Renderer),105285096,0.635930792
2,dbgate,2.792,settle,78286,11692370055734,DbGate Helper,52200696,0.335468042
2,dbgate,2.792,settle,78287,11692370125750,DbGate Helper,51922168,0.326177208
2,dbgate,2.792,settle,78284,11692368224439,DbGate Helper,51397880,0.317131958
2,dbgate,2.792,settle,78298,11692376211536,com.apple.SafariPlatformSupport,9716312,0.102562250
2,dbgate,2.792,settle,78274,11692350053141,DbGate Helper,8012592,0.068668125
2,dbgate,3.048,settle,78273,11692349912629,DbGate Helper (GPU),227394568,0.303592792
2,dbgate,3.048,settle,78271,11692339245029,DbGate,121751304,0.889644625
2,dbgate,3.048,settle,78282,11692359334720,DbGate Helper (Renderer),105301480,0.645423500
2,dbgate,3.048,settle,78286,11692370055734,DbGate Helper,52200696,0.335468042
2,dbgate,3.048,settle,78287,11692370125750,DbGate Helper,51922168,0.326177208
2,dbgate,3.048,settle,78284,11692368224439,DbGate Helper,51397880,0.317131958
2,dbgate,3.048,settle,78298,11692376211536,com.apple.SafariPlatformSupport,9716312,0.102562250
2,dbgate,3.048,settle,78274,11692350053141,DbGate Helper,8012592,0.068668125
2,dbgate,3.301,settle,78273,11692349912629,DbGate Helper (GPU),227378184,0.311358125
2,dbgate,3.301,settle,78271,11692339245029,DbGate,121751304,0.889644625
2,dbgate,3.301,settle,78282,11692359334720,DbGate Helper (Renderer),105301480,0.652465750
2,dbgate,3.301,settle,78286,11692370055734,DbGate Helper,52200696,0.335468042
2,dbgate,3.301,settle,78287,11692370125750,DbGate Helper,51922168,0.326177208
2,dbgate,3.301,settle,78284,11692368224439,DbGate Helper,51397880,0.317131958
2,dbgate,3.301,settle,78298,11692376211536,com.apple.SafariPlatformSupport,9716312,0.102562250
2,dbgate,3.301,settle,78274,11692350053141,DbGate Helper,8012592,0.068668125
2,dbgate,3.556,settle,78273,11692349912629,DbGate Helper (GPU),227394568,0.320604500
2,dbgate,3.556,settle,78271,11692339245029,DbGate,121751304,0.890237667
2,dbgate,3.556,settle,78282,11692359334720,DbGate Helper (Renderer),105301480,0.662304208
2,dbgate,3.556,settle,78286,11692370055734,DbGate Helper,52200696,0.335468042
2,dbgate,3.556,settle,78287,11692370125750,DbGate Helper,51922168,0.326177208
2,dbgate,3.556,settle,78284,11692368224439,DbGate Helper,51397880,0.317489917
2,dbgate,3.556,settle,78298,11692376211536,com.apple.SafariPlatformSupport,9716312,0.102562250
2,dbgate,3.556,settle,78274,11692350053141,DbGate Helper,8012592,0.068668125
2,dbgate,3.811,settle,78273,11692349912629,DbGate Helper (GPU),212796424,0.328404625
2,dbgate,3.811,settle,78271,11692339245029,DbGate,121767688,0.893013250
2,dbgate,3.811,settle,78282,11692359334720,DbGate Helper (Renderer),105301480,0.668856083
2,dbgate,3.811,settle,78286,11692370055734,DbGate Helper,52200696,0.335873125
2,dbgate,3.811,settle,78287,11692370125750,DbGate Helper,51922168,0.326453000
2,dbgate,3.811,settle,78284,11692368224439,DbGate Helper,51397880,0.317489917
2,dbgate,3.811,settle,78298,11692376211536,com.apple.SafariPlatformSupport,9716312,0.102723000
2,dbgate,3.811,settle,78274,11692350053141,DbGate Helper,8012592,0.068668125
2,dbgate,4.066,settle,78273,11692349912629,DbGate Helper (GPU),203015176,0.341804833
2,dbgate,4.066,settle,78271,11692339245029,DbGate,121767688,0.893013250
2,dbgate,4.066,settle,78282,11692359334720,DbGate Helper (Renderer),105104872,0.678159125
2,dbgate,4.066,settle,78286,11692370055734,DbGate Helper,52200696,0.335873125
2,dbgate,4.066,settle,78287,11692370125750,DbGate Helper,51922168,0.326453000
2,dbgate,4.066,settle,78284,11692368224439,DbGate Helper,51397880,0.317489917
2,dbgate,4.066,settle,78298,11692376211536,com.apple.SafariPlatformSupport,9716312,0.102817500
2,dbgate,4.066,settle,78274,11692350053141,DbGate Helper,8012592,0.068668125
2,dbgate,4.319,settle,78273,11692349912629,DbGate Helper (GPU),202998792,0.349953625
2,dbgate,4.319,settle,78271,11692339245029,DbGate,121767688,0.893013250
2,dbgate,4.319,settle,78282,11692359334720,DbGate Helper (Renderer),105104872,0.684022958
2,dbgate,4.319,settle,78286,11692370055734,DbGate Helper,52200696,0.335873125
2,dbgate,4.319,settle,78287,11692370125750,DbGate Helper,51922168,0.326453000
2,dbgate,4.319,settle,78284,11692368224439,DbGate Helper,51397880,0.317489917
2,dbgate,4.319,settle,78298,11692376211536,com.apple.SafariPlatformSupport,9716312,0.102817500
2,dbgate,4.319,settle,78274,11692350053141,DbGate Helper,8012592,0.068668125
2,dbgate,4.571,settle,78273,11692349912629,DbGate Helper (GPU),203015176,0.359939083
2,dbgate,4.571,settle,78271,11692339245029,DbGate,121767688,0.893620042
2,dbgate,4.571,settle,78282,11692359334720,DbGate Helper (Renderer),105104872,0.692243917
2,dbgate,4.571,settle,78286,11692370055734,DbGate Helper,52200696,0.335873125
2,dbgate,4.571,settle,78287,11692370125750,DbGate Helper,51922168,0.326453000
2,dbgate,4.571,settle,78284,11692368224439,DbGate Helper,51397880,0.317887583
2,dbgate,4.571,settle,78298,11692376211536,com.apple.SafariPlatformSupport,9716312,0.102817500
2,dbgate,4.571,settle,78274,11692350053141,DbGate Helper,8012592,0.068668125
2,dbgate,4.822,settle,78273,11692349912629,DbGate Helper (GPU),202998792,0.367111292
2,dbgate,4.822,settle,78271,11692339245029,DbGate,121767688,0.894358750
2,dbgate,4.822,settle,78282,11692359334720,DbGate Helper (Renderer),105104872,0.697686625
2,dbgate,4.822,settle,78286,11692370055734,DbGate Helper,52200696,0.336293333
2,dbgate,4.822,settle,78287,11692370125750,DbGate Helper,51922168,0.326823917
2,dbgate,4.822,settle,78284,11692368224439,DbGate Helper,51397880,0.317887583
2,dbgate,4.822,settle,78298,11692376211536,com.apple.SafariPlatformSupport,9716312,0.102817500
2,dbgate,4.822,settle,78274,11692350053141,DbGate Helper,8012592,0.068668125
2,dbgate,5.076,settle,78273,11692349912629,DbGate Helper (GPU),203015176,0.379905333
2,dbgate,5.076,settle,78271,11692339245029,DbGate,121767688,0.896601500
2,dbgate,5.076,settle,78282,11692359334720,DbGate Helper (Renderer),105104872,0.707632042
2,dbgate,5.076,settle,78286,11692370055734,DbGate Helper,52200696,0.336293333
2,dbgate,5.076,settle,78287,11692370125750,DbGate Helper,51922168,0.326823917
2,dbgate,5.076,settle,78284,11692368224439,DbGate Helper,51397880,0.317887583
2,dbgate,5.076,settle,78298,11692376211536,com.apple.SafariPlatformSupport,9716312,0.102817500
2,dbgate,5.076,settle,78274,11692350053141,DbGate Helper,8012592,0.068668125
2,dbgate,5.331,settle,78273,11692349912629,DbGate Helper (GPU),202998792,0.388201958
2,dbgate,5.331,settle,78271,11692339245029,DbGate,121767688,0.896601500
2,dbgate,5.331,settle,78282,11692359334720,DbGate Helper (Renderer),105104872,0.714013125
2,dbgate,5.331,settle,78286,11692370055734,DbGate Helper,52200696,0.336293333
2,dbgate,5.331,settle,78287,11692370125750,DbGate Helper,51922168,0.326823917
2,dbgate,5.331,settle,78284,11692368224439,DbGate Helper,51397880,0.317887583
2,dbgate,5.331,settle,78298,11692376211536,com.apple.SafariPlatformSupport,9716312,0.102817500
2,dbgate,5.331,settle,78274,11692350053141,DbGate Helper,8012592,0.068668125
2,dbgate,5.586,settle,78273,11692349912629,DbGate Helper (GPU),203015176,0.396091333
2,dbgate,5.586,settle,78271,11692339245029,DbGate,121767688,0.897519250
2,dbgate,5.586,settle,78282,11692359334720,DbGate Helper (Renderer),105104872,0.720311250
2,dbgate,5.586,settle,78286,11692370055734,DbGate Helper,52200696,0.336293333
2,dbgate,5.586,settle,78287,11692370125750,DbGate Helper,51922168,0.326823917
2,dbgate,5.586,settle,78284,11692368224439,DbGate Helper,51397880,0.318302792
2,dbgate,5.586,settle,78298,11692376211536,com.apple.SafariPlatformSupport,9716312,0.102817500
2,dbgate,5.586,settle,78274,11692350053141,DbGate Helper,8012592,0.068784750
2,dbgate,5.841,settle,78273,11692349912629,DbGate Helper (GPU),202998792,0.402997083
2,dbgate,5.841,settle,78271,11692339245029,DbGate,121767688,0.898153333
2,dbgate,5.841,settle,78282,11692359334720,DbGate Helper (Renderer),105104872,0.726264417
2,dbgate,5.841,settle,78286,11692370055734,DbGate Helper,52200696,0.336590625
2,dbgate,5.841,settle,78287,11692370125750,DbGate Helper,51922168,0.327016583
2,dbgate,5.841,settle,78284,11692368224439,DbGate Helper,51397880,0.318302792
2,dbgate,5.841,settle,78298,11692376211536,com.apple.SafariPlatformSupport,9716312,0.102981417
2,dbgate,5.841,settle,78274,11692350053141,DbGate Helper,7963440,0.068876708
2,dbgate,6.093,query,78273,11692349912629,DbGate Helper (GPU),203015176,0.410800375
2,dbgate,6.093,query,78271,11692339245029,DbGate,121751328,0.898606125
2,dbgate,6.093,query,78282,11692359334720,DbGate Helper (Renderer),105104872,0.733470208
2,dbgate,6.093,query,78286,11692370055734,DbGate Helper,52200696,0.336590625
2,dbgate,6.093,query,78287,11692370125750,DbGate Helper,51922168,0.327016583
2,dbgate,6.093,query,78284,11692368224439,DbGate Helper,51397880,0.318302792
2,dbgate,6.093,query,78298,11692376211536,com.apple.SafariPlatformSupport,9716312,0.103102208
2,dbgate,6.093,query,78274,11692350053141,DbGate Helper,7963440,0.068876708
2,dbgate,6.348,query,78273,11692349912629,DbGate Helper (GPU),202998792,0.416481583
2,dbgate,6.348,query,78271,11692339245029,DbGate,121751328,0.899348625
2,dbgate,6.348,query,78282,11692359334720,DbGate Helper (Renderer),105088488,0.737737625
2,dbgate,6.348,query,78286,11692370055734,DbGate Helper,52200696,0.336590625
2,dbgate,6.348,query,78287,11692370125750,DbGate Helper,51922168,0.327016583
2,dbgate,6.348,query,78284,11692368224439,DbGate Helper,51332344,0.318439375
2,dbgate,6.348,query,78298,11692376211536,com.apple.SafariPlatformSupport,9716312,0.103102208
2,dbgate,6.348,query,78274,11692350053141,DbGate Helper,7963440,0.068876708
2,dbgate,6.601,query,78273,11692349912629,DbGate Helper (GPU),173212680,0.429963417
2,dbgate,6.601,query,78271,11692339245029,DbGate,121751328,0.902139542
2,dbgate,6.601,query,78282,11692359334720,DbGate Helper (Renderer),105104872,0.748664292
2,dbgate,6.601,query,78286,11692370055734,DbGate Helper,52200696,0.336590625
2,dbgate,6.601,query,78287,11692370125750,DbGate Helper,51922168,0.327016583
2,dbgate,6.601,query,78284,11692368224439,DbGate Helper,51332344,0.319252208
2,dbgate,6.601,query,78298,11692376211536,com.apple.SafariPlatformSupport,9716312,0.103102208
2,dbgate,6.601,query,78274,11692350053141,DbGate Helper,7963440,0.068876708
2,dbgate,6.856,query,78273,11692349912629,DbGate Helper (GPU),173212680,0.435849083
2,dbgate,6.856,query,78271,11692339245029,DbGate,121751328,0.902706583
2,dbgate,6.856,query,78282,11692359334720,DbGate Helper (Renderer),105104872,0.754338667
2,dbgate,6.856,query,78286,11692370055734,DbGate Helper,52118776,0.337078125
2,dbgate,6.856,query,78287,11692370125750,DbGate Helper,51840248,0.327482375
2,dbgate,6.856,query,78284,11692368224439,DbGate Helper,51332344,0.319252208
2,dbgate,6.856,query,78298,11692376211536,com.apple.SafariPlatformSupport,9716312,0.103638208
2,dbgate,6.856,query,78274,11692350053141,DbGate Helper,7963440,0.068876708
2,dbgate,7.112,query,78271,11692339245029,DbGate,121751328,0.903745125
2,dbgate,7.112,query,78273,11692349912629,DbGate Helper (GPU),114082824,0.450709542
2,dbgate,7.112,query,78282,11692359334720,DbGate Helper (Renderer),105121256,0.763173792
2,dbgate,7.112,query,78286,11692370055734,DbGate Helper,52118776,0.337078125
2,dbgate,7.112,query,78287,11692370125750,DbGate Helper,51840248,0.327482375
2,dbgate,7.112,query,78284,11692368224439,DbGate Helper,51332344,0.319252208
2,dbgate,7.112,query,78298,11692376211536,com.apple.SafariPlatformSupport,9716312,0.103638208
2,dbgate,7.112,query,78274,11692350053141,DbGate Helper,7963440,0.068876708
2,dbgate,7.367,query,78271,11692339245029,DbGate,121751328,0.903745125
2,dbgate,7.367,query,78273,11692349912629,DbGate Helper (GPU),114066440,0.457645917
2,dbgate,7.367,query,78282,11692359334720,DbGate Helper (Renderer),105121256,0.768658500
2,dbgate,7.367,query,78286,11692370055734,DbGate Helper,52118776,0.337078125
2,dbgate,7.367,query,78287,11692370125750,DbGate Helper,51840248,0.327482375
2,dbgate,7.367,query,78284,11692368224439,DbGate Helper,51332344,0.319252208
2,dbgate,7.367,query,78298,11692376211536,com.apple.SafariPlatformSupport,9716312,0.103638208
2,dbgate,7.367,query,78274,11692350053141,DbGate Helper,7963440,0.068876708
2,dbgate,7.622,query,78271,11692339245029,DbGate,121751328,0.905178417
2,dbgate,7.622,query,78282,11692359334720,DbGate Helper (Renderer),105137640,0.777044208
2,dbgate,7.622,query,78273,11692349912629,DbGate Helper (GPU),82527240,0.472417375
2,dbgate,7.622,query,78286,11692370055734,DbGate Helper,52135160,0.337942208
2,dbgate,7.622,query,78287,11692370125750,DbGate Helper,51840248,0.328364167
2,dbgate,7.622,query,78284,11692368224439,DbGate Helper,51332344,0.319775833
2,dbgate,7.622,query,78298,11692376211536,com.apple.SafariPlatformSupport,9716312,0.103638208
2,dbgate,7.622,query,78274,11692350053141,DbGate Helper,7963440,0.068876708
2,dbgate,7.875,query,78271,11692339245029,DbGate,121751328,0.905178417
2,dbgate,7.875,query,78282,11692359334720,DbGate Helper (Renderer),105137640,0.782021458
2,dbgate,7.875,query,78273,11692349912629,DbGate Helper (GPU),82527240,0.478596375
2,dbgate,7.875,query,78286,11692370055734,DbGate Helper,52135160,0.337942208
2,dbgate,7.875,query,78287,11692370125750,DbGate Helper,51840248,0.328364167
2,dbgate,7.875,query,78284,11692368224439,DbGate Helper,51332344,0.319775833
2,dbgate,7.875,query,78298,11692376211536,com.apple.SafariPlatformSupport,9716312,0.103638208
2,dbgate,7.875,query,78274,11692350053141,DbGate Helper,7963440,0.068876708
2,dbgate,8.130,query,78271,11692339245029,DbGate,121751328,0.905178417
2,dbgate,8.130,query,78282,11692359334720,DbGate Helper (Renderer),105137640,0.789542500
2,dbgate,8.130,query,78273,11692349912629,DbGate Helper (GPU),82543624,0.487877250
2,dbgate,8.130,query,78286,11692370055734,DbGate Helper,52135160,0.337942208
2,dbgate,8.130,query,78287,11692370125750,DbGate Helper,51840248,0.328364167
2,dbgate,8.130,query,78284,11692368224439,DbGate Helper,51332344,0.319775833
2,dbgate,8.130,query,78298,11692376211536,com.apple.SafariPlatformSupport,9716312,0.103638208
2,dbgate,8.130,query,78274,11692350053141,DbGate Helper,7963440,0.068876708
2,dbgate,8.384,query,78271,11692339245029,DbGate,121751328,0.905178417
2,dbgate,8.384,query,78282,11692359334720,DbGate Helper (Renderer),105137640,0.795734667
2,dbgate,8.384,query,78273,11692349912629,DbGate Helper (GPU),82527240,0.495021292
2,dbgate,8.384,query,78286,11692370055734,DbGate Helper,52135160,0.337942208
2,dbgate,8.384,query,78287,11692370125750,DbGate Helper,51840248,0.328364167
2,dbgate,8.384,query,78284,11692368224439,DbGate Helper,51332344,0.319775833
2,dbgate,8.384,query,78298,11692376211536,com.apple.SafariPlatformSupport,9716312,0.103638208
2,dbgate,8.384,query,78274,11692350053141,DbGate Helper,7963440,0.068876708
2,dbgate,8.634,query,78271,11692339245029,DbGate,121751328,0.905879583
2,dbgate,8.634,query,78282,11692359334720,DbGate Helper (Renderer),105137640,0.803026667
2,dbgate,8.634,query,78273,11692349912629,DbGate Helper (GPU),82527240,0.503038542
2,dbgate,8.634,query,78286,11692370055734,DbGate Helper,52135160,0.338163667
2,dbgate,8.634,query,78287,11692370125750,DbGate Helper,51840248,0.328551792
2,dbgate,8.634,query,78284,11692368224439,DbGate Helper,51332344,0.319954083
2,dbgate,8.634,query,78298,11692376211536,com.apple.SafariPlatformSupport,9716312,0.103638208
2,dbgate,8.634,query,78274,11692350053141,DbGate Helper,7963440,0.068876708
2,dbgate,8.889,query,78271,11692339245029,DbGate,121751328,0.908015417
2,dbgate,8.889,query,78282,11692359334720,DbGate Helper (Renderer),105137640,0.807906000
2,dbgate,8.889,query,78273,11692349912629,DbGate Helper (GPU),82527240,0.508538333
2,dbgate,8.889,query,78286,11692370055734,DbGate Helper,52135160,0.338163667
2,dbgate,8.889,query,78287,11692370125750,DbGate Helper,51840248,0.328551792
2,dbgate,8.889,query,78284,11692368224439,DbGate Helper,51332344,0.319954083
2,dbgate,8.889,query,78298,11692376211536,com.apple.SafariPlatformSupport,9716312,0.103638208
2,dbgate,8.889,query,78274,11692350053141,DbGate Helper,7963440,0.068876708
2,dbgate,9.144,query,78271,11692339245029,DbGate,121751328,0.908015417
2,dbgate,9.144,query,78282,11692359334720,DbGate Helper (Renderer),105137640,0.815244958
2,dbgate,9.144,query,78273,11692349912629,DbGate Helper (GPU),82510856,0.517780042
2,dbgate,9.144,query,78286,11692370055734,DbGate Helper,52135160,0.338163667
2,dbgate,9.144,query,78287,11692370125750,DbGate Helper,51840248,0.328551792
2,dbgate,9.144,query,78284,11692368224439,DbGate Helper,51332344,0.319954083
2,dbgate,9.144,query,78298,11692376211536,com.apple.SafariPlatformSupport,9699928,0.103935042
2,dbgate,9.144,query,78274,11692350053141,DbGate Helper,7963440,0.068876708
2,dbgate,9.399,query,78271,11692339245029,DbGate,121833248,0.909318875
2,dbgate,9.399,query,78282,11692359334720,DbGate Helper (Renderer),105137640,0.819530792
2,dbgate,9.399,query,78273,11692349912629,DbGate Helper (GPU),82494472,0.523443750
2,dbgate,9.399,query,78286,11692370055734,DbGate Helper,52135160,0.338163667
2,dbgate,9.399,query,78287,11692370125750,DbGate Helper,51840248,0.328551792
2,dbgate,9.399,query,78284,11692368224439,DbGate Helper,51332344,0.319954083
2,dbgate,9.399,query,78298,11692376211536,com.apple.SafariPlatformSupport,9699928,0.103935042
2,dbgate,9.399,query,78274,11692350053141,DbGate Helper,7963440,0.068876708
2,dbgate,9.652,query,78271,11692339245029,DbGate,121833248,0.909967375
2,dbgate,9.652,query,78282,11692359334720,DbGate Helper (Renderer),105137640,0.824628542
2,dbgate,9.652,query,78273,11692349912629,DbGate Helper (GPU),82494472,0.529792042
2,dbgate,9.652,query,78286,11692370055734,DbGate Helper,52135160,0.338512708
2,dbgate,9.652,query,78287,11692370125750,DbGate Helper,51840248,0.328862083
2,dbgate,9.652,query,78284,11692368224439,DbGate Helper,51348728,0.320529625
2,dbgate,9.652,query,78298,11692376211536,com.apple.SafariPlatformSupport,9699928,0.103935042
2,dbgate,9.652,query,78274,11692350053141,DbGate Helper,7963440,0.068876708
2,dbgate,9.907,query,78271,11692339245029,DbGate,121833248,0.909967375
2,dbgate,9.907,query,78282,11692359334720,DbGate Helper (Renderer),105137640,0.829489625
2,dbgate,9.907,query,78273,11692349912629,DbGate Helper (GPU),82510856,0.535073917
2,dbgate,9.907,query,78286,11692370055734,DbGate Helper,52135160,0.338512708
2,dbgate,9.907,query,78287,11692370125750,DbGate Helper,51840248,0.328862083
2,dbgate,9.907,query,78284,11692368224439,DbGate Helper,51348728,0.320529625
2,dbgate,9.907,query,78298,11692376211536,com.apple.SafariPlatformSupport,9699928,0.103935042
2,dbgate,9.907,query,78274,11692350053141,DbGate Helper,7963440,0.068876708
2,dbgate,10.160,query,78271,11692339245029,DbGate,121833248,0.909967375
2,dbgate,10.160,query,78282,11692359334720,DbGate Helper (Renderer),105137640,0.834065833
2,dbgate,10.160,query,78273,11692349912629,DbGate Helper (GPU),82510856,0.542726792
2,dbgate,10.160,query,78286,11692370055734,DbGate Helper,52135160,0.338512708
2,dbgate,10.160,query,78287,11692370125750,DbGate Helper,51840248,0.328862083
2,dbgate,10.160,query,78284,11692368224439,DbGate Helper,51348728,0.320529625
2,dbgate,10.160,query,78298,11692376211536,com.apple.SafariPlatformSupport,9699928,0.103935042
2,dbgate,10.160,query,78274,11692350053141,DbGate Helper,7963440,0.068876708
2,dbgate,10.415,query,78271,11692339245029,DbGate,121833248,0.909967375
2,dbgate,10.415,query,78282,11692359334720,DbGate Helper (Renderer),105137640,0.840963125
2,dbgate,10.415,query,78273,11692349912629,DbGate Helper (GPU),82494472,0.549210292
2,dbgate,10.415,query,78286,11692370055734,DbGate Helper,52135160,0.338512708
2,dbgate,10.415,query,78287,11692370125750,DbGate Helper,51840248,0.328862083
2,dbgate,10.415,query,78284,11692368224439,DbGate Helper,51348728,0.320529625
2,dbgate,10.415,query,78298,11692376211536,com.apple.SafariPlatformSupport,9699928,0.103935042
2,dbgate,10.415,query,78274,11692350053141,DbGate Helper,7963440,0.068876708
2,dbgate,10.668,query,78271,11692339245029,DbGate,121833248,0.912985042
2,dbgate,10.668,query,78282,11692359334720,DbGate Helper (Renderer),105137640,0.845103250
2,dbgate,10.668,query,78273,11692349912629,DbGate Helper (GPU),82494472,0.556655917
2,dbgate,10.668,query,78286,11692370055734,DbGate Helper,52135160,0.338859875
2,dbgate,10.668,query,78287,11692370125750,DbGate Helper,51840248,0.329208417
2,dbgate,10.668,query,78284,11692368224439,DbGate Helper,51348728,0.320732500
2,dbgate,10.668,query,78298,11692376211536,com.apple.SafariPlatformSupport,9699928,0.103935042
2,dbgate,10.668,query,78274,11692350053141,DbGate Helper,7963440,0.068876708
2,dbgate,10.923,query,78271,11692339245029,DbGate,121833248,0.913253375
2,dbgate,10.923,query,78282,11692359334720,DbGate Helper (Renderer),105137640,0.852107208
2,dbgate,10.923,query,78273,11692349912629,DbGate Helper (GPU),82510856,0.563971667
2,dbgate,10.923,query,78286,11692370055734,DbGate Helper,52135160,0.338859875
2,dbgate,10.923,query,78287,11692370125750,DbGate Helper,51840248,0.329208417
2,dbgate,10.923,query,78284,11692368224439,DbGate Helper,51348728,0.320732500
2,dbgate,10.923,query,78298,11692376211536,com.apple.SafariPlatformSupport,9699928,0.103935042
2,dbgate,10.923,query,78274,11692350053141,DbGate Helper,7963440,0.068876708
2,dbgate,11.174,query,78271,11692339245029,DbGate,121833248,0.913399125
2,dbgate,11.174,query,78282,11692359334720,DbGate Helper (Renderer),105137640,0.856744042
2,dbgate,11.174,query,78273,11692349912629,DbGate Helper (GPU),82510856,0.572928250
2,dbgate,11.174,query,78286,11692370055734,DbGate Helper,52135160,0.338859875
2,dbgate,11.174,query,78287,11692370125750,DbGate Helper,51840248,0.329208417
2,dbgate,11.174,query,78284,11692368224439,DbGate Helper,51348728,0.320732500
2,dbgate,11.174,query,78298,11692376211536,com.apple.SafariPlatformSupport,9699928,0.103935042
2,dbgate,11.174,query,78274,11692350053141,DbGate Helper,7963440,0.068876708
2,dbgate,11.428,query,78271,11692339245029,DbGate,121833248,0.913436875
2,dbgate,11.428,query,78282,11692359334720,DbGate Helper (Renderer),105154024,0.863738250
2,dbgate,11.428,query,78273,11692349912629,DbGate Helper (GPU),82510856,0.579173292
2,dbgate,11.428,query,78286,11692370055734,DbGate Helper,52135160,0.338859875
2,dbgate,11.428,query,78287,11692370125750,DbGate Helper,51840248,0.329208417
2,dbgate,11.428,query,78284,11692368224439,DbGate Helper,51348728,0.320732500
2,dbgate,11.428,query,78298,11692376211536,com.apple.SafariPlatformSupport,9699928,0.103935042
2,dbgate,11.428,query,78274,11692350053141,DbGate Helper,7963440,0.068876708
2,dbgate,11.683,query,78271,11692339245029,DbGate,121833248,0.915156125
2,dbgate,11.683,query,78282,11692359334720,DbGate Helper (Renderer),105154024,0.869299792
2,dbgate,11.683,query,78273,11692349912629,DbGate Helper (GPU),82494472,0.586665333
2,dbgate,11.683,query,78286,11692370055734,DbGate Helper,52135160,0.339293750
2,dbgate,11.683,query,78287,11692370125750,DbGate Helper,51840248,0.329598417
2,dbgate,11.683,query,78284,11692368224439,DbGate Helper,51348728,0.321227625
2,dbgate,11.683,query,78298,11692376211536,com.apple.SafariPlatformSupport,9699928,0.103935042
2,dbgate,11.683,query,78274,11692350053141,DbGate Helper,7963440,0.068876708
2,dbgate,11.935,query,78273,11692349912629,DbGate Helper (GPU),144638984,0.602130083
2,dbgate,11.935,query,78271,11692339245029,DbGate,118802208,0.939026125
2,dbgate,11.935,query,78282,11692359334720,DbGate Helper (Renderer),105399784,0.883883625
2,dbgate,11.935,query,78286,11692370055734,DbGate Helper,52135160,0.339293750
2,dbgate,11.935,query,78287,11692370125750,DbGate Helper,51840248,0.329598417
2,dbgate,11.935,query,78284,11692368224439,DbGate Helper,51348728,0.321227625
2,dbgate,11.935,query,78298,11692376211536,com.apple.SafariPlatformSupport,9699928,0.103935042
2,dbgate,11.935,query,78274,11692350053141,DbGate Helper,7963440,0.068876708
2,dbgate,12.186,query,78273,11692349912629,DbGate Helper (GPU),144622600,0.608648125
2,dbgate,12.186,query,78271,11692339245029,DbGate,120112928,0.965177500
2,dbgate,12.186,query,78282,11692359334720,DbGate Helper (Renderer),105399784,0.890583000
2,dbgate,12.186,query,78286,11692370055734,DbGate Helper,52135160,0.339293750
2,dbgate,12.186,query,78287,11692370125750,DbGate Helper,51840248,0.329598417
2,dbgate,12.186,query,78284,11692368224439,DbGate Helper,51348728,0.321227625
2,dbgate,12.186,query,78298,11692376211536,com.apple.SafariPlatformSupport,9699928,0.103935042
2,dbgate,12.186,query,78274,11692350053141,DbGate Helper,7963440,0.068876708
2,dbgate,12.442,query,78273,11692349912629,DbGate Helper (GPU),198181896,0.619677708
2,dbgate,12.442,query,78271,11692339245029,DbGate,120719136,0.985069458
2,dbgate,12.442,query,78282,11692359334720,DbGate Helper (Renderer),106005992,0.906867875
2,dbgate,12.442,query,78286,11692370055734,DbGate Helper,52135160,0.339293750
2,dbgate,12.442,query,78287,11692370125750,DbGate Helper,51840248,0.329598417
2,dbgate,12.442,query,78284,11692368224439,DbGate Helper,51348728,0.321227625
2,dbgate,12.442,query,78298,11692376211536,com.apple.SafariPlatformSupport,9699928,0.103935042
2,dbgate,12.442,query,78274,11692350053141,DbGate Helper,7963440,0.069182500
2,dbgate,12.697,query,78273,11692349912629,DbGate Helper (GPU),198263816,0.634529292
2,dbgate,12.697,query,78271,11692339245029,DbGate,120735520,0.992486792
2,dbgate,12.697,query,78282,11692359334720,DbGate Helper (Renderer),106120680,0.924824875
2,dbgate,12.697,query,78286,11692370055734,DbGate Helper,52135160,0.339602708
2,dbgate,12.697,query,78287,11692370125750,DbGate Helper,51840248,0.329864917
2,dbgate,12.697,query,78284,11692368224439,DbGate Helper,51348728,0.321522958
2,dbgate,12.697,query,78298,11692376211536,com.apple.SafariPlatformSupport,9699928,0.103935042
2,dbgate,12.697,query,78274,11692350053141,DbGate Helper,7963440,0.069182500
2,dbgate,12.952,query,78273,11692349912629,DbGate Helper (GPU),198263816,0.645308458
2,dbgate,12.952,query,78271,11692339245029,DbGate,120735520,0.994257958
2,dbgate,12.952,query,78282,11692359334720,DbGate Helper (Renderer),106284520,0.938413583
2,dbgate,12.952,query,78286,11692370055734,DbGate Helper,52135160,0.339602708
2,dbgate,12.952,query,78287,11692370125750,DbGate Helper,51840248,0.329864917
2,dbgate,12.952,query,78284,11692368224439,DbGate Helper,51348728,0.321522958
2,dbgate,12.952,query,78298,11692376211536,com.apple.SafariPlatformSupport,9699928,0.103935042
2,dbgate,12.952,query,78274,11692350053141,DbGate Helper,7963440,0.069296208
2,dbgate,13.207,query,78273,11692349912629,DbGate Helper (GPU),216777736,0.679551000
2,dbgate,13.207,query,78271,11692339245029,DbGate,121472800,1.018466333
2,dbgate,13.207,query,78282,11692359334720,DbGate Helper (Renderer),107890152,0.994429875
2,dbgate,13.207,query,78286,11692370055734,DbGate Helper,52135160,0.339602708
2,dbgate,13.207,query,78287,11692370125750,DbGate Helper,51840248,0.329864917
2,dbgate,13.207,query,78284,11692368224439,DbGate Helper,51348728,0.321522958
2,dbgate,13.207,query,78352,11692651155908,DbGate Helper,37373080,0.161446417
2,dbgate,13.207,query,78298,11692376211536,com.apple.SafariPlatformSupport,9699928,0.103935042
2,dbgate,13.207,query,78274,11692350053141,DbGate Helper,7963440,0.069296208
2,dbgate,13.460,query,78273,11692349912629,DbGate Helper (GPU),219497480,0.692955458
2,dbgate,13.460,query,78271,11692339245029,DbGate,122062624,1.035769667
2,dbgate,13.460,query,78282,11692359334720,DbGate Helper (Renderer),115901928,1.051358292
2,dbgate,13.460,query,78352,11692651155908,DbGate Helper,57656568,0.369020250
2,dbgate,13.460,query,78286,11692370055734,DbGate Helper,52135160,0.339602708
2,dbgate,13.460,query,78287,11692370125750,DbGate Helper,51840248,0.329864917
2,dbgate,13.460,query,78284,11692368224439,DbGate Helper,51348728,0.321522958
2,dbgate,13.460,query,78298,11692376211536,com.apple.SafariPlatformSupport,9699928,0.103935042
2,dbgate,13.460,query,78274,11692350053141,DbGate Helper,7963440,0.069296208
2,dbgate,13.715,query,78273,11692349912629,DbGate Helper (GPU),255296544,0.728337583
2,dbgate,13.715,query,78271,11692339245029,DbGate,122259232,1.041912917
2,dbgate,13.715,query,78282,11692359334720,DbGate Helper (Renderer),120358376,1.101536167
2,dbgate,13.715,query,78352,11692651155908,DbGate Helper,57656568,0.369264833
2,dbgate,13.715,query,78286,11692370055734,DbGate Helper,52135160,0.339793083
2,dbgate,13.715,query,78287,11692370125750,DbGate Helper,51840248,0.329968083
2,dbgate,13.715,query,78284,11692368224439,DbGate Helper,51348728,0.321624708
2,dbgate,13.715,query,78298,11692376211536,com.apple.SafariPlatformSupport,9699928,0.103935042
2,dbgate,13.715,query,78274,11692350053141,DbGate Helper,7963440,0.069296208
2,dbgate,13.967,query,78273,11692349912629,DbGate Helper (GPU),255296544,0.736563833
2,dbgate,13.967,query,78271,11692339245029,DbGate,122259232,1.042038708
2,dbgate,13.967,query,78282,11692359334720,DbGate Helper (Renderer),120374760,1.112811958
2,dbgate,13.967,query,78352,11692651155908,DbGate Helper,57656568,0.369264833
2,dbgate,13.967,query,78286,11692370055734,DbGate Helper,52135160,0.339793083
2,dbgate,13.967,query,78287,11692370125750,DbGate Helper,51840248,0.329968083
2,dbgate,13.967,query,78284,11692368224439,DbGate Helper,51348728,0.321624708
2,dbgate,13.967,query,78298,11692376211536,com.apple.SafariPlatformSupport,9699928,0.103935042
2,dbgate,13.967,query,78274,11692350053141,DbGate Helper,7963440,0.069296208
2,dbgate,14.219,query,78273,11692349912629,DbGate Helper (GPU),255951904,0.771103583
2,dbgate,14.219,query,78282,11692359334720,DbGate Helper (Renderer),126125544,1.249324833
2,dbgate,14.219,query,78271,11692339245029,DbGate,122275616,1.057520167
2,dbgate,14.219,query,78352,11692651155908,DbGate Helper,57656568,0.369264833
2,dbgate,14.219,query,78286,11692370055734,DbGate Helper,52135160,0.339793083
2,dbgate,14.219,query,78287,11692370125750,DbGate Helper,51840248,0.329968083
2,dbgate,14.219,query,78284,11692368224439,DbGate Helper,51348728,0.321624708
2,dbgate,14.219,query,78298,11692376211536,com.apple.SafariPlatformSupport,9699928,0.103935042
2,dbgate,14.219,query,78274,11692350053141,DbGate Helper,7963440,0.069296208
2,dbgate,14.474,query,78273,11692349912629,DbGate Helper (GPU),276071480,0.889549083
2,dbgate,14.474,query,78282,11692359334720,DbGate Helper (Renderer),128402944,1.385027875
2,dbgate,14.474,query,78271,11692339245029,DbGate,122242848,1.073744250
2,dbgate,14.474,query,78352,11692651155908,DbGate Helper,57656568,0.369564167
2,dbgate,14.474,query,78286,11692370055734,DbGate Helper,52135160,0.339793083
2,dbgate,14.474,query,78287,11692370125750,DbGate Helper,51840248,0.329968083
2,dbgate,14.474,query,78284,11692368224439,DbGate Helper,51348728,0.321624708
2,dbgate,14.474,query,78298,11692376211536,com.apple.SafariPlatformSupport,9699928,0.103935042
2,dbgate,14.474,query,78274,11692350053141,DbGate Helper,7652144,0.069503583
2,dbgate,14.727,query,78273,11692349912629,DbGate Helper (GPU),278987832,1.002748917
2,dbgate,14.727,query,78282,11692359334720,DbGate Helper (Renderer),133416448,1.504676667
2,dbgate,14.727,query,78271,11692339245029,DbGate,122242848,1.089323417
2,dbgate,14.727,query,78352,11692651155908,DbGate Helper,57656568,0.369564167
2,dbgate,14.727,query,78286,11692370055734,DbGate Helper,52135160,0.339893750
2,dbgate,14.727,query,78287,11692370125750,DbGate Helper,51840248,0.330063125
2,dbgate,14.727,query,78284,11692368224439,DbGate Helper,51348728,0.321731792
2,dbgate,14.727,query,78298,11692376211536,com.apple.SafariPlatformSupport,9699928,0.103935042
2,dbgate,14.727,query,78274,11692350053141,DbGate Helper,7652144,0.069503583
2,dbgate,14.982,query,78273,11692349912629,DbGate Helper (GPU),278905912,1.103155292
2,dbgate,14.982,query,78282,11692359334720,DbGate Helper (Renderer),134891008,1.670004625
2,dbgate,14.982,query,78271,11692339245029,DbGate,122242848,1.103072125
2,dbgate,14.982,query,78352,11692651155908,DbGate Helper,57656568,0.369564167
2,dbgate,14.982,query,78286,11692370055734,DbGate Helper,52135160,0.339893750
2,dbgate,14.982,query,78287,11692370125750,DbGate Helper,51840248,0.330063125
2,dbgate,14.982,query,78284,11692368224439,DbGate Helper,51348728,0.321731792
2,dbgate,14.982,query,78298,11692376211536,com.apple.SafariPlatformSupport,9699928,0.103935042
2,dbgate,14.982,query,78274,11692350053141,DbGate Helper,7652144,0.069503583
2,dbgate,15.234,query,78273,11692349912629,DbGate Helper (GPU),278922296,1.205652583
2,dbgate,15.234,query,78282,11692359334720,DbGate Helper (Renderer),137004544,1.803973125
2,dbgate,15.234,query,78271,11692339245029,DbGate,122242848,1.117371667
2,dbgate,15.234,query,78352,11692651155908,DbGate Helper,57656568,0.369564167
2,dbgate,15.234,query,78286,11692370055734,DbGate Helper,52135160,0.339893750
2,dbgate,15.234,query,78287,11692370125750,DbGate Helper,51840248,0.330063125
2,dbgate,15.234,query,78284,11692368224439,DbGate Helper,51348728,0.321731792
2,dbgate,15.234,query,78298,11692376211536,com.apple.SafariPlatformSupport,9699928,0.103935042
2,dbgate,15.234,query,78274,11692350053141,DbGate Helper,7652144,0.069503583
2,dbgate,15.484,query,78273,11692349912629,DbGate Helper (GPU),278938680,1.314501458
2,dbgate,15.484,query,78282,11692359334720,DbGate Helper (Renderer),144360984,1.926148458
2,dbgate,15.484,query,78271,11692339245029,DbGate,122242848,1.131086708
2,dbgate,15.484,query,78352,11692651155908,DbGate Helper,57656568,0.369684792
2,dbgate,15.484,query,78286,11692370055734,DbGate Helper,52135160,0.339893750
2,dbgate,15.484,query,78287,11692370125750,DbGate Helper,51840248,0.330063125
2,dbgate,15.484,query,78284,11692368224439,DbGate Helper,51348728,0.321731792
2,dbgate,15.484,query,78298,11692376211536,com.apple.SafariPlatformSupport,9699928,0.103935042
2,dbgate,15.484,query,78274,11692350053141,DbGate Helper,7652144,0.069503583
2,dbgate,15.735,query,78273,11692349912629,DbGate Helper (GPU),278955064,1.422188208
2,dbgate,15.735,query,78282,11692359334720,DbGate Helper (Renderer),148407856,2.022238875
2,dbgate,15.735,query,78271,11692339245029,DbGate,122242848,1.147831125
2,dbgate,15.735,query,78352,11692651155908,DbGate Helper,57656568,0.369684792
2,dbgate,15.735,query,78286,11692370055734,DbGate Helper,52135160,0.339995000
2,dbgate,15.735,query,78287,11692370125750,DbGate Helper,51840248,0.330148458
2,dbgate,15.735,query,78284,11692368224439,DbGate Helper,51348728,0.321836375
2,dbgate,15.735,query,78298,11692376211536,com.apple.SafariPlatformSupport,9699928,0.103935042
2,dbgate,15.735,query,78274,11692350053141,DbGate Helper,7652144,0.069503583
2,dbgate,15.990,query,78273,11692349912629,DbGate Helper (GPU),283165752,1.509216583
2,dbgate,15.990,query,78282,11692359334720,DbGate Helper (Renderer),153355824,2.111834958
2,dbgate,15.990,query,78271,11692339245029,DbGate,122242848,1.156617750
2,dbgate,15.990,query,78352,11692651155908,DbGate Helper,57656568,0.369684792
2,dbgate,15.990,query,78286,11692370055734,DbGate Helper,52135160,0.339995000
2,dbgate,15.990,query,78287,11692370125750,DbGate Helper,51840248,0.330148458
2,dbgate,15.990,query,78284,11692368224439,DbGate Helper,51348728,0.321836375
2,dbgate,15.990,query,78298,11692376211536,com.apple.SafariPlatformSupport,9699928,0.103935042
2,dbgate,15.990,query,78274,11692350053141,DbGate Helper,7652144,0.069503583
2,dbgate,16.243,query,78273,11692349912629,DbGate Helper (GPU),292275256,1.594010375
2,dbgate,16.243,query,78282,11692359334720,DbGate Helper (Renderer),157861424,2.186369250
2,dbgate,16.243,query,78271,11692339245029,DbGate,122242848,1.168911750
2,dbgate,16.243,query,78352,11692651155908,DbGate Helper,57656568,0.369684792
2,dbgate,16.243,query,78286,11692370055734,DbGate Helper,52135160,0.339995000
2,dbgate,16.243,query,78287,11692370125750,DbGate Helper,51840248,0.330148458
2,dbgate,16.243,query,78284,11692368224439,DbGate Helper,51348728,0.321836375
2,dbgate,16.243,query,78298,11692376211536,com.apple.SafariPlatformSupport,9699928,0.103935042
2,dbgate,16.243,query,78274,11692350053141,DbGate Helper,7652144,0.069503583
2,dbgate,16.494,query,78273,11692349912629,DbGate Helper (GPU),292291640,1.633577375
2,dbgate,16.494,query,78282,11692359334720,DbGate Helper (Renderer),164398640,2.272237417
2,dbgate,16.494,query,78271,11692339245029,DbGate,122275616,1.183071042
2,dbgate,16.494,query,78352,11692651155908,DbGate Helper,57656568,0.370025833
2,dbgate,16.494,query,78286,11692370055734,DbGate Helper,52135160,0.339995000
2,dbgate,16.494,query,78287,11692370125750,DbGate Helper,51840248,0.330148458
2,dbgate,16.494,query,78284,11692368224439,DbGate Helper,51348728,0.321836375
2,dbgate,16.494,query,78298,11692376211536,com.apple.SafariPlatformSupport,9699928,0.103935042
2,dbgate,16.494,query,78274,11692350053141,DbGate Helper,7652144,0.069503583
2,dbgate,16.749,query,78273,11692349912629,DbGate Helper (GPU),292291640,1.678635708
2,dbgate,16.749,query,78282,11692359334720,DbGate Helper (Renderer),168707632,2.358527542
2,dbgate,16.749,query,78271,11692339245029,DbGate,122259232,1.201500333
2,dbgate,16.749,query,78352,11692651155908,DbGate Helper,57656568,0.370025833
2,dbgate,16.749,query,78286,11692370055734,DbGate Helper,52135160,0.340135125
2,dbgate,16.749,query,78287,11692370125750,DbGate Helper,51840248,0.330248000
2,dbgate,16.749,query,78284,11692368224439,DbGate Helper,51348728,0.321972750
2,dbgate,16.749,query,78298,11692376211536,com.apple.SafariPlatformSupport,9699928,0.103935042
2,dbgate,16.749,query,78274,11692350053141,DbGate Helper,7652144,0.069503583
2,dbgate,17.004,query,78273,11692349912629,DbGate Helper (GPU),292209720,1.724053792
2,dbgate,17.004,query,78282,11692359334720,DbGate Helper (Renderer),172328496,2.438185250
2,dbgate,17.004,query,78271,11692339245029,DbGate,122275616,1.216015875
2,dbgate,17.004,query,78352,11692651155908,DbGate Helper,57656568,0.370025833
2,dbgate,17.004,query,78286,11692370055734,DbGate Helper,52135160,0.340135125
2,dbgate,17.004,query,78287,11692370125750,DbGate Helper,51840248,0.330248000
2,dbgate,17.004,query,78284,11692368224439,DbGate Helper,51348728,0.321972750
2,dbgate,17.004,query,78298,11692376211536,com.apple.SafariPlatformSupport,9699928,0.103935042
2,dbgate,17.004,query,78274,11692350053141,DbGate Helper,7652144,0.069503583
2,dbgate,17.259,query,78273,11692349912629,DbGate Helper (GPU),292176952,1.762084250
2,dbgate,17.259,query,78282,11692359334720,DbGate Helper (Renderer),174900784,2.505281458
2,dbgate,17.259,query,78271,11692339245029,DbGate,122275616,1.229880083
2,dbgate,17.259,query,78352,11692651155908,DbGate Helper,57656568,0.370025833
2,dbgate,17.259,query,78286,11692370055734,DbGate Helper,52135160,0.340135125
2,dbgate,17.259,query,78287,11692370125750,DbGate Helper,51840248,0.330248000
2,dbgate,17.259,query,78284,11692368224439,DbGate Helper,51348728,0.321972750
2,dbgate,17.259,query,78298,11692376211536,com.apple.SafariPlatformSupport,9699928,0.103935042
2,dbgate,17.259,query,78274,11692350053141,DbGate Helper,7652144,0.069503583
2,dbgate,17.510,query,78273,11692349912629,DbGate Helper (GPU),292193336,1.809188208
2,dbgate,17.510,query,78282,11692359334720,DbGate Helper (Renderer),178980400,2.591461667
2,dbgate,17.510,query,78271,11692339245029,DbGate,122275616,1.246340833
2,dbgate,17.510,query,78352,11692651155908,DbGate Helper,57656568,0.370246667
2,dbgate,17.510,query,78286,11692370055734,DbGate Helper,52135160,0.340135125
2,dbgate,17.510,query,78287,11692370125750,DbGate Helper,51840248,0.330248000
2,dbgate,17.510,query,78284,11692368224439,DbGate Helper,51348728,0.321972750
2,dbgate,17.510,query,78298,11692376211536,com.apple.SafariPlatformSupport,9699928,0.103935042
2,dbgate,17.510,query,78274,11692350053141,DbGate Helper,7652144,0.069503583
2,dbgate,17.761,query,78273,11692349912629,DbGate Helper (GPU),292193336,1.842134500
2,dbgate,17.761,query,78282,11692359334720,DbGate Helper (Renderer),181356080,2.648566708
2,dbgate,17.761,query,78271,11692339245029,DbGate,122275616,1.259178917
2,dbgate,17.761,query,78352,11692651155908,DbGate Helper,57656568,0.370246667
2,dbgate,17.761,query,78286,11692370055734,DbGate Helper,52135160,0.340237542
2,dbgate,17.761,query,78287,11692370125750,DbGate Helper,51840248,0.330422792
2,dbgate,17.761,query,78284,11692368224439,DbGate Helper,51348728,0.322127042
2,dbgate,17.761,query,78298,11692376211536,com.apple.SafariPlatformSupport,9699928,0.103935042
2,dbgate,17.761,query,78274,11692350053141,DbGate Helper,7652144,0.069503583
2,dbgate,18.016,query,78273,11692349912629,DbGate Helper (GPU),255329336,1.895447917
2,dbgate,18.016,query,78282,11692359334720,DbGate Helper (Renderer),185189936,2.739152167
2,dbgate,18.016,query,78271,11692339245029,DbGate,122275616,1.276109292
2,dbgate,18.016,query,78352,11692651155908,DbGate Helper,57656568,0.370246667
2,dbgate,18.016,query,78286,11692370055734,DbGate Helper,52135160,0.340237542
2,dbgate,18.016,query,78287,11692370125750,DbGate Helper,51840248,0.330422792
2,dbgate,18.016,query,78284,11692368224439,DbGate Helper,51348728,0.322127042
2,dbgate,18.016,query,78298,11692376211536,com.apple.SafariPlatformSupport,9699928,0.103935042
2,dbgate,18.016,query,78274,11692350053141,DbGate Helper,7652144,0.069503583
2,dbgate,18.267,query,78273,11692349912629,DbGate Helper (GPU),255099960,1.941950917
2,dbgate,18.267,query,78282,11692359334720,DbGate Helper (Renderer),188679752,2.822105458
2,dbgate,18.267,query,78271,11692339245029,DbGate,122275616,1.292617792
2,dbgate,18.267,query,78352,11692651155908,DbGate Helper,57656568,0.370246667
2,dbgate,18.267,query,78286,11692370055734,DbGate Helper,52135160,0.340237542
2,dbgate,18.267,query,78287,11692370125750,DbGate Helper,51840248,0.330422792
2,dbgate,18.267,query,78284,11692368224439,DbGate Helper,51348728,0.322127042
2,dbgate,18.267,query,78298,11692376211536,com.apple.SafariPlatformSupport,9699928,0.103935042
2,dbgate,18.267,query,78274,11692350053141,DbGate Helper,7652144,0.069503583
2,dbgate,18.520,query,78282,11692359334720,DbGate Helper (Renderer),190563912,2.873855125
2,dbgate,18.520,query,78273,11692349912629,DbGate Helper (GPU),188515384,1.976512833
2,dbgate,18.520,query,78271,11692339245029,DbGate,122275616,1.303794708
2,dbgate,18.520,query,78352,11692651155908,DbGate Helper,57607416,0.370661333
2,dbgate,18.520,query,78286,11692370055734,DbGate Helper,52135160,0.340237542
2,dbgate,18.520,query,78287,11692370125750,DbGate Helper,51840248,0.330422792
2,dbgate,18.520,query,78284,11692368224439,DbGate Helper,51348728,0.322127042
2,dbgate,18.520,query,78298,11692376211536,com.apple.SafariPlatformSupport,9699928,0.103935042
2,dbgate,18.520,query,78274,11692350053141,DbGate Helper,7652144,0.069503583
2,dbgate,18.775,query,78282,11692359334720,DbGate Helper (Renderer),191972936,3.052109208
2,dbgate,18.775,query,78273,11692349912629,DbGate Helper (GPU),172196920,2.025177500
2,dbgate,18.775,query,78271,11692339245029,DbGate,122275616,1.321822625
2,dbgate,18.775,query,78352,11692651155908,DbGate Helper,57607416,0.370661333
2,dbgate,18.775,query,78286,11692370055734,DbGate Helper,52135160,0.340330000
2,dbgate,18.775,query,78287,11692370125750,DbGate Helper,51840248,0.330570917
2,dbgate,18.775,query,78284,11692368224439,DbGate Helper,51348728,0.322240083
2,dbgate,18.775,query,78298,11692376211536,com.apple.SafariPlatformSupport,9699928,0.103935042
2,dbgate,18.775,query,78274,11692350053141,DbGate Helper,7652144,0.069503583
2,dbgate,19.027,query,78282,11692359334720,DbGate Helper (Renderer),192005704,3.124776792
2,dbgate,19.027,query,78273,11692349912629,DbGate Helper (GPU),172196920,2.066987000
2,dbgate,19.027,query,78271,11692339245029,DbGate,122292000,1.335841042
2,dbgate,19.027,query,78352,11692651155908,DbGate Helper,57607416,0.370661333
2,dbgate,19.027,query,78286,11692370055734,DbGate Helper,52135160,0.340330000
2,dbgate,19.027,query,78287,11692370125750,DbGate Helper,51840248,0.330570917
2,dbgate,19.027,query,78284,11692368224439,DbGate Helper,51348728,0.322240083
2,dbgate,19.027,query,78298,11692376211536,com.apple.SafariPlatformSupport,9699928,0.103935042
2,dbgate,19.027,query,78274,11692350053141,DbGate Helper,7652144,0.069503583
2,dbgate,19.283,query,78282,11692359334720,DbGate Helper (Renderer),192071240,3.176565208
2,dbgate,19.283,query,78273,11692349912629,DbGate Helper (GPU),172196920,2.098947583
2,dbgate,19.283,query,78271,11692339245029,DbGate,122292000,1.345871250
2,dbgate,19.283,query,78352,11692651155908,DbGate Helper,57607416,0.370661333
2,dbgate,19.283,query,78286,11692370055734,DbGate Helper,52135160,0.340330000
2,dbgate,19.283,query,78287,11692370125750,DbGate Helper,51840248,0.330570917
2,dbgate,19.283,query,78284,11692368224439,DbGate Helper,51348728,0.322240083
2,dbgate,19.283,query,78298,11692376211536,com.apple.SafariPlatformSupport,9699928,0.103935042
2,dbgate,19.283,query,78274,11692350053141,DbGate Helper,7652144,0.069503583
2,dbgate,19.534,query,78282,11692359334720,DbGate Helper (Renderer),192071240,3.185893708
2,dbgate,19.534,query,78273,11692349912629,DbGate Helper (GPU),160646200,2.109100708
2,dbgate,19.534,query,78271,11692339245029,DbGate,122292000,1.347512792
2,dbgate,19.534,query,78352,11692651155908,DbGate Helper,57607416,0.371098708
2,dbgate,19.534,query,78286,11692370055734,DbGate Helper,52135160,0.340330000
2,dbgate,19.534,query,78287,11692370125750,DbGate Helper,51840248,0.330570917
2,dbgate,19.534,query,78284,11692368224439,DbGate Helper,51348728,0.322240083
2,dbgate,19.534,query,78298,11692376211536,com.apple.SafariPlatformSupport,9699928,0.103935042
2,dbgate,19.534,query,78274,11692350053141,DbGate Helper,7652144,0.069503583
2,dbgate,19.790,after-query,78282,11692359334720,DbGate Helper (Renderer),192071240,3.194256708
2,dbgate,19.790,after-query,78273,11692349912629,DbGate Helper (GPU),160105528,2.117840583
2,dbgate,19.790,after-query,78271,11692339245029,DbGate,122292000,1.348637792
2,dbgate,19.790,after-query,78352,11692651155908,DbGate Helper,57607416,0.371098708
2,dbgate,19.790,after-query,78286,11692370055734,DbGate Helper,52135160,0.340485875
2,dbgate,19.790,after-query,78287,11692370125750,DbGate Helper,51840248,0.330782375
2,dbgate,19.790,after-query,78284,11692368224439,DbGate Helper,51348728,0.322476625
2,dbgate,19.790,after-query,78298,11692376211536,com.apple.SafariPlatformSupport,9699928,0.103935042
2,dbgate,19.790,after-query,78274,11692350053141,DbGate Helper,7652144,0.069503583
2,dbgate,20.045,after-query,78282,11692359334720,DbGate Helper (Renderer),192071240,3.200937083
2,dbgate,20.045,after-query,78273,11692349912629,DbGate Helper (GPU),160089144,2.124478875
2,dbgate,20.045,after-query,78271,11692339245029,DbGate,122292000,1.348637792
2,dbgate,20.045,after-query,78352,11692651155908,DbGate Helper,57607416,0.371098708
2,dbgate,20.045,after-query,78286,11692370055734,DbGate Helper,52135160,0.340485875
2,dbgate,20.045,after-query,78287,11692370125750,DbGate Helper,51840248,0.330782375
2,dbgate,20.045,after-query,78284,11692368224439,DbGate Helper,51348728,0.322476625
2,dbgate,20.045,after-query,78298,11692376211536,com.apple.SafariPlatformSupport,9699928,0.103935042
2,dbgate,20.045,after-query,78274,11692350053141,DbGate Helper,7652144,0.069503583
2,dbgate,20.300,after-query,78282,11692359334720,DbGate Helper (Renderer),192071240,3.208614792
2,dbgate,20.300,after-query,78273,11692349912629,DbGate Helper (GPU),157631544,2.133061958
2,dbgate,20.300,after-query,78271,11692339245029,DbGate,122292000,1.348637792
2,dbgate,20.300,after-query,78352,11692651155908,DbGate Helper,57607416,0.371098708
2,dbgate,20.300,after-query,78286,11692370055734,DbGate Helper,52135160,0.340485875
2,dbgate,20.300,after-query,78287,11692370125750,DbGate Helper,51840248,0.330782375
2,dbgate,20.300,after-query,78284,11692368224439,DbGate Helper,51348728,0.322476625
2,dbgate,20.300,after-query,78298,11692376211536,com.apple.SafariPlatformSupport,9699928,0.103935042
2,dbgate,20.300,after-query,78274,11692350053141,DbGate Helper,7652144,0.069503583
2,dbgate,20.551,after-query,78282,11692359334720,DbGate Helper (Renderer),192071240,3.214396875
2,dbgate,20.551,after-query,78273,11692349912629,DbGate Helper (GPU),152388664,2.138939000
2,dbgate,20.551,after-query,78271,11692339245029,DbGate,122292000,1.349180708
2,dbgate,20.551,after-query,78352,11692651155908,DbGate Helper,57607416,0.371454542
2,dbgate,20.551,after-query,78286,11692370055734,DbGate Helper,52135160,0.340485875
2,dbgate,20.551,after-query,78287,11692370125750,DbGate Helper,51840248,0.330782375
2,dbgate,20.551,after-query,78284,11692368224439,DbGate Helper,51348728,0.322476625
2,dbgate,20.551,after-query,78298,11692376211536,com.apple.SafariPlatformSupport,9699928,0.103935042
2,dbgate,20.551,after-query,78274,11692350053141,DbGate Helper,7652144,0.069503583
2,dbgate,20.803,after-query,78282,11692359334720,DbGate Helper (Renderer),192071240,3.221955208
2,dbgate,20.803,after-query,78273,11692349912629,DbGate Helper (GPU),152372280,2.148218125
2,dbgate,20.803,after-query,78271,11692339245029,DbGate,122292000,1.350010667
2,dbgate,20.803,after-query,78352,11692651155908,DbGate Helper,57607416,0.371454542
2,dbgate,20.803,after-query,78286,11692370055734,DbGate Helper,52135160,0.340637208
2,dbgate,20.803,after-query,78287,11692370125750,DbGate Helper,51840248,0.331007083
2,dbgate,20.803,after-query,78284,11692368224439,DbGate Helper,51348728,0.322641750
2,dbgate,20.803,after-query,78298,11692376211536,com.apple.SafariPlatformSupport,9699928,0.103935042
2,dbgate,20.803,after-query,78274,11692350053141,DbGate Helper,7652144,0.069503583
2,dbgate,21.059,after-query,78282,11692359334720,DbGate Helper (Renderer),191514160,3.229611792
2,dbgate,21.059,after-query,78273,11692349912629,DbGate Helper (GPU),134874168,2.159797292
2,dbgate,21.059,after-query,78271,11692339245029,DbGate,122292000,1.350010667
2,dbgate,21.059,after-query,78352,11692651155908,DbGate Helper,57607416,0.371454542
2,dbgate,21.059,after-query,78286,11692370055734,DbGate Helper,52135160,0.340637208
2,dbgate,21.059,after-query,78287,11692370125750,DbGate Helper,51840248,0.331007083
2,dbgate,21.059,after-query,78284,11692368224439,DbGate Helper,51348728,0.322641750
2,dbgate,21.059,after-query,78298,11692376211536,com.apple.SafariPlatformSupport,9699928,0.103935042
2,dbgate,21.059,after-query,78274,11692350053141,DbGate Helper,7652144,0.069503583
2,dbgate,21.314,after-query,78282,11692359334720,DbGate Helper (Renderer),191514160,3.239233750
2,dbgate,21.314,after-query,78273,11692349912629,DbGate Helper (GPU),134874168,2.169455542
2,dbgate,21.314,after-query,78271,11692339245029,DbGate,122292000,1.351645500
2,dbgate,21.314,after-query,78352,11692651155908,DbGate Helper,57607416,0.371454542
2,dbgate,21.314,after-query,78286,11692370055734,DbGate Helper,52135160,0.340637208
2,dbgate,21.314,after-query,78287,11692370125750,DbGate Helper,51905784,0.331585833
2,dbgate,21.314,after-query,78284,11692368224439,DbGate Helper,51348728,0.322641750
2,dbgate,21.314,after-query,78298,11692376211536,com.apple.SafariPlatformSupport,9699928,0.103935042
2,dbgate,21.314,after-query,78274,11692350053141,DbGate Helper,7652144,0.069503583
2,dbgate,21.569,after-query,78282,11692359334720,DbGate Helper (Renderer),191514160,3.247820333
2,dbgate,21.569,after-query,78273,11692349912629,DbGate Helper (GPU),134874168,2.176058417
2,dbgate,21.569,after-query,78271,11692339245029,DbGate,122292000,1.352671375
2,dbgate,21.569,after-query,78352,11692651155908,DbGate Helper,57607416,0.372151708
2,dbgate,21.569,after-query,78286,11692370055734,DbGate Helper,52135160,0.340637208
2,dbgate,21.569,after-query,78287,11692370125750,DbGate Helper,51905784,0.331585833
2,dbgate,21.569,after-query,78284,11692368224439,DbGate Helper,51348728,0.322975958
2,dbgate,21.569,after-query,78298,11692376211536,com.apple.SafariPlatformSupport,9699928,0.103935042
2,dbgate,21.569,after-query,78274,11692350053141,DbGate Helper,7652144,0.069503583
2,dbgate,21.824,after-query,78282,11692359334720,DbGate Helper (Renderer),191514160,3.255811167
2,dbgate,21.824,after-query,78273,11692349912629,DbGate Helper (GPU),132793400,2.189293208
2,dbgate,21.824,after-query,78271,11692339245029,DbGate,122292000,1.353269125
2,dbgate,21.824,after-query,78352,11692651155908,DbGate Helper,57607416,0.372151708
2,dbgate,21.824,after-query,78286,11692370055734,DbGate Helper,52135160,0.341109583
2,dbgate,21.824,after-query,78287,11692370125750,DbGate Helper,51905784,0.331844458
2,dbgate,21.824,after-query,78284,11692368224439,DbGate Helper,51348728,0.322975958
2,dbgate,21.824,after-query,78298,11692376211536,com.apple.SafariPlatformSupport,9699928,0.103935042
2,dbgate,21.824,after-query,78274,11692350053141,DbGate Helper,7652144,0.069503583
2,dbgate,22.079,after-query,78282,11692359334720,DbGate Helper (Renderer),191514160,3.263361458
2,dbgate,22.079,after-query,78273,11692349912629,DbGate Helper (GPU),132793400,2.197962917
2,dbgate,22.079,after-query,78271,11692339245029,DbGate,122210080,1.353773000
2,dbgate,22.079,after-query,78352,11692651155908,DbGate Helper,57607416,0.372151708
2,dbgate,22.079,after-query,78286,11692370055734,DbGate Helper,52135160,0.341109583
2,dbgate,22.079,after-query,78287,11692370125750,DbGate Helper,51905784,0.331844458
2,dbgate,22.079,after-query,78284,11692368224439,DbGate Helper,51348728,0.322975958
2,dbgate,22.079,after-query,78298,11692376211536,com.apple.SafariPlatformSupport,9699928,0.103935042
2,dbgate,22.079,after-query,78274,11692350053141,DbGate Helper,7652144,0.069503583
2,dbgate,22.334,after-query,78282,11692359334720,DbGate Helper (Renderer),191514160,3.270185625
2,dbgate,22.334,after-query,78273,11692349912629,DbGate Helper (GPU),132777016,2.207064000
2,dbgate,22.334,after-query,78271,11692339245029,DbGate,122210080,1.353773000
2,dbgate,22.334,after-query,78352,11692651155908,DbGate Helper,57607416,0.372151708
2,dbgate,22.334,after-query,78286,11692370055734,DbGate Helper,52135160,0.341109583
2,dbgate,22.334,after-query,78287,11692370125750,DbGate Helper,51905784,0.331844458
2,dbgate,22.334,after-query,78284,11692368224439,DbGate Helper,51348728,0.322975958
2,dbgate,22.334,after-query,78298,11692376211536,com.apple.SafariPlatformSupport,9699928,0.103935042
2,dbgate,22.334,after-query,78274,11692350053141,DbGate Helper,7652144,0.069503583
2,dbgate,22.586,after-query,78282,11692359334720,DbGate Helper (Renderer),191514160,3.276175625
2,dbgate,22.586,after-query,78273,11692349912629,DbGate Helper (GPU),132777016,2.213816167
2,dbgate,22.586,after-query,78271,11692339245029,DbGate,122210080,1.355073042
2,dbgate,22.586,after-query,78352,11692651155908,DbGate Helper,57607416,0.372637208
2,dbgate,22.586,after-query,78286,11692370055734,DbGate Helper,52135160,0.341109583
2,dbgate,22.586,after-query,78287,11692370125750,DbGate Helper,51905784,0.331844458
2,dbgate,22.586,after-query,78284,11692368224439,DbGate Helper,51348728,0.323301875
2,dbgate,22.586,after-query,78298,11692376211536,com.apple.SafariPlatformSupport,9699928,0.103935042
2,dbgate,22.586,after-query,78274,11692350053141,DbGate Helper,7652144,0.069503583
2,dbgate,22.841,after-query,78282,11692359334720,DbGate Helper (Renderer),191514160,3.283948583
2,dbgate,22.841,after-query,78273,11692349912629,DbGate Helper (GPU),132777016,2.223925917
2,dbgate,22.841,after-query,78271,11692339245029,DbGate,122210080,1.355594417
2,dbgate,22.841,after-query,78352,11692651155908,DbGate Helper,57607416,0.372637208
2,dbgate,22.841,after-query,78286,11692370055734,DbGate Helper,52135160,0.341372375
2,dbgate,22.841,after-query,78287,11692370125750,DbGate Helper,51905784,0.332042083
2,dbgate,22.841,after-query,78284,11692368224439,DbGate Helper,51348728,0.323301875
2,dbgate,22.841,after-query,78298,11692376211536,com.apple.SafariPlatformSupport,9699928,0.103935042
2,dbgate,22.841,after-query,78274,11692350053141,DbGate Helper,7652144,0.069503583
2,dbgate,23.093,after-query,78282,11692359334720,DbGate Helper (Renderer),191514160,3.291406792
2,dbgate,23.093,after-query,78273,11692349912629,DbGate Helper (GPU),132760632,2.233048500
2,dbgate,23.093,after-query,78271,11692339245029,DbGate,122210080,1.355594417
2,dbgate,23.093,after-query,78352,11692651155908,DbGate Helper,57607416,0.372637208
2,dbgate,23.093,after-query,78286,11692370055734,DbGate Helper,52135160,0.341372375
2,dbgate,23.093,after-query,78287,11692370125750,DbGate Helper,51905784,0.332042083
2,dbgate,23.093,after-query,78284,11692368224439,DbGate Helper,51348728,0.323301875
2,dbgate,23.093,after-query,78298,11692376211536,com.apple.SafariPlatformSupport,9699928,0.103935042
2,dbgate,23.093,after-query,78274,11692350053141,DbGate Helper,7652144,0.069503583
2,dbgate,23.348,after-query,78282,11692359334720,DbGate Helper (Renderer),191514160,3.297922958
2,dbgate,23.348,after-query,78273,11692349912629,DbGate Helper (GPU),132744248,2.240317000
2,dbgate,23.348,after-query,78271,11692339245029,DbGate,122210080,1.355594417
2,dbgate,23.348,after-query,78352,11692651155908,DbGate Helper,57607416,0.372637208
2,dbgate,23.348,after-query,78286,11692370055734,DbGate Helper,52135160,0.341372375
2,dbgate,23.348,after-query,78287,11692370125750,DbGate Helper,51905784,0.332042083
2,dbgate,23.348,after-query,78284,11692368224439,DbGate Helper,51348728,0.323301875
2,dbgate,23.348,after-query,78298,11692376211536,com.apple.SafariPlatformSupport,9699928,0.103935042
2,dbgate,23.348,after-query,78274,11692350053141,DbGate Helper,7652144,0.069503583
2,dbgate,23.603,after-query,78282,11692359334720,DbGate Helper (Renderer),191546928,3.305238167
2,dbgate,23.603,after-query,78273,11692349912629,DbGate Helper (GPU),132744248,2.247048292
2,dbgate,23.603,after-query,78271,11692339245029,DbGate,122210080,1.356664292
2,dbgate,23.603,after-query,78352,11692651155908,DbGate Helper,57607416,0.373509083
2,dbgate,23.603,after-query,78286,11692370055734,DbGate Helper,52135160,0.341372375
2,dbgate,23.603,after-query,78287,11692370125750,DbGate Helper,51905784,0.332042083
2,dbgate,23.603,after-query,78284,11692368224439,DbGate Helper,51348728,0.323588750
2,dbgate,23.603,after-query,78298,11692376211536,com.apple.SafariPlatformSupport,9699928,0.103935042
2,dbgate,23.603,after-query,78274,11692350053141,DbGate Helper,7652144,0.069503583
2,dbgate,23.858,after-query,78282,11692359334720,DbGate Helper (Renderer),191546928,3.313552250
2,dbgate,23.858,after-query,78273,11692349912629,DbGate Helper (GPU),132744248,2.257045000
2,dbgate,23.858,after-query,78271,11692339245029,DbGate,122210080,1.357486750
2,dbgate,23.858,after-query,78352,11692651155908,DbGate Helper,57607416,0.373509083
2,dbgate,23.858,after-query,78286,11692370055734,DbGate Helper,52135160,0.341730125
2,dbgate,23.858,after-query,78287,11692370125750,DbGate Helper,51905784,0.332364625
2,dbgate,23.858,after-query,78284,11692368224439,DbGate Helper,51348728,0.323588750
2,dbgate,23.858,after-query,78298,11692376211536,com.apple.SafariPlatformSupport,9699928,0.103935042
2,dbgate,23.858,after-query,78274,11692350053141,DbGate Helper,7652144,0.069503583
2,dbgate,24.110,after-query,78282,11692359334720,DbGate Helper (Renderer),191546928,3.320294667
2,dbgate,24.110,after-query,78273,11692349912629,DbGate Helper (GPU),132760632,2.264472250
2,dbgate,24.110,after-query,78271,11692339245029,DbGate,122210080,1.357486750
2,dbgate,24.110,after-query,78352,11692651155908,DbGate Helper,57607416,0.373509083
2,dbgate,24.110,after-query,78286,11692370055734,DbGate Helper,52135160,0.341730125
2,dbgate,24.110,after-query,78287,11692370125750,DbGate Helper,51905784,0.332364625
2,dbgate,24.110,after-query,78284,11692368224439,DbGate Helper,51348728,0.323588750
2,dbgate,24.110,after-query,78298,11692376211536,com.apple.SafariPlatformSupport,9699928,0.103935042
2,dbgate,24.110,after-query,78274,11692350053141,DbGate Helper,7652144,0.069503583
3,pgadmin,0.253,launch,78460,11693193572628,pgAdmin 4,8586176,0.103809542
3,pgadmin,0.509,launch,78460,11693193572628,pgAdmin 4,39814776,0.282477542
3,pgadmin,0.509,launch,78464,11693204843814,pgAdmin 4 Helper,295104,0.002824625
3,pgadmin,0.509,launch,78462,11693204752823,pgAdmin 4 Helper,295104,0.004709083
3,pgadmin,0.764,launch,78460,11693193572628,pgAdmin 4,53528304,0.416940083
3,pgadmin,0.764,launch,78462,11693204752823,pgAdmin 4 Helper,26395632,0.136675042
3,pgadmin,0.764,launch,78465,11693207709316,pgAdmin 4 Helper (Renderer),19989680,0.086639208
3,pgadmin,0.764,launch,78466,11693208685575,Python,16515480,0.073812083
3,pgadmin,0.764,launch,78464,11693204843814,pgAdmin 4 Helper,6832992,0.051475292
3,pgadmin,1.019,launch,78460,11693193572628,pgAdmin 4,53954288,0.424078042
3,pgadmin,1.019,launch,78462,11693204752823,pgAdmin 4 Helper,43451376,0.150039042
3,pgadmin,1.019,launch,78466,11693208685575,Python,30966192,0.297140125
3,pgadmin,1.019,launch,78465,11693207709316,pgAdmin 4 Helper (Renderer),19989680,0.087134917
3,pgadmin,1.019,launch,78464,11693204843814,pgAdmin 4 Helper,6832992,0.051475292
3,pgadmin,1.272,launch,78460,11693193572628,pgAdmin 4,53954288,0.424396125
3,pgadmin,1.272,launch,78462,11693204752823,pgAdmin 4 Helper,43451376,0.150039042
3,pgadmin,1.272,launch,78466,11693208685575,Python,41255368,0.519365958
3,pgadmin,1.272,launch,78465,11693207709316,pgAdmin 4 Helper (Renderer),20006064,0.087179958
3,pgadmin,1.272,launch,78464,11693204843814,pgAdmin 4 Helper,6832992,0.051475292
3,pgadmin,1.527,launch,78460,11693193572628,pgAdmin 4,54101744,0.426595750
3,pgadmin,1.527,launch,78466,11693208685575,Python,50528736,0.746051875
3,pgadmin,1.527,launch,78462,11693204752823,pgAdmin 4 Helper,43451376,0.150039042
3,pgadmin,1.527,launch,78465,11693207709316,pgAdmin 4 Helper (Renderer),20006064,0.087179958
3,pgadmin,1.527,launch,78464,11693204843814,pgAdmin 4 Helper,6832992,0.051475292
3,pgadmin,1.782,launch,78466,11693208685575,Python,64700920,0.964991375
3,pgadmin,1.782,launch,78460,11693193572628,pgAdmin 4,54118128,0.426837042
3,pgadmin,1.782,launch,78462,11693204752823,pgAdmin 4 Helper,43434992,0.150420083
3,pgadmin,1.782,launch,78465,11693207709316,pgAdmin 4 Helper (Renderer),20006064,0.087289250
3,pgadmin,1.782,launch,78464,11693204843814,pgAdmin 4 Helper,6914912,0.052373750
3,pgadmin,2.037,launch,78466,11693208685575,Python,80790008,1.203225958
3,pgadmin,2.037,launch,78460,11693193572628,pgAdmin 4,54118128,0.426837042
3,pgadmin,2.037,launch,78462,11693204752823,pgAdmin 4 Helper,41337840,0.150420083
3,pgadmin,2.037,launch,78465,11693207709316,pgAdmin 4 Helper (Renderer),20006064,0.087289250
3,pgadmin,2.037,launch,78464,11693204843814,pgAdmin 4 Helper,6914912,0.052373750
3,pgadmin,2.292,launch,78466,11693208685575,Python,92504568,1.436916333
3,pgadmin,2.292,launch,78460,11693193572628,pgAdmin 4,55559920,0.430437500
3,pgadmin,2.292,launch,78462,11693204752823,pgAdmin 4 Helper,41337840,0.150420083
3,pgadmin,2.292,launch,78465,11693207709316,pgAdmin 4 Helper (Renderer),20006064,0.087289250
3,pgadmin,2.292,launch,78464,11693204843814,pgAdmin 4 Helper,6914912,0.052373750
3,pgadmin,2.548,launch,78466,11693208685575,Python,101679608,1.671063042
3,pgadmin,2.548,launch,78460,11693193572628,pgAdmin 4,55559920,0.430437500
3,pgadmin,2.548,launch,78462,11693204752823,pgAdmin 4 Helper,41337840,0.150420083
3,pgadmin,2.548,launch,78465,11693207709316,pgAdmin 4 Helper (Renderer),20006064,0.087289250
3,pgadmin,2.548,launch,78464,11693204843814,pgAdmin 4 Helper,6914912,0.052373750
3,pgadmin,2.803,launch,78466,11693208685575,Python,113099304,1.896017708
3,pgadmin,2.803,launch,78460,11693193572628,pgAdmin 4,55559920,0.430459708
3,pgadmin,2.803,launch,78475,11693254332361,Python,28918216,0.231678750
3,pgadmin,2.803,launch,78462,11693204752823,pgAdmin 4 Helper,26559472,0.151298458
3,pgadmin,2.803,launch,78465,11693207709316,pgAdmin 4 Helper (Renderer),19907760,0.087410292
3,pgadmin,2.803,launch,78464,11693204843814,pgAdmin 4 Helper,6914912,0.052373750
3,pgadmin,3.058,launch,78466,11693208685575,Python,125764136,2.123609667
3,pgadmin,3.058,launch,78460,11693193572628,pgAdmin 4,55559920,0.430459708
3,pgadmin,3.058,launch,78462,11693204752823,pgAdmin 4 Helper,26559472,0.151298458
3,pgadmin,3.058,launch,78465,11693207709316,pgAdmin 4 Helper (Renderer),19907760,0.087410292
3,pgadmin,3.058,launch,78464,11693204843814,pgAdmin 4 Helper,6914912,0.052373750
3,pgadmin,3.313,launch,78466,11693208685575,Python,134840872,2.359487417
3,pgadmin,3.313,launch,78460,11693193572628,pgAdmin 4,55592688,0.431804125
3,pgadmin,3.313,launch,78462,11693204752823,pgAdmin 4 Helper,26559472,0.151298458
3,pgadmin,3.313,launch,78465,11693207709316,pgAdmin 4 Helper (Renderer),19907760,0.087410292
3,pgadmin,3.313,launch,78464,11693204843814,pgAdmin 4 Helper,6914912,0.052373750
3,pgadmin,3.568,launch,78466,11693208685575,Python,144360000,2.611536583
3,pgadmin,3.568,launch,78460,11693193572628,pgAdmin 4,55592688,0.431804125
3,pgadmin,3.568,launch,78462,11693204752823,pgAdmin 4 Helper,26559472,0.151298458
3,pgadmin,3.568,launch,78465,11693207709316,pgAdmin 4 Helper (Renderer),19907760,0.087410292
3,pgadmin,3.568,launch,78464,11693204843814,pgAdmin 4 Helper,6914912,0.052373750
3,pgadmin,3.823,launch,78466,11693208685575,Python,152781376,2.820713292
3,pgadmin,3.823,launch,78460,11693193572628,pgAdmin 4,55592688,0.431804125
3,pgadmin,3.823,launch,78462,11693204752823,pgAdmin 4 Helper,26559472,0.151320458
3,pgadmin,3.823,launch,78465,11693207709316,pgAdmin 4 Helper (Renderer),19907760,0.087410292
3,pgadmin,3.823,launch,78464,11693204843814,pgAdmin 4 Helper,6914912,0.052373750
3,pgadmin,4.078,launch,78466,11693208685575,Python,153076288,2.862376333
3,pgadmin,4.078,launch,78460,11693193572628,pgAdmin 4,55969520,0.432567292
3,pgadmin,4.078,launch,78462,11693204752823,pgAdmin 4 Helper,26559472,0.151320458
3,pgadmin,4.078,launch,78465,11693207709316,pgAdmin 4 Helper (Renderer),19907760,0.087410292
3,pgadmin,4.078,launch,78464,11693204843814,pgAdmin 4 Helper,6914912,0.052373750
3,pgadmin,4.333,launch,78466,11693208685575,Python,153502272,2.877806583
3,pgadmin,4.333,launch,78460,11693193572628,pgAdmin 4,58099440,0.471921417
3,pgadmin,4.333,launch,78462,11693204752823,pgAdmin 4 Helper,26575856,0.152842542
3,pgadmin,4.333,launch,78465,11693207709316,pgAdmin 4 Helper (Renderer),19907760,0.087618250
3,pgadmin,4.333,launch,78464,11693204843814,pgAdmin 4 Helper,6914912,0.052373750
3,pgadmin,4.588,settle,78466,11693208685575,Python,154862144,2.989571292
3,pgadmin,4.588,settle,78491,11693298686539,pgAdmin 4 Helper (Renderer),93717848,0.222724083
3,pgadmin,4.588,settle,78460,11693193572628,pgAdmin 4,59066096,0.537539542
3,pgadmin,4.588,settle,78462,11693204752823,pgAdmin 4 Helper,32211952,0.167229333
3,pgadmin,4.588,settle,78464,11693204843814,pgAdmin 4 Helper,8356704,0.168600583
3,pgadmin,4.840,settle,78466,11693208685575,Python,156254808,3.032342250
3,pgadmin,4.840,settle,78491,11693298686539,pgAdmin 4 Helper (Renderer),131171840,0.477355958
3,pgadmin,4.840,settle,78462,11693204752823,pgAdmin 4 Helper,116933616,0.182281708
3,pgadmin,4.840,settle,78460,11693193572628,pgAdmin 4,59148016,0.549909333
3,pgadmin,4.840,settle,78464,11693204843814,pgAdmin 4 Helper,8274784,0.183712125
3,pgadmin,5.095,settle,78466,11693208685575,Python,156254808,3.072297458
3,pgadmin,5.095,settle,78491,11693298686539,pgAdmin 4 Helper (Renderer),149014064,0.771224208
3,pgadmin,5.095,settle,78462,11693204752823,pgAdmin 4 Helper,117048304,0.185432375
3,pgadmin,5.095,settle,78460,11693193572628,pgAdmin 4,60770032,0.577387542
3,pgadmin,5.095,settle,78464,11693204843814,pgAdmin 4 Helper,8291168,0.188913250
3,pgadmin,5.349,settle,78462,11693204752823,pgAdmin 4 Helper,221807600,0.213319125
3,pgadmin,5.349,settle,78491,11693298686539,pgAdmin 4 Helper (Renderer),201426528,1.183507167
3,pgadmin,5.349,settle,78466,11693208685575,Python,158630608,3.137031625
3,pgadmin,5.349,settle,78460,11693193572628,pgAdmin 4,62195488,0.606499167
3,pgadmin,5.349,settle,78464,11693204843814,pgAdmin 4 Helper,8455008,0.203958542
3,pgadmin,5.604,settle,78491,11693298686539,pgAdmin 4 Helper (Renderer),224757488,1.431862125
3,pgadmin,5.604,settle,78462,11693204752823,pgAdmin 4 Helper,224330760,0.217224792
3,pgadmin,5.604,settle,78466,11693208685575,Python,158745320,3.140543250
3,pgadmin,5.604,settle,78460,11693193572628,pgAdmin 4,62261024,0.629221833
3,pgadmin,5.604,settle,78464,11693204843814,pgAdmin 4 Helper,8455008,0.204868250
3,pgadmin,5.860,settle,78491,11693298686539,pgAdmin 4 Helper (Renderer),241862432,1.644178583
3,pgadmin,5.860,settle,78462,11693204752823,pgAdmin 4 Helper,224429064,0.224930792
3,pgadmin,5.860,settle,78466,11693208685575,Python,158991080,3.163720542
3,pgadmin,5.860,settle,78460,11693193572628,pgAdmin 4,62539552,0.640074250
3,pgadmin,5.860,settle,78464,11693204843814,pgAdmin 4 Helper,8569696,0.215429542
3,pgadmin,6.115,settle,78462,11693204752823,pgAdmin 4 Helper,286245944,0.259615458
3,pgadmin,6.115,settle,78491,11693298686539,pgAdmin 4 Helper (Renderer),271501112,1.857492583
3,pgadmin,6.115,settle,78466,11693208685575,Python,159957808,3.216538417
3,pgadmin,6.115,settle,78460,11693193572628,pgAdmin 4,62572320,0.644412417
3,pgadmin,6.115,settle,78464,11693204843814,pgAdmin 4 Helper,8569696,0.223344417
3,pgadmin,6.366,settle,78462,11693204752823,pgAdmin 4 Helper,286245944,0.265904250
3,pgadmin,6.366,settle,78491,11693298686539,pgAdmin 4 Helper (Renderer),272009016,1.878509250
3,pgadmin,6.366,settle,78466,11693208685575,Python,159957808,3.216538417
3,pgadmin,6.366,settle,78460,11693193572628,pgAdmin 4,62818104,0.674244292
3,pgadmin,6.366,settle,78464,11693204843814,pgAdmin 4 Helper,8569696,0.223344417
3,pgadmin,6.621,settle,78462,11693204752823,pgAdmin 4 Helper,286245944,0.268374708
3,pgadmin,6.621,settle,78491,11693298686539,pgAdmin 4 Helper (Renderer),272287544,1.894546792
3,pgadmin,6.621,settle,78466,11693208685575,Python,159957808,3.221344208
3,pgadmin,6.621,settle,78460,11693193572628,pgAdmin 4,62900024,0.680692708
3,pgadmin,6.621,settle,78506,11693346236210,com.apple.SafariPlatformSupport,9699928,0.113937875
3,pgadmin,6.621,settle,78464,11693204843814,pgAdmin 4 Helper,8569696,0.224936042
3,pgadmin,6.877,settle,78462,11693204752823,pgAdmin 4 Helper,286229560,0.275771125
3,pgadmin,6.877,settle,78491,11693298686539,pgAdmin 4 Helper (Renderer),272336696,1.911101208
3,pgadmin,6.877,settle,78466,11693208685575,Python,159957808,3.221344208
3,pgadmin,6.877,settle,78460,11693193572628,pgAdmin 4,62916408,0.681234708
3,pgadmin,6.877,settle,78506,11693346236210,com.apple.SafariPlatformSupport,9716312,0.115408917
3,pgadmin,6.877,settle,78464,11693204843814,pgAdmin 4 Helper,8569696,0.224936042
3,pgadmin,7.132,settle,78462,11693204752823,pgAdmin 4 Helper,284132408,0.282097833
3,pgadmin,7.132,settle,78491,11693298686539,pgAdmin 4 Helper (Renderer),272467768,1.937477792
3,pgadmin,7.132,settle,78466,11693208685575,Python,159957808,3.221436375
3,pgadmin,7.132,settle,78460,11693193572628,pgAdmin 4,62916408,0.681234708
3,pgadmin,7.132,settle,78506,11693346236210,com.apple.SafariPlatformSupport,9716312,0.115408917
3,pgadmin,7.132,settle,78464,11693204843814,pgAdmin 4 Helper,8569696,0.224936042
3,pgadmin,7.387,settle,78491,11693298686539,pgAdmin 4 Helper (Renderer),272516920,1.963999042
3,pgadmin,7.387,settle,78462,11693204752823,pgAdmin 4 Helper,271008824,0.293527417
3,pgadmin,7.387,settle,78466,11693208685575,Python,159957808,3.221436375
3,pgadmin,7.387,settle,78460,11693193572628,pgAdmin 4,62916408,0.681234708
3,pgadmin,7.387,settle,78506,11693346236210,com.apple.SafariPlatformSupport,9716312,0.115408917
3,pgadmin,7.387,settle,78464,11693204843814,pgAdmin 4 Helper,8569696,0.224936042
3,pgadmin,7.642,settle,78491,11693298686539,pgAdmin 4 Helper (Renderer),272533304,1.990850583
3,pgadmin,7.642,settle,78462,11693204752823,pgAdmin 4 Helper,247530552,0.305107833
3,pgadmin,7.642,settle,78466,11693208685575,Python,159957808,3.221524167
3,pgadmin,7.642,settle,78460,11693193572628,pgAdmin 4,62916408,0.681440917
3,pgadmin,7.642,settle,78506,11693346236210,com.apple.SafariPlatformSupport,9716312,0.115630708
3,pgadmin,7.642,settle,78464,11693204843814,pgAdmin 4 Helper,8569696,0.224936042
3,pgadmin,7.893,settle,78491,11693298686539,pgAdmin 4 Helper (Renderer),272598840,2.016700250
3,pgadmin,7.893,settle,78462,11693204752823,pgAdmin 4 Helper,247530552,0.314070250
3,pgadmin,7.893,settle,78466,11693208685575,Python,159957808,3.221524167
3,pgadmin,7.893,settle,78460,11693193572628,pgAdmin 4,62916408,0.681440917
3,pgadmin,7.893,settle,78506,11693346236210,com.apple.SafariPlatformSupport,9716312,0.115630708
3,pgadmin,7.893,settle,78464,11693204843814,pgAdmin 4 Helper,8569696,0.224936042
3,pgadmin,8.149,settle,78491,11693298686539,pgAdmin 4 Helper (Renderer),272910136,2.057441042
3,pgadmin,8.149,settle,78462,11693204752823,pgAdmin 4 Helper,247530552,0.321305833
3,pgadmin,8.149,settle,78466,11693208685575,Python,160023344,3.231670417
3,pgadmin,8.149,settle,78460,11693193572628,pgAdmin 4,62932792,0.682947708
3,pgadmin,8.149,settle,78506,11693346236210,com.apple.SafariPlatformSupport,9716312,0.115630708
3,pgadmin,8.149,settle,78464,11693204843814,pgAdmin 4 Helper,8569696,0.230545708
3,pgadmin,8.402,settle,78491,11693298686539,pgAdmin 4 Helper (Renderer),273008440,2.082430250
3,pgadmin,8.402,settle,78462,11693204752823,pgAdmin 4 Helper,247514168,0.330393750
3,pgadmin,8.402,settle,78466,11693208685575,Python,160023344,3.231670417
3,pgadmin,8.402,settle,78460,11693193572628,pgAdmin 4,62932792,0.682947708
3,pgadmin,8.402,settle,78506,11693346236210,com.apple.SafariPlatformSupport,9716312,0.115630708
3,pgadmin,8.402,settle,78464,11693204843814,pgAdmin 4 Helper,8569696,0.230545708
3,pgadmin,8.657,settle,78491,11693298686539,pgAdmin 4 Helper (Renderer),273106744,2.109004375
3,pgadmin,8.657,settle,78462,11693204752823,pgAdmin 4 Helper,247530552,0.342113375
3,pgadmin,8.657,settle,78466,11693208685575,Python,160023344,3.231761292
3,pgadmin,8.657,settle,78460,11693193572628,pgAdmin 4,62932792,0.684622625
3,pgadmin,8.657,settle,78506,11693346236210,com.apple.SafariPlatformSupport,9716312,0.115788208
3,pgadmin,8.657,settle,78464,11693204843814,pgAdmin 4 Helper,8569696,0.230545708
3,pgadmin,8.912,settle,78491,11693298686539,pgAdmin 4 Helper (Renderer),273188664,2.135800917
3,pgadmin,8.912,settle,78462,11693204752823,pgAdmin 4 Helper,247530552,0.350894292
3,pgadmin,8.912,settle,78466,11693208685575,Python,160023344,3.231761292
3,pgadmin,8.912,settle,78460,11693193572628,pgAdmin 4,62932792,0.684622625
3,pgadmin,8.912,settle,78506,11693346236210,com.apple.SafariPlatformSupport,9716312,0.115844292
3,pgadmin,8.912,settle,78464,11693204843814,pgAdmin 4 Helper,8569696,0.230545708
3,pgadmin,9.167,settle,78491,11693298686539,pgAdmin 4 Helper (Renderer),273286968,2.161135292
3,pgadmin,9.167,settle,78462,11693204752823,pgAdmin 4 Helper,247530552,0.357548375
3,pgadmin,9.167,settle,78466,11693208685575,Python,160023344,3.231849292
3,pgadmin,9.167,settle,78460,11693193572628,pgAdmin 4,62932792,0.684622625
3,pgadmin,9.167,settle,78506,11693346236210,com.apple.SafariPlatformSupport,9716312,0.115844292
3,pgadmin,9.167,settle,78464,11693204843814,pgAdmin 4 Helper,8569696,0.230545708
3,pgadmin,9.420,settle,78491,11693298686539,pgAdmin 4 Helper (Renderer),273385272,2.187532500
3,pgadmin,9.420,settle,78462,11693204752823,pgAdmin 4 Helper,247530552,0.366473375
3,pgadmin,9.420,settle,78466,11693208685575,Python,160023344,3.231849292
3,pgadmin,9.420,settle,78460,11693193572628,pgAdmin 4,62932792,0.684793792
3,pgadmin,9.420,settle,78506,11693346236210,com.apple.SafariPlatformSupport,9716312,0.116061250
3,pgadmin,9.420,settle,78464,11693204843814,pgAdmin 4 Helper,8569696,0.230545708
3,pgadmin,9.675,query,78491,11693298686539,pgAdmin 4 Helper (Renderer),273499960,2.204105042
3,pgadmin,9.675,query,78462,11693204752823,pgAdmin 4 Helper,247514168,0.371175917
3,pgadmin,9.675,query,78466,11693208685575,Python,160023344,3.231890208
3,pgadmin,9.675,query,78460,11693193572628,pgAdmin 4,62932792,0.684872167
3,pgadmin,9.675,query,78506,11693346236210,com.apple.SafariPlatformSupport,9716312,0.116061250
3,pgadmin,9.675,query,78464,11693204843814,pgAdmin 4 Helper,8569696,0.230545708
3,pgadmin,9.929,query,78491,11693298686539,pgAdmin 4 Helper (Renderer),273614648,2.227300208
3,pgadmin,9.929,query,78462,11693204752823,pgAdmin 4 Helper,247530552,0.381540042
3,pgadmin,9.929,query,78466,11693208685575,Python,160023344,3.231890208
3,pgadmin,9.929,query,78460,11693193572628,pgAdmin 4,62916408,0.685282125
3,pgadmin,9.929,query,78506,11693346236210,com.apple.SafariPlatformSupport,9716312,0.116061250
3,pgadmin,9.929,query,78464,11693204843814,pgAdmin 4 Helper,8569696,0.230545708
3,pgadmin,10.183,query,78491,11693298686539,pgAdmin 4 Helper (Renderer),276678456,2.284519167
3,pgadmin,10.183,query,78462,11693204752823,pgAdmin 4 Helper,247530552,0.386510667
3,pgadmin,10.183,query,78466,11693208685575,Python,160039728,3.240232375
3,pgadmin,10.183,query,78460,11693193572628,pgAdmin 4,62916408,0.686335042
3,pgadmin,10.183,query,78506,11693346236210,com.apple.SafariPlatformSupport,9716312,0.116061250
3,pgadmin,10.183,query,78464,11693204843814,pgAdmin 4 Helper,8569696,0.234658667
3,pgadmin,10.439,query,78491,11693298686539,pgAdmin 4 Helper (Renderer),276842296,2.308678833
3,pgadmin,10.439,query,78462,11693204752823,pgAdmin 4 Helper,247546936,0.395839792
3,pgadmin,10.439,query,78466,11693208685575,Python,160039728,3.240232375
3,pgadmin,10.439,query,78460,11693193572628,pgAdmin 4,62916408,0.686335042
3,pgadmin,10.439,query,78506,11693346236210,com.apple.SafariPlatformSupport,9716312,0.116061250
3,pgadmin,10.439,query,78464,11693204843814,pgAdmin 4 Helper,8569696,0.234658667
3,pgadmin,10.692,query,78491,11693298686539,pgAdmin 4 Helper (Renderer),277006136,2.333859500
3,pgadmin,10.692,query,78462,11693204752823,pgAdmin 4 Helper,247530552,0.403459917
3,pgadmin,10.692,query,78466,11693208685575,Python,160056112,3.241344042
3,pgadmin,10.692,query,78460,11693193572628,pgAdmin 4,62916408,0.686682792
3,pgadmin,10.692,query,78506,11693346236210,com.apple.SafariPlatformSupport,9716312,0.116061250
3,pgadmin,10.692,query,78464,11693204843814,pgAdmin 4 Helper,8569696,0.234658667
3,pgadmin,10.947,query,78491,11693298686539,pgAdmin 4 Helper (Renderer),277153592,2.357999292
3,pgadmin,10.947,query,78462,11693204752823,pgAdmin 4 Helper,247514168,0.410962208
3,pgadmin,10.947,query,78466,11693208685575,Python,160056112,3.241344042
3,pgadmin,10.947,query,78460,11693193572628,pgAdmin 4,62883640,0.686914875
3,pgadmin,10.947,query,78506,11693346236210,com.apple.SafariPlatformSupport,9716312,0.116310667
3,pgadmin,10.947,query,78464,11693204843814,pgAdmin 4 Helper,8569696,0.234658667
3,pgadmin,11.202,query,78491,11693298686539,pgAdmin 4 Helper (Renderer),277284664,2.382335542
3,pgadmin,11.202,query,78466,11693208685575,Python,160056112,3.241431583
3,pgadmin,11.202,query,78462,11693204752823,pgAdmin 4 Helper,104580152,0.438217208
3,pgadmin,11.202,query,78460,11693193572628,pgAdmin 4,62883640,0.686914875
3,pgadmin,11.202,query,78506,11693346236210,com.apple.SafariPlatformSupport,9716312,0.116310667
3,pgadmin,11.202,query,78464,11693204843814,pgAdmin 4 Helper,8569696,0.234658667
3,pgadmin,11.457,query,78491,11693298686539,pgAdmin 4 Helper (Renderer),277415736,2.403258417
3,pgadmin,11.457,query,78466,11693208685575,Python,160056112,3.241431583
3,pgadmin,11.457,query,78462,11693204752823,pgAdmin 4 Helper,104563768,0.444738542
3,pgadmin,11.457,query,78460,11693193572628,pgAdmin 4,62883640,0.687313000
3,pgadmin,11.457,query,78506,11693346236210,com.apple.SafariPlatformSupport,9716312,0.116310667
3,pgadmin,11.457,query,78464,11693204843814,pgAdmin 4 Helper,8569696,0.234658667
3,pgadmin,11.712,query,78491,11693298686539,pgAdmin 4 Helper (Renderer),277546808,2.429546167
3,pgadmin,11.712,query,78466,11693208685575,Python,160056112,3.241545875
3,pgadmin,11.712,query,78462,11693204752823,pgAdmin 4 Helper,104563768,0.454146875
3,pgadmin,11.712,query,78460,11693193572628,pgAdmin 4,62768952,0.688486000
3,pgadmin,11.712,query,78506,11693346236210,com.apple.SafariPlatformSupport,9716312,0.116948125
3,pgadmin,11.712,query,78464,11693204843814,pgAdmin 4 Helper,8569696,0.234658667
3,pgadmin,11.967,query,78491,11693298686539,pgAdmin 4 Helper (Renderer),277727032,2.454573875
3,pgadmin,11.967,query,78466,11693208685575,Python,160056112,3.241545875
3,pgadmin,11.967,query,78462,11693204752823,pgAdmin 4 Helper,104547384,0.460865417
3,pgadmin,11.967,query,78460,11693193572628,pgAdmin 4,62768952,0.688486000
3,pgadmin,11.967,query,78506,11693346236210,com.apple.SafariPlatformSupport,9716312,0.116948125
3,pgadmin,11.967,query,78464,11693204843814,pgAdmin 4 Helper,8569696,0.234658667
3,pgadmin,12.223,query,78491,11693298686539,pgAdmin 4 Helper (Renderer),277989176,2.493243833
3,pgadmin,12.223,query,78466,11693208685575,Python,160072496,3.249855208
3,pgadmin,12.223,query,78462,11693204752823,pgAdmin 4 Helper,104580152,0.469145292
3,pgadmin,12.223,query,78460,11693193572628,pgAdmin 4,62768952,0.689737917
3,pgadmin,12.223,query,78506,11693346236210,com.apple.SafariPlatformSupport,9716312,0.116948125
3,pgadmin,12.223,query,78464,11693204843814,pgAdmin 4 Helper,8569696,0.239058292
3,pgadmin,12.473,query,78491,11693298686539,pgAdmin 4 Helper (Renderer),278136632,2.516495000
3,pgadmin,12.473,query,78466,11693208685575,Python,160072496,3.249855208
3,pgadmin,12.473,query,78462,11693204752823,pgAdmin 4 Helper,104531000,0.475407083
3,pgadmin,12.473,query,78460,11693193572628,pgAdmin 4,62768952,0.689737917
3,pgadmin,12.473,query,78506,11693346236210,com.apple.SafariPlatformSupport,9716312,0.116948125
3,pgadmin,12.473,query,78464,11693204843814,pgAdmin 4 Helper,8569696,0.239058292
3,pgadmin,12.728,query,78491,11693298686539,pgAdmin 4 Helper (Renderer),278300472,2.534618500
3,pgadmin,12.728,query,78466,11693208685575,Python,160072496,3.249901208
3,pgadmin,12.728,query,78462,11693204752823,pgAdmin 4 Helper,104547384,0.481425958
3,pgadmin,12.728,query,78460,11693193572628,pgAdmin 4,62768952,0.689778750
3,pgadmin,12.728,query,78506,11693346236210,com.apple.SafariPlatformSupport,9716312,0.116948125
3,pgadmin,12.728,query,78464,11693204843814,pgAdmin 4 Helper,8569696,0.239105125
3,pgadmin,12.983,query,78491,11693298686539,pgAdmin 4 Helper (Renderer),278415160,2.550439750
3,pgadmin,12.983,query,78466,11693208685575,Python,160072496,3.249901208
3,pgadmin,12.983,query,78462,11693204752823,pgAdmin 4 Helper,104514616,0.487130208
3,pgadmin,12.983,query,78460,11693193572628,pgAdmin 4,62785336,0.691180875
3,pgadmin,12.983,query,78506,11693346236210,com.apple.SafariPlatformSupport,9716312,0.116948125
3,pgadmin,12.983,query,78464,11693204843814,pgAdmin 4 Helper,8569696,0.239105125
3,pgadmin,13.235,query,78491,11693298686539,pgAdmin 4 Helper (Renderer),278579000,2.567272792
3,pgadmin,13.235,query,78466,11693208685575,Python,160072496,3.249953500
3,pgadmin,13.235,query,78462,11693204752823,pgAdmin 4 Helper,104531000,0.492549167
3,pgadmin,13.235,query,78460,11693193572628,pgAdmin 4,62785336,0.691180875
3,pgadmin,13.235,query,78506,11693346236210,com.apple.SafariPlatformSupport,9716312,0.116948125
3,pgadmin,13.235,query,78464,11693204843814,pgAdmin 4 Helper,8569696,0.239105125
3,pgadmin,13.488,query,78491,11693298686539,pgAdmin 4 Helper (Renderer),278726456,2.584501250
3,pgadmin,13.488,query,78466,11693208685575,Python,160072496,3.250006250
3,pgadmin,13.488,query,78462,11693204752823,pgAdmin 4 Helper,104531000,0.499174417
3,pgadmin,13.488,query,78460,11693193572628,pgAdmin 4,62785336,0.691180875
3,pgadmin,13.488,query,78506,11693346236210,com.apple.SafariPlatformSupport,9716312,0.116948125
3,pgadmin,13.488,query,78464,11693204843814,pgAdmin 4 Helper,8569696,0.239105125
3,pgadmin,13.741,query,78491,11693298686539,pgAdmin 4 Helper (Renderer),278857528,2.601467250
3,pgadmin,13.741,query,78466,11693208685575,Python,160072496,3.250006250
3,pgadmin,13.741,query,78462,11693204752823,pgAdmin 4 Helper,104547384,0.505269667
3,pgadmin,13.741,query,78460,11693193572628,pgAdmin 4,62785336,0.691180875
3,pgadmin,13.741,query,78506,11693346236210,com.apple.SafariPlatformSupport,9699928,0.117409125
3,pgadmin,13.741,query,78464,11693204843814,pgAdmin 4 Helper,8569696,0.239105125
3,pgadmin,13.996,query,78491,11693298686539,pgAdmin 4 Helper (Renderer),279234360,2.631331292
3,pgadmin,13.996,query,78466,11693208685575,Python,160072496,3.257350250
3,pgadmin,13.996,query,78462,11693204752823,pgAdmin 4 Helper,104531000,0.511813750
3,pgadmin,13.996,query,78460,11693193572628,pgAdmin 4,62785336,0.692261667
3,pgadmin,13.996,query,78506,11693346236210,com.apple.SafariPlatformSupport,9699928,0.117409125
3,pgadmin,13.996,query,78464,11693204843814,pgAdmin 4 Helper,8569696,0.242783417
3,pgadmin,14.251,query,78491,11693298686539,pgAdmin 4 Helper (Renderer),281052984,2.658291458
3,pgadmin,14.251,query,78466,11693208685575,Python,160072496,3.257350250
3,pgadmin,14.251,query,78462,11693204752823,pgAdmin 4 Helper,104514616,0.519442000
3,pgadmin,14.251,query,78460,11693193572628,pgAdmin 4,62785336,0.692261667
3,pgadmin,14.251,query,78506,11693346236210,com.apple.SafariPlatformSupport,9699928,0.117409125
3,pgadmin,14.251,query,78464,11693204843814,pgAdmin 4 Helper,8569696,0.242783417
3,pgadmin,14.506,query,78491,11693298686539,pgAdmin 4 Helper (Renderer),281249592,2.679523125
3,pgadmin,14.506,query,78466,11693208685575,Python,160072496,3.257435500
3,pgadmin,14.506,query,78462,11693204752823,pgAdmin 4 Helper,104514616,0.525484750
3,pgadmin,14.506,query,78460,11693193572628,pgAdmin 4,62785336,0.692497792
3,pgadmin,14.506,query,78506,11693346236210,com.apple.SafariPlatformSupport,9699928,0.117409125
3,pgadmin,14.506,query,78464,11693204843814,pgAdmin 4 Helper,8569696,0.242783417
3,pgadmin,14.761,query,78491,11693298686539,pgAdmin 4 Helper (Renderer),281380664,2.695934250
3,pgadmin,14.761,query,78466,11693208685575,Python,160072496,3.257435500
3,pgadmin,14.761,query,78462,11693204752823,pgAdmin 4 Helper,104531000,0.532843125
3,pgadmin,14.761,query,78460,11693193572628,pgAdmin 4,62785336,0.692618375
3,pgadmin,14.761,query,78506,11693346236210,com.apple.SafariPlatformSupport,9699928,0.117409125
3,pgadmin,14.761,query,78464,11693204843814,pgAdmin 4 Helper,8569696,0.242783417
3,pgadmin,15.016,query,78491,11693298686539,pgAdmin 4 Helper (Renderer),281495352,2.713017542
3,pgadmin,15.016,query,78466,11693208685575,Python,160072496,3.257486500
3,pgadmin,15.016,query,78462,11693204752823,pgAdmin 4 Helper,104531000,0.537496458
3,pgadmin,15.016,query,78460,11693193572628,pgAdmin 4,62785336,0.692665333
3,pgadmin,15.016,query,78506,11693346236210,com.apple.SafariPlatformSupport,9699928,0.117409125
3,pgadmin,15.016,query,78464,11693204843814,pgAdmin 4 Helper,8569696,0.242783417
3,pgadmin,15.271,query,78491,11693298686539,pgAdmin 4 Helper (Renderer),281675576,2.731583792
3,pgadmin,15.271,query,78466,11693208685575,Python,160072496,3.257486500
3,pgadmin,15.271,query,78462,11693204752823,pgAdmin 4 Helper,104514616,0.544124083
3,pgadmin,15.271,query,78460,11693193572628,pgAdmin 4,62785336,0.692665333
3,pgadmin,15.271,query,78506,11693346236210,com.apple.SafariPlatformSupport,9699928,0.117409125
3,pgadmin,15.271,query,78464,11693204843814,pgAdmin 4 Helper,8569696,0.242783417
3,pgadmin,15.524,query,78491,11693298686539,pgAdmin 4 Helper (Renderer),281806648,2.751396542
3,pgadmin,15.524,query,78466,11693208685575,Python,160072496,3.257597667
3,pgadmin,15.524,query,78462,11693204752823,pgAdmin 4 Helper,104514616,0.549502792
3,pgadmin,15.524,query,78460,11693193572628,pgAdmin 4,62785336,0.694033167
3,pgadmin,15.524,query,78506,11693346236210,com.apple.SafariPlatformSupport,9699928,0.117409125
3,pgadmin,15.524,query,78464,11693204843814,pgAdmin 4 Helper,8569696,0.242783417
3,pgadmin,15.779,query,78491,11693298686539,pgAdmin 4 Helper (Renderer),282380088,2.779447333
3,pgadmin,15.779,query,78466,11693208685575,Python,160072496,3.257597667
3,pgadmin,15.779,query,78462,11693204752823,pgAdmin 4 Helper,125879352,0.560152292
3,pgadmin,15.779,query,78460,11693193572628,pgAdmin 4,62785336,0.695774500
3,pgadmin,15.779,query,78506,11693346236210,com.apple.SafariPlatformSupport,9699928,0.117409125
3,pgadmin,15.779,query,78464,11693204843814,pgAdmin 4 Helper,8569696,0.242783417
3,pgadmin,16.030,query,78491,11693298686539,pgAdmin 4 Helper (Renderer),316802872,3.178769833
3,pgadmin,16.030,query,78462,11693204752823,pgAdmin 4 Helper,166085688,0.588641333
3,pgadmin,16.030,query,78466,11693208685575,Python,161891096,3.287847042
3,pgadmin,16.030,query,78460,11693193572628,pgAdmin 4,63588152,0.718506250
3,pgadmin,16.030,query,78506,11693346236210,com.apple.SafariPlatformSupport,9699928,0.117879750
3,pgadmin,16.030,query,78464,11693204843814,pgAdmin 4 Helper,8569696,0.248155167
3,pgadmin,16.285,query,78491,11693298686539,pgAdmin 4 Helper (Renderer),316884792,3.199407792
3,pgadmin,16.285,query,78462,11693204752823,pgAdmin 4 Helper,167265336,0.600080292
3,pgadmin,16.285,query,78466,11693208685575,Python,161891096,3.287847042
3,pgadmin,16.285,query,78460,11693193572628,pgAdmin 4,63588152,0.719393958
3,pgadmin,16.285,query,78506,11693346236210,com.apple.SafariPlatformSupport,9699928,0.117879750
3,pgadmin,16.285,query,78464,11693204843814,pgAdmin 4 Helper,8569696,0.248155167
3,pgadmin,16.540,query,78491,11693298686539,pgAdmin 4 Helper (Renderer),316884792,3.216012583
3,pgadmin,16.540,query,78462,11693204752823,pgAdmin 4 Helper,167265336,0.605761500
3,pgadmin,16.540,query,78466,11693208685575,Python,161891096,3.287930583
3,pgadmin,16.540,query,78460,11693193572628,pgAdmin 4,63588152,0.719765542
3,pgadmin,16.540,query,78506,11693346236210,com.apple.SafariPlatformSupport,9699928,0.117879750
3,pgadmin,16.540,query,78464,11693204843814,pgAdmin 4 Helper,8569696,0.248155167
3,pgadmin,16.795,query,78491,11693298686539,pgAdmin 4 Helper (Renderer),316884792,3.232079708
3,pgadmin,16.795,query,78462,11693204752823,pgAdmin 4 Helper,167265336,0.611609667
3,pgadmin,16.795,query,78466,11693208685575,Python,161891096,3.287930583
3,pgadmin,16.795,query,78460,11693193572628,pgAdmin 4,63588152,0.719765542
3,pgadmin,16.795,query,78506,11693346236210,com.apple.SafariPlatformSupport,9699928,0.117879750
3,pgadmin,16.795,query,78464,11693204843814,pgAdmin 4 Helper,8569696,0.248155167
3,pgadmin,17.051,query,78491,11693298686539,pgAdmin 4 Helper (Renderer),316884792,3.248752417
3,pgadmin,17.051,query,78462,11693204752823,pgAdmin 4 Helper,167265336,0.617521042
3,pgadmin,17.051,query,78466,11693208685575,Python,161891096,3.288019458
3,pgadmin,17.051,query,78460,11693193572628,pgAdmin 4,63620920,0.721603250
3,pgadmin,17.051,query,78506,11693346236210,com.apple.SafariPlatformSupport,9699928,0.118086917
3,pgadmin,17.051,query,78464,11693204843814,pgAdmin 4 Helper,8569696,0.248155167
3,pgadmin,17.302,query,78491,11693298686539,pgAdmin 4 Helper (Renderer),316884792,3.267079917
3,pgadmin,17.302,query,78462,11693204752823,pgAdmin 4 Helper,162939960,0.624366292
3,pgadmin,17.302,query,78466,11693208685575,Python,161891096,3.288019458
3,pgadmin,17.302,query,78460,11693193572628,pgAdmin 4,63620920,0.721603250
3,pgadmin,17.302,query,78506,11693346236210,com.apple.SafariPlatformSupport,9699928,0.118086917
3,pgadmin,17.302,query,78464,11693204843814,pgAdmin 4 Helper,8569696,0.248155167
3,pgadmin,17.554,query,78491,11693298686539,pgAdmin 4 Helper (Renderer),319145784,3.400375708
3,pgadmin,17.554,query,78462,11693204752823,pgAdmin 4 Helper,242140216,0.671259542
3,pgadmin,17.554,query,78466,11693208685575,Python,161891096,3.288054333
3,pgadmin,17.554,query,78460,11693193572628,pgAdmin 4,64046904,0.735517375
3,pgadmin,17.554,query,78506,11693346236210,com.apple.SafariPlatformSupport,9699928,0.118086917
3,pgadmin,17.554,query,78464,11693204843814,pgAdmin 4 Helper,8569696,0.248155167
3,pgadmin,17.807,query,78491,11693298686539,pgAdmin 4 Helper (Renderer),322258744,3.553372667
3,pgadmin,17.807,query,78462,11693204752823,pgAdmin 4 Helper,246907984,0.713060708
3,pgadmin,17.807,query,78466,11693208685575,Python,161891096,3.288054333
3,pgadmin,17.807,query,78460,11693193572628,pgAdmin 4,64702264,0.750489125
3,pgadmin,17.807,query,78506,11693346236210,com.apple.SafariPlatformSupport,9699928,0.118086917
3,pgadmin,17.807,query,78464,11693204843814,pgAdmin 4 Helper,8569696,0.248155167
3,pgadmin,18.062,query,78491,11693298686539,pgAdmin 4 Helper (Renderer),324618040,3.635513125
3,pgadmin,18.062,query,78462,11693204752823,pgAdmin 4 Helper,245417016,0.733164208
3,pgadmin,18.062,query,78466,11693208685575,Python,161891096,3.293703458
3,pgadmin,18.062,query,78460,11693193572628,pgAdmin 4,64718648,0.761709125
3,pgadmin,18.062,query,78506,11693346236210,com.apple.SafariPlatformSupport,9699928,0.118086917
3,pgadmin,18.062,query,78464,11693204843814,pgAdmin 4 Helper,8569696,0.250630792
3,pgadmin,18.313,query,78491,11693298686539,pgAdmin 4 Helper (Renderer),330729272,3.739568833
3,pgadmin,18.313,query,78462,11693204752823,pgAdmin 4 Helper,245564472,0.754949167
3,pgadmin,18.313,query,78466,11693208685575,Python,161891096,3.293703458
3,pgadmin,18.313,query,78460,11693193572628,pgAdmin 4,64735032,0.770697250
3,pgadmin,18.313,query,78506,11693346236210,com.apple.SafariPlatformSupport,9699928,0.118086917
3,pgadmin,18.313,query,78464,11693204843814,pgAdmin 4 Helper,8569696,0.250630792
3,pgadmin,18.565,query,78491,11693298686539,pgAdmin 4 Helper (Renderer),338315088,3.865357583
3,pgadmin,18.565,query,78462,11693204752823,pgAdmin 4 Helper,245548088,0.790486583
3,pgadmin,18.565,query,78466,11693208685575,Python,161891096,3.293740458
3,pgadmin,18.565,query,78460,11693193572628,pgAdmin 4,64767800,0.786257417
3,pgadmin,18.565,query,78506,11693346236210,com.apple.SafariPlatformSupport,9699928,0.118086917
3,pgadmin,18.565,query,78464,11693204843814,pgAdmin 4 Helper,8569696,0.250630792
3,pgadmin,18.820,query,78491,11693298686539,pgAdmin 4 Helper (Renderer),348145488,3.977210042
3,pgadmin,18.820,query,78462,11693204752823,pgAdmin 4 Helper,245580856,0.818347458
3,pgadmin,18.820,query,78466,11693208685575,Python,161891096,3.293740458
3,pgadmin,18.820,query,78460,11693193572628,pgAdmin 4,64767800,0.798220667
3,pgadmin,18.820,query,78506,11693346236210,com.apple.SafariPlatformSupport,9699928,0.118086917
3,pgadmin,18.820,query,78464,11693204843814,pgAdmin 4 Helper,8569696,0.250630792
3,pgadmin,19.075,query,78491,11693298686539,pgAdmin 4 Helper (Renderer),353027920,4.040051958
3,pgadmin,19.075,query,78462,11693204752823,pgAdmin 4 Helper,245564472,0.844736833
3,pgadmin,19.075,query,78466,11693208685575,Python,161891096,3.293778625
3,pgadmin,19.075,query,78460,11693193572628,pgAdmin 4,64800568,0.807558750
3,pgadmin,19.075,query,78506,11693346236210,com.apple.SafariPlatformSupport,9699928,0.118086917
3,pgadmin,19.075,query,78464,11693204843814,pgAdmin 4 Helper,8569696,0.250630792
3,pgadmin,19.328,query,78491,11693298686539,pgAdmin 4 Helper (Renderer),365512576,4.187494542
3,pgadmin,19.328,query,78462,11693204752823,pgAdmin 4 Helper,246137936,0.886333000
3,pgadmin,19.328,query,78466,11693208685575,Python,161891096,3.293778625
3,pgadmin,19.328,query,78460,11693193572628,pgAdmin 4,64800568,0.824060958
3,pgadmin,19.328,query,78506,11693346236210,com.apple.SafariPlatformSupport,9699928,0.118086917
3,pgadmin,19.328,query,78464,11693204843814,pgAdmin 4 Helper,8569696,0.250630792
3,pgadmin,19.582,query,78491,11693298686539,pgAdmin 4 Helper (Renderer),374949760,4.295286125
3,pgadmin,19.582,query,78462,11693204752823,pgAdmin 4 Helper,251135056,0.923870958
3,pgadmin,19.582,query,78466,11693208685575,Python,161891096,3.293827042
3,pgadmin,19.582,query,78460,11693193572628,pgAdmin 4,64882488,0.836560292
3,pgadmin,19.582,query,78506,11693346236210,com.apple.SafariPlatformSupport,9699928,0.118086917
3,pgadmin,19.582,query,78464,11693204843814,pgAdmin 4 Helper,8569696,0.250630792
3,pgadmin,19.835,query,78491,11693298686539,pgAdmin 4 Helper (Renderer),379733888,4.378984917
3,pgadmin,19.835,query,78462,11693204752823,pgAdmin 4 Helper,251151440,0.951301500
3,pgadmin,19.835,query,78466,11693208685575,Python,161891096,3.293827042
3,pgadmin,19.835,query,78460,11693193572628,pgAdmin 4,64882488,0.849614833
3,pgadmin,19.835,query,78506,11693346236210,com.apple.SafariPlatformSupport,9699928,0.118086917
3,pgadmin,19.835,query,78464,11693204843814,pgAdmin 4 Helper,8569696,0.250630792
3,pgadmin,20.086,query,78491,11693298686539,pgAdmin 4 Helper (Renderer),394151808,4.509396000
3,pgadmin,20.086,query,78462,11693204752823,pgAdmin 4 Helper,251151440,0.990393667
3,pgadmin,20.086,query,78466,11693208685575,Python,161891096,3.298081500
3,pgadmin,20.086,query,78460,11693193572628,pgAdmin 4,64882488,0.862478625
3,pgadmin,20.086,query,78506,11693346236210,com.apple.SafariPlatformSupport,9699928,0.118086917
3,pgadmin,20.086,query,78464,11693204843814,pgAdmin 4 Helper,8569696,0.252704958
3,pgadmin,20.342,query,78491,11693298686539,pgAdmin 4 Helper (Renderer),403195776,4.593882292
3,pgadmin,20.342,query,78462,11693204752823,pgAdmin 4 Helper,251151440,1.011464375
3,pgadmin,20.342,query,78466,11693208685575,Python,161891096,3.298081500
3,pgadmin,20.342,query,78460,11693193572628,pgAdmin 4,64915256,0.873264875
3,pgadmin,20.342,query,78506,11693346236210,com.apple.SafariPlatformSupport,9699928,0.118086917
3,pgadmin,20.342,query,78464,11693204843814,pgAdmin 4 Helper,8569696,0.252704958
3,pgadmin,20.595,query,78491,11693298686539,pgAdmin 4 Helper (Renderer),408209304,4.678245458
3,pgadmin,20.595,query,78462,11693204752823,pgAdmin 4 Helper,251151440,1.040669792
3,pgadmin,20.595,query,78466,11693208685575,Python,161891096,3.298124250
3,pgadmin,20.595,query,78460,11693193572628,pgAdmin 4,64915256,0.884542542
3,pgadmin,20.595,query,78506,11693346236210,com.apple.SafariPlatformSupport,9699928,0.118086917
3,pgadmin,20.595,query,78464,11693204843814,pgAdmin 4 Helper,8569696,0.252704958
3,pgadmin,20.850,query,78491,11693298686539,pgAdmin 4 Helper (Renderer),420186008,4.809542208
3,pgadmin,20.850,query,78462,11693204752823,pgAdmin 4 Helper,248431696,1.076076583
3,pgadmin,20.850,query,78466,11693208685575,Python,161891096,3.298124250
3,pgadmin,20.850,query,78460,11693193572628,pgAdmin 4,64964408,0.902643708
3,pgadmin,20.850,query,78506,11693346236210,com.apple.SafariPlatformSupport,9699928,0.118086917
3,pgadmin,20.850,query,78464,11693204843814,pgAdmin 4 Helper,8569696,0.252704958
3,pgadmin,21.103,query,78491,11693298686539,pgAdmin 4 Helper (Renderer),433096624,4.926230375
3,pgadmin,21.103,query,78462,11693204752823,pgAdmin 4 Helper,244106320,1.109710875
3,pgadmin,21.103,query,78466,11693208685575,Python,161891096,3.298179917
3,pgadmin,21.103,query,78460,11693193572628,pgAdmin 4,64931640,0.918539792
3,pgadmin,21.103,query,78506,11693346236210,com.apple.SafariPlatformSupport,9699928,0.118086917
3,pgadmin,21.103,query,78464,11693204843814,pgAdmin 4 Helper,8569696,0.252704958
3,pgadmin,21.354,query,78491,11693298686539,pgAdmin 4 Helper (Renderer),440928200,4.998405042
3,pgadmin,21.354,query,78462,11693204752823,pgAdmin 4 Helper,243369040,1.127870667
3,pgadmin,21.354,query,78466,11693208685575,Python,161891096,3.298179917
3,pgadmin,21.354,query,78460,11693193572628,pgAdmin 4,64964408,0.931798292
3,pgadmin,21.354,query,78506,11693346236210,com.apple.SafariPlatformSupport,9634392,0.118215458
3,pgadmin,21.354,query,78464,11693204843814,pgAdmin 4 Helper,8569696,0.252704958
3,pgadmin,21.606,query,78491,11693298686539,pgAdmin 4 Helper (Renderer),449333192,5.117472875
3,pgadmin,21.606,query,78462,11693204752823,pgAdmin 4 Helper,243369040,1.166069500
3,pgadmin,21.606,query,78466,11693208685575,Python,161891096,3.298215875
3,pgadmin,21.606,query,78460,11693193572628,pgAdmin 4,64980792,0.947408750
3,pgadmin,21.606,query,78506,11693346236210,com.apple.SafariPlatformSupport,9634392,0.118215458
3,pgadmin,21.606,query,78464,11693204843814,pgAdmin 4 Helper,8569696,0.252704958
3,pgadmin,21.861,query,78491,11693298686539,pgAdmin 4 Helper (Renderer),444008392,5.172608583
3,pgadmin,21.861,query,78462,11693204752823,pgAdmin 4 Helper,243352656,1.185665708
3,pgadmin,21.861,query,78466,11693208685575,Python,161891096,3.298215875
3,pgadmin,21.861,query,78460,11693193572628,pgAdmin 4,64980792,0.955579000
3,pgadmin,21.861,query,78506,11693346236210,com.apple.SafariPlatformSupport,9634392,0.118215458
3,pgadmin,21.861,query,78464,11693204843814,pgAdmin 4 Helper,8569696,0.252704958
3,pgadmin,22.115,query,78491,11693298686539,pgAdmin 4 Helper (Renderer),453052360,5.279167625
3,pgadmin,22.115,query,78462,11693204752823,pgAdmin 4 Helper,243369040,1.211395583
3,pgadmin,22.115,query,78466,11693208685575,Python,161891096,3.304748542
3,pgadmin,22.115,query,78460,11693193572628,pgAdmin 4,64980792,0.972919000
3,pgadmin,22.115,query,78506,11693346236210,com.apple.SafariPlatformSupport,9634392,0.118215458
3,pgadmin,22.115,query,78464,11693204843814,pgAdmin 4 Helper,8569696,0.256147292
3,pgadmin,22.367,query,78491,11693298686539,pgAdmin 4 Helper (Renderer),459147208,5.403288667
3,pgadmin,22.367,query,78462,11693204752823,pgAdmin 4 Helper,243369040,1.245398042
3,pgadmin,22.367,query,78466,11693208685575,Python,161891096,3.304748542
3,pgadmin,22.367,query,78460,11693193572628,pgAdmin 4,64980792,0.990483667
3,pgadmin,22.367,query,78506,11693346236210,com.apple.SafariPlatformSupport,9634392,0.118215458
3,pgadmin,22.367,query,78464,11693204843814,pgAdmin 4 Helper,8569696,0.256147292
3,pgadmin,22.622,query,78491,11693298686539,pgAdmin 4 Helper (Renderer),466995144,5.477972000
3,pgadmin,22.622,query,78462,11693204752823,pgAdmin 4 Helper,243303504,1.260671292
3,pgadmin,22.622,query,78466,11693208685575,Python,161891096,3.304808833
3,pgadmin,22.622,query,78460,11693193572628,pgAdmin 4,64980792,1.001184917
3,pgadmin,22.622,query,78506,11693346236210,com.apple.SafariPlatformSupport,9634392,0.118215458
3,pgadmin,22.622,query,78464,11693204843814,pgAdmin 4 Helper,8569696,0.256147292
3,pgadmin,22.877,query,78491,11693298686539,pgAdmin 4 Helper (Renderer),467683272,5.504932500
3,pgadmin,22.877,query,78462,11693204752823,pgAdmin 4 Helper,231146576,1.270433083
3,pgadmin,22.877,query,78466,11693208685575,Python,161891096,3.304808833
3,pgadmin,22.877,query,78460,11693193572628,pgAdmin 4,64980792,1.005815042
3,pgadmin,22.877,query,78506,11693346236210,com.apple.SafariPlatformSupport,9634392,0.118215458
3,pgadmin,22.877,query,78464,11693204843814,pgAdmin 4 Helper,8569696,0.256147292
3,pgadmin,23.133,after-query,78491,11693298686539,pgAdmin 4 Helper (Renderer),467797960,5.524610333
3,pgadmin,23.133,after-query,78462,11693204752823,pgAdmin 4 Helper,231146576,1.276677750
3,pgadmin,23.133,after-query,78466,11693208685575,Python,161891096,3.304898875
3,pgadmin,23.133,after-query,78460,11693193572628,pgAdmin 4,64980792,1.006964792
3,pgadmin,23.133,after-query,78506,11693346236210,com.apple.SafariPlatformSupport,9634392,0.118215458
3,pgadmin,23.133,after-query,78464,11693204843814,pgAdmin 4 Helper,8569696,0.256147292
3,pgadmin,23.383,after-query,78491,11693298686539,pgAdmin 4 Helper (Renderer),467863496,5.538808417
3,pgadmin,23.383,after-query,78462,11693204752823,pgAdmin 4 Helper,231146576,1.281537042
3,pgadmin,23.383,after-query,78466,11693208685575,Python,161891096,3.304898875
3,pgadmin,23.383,after-query,78460,11693193572628,pgAdmin 4,64980792,1.006964792
3,pgadmin,23.383,after-query,78506,11693346236210,com.apple.SafariPlatformSupport,9634392,0.118215458
3,pgadmin,23.383,after-query,78464,11693204843814,pgAdmin 4 Helper,8569696,0.256147292
3,pgadmin,23.638,after-query,78491,11693298686539,pgAdmin 4 Helper (Renderer),467945416,5.556430417
3,pgadmin,23.638,after-query,78462,11693204752823,pgAdmin 4 Helper,231146576,1.287862250
3,pgadmin,23.638,after-query,78466,11693208685575,Python,161891096,3.304994417
3,pgadmin,23.638,after-query,78460,11693193572628,pgAdmin 4,64980792,1.006964792
3,pgadmin,23.638,after-query,78506,11693346236210,com.apple.SafariPlatformSupport,9634392,0.118215458
3,pgadmin,23.638,after-query,78464,11693204843814,pgAdmin 4 Helper,8569696,0.256147292
3,pgadmin,23.893,after-query,78491,11693298686539,pgAdmin 4 Helper (Renderer),467748784,5.574176625
3,pgadmin,23.893,after-query,78462,11693204752823,pgAdmin 4 Helper,204964920,1.296633458
3,pgadmin,23.893,after-query,78466,11693208685575,Python,161891096,3.304994417
3,pgadmin,23.893,after-query,78460,11693193572628,pgAdmin 4,64980792,1.006964792
3,pgadmin,23.893,after-query,78506,11693346236210,com.apple.SafariPlatformSupport,9634392,0.118215458
3,pgadmin,23.893,after-query,78464,11693204843814,pgAdmin 4 Helper,8569696,0.256147292
3,pgadmin,24.149,after-query,78491,11693298686539,pgAdmin 4 Helper (Renderer),468158384,5.604556667
3,pgadmin,24.149,after-query,78462,11693204752823,pgAdmin 4 Helper,204964920,1.302066250
3,pgadmin,24.149,after-query,78466,11693208685575,Python,161891096,3.316065167
3,pgadmin,24.149,after-query,78460,11693193572628,pgAdmin 4,64980792,1.008191792
3,pgadmin,24.149,after-query,78506,11693346236210,com.apple.SafariPlatformSupport,9634392,0.118215458
3,pgadmin,24.149,after-query,78464,11693204843814,pgAdmin 4 Helper,8569696,0.260987083
3,pgadmin,24.399,after-query,78491,11693298686539,pgAdmin 4 Helper (Renderer),468223920,5.623845083
3,pgadmin,24.399,after-query,78462,11693204752823,pgAdmin 4 Helper,204964920,1.308705667
3,pgadmin,24.399,after-query,78466,11693208685575,Python,161891096,3.316065167
3,pgadmin,24.399,after-query,78460,11693193572628,pgAdmin 4,64980792,1.008191792
3,pgadmin,24.399,after-query,78506,11693346236210,com.apple.SafariPlatformSupport,9634392,0.118215458
3,pgadmin,24.399,after-query,78464,11693204843814,pgAdmin 4 Helper,8569696,0.260987083
3,pgadmin,24.650,after-query,78491,11693298686539,pgAdmin 4 Helper (Renderer),468289456,5.642779917
3,pgadmin,24.650,after-query,78462,11693204752823,pgAdmin 4 Helper,204964920,1.315441667
3,pgadmin,24.650,after-query,78466,11693208685575,Python,161891096,3.316165500
3,pgadmin,24.650,after-query,78460,11693193572628,pgAdmin 4,65013560,1.008900917
3,pgadmin,24.650,after-query,78506,11693346236210,com.apple.SafariPlatformSupport,9634392,0.118215458
3,pgadmin,24.650,after-query,78464,11693204843814,pgAdmin 4 Helper,8569696,0.260987083
3,pgadmin,24.901,after-query,78491,11693298686539,pgAdmin 4 Helper (Renderer),468338608,5.659344375
3,pgadmin,24.901,after-query,78462,11693204752823,pgAdmin 4 Helper,193889336,1.323061875
3,pgadmin,24.901,after-query,78466,11693208685575,Python,161891096,3.316165500
3,pgadmin,24.901,after-query,78460,11693193572628,pgAdmin 4,65013560,1.008994833
3,pgadmin,24.901,after-query,78506,11693346236210,com.apple.SafariPlatformSupport,9634392,0.118215458
3,pgadmin,24.901,after-query,78464,11693204843814,pgAdmin 4 Helper,8569696,0.260987083
3,pgadmin,25.156,after-query,78491,11693298686539,pgAdmin 4 Helper (Renderer),468404144,5.673920000
3,pgadmin,25.156,after-query,78462,11693204752823,pgAdmin 4 Helper,193889336,1.328621958
3,pgadmin,25.156,after-query,78466,11693208685575,Python,161891096,3.316236500
3,pgadmin,25.156,after-query,78460,11693193572628,pgAdmin 4,65013560,1.008994833
3,pgadmin,25.156,after-query,78506,11693346236210,com.apple.SafariPlatformSupport,9634392,0.118215458
3,pgadmin,25.156,after-query,78464,11693204843814,pgAdmin 4 Helper,8569696,0.260987083
3,pgadmin,25.411,after-query,78491,11693298686539,pgAdmin 4 Helper (Renderer),468469680,5.691805333
3,pgadmin,25.411,after-query,78462,11693204752823,pgAdmin 4 Helper,193889336,1.334840708
3,pgadmin,25.411,after-query,78466,11693208685575,Python,161891096,3.316236500
3,pgadmin,25.411,after-query,78460,11693193572628,pgAdmin 4,65013560,1.008994833
3,pgadmin,25.411,after-query,78506,11693346236210,com.apple.SafariPlatformSupport,9634392,0.118215458
3,pgadmin,25.411,after-query,78464,11693204843814,pgAdmin 4 Helper,8569696,0.260987083
3,pgadmin,25.664,after-query,78491,11693298686539,pgAdmin 4 Helper (Renderer),468535216,5.711075042
3,pgadmin,25.664,after-query,78462,11693204752823,pgAdmin 4 Helper,193905720,1.341500167
3,pgadmin,25.664,after-query,78466,11693208685575,Python,161891096,3.316322917
3,pgadmin,25.664,after-query,78460,11693193572628,pgAdmin 4,65013560,1.011786417
3,pgadmin,25.664,after-query,78506,11693346236210,com.apple.SafariPlatformSupport,9634392,0.118215458
3,pgadmin,25.664,after-query,78464,11693204843814,pgAdmin 4 Helper,8569696,0.260987083
3,pgadmin,25.915,after-query,78491,11693298686539,pgAdmin 4 Helper (Renderer),468584368,5.729050375
3,pgadmin,25.915,after-query,78462,11693204752823,pgAdmin 4 Helper,193905720,1.347979833
3,pgadmin,25.915,after-query,78466,11693208685575,Python,161891096,3.316322917
3,pgadmin,25.915,after-query,78460,11693193572628,pgAdmin 4,65013560,1.011786417
3,pgadmin,25.915,after-query,78506,11693346236210,com.apple.SafariPlatformSupport,9634392,0.118215458
3,pgadmin,25.915,after-query,78464,11693204843814,pgAdmin 4 Helper,8569696,0.260987083
3,pgadmin,26.167,after-query,78491,11693298686539,pgAdmin 4 Helper (Renderer),469059504,5.763267125
3,pgadmin,26.167,after-query,78462,11693204752823,pgAdmin 4 Helper,193905720,1.353074417
3,pgadmin,26.167,after-query,78466,11693208685575,Python,161891096,3.327300125
3,pgadmin,26.167,after-query,78460,11693193572628,pgAdmin 4,65013560,1.012957875
3,pgadmin,26.167,after-query,78506,11693346236210,com.apple.SafariPlatformSupport,9634392,0.118215458
3,pgadmin,26.167,after-query,78464,11693204843814,pgAdmin 4 Helper,8569696,0.265584625
3,pgadmin,26.419,after-query,78491,11693298686539,pgAdmin 4 Helper (Renderer),469125040,5.780763625
3,pgadmin,26.419,after-query,78462,11693204752823,pgAdmin 4 Helper,193905720,1.359610917
3,pgadmin,26.419,after-query,78466,11693208685575,Python,161891096,3.327300125
3,pgadmin,26.419,after-query,78460,11693193572628,pgAdmin 4,65013560,1.013235792
3,pgadmin,26.419,after-query,78506,11693346236210,com.apple.SafariPlatformSupport,9634392,0.118215458
3,pgadmin,26.419,after-query,78464,11693204843814,pgAdmin 4 Helper,8569696,0.265584625
3,pgadmin,26.674,after-query,78491,11693298686539,pgAdmin 4 Helper (Renderer),469174192,5.797644542
3,pgadmin,26.674,after-query,78462,11693204752823,pgAdmin 4 Helper,193905720,1.365442750
3,pgadmin,26.674,after-query,78466,11693208685575,Python,161891096,3.327398625
3,pgadmin,26.674,after-query,78460,11693193572628,pgAdmin 4,65013560,1.013235792
3,pgadmin,26.674,after-query,78506,11693346236210,com.apple.SafariPlatformSupport,9634392,0.118215458
3,pgadmin,26.674,after-query,78464,11693204843814,pgAdmin 4 Helper,8569696,0.265584625
3,pgadmin,26.929,after-query,78491,11693298686539,pgAdmin 4 Helper (Renderer),469239728,5.813748500
3,pgadmin,26.929,after-query,78462,11693204752823,pgAdmin 4 Helper,193905720,1.371327375
3,pgadmin,26.929,after-query,78466,11693208685575,Python,161891096,3.327398625
3,pgadmin,26.929,after-query,78460,11693193572628,pgAdmin 4,64980792,1.013480500
3,pgadmin,26.929,after-query,78506,11693346236210,com.apple.SafariPlatformSupport,9634392,0.118215458
3,pgadmin,26.929,after-query,78464,11693204843814,pgAdmin 4 Helper,8569696,0.265584625
3,pgadmin,27.185,after-query,78491,11693298686539,pgAdmin 4 Helper (Renderer),469321648,5.832486333
3,pgadmin,27.185,after-query,78462,11693204752823,pgAdmin 4 Helper,193905720,1.377564583
3,pgadmin,27.185,after-query,78466,11693208685575,Python,161891096,3.327488875
3,pgadmin,27.185,after-query,78460,11693193572628,pgAdmin 4,64980792,1.013480500
3,pgadmin,27.185,after-query,78506,11693346236210,com.apple.SafariPlatformSupport,9634392,0.118215458
3,pgadmin,27.185,after-query,78464,11693204843814,pgAdmin 4 Helper,8569696,0.265584625
3,pgadmin,27.440,after-query,78491,11693298686539,pgAdmin 4 Helper (Renderer),469387184,5.849727708
3,pgadmin,27.440,after-query,78462,11693204752823,pgAdmin 4 Helper,193905720,1.383592167
3,pgadmin,27.440,after-query,78466,11693208685575,Python,161891096,3.327488875
3,pgadmin,27.440,after-query,78460,11693193572628,pgAdmin 4,64980792,1.013480500
3,pgadmin,27.440,after-query,78506,11693346236210,com.apple.SafariPlatformSupport,9634392,0.118215458
3,pgadmin,27.440,after-query,78464,11693204843814,pgAdmin 4 Helper,8569696,0.265584625
3,pgpad,0.254,launch,78637,11693997334069,pgpad-tauri,19170288,0.137622375
3,pgpad,0.254,launch,78638,11694002104363,com.apple.WebKit.GPU,3178928,0.011144375
3,pgpad,0.254,launch,78639,11694002414852,com.apple.WebKit.Networking,196752,0.003387250
3,pgpad,0.509,settle,78637,11693997334069,pgpad-tauri,29672456,0.305805375
3,pgpad,0.509,settle,78639,11694002414852,com.apple.WebKit.Networking,6455800,0.022966583
3,pgpad,0.509,settle,78638,11694002104363,com.apple.WebKit.GPU,5685824,0.030844750
3,pgpad,0.509,settle,78641,11694002479598,com.apple.WebKit.WebContent,5390816,0.031644917
3,pgpad,0.765,settle,78637,11693997334069,pgpad-tauri,30213152,0.353300542
3,pgpad,0.765,settle,78641,11694002479598,com.apple.WebKit.WebContent,10551968,0.091018167
3,pgpad,0.765,settle,78639,11694002414852,com.apple.WebKit.Networking,6963728,0.028786333
3,pgpad,0.765,settle,78638,11694002104363,com.apple.WebKit.GPU,5653056,0.030916542
3,pgpad,1.020,settle,78641,11694002479598,com.apple.WebKit.WebContent,145359616,0.256196083
3,pgpad,1.020,settle,78638,11694002104363,com.apple.WebKit.GPU,46777208,0.102402083
3,pgpad,1.020,settle,78637,11693997334069,pgpad-tauri,33440800,0.374041875
3,pgpad,1.020,settle,78639,11694002414852,com.apple.WebKit.Networking,6750736,0.030237667
3,pgpad,1.020,settle,78644,11694015858033,com.apple.audio.SandboxHelper,5521936,0.022078292
3,pgpad,1.274,settle,78641,11694002479598,com.apple.WebKit.WebContent,145359616,0.257297208
3,pgpad,1.274,settle,78638,11694002104363,com.apple.WebKit.GPU,46777208,0.102657708
3,pgpad,1.274,settle,78637,11693997334069,pgpad-tauri,33227808,0.374641167
3,pgpad,1.274,settle,78639,11694002414852,com.apple.WebKit.Networking,6750736,0.030342667
3,pgpad,1.274,settle,78644,11694015858033,com.apple.audio.SandboxHelper,5521936,0.022078292
3,pgpad,1.529,settle,78641,11694002479598,com.apple.WebKit.WebContent,140542720,0.263971958
3,pgpad,1.529,settle,78638,11694002104363,com.apple.WebKit.GPU,46646136,0.103657542
3,pgpad,1.529,settle,78637,11693997334069,pgpad-tauri,33145888,0.377807750
3,pgpad,1.529,settle,78639,11694002414852,com.apple.WebKit.Networking,6324752,0.031434542
3,pgpad,1.529,settle,78644,11694015858033,com.apple.audio.SandboxHelper,5521936,0.022078292
3,pgpad,1.779,settle,78641,11694002479598,com.apple.WebKit.WebContent,138576640,0.284352333
3,pgpad,1.779,settle,78638,11694002104363,com.apple.WebKit.GPU,46531448,0.104000417
3,pgpad,1.779,settle,78637,11693997334069,pgpad-tauri,32408608,0.378767458
3,pgpad,1.779,settle,78639,11694002414852,com.apple.WebKit.Networking,6144528,0.031739917
3,pgpad,1.779,settle,78644,11694015858033,com.apple.audio.SandboxHelper,5521936,0.022078292
3,pgpad,2.035,settle,78641,11694002479598,com.apple.WebKit.WebContent,138298112,0.286759667
3,pgpad,2.035,settle,78638,11694002104363,com.apple.WebKit.GPU,46531448,0.105194042
3,pgpad,2.035,settle,78637,11693997334069,pgpad-tauri,32277536,0.380322417
3,pgpad,2.035,settle,78639,11694002414852,com.apple.WebKit.Networking,5833232,0.032023333
3,pgpad,2.035,settle,78644,11694015858033,com.apple.audio.SandboxHelper,5505552,0.022449625
3,pgpad,2.287,settle,78641,11694002479598,com.apple.WebKit.WebContent,97256192,0.288109208
3,pgpad,2.287,settle,78637,11693997334069,pgpad-tauri,31392800,0.380737708
3,pgpad,2.287,settle,78638,11694002104363,com.apple.WebKit.GPU,24560504,0.106236583
3,pgpad,2.287,settle,78639,11694002414852,com.apple.WebKit.Networking,5833232,0.032158750
3,pgpad,2.287,settle,78644,11694015858033,com.apple.audio.SandboxHelper,5505552,0.022449625
3,pgpad,2.538,settle,78641,11694002479598,com.apple.WebKit.WebContent,96977664,0.288617250
3,pgpad,2.538,settle,78637,11693997334069,pgpad-tauri,31392800,0.380965625
3,pgpad,2.538,settle,78638,11694002104363,com.apple.WebKit.GPU,24560504,0.106400125
3,pgpad,2.538,settle,78639,11694002414852,com.apple.WebKit.Networking,5816848,0.032391833
3,pgpad,2.538,settle,78644,11694015858033,com.apple.audio.SandboxHelper,5505552,0.022449625
3,pgpad,2.790,settle,78641,11694002479598,com.apple.WebKit.WebContent,96731904,0.289260583
3,pgpad,2.790,settle,78637,11693997334069,pgpad-tauri,31327264,0.381192667
3,pgpad,2.790,settle,78638,11694002104363,com.apple.WebKit.GPU,24560504,0.106544000
3,pgpad,2.790,settle,78639,11694002414852,com.apple.WebKit.Networking,5816848,0.032391833
3,pgpad,2.790,settle,78644,11694015858033,com.apple.audio.SandboxHelper,5505552,0.022449625
3,pgpad,3.045,settle,78641,11694002479598,com.apple.WebKit.WebContent,96731904,0.289500708
3,pgpad,3.045,settle,78637,11693997334069,pgpad-tauri,31327264,0.381238042
3,pgpad,3.045,settle,78638,11694002104363,com.apple.WebKit.GPU,17154936,0.106898708
3,pgpad,3.045,settle,78639,11694002414852,com.apple.WebKit.Networking,5816848,0.032391833
3,pgpad,3.045,settle,78644,11694015858033,com.apple.audio.SandboxHelper,5505552,0.022449625
3,pgpad,3.296,settle,78641,11694002479598,com.apple.WebKit.WebContent,96502528,0.289969125
3,pgpad,3.296,settle,78637,11693997334069,pgpad-tauri,31327264,0.381238042
3,pgpad,3.296,settle,78638,11694002104363,com.apple.WebKit.GPU,17154936,0.106990583
3,pgpad,3.296,settle,78639,11694002414852,com.apple.WebKit.Networking,5816848,0.032391833
3,pgpad,3.296,settle,78644,11694015858033,com.apple.audio.SandboxHelper,5505552,0.022449625
3,pgpad,3.551,settle,78641,11694002479598,com.apple.WebKit.WebContent,96453376,0.290238417
3,pgpad,3.551,settle,78637,11693997334069,pgpad-tauri,31327264,0.381238042
3,pgpad,3.551,settle,78638,11694002104363,com.apple.WebKit.GPU,17138552,0.107255208
3,pgpad,3.551,settle,78639,11694002414852,com.apple.WebKit.Networking,5816848,0.032391833
3,pgpad,3.551,settle,78644,11694015858033,com.apple.audio.SandboxHelper,5505552,0.022449625
3,pgpad,3.806,settle,78641,11694002479598,com.apple.WebKit.WebContent,96453376,0.290238417
3,pgpad,3.806,settle,78637,11693997334069,pgpad-tauri,31327264,0.381458208
3,pgpad,3.806,settle,78638,11694002104363,com.apple.WebKit.GPU,17138552,0.107255208
3,pgpad,3.806,settle,78639,11694002414852,com.apple.WebKit.Networking,5816848,0.032391833
3,pgpad,3.806,settle,78644,11694015858033,com.apple.audio.SandboxHelper,5505552,0.022449625
3,pgpad,4.057,settle,78641,11694002479598,com.apple.WebKit.WebContent,96453376,0.290325208
3,pgpad,4.057,settle,78637,11693997334069,pgpad-tauri,31327264,0.381693250
3,pgpad,4.057,settle,78638,11694002104363,com.apple.WebKit.GPU,17138552,0.107318083
3,pgpad,4.057,settle,78639,11694002414852,com.apple.WebKit.Networking,5816848,0.032391833
3,pgpad,4.057,settle,78644,11694015858033,com.apple.audio.SandboxHelper,5505552,0.022449625
3,pgpad,4.310,settle,78641,11694002479598,com.apple.WebKit.WebContent,96453376,0.290325208
3,pgpad,4.310,settle,78637,11693997334069,pgpad-tauri,31327264,0.382014875
3,pgpad,4.310,settle,78638,11694002104363,com.apple.WebKit.GPU,17138552,0.107318083
3,pgpad,4.310,settle,78639,11694002414852,com.apple.WebKit.Networking,5816848,0.032391833
3,pgpad,4.310,settle,78644,11694015858033,com.apple.audio.SandboxHelper,5505552,0.022449625
3,pgpad,4.564,settle,78641,11694002479598,com.apple.WebKit.WebContent,96453376,0.290325208
3,pgpad,4.564,settle,78637,11693997334069,pgpad-tauri,31327264,0.382304833
3,pgpad,4.564,settle,78638,11694002104363,com.apple.WebKit.GPU,17138552,0.107318083
3,pgpad,4.564,settle,78639,11694002414852,com.apple.WebKit.Networking,5816848,0.032391833
3,pgpad,4.564,settle,78644,11694015858033,com.apple.audio.SandboxHelper,5505552,0.022449625
3,pgpad,4.819,settle,78641,11694002479598,com.apple.WebKit.WebContent,96453376,0.290325208
3,pgpad,4.819,settle,78637,11693997334069,pgpad-tauri,31327264,0.382304833
3,pgpad,4.819,settle,78638,11694002104363,com.apple.WebKit.GPU,17138552,0.107318083
3,pgpad,4.819,settle,78639,11694002414852,com.apple.WebKit.Networking,5816848,0.032391833
3,pgpad,4.819,settle,78644,11694015858033,com.apple.audio.SandboxHelper,5505552,0.022449625
3,pgpad,5.074,settle,78641,11694002479598,com.apple.WebKit.WebContent,96453376,0.290325208
3,pgpad,5.074,settle,78637,11693997334069,pgpad-tauri,31327264,0.382304833
3,pgpad,5.074,settle,78638,11694002104363,com.apple.WebKit.GPU,17138552,0.107318083
3,pgpad,5.074,settle,78639,11694002414852,com.apple.WebKit.Networking,5816848,0.032391833
3,pgpad,5.074,settle,78644,11694015858033,com.apple.audio.SandboxHelper,5505552,0.022449625
3,pgpad,5.329,settle,78641,11694002479598,com.apple.WebKit.WebContent,96453376,0.290325208
3,pgpad,5.329,settle,78637,11693997334069,pgpad-tauri,31327264,0.382819500
3,pgpad,5.329,settle,78638,11694002104363,com.apple.WebKit.GPU,17138552,0.107318083
3,pgpad,5.329,settle,78639,11694002414852,com.apple.WebKit.Networking,5816848,0.032391833
3,pgpad,5.329,settle,78644,11694015858033,com.apple.audio.SandboxHelper,5505552,0.022449625
3,pgpad,5.581,query,78641,11694002479598,com.apple.WebKit.WebContent,96453376,0.290325208
3,pgpad,5.581,query,78637,11693997334069,pgpad-tauri,31196192,0.383962083
3,pgpad,5.581,query,78638,11694002104363,com.apple.WebKit.GPU,17138552,0.107318083
3,pgpad,5.581,query,78639,11694002414852,com.apple.WebKit.Networking,5816848,0.037487292
3,pgpad,5.581,query,78644,11694015858033,com.apple.audio.SandboxHelper,5505552,0.022449625
3,pgpad,5.832,query,78641,11694002479598,com.apple.WebKit.WebContent,96453376,0.290432875
3,pgpad,5.832,query,78637,11693997334069,pgpad-tauri,31196192,0.383962083
3,pgpad,5.832,query,78638,11694002104363,com.apple.WebKit.GPU,17138552,0.107318083
3,pgpad,5.832,query,78639,11694002414852,com.apple.WebKit.Networking,5816848,0.037604042
3,pgpad,5.832,query,78644,11694015858033,com.apple.audio.SandboxHelper,5505552,0.022449625
3,pgpad,6.088,query,78641,11694002479598,com.apple.WebKit.WebContent,96404224,0.290651042
3,pgpad,6.088,query,78637,11693997334069,pgpad-tauri,31196192,0.383962083
3,pgpad,6.088,query,78638,11694002104363,com.apple.WebKit.GPU,17138552,0.107318083
3,pgpad,6.088,query,78639,11694002414852,com.apple.WebKit.Networking,5767696,0.037915042
3,pgpad,6.088,query,78644,11694015858033,com.apple.audio.SandboxHelper,5440016,0.022527958
3,pgpad,6.343,query,78641,11694002479598,com.apple.WebKit.WebContent,96404224,0.290651042
3,pgpad,6.343,query,78637,11693997334069,pgpad-tauri,31196192,0.383962083
3,pgpad,6.343,query,78638,11694002104363,com.apple.WebKit.GPU,17138552,0.107318083
3,pgpad,6.343,query,78639,11694002414852,com.apple.WebKit.Networking,5767696,0.038030792
3,pgpad,6.343,query,78644,11694015858033,com.apple.audio.SandboxHelper,5440016,0.022527958
3,pgpad,6.598,query,78641,11694002479598,com.apple.WebKit.WebContent,96355072,0.290747542
3,pgpad,6.598,query,78637,11693997334069,pgpad-tauri,31196192,0.383962083
3,pgpad,6.598,query,78638,11694002104363,com.apple.WebKit.GPU,17138552,0.107318083
3,pgpad,6.598,query,78639,11694002414852,com.apple.WebKit.Networking,5767696,0.038400792
3,pgpad,6.598,query,78644,11694015858033,com.apple.audio.SandboxHelper,5440016,0.022527958
3,pgpad,6.848,query,78641,11694002479598,com.apple.WebKit.WebContent,96355072,0.290747542
3,pgpad,6.848,query,78637,11693997334069,pgpad-tauri,31196192,0.383962083
3,pgpad,6.848,query,78638,11694002104363,com.apple.WebKit.GPU,17138552,0.107318083
3,pgpad,6.848,query,78639,11694002414852,com.apple.WebKit.Networking,5767696,0.038554125
3,pgpad,6.848,query,78644,11694015858033,com.apple.audio.SandboxHelper,5440016,0.022527958
3,pgpad,7.104,query,78641,11694002479598,com.apple.WebKit.WebContent,96355072,0.290853333
3,pgpad,7.104,query,78637,11693997334069,pgpad-tauri,31196192,0.383962083
3,pgpad,7.104,query,78638,11694002104363,com.apple.WebKit.GPU,17023864,0.107619333
3,pgpad,7.104,query,78639,11694002414852,com.apple.WebKit.Networking,5767696,0.038554125
3,pgpad,7.104,query,78644,11694015858033,com.apple.audio.SandboxHelper,5440016,0.022527958
3,pgpad,7.359,query,78641,11694002479598,com.apple.WebKit.WebContent,96355072,0.290853333
3,pgpad,7.359,query,78637,11693997334069,pgpad-tauri,31196192,0.383962083
3,pgpad,7.359,query,78638,11694002104363,com.apple.WebKit.GPU,17023864,0.107619333
3,pgpad,7.359,query,78639,11694002414852,com.apple.WebKit.Networking,5767696,0.038554125
3,pgpad,7.359,query,78644,11694015858033,com.apple.audio.SandboxHelper,5440016,0.022527958
3,pgpad,7.614,query,78641,11694002479598,com.apple.WebKit.WebContent,96355072,0.290853333
3,pgpad,7.614,query,78637,11693997334069,pgpad-tauri,31196192,0.383962083
3,pgpad,7.614,query,78638,11694002104363,com.apple.WebKit.GPU,17023864,0.107619333
3,pgpad,7.614,query,78639,11694002414852,com.apple.WebKit.Networking,5767696,0.038554125
3,pgpad,7.614,query,78644,11694015858033,com.apple.audio.SandboxHelper,5440016,0.022527958
3,pgpad,7.869,query,78641,11694002479598,com.apple.WebKit.WebContent,96355072,0.290853333
3,pgpad,7.869,query,78637,11693997334069,pgpad-tauri,31196192,0.383962083
3,pgpad,7.869,query,78638,11694002104363,com.apple.WebKit.GPU,17023864,0.107619333
3,pgpad,7.869,query,78639,11694002414852,com.apple.WebKit.Networking,5767696,0.038554125
3,pgpad,7.869,query,78644,11694015858033,com.apple.audio.SandboxHelper,5440016,0.022527958
3,pgpad,8.121,query,78641,11694002479598,com.apple.WebKit.WebContent,96355072,0.290853333
3,pgpad,8.121,query,78637,11693997334069,pgpad-tauri,31196192,0.383962083
3,pgpad,8.121,query,78638,11694002104363,com.apple.WebKit.GPU,17023864,0.107619333
3,pgpad,8.121,query,78639,11694002414852,com.apple.WebKit.Networking,5767696,0.038554125
3,pgpad,8.121,query,78644,11694015858033,com.apple.audio.SandboxHelper,5440016,0.022527958
3,pgpad,8.372,query,78641,11694002479598,com.apple.WebKit.WebContent,96355072,0.290853333
3,pgpad,8.372,query,78637,11693997334069,pgpad-tauri,31196192,0.383962083
3,pgpad,8.372,query,78638,11694002104363,com.apple.WebKit.GPU,17023864,0.107661583
3,pgpad,8.372,query,78639,11694002414852,com.apple.WebKit.Networking,5767696,0.038554125
3,pgpad,8.372,query,78644,11694015858033,com.apple.audio.SandboxHelper,5440016,0.022527958
3,pgpad,8.622,query,78641,11694002479598,com.apple.WebKit.WebContent,96355072,0.290853333
3,pgpad,8.622,query,78637,11693997334069,pgpad-tauri,31196192,0.383962083
3,pgpad,8.622,query,78638,11694002104363,com.apple.WebKit.GPU,17023864,0.107661583
3,pgpad,8.622,query,78639,11694002414852,com.apple.WebKit.Networking,5767696,0.038554125
3,pgpad,8.622,query,78644,11694015858033,com.apple.audio.SandboxHelper,5440016,0.022527958
3,pgpad,8.874,query,78641,11694002479598,com.apple.WebKit.WebContent,96256768,0.291746083
3,pgpad,8.874,query,78637,11693997334069,pgpad-tauri,31081504,0.388495625
3,pgpad,8.874,query,78638,11694002104363,com.apple.WebKit.GPU,17023864,0.107661583
3,pgpad,8.874,query,78639,11694002414852,com.apple.WebKit.Networking,5767696,0.038554125
3,pgpad,8.874,query,78644,11694015858033,com.apple.audio.SandboxHelper,5440016,0.022527958
3,pgpad,9.129,query,78641,11694002479598,com.apple.WebKit.WebContent,96338688,0.295315625
3,pgpad,9.129,query,78637,11693997334069,pgpad-tauri,31097888,0.392074958
3,pgpad,9.129,query,78638,11694002104363,com.apple.WebKit.GPU,17023864,0.107661583
3,pgpad,9.129,query,78639,11694002414852,com.apple.WebKit.Networking,5767696,0.038554125
3,pgpad,9.129,query,78644,11694015858033,com.apple.audio.SandboxHelper,5440016,0.022527958
3,pgpad,9.384,query,78641,11694002479598,com.apple.WebKit.WebContent,96338688,0.295879917
3,pgpad,9.384,query,78637,11693997334069,pgpad-tauri,31097888,0.392994458
3,pgpad,9.384,query,78638,11694002104363,com.apple.WebKit.GPU,17023864,0.107661583
3,pgpad,9.384,query,78639,11694002414852,com.apple.WebKit.Networking,5767696,0.038554125
3,pgpad,9.384,query,78644,11694015858033,com.apple.audio.SandboxHelper,5440016,0.022527958
3,pgpad,9.638,query,78641,11694002479598,com.apple.WebKit.WebContent,96338688,0.296346875
3,pgpad,9.638,query,78637,11693997334069,pgpad-tauri,31097888,0.393205542
3,pgpad,9.638,query,78638,11694002104363,com.apple.WebKit.GPU,17023864,0.107661583
3,pgpad,9.638,query,78639,11694002414852,com.apple.WebKit.Networking,5767696,0.038554125
3,pgpad,9.638,query,78644,11694015858033,com.apple.audio.SandboxHelper,5440016,0.022527958
3,pgpad,9.893,query,78641,11694002479598,com.apple.WebKit.WebContent,96338688,0.296731042
3,pgpad,9.893,query,78637,11693997334069,pgpad-tauri,31097888,0.393419167
3,pgpad,9.893,query,78638,11694002104363,com.apple.WebKit.GPU,17023864,0.107661583
3,pgpad,9.893,query,78639,11694002414852,com.apple.WebKit.Networking,5767696,0.038554125
3,pgpad,9.893,query,78644,11694015858033,com.apple.audio.SandboxHelper,5440016,0.022527958
3,pgpad,10.147,query,78641,11694002479598,com.apple.WebKit.WebContent,96338688,0.297147167
3,pgpad,10.147,query,78637,11693997334069,pgpad-tauri,31097888,0.393629250
3,pgpad,10.147,query,78638,11694002104363,com.apple.WebKit.GPU,17023864,0.107661583
3,pgpad,10.147,query,78639,11694002414852,com.apple.WebKit.Networking,5767696,0.038554125
3,pgpad,10.147,query,78644,11694015858033,com.apple.audio.SandboxHelper,5440016,0.022527958
3,pgpad,10.401,query,78641,11694002479598,com.apple.WebKit.WebContent,96338688,0.297390792
3,pgpad,10.401,query,78637,11693997334069,pgpad-tauri,31097888,0.393821125
3,pgpad,10.401,query,78638,11694002104363,com.apple.WebKit.GPU,17023864,0.107661583
3,pgpad,10.401,query,78639,11694002414852,com.apple.WebKit.Networking,5767696,0.038554125
3,pgpad,10.401,query,78644,11694015858033,com.apple.audio.SandboxHelper,5440016,0.022527958
3,pgpad,10.656,query,78641,11694002479598,com.apple.WebKit.WebContent,147620608,0.310628833
3,pgpad,10.656,query,78637,11693997334069,pgpad-tauri,31130656,0.399936500
3,pgpad,10.656,query,78638,11694002104363,com.apple.WebKit.GPU,28558200,0.120927542
3,pgpad,10.656,query,78639,11694002414852,com.apple.WebKit.Networking,5702160,0.039722042
3,pgpad,10.656,query,78644,11694015858033,com.apple.audio.SandboxHelper,5440016,0.022527958
3,pgpad,10.912,query,78641,11694002479598,com.apple.WebKit.WebContent,199770880,0.365724792
3,pgpad,10.912,query,78638,11694002104363,com.apple.WebKit.GPU,40600584,0.169610083
3,pgpad,10.912,query,78637,11693997334069,pgpad-tauri,31491104,0.429204125
3,pgpad,10.912,query,78639,11694002414852,com.apple.WebKit.Networking,5702160,0.039810125
3,pgpad,10.912,query,78644,11694015858033,com.apple.audio.SandboxHelper,5440016,0.022527958
3,pgpad,11.164,query,78641,11694002479598,com.apple.WebKit.WebContent,199688960,0.366849042
3,pgpad,11.164,query,78638,11694002104363,com.apple.WebKit.GPU,40059912,0.169773042
3,pgpad,11.164,query,78637,11693997334069,pgpad-tauri,31474720,0.429809125
3,pgpad,11.164,query,78639,11694002414852,com.apple.WebKit.Networking,5685776,0.039924125
3,pgpad,11.164,query,78644,11694015858033,com.apple.audio.SandboxHelper,5440016,0.022527958
3,pgpad,11.419,query,78641,11694002479598,com.apple.WebKit.WebContent,199721728,0.368978083
3,pgpad,11.419,query,78638,11694002104363,com.apple.WebKit.GPU,40059912,0.171915833
3,pgpad,11.419,query,78637,11693997334069,pgpad-tauri,31491104,0.431758125
3,pgpad,11.419,query,78639,11694002414852,com.apple.WebKit.Networking,5685776,0.040201417
3,pgpad,11.419,query,78644,11694015858033,com.apple.audio.SandboxHelper,5440016,0.022527958
3,pgpad,11.674,query,78641,11694002479598,com.apple.WebKit.WebContent,199590656,0.370359875
3,pgpad,11.674,query,78638,11694002104363,com.apple.WebKit.GPU,40059912,0.172480458
3,pgpad,11.674,query,78637,11693997334069,pgpad-tauri,31474720,0.432329625
3,pgpad,11.674,query,78639,11694002414852,com.apple.WebKit.Networking,5685776,0.040522042
3,pgpad,11.674,query,78644,11694015858033,com.apple.audio.SandboxHelper,5440016,0.022527958
3,pgpad,11.929,query,78641,11694002479598,com.apple.WebKit.WebContent,149472000,0.397529375
3,pgpad,11.929,query,78638,11694002104363,com.apple.WebKit.GPU,50938888,0.185115667
3,pgpad,11.929,query,78637,11693997334069,pgpad-tauri,31507488,0.436955292
3,pgpad,11.929,query,78639,11694002414852,com.apple.WebKit.Networking,5685776,0.041302208
3,pgpad,11.929,query,78644,11694015858033,com.apple.audio.SandboxHelper,5440016,0.022527958
3,pgpad,12.183,query,78641,11694002479598,com.apple.WebKit.WebContent,149521152,0.408665875
3,pgpad,12.183,query,78638,11694002104363,com.apple.WebKit.GPU,50349064,0.185763167
3,pgpad,12.183,query,78637,11693997334069,pgpad-tauri,31704096,0.457059583
3,pgpad,12.183,query,78695,11694285669786,com.apple.SafariPlatformSupport,7717464,0.089468708
3,pgpad,12.183,query,78639,11694002414852,com.apple.WebKit.Networking,5685776,0.041366333
3,pgpad,12.183,query,78644,11694015858033,com.apple.audio.SandboxHelper,5440016,0.022527958
3,pgpad,12.438,query,78641,11694002479598,com.apple.WebKit.WebContent,162530048,0.415452042
3,pgpad,12.438,query,78638,11694002104363,com.apple.WebKit.GPU,50398216,0.187540583
3,pgpad,12.438,query,78637,11693997334069,pgpad-tauri,32310304,0.473971208
3,pgpad,12.438,query,78695,11694285669786,com.apple.SafariPlatformSupport,9749080,0.115548958
3,pgpad,12.438,query,78639,11694002414852,com.apple.WebKit.Networking,5685776,0.041407375
3,pgpad,12.438,query,78644,11694015858033,com.apple.audio.SandboxHelper,5440016,0.022527958
3,pgpad,12.692,query,78641,11694002479598,com.apple.WebKit.WebContent,162530048,0.416698792
3,pgpad,12.692,query,78638,11694002104363,com.apple.WebKit.GPU,50398216,0.187985333
3,pgpad,12.692,query,78637,11693997334069,pgpad-tauri,32293920,0.474507875
3,pgpad,12.692,query,78695,11694285669786,com.apple.SafariPlatformSupport,9749080,0.115548958
3,pgpad,12.692,query,78639,11694002414852,com.apple.WebKit.Networking,5685776,0.041656708
3,pgpad,12.692,query,78644,11694015858033,com.apple.audio.SandboxHelper,5440016,0.022527958
3,pgpad,12.947,query,78641,11694002479598,com.apple.WebKit.WebContent,163414784,0.434568333
3,pgpad,12.947,query,78638,11694002104363,com.apple.WebKit.GPU,52282376,0.194067000
3,pgpad,12.947,query,78637,11693997334069,pgpad-tauri,33850400,0.514074042
3,pgpad,12.947,query,78695,11694285669786,com.apple.SafariPlatformSupport,9749080,0.115548958
3,pgpad,12.947,query,78639,11694002414852,com.apple.WebKit.Networking,5685776,0.041751042
3,pgpad,12.947,query,78644,11694015858033,com.apple.audio.SandboxHelper,5440016,0.022527958
3,pgpad,13.203,query,78641,11694002479598,com.apple.WebKit.WebContent,163398400,0.436286000
3,pgpad,13.203,query,78638,11694002104363,com.apple.WebKit.GPU,52282376,0.194721625
3,pgpad,13.203,query,78637,11693997334069,pgpad-tauri,33834016,0.515017042
3,pgpad,13.203,query,78695,11694285669786,com.apple.SafariPlatformSupport,9749080,0.115548958
3,pgpad,13.203,query,78639,11694002414852,com.apple.WebKit.Networking,5685776,0.042017458
3,pgpad,13.203,query,78644,11694015858033,com.apple.audio.SandboxHelper,5440016,0.022527958
3,pgpad,13.458,query,78641,11694002479598,com.apple.WebKit.WebContent,162415360,0.444582083
3,pgpad,13.458,query,78638,11694002104363,com.apple.WebKit.GPU,52298760,0.199400917
3,pgpad,13.458,query,78637,11693997334069,pgpad-tauri,33866784,0.520324083
3,pgpad,13.458,query,78695,11694285669786,com.apple.SafariPlatformSupport,9749080,0.115663542
3,pgpad,13.458,query,78639,11694002414852,com.apple.WebKit.Networking,5685776,0.042078458
3,pgpad,13.458,query,78644,11694015858033,com.apple.audio.SandboxHelper,5440016,0.022527958
3,pgpad,13.714,query,78641,11694002479598,com.apple.WebKit.WebContent,162530048,0.463521917
3,pgpad,13.714,query,78638,11694002104363,com.apple.WebKit.GPU,50709512,0.202414625
3,pgpad,13.714,query,78637,11693997334069,pgpad-tauri,33866784,0.528245792
3,pgpad,13.714,query,78695,11694285669786,com.apple.SafariPlatformSupport,9749080,0.115663542
3,pgpad,13.714,query,78639,11694002414852,com.apple.WebKit.Networking,5685776,0.042078458
3,pgpad,13.714,query,78644,11694015858033,com.apple.audio.SandboxHelper,5440016,0.022527958
3,pgpad,13.969,query,78641,11694002479598,com.apple.WebKit.WebContent,124224256,0.465017583
3,pgpad,13.969,query,78638,11694002104363,com.apple.WebKit.GPU,47547400,0.204686833
3,pgpad,13.969,query,78637,11693997334069,pgpad-tauri,33850400,0.528887917
3,pgpad,13.969,query,78695,11694285669786,com.apple.SafariPlatformSupport,9749080,0.115663542
3,pgpad,13.969,query,78639,11694002414852,com.apple.WebKit.Networking,5685776,0.042078458
3,pgpad,13.969,query,78644,11694015858033,com.apple.audio.SandboxHelper,5440016,0.022527958
3,pgpad,14.224,query,78641,11694002479598,com.apple.WebKit.WebContent,124175104,0.469245792
3,pgpad,14.224,query,78638,11694002104363,com.apple.WebKit.GPU,47547400,0.205380333
3,pgpad,14.224,query,78637,11693997334069,pgpad-tauri,33834016,0.530913792
3,pgpad,14.224,query,78695,11694285669786,com.apple.SafariPlatformSupport,9749080,0.115827833
3,pgpad,14.224,query,78639,11694002414852,com.apple.WebKit.Networking,5685776,0.042078458
3,pgpad,14.224,query,78644,11694015858033,com.apple.audio.SandboxHelper,5440016,0.022527958
3,pgpad,14.479,query,78641,11694002479598,com.apple.WebKit.WebContent,251298584,0.699809375
3,pgpad,14.479,query,78638,11694002104363,com.apple.WebKit.GPU,58000416,0.239334292
3,pgpad,14.479,query,78637,11693997334069,pgpad-tauri,36504632,0.571407083
3,pgpad,14.479,query,78695,11694285669786,com.apple.SafariPlatformSupport,9749080,0.115872458
3,pgpad,14.479,query,78639,11694002414852,com.apple.WebKit.Networking,6275600,0.042078458
3,pgpad,14.479,query,78644,11694015858033,com.apple.audio.SandboxHelper,5440016,0.022527958
3,pgpad,14.730,query,78641,11694002479598,com.apple.WebKit.WebContent,251200280,0.701391042
3,pgpad,14.730,query,78638,11694002104363,com.apple.WebKit.GPU,50218016,0.240232458
3,pgpad,14.730,query,78637,11693997334069,pgpad-tauri,36471864,0.572190917
3,pgpad,14.730,query,78695,11694285669786,com.apple.SafariPlatformSupport,9749080,0.115872458
3,pgpad,14.730,query,78639,11694002414852,com.apple.WebKit.Networking,6275600,0.042078458
3,pgpad,14.730,query,78644,11694015858033,com.apple.audio.SandboxHelper,5440016,0.022527958
3,pgpad,14.985,query,78641,11694002479598,com.apple.WebKit.WebContent,247808792,0.709608333
3,pgpad,14.985,query,78638,11694002104363,com.apple.WebKit.GPU,50185248,0.241105542
3,pgpad,14.985,query,78637,11693997334069,pgpad-tauri,36439096,0.575500500
3,pgpad,14.985,query,78695,11694285669786,com.apple.SafariPlatformSupport,9749080,0.115872458
3,pgpad,14.985,query,78639,11694002414852,com.apple.WebKit.Networking,6275600,0.042078458
3,pgpad,14.985,query,78644,11694015858033,com.apple.audio.SandboxHelper,5440016,0.022527958
3,pgpad,15.241,query,78641,11694002479598,com.apple.WebKit.WebContent,246874904,0.712073875
3,pgpad,15.241,query,78638,11694002104363,com.apple.WebKit.GPU,50185248,0.241660083
3,pgpad,15.241,query,78637,11693997334069,pgpad-tauri,36226104,0.576478208
3,pgpad,15.241,query,78695,11694285669786,com.apple.SafariPlatformSupport,9749080,0.115872458
3,pgpad,15.241,query,78639,11694002414852,com.apple.WebKit.Networking,6275600,0.042078458
3,pgpad,15.241,query,78644,11694015858033,com.apple.audio.SandboxHelper,5440016,0.022527958
3,pgpad,15.496,query,78641,11694002479598,com.apple.WebKit.WebContent,189317912,0.718700667
3,pgpad,15.496,query,78638,11694002104363,com.apple.WebKit.GPU,40305696,0.243712125
3,pgpad,15.496,query,78637,11693997334069,pgpad-tauri,36291640,0.579022375
3,pgpad,15.496,query,78695,11694285669786,com.apple.SafariPlatformSupport,9749080,0.115872458
3,pgpad,15.496,query,78639,11694002414852,com.apple.WebKit.Networking,6423056,0.042078458
3,pgpad,15.496,query,78644,11694015858033,com.apple.audio.SandboxHelper,5440016,0.022527958
3,pgpad,15.750,query,78641,11694002479598,com.apple.WebKit.WebContent,184271640,0.720412708
3,pgpad,15.750,query,78637,11693997334069,pgpad-tauri,36160568,0.579925542
3,pgpad,15.750,query,78638,11694002104363,com.apple.WebKit.GPU,25052192,0.244704042
3,pgpad,15.750,query,78695,11694285669786,com.apple.SafariPlatformSupport,9749080,0.115872458
3,pgpad,15.750,query,78639,11694002414852,com.apple.WebKit.Networking,6423056,0.042078458
3,pgpad,15.750,query,78644,11694015858033,com.apple.audio.SandboxHelper,5440016,0.022527958
3,pgpad,16.005,query,78641,11694002479598,com.apple.WebKit.WebContent,184271640,0.723338125
3,pgpad,16.005,query,78637,11693997334069,pgpad-tauri,36176952,0.581108000
3,pgpad,16.005,query,78638,11694002104363,com.apple.WebKit.GPU,25052192,0.245042125
3,pgpad,16.005,query,78695,11694285669786,com.apple.SafariPlatformSupport,9749080,0.115872458
3,pgpad,16.005,query,78639,11694002414852,com.apple.WebKit.Networking,6406672,0.042198417
3,pgpad,16.005,query,78644,11694015858033,com.apple.audio.SandboxHelper,5440016,0.022527958
3,pgpad,16.258,query,78641,11694002479598,com.apple.WebKit.WebContent,244220696,0.738220833
3,pgpad,16.258,query,78638,11694002104363,com.apple.WebKit.GPU,42419232,0.251785250
3,pgpad,16.258,query,78637,11693997334069,pgpad-tauri,36176952,0.585451583
3,pgpad,16.258,query,78695,11694285669786,com.apple.SafariPlatformSupport,9749080,0.115872458
3,pgpad,16.258,query,78639,11694002414852,com.apple.WebKit.Networking,6423056,0.042198417
3,pgpad,16.258,query,78644,11694015858033,com.apple.audio.SandboxHelper,5440016,0.022527958
3,pgpad,16.513,query,78641,11694002479598,com.apple.WebKit.WebContent,284197656,0.788900542
3,pgpad,16.513,query,78638,11694002104363,com.apple.WebKit.GPU,51102776,0.287212667
3,pgpad,16.513,query,78637,11693997334069,pgpad-tauri,36291640,0.595512792
3,pgpad,16.513,query,78695,11694285669786,com.apple.SafariPlatformSupport,9749080,0.116041292
3,pgpad,16.513,query,78639,11694002414852,com.apple.WebKit.Networking,6439440,0.043155583
3,pgpad,16.513,query,78644,11694015858033,com.apple.audio.SandboxHelper,5440016,0.022527958
3,pgpad,16.768,query,78641,11694002479598,com.apple.WebKit.WebContent,284181272,0.797041167
3,pgpad,16.768,query,78638,11694002104363,com.apple.WebKit.GPU,51119160,0.293606333
3,pgpad,16.768,query,78637,11693997334069,pgpad-tauri,36308024,0.599269917
3,pgpad,16.768,query,78695,11694285669786,com.apple.SafariPlatformSupport,9749080,0.116041292
3,pgpad,16.768,query,78639,11694002414852,com.apple.WebKit.Networking,6439440,0.043244500
3,pgpad,16.768,query,78644,11694015858033,com.apple.audio.SandboxHelper,5440016,0.022527958
3,pgpad,17.023,query,78641,11694002479598,com.apple.WebKit.WebContent,284853016,0.839698083
3,pgpad,17.023,query,78638,11694002104363,com.apple.WebKit.GPU,51168312,0.317259208
3,pgpad,17.023,query,78637,11693997334069,pgpad-tauri,36308024,0.607309958
3,pgpad,17.023,query,78695,11694285669786,com.apple.SafariPlatformSupport,9749080,0.116041292
3,pgpad,17.023,query,78639,11694002414852,com.apple.WebKit.Networking,6439440,0.043349333
3,pgpad,17.023,query,78644,11694015858033,com.apple.audio.SandboxHelper,5440016,0.022527958
3,pgpad,17.278,query,78641,11694002479598,com.apple.WebKit.WebContent,284934936,0.850235500
3,pgpad,17.278,query,78638,11694002104363,com.apple.WebKit.GPU,51151928,0.327741583
3,pgpad,17.278,query,78637,11693997334069,pgpad-tauri,36308024,0.612180625
3,pgpad,17.278,query,78695,11694285669786,com.apple.SafariPlatformSupport,9749080,0.116609500
3,pgpad,17.278,query,78639,11694002414852,com.apple.WebKit.Networking,6439440,0.043591458
3,pgpad,17.278,query,78644,11694015858033,com.apple.audio.SandboxHelper,5440016,0.022527958
3,pgpad,17.533,query,78641,11694002479598,com.apple.WebKit.WebContent,285541144,0.892246833
3,pgpad,17.533,query,78638,11694002104363,com.apple.WebKit.GPU,51201080,0.353683917
3,pgpad,17.533,query,78637,11693997334069,pgpad-tauri,36308024,0.619651292
3,pgpad,17.533,query,78695,11694285669786,com.apple.SafariPlatformSupport,9749080,0.116609500
3,pgpad,17.533,query,78639,11694002414852,com.apple.WebKit.Networking,6439440,0.043745542
3,pgpad,17.533,query,78644,11694015858033,com.apple.audio.SandboxHelper,5440016,0.022527958
3,pgpad,17.785,query,78641,11694002479598,com.apple.WebKit.WebContent,285541144,0.893784833
3,pgpad,17.785,query,78638,11694002104363,com.apple.WebKit.GPU,51102776,0.354142250
3,pgpad,17.785,query,78637,11693997334069,pgpad-tauri,36209720,0.620549625
3,pgpad,17.785,query,78695,11694285669786,com.apple.SafariPlatformSupport,9749080,0.116609500
3,pgpad,17.785,query,78639,11694002414852,com.apple.WebKit.Networking,6390288,0.043935625
3,pgpad,17.785,query,78644,11694015858033,com.apple.audio.SandboxHelper,5440016,0.022527958
3,pgpad,18.036,query,78641,11694002479598,com.apple.WebKit.WebContent,285508376,0.906331750
3,pgpad,18.036,query,78638,11694002104363,com.apple.WebKit.GPU,51168312,0.365687542
3,pgpad,18.036,query,78637,11693997334069,pgpad-tauri,36160568,0.627219458
3,pgpad,18.036,query,78695,11694285669786,com.apple.SafariPlatformSupport,9749080,0.116609500
3,pgpad,18.036,query,78639,11694002414852,com.apple.WebKit.Networking,6390288,0.043989000
3,pgpad,18.036,query,78644,11694015858033,com.apple.audio.SandboxHelper,5440016,0.022527958
3,pgpad,18.290,after-query,78641,11694002479598,com.apple.WebKit.WebContent,272024344,0.945563417
3,pgpad,18.290,after-query,78638,11694002104363,com.apple.WebKit.GPU,51168312,0.387435083
3,pgpad,18.290,after-query,78637,11693997334069,pgpad-tauri,36160568,0.635019917
3,pgpad,18.290,after-query,78695,11694285669786,com.apple.SafariPlatformSupport,9749080,0.116609500
3,pgpad,18.290,after-query,78639,11694002414852,com.apple.WebKit.Networking,6390288,0.043989000
3,pgpad,18.290,after-query,78644,11694015858033,com.apple.audio.SandboxHelper,5440016,0.022527958
3,pgpad,18.541,after-query,78641,11694002479598,com.apple.WebKit.WebContent,272007960,0.946572417
3,pgpad,18.541,after-query,78638,11694002104363,com.apple.WebKit.GPU,48759864,0.387994667
3,pgpad,18.541,after-query,78637,11693997334069,pgpad-tauri,36095032,0.635658083
3,pgpad,18.541,after-query,78695,11694285669786,com.apple.SafariPlatformSupport,9749080,0.116609500
3,pgpad,18.541,after-query,78639,11694002414852,com.apple.WebKit.Networking,6390288,0.043989000
3,pgpad,18.541,after-query,78644,11694015858033,com.apple.audio.SandboxHelper,5440016,0.022527958
3,pgpad,18.793,after-query,78641,11694002479598,com.apple.WebKit.WebContent,271991576,0.948887125
3,pgpad,18.793,after-query,78638,11694002104363,com.apple.WebKit.GPU,48727096,0.388673333
3,pgpad,18.793,after-query,78637,11693997334069,pgpad-tauri,35914808,0.637580708
3,pgpad,18.793,after-query,78695,11694285669786,com.apple.SafariPlatformSupport,9749080,0.116609500
3,pgpad,18.793,after-query,78639,11694002414852,com.apple.WebKit.Networking,6390288,0.043989000
3,pgpad,18.793,after-query,78644,11694015858033,com.apple.audio.SandboxHelper,5440016,0.022527958
3,pgpad,19.048,after-query,78641,11694002479598,com.apple.WebKit.WebContent,271565592,0.949797250
3,pgpad,19.048,after-query,78638,11694002104363,com.apple.WebKit.GPU,48727096,0.389022375
3,pgpad,19.048,after-query,78637,11693997334069,pgpad-tauri,35898424,0.638111667
3,pgpad,19.048,after-query,78695,11694285669786,com.apple.SafariPlatformSupport,9749080,0.116609500
3,pgpad,19.048,after-query,78639,11694002414852,com.apple.WebKit.Networking,6390288,0.043989000
3,pgpad,19.048,after-query,78644,11694015858033,com.apple.audio.SandboxHelper,5440016,0.022527958
3,pgpad,19.303,after-query,78641,11694002479598,com.apple.WebKit.WebContent,245449496,0.950928708
3,pgpad,19.303,after-query,78638,11694002104363,com.apple.WebKit.GPU,46908472,0.391670375
3,pgpad,19.303,after-query,78637,11693997334069,pgpad-tauri,35865656,0.638350083
3,pgpad,19.303,after-query,78695,11694285669786,com.apple.SafariPlatformSupport,9749080,0.116609500
3,pgpad,19.303,after-query,78639,11694002414852,com.apple.WebKit.Networking,6390288,0.043989000
3,pgpad,19.303,after-query,78644,11694015858033,com.apple.audio.SandboxHelper,5440016,0.022527958
3,pgpad,19.555,after-query,78641,11694002479598,com.apple.WebKit.WebContent,186286872,0.951415000
3,pgpad,19.555,after-query,78637,11693997334069,pgpad-tauri,35669048,0.638832500
3,pgpad,19.555,after-query,78638,11694002104363,com.apple.WebKit.GPU,23069752,0.392462042
3,pgpad,19.555,after-query,78695,11694285669786,com.apple.SafariPlatformSupport,9749104,0.117224083
3,pgpad,19.555,after-query,78639,11694002414852,com.apple.WebKit.Networking,6521360,0.043989000
3,pgpad,19.555,after-query,78644,11694015858033,com.apple.audio.SandboxHelper,5440016,0.022527958
3,pgpad,19.806,after-query,78641,11694002479598,com.apple.WebKit.WebContent,186909464,0.951813208
3,pgpad,19.806,after-query,78637,11693997334069,pgpad-tauri,35685432,0.638885583
3,pgpad,19.806,after-query,78638,11694002104363,com.apple.WebKit.GPU,23299128,0.392725458
3,pgpad,19.806,after-query,78695,11694285669786,com.apple.SafariPlatformSupport,9749104,0.117224083
3,pgpad,19.806,after-query,78639,11694002414852,com.apple.WebKit.Networking,6521360,0.043989000
3,pgpad,19.806,after-query,78644,11694015858033,com.apple.audio.SandboxHelper,5440016,0.022527958
3,pgpad,20.056,after-query,78641,11694002479598,com.apple.WebKit.WebContent,186909464,0.952219833
3,pgpad,20.056,after-query,78637,11693997334069,pgpad-tauri,35685432,0.638885583
3,pgpad,20.056,after-query,78638,11694002104363,com.apple.WebKit.GPU,23299128,0.392971583
3,pgpad,20.056,after-query,78695,11694285669786,com.apple.SafariPlatformSupport,9749104,0.117224083
3,pgpad,20.056,after-query,78639,11694002414852,com.apple.WebKit.Networking,6521360,0.043989000
3,pgpad,20.056,after-query,78644,11694015858033,com.apple.audio.SandboxHelper,5440016,0.022527958
3,pgpad,20.311,after-query,78641,11694002479598,com.apple.WebKit.WebContent,186876696,0.952219833
3,pgpad,20.311,after-query,78637,11693997334069,pgpad-tauri,35685432,0.638935750
3,pgpad,20.311,after-query,78638,11694002104363,com.apple.WebKit.GPU,23299128,0.393261583
3,pgpad,20.311,after-query,78695,11694285669786,com.apple.SafariPlatformSupport,9749104,0.117224083
3,pgpad,20.311,after-query,78639,11694002414852,com.apple.WebKit.Networking,6521360,0.043989000
3,pgpad,20.311,after-query,78644,11694015858033,com.apple.audio.SandboxHelper,5440016,0.022527958
3,pgpad,20.566,after-query,78641,11694002479598,com.apple.WebKit.WebContent,186876696,0.952219833
3,pgpad,20.566,after-query,78637,11693997334069,pgpad-tauri,35685432,0.638935750
3,pgpad,20.566,after-query,78638,11694002104363,com.apple.WebKit.GPU,23184440,0.393638167
3,pgpad,20.566,after-query,78695,11694285669786,com.apple.SafariPlatformSupport,9749104,0.117224083
3,pgpad,20.566,after-query,78639,11694002414852,com.apple.WebKit.Networking,6521360,0.043989000
3,pgpad,20.566,after-query,78644,11694015858033,com.apple.audio.SandboxHelper,5440016,0.022527958
3,pgpad,20.819,after-query,78641,11694002479598,com.apple.WebKit.WebContent,186794776,0.952647792
3,pgpad,20.819,after-query,78637,11693997334069,pgpad-tauri,35669048,0.639085000
3,pgpad,20.819,after-query,78638,11694002104363,com.apple.WebKit.GPU,23184440,0.393729833
3,pgpad,20.819,after-query,78695,11694285669786,com.apple.SafariPlatformSupport,9749104,0.117224083
3,pgpad,20.819,after-query,78639,11694002414852,com.apple.WebKit.Networking,6521360,0.043989000
3,pgpad,20.819,after-query,78644,11694015858033,com.apple.audio.SandboxHelper,5440016,0.022527958
3,pgpad,21.074,after-query,78641,11694002479598,com.apple.WebKit.WebContent,186827544,0.955466208
3,pgpad,21.074,after-query,78637,11693997334069,pgpad-tauri,35669048,0.640953167
3,pgpad,21.074,after-query,78638,11694002104363,com.apple.WebKit.GPU,23184440,0.393729833
3,pgpad,21.074,after-query,78695,11694285669786,com.apple.SafariPlatformSupport,9749104,0.117224083
3,pgpad,21.074,after-query,78639,11694002414852,com.apple.WebKit.Networking,6521360,0.043989000
3,pgpad,21.074,after-query,78644,11694015858033,com.apple.audio.SandboxHelper,5440016,0.022527958
3,pgpad,21.324,after-query,78641,11694002479598,com.apple.WebKit.WebContent,186827544,0.955823333
3,pgpad,21.324,after-query,78637,11693997334069,pgpad-tauri,35669048,0.641135083
3,pgpad,21.324,after-query,78638,11694002104363,com.apple.WebKit.GPU,23184440,0.393729833
3,pgpad,21.324,after-query,78695,11694285669786,com.apple.SafariPlatformSupport,9749104,0.117224083
3,pgpad,21.324,after-query,78639,11694002414852,com.apple.WebKit.Networking,6521360,0.043989000
3,pgpad,21.324,after-query,78644,11694015858033,com.apple.audio.SandboxHelper,5440016,0.022527958
3,pgpad,21.576,after-query,78641,11694002479598,com.apple.WebKit.WebContent,186745624,0.956116958
3,pgpad,21.576,after-query,78637,11693997334069,pgpad-tauri,35669048,0.641365708
3,pgpad,21.576,after-query,78638,11694002104363,com.apple.WebKit.GPU,23184440,0.393729833
3,pgpad,21.576,after-query,78695,11694285669786,com.apple.SafariPlatformSupport,9749104,0.117224083
3,pgpad,21.576,after-query,78639,11694002414852,com.apple.WebKit.Networking,6521360,0.043989000
3,pgpad,21.576,after-query,78644,11694015858033,com.apple.audio.SandboxHelper,5440016,0.022527958
3,pgpad,21.832,after-query,78641,11694002479598,com.apple.WebKit.WebContent,186745624,0.956763875
3,pgpad,21.832,after-query,78637,11693997334069,pgpad-tauri,35669048,0.641663292
3,pgpad,21.832,after-query,78638,11694002104363,com.apple.WebKit.GPU,23184440,0.393729833
3,pgpad,21.832,after-query,78695,11694285669786,com.apple.SafariPlatformSupport,9732720,0.117530917
3,pgpad,21.832,after-query,78639,11694002414852,com.apple.WebKit.Networking,6521360,0.043989000
3,pgpad,21.832,after-query,78644,11694015858033,com.apple.audio.SandboxHelper,5440016,0.022527958
3,pgpad,22.087,after-query,78641,11694002479598,com.apple.WebKit.WebContent,186745624,0.957033250
3,pgpad,22.087,after-query,78637,11693997334069,pgpad-tauri,35669048,0.642038708
3,pgpad,22.087,after-query,78638,11694002104363,com.apple.WebKit.GPU,23184440,0.393729833
3,pgpad,22.087,after-query,78695,11694285669786,com.apple.SafariPlatformSupport,9732720,0.117530917
3,pgpad,22.087,after-query,78639,11694002414852,com.apple.WebKit.Networking,6521360,0.043989000
3,pgpad,22.087,after-query,78644,11694015858033,com.apple.audio.SandboxHelper,5440016,0.022527958
3,pgpad,22.341,after-query,78641,11694002479598,com.apple.WebKit.WebContent,186745624,0.957496583
3,pgpad,22.341,after-query,78637,11693997334069,pgpad-tauri,35669048,0.642439583
3,pgpad,22.341,after-query,78638,11694002104363,com.apple.WebKit.GPU,23184440,0.393729833
3,pgpad,22.341,after-query,78695,11694285669786,com.apple.SafariPlatformSupport,9732720,0.117530917
3,pgpad,22.341,after-query,78639,11694002414852,com.apple.WebKit.Networking,6521360,0.043989000
3,pgpad,22.341,after-query,78644,11694015858033,com.apple.audio.SandboxHelper,5440016,0.022527958
3,pgpad,22.594,after-query,78641,11694002479598,com.apple.WebKit.WebContent,186745624,0.957496583
3,pgpad,22.594,after-query,78637,11693997334069,pgpad-tauri,35669048,0.642561000
3,pgpad,22.594,after-query,78638,11694002104363,com.apple.WebKit.GPU,23184440,0.393729833
3,pgpad,22.594,after-query,78695,11694285669786,com.apple.SafariPlatformSupport,9732720,0.117530917
3,pgpad,22.594,after-query,78639,11694002414852,com.apple.WebKit.Networking,6521360,0.043989000
3,pgpad,22.594,after-query,78644,11694015858033,com.apple.audio.SandboxHelper,5440016,0.022527958
3,pgpad,22.849,after-query,78641,11694002479598,com.apple.WebKit.WebContent,186762008,0.957605917
3,pgpad,22.849,after-query,78637,11693997334069,pgpad-tauri,35669048,0.642561000
3,pgpad,22.849,after-query,78638,11694002104363,com.apple.WebKit.GPU,23184440,0.393729833
3,pgpad,22.849,after-query,78695,11694285669786,com.apple.SafariPlatformSupport,9732720,0.117530917
3,pgpad,22.849,after-query,78639,11694002414852,com.apple.WebKit.Networking,6521360,0.043989000
3,pgpad,22.849,after-query,78644,11694015858033,com.apple.audio.SandboxHelper,5440016,0.022527958
3,pgpad,23.100,after-query,78641,11694002479598,com.apple.WebKit.WebContent,186762008,0.957605917
3,pgpad,23.100,after-query,78637,11693997334069,pgpad-tauri,35669048,0.642561000
3,pgpad,23.100,after-query,78638,11694002104363,com.apple.WebKit.GPU,23184440,0.393729833
3,pgpad,23.100,after-query,78695,11694285669786,com.apple.SafariPlatformSupport,9732720,0.117530917
3,pgpad,23.100,after-query,78639,11694002414852,com.apple.WebKit.Networking,6521360,0.043989000
3,pgpad,23.100,after-query,78644,11694015858033,com.apple.audio.SandboxHelper,5440016,0.022527958
3,pgpad,23.355,after-query,78641,11694002479598,com.apple.WebKit.WebContent,186762008,0.957605917
3,pgpad,23.355,after-query,78637,11693997334069,pgpad-tauri,35619896,0.642842208
3,pgpad,23.355,after-query,78638,11694002104363,com.apple.WebKit.GPU,23053368,0.393924458
3,pgpad,23.355,after-query,78695,11694285669786,com.apple.SafariPlatformSupport,9732720,0.117530917
3,pgpad,23.355,after-query,78639,11694002414852,com.apple.WebKit.Networking,6521360,0.043989000
3,pgpad,23.355,after-query,78644,11694015858033,com.apple.audio.SandboxHelper,5440016,0.022527958
3,pgpad,23.607,after-query,78641,11694002479598,com.apple.WebKit.WebContent,189612824,0.957605917
3,pgpad,23.607,after-query,78637,11693997334069,pgpad-tauri,35636280,0.642842208
3,pgpad,23.607,after-query,78638,11694002104363,com.apple.WebKit.GPU,23397432,0.393924458
3,pgpad,23.607,after-query,78695,11694285669786,com.apple.SafariPlatformSupport,12092016,0.117530917
3,pgpad,23.607,after-query,78639,11694002414852,com.apple.WebKit.Networking,6537744,0.043989000
3,pgpad,23.607,after-query,78644,11694015858033,com.apple.audio.SandboxHelper,5440016,0.022527958
3,dbeaver,0.253,launch,78765,11694684746600,dbeaver,21316496,0.113559458
3,dbeaver,0.508,launch,78765,11694684746600,dbeaver,66896928,0.549723417
3,dbeaver,0.763,launch,78765,11694684746600,dbeaver,114590824,1.146671750
3,dbeaver,1.018,launch,78765,11694684746600,dbeaver,138429544,1.681569583
3,dbeaver,1.273,launch,78765,11694684746600,dbeaver,157992040,2.296282083
3,dbeaver,1.529,launch,78765,11694684746600,dbeaver,193693016,2.972037083
3,dbeaver,1.785,launch,78765,11694684746600,dbeaver,232195536,3.761375125
3,dbeaver,2.040,launch,78765,11694684746600,dbeaver,262784464,4.206545833
3,dbeaver,2.295,launch,78765,11694684746600,dbeaver,276530640,4.798499917
3,dbeaver,2.550,launch,78765,11694684746600,dbeaver,286819792,5.684079875
3,dbeaver,2.805,launch,78765,11694684746600,dbeaver,296764880,6.655177375
3,dbeaver,3.060,launch,78765,11694684746600,dbeaver,312165864,7.320460625
3,dbeaver,3.315,launch,78765,11694684746600,dbeaver,322143984,8.041788542
3,dbeaver,3.570,launch,78765,11694684746600,dbeaver,627148888,8.698438417
3,dbeaver,3.824,settle,78765,11694684746600,dbeaver,832997464,9.458478417
3,dbeaver,3.824,settle,78783,11694769738065,com.apple.SafariPlatformSupport,9634416,0.115262042
3,dbeaver,4.080,settle,78765,11694684746600,dbeaver,941770840,10.233194750
3,dbeaver,4.080,settle,78783,11694769738065,com.apple.SafariPlatformSupport,9667184,0.116663292
3,dbeaver,4.335,settle,78765,11694684746600,dbeaver,984926296,10.527819417
3,dbeaver,4.335,settle,78783,11694769738065,com.apple.SafariPlatformSupport,9667184,0.116663292
3,dbeaver,4.590,settle,78765,11694684746600,dbeaver,1055328344,11.208555458
3,dbeaver,4.590,settle,78783,11694769738065,com.apple.SafariPlatformSupport,9667184,0.116663292
3,dbeaver,4.845,settle,78765,11694684746600,dbeaver,1052870744,11.236844375
3,dbeaver,4.845,settle,78783,11694769738065,com.apple.SafariPlatformSupport,9667184,0.116878958
3,dbeaver,5.101,settle,78765,11694684746600,dbeaver,987465816,11.269502292
3,dbeaver,5.101,settle,78783,11694769738065,com.apple.SafariPlatformSupport,9667184,0.116878958
3,dbeaver,5.356,settle,78765,11694684746600,dbeaver,830392408,11.293544167
3,dbeaver,5.356,settle,78783,11694769738065,com.apple.SafariPlatformSupport,9667184,0.116878958
3,dbeaver,5.607,settle,78765,11694684746600,dbeaver,823068760,11.304531625
3,dbeaver,5.607,settle,78783,11694769738065,com.apple.SafariPlatformSupport,9667184,0.116878958
3,dbeaver,5.859,settle,78765,11694684746600,dbeaver,724076632,11.318689458
3,dbeaver,5.859,settle,78783,11694769738065,com.apple.SafariPlatformSupport,9667184,0.117094458
3,dbeaver,6.113,settle,78765,11694684746600,dbeaver,710641752,11.329493333
3,dbeaver,6.113,settle,78783,11694769738065,com.apple.SafariPlatformSupport,9667184,0.117156458
3,dbeaver,6.365,settle,78765,11694684746600,dbeaver,710658136,11.351910292
3,dbeaver,6.365,settle,78783,11694769738065,com.apple.SafariPlatformSupport,9667184,0.117156458
3,dbeaver,6.620,settle,78765,11694684746600,dbeaver,710658136,11.359461292
3,dbeaver,6.620,settle,78783,11694769738065,com.apple.SafariPlatformSupport,9667184,0.117156458
3,dbeaver,6.876,settle,78765,11694684746600,dbeaver,710658136,11.371506208
3,dbeaver,6.876,settle,78783,11694769738065,com.apple.SafariPlatformSupport,9667184,0.117156458
3,dbeaver,7.131,settle,78765,11694684746600,dbeaver,710838360,11.394853000
3,dbeaver,7.131,settle,78783,11694769738065,com.apple.SafariPlatformSupport,9667184,0.117156458
3,dbeaver,7.387,settle,78765,11694684746600,dbeaver,672991320,11.405408167
3,dbeaver,7.387,settle,78783,11694769738065,com.apple.SafariPlatformSupport,9667184,0.117156458
3,dbeaver,7.638,settle,78765,11694684746600,dbeaver,710854744,11.418588375
3,dbeaver,7.638,settle,78783,11694769738065,com.apple.SafariPlatformSupport,9667184,0.117156458
3,dbeaver,7.893,settle,78765,11694684746600,dbeaver,710854744,11.430033167
3,dbeaver,7.893,settle,78783,11694769738065,com.apple.SafariPlatformSupport,9667184,0.117309417
3,dbeaver,8.145,settle,78765,11694684746600,dbeaver,710838360,11.446139125
3,dbeaver,8.145,settle,78783,11694769738065,com.apple.SafariPlatformSupport,9667184,0.117309417
3,dbeaver,8.399,settle,78765,11694684746600,dbeaver,710838360,11.456063167
3,dbeaver,8.399,settle,78783,11694769738065,com.apple.SafariPlatformSupport,9667184,0.117309417
3,dbeaver,8.653,settle,78765,11694684746600,dbeaver,710658136,11.469563708
3,dbeaver,8.653,settle,78783,11694769738065,com.apple.SafariPlatformSupport,9667184,0.117484958
3,dbeaver,8.907,query,78765,11694684746600,dbeaver,710658136,11.474659708
3,dbeaver,8.907,query,78783,11694769738065,com.apple.SafariPlatformSupport,9667184,0.117749167
3,dbeaver,9.163,query,78765,11694684746600,dbeaver,710494296,11.486977917
3,dbeaver,9.163,query,78783,11694769738065,com.apple.SafariPlatformSupport,9667184,0.117749167
3,dbeaver,9.418,query,78765,11694684746600,dbeaver,710510680,11.500992750
3,dbeaver,9.418,query,78783,11694769738065,com.apple.SafariPlatformSupport,9667184,0.117749167
3,dbeaver,9.673,query,78765,11694684746600,dbeaver,710527064,11.510883833
3,dbeaver,9.673,query,78783,11694769738065,com.apple.SafariPlatformSupport,9667184,0.117749167
3,dbeaver,9.928,query,78765,11694684746600,dbeaver,710527064,11.517137875
3,dbeaver,9.928,query,78783,11694769738065,com.apple.SafariPlatformSupport,9667184,0.117749167
3,dbeaver,10.179,query,78765,11694684746600,dbeaver,672680024,11.523285333
3,dbeaver,10.179,query,78783,11694769738065,com.apple.SafariPlatformSupport,9667184,0.117749167
3,dbeaver,10.430,query,78765,11694684746600,dbeaver,710559832,11.534027167
3,dbeaver,10.430,query,78783,11694769738065,com.apple.SafariPlatformSupport,9667184,0.117749167
3,dbeaver,10.685,query,78765,11694684746600,dbeaver,710576216,11.541650875
3,dbeaver,10.685,query,78783,11694769738065,com.apple.SafariPlatformSupport,9667184,0.117749167
3,dbeaver,10.940,query,78765,11694684746600,dbeaver,710527064,11.552689833
3,dbeaver,10.940,query,78783,11694769738065,com.apple.SafariPlatformSupport,9667184,0.117749167
3,dbeaver,11.195,query,78765,11694684746600,dbeaver,710527064,11.557739708
3,dbeaver,11.195,query,78783,11694769738065,com.apple.SafariPlatformSupport,9650800,0.117855792
3,dbeaver,11.450,query,78765,11694684746600,dbeaver,710527064,11.569904375
3,dbeaver,11.450,query,78783,11694769738065,com.apple.SafariPlatformSupport,9650800,0.117855792
3,dbeaver,11.706,query,78765,11694684746600,dbeaver,710543448,11.584486333
3,dbeaver,11.706,query,78783,11694769738065,com.apple.SafariPlatformSupport,9650800,0.117855792
3,dbeaver,11.961,query,78765,11694684746600,dbeaver,710559832,11.596382958
3,dbeaver,11.961,query,78783,11694769738065,com.apple.SafariPlatformSupport,9650800,0.117855792
3,dbeaver,12.216,query,78765,11694684746600,dbeaver,710559832,11.600866708
3,dbeaver,12.216,query,78783,11694769738065,com.apple.SafariPlatformSupport,9650800,0.117855792
3,dbeaver,12.471,query,78765,11694684746600,dbeaver,710576216,11.609491417
3,dbeaver,12.471,query,78783,11694769738065,com.apple.SafariPlatformSupport,9650800,0.117855792
3,dbeaver,12.726,query,78765,11694684746600,dbeaver,710592600,11.614142833
3,dbeaver,12.726,query,78783,11694769738065,com.apple.SafariPlatformSupport,9650800,0.117855792
3,dbeaver,12.981,query,78765,11694684746600,dbeaver,710592600,11.619374583
3,dbeaver,12.981,query,78783,11694769738065,com.apple.SafariPlatformSupport,9650800,0.117855792
3,dbeaver,13.236,query,78765,11694684746600,dbeaver,710592600,11.628017625
3,dbeaver,13.236,query,78783,11694769738065,com.apple.SafariPlatformSupport,9650800,0.117855792
3,dbeaver,13.491,query,78765,11694684746600,dbeaver,710592600,11.633855583
3,dbeaver,13.491,query,78783,11694769738065,com.apple.SafariPlatformSupport,9650800,0.117855792
3,dbeaver,13.746,query,78765,11694684746600,dbeaver,710608912,11.657749417
3,dbeaver,13.746,query,78783,11694769738065,com.apple.SafariPlatformSupport,9650800,0.117855792
3,dbeaver,14.001,query,78765,11694684746600,dbeaver,710625296,11.674937208
3,dbeaver,14.001,query,78783,11694769738065,com.apple.SafariPlatformSupport,9634416,0.117983458
3,dbeaver,14.256,query,78765,11694684746600,dbeaver,711673872,11.753112292
3,dbeaver,14.256,query,78783,11694769738065,com.apple.SafariPlatformSupport,9634416,0.117983458
3,dbeaver,14.511,query,78765,11694684746600,dbeaver,791644176,11.826541667
3,dbeaver,14.511,query,78783,11694769738065,com.apple.SafariPlatformSupport,9634416,0.117983458
3,dbeaver,14.766,query,78765,11694684746600,dbeaver,800507944,12.081772667
3,dbeaver,14.766,query,78783,11694769738065,com.apple.SafariPlatformSupport,9634416,0.117983458
3,dbeaver,15.021,query,78765,11694684746600,dbeaver,759957544,12.108433667
3,dbeaver,15.021,query,78783,11694769738065,com.apple.SafariPlatformSupport,9634416,0.117983458
3,dbeaver,15.276,query,78765,11694684746600,dbeaver,760023080,12.123752417
3,dbeaver,15.276,query,78783,11694769738065,com.apple.SafariPlatformSupport,9634416,0.117983458
3,dbeaver,15.531,query,78765,11694684746600,dbeaver,760072232,12.150104875
3,dbeaver,15.531,query,78783,11694769738065,com.apple.SafariPlatformSupport,9634416,0.117983458
3,dbeaver,15.786,query,78765,11694684746600,dbeaver,760317992,12.169496417
3,dbeaver,15.786,query,78783,11694769738065,com.apple.SafariPlatformSupport,9634416,0.117983458
3,dbeaver,16.041,query,78765,11694684746600,dbeaver,719439912,12.184021625
3,dbeaver,16.041,query,78783,11694769738065,com.apple.SafariPlatformSupport,9634416,0.117983458
3,dbeaver,16.296,query,78765,11694684746600,dbeaver,719456296,12.193107042
3,dbeaver,16.296,query,78783,11694769738065,com.apple.SafariPlatformSupport,9634416,0.117983458
3,dbeaver,16.551,query,78765,11694684746600,dbeaver,856852520,12.506576458
3,dbeaver,16.551,query,78783,11694769738065,com.apple.SafariPlatformSupport,9634416,0.117983458
3,dbeaver,16.806,query,78765,11694684746600,dbeaver,912296000,13.277763875
3,dbeaver,16.806,query,78783,11694769738065,com.apple.SafariPlatformSupport,9634416,0.117983458
3,dbeaver,17.062,query,78765,11694684746600,dbeaver,921389144,13.825911625
3,dbeaver,17.062,query,78783,11694769738065,com.apple.SafariPlatformSupport,9634416,0.117983458
3,dbeaver,17.315,query,78765,11694684746600,dbeaver,922667096,13.923435583
3,dbeaver,17.315,query,78783,11694769738065,com.apple.SafariPlatformSupport,9634416,0.117983458
3,dbeaver,17.569,query,78765,11694684746600,dbeaver,922814552,14.035955792
3,dbeaver,17.569,query,78783,11694769738065,com.apple.SafariPlatformSupport,9634416,0.117983458
3,dbeaver,17.825,query,78765,11694684746600,dbeaver,921602136,14.050809208
3,dbeaver,17.825,query,78783,11694769738065,com.apple.SafariPlatformSupport,9634416,0.117983458
3,dbeaver,18.080,query,78765,11694684746600,dbeaver,921258120,14.090825583
3,dbeaver,18.080,query,78783,11694769738065,com.apple.SafariPlatformSupport,9634416,0.117983458
3,dbeaver,18.335,query,78765,11694684746600,dbeaver,747571336,14.223609417
3,dbeaver,18.335,query,78783,11694769738065,com.apple.SafariPlatformSupport,9634416,0.117983458
3,dbeaver,18.590,query,78765,11694684746600,dbeaver,747636872,14.284725458
3,dbeaver,18.590,query,78783,11694769738065,com.apple.SafariPlatformSupport,9634416,0.117983458
3,dbeaver,18.845,query,78765,11694684746600,dbeaver,747817096,14.399208708
3,dbeaver,18.845,query,78783,11694769738065,com.apple.SafariPlatformSupport,9634416,0.117983458
3,dbeaver,19.101,query,78765,11694684746600,dbeaver,741591176,14.523588667
3,dbeaver,19.101,query,78783,11694769738065,com.apple.SafariPlatformSupport,9634416,0.117983458
3,dbeaver,19.356,query,78765,11694684746600,dbeaver,741656712,14.592075792
3,dbeaver,19.356,query,78783,11694769738065,com.apple.SafariPlatformSupport,9601648,0.118189000
3,dbeaver,19.611,query,78765,11694684746600,dbeaver,741689480,14.712723500
3,dbeaver,19.611,query,78783,11694769738065,com.apple.SafariPlatformSupport,9601648,0.118189000
3,dbeaver,19.866,query,78765,11694684746600,dbeaver,741755016,14.854481083
3,dbeaver,19.866,query,78783,11694769738065,com.apple.SafariPlatformSupport,9601648,0.118189000
3,dbeaver,20.121,query,78765,11694684746600,dbeaver,741951624,14.958669875
3,dbeaver,20.121,query,78783,11694769738065,com.apple.SafariPlatformSupport,9601648,0.118189000
3,dbeaver,20.374,query,78765,11694684746600,dbeaver,751159432,15.077135417
3,dbeaver,20.374,query,78783,11694769738065,com.apple.SafariPlatformSupport,9601648,0.118189000
3,dbeaver,20.629,query,78765,11694684746600,dbeaver,751192200,15.153946917
3,dbeaver,20.629,query,78783,11694769738065,com.apple.SafariPlatformSupport,9601648,0.118189000
3,dbeaver,20.880,query,78765,11694684746600,dbeaver,869632136,15.335439833
3,dbeaver,20.880,query,78783,11694769738065,com.apple.SafariPlatformSupport,9601648,0.118189000
3,dbeaver,21.134,query,78765,11694684746600,dbeaver,871319688,15.393192083
3,dbeaver,21.134,query,78783,11694769738065,com.apple.SafariPlatformSupport,9601648,0.118189000
3,dbeaver,21.389,query,78765,11694684746600,dbeaver,857999496,15.503975500
3,dbeaver,21.389,query,78783,11694769738065,com.apple.SafariPlatformSupport,9601648,0.118189000
3,dbeaver,21.644,query,78765,11694684746600,dbeaver,853837960,15.550771750
3,dbeaver,21.644,query,78783,11694769738065,com.apple.SafariPlatformSupport,9601648,0.118189000
3,dbeaver,21.899,query,78765,11694684746600,dbeaver,853837960,15.622348667
3,dbeaver,21.899,query,78783,11694769738065,com.apple.SafariPlatformSupport,9601648,0.118189000
3,dbeaver,22.154,query,78765,11694684746600,dbeaver,745064584,15.673662000
3,dbeaver,22.154,query,78783,11694769738065,com.apple.SafariPlatformSupport,9601648,0.118189000
3,dbeaver,22.410,after-query,78765,11694684746600,dbeaver,745064584,15.682600458
3,dbeaver,22.410,after-query,78783,11694769738065,com.apple.SafariPlatformSupport,9601648,0.118189000
3,dbeaver,22.665,after-query,78765,11694684746600,dbeaver,745031816,15.696966625
3,dbeaver,22.665,after-query,78783,11694769738065,com.apple.SafariPlatformSupport,9601648,0.118189000
3,dbeaver,22.920,after-query,78765,11694684746600,dbeaver,742606984,15.703238542
3,dbeaver,22.920,after-query,78783,11694769738065,com.apple.SafariPlatformSupport,9601648,0.118189000
3,dbeaver,23.175,after-query,78765,11694684746600,dbeaver,742574216,15.714549417
3,dbeaver,23.175,after-query,78783,11694769738065,com.apple.SafariPlatformSupport,9601648,0.118189000
3,dbeaver,23.430,after-query,78765,11694684746600,dbeaver,731285640,15.723254708
3,dbeaver,23.430,after-query,78783,11694769738065,com.apple.SafariPlatformSupport,9601648,0.118189000
3,dbeaver,23.683,after-query,78765,11694684746600,dbeaver,731285640,15.732190542
3,dbeaver,23.683,after-query,78783,11694769738065,com.apple.SafariPlatformSupport,9601648,0.118189000
3,dbeaver,23.938,after-query,78765,11694684746600,dbeaver,731252872,15.752114583
3,dbeaver,23.938,after-query,78783,11694769738065,com.apple.SafariPlatformSupport,9601648,0.118189000
3,dbeaver,24.191,after-query,78765,11694684746600,dbeaver,731252872,15.761005417
3,dbeaver,24.191,after-query,78783,11694769738065,com.apple.SafariPlatformSupport,9601648,0.118189000
3,dbeaver,24.441,after-query,78765,11694684746600,dbeaver,731302024,15.776750708
3,dbeaver,24.441,after-query,78783,11694769738065,com.apple.SafariPlatformSupport,9601648,0.118189000
3,dbeaver,24.696,after-query,78765,11694684746600,dbeaver,731318408,15.792088042
3,dbeaver,24.696,after-query,78783,11694769738065,com.apple.SafariPlatformSupport,9601648,0.118189000
3,dbeaver,24.952,after-query,78765,11694684746600,dbeaver,731318408,15.802413792
3,dbeaver,24.952,after-query,78783,11694769738065,com.apple.SafariPlatformSupport,9601648,0.118189000
3,dbeaver,25.207,after-query,78765,11694684746600,dbeaver,731318408,15.809408875
3,dbeaver,25.207,after-query,78783,11694769738065,com.apple.SafariPlatformSupport,9601648,0.118189000
3,dbeaver,25.462,after-query,78765,11694684746600,dbeaver,731318408,15.820777458
3,dbeaver,25.462,after-query,78783,11694769738065,com.apple.SafariPlatformSupport,9601648,0.118189000
3,dbeaver,25.716,after-query,78765,11694684746600,dbeaver,731121776,15.828226250
3,dbeaver,25.716,after-query,78783,11694769738065,com.apple.SafariPlatformSupport,9601648,0.118189000
3,dbeaver,25.972,after-query,78765,11694684746600,dbeaver,730925168,15.838779292
3,dbeaver,25.972,after-query,78783,11694769738065,com.apple.SafariPlatformSupport,9601648,0.118189000
3,dbeaver,26.227,after-query,78765,11694684746600,dbeaver,730925168,15.846403375
3,dbeaver,26.227,after-query,78783,11694769738065,com.apple.SafariPlatformSupport,9601648,0.118189000
3,dbeaver,26.482,after-query,78765,11694684746600,dbeaver,730925168,15.852776375
3,dbeaver,26.482,after-query,78783,11694769738065,com.apple.SafariPlatformSupport,9601648,0.118189000
3,dbeaver,26.732,after-query,78765,11694684746600,dbeaver,730974320,15.873952417
3,dbeaver,26.732,after-query,78783,11694769738065,com.apple.SafariPlatformSupport,9601648,0.118189000
3,dbgate,0.252,launch,78916,11695464800976,DbGate,8209272,0.094890875
3,dbgate,0.507,launch,78916,11695464800976,DbGate,40289768,0.279185875
3,dbgate,0.507,launch,78918,11695474879253,DbGate Helper (GPU),4932328,0.038058917
3,dbgate,0.507,launch,78919,11695475011891,DbGate Helper,3981960,0.032734417
3,dbgate,0.761,launch,78916,11695464800976,DbGate,65422872,0.446688708
3,dbgate,0.761,launch,78918,11695474879253,DbGate Helper (GPU),10797872,0.084618750
3,dbgate,0.761,launch,78919,11695475011891,DbGate Helper,5931800,0.042040708
3,dbgate,1.016,settle,78916,11695464800976,DbGate,88721136,0.628054792
3,dbgate,1.016,settle,78925,11695484062090,DbGate Helper (Renderer),76186896,0.167068000
3,dbgate,1.016,settle,78918,11695474879253,DbGate Helper (GPU),30983032,0.116502375
3,dbgate,1.016,settle,78919,11695475011891,DbGate Helper,6423344,0.046759333
3,dbgate,1.268,settle,78916,11695464800976,DbGate,102958832,0.752116583
3,dbgate,1.268,settle,78925,11695484062090,DbGate Helper (Renderer),81986928,0.368194542
3,dbgate,1.268,settle,78918,11695474879253,DbGate Helper (GPU),64308088,0.131478750
3,dbgate,1.268,settle,78927,11695492726352,DbGate Helper,11469904,0.052231958
3,dbgate,1.268,settle,78919,11695475011891,DbGate Helper,6423344,0.046759333
3,dbgate,1.522,settle,78918,11695474879253,DbGate Helper (GPU),219300848,0.204781792
3,dbgate,1.522,settle,78916,11695464800976,DbGate,110921480,0.840748542
3,dbgate,1.522,settle,78925,11695484062090,DbGate Helper (Renderer),104449512,0.543148167
3,dbgate,1.522,settle,78927,11695492726352,DbGate Helper,51184840,0.268659458
3,dbgate,1.522,settle,78930,11695494553840,DbGate Helper,43500696,0.207570958
3,dbgate,1.522,settle,78929,11695494485303,DbGate Helper,43238528,0.209324000
3,dbgate,1.522,settle,78919,11695475011891,DbGate Helper,7258928,0.053411875
3,dbgate,1.522,settle,78940,11695499507884,com.apple.SafariPlatformSupport,2802120,0.016497333
3,dbgate,1.774,settle,78918,11695474879253,DbGate Helper (GPU),219382768,0.216641083
3,dbgate,1.774,settle,78916,11695464800976,DbGate,114231048,0.865611917
3,dbgate,1.774,settle,78925,11695484062090,DbGate Helper (Renderer),104875496,0.565293792
3,dbgate,1.774,settle,78929,11695494485303,DbGate Helper,52053240,0.338883750
3,dbgate,1.774,settle,78930,11695494553840,DbGate Helper,52036856,0.336042542
3,dbgate,1.774,settle,78927,11695492726352,DbGate Helper,51578104,0.319044417
3,dbgate,1.774,settle,78940,11695499507884,com.apple.SafariPlatformSupport,9814616,0.108150292
3,dbgate,1.774,settle,78919,11695475011891,DbGate Helper,7684912,0.055446500
3,dbgate,2.029,settle,78918,11695474879253,DbGate Helper (GPU),219366384,0.234776500
3,dbgate,2.029,settle,78916,11695464800976,DbGate,114280200,0.874099208
3,dbgate,2.029,settle,78925,11695484062090,DbGate Helper (Renderer),104891880,0.578977042
3,dbgate,2.029,settle,78929,11695494485303,DbGate Helper,52053240,0.338995583
3,dbgate,2.029,settle,78930,11695494553840,DbGate Helper,52036856,0.336165000
3,dbgate,2.029,settle,78927,11695492726352,DbGate Helper,51578104,0.319176500
3,dbgate,2.029,settle,78940,11695499507884,com.apple.SafariPlatformSupport,9814616,0.108593333
3,dbgate,2.029,settle,78919,11695475011891,DbGate Helper,7815984,0.061909333
3,dbgate,2.284,settle,78918,11695474879253,DbGate Helper (GPU),219366384,0.249396375
3,dbgate,2.284,settle,78916,11695464800976,DbGate,114444040,0.884914708
3,dbgate,2.284,settle,78925,11695484062090,DbGate Helper (Renderer),105104872,0.598819250
3,dbgate,2.284,settle,78929,11695494485303,DbGate Helper,52053240,0.338995583
3,dbgate,2.284,settle,78930,11695494553840,DbGate Helper,52036856,0.336165000
3,dbgate,2.284,settle,78927,11695492726352,DbGate Helper,51578104,0.319176500
3,dbgate,2.284,settle,78940,11695499507884,com.apple.SafariPlatformSupport,9814616,0.108593333
3,dbgate,2.284,settle,78919,11695475011891,DbGate Helper,7848752,0.066705292
3,dbgate,2.537,settle,78918,11695474879253,DbGate Helper (GPU),219382768,0.258260000
3,dbgate,2.537,settle,78916,11695464800976,DbGate,114460424,0.887054792
3,dbgate,2.537,settle,78925,11695484062090,DbGate Helper (Renderer),105104872,0.608247042
3,dbgate,2.537,settle,78929,11695494485303,DbGate Helper,52053240,0.338995583
3,dbgate,2.537,settle,78930,11695494553840,DbGate Helper,52036856,0.336165000
3,dbgate,2.537,settle,78927,11695492726352,DbGate Helper,51578104,0.320010458
3,dbgate,2.537,settle,78940,11695499507884,com.apple.SafariPlatformSupport,9814616,0.108593333
3,dbgate,2.537,settle,78919,11695475011891,DbGate Helper,7848752,0.066705292
3,dbgate,2.793,settle,78918,11695474879253,DbGate Helper (GPU),210764784,0.265261167
3,dbgate,2.793,settle,78916,11695464800976,DbGate,114722568,0.901589042
3,dbgate,2.793,settle,78925,11695484062090,DbGate Helper (Renderer),105104872,0.615343292
3,dbgate,2.793,settle,78929,11695494485303,DbGate Helper,52053240,0.339711333
3,dbgate,2.793,settle,78930,11695494553840,DbGate Helper,52053240,0.336877625
3,dbgate,2.793,settle,78927,11695492726352,DbGate Helper,51578104,0.320010458
3,dbgate,2.793,settle,78940,11695499507884,com.apple.SafariPlatformSupport,9814616,0.108754333
3,dbgate,2.793,settle,78919,11695475011891,DbGate Helper,7848752,0.066705292
3,dbgate,3.047,settle,78918,11695474879253,DbGate Helper (GPU),210813936,0.275755833
3,dbgate,3.047,settle,78916,11695464800976,DbGate,114722568,0.901589042
3,dbgate,3.047,settle,78925,11695484062090,DbGate Helper (Renderer),105104872,0.625291083
3,dbgate,3.047,settle,78929,11695494485303,DbGate Helper,52053240,0.339711333
3,dbgate,3.047,settle,78930,11695494553840,DbGate Helper,52053240,0.336877625
3,dbgate,3.047,settle,78927,11695492726352,DbGate Helper,51578104,0.320010458
3,dbgate,3.047,settle,78940,11695499507884,com.apple.SafariPlatformSupport,9814616,0.108754333
3,dbgate,3.047,settle,78919,11695475011891,DbGate Helper,7848752,0.066705292
3,dbgate,3.299,settle,78918,11695474879253,DbGate Helper (GPU),206210032,0.284115417
3,dbgate,3.299,settle,78916,11695464800976,DbGate,114722568,0.901589042
3,dbgate,3.299,settle,78925,11695484062090,DbGate Helper (Renderer),105104872,0.630933417
3,dbgate,3.299,settle,78929,11695494485303,DbGate Helper,52053240,0.339711333
3,dbgate,3.299,settle,78930,11695494553840,DbGate Helper,52053240,0.336877625
3,dbgate,3.299,settle,78927,11695492726352,DbGate Helper,51578104,0.320010458
3,dbgate,3.299,settle,78940,11695499507884,com.apple.SafariPlatformSupport,9814616,0.108754333
3,dbgate,3.299,settle,78919,11695475011891,DbGate Helper,7848752,0.066705292
3,dbgate,3.550,settle,78918,11695474879253,DbGate Helper (GPU),206210032,0.292959958
3,dbgate,3.550,settle,78916,11695464800976,DbGate,114722568,0.902228458
3,dbgate,3.550,settle,78925,11695484062090,DbGate Helper (Renderer),105121256,0.638723708
3,dbgate,3.550,settle,78929,11695494485303,DbGate Helper,52053240,0.339711333
3,dbgate,3.550,settle,78930,11695494553840,DbGate Helper,52053240,0.336877625
3,dbgate,3.550,settle,78927,11695492726352,DbGate Helper,51578104,0.320378917
3,dbgate,3.550,settle,78940,11695499507884,com.apple.SafariPlatformSupport,9814616,0.108806625
3,dbgate,3.550,settle,78919,11695475011891,DbGate Helper,7848752,0.066705292
3,dbgate,3.804,settle,78918,11695474879253,DbGate Helper (GPU),193758192,0.300318042
3,dbgate,3.804,settle,78916,11695464800976,DbGate,114755336,0.906281417
3,dbgate,3.804,settle,78925,11695484062090,DbGate Helper (Renderer),105121256,0.644089417
3,dbgate,3.804,settle,78929,11695494485303,DbGate Helper,52053240,0.340102708
3,dbgate,3.804,settle,78930,11695494553840,DbGate Helper,52053240,0.337146083
3,dbgate,3.804,settle,78927,11695492726352,DbGate Helper,51578104,0.320378917
3,dbgate,3.804,settle,78940,11695499507884,com.apple.SafariPlatformSupport,9814616,0.109032750
3,dbgate,3.804,settle,78919,11695475011891,DbGate Helper,7848752,0.066705292
3,dbgate,4.059,settle,78918,11695474879253,DbGate Helper (GPU),182600640,0.312987292
3,dbgate,4.059,settle,78916,11695464800976,DbGate,114755336,0.906281417
3,dbgate,4.059,settle,78925,11695484062090,DbGate Helper (Renderer),104941032,0.652678375
3,dbgate,4.059,settle,78929,11695494485303,DbGate Helper,52053240,0.340102708
3,dbgate,4.059,settle,78930,11695494553840,DbGate Helper,52053240,0.337146083
3,dbgate,4.059,settle,78927,11695492726352,DbGate Helper,51578104,0.320378917
3,dbgate,4.059,settle,78940,11695499507884,com.apple.SafariPlatformSupport,9814616,0.109032750
3,dbgate,4.059,settle,78919,11695475011891,DbGate Helper,7848752,0.066705292
3,dbgate,4.312,settle,78918,11695474879253,DbGate Helper (GPU),182584256,0.320808250
3,dbgate,4.312,settle,78916,11695464800976,DbGate,114755336,0.906281417
3,dbgate,4.312,settle,78925,11695484062090,DbGate Helper (Renderer),104941032,0.658668208
3,dbgate,4.312,settle,78929,11695494485303,DbGate Helper,52053240,0.340102708
3,dbgate,4.312,settle,78930,11695494553840,DbGate Helper,52053240,0.337146083
3,dbgate,4.312,settle,78927,11695492726352,DbGate Helper,51578104,0.320378917
3,dbgate,4.312,settle,78940,11695499507884,com.apple.SafariPlatformSupport,9814616,0.109032750
3,dbgate,4.312,settle,78919,11695475011891,DbGate Helper,7848752,0.066705292
3,dbgate,4.567,settle,78918,11695474879253,DbGate Helper (GPU),182584256,0.330530167
3,dbgate,4.567,settle,78916,11695464800976,DbGate,114755336,0.906857750
3,dbgate,4.567,settle,78925,11695484062090,DbGate Helper (Renderer),104941032,0.666897875
3,dbgate,4.567,settle,78929,11695494485303,DbGate Helper,52053240,0.340102708
3,dbgate,4.567,settle,78930,11695494553840,DbGate Helper,52053240,0.337146083
3,dbgate,4.567,settle,78927,11695492726352,DbGate Helper,51578104,0.320741375
3,dbgate,4.567,settle,78940,11695499507884,com.apple.SafariPlatformSupport,9814616,0.109032750
3,dbgate,4.567,settle,78919,11695475011891,DbGate Helper,7848752,0.066705292
3,dbgate,4.823,settle,78918,11695474879253,DbGate Helper (GPU),182584256,0.337237625
3,dbgate,4.823,settle,78916,11695464800976,DbGate,114755336,0.907422208
3,dbgate,4.823,settle,78925,11695484062090,DbGate Helper (Renderer),104941032,0.672864167
3,dbgate,4.823,settle,78929,11695494485303,DbGate Helper,52053240,0.340315083
3,dbgate,4.823,settle,78930,11695494553840,DbGate Helper,52053240,0.337450375
3,dbgate,4.823,settle,78927,11695492726352,DbGate Helper,51578104,0.320741375
3,dbgate,4.823,settle,78940,11695499507884,com.apple.SafariPlatformSupport,9814616,0.109032750
3,dbgate,4.823,settle,78919,11695475011891,DbGate Helper,7848752,0.066705292
3,dbgate,5.078,settle,78918,11695474879253,DbGate Helper (GPU),182600640,0.348082083
3,dbgate,5.078,settle,78916,11695464800976,DbGate,114755336,0.909152417
3,dbgate,5.078,settle,78925,11695484062090,DbGate Helper (Renderer),104957416,0.681778583
3,dbgate,5.078,settle,78929,11695494485303,DbGate Helper,52053240,0.340315083
3,dbgate,5.078,settle,78930,11695494553840,DbGate Helper,52053240,0.337450375
3,dbgate,5.078,settle,78927,11695492726352,DbGate Helper,51578104,0.320741375
3,dbgate,5.078,settle,78940,11695499507884,com.apple.SafariPlatformSupport,9814616,0.109032750
3,dbgate,5.078,settle,78919,11695475011891,DbGate Helper,7848752,0.066705292
3,dbgate,5.330,settle,78918,11695474879253,DbGate Helper (GPU),182584256,0.355819625
3,dbgate,5.330,settle,78916,11695464800976,DbGate,114755336,0.909152417
3,dbgate,5.330,settle,78925,11695484062090,DbGate Helper (Renderer),104957416,0.688002167
3,dbgate,5.330,settle,78929,11695494485303,DbGate Helper,52053240,0.340315083
3,dbgate,5.330,settle,78930,11695494553840,DbGate Helper,52053240,0.337450375
3,dbgate,5.330,settle,78927,11695492726352,DbGate Helper,51578104,0.320741375
3,dbgate,5.330,settle,78940,11695499507884,com.apple.SafariPlatformSupport,9814616,0.109032750
3,dbgate,5.330,settle,78919,11695475011891,DbGate Helper,7848752,0.066705292
3,dbgate,5.581,settle,78918,11695474879253,DbGate Helper (GPU),182584256,0.365003917
3,dbgate,5.581,settle,78916,11695464800976,DbGate,114755336,0.911303292
3,dbgate,5.581,settle,78925,11695484062090,DbGate Helper (Renderer),104957416,0.696231833
3,dbgate,5.581,settle,78929,11695494485303,DbGate Helper,52053240,0.340575500
3,dbgate,5.581,settle,78930,11695494553840,DbGate Helper,52053240,0.337845250
3,dbgate,5.581,settle,78927,11695492726352,DbGate Helper,51578104,0.321126167
3,dbgate,5.581,settle,78940,11695499507884,com.apple.SafariPlatformSupport,9814616,0.109032750
3,dbgate,5.581,settle,78919,11695475011891,DbGate Helper,7865136,0.067448292
3,dbgate,5.835,settle,78918,11695474879253,DbGate Helper (GPU),182584256,0.371185417
3,dbgate,5.835,settle,78916,11695464800976,DbGate,114755336,0.911303292
3,dbgate,5.835,settle,78925,11695484062090,DbGate Helper (Renderer),104957416,0.702226792
3,dbgate,5.835,settle,78929,11695494485303,DbGate Helper,52053240,0.340575500
3,dbgate,5.835,settle,78930,11695494553840,DbGate Helper,52053240,0.337845250
3,dbgate,5.835,settle,78927,11695492726352,DbGate Helper,51578104,0.321126167
3,dbgate,5.835,settle,78940,11695499507884,com.apple.SafariPlatformSupport,9814616,0.109141333
3,dbgate,5.835,settle,78919,11695475011891,DbGate Helper,7865136,0.067448292
3,dbgate,6.091,query,78918,11695474879253,DbGate Helper (GPU),182584256,0.379061583
3,dbgate,6.091,query,78916,11695464800976,DbGate,114755336,0.911602667
3,dbgate,6.091,query,78925,11695484062090,DbGate Helper (Renderer),104941032,0.709133167
3,dbgate,6.091,query,78929,11695494485303,DbGate Helper,52053240,0.340575500
3,dbgate,6.091,query,78930,11695494553840,DbGate Helper,52053240,0.337845250
3,dbgate,6.091,query,78927,11695492726352,DbGate Helper,51578104,0.321126167
3,dbgate,6.091,query,78940,11695499507884,com.apple.SafariPlatformSupport,9814616,0.109294208
3,dbgate,6.091,query,78919,11695475011891,DbGate Helper,7865136,0.067448292
3,dbgate,6.345,query,78918,11695474879253,DbGate Helper (GPU),182567872,0.385602083
3,dbgate,6.345,query,78916,11695464800976,DbGate,114755336,0.912649625
3,dbgate,6.345,query,78925,11695484062090,DbGate Helper (Renderer),104957416,0.714292667
3,dbgate,6.345,query,78929,11695494485303,DbGate Helper,52053240,0.340575500
3,dbgate,6.345,query,78930,11695494553840,DbGate Helper,52053240,0.337845250
3,dbgate,6.345,query,78927,11695492726352,DbGate Helper,51578104,0.321126167
3,dbgate,6.345,query,78940,11695499507884,com.apple.SafariPlatformSupport,9814616,0.109294208
3,dbgate,6.345,query,78919,11695475011891,DbGate Helper,7865136,0.067448292
3,dbgate,6.600,query,78918,11695474879253,DbGate Helper (GPU),165741504,0.399241208
3,dbgate,6.600,query,78916,11695464800976,DbGate,114706184,0.916993917
3,dbgate,6.600,query,78925,11695484062090,DbGate Helper (Renderer),104973800,0.725737792
3,dbgate,6.600,query,78929,11695494485303,DbGate Helper,52004088,0.340979542
3,dbgate,6.600,query,78930,11695494553840,DbGate Helper,51971320,0.338398500
3,dbgate,6.600,query,78927,11695492726352,DbGate Helper,51512568,0.322592875
3,dbgate,6.600,query,78940,11695499507884,com.apple.SafariPlatformSupport,9814616,0.109635375
3,dbgate,6.600,query,78919,11695475011891,DbGate Helper,7865136,0.067448292
3,dbgate,6.855,query,78918,11695474879253,DbGate Helper (GPU),165741504,0.405720333
3,dbgate,6.855,query,78916,11695464800976,DbGate,114706184,0.917813500
3,dbgate,6.855,query,78925,11695484062090,DbGate Helper (Renderer),104973800,0.731360458
3,dbgate,6.855,query,78929,11695494485303,DbGate Helper,52004088,0.340979542
3,dbgate,6.855,query,78930,11695494553840,DbGate Helper,51971320,0.338398500
3,dbgate,6.855,query,78927,11695492726352,DbGate Helper,51512568,0.322592875
3,dbgate,6.855,query,78940,11695499507884,com.apple.SafariPlatformSupport,9814616,0.109787750
3,dbgate,6.855,query,78919,11695475011891,DbGate Helper,7865136,0.067448292
3,dbgate,7.108,query,78916,11695464800976,DbGate,114706184,0.917813500
3,dbgate,7.108,query,78925,11695484062090,DbGate Helper (Renderer),104990184,0.740285542
3,dbgate,7.108,query,78918,11695474879253,DbGate Helper (GPU),82330560,0.423774875
3,dbgate,7.108,query,78929,11695494485303,DbGate Helper,52004088,0.340979542
3,dbgate,7.108,query,78930,11695494553840,DbGate Helper,51971320,0.338398500
3,dbgate,7.108,query,78927,11695492726352,DbGate Helper,51512568,0.322592875
3,dbgate,7.108,query,78940,11695499507884,com.apple.SafariPlatformSupport,9814616,0.110181292
3,dbgate,7.108,query,78919,11695475011891,DbGate Helper,7865136,0.067448292
3,dbgate,7.361,query,78916,11695464800976,DbGate,114706184,0.917813500
3,dbgate,7.361,query,78925,11695484062090,DbGate Helper (Renderer),104990184,0.746036458
3,dbgate,7.361,query,78918,11695474879253,DbGate Helper (GPU),82314176,0.429873625
3,dbgate,7.361,query,78929,11695494485303,DbGate Helper,52004088,0.340979542
3,dbgate,7.361,query,78930,11695494553840,DbGate Helper,51971320,0.338398500
3,dbgate,7.361,query,78927,11695492726352,DbGate Helper,51512568,0.322592875
3,dbgate,7.361,query,78940,11695499507884,com.apple.SafariPlatformSupport,9814616,0.110181292
3,dbgate,7.361,query,78919,11695475011891,DbGate Helper,7865136,0.067448292
3,dbgate,7.616,query,78916,11695464800976,DbGate,114706184,0.918920917
3,dbgate,7.616,query,78925,11695484062090,DbGate Helper (Renderer),104990184,0.754471125
3,dbgate,7.616,query,78918,11695474879253,DbGate Helper (GPU),82314176,0.439455792
3,dbgate,7.616,query,78929,11695494485303,DbGate Helper,52020472,0.341796000
3,dbgate,7.616,query,78930,11695494553840,DbGate Helper,51971320,0.338863542
3,dbgate,7.616,query,78927,11695492726352,DbGate Helper,51512568,0.323075750
3,dbgate,7.616,query,78940,11695499507884,com.apple.SafariPlatformSupport,9814616,0.110181292
3,dbgate,7.616,query,78919,11695475011891,DbGate Helper,7865136,0.067448292
3,dbgate,7.871,query,78916,11695464800976,DbGate,114706184,0.918920917
3,dbgate,7.871,query,78925,11695484062090,DbGate Helper (Renderer),104990184,0.762198917
3,dbgate,7.871,query,78918,11695474879253,DbGate Helper (GPU),82330560,0.446484958
3,dbgate,7.871,query,78929,11695494485303,DbGate Helper,52020472,0.341796000
3,dbgate,7.871,query,78930,11695494553840,DbGate Helper,51971320,0.338863542
3,dbgate,7.871,query,78927,11695492726352,DbGate Helper,51512568,0.323075750
3,dbgate,7.871,query,78940,11695499507884,com.apple.SafariPlatformSupport,9814616,0.110181292
3,dbgate,7.871,query,78919,11695475011891,DbGate Helper,7865136,0.067448292
3,dbgate,8.127,query,78916,11695464800976,DbGate,114706184,0.918920917
3,dbgate,8.127,query,78925,11695484062090,DbGate Helper (Renderer),104990184,0.768226042
3,dbgate,8.127,query,78918,11695474879253,DbGate Helper (GPU),82330560,0.454782208
3,dbgate,8.127,query,78929,11695494485303,DbGate Helper,52020472,0.341796000
3,dbgate,8.127,query,78930,11695494553840,DbGate Helper,51971320,0.338863542
3,dbgate,8.127,query,78927,11695492726352,DbGate Helper,51512568,0.323075750
3,dbgate,8.127,query,78940,11695499507884,com.apple.SafariPlatformSupport,9814616,0.110181292
3,dbgate,8.127,query,78919,11695475011891,DbGate Helper,7865136,0.067448292
3,dbgate,8.380,query,78916,11695464800976,DbGate,114706184,0.918920917
3,dbgate,8.380,query,78925,11695484062090,DbGate Helper (Renderer),104990184,0.774878083
3,dbgate,8.380,query,78918,11695474879253,DbGate Helper (GPU),82314176,0.460683042
3,dbgate,8.380,query,78929,11695494485303,DbGate Helper,52020472,0.341796000
3,dbgate,8.380,query,78930,11695494553840,DbGate Helper,51971320,0.338863542
3,dbgate,8.380,query,78927,11695492726352,DbGate Helper,51512568,0.323075750
3,dbgate,8.380,query,78940,11695499507884,com.apple.SafariPlatformSupport,9814616,0.110181292
3,dbgate,8.380,query,78919,11695475011891,DbGate Helper,7865136,0.067448292
3,dbgate,8.635,query,78916,11695464800976,DbGate,114706184,0.920092750
3,dbgate,8.635,query,78925,11695484062090,DbGate Helper (Renderer),104990184,0.781044333
3,dbgate,8.635,query,78918,11695474879253,DbGate Helper (GPU),82314176,0.468954417
3,dbgate,8.635,query,78929,11695494485303,DbGate Helper,52020472,0.342127208
3,dbgate,8.635,query,78930,11695494553840,DbGate Helper,51971320,0.339100083
3,dbgate,8.635,query,78927,11695492726352,DbGate Helper,51512568,0.323448667
3,dbgate,8.635,query,78940,11695499507884,com.apple.SafariPlatformSupport,9814616,0.110181292
3,dbgate,8.635,query,78919,11695475011891,DbGate Helper,7865136,0.067448292
3,dbgate,8.890,query,78916,11695464800976,DbGate,114722568,0.922157500
3,dbgate,8.890,query,78925,11695484062090,DbGate Helper (Renderer),104990184,0.788367375
3,dbgate,8.890,query,78918,11695474879253,DbGate Helper (GPU),82330560,0.475779458
3,dbgate,8.890,query,78929,11695494485303,DbGate Helper,52020472,0.342127208
3,dbgate,8.890,query,78930,11695494553840,DbGate Helper,51971320,0.339100083
3,dbgate,8.890,query,78927,11695492726352,DbGate Helper,51512568,0.323448667
3,dbgate,8.890,query,78940,11695499507884,com.apple.SafariPlatformSupport,9814616,0.110181292
3,dbgate,8.890,query,78919,11695475011891,DbGate Helper,7865136,0.067448292
3,dbgate,9.146,query,78916,11695464800976,DbGate,114722568,0.922157500
3,dbgate,9.146,query,78925,11695484062090,DbGate Helper (Renderer),104990184,0.792938250
3,dbgate,9.146,query,78918,11695474879253,DbGate Helper (GPU),82314176,0.483263000
3,dbgate,9.146,query,78929,11695494485303,DbGate Helper,52020472,0.342127208
3,dbgate,9.146,query,78930,11695494553840,DbGate Helper,51971320,0.339100083
3,dbgate,9.146,query,78927,11695492726352,DbGate Helper,51512568,0.323448667
3,dbgate,9.146,query,78940,11695499507884,com.apple.SafariPlatformSupport,9814616,0.110181292
3,dbgate,9.146,query,78919,11695475011891,DbGate Helper,7865136,0.067448292
3,dbgate,9.401,query,78916,11695464800976,DbGate,114804488,0.923579833
3,dbgate,9.401,query,78925,11695484062090,DbGate Helper (Renderer),104990184,0.797956208
3,dbgate,9.401,query,78918,11695474879253,DbGate Helper (GPU),82297792,0.488937667
3,dbgate,9.401,query,78929,11695494485303,DbGate Helper,52020472,0.342127208
3,dbgate,9.401,query,78930,11695494553840,DbGate Helper,51971320,0.339100083
3,dbgate,9.401,query,78927,11695492726352,DbGate Helper,51512568,0.323448667
3,dbgate,9.401,query,78940,11695499507884,com.apple.SafariPlatformSupport,9814616,0.110181292
3,dbgate,9.401,query,78919,11695475011891,DbGate Helper,7865136,0.067448292
3,dbgate,9.655,query,78916,11695464800976,DbGate,114804488,0.924428042
3,dbgate,9.655,query,78925,11695484062090,DbGate Helper (Renderer),104990184,0.801263750
3,dbgate,9.655,query,78918,11695474879253,DbGate Helper (GPU),82281408,0.493951667
3,dbgate,9.655,query,78929,11695494485303,DbGate Helper,52020472,0.342607292
3,dbgate,9.655,query,78930,11695494553840,DbGate Helper,51971320,0.339446833
3,dbgate,9.655,query,78927,11695492726352,DbGate Helper,51512568,0.323919500
3,dbgate,9.655,query,78940,11695499507884,com.apple.SafariPlatformSupport,9814616,0.110181292
3,dbgate,9.655,query,78919,11695475011891,DbGate Helper,7865136,0.067448292
3,dbgate,9.907,query,78916,11695464800976,DbGate,114804488,0.924428042
3,dbgate,9.907,query,78925,11695484062090,DbGate Helper (Renderer),104990184,0.805714792
3,dbgate,9.907,query,78918,11695474879253,DbGate Helper (GPU),82297792,0.499208125
3,dbgate,9.907,query,78929,11695494485303,DbGate Helper,52020472,0.342607292
3,dbgate,9.907,query,78930,11695494553840,DbGate Helper,51971320,0.339446833
3,dbgate,9.907,query,78927,11695492726352,DbGate Helper,51512568,0.323919500
3,dbgate,9.907,query,78940,11695499507884,com.apple.SafariPlatformSupport,9814616,0.110181292
3,dbgate,9.907,query,78919,11695475011891,DbGate Helper,7865136,0.067448292
3,dbgate,10.162,query,78916,11695464800976,DbGate,114804488,0.924428042
3,dbgate,10.162,query,78925,11695484062090,DbGate Helper (Renderer),104990184,0.810468292
3,dbgate,10.162,query,78918,11695474879253,DbGate Helper (GPU),82281408,0.506722917
3,dbgate,10.162,query,78929,11695494485303,DbGate Helper,52020472,0.342607292
3,dbgate,10.162,query,78930,11695494553840,DbGate Helper,51971320,0.339446833
3,dbgate,10.162,query,78927,11695492726352,DbGate Helper,51512568,0.323919500
3,dbgate,10.162,query,78940,11695499507884,com.apple.SafariPlatformSupport,9814616,0.110181292
3,dbgate,10.162,query,78919,11695475011891,DbGate Helper,7865136,0.067448292
3,dbgate,10.414,query,78916,11695464800976,DbGate,114804488,0.924428042
3,dbgate,10.414,query,78925,11695484062090,DbGate Helper (Renderer),104990184,0.816789042
3,dbgate,10.414,query,78918,11695474879253,DbGate Helper (GPU),82297792,0.513674250
3,dbgate,10.414,query,78929,11695494485303,DbGate Helper,52020472,0.342607292
3,dbgate,10.414,query,78930,11695494553840,DbGate Helper,51971320,0.339446833
3,dbgate,10.414,query,78927,11695492726352,DbGate Helper,51512568,0.323919500
3,dbgate,10.414,query,78940,11695499507884,com.apple.SafariPlatformSupport,9814616,0.110181292
3,dbgate,10.414,query,78919,11695475011891,DbGate Helper,7865136,0.067448292
3,dbgate,10.664,query,78916,11695464800976,DbGate,114804488,0.927797583
3,dbgate,10.664,query,78925,11695484062090,DbGate Helper (Renderer),104990184,0.821871000
3,dbgate,10.664,query,78918,11695474879253,DbGate Helper (GPU),82281408,0.520536958
3,dbgate,10.664,query,78929,11695494485303,DbGate Helper,52020472,0.342904667
3,dbgate,10.664,query,78930,11695494553840,DbGate Helper,51971320,0.339786792
3,dbgate,10.664,query,78927,11695492726352,DbGate Helper,51512568,0.324179708
3,dbgate,10.664,query,78940,11695499507884,com.apple.SafariPlatformSupport,9814616,0.110181292
3,dbgate,10.664,query,78919,11695475011891,DbGate Helper,7865136,0.067448292
3,dbgate,10.919,query,78916,11695464800976,DbGate,114804488,0.927797583
3,dbgate,10.919,query,78925,11695484062090,DbGate Helper (Renderer),104990184,0.827539542
3,dbgate,10.919,query,78918,11695474879253,DbGate Helper (GPU),82297792,0.526925708
3,dbgate,10.919,query,78929,11695494485303,DbGate Helper,52020472,0.342904667
3,dbgate,10.919,query,78930,11695494553840,DbGate Helper,51971320,0.339786792
3,dbgate,10.919,query,78927,11695492726352,DbGate Helper,51512568,0.324179708
3,dbgate,10.919,query,78940,11695499507884,com.apple.SafariPlatformSupport,9814616,0.110181292
3,dbgate,10.919,query,78919,11695475011891,DbGate Helper,7815984,0.067569083
3,dbgate,11.170,query,78916,11695464800976,DbGate,114804488,0.928131833
3,dbgate,11.170,query,78925,11695484062090,DbGate Helper (Renderer),104990184,0.832106083
3,dbgate,11.170,query,78918,11695474879253,DbGate Helper (GPU),82281408,0.535146833
3,dbgate,11.170,query,78929,11695494485303,DbGate Helper,52020472,0.342904667
3,dbgate,11.170,query,78930,11695494553840,DbGate Helper,51971320,0.339786792
3,dbgate,11.170,query,78927,11695492726352,DbGate Helper,51512568,0.324179708
3,dbgate,11.170,query,78940,11695499507884,com.apple.SafariPlatformSupport,9814616,0.110181292
3,dbgate,11.170,query,78919,11695475011891,DbGate Helper,7815984,0.067569083
3,dbgate,11.425,query,78916,11695464800976,DbGate,114804488,0.928176583
3,dbgate,11.425,query,78925,11695484062090,DbGate Helper (Renderer),105006568,0.839758500
3,dbgate,11.425,query,78918,11695474879253,DbGate Helper (GPU),82297792,0.542460917
3,dbgate,11.425,query,78929,11695494485303,DbGate Helper,52020472,0.342904667
3,dbgate,11.425,query,78930,11695494553840,DbGate Helper,51971320,0.339786792
3,dbgate,11.425,query,78927,11695492726352,DbGate Helper,51512568,0.324179708
3,dbgate,11.425,query,78940,11695499507884,com.apple.SafariPlatformSupport,9781848,0.110410833
3,dbgate,11.425,query,78919,11695475011891,DbGate Helper,7815984,0.067569083
3,dbgate,11.681,query,78916,11695464800976,DbGate,114804488,0.929674792
3,dbgate,11.681,query,78925,11695484062090,DbGate Helper (Renderer),105006568,0.843892375
3,dbgate,11.681,query,78918,11695474879253,DbGate Helper (GPU),82281408,0.548787125
3,dbgate,11.681,query,78929,11695494485303,DbGate Helper,52020472,0.343223958
3,dbgate,11.681,query,78930,11695494553840,DbGate Helper,51971320,0.340102167
3,dbgate,11.681,query,78927,11695492726352,DbGate Helper,51512568,0.324629042
3,dbgate,11.681,query,78940,11695499507884,com.apple.SafariPlatformSupport,9781848,0.110410833
3,dbgate,11.681,query,78919,11695475011891,DbGate Helper,7815984,0.067569083
3,dbgate,11.933,query,78918,11695474879253,DbGate Helper (GPU),144393152,0.563746750
3,dbgate,11.933,query,78916,11695464800976,DbGate,112215816,0.954477500
3,dbgate,11.933,query,78925,11695484062090,DbGate Helper (Renderer),105219560,0.857427333
3,dbgate,11.933,query,78929,11695494485303,DbGate Helper,52020472,0.343223958
3,dbgate,11.933,query,78930,11695494553840,DbGate Helper,51971320,0.340102167
3,dbgate,11.933,query,78927,11695492726352,DbGate Helper,51512568,0.324629042
3,dbgate,11.933,query,78940,11695499507884,com.apple.SafariPlatformSupport,9781848,0.110410833
3,dbgate,11.933,query,78919,11695475011891,DbGate Helper,7815984,0.067569083
3,dbgate,12.187,query,78918,11695474879253,DbGate Helper (GPU),204161984,0.576431542
3,dbgate,12.187,query,78916,11695464800976,DbGate,114083592,0.999153958
3,dbgate,12.187,query,78925,11695484062090,DbGate Helper (Renderer),105793000,0.874258750
3,dbgate,12.187,query,78929,11695494485303,DbGate Helper,52020472,0.343223958
3,dbgate,12.187,query,78930,11695494553840,DbGate Helper,51971320,0.340102167
3,dbgate,12.187,query,78927,11695492726352,DbGate Helper,51512568,0.324629042
3,dbgate,12.187,query,78940,11695499507884,com.apple.SafariPlatformSupport,9781848,0.110410833
3,dbgate,12.187,query,78919,11695475011891,DbGate Helper,7815984,0.067922250
3,dbgate,12.442,query,78918,11695474879253,DbGate Helper (GPU),204145600,0.581640083
3,dbgate,12.442,query,78916,11695464800976,DbGate,114083592,1.000768792
3,dbgate,12.442,query,78925,11695484062090,DbGate Helper (Renderer),105809384,0.878917333
3,dbgate,12.442,query,78929,11695494485303,DbGate Helper,52020472,0.343223958
3,dbgate,12.442,query,78930,11695494553840,DbGate Helper,51971320,0.340102167
3,dbgate,12.442,query,78927,11695492726352,DbGate Helper,51512568,0.324629042
3,dbgate,12.442,query,78940,11695499507884,com.apple.SafariPlatformSupport,9781848,0.110410833
3,dbgate,12.442,query,78919,11695475011891,DbGate Helper,7815984,0.067922250
3,dbgate,12.695,query,78918,11695474879253,DbGate Helper (GPU),204473280,0.595257500
3,dbgate,12.695,query,78916,11695464800976,DbGate,114132744,1.008692208
3,dbgate,12.695,query,78925,11695484062090,DbGate Helper (Renderer),105891304,0.895446083
3,dbgate,12.695,query,78929,11695494485303,DbGate Helper,52020472,0.343453167
3,dbgate,12.695,query,78930,11695494553840,DbGate Helper,51971320,0.340285917
3,dbgate,12.695,query,78927,11695492726352,DbGate Helper,51512568,0.324973792
3,dbgate,12.695,query,78940,11695499507884,com.apple.SafariPlatformSupport,9781848,0.110410833
3,dbgate,12.695,query,78919,11695475011891,DbGate Helper,7815984,0.067922250
3,dbgate,12.951,query,78918,11695474879253,DbGate Helper (GPU),204473280,0.608305958
3,dbgate,12.951,query,78916,11695464800976,DbGate,114132744,1.010441375
3,dbgate,12.951,query,78925,11695484062090,DbGate Helper (Renderer),106087912,0.909772833
3,dbgate,12.951,query,78929,11695494485303,DbGate Helper,52020472,0.343453167
3,dbgate,12.951,query,78930,11695494553840,DbGate Helper,51971320,0.340285917
3,dbgate,12.951,query,78927,11695492726352,DbGate Helper,51512568,0.324973792
3,dbgate,12.951,query,78940,11695499507884,com.apple.SafariPlatformSupport,9781848,0.110410833
3,dbgate,12.951,query,78919,11695475011891,DbGate Helper,7815984,0.068065917
3,dbgate,13.203,query,78918,11695474879253,DbGate Helper (GPU),215745472,0.642482875
3,dbgate,13.203,query,78916,11695464800976,DbGate,115902216,1.035715542
3,dbgate,13.203,query,78925,11695484062090,DbGate Helper (Renderer),107775464,0.966647708
3,dbgate,13.203,query,78929,11695494485303,DbGate Helper,52020472,0.343453167
3,dbgate,13.203,query,78930,11695494553840,DbGate Helper,51971320,0.340285917
3,dbgate,13.203,query,78927,11695492726352,DbGate Helper,51512568,0.324973792
3,dbgate,13.203,query,78993,11695775530610,DbGate Helper,38945944,0.170920833
3,dbgate,13.203,query,78940,11695499507884,com.apple.SafariPlatformSupport,9781848,0.110410833
3,dbgate,13.203,query,78919,11695475011891,DbGate Helper,7815984,0.068065917
3,dbgate,13.458,query,78918,11695474879253,DbGate Helper (GPU),257082304,0.676743375
3,dbgate,13.458,query,78925,11695484062090,DbGate Helper (Renderer),119506408,1.042192500
3,dbgate,13.458,query,78916,11695464800976,DbGate,117966600,1.058341083
3,dbgate,13.458,query,78993,11695775530610,DbGate Helper,57869560,0.374318500
3,dbgate,13.458,query,78929,11695494485303,DbGate Helper,52020472,0.343453167
3,dbgate,13.458,query,78930,11695494553840,DbGate Helper,51971320,0.340285917
3,dbgate,13.458,query,78927,11695492726352,DbGate Helper,51512568,0.324973792
3,dbgate,13.458,query,78940,11695499507884,com.apple.SafariPlatformSupport,9781848,0.110410833
3,dbgate,13.458,query,78919,11695475011891,DbGate Helper,7815984,0.068065917
3,dbgate,13.713,query,78918,11695474879253,DbGate Helper (GPU),256639960,0.694810625
3,dbgate,13.713,query,78925,11695484062090,DbGate Helper (Renderer),120391144,1.078886750
3,dbgate,13.713,query,78916,11695464800976,DbGate,118064904,1.059882708
3,dbgate,13.713,query,78993,11695775530610,DbGate Helper,57869560,0.374506917
3,dbgate,13.713,query,78929,11695494485303,DbGate Helper,52020472,0.343616875
3,dbgate,13.713,query,78930,11695494553840,DbGate Helper,51971320,0.340402583
3,dbgate,13.713,query,78927,11695492726352,DbGate Helper,51512568,0.325077000
3,dbgate,13.713,query,78940,11695499507884,com.apple.SafariPlatformSupport,9781848,0.110410833
3,dbgate,13.713,query,78919,11695475011891,DbGate Helper,7815984,0.068065917
3,dbgate,13.968,query,78918,11695474879253,DbGate Helper (GPU),256623576,0.701602625
3,dbgate,13.968,query,78925,11695484062090,DbGate Helper (Renderer),120391144,1.086146042
3,dbgate,13.968,query,78916,11695464800976,DbGate,118064904,1.059882708
3,dbgate,13.968,query,78993,11695775530610,DbGate Helper,57869560,0.374506917
3,dbgate,13.968,query,78929,11695494485303,DbGate Helper,52020472,0.343616875
3,dbgate,13.968,query,78930,11695494553840,DbGate Helper,51971320,0.340402583
3,dbgate,13.968,query,78927,11695492726352,DbGate Helper,51512568,0.325077000
3,dbgate,13.968,query,78940,11695499507884,com.apple.SafariPlatformSupport,9781848,0.110410833
3,dbgate,13.968,query,78919,11695475011891,DbGate Helper,7815984,0.068065917
3,dbgate,14.224,query,78918,11695474879253,DbGate Helper (GPU),258655192,0.760379083
3,dbgate,14.224,query,78925,11695484062090,DbGate Helper (Renderer),126485992,1.263294417
3,dbgate,14.224,query,78916,11695464800976,DbGate,118081288,1.078679333
3,dbgate,14.224,query,78993,11695775530610,DbGate Helper,57869560,0.374506917
3,dbgate,14.224,query,78929,11695494485303,DbGate Helper,52020472,0.343616875
3,dbgate,14.224,query,78930,11695494553840,DbGate Helper,51971320,0.340402583
3,dbgate,14.224,query,78927,11695492726352,DbGate Helper,51512568,0.325077000
3,dbgate,14.224,query,78940,11695499507884,com.apple.SafariPlatformSupport,9781848,0.110410833
3,dbgate,14.224,query,78919,11695475011891,DbGate Helper,7504688,0.068245708
3,dbgate,14.479,query,78918,11695474879253,DbGate Helper (GPU),273122288,0.874145500
3,dbgate,14.479,query,78925,11695484062090,DbGate Helper (Renderer),129123840,1.379286833
3,dbgate,14.479,query,78916,11695464800976,DbGate,118015752,1.093686792
3,dbgate,14.479,query,78993,11695775530610,DbGate Helper,57869560,0.374785208
3,dbgate,14.479,query,78929,11695494485303,DbGate Helper,52020472,0.343616875
3,dbgate,14.479,query,78930,11695494553840,DbGate Helper,51971320,0.340402583
3,dbgate,14.479,query,78927,11695492726352,DbGate Helper,51512568,0.325077000
3,dbgate,14.479,query,78940,11695499507884,com.apple.SafariPlatformSupport,9781848,0.110410833
3,dbgate,14.479,query,78919,11695475011891,DbGate Helper,7504688,0.068245708
3,dbgate,14.734,query,78918,11695474879253,DbGate Helper (GPU),274433008,0.984195875
3,dbgate,14.734,query,78925,11695484062090,DbGate Helper (Renderer),135398912,1.556098000
3,dbgate,14.734,query,78916,11695464800976,DbGate,118032136,1.108867708
3,dbgate,14.734,query,78993,11695775530610,DbGate Helper,57869560,0.374785208
3,dbgate,14.734,query,78929,11695494485303,DbGate Helper,52020472,0.343706458
3,dbgate,14.734,query,78930,11695494553840,DbGate Helper,51971320,0.340468208
3,dbgate,14.734,query,78927,11695492726352,DbGate Helper,51512568,0.325156167
3,dbgate,14.734,query,78940,11695499507884,com.apple.SafariPlatformSupport,9781848,0.110410833
3,dbgate,14.734,query,78919,11695475011891,DbGate Helper,7504688,0.068245708
3,dbgate,14.988,query,78918,11695474879253,DbGate Helper (GPU),274285552,1.087509708
3,dbgate,14.988,query,78925,11695484062090,DbGate Helper (Renderer),135529984,1.653835792
3,dbgate,14.988,query,78916,11695464800976,DbGate,118048520,1.123293208
3,dbgate,14.988,query,78993,11695775530610,DbGate Helper,57869560,0.374785208
3,dbgate,14.988,query,78929,11695494485303,DbGate Helper,52020472,0.343706458
3,dbgate,14.988,query,78930,11695494553840,DbGate Helper,51971320,0.340468208
3,dbgate,14.988,query,78927,11695492726352,DbGate Helper,51512568,0.325156167
3,dbgate,14.988,query,78940,11695499507884,com.apple.SafariPlatformSupport,9781848,0.110410833
3,dbgate,14.988,query,78919,11695475011891,DbGate Helper,7504688,0.068245708
3,dbgate,15.243,query,78918,11695474879253,DbGate Helper (GPU),274334704,1.193369958
3,dbgate,15.243,query,78925,11695484062090,DbGate Helper (Renderer),140936728,1.792015125
3,dbgate,15.243,query,78916,11695464800976,DbGate,118097672,1.138609292
3,dbgate,15.243,query,78993,11695775530610,DbGate Helper,57869560,0.374785208
3,dbgate,15.243,query,78929,11695494485303,DbGate Helper,52020472,0.343706458
3,dbgate,15.243,query,78930,11695494553840,DbGate Helper,51971320,0.340468208
3,dbgate,15.243,query,78927,11695492726352,DbGate Helper,51512568,0.325156167
3,dbgate,15.243,query,78940,11695499507884,com.apple.SafariPlatformSupport,9781848,0.110410833
3,dbgate,15.243,query,78919,11695475011891,DbGate Helper,7504688,0.068245708
3,dbgate,15.497,query,78918,11695474879253,DbGate Helper (GPU),274367472,1.298952875
3,dbgate,15.497,query,78925,11695484062090,DbGate Helper (Renderer),148063792,1.908813667
3,dbgate,15.497,query,78916,11695464800976,DbGate,118097672,1.152044458
3,dbgate,15.497,query,78993,11695775530610,DbGate Helper,57869560,0.374911792
3,dbgate,15.497,query,78929,11695494485303,DbGate Helper,52020472,0.343706458
3,dbgate,15.497,query,78930,11695494553840,DbGate Helper,51971320,0.340468208
3,dbgate,15.497,query,78927,11695492726352,DbGate Helper,51512568,0.325156167
3,dbgate,15.497,query,78940,11695499507884,com.apple.SafariPlatformSupport,9781848,0.110410833
3,dbgate,15.497,query,78919,11695475011891,DbGate Helper,7504688,0.068245708
3,dbgate,15.752,query,78918,11695474879253,DbGate Helper (GPU),274367472,1.394337417
3,dbgate,15.752,query,78925,11695484062090,DbGate Helper (Renderer),151537200,1.993648083
3,dbgate,15.752,query,78916,11695464800976,DbGate,117475080,1.170830708
3,dbgate,15.752,query,78993,11695775530610,DbGate Helper,57869560,0.374911792
3,dbgate,15.752,query,78929,11695494485303,DbGate Helper,52020472,0.343801708
3,dbgate,15.752,query,78930,11695494553840,DbGate Helper,51971320,0.340554833
3,dbgate,15.752,query,78927,11695492726352,DbGate Helper,51512568,0.325264292
3,dbgate,15.752,query,78940,11695499507884,com.apple.SafariPlatformSupport,9781848,0.110410833
3,dbgate,15.752,query,78919,11695475011891,DbGate Helper,7504688,0.068245708
3,dbgate,16.004,query,78918,11695474879253,DbGate Helper (GPU),274760688,1.484090792
3,dbgate,16.004,query,78925,11695484062090,DbGate Helper (Renderer),156681776,2.094100000
3,dbgate,16.004,query,78916,11695464800976,DbGate,117475080,1.180573125
3,dbgate,16.004,query,78993,11695775530610,DbGate Helper,57869560,0.374911792
3,dbgate,16.004,query,78929,11695494485303,DbGate Helper,52020472,0.343801708
3,dbgate,16.004,query,78930,11695494553840,DbGate Helper,51971320,0.340554833
3,dbgate,16.004,query,78927,11695492726352,DbGate Helper,51512568,0.325264292
3,dbgate,16.004,query,78940,11695499507884,com.apple.SafariPlatformSupport,9781848,0.110410833
3,dbgate,16.004,query,78919,11695475011891,DbGate Helper,7504688,0.068245708
3,dbgate,16.259,query,78918,11695474879253,DbGate Helper (GPU),279856112,1.565857750
3,dbgate,16.259,query,78925,11695484062090,DbGate Helper (Renderer),161875504,2.170508167
3,dbgate,16.259,query,78916,11695464800976,DbGate,117475080,1.192722958
3,dbgate,16.259,query,78993,11695775530610,DbGate Helper,57869560,0.374911792
3,dbgate,16.259,query,78929,11695494485303,DbGate Helper,52020472,0.343801708
3,dbgate,16.259,query,78930,11695494553840,DbGate Helper,51971320,0.340554833
3,dbgate,16.259,query,78927,11695492726352,DbGate Helper,51512568,0.325264292
3,dbgate,16.259,query,78940,11695499507884,com.apple.SafariPlatformSupport,9781848,0.110410833
3,dbgate,16.259,query,78919,11695475011891,DbGate Helper,7504688,0.068245708
3,dbgate,16.512,query,78918,11695474879253,DbGate Helper (GPU),279856112,1.605430542
3,dbgate,16.512,query,78925,11695484062090,DbGate Helper (Renderer),167560752,2.256391125
3,dbgate,16.512,query,78916,11695464800976,DbGate,117491464,1.210625208
3,dbgate,16.512,query,78993,11695775530610,DbGate Helper,57869560,0.375223208
3,dbgate,16.512,query,78929,11695494485303,DbGate Helper,52020472,0.343801708
3,dbgate,16.512,query,78930,11695494553840,DbGate Helper,51971320,0.340554833
3,dbgate,16.512,query,78927,11695492726352,DbGate Helper,51512568,0.325264292
3,dbgate,16.512,query,78940,11695499507884,com.apple.SafariPlatformSupport,9781848,0.110410833
3,dbgate,16.512,query,78919,11695475011891,DbGate Helper,7504688,0.068245708
3,dbgate,16.766,query,78918,11695474879253,DbGate Helper (GPU),279856112,1.652956500
3,dbgate,16.766,query,78925,11695484062090,DbGate Helper (Renderer),172017200,2.351031917
3,dbgate,16.766,query,78916,11695464800976,DbGate,117507848,1.227436500
3,dbgate,16.766,query,78993,11695775530610,DbGate Helper,57869560,0.375223208
3,dbgate,16.766,query,78929,11695494485303,DbGate Helper,52020472,0.343915708
3,dbgate,16.766,query,78930,11695494553840,DbGate Helper,51971320,0.340710125
3,dbgate,16.766,query,78927,11695492726352,DbGate Helper,51512568,0.325365458
3,dbgate,16.766,query,78940,11695499507884,com.apple.SafariPlatformSupport,9781848,0.110410833
3,dbgate,16.766,query,78919,11695475011891,DbGate Helper,7504688,0.068245708
3,dbgate,17.021,query,78918,11695474879253,DbGate Helper (GPU),279774192,1.688704917
3,dbgate,17.021,query,78925,11695484062090,DbGate Helper (Renderer),175015472,2.413496125
3,dbgate,17.021,query,78916,11695464800976,DbGate,117507848,1.240018208
3,dbgate,17.021,query,78993,11695775530610,DbGate Helper,57869560,0.375223208
3,dbgate,17.021,query,78929,11695494485303,DbGate Helper,52020472,0.343915708
3,dbgate,17.021,query,78930,11695494553840,DbGate Helper,51971320,0.340710125
3,dbgate,17.021,query,78927,11695492726352,DbGate Helper,51512568,0.325365458
3,dbgate,17.021,query,78940,11695499507884,com.apple.SafariPlatformSupport,9781848,0.110410833
3,dbgate,17.021,query,78919,11695475011891,DbGate Helper,7504688,0.068245708
3,dbgate,17.275,query,78918,11695474879253,DbGate Helper (GPU),279757808,1.735344583
3,dbgate,17.275,query,78925,11695484062090,DbGate Helper (Renderer),178505264,2.499272208
3,dbgate,17.275,query,78916,11695464800976,DbGate,117507848,1.257776208
3,dbgate,17.275,query,78993,11695775530610,DbGate Helper,57869560,0.375223208
3,dbgate,17.275,query,78929,11695494485303,DbGate Helper,52020472,0.343915708
3,dbgate,17.275,query,78930,11695494553840,DbGate Helper,51971320,0.340710125
3,dbgate,17.275,query,78927,11695492726352,DbGate Helper,51512568,0.325365458
3,dbgate,17.275,query,78940,11695499507884,com.apple.SafariPlatformSupport,9781848,0.110410833
3,dbgate,17.275,query,78919,11695475011891,DbGate Helper,7504688,0.068245708
3,dbgate,17.530,query,78918,11695474879253,DbGate Helper (GPU),279741424,1.781046375
3,dbgate,17.530,query,78925,11695484062090,DbGate Helper (Renderer),182519344,2.584822708
3,dbgate,17.530,query,78916,11695464800976,DbGate,117507848,1.274554958
3,dbgate,17.530,query,78993,11695775530610,DbGate Helper,57869560,0.375544083
3,dbgate,17.530,query,78929,11695494485303,DbGate Helper,52020472,0.343915708
3,dbgate,17.530,query,78930,11695494553840,DbGate Helper,51971320,0.340710125
3,dbgate,17.530,query,78927,11695492726352,DbGate Helper,51512568,0.325365458
3,dbgate,17.530,query,78940,11695499507884,com.apple.SafariPlatformSupport,9781848,0.110410833
3,dbgate,17.530,query,78919,11695475011891,DbGate Helper,7504688,0.068245708
3,dbgate,17.785,query,78918,11695474879253,DbGate Helper (GPU),279741424,1.817666792
3,dbgate,17.785,query,78925,11695484062090,DbGate Helper (Renderer),184682032,2.647859500
3,dbgate,17.785,query,78916,11695464800976,DbGate,117507848,1.287304000
3,dbgate,17.785,query,78993,11695775530610,DbGate Helper,57869560,0.375544083
3,dbgate,17.785,query,78929,11695494485303,DbGate Helper,52020472,0.344031625
3,dbgate,17.785,query,78930,11695494553840,DbGate Helper,51971320,0.340790708
3,dbgate,17.785,query,78927,11695492726352,DbGate Helper,51512568,0.325557833
3,dbgate,17.785,query,78940,11695499507884,com.apple.SafariPlatformSupport,9781848,0.110410833
3,dbgate,17.785,query,78919,11695475011891,DbGate Helper,7537456,0.068586375
3,dbgate,18.036,query,78918,11695474879253,DbGate Helper (GPU),252593136,1.865302042
3,dbgate,18.036,query,78925,11695484062090,DbGate Helper (Renderer),188810824,2.738881083
3,dbgate,18.036,query,78916,11695464800976,DbGate,117524232,1.304180208
3,dbgate,18.036,query,78993,11695775530610,DbGate Helper,57869560,0.375544083
3,dbgate,18.036,query,78929,11695494485303,DbGate Helper,52020472,0.344031625
3,dbgate,18.036,query,78930,11695494553840,DbGate Helper,51971320,0.340790708
3,dbgate,18.036,query,78927,11695492726352,DbGate Helper,51512568,0.325557833
3,dbgate,18.036,query,78940,11695499507884,com.apple.SafariPlatformSupport,9781848,0.110410833
3,dbgate,18.036,query,78919,11695475011891,DbGate Helper,7537456,0.068586375
3,dbgate,18.288,query,78918,11695474879253,DbGate Helper (GPU),252527600,1.914032208
3,dbgate,18.288,query,78925,11695484062090,DbGate Helper (Renderer),191448648,2.918222333
3,dbgate,18.288,query,78916,11695464800976,DbGate,117524232,1.321134542
3,dbgate,18.288,query,78993,11695775530610,DbGate Helper,57869560,0.375544083
3,dbgate,18.288,query,78929,11695494485303,DbGate Helper,52020472,0.344031625
3,dbgate,18.288,query,78930,11695494553840,DbGate Helper,51971320,0.340790708
3,dbgate,18.288,query,78927,11695492726352,DbGate Helper,51512568,0.325557833
3,dbgate,18.288,query,78940,11695499507884,com.apple.SafariPlatformSupport,9781848,0.110410833
3,dbgate,18.288,query,78919,11695475011891,DbGate Helper,7537456,0.068586375
3,dbgate,18.543,query,78925,11695484062090,DbGate Helper (Renderer),189924936,2.977796833
3,dbgate,18.543,query,78918,11695474879253,DbGate Helper (GPU),185664496,1.949264042
3,dbgate,18.543,query,78916,11695464800976,DbGate,117524232,1.333642000
3,dbgate,18.543,query,78993,11695775530610,DbGate Helper,57869560,0.375951917
3,dbgate,18.543,query,78929,11695494485303,DbGate Helper,52020472,0.344031625
3,dbgate,18.543,query,78930,11695494553840,DbGate Helper,51971320,0.340790708
3,dbgate,18.543,query,78927,11695492726352,DbGate Helper,51512568,0.325662542
3,dbgate,18.543,query,78940,11695499507884,com.apple.SafariPlatformSupport,9781848,0.110410833
3,dbgate,18.543,query,78919,11695475011891,DbGate Helper,7537456,0.068586375
3,dbgate,18.794,query,78925,11695484062090,DbGate Helper (Renderer),192120392,3.062059833
3,dbgate,18.794,query,78918,11695474879253,DbGate Helper (GPU),167265264,1.999047750
3,dbgate,18.794,query,78916,11695464800976,DbGate,117524232,1.350046833
3,dbgate,18.794,query,78993,11695775530610,DbGate Helper,57820408,0.376043458
3,dbgate,18.794,query,78929,11695494485303,DbGate Helper,52020472,0.344177000
3,dbgate,18.794,query,78930,11695494553840,DbGate Helper,51971320,0.340883125
3,dbgate,18.794,query,78927,11695492726352,DbGate Helper,51512568,0.325662542
3,dbgate,18.794,query,78940,11695499507884,com.apple.SafariPlatformSupport,9781848,0.110410833
3,dbgate,18.794,query,78919,11695475011891,DbGate Helper,7537456,0.068586375
3,dbgate,19.049,query,78925,11695484062090,DbGate Helper (Renderer),192185928,3.130341458
3,dbgate,19.049,query,78918,11695474879253,DbGate Helper (GPU),167265264,2.042530958
3,dbgate,19.049,query,78916,11695464800976,DbGate,117524232,1.364719958
3,dbgate,19.049,query,78993,11695775530610,DbGate Helper,57820408,0.376043458
3,dbgate,19.049,query,78929,11695494485303,DbGate Helper,52020472,0.344177000
3,dbgate,19.049,query,78930,11695494553840,DbGate Helper,51971320,0.340883125
3,dbgate,19.049,query,78927,11695492726352,DbGate Helper,51512568,0.325662542
3,dbgate,19.049,query,78940,11695499507884,com.apple.SafariPlatformSupport,9781848,0.110410833
3,dbgate,19.049,query,78919,11695475011891,DbGate Helper,7537456,0.068586375
3,dbgate,19.304,query,78925,11695484062090,DbGate Helper (Renderer),192284232,3.165182000
3,dbgate,19.304,query,78918,11695474879253,DbGate Helper (GPU),167265264,2.063317542
3,dbgate,19.304,query,78916,11695464800976,DbGate,117524232,1.371219958
3,dbgate,19.304,query,78993,11695775530610,DbGate Helper,57820408,0.376043458
3,dbgate,19.304,query,78929,11695494485303,DbGate Helper,52020472,0.344177000
3,dbgate,19.304,query,78930,11695494553840,DbGate Helper,51971320,0.340883125
3,dbgate,19.304,query,78927,11695492726352,DbGate Helper,51512568,0.325662542
3,dbgate,19.304,query,78940,11695499507884,com.apple.SafariPlatformSupport,9781848,0.110410833
3,dbgate,19.304,query,78919,11695475011891,DbGate Helper,7537456,0.068586375
3,dbgate,19.556,after-query,78925,11695484062090,DbGate Helper (Renderer),192284232,3.175094500
3,dbgate,19.556,after-query,78918,11695474879253,DbGate Helper (GPU),167183344,2.070148167
3,dbgate,19.556,after-query,78916,11695464800976,DbGate,117524232,1.372855958
3,dbgate,19.556,after-query,78993,11695775530610,DbGate Helper,57820408,0.376634625
3,dbgate,19.556,after-query,78929,11695494485303,DbGate Helper,52020472,0.344177000
3,dbgate,19.556,after-query,78930,11695494553840,DbGate Helper,51971320,0.340883125
3,dbgate,19.556,after-query,78927,11695492726352,DbGate Helper,51512568,0.325978167
3,dbgate,19.556,after-query,78940,11695499507884,com.apple.SafariPlatformSupport,9781848,0.110410833
3,dbgate,19.556,after-query,78919,11695475011891,DbGate Helper,7537456,0.068586375
3,dbgate,19.807,after-query,78925,11695484062090,DbGate Helper (Renderer),192284232,3.183780292
3,dbgate,19.807,after-query,78918,11695474879253,DbGate Helper (GPU),166626288,2.079351542
3,dbgate,19.807,after-query,78916,11695464800976,DbGate,117524232,1.373675167
3,dbgate,19.807,after-query,78993,11695775530610,DbGate Helper,57820408,0.376634625
3,dbgate,19.807,after-query,78929,11695494485303,DbGate Helper,52020472,0.344465167
3,dbgate,19.807,after-query,78930,11695494553840,DbGate Helper,51971320,0.341125167
3,dbgate,19.807,after-query,78927,11695492726352,DbGate Helper,51512568,0.325978167
3,dbgate,19.807,after-query,78940,11695499507884,com.apple.SafariPlatformSupport,9781848,0.110410833
3,dbgate,19.807,after-query,78919,11695475011891,DbGate Helper,7537456,0.068586375
3,dbgate,20.062,after-query,78925,11695484062090,DbGate Helper (Renderer),192284232,3.192426000
3,dbgate,20.062,after-query,78918,11695474879253,DbGate Helper (GPU),166659056,2.087829750
3,dbgate,20.062,after-query,78916,11695464800976,DbGate,117524232,1.373675167
3,dbgate,20.062,after-query,78993,11695775530610,DbGate Helper,57820408,0.376634625
3,dbgate,20.062,after-query,78929,11695494485303,DbGate Helper,52020472,0.344465167
3,dbgate,20.062,after-query,78930,11695494553840,DbGate Helper,51971320,0.341125167
3,dbgate,20.062,after-query,78927,11695492726352,DbGate Helper,51512568,0.325978167
3,dbgate,20.062,after-query,78940,11695499507884,com.apple.SafariPlatformSupport,9781848,0.110410833
3,dbgate,20.062,after-query,78919,11695475011891,DbGate Helper,7537456,0.068586375
3,dbgate,20.317,after-query,78925,11695484062090,DbGate Helper (Renderer),192284232,3.198684375
3,dbgate,20.317,after-query,78918,11695474879253,DbGate Helper (GPU),164185072,2.094238708
3,dbgate,20.317,after-query,78916,11695464800976,DbGate,117524232,1.373675167
3,dbgate,20.317,after-query,78993,11695775530610,DbGate Helper,57820408,0.376634625
3,dbgate,20.317,after-query,78929,11695494485303,DbGate Helper,52020472,0.344465167
3,dbgate,20.317,after-query,78930,11695494553840,DbGate Helper,51971320,0.341125167
3,dbgate,20.317,after-query,78927,11695492726352,DbGate Helper,51512568,0.325978167
3,dbgate,20.317,after-query,78940,11695499507884,com.apple.SafariPlatformSupport,9781848,0.110410833
3,dbgate,20.317,after-query,78919,11695475011891,DbGate Helper,7537456,0.068586375
3,dbgate,20.572,after-query,78925,11695484062090,DbGate Helper (Renderer),192284232,3.204970167
3,dbgate,20.572,after-query,78918,11695474879253,DbGate Helper (GPU),158942192,2.100291458
3,dbgate,20.572,after-query,78916,11695464800976,DbGate,117524232,1.374454792
3,dbgate,20.572,after-query,78993,11695775530610,DbGate Helper,57820408,0.376808250
3,dbgate,20.572,after-query,78929,11695494485303,DbGate Helper,52020472,0.344465167
3,dbgate,20.572,after-query,78930,11695494553840,DbGate Helper,51971320,0.341125167
3,dbgate,20.572,after-query,78927,11695492726352,DbGate Helper,51512568,0.326278042
3,dbgate,20.572,after-query,78940,11695499507884,com.apple.SafariPlatformSupport,9781848,0.110410833
3,dbgate,20.572,after-query,78919,11695475011891,DbGate Helper,7537456,0.068586375
3,dbgate,20.825,after-query,78925,11695484062090,DbGate Helper (Renderer),192284232,3.212689667
3,dbgate,20.825,after-query,78918,11695474879253,DbGate Helper (GPU),145327088,2.112619542
3,dbgate,20.825,after-query,78916,11695464800976,DbGate,117524232,1.375319500
3,dbgate,20.825,after-query,78993,11695775530610,DbGate Helper,57820408,0.376808250
3,dbgate,20.825,after-query,78929,11695494485303,DbGate Helper,52020472,0.344806833
3,dbgate,20.825,after-query,78930,11695494553840,DbGate Helper,51971320,0.341301542
3,dbgate,20.825,after-query,78927,11695492726352,DbGate Helper,51512568,0.326278042
3,dbgate,20.825,after-query,78940,11695499507884,com.apple.SafariPlatformSupport,9781848,0.110410833
3,dbgate,20.825,after-query,78919,11695475011891,DbGate Helper,7537456,0.068586375
3,dbgate,21.078,after-query,78925,11695484062090,DbGate Helper (Renderer),191628848,3.220413542
3,dbgate,21.078,after-query,78918,11695474879253,DbGate Helper (GPU),127894512,2.126048792
3,dbgate,21.078,after-query,78916,11695464800976,DbGate,117524232,1.375600750
3,dbgate,21.078,after-query,78993,11695775530610,DbGate Helper,57820408,0.376808250
3,dbgate,21.078,after-query,78929,11695494485303,DbGate Helper,52020472,0.344806833
3,dbgate,21.078,after-query,78930,11695494553840,DbGate Helper,51971320,0.341301542
3,dbgate,21.078,after-query,78927,11695492726352,DbGate Helper,51512568,0.326278042
3,dbgate,21.078,after-query,78940,11695499507884,com.apple.SafariPlatformSupport,9781848,0.110410833
3,dbgate,21.078,after-query,78919,11695475011891,DbGate Helper,7537456,0.068586375
3,dbgate,21.331,after-query,78925,11695484062090,DbGate Helper (Renderer),191645232,3.230277958
3,dbgate,21.331,after-query,78918,11695474879253,DbGate Helper (GPU),127878128,2.133880375
3,dbgate,21.331,after-query,78916,11695464800976,DbGate,117524232,1.377992375
3,dbgate,21.331,after-query,78993,11695775530610,DbGate Helper,57836792,0.377872667
3,dbgate,21.331,after-query,78930,11695494553840,DbGate Helper,52036856,0.342001083
3,dbgate,21.331,after-query,78929,11695494485303,DbGate Helper,52020472,0.344806833
3,dbgate,21.331,after-query,78927,11695492726352,DbGate Helper,51512568,0.326278042
3,dbgate,21.331,after-query,78940,11695499507884,com.apple.SafariPlatformSupport,9781848,0.110410833
3,dbgate,21.331,after-query,78919,11695475011891,DbGate Helper,7537456,0.068586375
3,dbgate,21.582,after-query,78925,11695484062090,DbGate Helper (Renderer),191645232,3.236266208
3,dbgate,21.582,after-query,78918,11695474879253,DbGate Helper (GPU),127878128,2.140243167
3,dbgate,21.582,after-query,78916,11695464800976,DbGate,117524232,1.378857083
3,dbgate,21.582,after-query,78993,11695775530610,DbGate Helper,57836792,0.377872667
3,dbgate,21.582,after-query,78930,11695494553840,DbGate Helper,52036856,0.342124583
3,dbgate,21.582,after-query,78929,11695494485303,DbGate Helper,52020472,0.344966208
3,dbgate,21.582,after-query,78927,11695492726352,DbGate Helper,51512568,0.326766125
3,dbgate,21.582,after-query,78940,11695499507884,com.apple.SafariPlatformSupport,9781848,0.110410833
3,dbgate,21.582,after-query,78919,11695475011891,DbGate Helper,7537456,0.068586375
3,dbgate,21.837,after-query,78925,11695484062090,DbGate Helper (Renderer),191645232,3.244034833
3,dbgate,21.837,after-query,78918,11695474879253,DbGate Helper (GPU),125813744,2.155548458
3,dbgate,21.837,after-query,78916,11695464800976,DbGate,117524232,1.379878125
3,dbgate,21.837,after-query,78993,11695775530610,DbGate Helper,57836792,0.377872667
3,dbgate,21.837,after-query,78930,11695494553840,DbGate Helper,52036856,0.342334125
3,dbgate,21.837,after-query,78929,11695494485303,DbGate Helper,52020472,0.345228625
3,dbgate,21.837,after-query,78927,11695492726352,DbGate Helper,51512568,0.326766125
3,dbgate,21.837,after-query,78940,11695499507884,com.apple.SafariPlatformSupport,9781848,0.110410833
3,dbgate,21.837,after-query,78919,11695475011891,DbGate Helper,7537456,0.068586375
3,dbgate,22.091,after-query,78925,11695484062090,DbGate Helper (Renderer),191645232,3.251563250
3,dbgate,22.091,after-query,78918,11695474879253,DbGate Helper (GPU),125797360,2.164187625
3,dbgate,22.091,after-query,78916,11695464800976,DbGate,117507848,1.380190208
3,dbgate,22.091,after-query,78993,11695775530610,DbGate Helper,57836792,0.377872667
3,dbgate,22.091,after-query,78930,11695494553840,DbGate Helper,52036856,0.342334125
3,dbgate,22.091,after-query,78929,11695494485303,DbGate Helper,52020472,0.345228625
3,dbgate,22.091,after-query,78927,11695492726352,DbGate Helper,51512568,0.326766125
3,dbgate,22.091,after-query,78940,11695499507884,com.apple.SafariPlatformSupport,9781848,0.110410833
3,dbgate,22.091,after-query,78919,11695475011891,DbGate Helper,7537456,0.068586375
3,dbgate,22.346,after-query,78925,11695484062090,DbGate Helper (Renderer),191645232,3.258410792
3,dbgate,22.346,after-query,78918,11695474879253,DbGate Helper (GPU),125780976,2.171715167
3,dbgate,22.346,after-query,78916,11695464800976,DbGate,117507848,1.380725958
3,dbgate,22.346,after-query,78993,11695775530610,DbGate Helper,57836792,0.378302250
3,dbgate,22.346,after-query,78930,11695494553840,DbGate Helper,52036856,0.342334125
3,dbgate,22.346,after-query,78929,11695494485303,DbGate Helper,52020472,0.345228625
3,dbgate,22.346,after-query,78927,11695492726352,DbGate Helper,51512568,0.326766125
3,dbgate,22.346,after-query,78940,11695499507884,com.apple.SafariPlatformSupport,9781848,0.110410833
3,dbgate,22.346,after-query,78919,11695475011891,DbGate Helper,7537456,0.068586375
3,dbgate,22.602,after-query,78925,11695484062090,DbGate Helper (Renderer),191645232,3.265573250
3,dbgate,22.602,after-query,78918,11695474879253,DbGate Helper (GPU),125780976,2.178409292
3,dbgate,22.602,after-query,78916,11695464800976,DbGate,117507848,1.382183583
3,dbgate,22.602,after-query,78993,11695775530610,DbGate Helper,57836792,0.378302250
3,dbgate,22.602,after-query,78930,11695494553840,DbGate Helper,52036856,0.342605792
3,dbgate,22.602,after-query,78929,11695494485303,DbGate Helper,52020472,0.345530792
3,dbgate,22.602,after-query,78927,11695492726352,DbGate Helper,51512568,0.327054792
3,dbgate,22.602,after-query,78940,11695499507884,com.apple.SafariPlatformSupport,9781848,0.110410833
3,dbgate,22.602,after-query,78919,11695475011891,DbGate Helper,7537456,0.068586375
3,dbgate,22.857,after-query,78925,11695484062090,DbGate Helper (Renderer),191645232,3.273663292
3,dbgate,22.857,after-query,78918,11695474879253,DbGate Helper (GPU),125780976,2.187669375
3,dbgate,22.857,after-query,78916,11695464800976,DbGate,117507848,1.382183583
3,dbgate,22.857,after-query,78993,11695775530610,DbGate Helper,57836792,0.378302250
3,dbgate,22.857,after-query,78930,11695494553840,DbGate Helper,52036856,0.342605792
3,dbgate,22.857,after-query,78929,11695494485303,DbGate Helper,52020472,0.345530792
3,dbgate,22.857,after-query,78927,11695492726352,DbGate Helper,51512568,0.327054792
3,dbgate,22.857,after-query,78940,11695499507884,com.apple.SafariPlatformSupport,9781848,0.110410833
3,dbgate,22.857,after-query,78919,11695475011891,DbGate Helper,7537456,0.068586375
3,dbgate,23.113,after-query,78925,11695484062090,DbGate Helper (Renderer),191645232,3.281558208
3,dbgate,23.113,after-query,78918,11695474879253,DbGate Helper (GPU),125764592,2.196920583
3,dbgate,23.113,after-query,78916,11695464800976,DbGate,117442312,1.382661167
3,dbgate,23.113,after-query,78993,11695775530610,DbGate Helper,57836792,0.378302250
3,dbgate,23.113,after-query,78930,11695494553840,DbGate Helper,52036856,0.342605792
3,dbgate,23.113,after-query,78929,11695494485303,DbGate Helper,52020472,0.345530792
3,dbgate,23.113,after-query,78927,11695492726352,DbGate Helper,51512568,0.327054792
3,dbgate,23.113,after-query,78940,11695499507884,com.apple.SafariPlatformSupport,9781848,0.110410833
3,dbgate,23.113,after-query,78919,11695475011891,DbGate Helper,7521072,0.068734250
3,dbgate,23.368,after-query,78925,11695484062090,DbGate Helper (Renderer),191645232,3.288433875
3,dbgate,23.368,after-query,78918,11695474879253,DbGate Helper (GPU),125748208,2.204154125
3,dbgate,23.368,after-query,78916,11695464800976,DbGate,117442312,1.383197000
3,dbgate,23.368,after-query,78993,11695775530610,DbGate Helper,57836792,0.379211875
3,dbgate,23.368,after-query,78930,11695494553840,DbGate Helper,52036856,0.342605792
3,dbgate,23.368,after-query,78929,11695494485303,DbGate Helper,52020472,0.345530792
3,dbgate,23.368,after-query,78927,11695492726352,DbGate Helper,51512568,0.327054792
3,dbgate,23.368,after-query,78940,11695499507884,com.apple.SafariPlatformSupport,9781848,0.110410833
3,dbgate,23.368,after-query,78919,11695475011891,DbGate Helper,7521072,0.068734250
3,dbgate,23.621,after-query,78925,11695484062090,DbGate Helper (Renderer),191678000,3.295954750
3,dbgate,23.621,after-query,78918,11695474879253,DbGate Helper (GPU),125748208,2.211090792
3,dbgate,23.621,after-query,78916,11695464800976,DbGate,117442312,1.384447292
3,dbgate,23.621,after-query,78993,11695775530610,DbGate Helper,57836792,0.379211875
3,dbgate,23.621,after-query,78930,11695494553840,DbGate Helper,52036856,0.342790375
3,dbgate,23.621,after-query,78929,11695494485303,DbGate Helper,52020472,0.345808583
3,dbgate,23.621,after-query,78927,11695492726352,DbGate Helper,51512568,0.327350375
3,dbgate,23.621,after-query,78940,11695499507884,com.apple.SafariPlatformSupport,9781848,0.110410833
3,dbgate,23.621,after-query,78919,11695475011891,DbGate Helper,7521072,0.068734250
3,dbgate,23.876,after-query,78925,11695484062090,DbGate Helper (Renderer),191678000,3.302539625
3,dbgate,23.876,after-query,78918,11695474879253,DbGate Helper (GPU),125748208,2.219853792
3,dbgate,23.876,after-query,78916,11695464800976,DbGate,117442312,1.384447292
3,dbgate,23.876,after-query,78993,11695775530610,DbGate Helper,57836792,0.379211875
3,dbgate,23.876,after-query,78930,11695494553840,DbGate Helper,52036856,0.342790375
3,dbgate,23.876,after-query,78929,11695494485303,DbGate Helper,52020472,0.345808583
3,dbgate,23.876,after-query,78927,11695492726352,DbGate Helper,51512568,0.327350375
3,dbgate,23.876,after-query,78940,11695499507884,com.apple.SafariPlatformSupport,9781848,0.110410833
3,dbgate,23.876,after-query,78919,11695475011891,DbGate Helper,7521072,0.068734250
3,dbgate,24.131,after-query,78925,11695484062090,DbGate Helper (Renderer),191678000,3.309250125
3,dbgate,24.131,after-query,78916,11695464800976,DbGate,117442312,1.384447292
3,dbgate,24.131,after-query,78918,11695474879253,DbGate Helper (GPU),114689008,2.229117625
3,dbgate,24.131,after-query,78993,11695775530610,DbGate Helper,57836792,0.379211875
3,dbgate,24.131,after-query,78930,11695494553840,DbGate Helper,52036856,0.342790375
3,dbgate,24.131,after-query,78929,11695494485303,DbGate Helper,52020472,0.345808583
3,dbgate,24.131,after-query,78927,11695492726352,DbGate Helper,51512568,0.327350375
3,dbgate,24.131,after-query,78940,11695499507884,com.apple.SafariPlatformSupport,9781848,0.110410833
3,dbgate,24.131,after-query,78919,11695475011891,DbGate Helper,7521072,0.068734250
