run,app,t_seconds,phase,pid,start_mach_ticks,name,footprint_bytes,cpu_seconds
1,pgpad,0.255,launch,67296,11568709396421,pgpad-tauri,17138648,0.127504167
1,pgpad,0.510,settle,67296,11568709396421,pgpad-tauri,30016544,0.316335042
1,pgpad,0.510,settle,67299,11568714673305,com.apple.WebKit.Networking,6472184,0.022514000
1,pgpad,0.510,settle,67298,11568714374910,com.apple.WebKit.GPU,5653032,0.031499583
1,pgpad,0.510,settle,67300,11568714740588,com.apple.WebKit.WebContent,5177824,0.031872792
1,pgpad,0.764,settle,67296,11568709396421,pgpad-tauri,30360608,0.362792042
1,pgpad,0.764,settle,67299,11568714673305,com.apple.WebKit.Networking,6947344,0.027850750
1,pgpad,0.764,settle,67300,11568714740588,com.apple.WebKit.WebContent,6668840,0.071583542
1,pgpad,0.764,settle,67298,11568714374910,com.apple.WebKit.GPU,5620264,0.031554792
1,pgpad,1.019,settle,67300,11568714740588,com.apple.WebKit.WebContent,145916648,0.256067125
1,pgpad,1.019,settle,67298,11568714374910,com.apple.WebKit.GPU,48546680,0.098580958
1,pgpad,1.019,settle,67296,11568709396421,pgpad-tauri,33490000,0.385168583
1,pgpad,1.019,settle,67299,11568714673305,com.apple.WebKit.Networking,6996496,0.029453208
1,pgpad,1.019,settle,67303,11568729658482,com.apple.audio.SandboxHelper,5390840,0.020584708
1,pgpad,1.274,settle,67300,11568714740588,com.apple.WebKit.WebContent,145916648,0.256399958
1,pgpad,1.274,settle,67298,11568714374910,com.apple.WebKit.GPU,41796472,0.098662583
1,pgpad,1.274,settle,67296,11568709396421,pgpad-tauri,33309776,0.386533000
1,pgpad,1.274,settle,67299,11568714673305,com.apple.WebKit.Networking,6996496,0.029519667
1,pgpad,1.274,settle,67303,11568729658482,com.apple.audio.SandboxHelper,5390840,0.020584708
1,pgpad,1.527,settle,67300,11568714740588,com.apple.WebKit.WebContent,140952296,0.260666875
1,pgpad,1.527,settle,67298,11568714374910,com.apple.WebKit.GPU,41698168,0.099443333
1,pgpad,1.527,settle,67296,11568709396421,pgpad-tauri,33244240,0.388702375
1,pgpad,1.527,settle,67299,11568714673305,com.apple.WebKit.Networking,6619664,0.030520000
1,pgpad,1.527,settle,67303,11568729658482,com.apple.audio.SandboxHelper,5390840,0.020584708
1,pgpad,1.782,settle,67300,11568714740588,com.apple.WebKit.WebContent,138216168,0.279711167
1,pgpad,1.782,settle,67298,11568714374910,com.apple.WebKit.GPU,41567096,0.099792958
1,pgpad,1.782,settle,67296,11568709396421,pgpad-tauri,32556112,0.389432833
1,pgpad,1.782,settle,67299,11568714673305,com.apple.WebKit.Networking,6439440,0.030684875
1,pgpad,1.782,settle,67303,11568729658482,com.apple.audio.SandboxHelper,5390840,0.020584708
1,pgpad,2.037,settle,67300,11568714740588,com.apple.WebKit.WebContent,137954024,0.282469083
1,pgpad,2.037,settle,67298,11568714374910,com.apple.WebKit.GPU,41517944,0.101190417
1,pgpad,2.037,settle,67296,11568709396421,pgpad-tauri,32441424,0.390993375
1,pgpad,2.037,settle,67299,11568714673305,com.apple.WebKit.Networking,5997072,0.031112875
1,pgpad,2.037,settle,67303,11568729658482,com.apple.audio.SandboxHelper,5374456,0.020842708
1,pgpad,2.291,settle,67300,11568714740588,com.apple.WebKit.WebContent,96830184,0.284186375
1,pgpad,2.291,settle,67296,11568709396421,pgpad-tauri,31835216,0.391535167
1,pgpad,2.291,settle,67298,11568714374910,com.apple.WebKit.GPU,17089400,0.102842917
1,pgpad,2.291,settle,67299,11568714673305,com.apple.WebKit.Networking,5997072,0.031235917
1,pgpad,2.291,settle,67303,11568729658482,com.apple.audio.SandboxHelper,5374456,0.020842708
1,pgpad,2.546,settle,67300,11568714740588,com.apple.WebKit.WebContent,96600808,0.284727875
1,pgpad,2.546,settle,67296,11568709396421,pgpad-tauri,31769680,0.391864875
1,pgpad,2.546,settle,67298,11568714374910,com.apple.WebKit.GPU,17089400,0.102991917
1,pgpad,2.546,settle,67299,11568714673305,com.apple.WebKit.Networking,5997072,0.031420083
1,pgpad,2.546,settle,67303,11568729658482,com.apple.audio.SandboxHelper,5374456,0.020842708
1,pgpad,2.796,settle,67300,11568714740588,com.apple.WebKit.WebContent,96568040,0.285202542
1,pgpad,2.796,settle,67296,11568709396421,pgpad-tauri,31704144,0.392162875
1,pgpad,2.796,settle,67298,11568714374910,com.apple.WebKit.GPU,17073016,0.103220750
1,pgpad,2.796,settle,67299,11568714673305,com.apple.WebKit.Networking,5997072,0.031459167
1,pgpad,2.796,settle,67303,11568729658482,com.apple.audio.SandboxHelper,5374456,0.020842708
1,pgpad,3.048,settle,67300,11568714740588,com.apple.WebKit.WebContent,96568040,0.285526167
1,pgpad,3.048,settle,67296,11568709396421,pgpad-tauri,31704144,0.392226417
1,pgpad,3.048,settle,67298,11568714374910,com.apple.WebKit.GPU,17073016,0.103410917
1,pgpad,3.048,settle,67299,11568714673305,com.apple.WebKit.Networking,5997072,0.031459167
1,pgpad,3.048,settle,67303,11568729658482,com.apple.audio.SandboxHelper,5374456,0.020842708
1,pgpad,3.301,settle,67300,11568714740588,com.apple.WebKit.WebContent,96404200,0.286164375
1,pgpad,3.301,settle,67296,11568709396421,pgpad-tauri,31704144,0.392299000
1,pgpad,3.301,settle,67298,11568714374910,com.apple.WebKit.GPU,17040248,0.103649542
1,pgpad,3.301,settle,67299,11568714673305,com.apple.WebKit.Networking,5997072,0.031459167
1,pgpad,3.301,settle,67303,11568729658482,com.apple.audio.SandboxHelper,5374456,0.020842708
1,pgpad,3.556,settle,67300,11568714740588,com.apple.WebKit.WebContent,96387816,0.286402458
1,pgpad,3.556,settle,67296,11568709396421,pgpad-tauri,31704144,0.392299000
1,pgpad,3.556,settle,67298,11568714374910,com.apple.WebKit.GPU,17023864,0.103764750
1,pgpad,3.556,settle,67299,11568714673305,com.apple.WebKit.Networking,5997072,0.031459167
1,pgpad,3.556,settle,67303,11568729658482,com.apple.audio.SandboxHelper,5374456,0.020842708
1,pgpad,3.811,settle,67300,11568714740588,com.apple.WebKit.WebContent,96387816,0.286402458
1,pgpad,3.811,settle,67296,11568709396421,pgpad-tauri,31704144,0.392509292
1,pgpad,3.811,settle,67298,11568714374910,com.apple.WebKit.GPU,17023864,0.103860125
1,pgpad,3.811,settle,67299,11568714673305,com.apple.WebKit.Networking,5997072,0.031459167
1,pgpad,3.811,settle,67303,11568729658482,com.apple.audio.SandboxHelper,5374456,0.020842708
1,pgpad,4.066,settle,67300,11568714740588,com.apple.WebKit.WebContent,96387816,0.286465042
1,pgpad,4.066,settle,67296,11568709396421,pgpad-tauri,31704144,0.392720250
1,pgpad,4.066,settle,67298,11568714374910,com.apple.WebKit.GPU,17023864,0.103860125
1,pgpad,4.066,settle,67299,11568714673305,com.apple.WebKit.Networking,5997072,0.031459167
1,pgpad,4.066,settle,67303,11568729658482,com.apple.audio.SandboxHelper,5374456,0.020842708
1,pgpad,4.321,settle,67300,11568714740588,com.apple.WebKit.WebContent,96387816,0.286465042
1,pgpad,4.321,settle,67296,11568709396421,pgpad-tauri,31704144,0.392936250
1,pgpad,4.321,settle,67298,11568714374910,com.apple.WebKit.GPU,17023864,0.103860125
1,pgpad,4.321,settle,67299,11568714673305,com.apple.WebKit.Networking,5997072,0.031459167
1,pgpad,4.321,settle,67303,11568729658482,com.apple.audio.SandboxHelper,5374456,0.020842708
1,pgpad,4.577,settle,67300,11568714740588,com.apple.WebKit.WebContent,96387816,0.286465042
1,pgpad,4.577,settle,67296,11568709396421,pgpad-tauri,31704144,0.393122000
1,pgpad,4.577,settle,67298,11568714374910,com.apple.WebKit.GPU,17023864,0.103860125
1,pgpad,4.577,settle,67299,11568714673305,com.apple.WebKit.Networking,5997072,0.031459167
1,pgpad,4.577,settle,67303,11568729658482,com.apple.audio.SandboxHelper,5374456,0.020842708
1,pgpad,4.832,settle,67300,11568714740588,com.apple.WebKit.WebContent,96387816,0.286465042
1,pgpad,4.832,settle,67296,11568709396421,pgpad-tauri,31704144,0.393122000
1,pgpad,4.832,settle,67298,11568714374910,com.apple.WebKit.GPU,17023864,0.103860125
1,pgpad,4.832,settle,67299,11568714673305,com.apple.WebKit.Networking,5997072,0.031459167
1,pgpad,4.832,settle,67303,11568729658482,com.apple.audio.SandboxHelper,5374456,0.020842708
1,pgpad,5.084,settle,67300,11568714740588,com.apple.WebKit.WebContent,96387816,0.286465042
1,pgpad,5.084,settle,67296,11568709396421,pgpad-tauri,31704144,0.393122000
1,pgpad,5.084,settle,67298,11568714374910,com.apple.WebKit.GPU,17023864,0.103860125
1,pgpad,5.084,settle,67299,11568714673305,com.apple.WebKit.Networking,5997072,0.031459167
1,pgpad,5.084,settle,67303,11568729658482,com.apple.audio.SandboxHelper,5374456,0.020842708
1,pgpad,5.336,settle,67300,11568714740588,com.apple.WebKit.WebContent,96387816,0.286465042
1,pgpad,5.336,settle,67296,11568709396421,pgpad-tauri,31704144,0.393769875
1,pgpad,5.336,settle,67298,11568714374910,com.apple.WebKit.GPU,17023864,0.103860125
1,pgpad,5.336,settle,67299,11568714673305,com.apple.WebKit.Networking,5997072,0.031459167
1,pgpad,5.336,settle,67303,11568729658482,com.apple.audio.SandboxHelper,5374456,0.020842708
1,pgpad,5.590,query,67300,11568714740588,com.apple.WebKit.WebContent,96387816,0.286465042
1,pgpad,5.590,query,67296,11568709396421,pgpad-tauri,31474768,0.394879458
1,pgpad,5.590,query,67298,11568714374910,com.apple.WebKit.GPU,17023864,0.103903667
1,pgpad,5.590,query,67299,11568714673305,com.apple.WebKit.Networking,5947920,0.035785583
1,pgpad,5.590,query,67303,11568729658482,com.apple.audio.SandboxHelper,5374456,0.020842708
1,pgpad,5.845,query,67300,11568714740588,com.apple.WebKit.WebContent,96387816,0.286556625
1,pgpad,5.845,query,67296,11568709396421,pgpad-tauri,31474768,0.394879458
1,pgpad,5.845,query,67298,11568714374910,com.apple.WebKit.GPU,17023864,0.103903667
1,pgpad,5.845,query,67299,11568714673305,com.apple.WebKit.Networking,5947920,0.035904458
1,pgpad,5.845,query,67303,11568729658482,com.apple.audio.SandboxHelper,5374456,0.020842708
1,pgpad,6.098,query,67300,11568714740588,com.apple.WebKit.WebContent,96404200,0.286697833
1,pgpad,6.098,query,67296,11568709396421,pgpad-tauri,31474768,0.394879458
1,pgpad,6.098,query,67298,11568714374910,com.apple.WebKit.GPU,17023864,0.103903667
1,pgpad,6.098,query,67299,11568714673305,com.apple.WebKit.Networking,5882384,0.036397000
1,pgpad,6.098,query,67303,11568729658482,com.apple.audio.SandboxHelper,5308920,0.020905167
1,pgpad,6.352,query,67300,11568714740588,com.apple.WebKit.WebContent,96404200,0.286697833
1,pgpad,6.352,query,67296,11568709396421,pgpad-tauri,31474768,0.394879458
1,pgpad,6.352,query,67298,11568714374910,com.apple.WebKit.GPU,17023864,0.103903667
1,pgpad,6.352,query,67299,11568714673305,com.apple.WebKit.Networking,5882384,0.036492417
1,pgpad,6.352,query,67303,11568729658482,com.apple.audio.SandboxHelper,5308920,0.020905167
1,pgpad,6.603,query,67300,11568714740588,com.apple.WebKit.WebContent,96338664,0.286876875
1,pgpad,6.603,query,67296,11568709396421,pgpad-tauri,31474768,0.394879458
1,pgpad,6.603,query,67298,11568714374910,com.apple.WebKit.GPU,17023864,0.103903667
1,pgpad,6.603,query,67299,11568714673305,com.apple.WebKit.Networking,5882384,0.036782417
1,pgpad,6.603,query,67303,11568729658482,com.apple.audio.SandboxHelper,5308920,0.020905167
1,pgpad,6.858,query,67300,11568714740588,com.apple.WebKit.WebContent,96338664,0.286950667
1,pgpad,6.858,query,67296,11568709396421,pgpad-tauri,31474768,0.394879458
1,pgpad,6.858,query,67298,11568714374910,com.apple.WebKit.GPU,17023864,0.103903667
1,pgpad,6.858,query,67299,11568714673305,com.apple.WebKit.Networking,5882384,0.036993833
1,pgpad,6.858,query,67303,11568729658482,com.apple.audio.SandboxHelper,5308920,0.020905167
1,pgpad,7.113,query,67300,11568714740588,com.apple.WebKit.WebContent,96338664,0.286950667
1,pgpad,7.113,query,67296,11568709396421,pgpad-tauri,31474768,0.394879458
1,pgpad,7.113,query,67298,11568714374910,com.apple.WebKit.GPU,17023864,0.103903667
1,pgpad,7.113,query,67299,11568714673305,com.apple.WebKit.Networking,5882384,0.036993833
1,pgpad,7.113,query,67303,11568729658482,com.apple.audio.SandboxHelper,5308920,0.020905167
1,pgpad,7.366,query,67300,11568714740588,com.apple.WebKit.WebContent,96338664,0.286950667
1,pgpad,7.366,query,67296,11568709396421,pgpad-tauri,31474768,0.394879458
1,pgpad,7.366,query,67298,11568714374910,com.apple.WebKit.GPU,17023864,0.103903667
1,pgpad,7.366,query,67299,11568714673305,com.apple.WebKit.Networking,5882384,0.036993833
1,pgpad,7.366,query,67303,11568729658482,com.apple.audio.SandboxHelper,5308920,0.020905167
1,pgpad,7.621,query,67300,11568714740588,com.apple.WebKit.WebContent,96338664,0.286950667
1,pgpad,7.621,query,67296,11568709396421,pgpad-tauri,31474768,0.394879458
1,pgpad,7.621,query,67298,11568714374910,com.apple.WebKit.GPU,17007480,0.104004125
1,pgpad,7.621,query,67299,11568714673305,com.apple.WebKit.Networking,5882384,0.036993833
1,pgpad,7.621,query,67303,11568729658482,com.apple.audio.SandboxHelper,5308920,0.020905167
1,pgpad,7.877,query,67300,11568714740588,com.apple.WebKit.WebContent,96338664,0.286950667
1,pgpad,7.877,query,67296,11568709396421,pgpad-tauri,31474768,0.394879458
1,pgpad,7.877,query,67298,11568714374910,com.apple.WebKit.GPU,17007480,0.104004125
1,pgpad,7.877,query,67299,11568714673305,com.apple.WebKit.Networking,5882384,0.036993833
1,pgpad,7.877,query,67303,11568729658482,com.apple.audio.SandboxHelper,5308920,0.020905167
1,pgpad,8.128,query,67300,11568714740588,com.apple.WebKit.WebContent,96338664,0.286950667
1,pgpad,8.128,query,67296,11568709396421,pgpad-tauri,31474768,0.394879458
1,pgpad,8.128,query,67298,11568714374910,com.apple.WebKit.GPU,17007480,0.104004125
1,pgpad,8.128,query,67299,11568714673305,com.apple.WebKit.Networking,5882384,0.036993833
1,pgpad,8.128,query,67303,11568729658482,com.apple.audio.SandboxHelper,5308920,0.020905167
1,pgpad,8.383,query,67300,11568714740588,com.apple.WebKit.WebContent,96338664,0.286950667
1,pgpad,8.383,query,67296,11568709396421,pgpad-tauri,31474768,0.394879458
1,pgpad,8.383,query,67298,11568714374910,com.apple.WebKit.GPU,17007480,0.104004125
1,pgpad,8.383,query,67299,11568714673305,com.apple.WebKit.Networking,5882384,0.036993833
1,pgpad,8.383,query,67303,11568729658482,com.apple.audio.SandboxHelper,5308920,0.020905167
1,pgpad,8.634,query,67300,11568714740588,com.apple.WebKit.WebContent,96338664,0.286950667
1,pgpad,8.634,query,67296,11568709396421,pgpad-tauri,31474768,0.394879458
1,pgpad,8.634,query,67298,11568714374910,com.apple.WebKit.GPU,17007480,0.104049542
1,pgpad,8.634,query,67299,11568714673305,com.apple.WebKit.Networking,5882384,0.036993833
1,pgpad,8.634,query,67303,11568729658482,com.apple.audio.SandboxHelper,5308920,0.020905167
1,pgpad,8.889,query,67300,11568714740588,com.apple.WebKit.WebContent,96256744,0.287871708
1,pgpad,8.889,query,67296,11568709396421,pgpad-tauri,31360080,0.399351917
1,pgpad,8.889,query,67298,11568714374910,com.apple.WebKit.GPU,17007480,0.104049542
1,pgpad,8.889,query,67299,11568714673305,com.apple.WebKit.Networking,5882384,0.036993833
1,pgpad,8.889,query,67303,11568729658482,com.apple.audio.SandboxHelper,5308920,0.020905167
1,pgpad,9.144,query,67300,11568714740588,com.apple.WebKit.WebContent,96338664,0.291933625
1,pgpad,9.144,query,67296,11568709396421,pgpad-tauri,31409232,0.403133542
1,pgpad,9.144,query,67298,11568714374910,com.apple.WebKit.GPU,17007480,0.104049542
1,pgpad,9.144,query,67299,11568714673305,com.apple.WebKit.Networking,5882384,0.036993833
1,pgpad,9.144,query,67303,11568729658482,com.apple.audio.SandboxHelper,5308920,0.020905167
1,pgpad,9.396,query,67300,11568714740588,com.apple.WebKit.WebContent,96338664,0.292796792
1,pgpad,9.396,query,67296,11568709396421,pgpad-tauri,31409232,0.404519208
1,pgpad,9.396,query,67298,11568714374910,com.apple.WebKit.GPU,17007480,0.104049542
1,pgpad,9.396,query,67299,11568714673305,com.apple.WebKit.Networking,5882384,0.036993833
1,pgpad,9.396,query,67303,11568729658482,com.apple.audio.SandboxHelper,5308920,0.020905167
1,pgpad,9.651,query,67300,11568714740588,com.apple.WebKit.WebContent,96338664,0.293187292
1,pgpad,9.651,query,67296,11568709396421,pgpad-tauri,31409232,0.404825708
1,pgpad,9.651,query,67298,11568714374910,com.apple.WebKit.GPU,17007480,0.104049542
1,pgpad,9.651,query,67299,11568714673305,com.apple.WebKit.Networking,5882384,0.036993833
1,pgpad,9.651,query,67303,11568729658482,com.apple.audio.SandboxHelper,5308920,0.020905167
1,pgpad,9.904,query,67300,11568714740588,com.apple.WebKit.WebContent,96338664,0.293690250
1,pgpad,9.904,query,67296,11568709396421,pgpad-tauri,31409232,0.405053583
1,pgpad,9.904,query,67298,11568714374910,com.apple.WebKit.GPU,17007480,0.104049542
1,pgpad,9.904,query,67299,11568714673305,com.apple.WebKit.Networking,5882384,0.036993833
1,pgpad,9.904,query,67303,11568729658482,com.apple.audio.SandboxHelper,5308920,0.020905167
1,pgpad,10.159,query,67300,11568714740588,com.apple.WebKit.WebContent,96338664,0.293971167
1,pgpad,10.159,query,67296,11568709396421,pgpad-tauri,31409232,0.405253917
1,pgpad,10.159,query,67298,11568714374910,com.apple.WebKit.GPU,17007480,0.104049542
1,pgpad,10.159,query,67299,11568714673305,com.apple.WebKit.Networking,5882384,0.036993833
1,pgpad,10.159,query,67303,11568729658482,com.apple.audio.SandboxHelper,5308920,0.020905167
1,pgpad,10.411,query,67300,11568714740588,com.apple.WebKit.WebContent,96338664,0.294263542
1,pgpad,10.411,query,67296,11568709396421,pgpad-tauri,31392848,0.405449250
1,pgpad,10.411,query,67298,11568714374910,com.apple.WebKit.GPU,17007480,0.104049542
1,pgpad,10.411,query,67299,11568714673305,com.apple.WebKit.Networking,5882384,0.036993833
1,pgpad,10.411,query,67303,11568729658482,com.apple.audio.SandboxHelper,5308920,0.020905167
1,pgpad,10.666,query,67300,11568714740588,com.apple.WebKit.WebContent,147636968,0.306680042
1,pgpad,10.666,query,67298,11568714374910,com.apple.WebKit.GPU,48399224,0.114263125
1,pgpad,10.666,query,67296,11568709396421,pgpad-tauri,31376464,0.411464458
1,pgpad,10.666,query,67299,11568714673305,com.apple.WebKit.Networking,5833232,0.038377875
1,pgpad,10.666,query,67303,11568729658482,com.apple.audio.SandboxHelper,5308920,0.020905167
1,pgpad,10.921,query,67300,11568714740588,com.apple.WebKit.WebContent,199688936,0.371915167
1,pgpad,10.921,query,67298,11568714374910,com.apple.WebKit.GPU,56853440,0.155312708
1,pgpad,10.921,query,67296,11568709396421,pgpad-tauri,31851600,0.443573667
1,pgpad,10.921,query,67299,11568714673305,com.apple.WebKit.Networking,5833232,0.038462750
1,pgpad,10.921,query,67303,11568729658482,com.apple.audio.SandboxHelper,5308920,0.020905167
1,pgpad,11.176,query,67300,11568714740588,com.apple.WebKit.WebContent,199590632,0.373320958
1,pgpad,11.176,query,67298,11568714374910,com.apple.WebKit.GPU,49923008,0.155549042
1,pgpad,11.176,query,67296,11568709396421,pgpad-tauri,31835216,0.444329833
1,pgpad,11.176,query,67299,11568714673305,com.apple.WebKit.Networking,5833232,0.038587750
1,pgpad,11.176,query,67303,11568729658482,com.apple.audio.SandboxHelper,5308920,0.020905167
1,pgpad,11.427,query,67300,11568714740588,com.apple.WebKit.WebContent,199590632,0.375867583
1,pgpad,11.427,query,67298,11568714374910,com.apple.WebKit.GPU,49923008,0.157193083
1,pgpad,11.427,query,67296,11568709396421,pgpad-tauri,31769680,0.446640375
1,pgpad,11.427,query,67299,11568714673305,com.apple.WebKit.Networking,5784080,0.038903208
1,pgpad,11.427,query,67303,11568729658482,com.apple.audio.SandboxHelper,5308920,0.020905167
1,pgpad,11.678,query,67300,11568714740588,com.apple.WebKit.WebContent,199443176,0.376968375
1,pgpad,11.678,query,67298,11568714374910,com.apple.WebKit.GPU,49923008,0.157590375
1,pgpad,11.678,query,67296,11568709396421,pgpad-tauri,31753296,0.447395167
1,pgpad,11.678,query,67299,11568714673305,com.apple.WebKit.Networking,5784080,0.039022000
1,pgpad,11.678,query,67303,11568729658482,com.apple.audio.SandboxHelper,5308920,0.020905167
1,pgpad,11.931,query,67300,11568714740588,com.apple.WebKit.WebContent,149242600,0.404604208
1,pgpad,11.931,query,67298,11568714374910,com.apple.WebKit.GPU,42419136,0.168452958
1,pgpad,11.931,query,67296,11568709396421,pgpad-tauri,31769680,0.452230250
1,pgpad,11.931,query,67299,11568714673305,com.apple.WebKit.Networking,5784080,0.039393417
1,pgpad,11.931,query,67303,11568729658482,com.apple.audio.SandboxHelper,5308920,0.020905167
1,pgpad,12.186,query,67300,11568714740588,com.apple.WebKit.WebContent,149258984,0.421277500
1,pgpad,12.186,query,67298,11568714374910,com.apple.WebKit.GPU,42386368,0.169204583
1,pgpad,12.186,query,67296,11568709396421,pgpad-tauri,32031824,0.474356042
1,pgpad,12.186,query,67354,11568997960205,com.apple.SafariPlatformSupport,6701632,0.073865417
1,pgpad,12.186,query,67299,11568714673305,com.apple.WebKit.Networking,5784080,0.039497875
1,pgpad,12.186,query,67303,11568729658482,com.apple.audio.SandboxHelper,5308920,0.020905167
1,pgpad,12.441,query,67300,11568714740588,com.apple.WebKit.WebContent,162267880,0.429818875
1,pgpad,12.441,query,67298,11568714374910,com.apple.WebKit.GPU,42435520,0.170919250
1,pgpad,12.441,query,67296,11568709396421,pgpad-tauri,32621648,0.491410958
1,pgpad,12.441,query,67354,11568997960205,com.apple.SafariPlatformSupport,9699904,0.111953250
1,pgpad,12.441,query,67299,11568714673305,com.apple.WebKit.Networking,5784080,0.039792667
1,pgpad,12.441,query,67303,11568729658482,com.apple.audio.SandboxHelper,5308920,0.020905167
1,pgpad,12.696,query,67300,11568714740588,com.apple.WebKit.WebContent,162185960,0.431589375
1,pgpad,12.696,query,67298,11568714374910,com.apple.WebKit.GPU,42435520,0.171369417
1,pgpad,12.696,query,67296,11568709396421,pgpad-tauri,32605264,0.492160417
1,pgpad,12.696,query,67354,11568997960205,com.apple.SafariPlatformSupport,9699904,0.112426833
1,pgpad,12.696,query,67299,11568714673305,com.apple.WebKit.Networking,5784080,0.039909875
1,pgpad,12.696,query,67303,11568729658482,com.apple.audio.SandboxHelper,5308920,0.020905167
1,pgpad,12.951,query,67300,11568714740588,com.apple.WebKit.WebContent,163005160,0.450712625
1,pgpad,12.951,query,67298,11568714374910,com.apple.WebKit.GPU,42451904,0.176853125
1,pgpad,12.951,query,67296,11568709396421,pgpad-tauri,32834664,0.506462500
1,pgpad,12.951,query,67354,11568997960205,com.apple.SafariPlatformSupport,9699904,0.112426833
1,pgpad,12.951,query,67299,11568714673305,com.apple.WebKit.Networking,5784080,0.040042083
1,pgpad,12.951,query,67303,11568729658482,com.apple.audio.SandboxHelper,5308920,0.020905167
1,pgpad,13.206,query,67300,11568714740588,com.apple.WebKit.WebContent,163005160,0.452360208
1,pgpad,13.206,query,67298,11568714374910,com.apple.WebKit.GPU,42451904,0.177434625
1,pgpad,13.206,query,67296,11568709396421,pgpad-tauri,32818280,0.507559458
1,pgpad,13.206,query,67354,11568997960205,com.apple.SafariPlatformSupport,9699904,0.112426833
1,pgpad,13.206,query,67299,11568714673305,com.apple.WebKit.Networking,5784080,0.040184375
1,pgpad,13.206,query,67303,11568729658482,com.apple.audio.SandboxHelper,5308920,0.020905167
1,pgpad,13.461,query,67300,11568714740588,com.apple.WebKit.WebContent,161989352,0.462417875
1,pgpad,13.461,query,67298,11568714374910,com.apple.WebKit.GPU,42451904,0.183455125
1,pgpad,13.461,query,67296,11568709396421,pgpad-tauri,32867432,0.513769833
1,pgpad,13.461,query,67354,11568997960205,com.apple.SafariPlatformSupport,9699904,0.112659917
1,pgpad,13.461,query,67299,11568714673305,com.apple.WebKit.Networking,5784080,0.040406542
1,pgpad,13.461,query,67303,11568729658482,com.apple.audio.SandboxHelper,5308920,0.020905167
1,pgpad,13.712,query,67300,11568714740588,com.apple.WebKit.WebContent,162104040,0.479313083
1,pgpad,13.712,query,67298,11568714374910,com.apple.WebKit.GPU,37290944,0.185551375
1,pgpad,13.712,query,67296,11568709396421,pgpad-tauri,32867432,0.520605958
1,pgpad,13.712,query,67354,11568997960205,com.apple.SafariPlatformSupport,9699904,0.112659917
1,pgpad,13.712,query,67299,11568714673305,com.apple.WebKit.Networking,5784080,0.040567750
1,pgpad,13.712,query,67303,11568729658482,com.apple.audio.SandboxHelper,5308920,0.020905167
1,pgpad,13.967,query,67300,11568714740588,com.apple.WebKit.WebContent,123781864,0.480626500
1,pgpad,13.967,query,67298,11568714374910,com.apple.WebKit.GPU,34112448,0.187114333
1,pgpad,13.967,query,67296,11568709396421,pgpad-tauri,32851048,0.521426125
1,pgpad,13.967,query,67354,11568997960205,com.apple.SafariPlatformSupport,9699904,0.112659917
1,pgpad,13.967,query,67299,11568714673305,com.apple.WebKit.Networking,5784080,0.040628583
1,pgpad,13.967,query,67303,11568729658482,com.apple.audio.SandboxHelper,5308920,0.020905167
1,pgpad,14.219,query,67300,11568714740588,com.apple.WebKit.WebContent,123732712,0.483471750
1,pgpad,14.219,query,67298,11568714374910,com.apple.WebKit.GPU,34112448,0.187539000
1,pgpad,14.219,query,67296,11568709396421,pgpad-tauri,32867432,0.522543792
1,pgpad,14.219,query,67354,11568997960205,com.apple.SafariPlatformSupport,9699904,0.112659917
1,pgpad,14.219,query,67299,11568714673305,com.apple.WebKit.Networking,5784080,0.040628583
1,pgpad,14.219,query,67303,11568729658482,com.apple.audio.SandboxHelper,5308920,0.020905167
1,pgpad,14.470,query,67300,11568714740588,com.apple.WebKit.WebContent,248038144,0.723742750
1,pgpad,14.470,query,67298,11568714374910,com.apple.WebKit.GPU,53969928,0.217073542
1,pgpad,14.470,query,67296,11568709396421,pgpad-tauri,34849896,0.563624042
1,pgpad,14.470,query,67354,11568997960205,com.apple.SafariPlatformSupport,9699904,0.112837417
1,pgpad,14.470,query,67299,11568714673305,com.apple.WebKit.Networking,5784080,0.040628583
1,pgpad,14.470,query,67303,11568729658482,com.apple.audio.SandboxHelper,5308920,0.020905167
1,pgpad,14.725,query,67300,11568714740588,com.apple.WebKit.WebContent,247972608,0.725271333
1,pgpad,14.725,query,67298,11568714374910,com.apple.WebKit.GPU,53953544,0.217420625
1,pgpad,14.725,query,67296,11568709396421,pgpad-tauri,34833512,0.564445083
1,pgpad,14.725,query,67354,11568997960205,com.apple.SafariPlatformSupport,9699904,0.112837417
1,pgpad,14.725,query,67299,11568714673305,com.apple.WebKit.Networking,5784080,0.040628583
1,pgpad,14.725,query,67303,11568729658482,com.apple.audio.SandboxHelper,5308920,0.020905167
1,pgpad,14.980,query,67300,11568714740588,com.apple.WebKit.WebContent,245498624,0.734890708
1,pgpad,14.980,query,67298,11568714374910,com.apple.WebKit.GPU,53953544,0.218395542
1,pgpad,14.980,query,67296,11568709396421,pgpad-tauri,34833512,0.568036167
1,pgpad,14.980,query,67354,11568997960205,com.apple.SafariPlatformSupport,9699904,0.112837417
1,pgpad,14.980,query,67299,11568714673305,com.apple.WebKit.Networking,5784080,0.040628583
1,pgpad,14.980,query,67303,11568729658482,com.apple.audio.SandboxHelper,5308920,0.020905167
1,pgpad,15.235,query,67300,11568714740588,com.apple.WebKit.WebContent,243909376,0.737569958
1,pgpad,15.235,query,67298,11568714374910,com.apple.WebKit.GPU,53904392,0.218982292
1,pgpad,15.235,query,67296,11568709396421,pgpad-tauri,34817128,0.568668833
1,pgpad,15.235,query,67354,11568997960205,com.apple.SafariPlatformSupport,9699904,0.112837417
1,pgpad,15.235,query,67299,11568714673305,com.apple.WebKit.Networking,5784080,0.040628583
1,pgpad,15.235,query,67303,11568729658482,com.apple.audio.SandboxHelper,5308920,0.020905167
1,pgpad,15.487,query,67300,11568714740588,com.apple.WebKit.WebContent,182141696,0.744200167
1,pgpad,15.487,query,67298,11568714374910,com.apple.WebKit.GPU,43336712,0.221051292
1,pgpad,15.487,query,67296,11568709396421,pgpad-tauri,34833512,0.571387208
1,pgpad,15.487,query,67354,11568997960205,com.apple.SafariPlatformSupport,9699904,0.112837417
1,pgpad,15.487,query,67299,11568714673305,com.apple.WebKit.Networking,5784080,0.040628583
1,pgpad,15.487,query,67303,11568729658482,com.apple.audio.SandboxHelper,5308920,0.020905167
1,pgpad,15.738,query,67300,11568714740588,com.apple.WebKit.WebContent,179618560,0.746205667
1,pgpad,15.738,query,67296,11568709396421,pgpad-tauri,34767976,0.572239208
1,pgpad,15.738,query,67298,11568714374910,com.apple.WebKit.GPU,23069704,0.222126708
1,pgpad,15.738,query,67354,11568997960205,com.apple.SafariPlatformSupport,9699904,0.112837417
1,pgpad,15.738,query,67299,11568714673305,com.apple.WebKit.Networking,5784080,0.040628583
1,pgpad,15.738,query,67303,11568729658482,com.apple.audio.SandboxHelper,5308920,0.020905167
1,pgpad,15.993,query,67300,11568714740588,com.apple.WebKit.WebContent,179618560,0.746907833
1,pgpad,15.993,query,67296,11568709396421,pgpad-tauri,34767976,0.572493833
1,pgpad,15.993,query,67298,11568714374910,com.apple.WebKit.GPU,23069704,0.222399625
1,pgpad,15.993,query,67354,11568997960205,com.apple.SafariPlatformSupport,9699904,0.112837417
1,pgpad,15.993,query,67299,11568714673305,com.apple.WebKit.Networking,5784080,0.040628583
1,pgpad,15.993,query,67303,11568729658482,com.apple.audio.SandboxHelper,5308920,0.020905167
1,pgpad,16.248,query,67300,11568714740588,com.apple.WebKit.WebContent,179585792,0.754264333
1,pgpad,16.248,query,67296,11568709396421,pgpad-tauri,34751592,0.575592333
1,pgpad,16.248,query,67298,11568714374910,com.apple.WebKit.GPU,23069704,0.223307750
1,pgpad,16.248,query,67354,11568997960205,com.apple.SafariPlatformSupport,9699904,0.112837417
1,pgpad,16.248,query,67299,11568714673305,com.apple.WebKit.Networking,5784080,0.040628583
1,pgpad,16.248,query,67303,11568729658482,com.apple.audio.SandboxHelper,5308920,0.020905167
1,pgpad,16.503,query,67300,11568714740588,com.apple.WebKit.WebContent,279184128,0.812113625
1,pgpad,16.503,query,67298,11568714374910,com.apple.WebKit.GPU,62178336,0.259483917
1,pgpad,16.503,query,67296,11568709396421,pgpad-tauri,34784360,0.586114792
1,pgpad,16.503,query,67354,11568997960205,com.apple.SafariPlatformSupport,9699904,0.112992125
1,pgpad,16.503,query,67299,11568714673305,com.apple.WebKit.Networking,5784080,0.040628583
1,pgpad,16.503,query,67303,11568729658482,com.apple.audio.SandboxHelper,5308920,0.020905167
1,pgpad,16.758,query,67300,11568714740588,com.apple.WebKit.WebContent,279167744,0.814649250
1,pgpad,16.758,query,67298,11568714374910,com.apple.WebKit.GPU,61883424,0.264874875
1,pgpad,16.758,query,67296,11568709396421,pgpad-tauri,34767976,0.588013375
1,pgpad,16.758,query,67354,11568997960205,com.apple.SafariPlatformSupport,9699904,0.112992125
1,pgpad,16.758,query,67299,11568714673305,com.apple.WebKit.Networking,5784080,0.040628583
1,pgpad,16.758,query,67303,11568729658482,com.apple.audio.SandboxHelper,5308920,0.020905167
1,pgpad,17.010,query,67300,11568714740588,com.apple.WebKit.WebContent,279921408,0.871556750
1,pgpad,17.010,query,67298,11568714374910,com.apple.WebKit.GPU,62112800,0.294677417
1,pgpad,17.010,query,67296,11568709396421,pgpad-tauri,34784360,0.599218250
1,pgpad,17.010,query,67354,11568997960205,com.apple.SafariPlatformSupport,9699904,0.112992125
1,pgpad,17.010,query,67299,11568714673305,com.apple.WebKit.Networking,5784080,0.040628583
1,pgpad,17.010,query,67303,11568729658482,com.apple.audio.SandboxHelper,5308920,0.020905167
1,pgpad,17.261,query,67300,11568714740588,com.apple.WebKit.WebContent,279905024,0.875561083
1,pgpad,17.261,query,67298,11568714374910,com.apple.WebKit.GPU,61981728,0.302949833
1,pgpad,17.261,query,67296,11568709396421,pgpad-tauri,34767976,0.602936458
1,pgpad,17.261,query,67354,11568997960205,com.apple.SafariPlatformSupport,9699904,0.113647125
1,pgpad,17.261,query,67299,11568714673305,com.apple.WebKit.Networking,5784080,0.041238417
1,pgpad,17.261,query,67303,11568729658482,com.apple.audio.SandboxHelper,5308920,0.020905167
1,pgpad,17.515,query,67300,11568714740588,com.apple.WebKit.WebContent,280625920,0.929385500
1,pgpad,17.515,query,67298,11568714374910,com.apple.WebKit.GPU,54772768,0.337748042
1,pgpad,17.515,query,67296,11568709396421,pgpad-tauri,34800744,0.612580083
1,pgpad,17.515,query,67354,11568997960205,com.apple.SafariPlatformSupport,9699904,0.113647125
1,pgpad,17.515,query,67299,11568714673305,com.apple.WebKit.Networking,5784080,0.041295583
1,pgpad,17.515,query,67303,11568729658482,com.apple.audio.SandboxHelper,5308920,0.020905167
1,pgpad,17.770,query,67300,11568714740588,com.apple.WebKit.WebContent,280625920,0.930805208
1,pgpad,17.770,query,67298,11568714374910,com.apple.WebKit.GPU,54674464,0.338024208
1,pgpad,17.770,query,67296,11568709396421,pgpad-tauri,34784360,0.613539792
1,pgpad,17.770,query,67354,11568997960205,com.apple.SafariPlatformSupport,9699904,0.113647125
1,pgpad,17.770,query,67299,11568714673305,com.apple.WebKit.Networking,5784080,0.041398458
1,pgpad,17.770,query,67303,11568729658482,com.apple.audio.SandboxHelper,5308920,0.020905167
1,pgpad,18.025,query,67300,11568714740588,com.apple.WebKit.WebContent,280658688,0.943838792
1,pgpad,18.025,query,67298,11568714374910,com.apple.WebKit.GPU,66487328,0.349936208
1,pgpad,18.025,query,67296,11568709396421,pgpad-tauri,34751592,0.620269292
1,pgpad,18.025,query,67354,11568997960205,com.apple.SafariPlatformSupport,9699904,0.113647125
1,pgpad,18.025,query,67299,11568714673305,com.apple.WebKit.Networking,5784080,0.041640167
1,pgpad,18.025,query,67303,11568729658482,com.apple.audio.SandboxHelper,5308920,0.020905167
1,pgpad,18.280,query,67300,11568714740588,com.apple.WebKit.WebContent,281002752,0.985511708
1,pgpad,18.280,query,67298,11568714374910,com.apple.WebKit.GPU,60212256,0.375623250
1,pgpad,18.280,query,67296,11568709396421,pgpad-tauri,34751592,0.626898792
1,pgpad,18.280,query,67354,11568997960205,com.apple.SafariPlatformSupport,9699904,0.113647125
1,pgpad,18.280,query,67299,11568714673305,com.apple.WebKit.Networking,5784080,0.041710333
1,pgpad,18.280,query,67303,11568729658482,com.apple.audio.SandboxHelper,5308920,0.020905167
1,pgpad,18.535,after-query,67300,11568714740588,com.apple.WebKit.WebContent,267272960,0.986811583
1,pgpad,18.535,after-query,67298,11568714374910,com.apple.WebKit.GPU,60212256,0.376196417
1,pgpad,18.535,after-query,67296,11568709396421,pgpad-tauri,34669672,0.627627375
1,pgpad,18.535,after-query,67354,11568997960205,com.apple.SafariPlatformSupport,9699904,0.113647125
1,pgpad,18.535,after-query,67299,11568714673305,com.apple.WebKit.Networking,5784080,0.041971042
1,pgpad,18.535,after-query,67303,11568729658482,com.apple.audio.SandboxHelper,5308920,0.020905167
1,pgpad,18.790,after-query,67300,11568714740588,com.apple.WebKit.WebContent,267256576,0.988886667
1,pgpad,18.790,after-query,67298,11568714374910,com.apple.WebKit.GPU,60212256,0.376861042
1,pgpad,18.790,after-query,67296,11568709396421,pgpad-tauri,34587752,0.629669583
1,pgpad,18.790,after-query,67354,11568997960205,com.apple.SafariPlatformSupport,9699904,0.113647125
1,pgpad,18.790,after-query,67299,11568714673305,com.apple.WebKit.Networking,5784080,0.042105833
1,pgpad,18.790,after-query,67303,11568729658482,com.apple.audio.SandboxHelper,5308920,0.020905167
1,pgpad,19.045,after-query,67300,11568714740588,com.apple.WebKit.WebContent,266896128,0.990050208
1,pgpad,19.045,after-query,67298,11568714374910,com.apple.WebKit.GPU,60212256,0.377216833
1,pgpad,19.045,after-query,67296,11568709396421,pgpad-tauri,34587752,0.630062417
1,pgpad,19.045,after-query,67354,11568997960205,com.apple.SafariPlatformSupport,9699904,0.113647125
1,pgpad,19.045,after-query,67299,11568714673305,com.apple.WebKit.Networking,5784080,0.042105833
1,pgpad,19.045,after-query,67303,11568729658482,com.apple.audio.SandboxHelper,5308920,0.020905167
1,pgpad,19.301,after-query,67300,11568714740588,com.apple.WebKit.WebContent,240796416,0.990794167
1,pgpad,19.301,after-query,67298,11568714374910,com.apple.WebKit.GPU,58655776,0.378813083
1,pgpad,19.301,after-query,67296,11568709396421,pgpad-tauri,34587752,0.630389667
1,pgpad,19.301,after-query,67354,11568997960205,com.apple.SafariPlatformSupport,9699904,0.113647125
1,pgpad,19.301,after-query,67299,11568714673305,com.apple.WebKit.Networking,5784080,0.042105833
1,pgpad,19.301,after-query,67303,11568729658482,com.apple.audio.SandboxHelper,5308920,0.020905167
1,pgpad,19.554,after-query,67300,11568714740588,com.apple.WebKit.WebContent,181420800,0.991107167
1,pgpad,19.554,after-query,67296,11568709396421,pgpad-tauri,34538600,0.630650625
1,pgpad,19.554,after-query,67298,11568714374910,com.apple.WebKit.GPU,22610976,0.379388250
1,pgpad,19.554,after-query,67354,11568997960205,com.apple.SafariPlatformSupport,9699904,0.113647125
1,pgpad,19.554,after-query,67299,11568714673305,com.apple.WebKit.Networking,5784080,0.042105833
1,pgpad,19.554,after-query,67303,11568729658482,com.apple.audio.SandboxHelper,5308920,0.020905167
1,pgpad,19.806,after-query,67300,11568714740588,com.apple.WebKit.WebContent,181355264,0.991666500
1,pgpad,19.806,after-query,67296,11568709396421,pgpad-tauri,34538600,0.630754292
1,pgpad,19.806,after-query,67298,11568714374910,com.apple.WebKit.GPU,22610976,0.379724750
1,pgpad,19.806,after-query,67354,11568997960205,com.apple.SafariPlatformSupport,9650752,0.114013125
1,pgpad,19.806,after-query,67299,11568714673305,com.apple.WebKit.Networking,5784080,0.042105833
1,pgpad,19.806,after-query,67303,11568729658482,com.apple.audio.SandboxHelper,5308920,0.020905167
1,pgpad,20.061,after-query,67300,11568714740588,com.apple.WebKit.WebContent,181355264,0.992103708
1,pgpad,20.061,after-query,67296,11568709396421,pgpad-tauri,34538600,0.630754292
1,pgpad,20.061,after-query,67298,11568714374910,com.apple.WebKit.GPU,22610976,0.379890958
1,pgpad,20.061,after-query,67354,11568997960205,com.apple.SafariPlatformSupport,9650752,0.114013125
1,pgpad,20.061,after-query,67299,11568714673305,com.apple.WebKit.Networking,5784080,0.042105833
1,pgpad,20.061,after-query,67303,11568729658482,com.apple.audio.SandboxHelper,5308920,0.020905167
1,pgpad,20.316,after-query,67300,11568714740588,com.apple.WebKit.WebContent,181322496,0.992511417
1,pgpad,20.316,after-query,67296,11568709396421,pgpad-tauri,34538600,0.630846667
1,pgpad,20.316,after-query,67298,11568714374910,com.apple.WebKit.GPU,22610976,0.380216792
1,pgpad,20.316,after-query,67354,11568997960205,com.apple.SafariPlatformSupport,9650752,0.114013125
1,pgpad,20.316,after-query,67299,11568714673305,com.apple.WebKit.Networking,5784080,0.042105833
1,pgpad,20.316,after-query,67303,11568729658482,com.apple.audio.SandboxHelper,5308920,0.020905167
1,pgpad,20.571,after-query,67300,11568714740588,com.apple.WebKit.WebContent,181322496,0.992692917
1,pgpad,20.571,after-query,67296,11568709396421,pgpad-tauri,34538600,0.630846667
1,pgpad,20.571,after-query,67298,11568714374910,com.apple.WebKit.GPU,22512672,0.380507500
1,pgpad,20.571,after-query,67354,11568997960205,com.apple.SafariPlatformSupport,9650752,0.114013125
1,pgpad,20.571,after-query,67299,11568714673305,com.apple.WebKit.Networking,5784080,0.042105833
1,pgpad,20.571,after-query,67303,11568729658482,com.apple.audio.SandboxHelper,5308920,0.020905167
1,pgpad,20.826,after-query,67300,11568714740588,com.apple.WebKit.WebContent,181322496,0.992771542
1,pgpad,20.826,after-query,67296,11568709396421,pgpad-tauri,34522216,0.631063792
1,pgpad,20.826,after-query,67298,11568714374910,com.apple.WebKit.GPU,22512672,0.380590708
1,pgpad,20.826,after-query,67354,11568997960205,com.apple.SafariPlatformSupport,9650752,0.114013125
1,pgpad,20.826,after-query,67299,11568714673305,com.apple.WebKit.Networking,5784080,0.042105833
1,pgpad,20.826,after-query,67303,11568729658482,com.apple.audio.SandboxHelper,5308920,0.020905167
1,pgpad,21.082,after-query,67300,11568714740588,com.apple.WebKit.WebContent,181355264,0.997414292
1,pgpad,21.082,after-query,67296,11568709396421,pgpad-tauri,34522216,0.633459708
1,pgpad,21.082,after-query,67298,11568714374910,com.apple.WebKit.GPU,22512672,0.380590708
1,pgpad,21.082,after-query,67354,11568997960205,com.apple.SafariPlatformSupport,9650752,0.114013125
1,pgpad,21.082,after-query,67299,11568714673305,com.apple.WebKit.Networking,5784080,0.042105833
1,pgpad,21.082,after-query,67303,11568729658482,com.apple.audio.SandboxHelper,5308920,0.020905167
1,pgpad,21.337,after-query,67300,11568714740588,com.apple.WebKit.WebContent,181355264,0.997824042
1,pgpad,21.337,after-query,67296,11568709396421,pgpad-tauri,34522216,0.633623750
1,pgpad,21.337,after-query,67298,11568714374910,com.apple.WebKit.GPU,22512672,0.380590708
1,pgpad,21.337,after-query,67354,11568997960205,com.apple.SafariPlatformSupport,9650752,0.114013125
1,pgpad,21.337,after-query,67299,11568714673305,com.apple.WebKit.Networking,5784080,0.042105833
1,pgpad,21.337,after-query,67303,11568729658482,com.apple.audio.SandboxHelper,5308920,0.020905167
1,pgpad,21.592,after-query,67300,11568714740588,com.apple.WebKit.WebContent,181355264,0.998369458
1,pgpad,21.592,after-query,67296,11568709396421,pgpad-tauri,34522216,0.633899250
1,pgpad,21.592,after-query,67298,11568714374910,com.apple.WebKit.GPU,22512672,0.380590708
1,pgpad,21.592,after-query,67354,11568997960205,com.apple.SafariPlatformSupport,9650752,0.114013125
1,pgpad,21.592,after-query,67299,11568714673305,com.apple.WebKit.Networking,5784080,0.042105833
1,pgpad,21.592,after-query,67303,11568729658482,com.apple.audio.SandboxHelper,5308920,0.020905167
1,pgpad,21.847,after-query,67300,11568714740588,com.apple.WebKit.WebContent,181355264,0.998775833
1,pgpad,21.847,after-query,67296,11568709396421,pgpad-tauri,34522216,0.634118708
1,pgpad,21.847,after-query,67298,11568714374910,com.apple.WebKit.GPU,22512672,0.380590708
1,pgpad,21.847,after-query,67354,11568997960205,com.apple.SafariPlatformSupport,9601600,0.114159958
1,pgpad,21.847,after-query,67299,11568714673305,com.apple.WebKit.Networking,5784080,0.042105833
1,pgpad,21.847,after-query,67303,11568729658482,com.apple.audio.SandboxHelper,5308920,0.020905167
1,pgpad,22.102,after-query,67300,11568714740588,com.apple.WebKit.WebContent,181355264,0.999120958
1,pgpad,22.102,after-query,67296,11568709396421,pgpad-tauri,34522216,0.634321167
1,pgpad,22.102,after-query,67298,11568714374910,com.apple.WebKit.GPU,22512672,0.380590708
1,pgpad,22.102,after-query,67354,11568997960205,com.apple.SafariPlatformSupport,9601600,0.114159958
1,pgpad,22.102,after-query,67299,11568714673305,com.apple.WebKit.Networking,5784080,0.042105833
1,pgpad,22.102,after-query,67303,11568729658482,com.apple.audio.SandboxHelper,5308920,0.020905167
1,pgpad,22.358,after-query,67300,11568714740588,com.apple.WebKit.WebContent,181355264,0.999551958
1,pgpad,22.358,after-query,67296,11568709396421,pgpad-tauri,34522216,0.634657583
1,pgpad,22.358,after-query,67298,11568714374910,com.apple.WebKit.GPU,22512672,0.380590708
1,pgpad,22.358,after-query,67354,11568997960205,com.apple.SafariPlatformSupport,9601600,0.114159958
1,pgpad,22.358,after-query,67299,11568714673305,com.apple.WebKit.Networking,5784080,0.042105833
1,pgpad,22.358,after-query,67303,11568729658482,com.apple.audio.SandboxHelper,5308920,0.020905167
1,pgpad,22.613,after-query,67300,11568714740588,com.apple.WebKit.WebContent,181355264,0.999780833
1,pgpad,22.613,after-query,67296,11568709396421,pgpad-tauri,34522216,0.634716292
1,pgpad,22.613,after-query,67298,11568714374910,com.apple.WebKit.GPU,22512672,0.380590708
1,pgpad,22.613,after-query,67354,11568997960205,com.apple.SafariPlatformSupport,9601600,0.114159958
1,pgpad,22.613,after-query,67299,11568714673305,com.apple.WebKit.Networking,5784080,0.042105833
1,pgpad,22.613,after-query,67303,11568729658482,com.apple.audio.SandboxHelper,5308920,0.020905167
1,pgpad,22.868,after-query,67300,11568714740588,com.apple.WebKit.WebContent,181256960,1.000118250
1,pgpad,22.868,after-query,67296,11568709396421,pgpad-tauri,34522216,0.634716292
1,pgpad,22.868,after-query,67298,11568714374910,com.apple.WebKit.GPU,22512672,0.380590708
1,pgpad,22.868,after-query,67354,11568997960205,com.apple.SafariPlatformSupport,9601600,0.114159958
1,pgpad,22.868,after-query,67299,11568714673305,com.apple.WebKit.Networking,5784080,0.042105833
1,pgpad,22.868,after-query,67303,11568729658482,com.apple.audio.SandboxHelper,5308920,0.020905167
1,pgpad,23.123,after-query,67300,11568714740588,com.apple.WebKit.WebContent,181256960,1.000118250
1,pgpad,23.123,after-query,67296,11568709396421,pgpad-tauri,34522216,0.634716292
1,pgpad,23.123,after-query,67298,11568714374910,com.apple.WebKit.GPU,22512672,0.380590708
1,pgpad,23.123,after-query,67354,11568997960205,com.apple.SafariPlatformSupport,9601600,0.114159958
1,pgpad,23.123,after-query,67299,11568714673305,com.apple.WebKit.Networking,5784080,0.042105833
1,pgpad,23.123,after-query,67303,11568729658482,com.apple.audio.SandboxHelper,5308920,0.020905167
1,pgpad,23.378,after-query,67300,11568714740588,com.apple.WebKit.WebContent,181191400,1.000315958
1,pgpad,23.378,after-query,67296,11568709396421,pgpad-tauri,34456680,0.635402625
1,pgpad,23.378,after-query,67298,11568714374910,com.apple.WebKit.GPU,22381600,0.380757958
1,pgpad,23.378,after-query,67354,11568997960205,com.apple.SafariPlatformSupport,9601600,0.114159958
1,pgpad,23.378,after-query,67299,11568714673305,com.apple.WebKit.Networking,5784080,0.042105833
1,pgpad,23.378,after-query,67303,11568729658482,com.apple.audio.SandboxHelper,5308920,0.020905167
1,pgpad,23.632,after-query,67300,11568714740588,com.apple.WebKit.WebContent,181191400,1.000315958
1,pgpad,23.632,after-query,67296,11568709396421,pgpad-tauri,34456680,0.635402625
1,pgpad,23.632,after-query,67298,11568714374910,com.apple.WebKit.GPU,22381600,0.380793583
1,pgpad,23.632,after-query,67354,11568997960205,com.apple.SafariPlatformSupport,9601600,0.114159958
1,pgpad,23.632,after-query,67299,11568714673305,com.apple.WebKit.Networking,5784080,0.042105833
1,pgpad,23.632,after-query,67303,11568729658482,com.apple.audio.SandboxHelper,5308920,0.020905167
1,dbeaver,0.253,launch,67418,11569398375930,dbeaver,18482064,0.102101000
1,dbeaver,0.509,launch,67418,11569398375930,dbeaver,62931952,0.515733292
1,dbeaver,0.764,launch,67418,11569398375930,dbeaver,106316808,1.108647583
1,dbeaver,1.019,launch,67418,11569398375930,dbeaver,133432376,1.658470083
1,dbeaver,1.274,launch,67418,11569398375930,dbeaver,158729272,2.285416708
1,dbeaver,1.529,launch,67418,11569398375930,dbeaver,186451288,2.945912208
1,dbeaver,1.784,launch,67418,11569398375930,dbeaver,211715464,3.774797625
1,dbeaver,2.039,launch,67418,11569398375930,dbeaver,253740448,4.205895042
1,dbeaver,2.294,launch,67418,11569398375930,dbeaver,273188256,4.979090667
1,dbeaver,2.545,launch,67418,11569398375930,dbeaver,286557600,5.823471750
1,dbeaver,2.800,launch,67418,11569398375930,dbeaver,299582904,6.758311167
1,dbeaver,3.055,launch,67418,11569398375930,dbeaver,316671440,7.527424500
1,dbeaver,3.310,launch,67418,11569398375930,dbeaver,323388880,8.197590625
1,dbeaver,3.566,launch,67418,11569398375930,dbeaver,383780736,8.903055917
1,dbeaver,3.821,settle,67418,11569398375930,dbeaver,828606480,9.621314375
1,dbeaver,3.821,settle,67435,11569484498457,com.apple.SafariPlatformSupport,9536112,0.112238708
1,dbeaver,4.073,settle,67418,11569398375930,dbeaver,952223784,10.290169333
1,dbeaver,4.073,settle,67435,11569484498457,com.apple.SafariPlatformSupport,9749104,0.116189417
1,dbeaver,4.323,settle,67418,11569398375930,dbeaver,954140712,10.579224333
1,dbeaver,4.323,settle,67435,11569484498457,com.apple.SafariPlatformSupport,9749104,0.116189417
1,dbeaver,4.575,settle,67418,11569398375930,dbeaver,1010927680,10.843825958
1,dbeaver,4.575,settle,67435,11569484498457,com.apple.SafariPlatformSupport,9749104,0.116189417
1,dbeaver,4.830,settle,67418,11569398375930,dbeaver,955156544,10.875693125
1,dbeaver,4.830,settle,67435,11569484498457,com.apple.SafariPlatformSupport,9749104,0.116381708
1,dbeaver,5.085,settle,67418,11569398375930,dbeaver,882968640,10.919527333
1,dbeaver,5.085,settle,67435,11569484498457,com.apple.SafariPlatformSupport,9749104,0.116381708
1,dbeaver,5.336,settle,67418,11569398375930,dbeaver,858671168,10.953261500
1,dbeaver,5.336,settle,67435,11569484498457,com.apple.SafariPlatformSupport,9749104,0.116381708
1,dbeaver,5.587,settle,67418,11569398375930,dbeaver,858671168,10.962955875
1,dbeaver,5.587,settle,67435,11569484498457,com.apple.SafariPlatformSupport,9749104,0.116381708
1,dbeaver,5.842,settle,67418,11569398375930,dbeaver,720685120,10.980167792
1,dbeaver,5.842,settle,67435,11569484498457,com.apple.SafariPlatformSupport,9749104,0.116688500
1,dbeaver,6.098,settle,67418,11569398375930,dbeaver,714426432,10.997941792
1,dbeaver,6.098,settle,67435,11569484498457,com.apple.SafariPlatformSupport,9749104,0.116788000
1,dbeaver,6.353,settle,67418,11569398375930,dbeaver,714426432,11.012163000
1,dbeaver,6.353,settle,67435,11569484498457,com.apple.SafariPlatformSupport,9749104,0.116788000
1,dbeaver,6.608,settle,67418,11569398375930,dbeaver,714426432,11.023111500
1,dbeaver,6.608,settle,67435,11569484498457,com.apple.SafariPlatformSupport,9749104,0.116788000
1,dbeaver,6.862,settle,67418,11569398375930,dbeaver,714426432,11.038993375
1,dbeaver,6.862,settle,67435,11569484498457,com.apple.SafariPlatformSupport,9749104,0.116788000
1,dbeaver,7.112,settle,67418,11569398375930,dbeaver,714442816,11.047396792
1,dbeaver,7.112,settle,67435,11569484498457,com.apple.SafariPlatformSupport,9749104,0.116788000
1,dbeaver,7.368,settle,67418,11569398375930,dbeaver,675481664,11.054663375
1,dbeaver,7.368,settle,67435,11569484498457,com.apple.SafariPlatformSupport,9749104,0.116788000
1,dbeaver,7.623,settle,67418,11569398375930,dbeaver,714475584,11.069089625
1,dbeaver,7.623,settle,67435,11569484498457,com.apple.SafariPlatformSupport,9749104,0.116788000
1,dbeaver,7.878,settle,67418,11569398375930,dbeaver,714475584,11.079569167
1,dbeaver,7.878,settle,67435,11569484498457,com.apple.SafariPlatformSupport,9749104,0.116788000
1,dbeaver,8.133,settle,67418,11569398375930,dbeaver,714475584,11.093545333
1,dbeaver,8.133,settle,67435,11569484498457,com.apple.SafariPlatformSupport,9781872,0.116959750
1,dbeaver,8.389,settle,67418,11569398375930,dbeaver,714491968,11.104644583
1,dbeaver,8.389,settle,67435,11569484498457,com.apple.SafariPlatformSupport,9781872,0.116959750
1,dbeaver,8.644,settle,67418,11569398375930,dbeaver,714410048,11.119663667
1,dbeaver,8.644,settle,67435,11569484498457,com.apple.SafariPlatformSupport,9781872,0.116959750
1,dbeaver,8.897,query,67418,11569398375930,dbeaver,714311744,11.127606792
1,dbeaver,8.897,query,67435,11569484498457,com.apple.SafariPlatformSupport,9781872,0.117514917
1,dbeaver,9.152,query,67418,11569398375930,dbeaver,714278976,11.147359292
1,dbeaver,9.152,query,67435,11569484498457,com.apple.SafariPlatformSupport,9781872,0.117514917
1,dbeaver,9.407,query,67418,11569398375930,dbeaver,714295360,11.155192042
1,dbeaver,9.407,query,67435,11569484498457,com.apple.SafariPlatformSupport,9781872,0.117514917
1,dbeaver,9.662,query,67418,11569398375930,dbeaver,714197056,11.172653708
1,dbeaver,9.662,query,67435,11569484498457,com.apple.SafariPlatformSupport,9781872,0.117514917
1,dbeaver,9.915,query,67418,11569398375930,dbeaver,714229824,11.181652000
1,dbeaver,9.915,query,67435,11569484498457,com.apple.SafariPlatformSupport,9781872,0.117514917
1,dbeaver,10.171,query,67418,11569398375930,dbeaver,714229824,11.188379833
1,dbeaver,10.171,query,67435,11569484498457,com.apple.SafariPlatformSupport,9781872,0.117514917
1,dbeaver,10.426,query,67418,11569398375930,dbeaver,714229824,11.200712625
1,dbeaver,10.426,query,67435,11569484498457,com.apple.SafariPlatformSupport,9781872,0.117514917
1,dbeaver,10.680,query,67418,11569398375930,dbeaver,714229824,11.207393917
1,dbeaver,10.680,query,67435,11569484498457,com.apple.SafariPlatformSupport,9781872,0.117514917
1,dbeaver,10.935,query,67418,11569398375930,dbeaver,714229824,11.222682083
1,dbeaver,10.935,query,67435,11569484498457,com.apple.SafariPlatformSupport,9781872,0.117514917
1,dbeaver,11.190,query,67418,11569398375930,dbeaver,714229824,11.229370292
1,dbeaver,11.190,query,67435,11569484498457,com.apple.SafariPlatformSupport,9732720,0.118094083
1,dbeaver,11.446,query,67418,11569398375930,dbeaver,714229824,11.245614167
1,dbeaver,11.446,query,67435,11569484498457,com.apple.SafariPlatformSupport,9732720,0.118094083
1,dbeaver,11.697,query,67418,11569398375930,dbeaver,714262592,11.259658625
1,dbeaver,11.697,query,67435,11569484498457,com.apple.SafariPlatformSupport,9732720,0.118094083
1,dbeaver,11.953,query,67418,11569398375930,dbeaver,714262592,11.271145542
1,dbeaver,11.953,query,67435,11569484498457,com.apple.SafariPlatformSupport,9732720,0.118094083
1,dbeaver,12.206,query,67418,11569398375930,dbeaver,714278976,11.278007792
1,dbeaver,12.206,query,67435,11569484498457,com.apple.SafariPlatformSupport,9732720,0.118094083
1,dbeaver,12.461,query,67418,11569398375930,dbeaver,714278976,11.291883875
1,dbeaver,12.461,query,67435,11569484498457,com.apple.SafariPlatformSupport,9732720,0.118094083
1,dbeaver,12.712,query,67418,11569398375930,dbeaver,714278976,11.296595583
1,dbeaver,12.712,query,67435,11569484498457,com.apple.SafariPlatformSupport,9732720,0.118094083
1,dbeaver,12.967,query,67418,11569398375930,dbeaver,714295360,11.304488458
1,dbeaver,12.967,query,67435,11569484498457,com.apple.SafariPlatformSupport,9732720,0.118094083
1,dbeaver,13.222,query,67418,11569398375930,dbeaver,714295360,11.312584500
1,dbeaver,13.222,query,67435,11569484498457,com.apple.SafariPlatformSupport,9732720,0.118094083
1,dbeaver,13.477,query,67418,11569398375930,dbeaver,714295360,11.317938875
1,dbeaver,13.477,query,67435,11569484498457,com.apple.SafariPlatformSupport,9732720,0.118094083
1,dbeaver,13.728,query,67418,11569398375930,dbeaver,714295360,11.326731958
1,dbeaver,13.728,query,67435,11569484498457,com.apple.SafariPlatformSupport,9732720,0.118094083
1,dbeaver,13.983,query,67418,11569398375930,dbeaver,714328104,11.350953625
1,dbeaver,13.983,query,67435,11569484498457,com.apple.SafariPlatformSupport,9732720,0.118094083
1,dbeaver,14.237,query,67418,11569398375930,dbeaver,754386960,11.419944125
1,dbeaver,14.237,query,67435,11569484498457,com.apple.SafariPlatformSupport,9732720,0.118094083
1,dbeaver,14.489,query,67418,11569398375930,dbeaver,754305040,11.430827042
1,dbeaver,14.489,query,67435,11569484498457,com.apple.SafariPlatformSupport,9732720,0.118094083
1,dbeaver,14.744,query,67418,11569398375930,dbeaver,804931600,11.539235083
1,dbeaver,14.744,query,67435,11569484498457,com.apple.SafariPlatformSupport,9732720,0.118094083
1,dbeaver,14.999,query,67418,11569398375930,dbeaver,869238800,12.363453083
1,dbeaver,14.999,query,67435,11569484498457,com.apple.SafariPlatformSupport,9732720,0.118094083
1,dbeaver,15.253,query,67418,11569398375930,dbeaver,868059152,12.385859500
1,dbeaver,15.253,query,67435,11569484498457,com.apple.SafariPlatformSupport,9732720,0.118094083
1,dbeaver,15.509,query,67418,11569398375930,dbeaver,829048848,12.395639167
1,dbeaver,15.509,query,67435,11569484498457,com.apple.SafariPlatformSupport,9732720,0.118094083
1,dbeaver,15.762,query,67418,11569398375930,dbeaver,821889040,12.426700792
1,dbeaver,15.762,query,67435,11569484498457,com.apple.SafariPlatformSupport,9732720,0.118094083
1,dbeaver,16.017,query,67418,11569398375930,dbeaver,781813776,12.437470500
1,dbeaver,16.017,query,67435,11569484498457,com.apple.SafariPlatformSupport,9732720,0.118094083
1,dbeaver,16.272,query,67418,11569398375930,dbeaver,722716688,12.453265250
1,dbeaver,16.272,query,67435,11569484498457,com.apple.SafariPlatformSupport,9732720,0.118094083
1,dbeaver,16.527,query,67418,11569398375930,dbeaver,808306704,12.580389042
1,dbeaver,16.527,query,67435,11569484498457,com.apple.SafariPlatformSupport,9732720,0.118094083
1,dbeaver,16.779,query,67418,11569398375930,dbeaver,907003920,13.247161458
1,dbeaver,16.779,query,67435,11569484498457,com.apple.SafariPlatformSupport,9732720,0.118094083
1,dbeaver,17.034,query,67418,11569398375930,dbeaver,922961984,13.972059125
1,dbeaver,17.034,query,67435,11569484498457,com.apple.SafariPlatformSupport,11977328,0.118094083
1,dbeaver,17.287,query,67418,11569398375930,dbeaver,982304784,14.243729167
1,dbeaver,17.287,query,67435,11569484498457,com.apple.SafariPlatformSupport,11977328,0.118094083
1,dbeaver,17.541,query,67418,11569398375930,dbeaver,999475216,14.386427125
1,dbeaver,17.541,query,67435,11569484498457,com.apple.SafariPlatformSupport,11977328,0.118094083
1,dbeaver,17.796,query,67418,11569398375930,dbeaver,959268880,14.400508208
1,dbeaver,17.796,query,67435,11569484498457,com.apple.SafariPlatformSupport,11977328,0.118094083
1,dbeaver,18.051,query,67418,11569398375930,dbeaver,959940624,14.419249500
1,dbeaver,18.051,query,67435,11569484498457,com.apple.SafariPlatformSupport,11977328,0.118094083
1,dbeaver,18.306,query,67418,11569398375930,dbeaver,922355752,14.533500000
1,dbeaver,18.306,query,67435,11569484498457,com.apple.SafariPlatformSupport,11977328,0.118094083
1,dbeaver,18.561,query,67418,11569398375930,dbeaver,748734504,14.625027833
1,dbeaver,18.561,query,67435,11569484498457,com.apple.SafariPlatformSupport,11977328,0.118094083
1,dbeaver,18.815,query,67418,11569398375930,dbeaver,748996648,14.766522042
1,dbeaver,18.815,query,67435,11569484498457,com.apple.SafariPlatformSupport,11977328,0.118094083
1,dbeaver,19.070,query,67418,11569398375930,dbeaver,743671848,14.857139708
1,dbeaver,19.070,query,67435,11569484498457,com.apple.SafariPlatformSupport,11977328,0.118094083
1,dbeaver,19.324,query,67418,11569398375930,dbeaver,746080296,14.936949958
1,dbeaver,19.324,query,67435,11569484498457,com.apple.SafariPlatformSupport,11977328,0.118094083
1,dbeaver,19.579,query,67418,11569398375930,dbeaver,746113064,15.015212708
1,dbeaver,19.579,query,67435,11569484498457,com.apple.SafariPlatformSupport,11977328,0.118094083
1,dbeaver,19.834,query,67418,11569398375930,dbeaver,746194984,15.185535833
1,dbeaver,19.834,query,67435,11569484498457,com.apple.SafariPlatformSupport,11977328,0.118094083
1,dbeaver,20.089,query,67418,11569398375930,dbeaver,735184936,15.310931375
1,dbeaver,20.089,query,67435,11569484498457,com.apple.SafariPlatformSupport,11977328,0.118094083
1,dbeaver,20.345,query,67418,11569398375930,dbeaver,733104168,15.464772792
1,dbeaver,20.345,query,67435,11569484498457,com.apple.SafariPlatformSupport,11977328,0.118094083
1,dbeaver,20.600,query,67418,11569398375930,dbeaver,733120552,15.510873208
1,dbeaver,20.600,query,67435,11569484498457,com.apple.SafariPlatformSupport,11977328,0.118094083
1,dbeaver,20.854,query,67418,11569398375930,dbeaver,733251624,15.596222875
1,dbeaver,20.854,query,67435,11569484498457,com.apple.SafariPlatformSupport,11977328,0.118094083
1,dbeaver,21.107,query,67418,11569398375930,dbeaver,870631464,15.837881208
1,dbeaver,21.107,query,67435,11569484498457,com.apple.SafariPlatformSupport,11977328,0.118094083
1,dbeaver,21.362,query,67418,11569398375930,dbeaver,868583464,15.909104542
1,dbeaver,21.362,query,67435,11569484498457,com.apple.SafariPlatformSupport,11977328,0.118094083
1,dbeaver,21.617,query,67418,11569398375930,dbeaver,868632616,15.969265750
1,dbeaver,21.617,query,67435,11569484498457,com.apple.SafariPlatformSupport,11977328,0.118094083
1,dbeaver,21.867,query,67418,11569398375930,dbeaver,864520232,16.035107250
1,dbeaver,21.867,query,67435,11569484498457,com.apple.SafariPlatformSupport,11977328,0.118094083
1,dbeaver,22.123,query,67418,11569398375930,dbeaver,864487464,16.086812583
1,dbeaver,22.123,query,67435,11569484498457,com.apple.SafariPlatformSupport,11977328,0.118094083
1,dbeaver,22.378,query,67418,11569398375930,dbeaver,736036904,16.114941375
1,dbeaver,22.378,query,67435,11569484498457,com.apple.SafariPlatformSupport,11977328,0.118094083
1,dbeaver,22.633,after-query,67418,11569398375930,dbeaver,735987752,16.125523292
1,dbeaver,22.633,after-query,67435,11569484498457,com.apple.SafariPlatformSupport,11977328,0.118094083
1,dbeaver,22.884,after-query,67418,11569398375930,dbeaver,735987752,16.135854292
1,dbeaver,22.884,after-query,67435,11569484498457,com.apple.SafariPlatformSupport,11977328,0.118094083
1,dbeaver,23.138,after-query,67418,11569398375930,dbeaver,733497384,16.148259417
1,dbeaver,23.138,after-query,67435,11569484498457,com.apple.SafariPlatformSupport,11977328,0.118094083
1,dbeaver,23.393,after-query,67418,11569398375930,dbeaver,722389032,16.183523458
1,dbeaver,23.393,after-query,67435,11569484498457,com.apple.SafariPlatformSupport,11977328,0.118094083
1,dbeaver,23.648,after-query,67418,11569398375930,dbeaver,722405416,16.193746250
1,dbeaver,23.648,after-query,67435,11569484498457,com.apple.SafariPlatformSupport,11977328,0.118094083
1,dbeaver,23.904,after-query,67418,11569398375930,dbeaver,722307112,16.207933667
1,dbeaver,23.904,after-query,67435,11569484498457,com.apple.SafariPlatformSupport,11977328,0.118094083
1,dbeaver,24.159,after-query,67418,11569398375930,dbeaver,722307112,16.212855375
1,dbeaver,24.159,after-query,67435,11569484498457,com.apple.SafariPlatformSupport,11977328,0.118094083
1,dbeaver,24.412,after-query,67418,11569398375930,dbeaver,722307112,16.226221458
1,dbeaver,24.412,after-query,67435,11569484498457,com.apple.SafariPlatformSupport,11977328,0.118094083
1,dbeaver,24.666,after-query,67418,11569398375930,dbeaver,722356264,16.240119083
1,dbeaver,24.666,after-query,67435,11569484498457,com.apple.SafariPlatformSupport,11977328,0.118094083
1,dbeaver,24.921,after-query,67418,11569398375930,dbeaver,722372648,16.253991875
1,dbeaver,24.921,after-query,67435,11569484498457,com.apple.SafariPlatformSupport,11977328,0.118094083
1,dbeaver,25.176,after-query,67418,11569398375930,dbeaver,722372648,16.261563125
1,dbeaver,25.176,after-query,67435,11569484498457,com.apple.SafariPlatformSupport,11977328,0.118094083
1,dbeaver,25.432,after-query,67418,11569398375930,dbeaver,722389032,16.274315708
1,dbeaver,25.432,after-query,67435,11569484498457,com.apple.SafariPlatformSupport,11977328,0.118094083
1,dbeaver,25.686,after-query,67418,11569398375930,dbeaver,722389032,16.281775750
1,dbeaver,25.686,after-query,67435,11569484498457,com.apple.SafariPlatformSupport,11977328,0.118094083
1,dbeaver,25.937,after-query,67418,11569398375930,dbeaver,721799184,16.296313542
1,dbeaver,25.937,after-query,67435,11569484498457,com.apple.SafariPlatformSupport,11977328,0.118094083
1,dbeaver,26.192,after-query,67418,11569398375930,dbeaver,721799184,16.303889500
1,dbeaver,26.192,after-query,67435,11569484498457,com.apple.SafariPlatformSupport,11977328,0.118094083
1,dbeaver,26.447,after-query,67418,11569398375930,dbeaver,702859280,16.313726042
1,dbeaver,26.447,after-query,67435,11569484498457,com.apple.SafariPlatformSupport,11977328,0.118094083
1,dbeaver,26.703,after-query,67418,11569398375930,dbeaver,721815568,16.324659833
1,dbeaver,26.703,after-query,67435,11569484498457,com.apple.SafariPlatformSupport,11977328,0.118094083
1,dbeaver,26.957,after-query,67418,11569398375930,dbeaver,721815568,16.332187792
1,dbeaver,26.957,after-query,67435,11569484498457,com.apple.SafariPlatformSupport,12042864,0.118094083
1,pgadmin,0.253,launch,67561,11570179145769,pgAdmin 4,8455080,0.105688208
1,pgadmin,0.507,launch,67561,11570179145769,pgAdmin 4,39863904,0.285216875
1,pgadmin,0.507,launch,67564,11570190131161,pgAdmin 4 Helper,311488,0.006264625
1,pgadmin,0.507,launch,67563,11570190040612,pgAdmin 4 Helper,311488,0.008820000
1,pgadmin,0.762,launch,67561,11570179145769,pgAdmin 4,53774064,0.416478083
1,pgadmin,0.762,launch,67563,11570190040612,pgAdmin 4 Helper,28230592,0.139585417
1,pgadmin,0.762,launch,67566,11570193037943,pgAdmin 4 Helper (Renderer),20038880,0.087258417
1,pgadmin,0.762,launch,67567,11570193860225,Python,16728496,0.083988958
1,pgadmin,0.762,launch,67564,11570190131161,pgAdmin 4 Helper,6865808,0.051120375
1,pgadmin,1.018,launch,67561,11570179145769,pgAdmin 4,54150896,0.423631458
1,pgadmin,1.018,launch,67563,11570190040612,pgAdmin 4 Helper,41567168,0.149705042
1,pgadmin,1.018,launch,67567,11570193860225,Python,31965640,0.312878208
1,pgadmin,1.018,launch,67566,11570193037943,pgAdmin 4 Helper (Renderer),20038880,0.087684667
1,pgadmin,1.018,launch,67564,11570190131161,pgAdmin 4 Helper,6865808,0.051120375
1,pgadmin,1.273,launch,67561,11570179145769,pgAdmin 4,54167280,0.423940792
1,pgadmin,1.273,launch,67567,11570193860225,Python,41812424,0.539571042
1,pgadmin,1.273,launch,67563,11570190040612,pgAdmin 4 Helper,41567168,0.149705042
1,pgadmin,1.273,launch,67566,11570193037943,pgAdmin 4 Helper (Renderer),20055264,0.087725208
1,pgadmin,1.273,launch,67564,11570190131161,pgAdmin 4 Helper,6865808,0.051120375
1,pgadmin,1.528,launch,67561,11570179145769,pgAdmin 4,55592688,0.427941625
1,pgadmin,1.528,launch,67567,11570193860225,Python,51069384,0.772514375
1,pgadmin,1.528,launch,67563,11570190040612,pgAdmin 4 Helper,41567168,0.149705042
1,pgadmin,1.528,launch,67566,11570193037943,pgAdmin 4 Helper (Renderer),20055264,0.087725208
1,pgadmin,1.528,launch,67564,11570190131161,pgAdmin 4 Helper,6865808,0.051120375
1,pgadmin,1.783,launch,67567,11570193860225,Python,65110496,0.998401708
1,pgadmin,1.783,launch,67561,11570179145769,pgAdmin 4,55592688,0.428261625
1,pgadmin,1.783,launch,67563,11570190040612,pgAdmin 4 Helper,41534400,0.150047625
1,pgadmin,1.783,launch,67566,11570193037943,pgAdmin 4 Helper (Renderer),20055264,0.087839458
1,pgadmin,1.783,launch,67564,11570190131161,pgAdmin 4 Helper,6980496,0.052159458
1,pgadmin,2.038,launch,67567,11570193860225,Python,81854968,1.241628292
1,pgadmin,2.038,launch,67561,11570179145769,pgAdmin 4,55592688,0.428261625
1,pgadmin,2.038,launch,67563,11570190040612,pgAdmin 4 Helper,40485824,0.150047625
1,pgadmin,2.038,launch,67566,11570193037943,pgAdmin 4 Helper (Renderer),20055264,0.087839458
1,pgadmin,2.038,launch,67564,11570190131161,pgAdmin 4 Helper,6980496,0.052159458
1,pgadmin,2.293,launch,67567,11570193860225,Python,93192696,1.476919125
1,pgadmin,2.293,launch,67561,11570179145769,pgAdmin 4,55625456,0.430140875
1,pgadmin,2.293,launch,67563,11570190040612,pgAdmin 4 Helper,40485824,0.150047625
1,pgadmin,2.293,launch,67566,11570193037943,pgAdmin 4 Helper (Renderer),20055264,0.087839458
1,pgadmin,2.293,launch,67564,11570190131161,pgAdmin 4 Helper,6980496,0.052159458
1,pgadmin,2.548,launch,67567,11570193860225,Python,102498808,1.716120667
1,pgadmin,2.548,launch,67561,11570179145769,pgAdmin 4,55625456,0.430140875
1,pgadmin,2.548,launch,67563,11570190040612,pgAdmin 4 Helper,40485824,0.150047625
1,pgadmin,2.548,launch,67566,11570193037943,pgAdmin 4 Helper (Renderer),20055264,0.087839458
1,pgadmin,2.548,launch,67564,11570190131161,pgAdmin 4 Helper,6980496,0.052159458
1,pgadmin,2.804,launch,67567,11570193860225,Python,112771624,1.943442625
1,pgadmin,2.804,launch,67561,11570179145769,pgAdmin 4,55625456,0.430161542
1,pgadmin,2.804,launch,67581,11570240055966,Python,27132336,0.219077917
1,pgadmin,2.804,launch,67563,11570190040612,pgAdmin 4 Helper,25691072,0.150879167
1,pgadmin,2.804,launch,67566,11570193037943,pgAdmin 4 Helper (Renderer),19956960,0.087953458
1,pgadmin,2.804,launch,67564,11570190131161,pgAdmin 4 Helper,6980496,0.052159458
1,pgadmin,3.054,launch,67567,11570193860225,Python,126911016,2.167120167
1,pgadmin,3.054,launch,67561,11570179145769,pgAdmin 4,55625456,0.430161542
1,pgadmin,3.054,launch,67563,11570190040612,pgAdmin 4 Helper,25691072,0.150879167
1,pgadmin,3.054,launch,67566,11570193037943,pgAdmin 4 Helper (Renderer),19956960,0.087953458
1,pgadmin,3.054,launch,67564,11570190131161,pgAdmin 4 Helper,6980496,0.052159458
1,pgadmin,3.309,launch,67567,11570193860225,Python,135889472,2.410695458
1,pgadmin,3.309,launch,67561,11570179145769,pgAdmin 4,55641840,0.431296000
1,pgadmin,3.309,launch,67563,11570190040612,pgAdmin 4 Helper,25691072,0.150879167
1,pgadmin,3.309,launch,67566,11570193037943,pgAdmin 4 Helper (Renderer),19956960,0.087953458
1,pgadmin,3.309,launch,67564,11570190131161,pgAdmin 4 Helper,6980496,0.052159458
1,pgadmin,3.564,launch,67567,11570193860225,Python,145244736,2.663894500
1,pgadmin,3.564,launch,67561,11570179145769,pgAdmin 4,55641840,0.431296000
1,pgadmin,3.564,launch,67563,11570190040612,pgAdmin 4 Helper,25691072,0.150879167
1,pgadmin,3.564,launch,67566,11570193037943,pgAdmin 4 Helper (Renderer),19956960,0.087953458
1,pgadmin,3.564,launch,67564,11570190131161,pgAdmin 4 Helper,6980496,0.052159458
1,pgadmin,3.819,launch,67567,11570193860225,Python,153698880,2.875980208
1,pgadmin,3.819,launch,67561,11570179145769,pgAdmin 4,55641840,0.431296000
1,pgadmin,3.819,launch,67563,11570190040612,pgAdmin 4 Helper,25691072,0.150898750
1,pgadmin,3.819,launch,67566,11570193037943,pgAdmin 4 Helper (Renderer),19956960,0.087953458
1,pgadmin,3.819,launch,67564,11570190131161,pgAdmin 4 Helper,6980496,0.052159458
1,pgadmin,4.074,launch,67567,11570193860225,Python,154010176,2.917918208
1,pgadmin,4.074,launch,67561,11570179145769,pgAdmin 4,56018672,0.432079542
1,pgadmin,4.074,launch,67563,11570190040612,pgAdmin 4 Helper,25691072,0.150898750
1,pgadmin,4.074,launch,67566,11570193037943,pgAdmin 4 Helper (Renderer),19956960,0.087953458
1,pgadmin,4.074,launch,67564,11570190131161,pgAdmin 4 Helper,6980496,0.052159458
1,pgadmin,4.330,launch,67567,11570193860225,Python,154354264,2.930224542
1,pgadmin,4.330,launch,67561,11570179145769,pgAdmin 4,58181384,0.471013792
1,pgadmin,4.330,launch,67563,11570190040612,pgAdmin 4 Helper,25707456,0.152273625
1,pgadmin,4.330,launch,67566,11570193037943,pgAdmin 4 Helper (Renderer),19956960,0.088105458
1,pgadmin,4.330,launch,67564,11570190131161,pgAdmin 4 Helper,6980496,0.052159458
1,pgadmin,4.585,settle,67567,11570193860225,Python,155583064,3.038391375
1,pgadmin,4.585,settle,67594,11570284178059,pgAdmin 4 Helper (Renderer),90080624,0.214965833
1,pgadmin,4.585,settle,67561,11570179145769,pgAdmin 4,59180808,0.536305833
1,pgadmin,4.585,settle,67563,11570190040612,pgAdmin 4 Helper,31228864,0.166191750
1,pgadmin,4.585,settle,67564,11570190131161,pgAdmin 4 Helper,8586128,0.163931417
1,pgadmin,4.840,settle,67567,11570193860225,Python,156074584,3.081056875
1,pgadmin,4.840,settle,67563,11570190040612,pgAdmin 4 Helper,116474840,0.178080042
1,pgadmin,4.840,settle,67594,11570284178059,pgAdmin 4 Helper (Renderer),109200848,0.471231250
1,pgadmin,4.840,settle,67561,11570179145769,pgAdmin 4,59262728,0.548113083
1,pgadmin,4.840,settle,67564,11570190131161,pgAdmin 4 Helper,8323984,0.179214083
1,pgadmin,5.095,settle,67567,11570193860225,Python,156074584,3.119977667
1,pgadmin,5.095,settle,67594,11570284178059,pgAdmin 4 Helper (Renderer),154633752,0.777673167
1,pgadmin,5.095,settle,67563,11570190040612,pgAdmin 4 Helper,117064664,0.185302875
1,pgadmin,5.095,settle,67561,11570179145769,pgAdmin 4,60868360,0.576218458
1,pgadmin,5.095,settle,67564,11570190131161,pgAdmin 4 Helper,8340368,0.184853167
1,pgadmin,5.350,settle,67594,11570284178059,pgAdmin 4 Helper (Renderer),227051080,1.186766208
1,pgadmin,5.350,settle,67563,11570190040612,pgAdmin 4 Helper,224674872,0.216457417
1,pgadmin,5.350,settle,67567,11570193860225,Python,158499584,3.185339375
1,pgadmin,5.350,settle,67561,11570179145769,pgAdmin 4,62539576,0.610199417
1,pgadmin,5.350,settle,67564,11570190131161,pgAdmin 4 Helper,8471440,0.199722208
1,pgadmin,5.605,settle,67594,11570284178059,pgAdmin 4 Helper (Renderer),230835952,1.433892792
1,pgadmin,5.605,settle,67563,11570190040612,pgAdmin 4 Helper,224724024,0.221510208
1,pgadmin,5.605,settle,67567,11570193860225,Python,158499584,3.189925250
1,pgadmin,5.605,settle,67561,11570179145769,pgAdmin 4,62605112,0.629509708
1,pgadmin,5.605,settle,67564,11570190131161,pgAdmin 4 Helper,8471440,0.204016125
1,pgadmin,5.860,settle,67594,11570284178059,pgAdmin 4 Helper (Renderer),241305352,1.642562833
1,pgadmin,5.860,settle,67563,11570190040612,pgAdmin 4 Helper,224773176,0.228780292
1,pgadmin,5.860,settle,67567,11570193860225,Python,158843648,3.212365167
1,pgadmin,5.860,settle,67561,11570179145769,pgAdmin 4,62932792,0.642496958
1,pgadmin,5.860,settle,67564,11570190131161,pgAdmin 4 Helper,8586128,0.210238792
1,pgadmin,6.113,settle,67563,11570190040612,pgAdmin 4 Helper,291161168,0.266676917
1,pgadmin,6.113,settle,67594,11570284178059,pgAdmin 4 Helper (Renderer),268224264,1.844472458
1,pgadmin,6.113,settle,67567,11570193860225,Python,159957808,3.266990958
1,pgadmin,6.113,settle,67561,11570179145769,pgAdmin 4,62981944,0.647211667
1,pgadmin,6.113,settle,67564,11570190131161,pgAdmin 4 Helper,8586128,0.217538167
1,pgadmin,6.366,settle,67563,11570190040612,pgAdmin 4 Helper,291161168,0.273688250
1,pgadmin,6.366,settle,67594,11570284178059,pgAdmin 4 Helper (Renderer),268732168,1.868366042
1,pgadmin,6.366,settle,67567,11570193860225,Python,159957808,3.266990958
1,pgadmin,6.366,settle,67561,11570179145769,pgAdmin 4,63194960,0.677306667
1,pgadmin,6.366,settle,67564,11570190131161,pgAdmin 4 Helper,8586128,0.217538167
1,pgadmin,6.621,settle,67563,11570190040612,pgAdmin 4 Helper,291161168,0.276316667
1,pgadmin,6.621,settle,67594,11570284178059,pgAdmin 4 Helper (Renderer),269584136,1.885069792
1,pgadmin,6.621,settle,67567,11570193860225,Python,159974192,3.273843917
1,pgadmin,6.621,settle,67561,11570179145769,pgAdmin 4,63260496,0.684311292
1,pgadmin,6.621,settle,67610,11570331228369,com.apple.SafariPlatformSupport,9667160,0.117712625
1,pgadmin,6.621,settle,67564,11570190131161,pgAdmin 4 Helper,8586128,0.219135375
1,pgadmin,6.876,settle,67563,11570190040612,pgAdmin 4 Helper,291144784,0.283551417
1,pgadmin,6.876,settle,67594,11570284178059,pgAdmin 4 Helper (Renderer),269764360,1.900674708
1,pgadmin,6.876,settle,67567,11570193860225,Python,159974192,3.273843917
1,pgadmin,6.876,settle,67561,11570179145769,pgAdmin 4,63276880,0.684563542
1,pgadmin,6.876,settle,67610,11570331228369,com.apple.SafariPlatformSupport,9683544,0.119255417
1,pgadmin,6.876,settle,67564,11570190131161,pgAdmin 4 Helper,8586128,0.219135375
1,pgadmin,7.130,settle,67563,11570190040612,pgAdmin 4 Helper,291144784,0.289461000
1,pgadmin,7.130,settle,67594,11570284178059,pgAdmin 4 Helper (Renderer),269862664,1.926095625
1,pgadmin,7.130,settle,67567,11570193860225,Python,159974192,3.273893917
1,pgadmin,7.130,settle,67561,11570179145769,pgAdmin 4,63276880,0.684563542
1,pgadmin,7.130,settle,67610,11570331228369,com.apple.SafariPlatformSupport,9683544,0.119255417
1,pgadmin,7.130,settle,67564,11570190131161,pgAdmin 4 Helper,8586128,0.219135375
1,pgadmin,7.385,settle,67563,11570190040612,pgAdmin 4 Helper,275989584,0.302907458
1,pgadmin,7.385,settle,67594,11570284178059,pgAdmin 4 Helper (Renderer),269960968,1.956578250
1,pgadmin,7.385,settle,67567,11570193860225,Python,159974192,3.273893917
1,pgadmin,7.385,settle,67561,11570179145769,pgAdmin 4,63276880,0.684757042
1,pgadmin,7.385,settle,67610,11570331228369,com.apple.SafariPlatformSupport,9683544,0.119255417
1,pgadmin,7.385,settle,67564,11570190131161,pgAdmin 4 Helper,8586128,0.219135375
1,pgadmin,7.640,settle,67594,11570284178059,pgAdmin 4 Helper (Renderer),269993736,1.984473583
1,pgadmin,7.640,settle,67563,11570190040612,pgAdmin 4 Helper,254903352,0.311555042
1,pgadmin,7.640,settle,67567,11570193860225,Python,159974192,3.273994583
1,pgadmin,7.640,settle,67561,11570179145769,pgAdmin 4,63276880,0.684757042
1,pgadmin,7.640,settle,67610,11570331228369,com.apple.SafariPlatformSupport,9683544,0.119389208
1,pgadmin,7.640,settle,67564,11570190131161,pgAdmin 4 Helper,8586128,0.219135375
1,pgadmin,7.895,settle,67594,11570284178059,pgAdmin 4 Helper (Renderer),270075656,2.015007000
1,pgadmin,7.895,settle,67563,11570190040612,pgAdmin 4 Helper,254903352,0.320173792
1,pgadmin,7.895,settle,67567,11570193860225,Python,159974192,3.273994583
1,pgadmin,7.895,settle,67561,11570179145769,pgAdmin 4,63276880,0.684757042
1,pgadmin,7.895,settle,67610,11570331228369,com.apple.SafariPlatformSupport,9683544,0.119389208
1,pgadmin,7.895,settle,67564,11570190131161,pgAdmin 4 Helper,8586128,0.219135375
1,pgadmin,8.150,settle,67594,11570284178059,pgAdmin 4 Helper (Renderer),272860936,2.053574833
1,pgadmin,8.150,settle,67563,11570190040612,pgAdmin 4 Helper,254903352,0.326346958
1,pgadmin,8.150,settle,67567,11570193860225,Python,159974192,3.284771500
1,pgadmin,8.150,settle,67561,11570179145769,pgAdmin 4,63276880,0.686016708
1,pgadmin,8.150,settle,67610,11570331228369,com.apple.SafariPlatformSupport,9683544,0.119389208
1,pgadmin,8.150,settle,67564,11570190131161,pgAdmin 4 Helper,8586128,0.224194750
1,pgadmin,8.406,settle,67594,11570284178059,pgAdmin 4 Helper (Renderer),272975624,2.083864625
1,pgadmin,8.406,settle,67563,11570190040612,pgAdmin 4 Helper,254886968,0.335160333
1,pgadmin,8.406,settle,67567,11570193860225,Python,159974192,3.284771500
1,pgadmin,8.406,settle,67561,11570179145769,pgAdmin 4,63276880,0.686109917
1,pgadmin,8.406,settle,67610,11570331228369,com.apple.SafariPlatformSupport,9683544,0.119389208
1,pgadmin,8.406,settle,67564,11570190131161,pgAdmin 4 Helper,8586128,0.224194750
1,pgadmin,8.661,settle,67594,11570284178059,pgAdmin 4 Helper (Renderer),273090312,2.115321167
1,pgadmin,8.661,settle,67563,11570190040612,pgAdmin 4 Helper,254903352,0.347875500
1,pgadmin,8.661,settle,67567,11570193860225,Python,159974192,3.284856833
1,pgadmin,8.661,settle,67561,11570179145769,pgAdmin 4,63276880,0.687498292
1,pgadmin,8.661,settle,67610,11570331228369,com.apple.SafariPlatformSupport,9683544,0.119781333
1,pgadmin,8.661,settle,67564,11570190131161,pgAdmin 4 Helper,8586128,0.224194750
1,pgadmin,8.916,settle,67594,11570284178059,pgAdmin 4 Helper (Renderer),273172232,2.143038667
1,pgadmin,8.916,settle,67563,11570190040612,pgAdmin 4 Helper,254903352,0.355993958
1,pgadmin,8.916,settle,67567,11570193860225,Python,159974192,3.284856833
1,pgadmin,8.916,settle,67561,11570179145769,pgAdmin 4,63276880,0.687498292
1,pgadmin,8.916,settle,67610,11570331228369,com.apple.SafariPlatformSupport,9683544,0.119781333
1,pgadmin,8.916,settle,67564,11570190131161,pgAdmin 4 Helper,8586128,0.224194750
1,pgadmin,9.171,settle,67594,11570284178059,pgAdmin 4 Helper (Renderer),273254152,2.170617833
1,pgadmin,9.171,settle,67563,11570190040612,pgAdmin 4 Helper,254919736,0.363248125
1,pgadmin,9.171,settle,67567,11570193860225,Python,159974192,3.284951292
1,pgadmin,9.171,settle,67561,11570179145769,pgAdmin 4,63276880,0.687498292
1,pgadmin,9.171,settle,67610,11570331228369,com.apple.SafariPlatformSupport,9683544,0.119781333
1,pgadmin,9.171,settle,67564,11570190131161,pgAdmin 4 Helper,8586128,0.224194750
1,pgadmin,9.426,settle,67594,11570284178059,pgAdmin 4 Helper (Renderer),273352456,2.192995250
1,pgadmin,9.426,settle,67563,11570190040612,pgAdmin 4 Helper,254886968,0.370152833
1,pgadmin,9.426,settle,67567,11570193860225,Python,159974192,3.284951292
1,pgadmin,9.426,settle,67561,11570179145769,pgAdmin 4,63276880,0.687647083
1,pgadmin,9.426,settle,67610,11570331228369,com.apple.SafariPlatformSupport,9683544,0.119944125
1,pgadmin,9.426,settle,67564,11570190131161,pgAdmin 4 Helper,8586128,0.224194750
1,pgadmin,9.679,query,67594,11570284178059,pgAdmin 4 Helper (Renderer),273401608,2.212601042
1,pgadmin,9.679,query,67563,11570190040612,pgAdmin 4 Helper,254903352,0.375804708
1,pgadmin,9.679,query,67567,11570193860225,Python,159974192,3.284992042
1,pgadmin,9.679,query,67561,11570179145769,pgAdmin 4,63276880,0.687743167
1,pgadmin,9.679,query,67610,11570331228369,com.apple.SafariPlatformSupport,9683544,0.119944125
1,pgadmin,9.679,query,67564,11570190131161,pgAdmin 4 Helper,8586128,0.224194750
1,pgadmin,9.934,query,67594,11570284178059,pgAdmin 4 Helper (Renderer),273483528,2.237865708
1,pgadmin,9.934,query,67563,11570190040612,pgAdmin 4 Helper,254903352,0.384620750
1,pgadmin,9.934,query,67567,11570193860225,Python,159974192,3.284992042
1,pgadmin,9.934,query,67561,11570179145769,pgAdmin 4,63276880,0.687743167
1,pgadmin,9.934,query,67610,11570331228369,com.apple.SafariPlatformSupport,9683544,0.119944125
1,pgadmin,9.934,query,67564,11570190131161,pgAdmin 4 Helper,8586128,0.224194750
1,pgadmin,10.189,query,67594,11570284178059,pgAdmin 4 Helper (Renderer),278447904,2.300401750
1,pgadmin,10.189,query,67563,11570190040612,pgAdmin 4 Helper,254919736,0.390944375
1,pgadmin,10.189,query,67567,11570193860225,Python,159974192,3.294775625
1,pgadmin,10.189,query,67561,11570179145769,pgAdmin 4,63227728,0.689088708
1,pgadmin,10.189,query,67610,11570331228369,com.apple.SafariPlatformSupport,9683544,0.119944125
1,pgadmin,10.189,query,67564,11570190131161,pgAdmin 4 Helper,8586128,0.228936667
1,pgadmin,10.444,query,67594,11570284178059,pgAdmin 4 Helper (Renderer),278578976,2.329309708
1,pgadmin,10.444,query,67563,11570190040612,pgAdmin 4 Helper,254903352,0.400223500
1,pgadmin,10.444,query,67567,11570193860225,Python,159974192,3.294775625
1,pgadmin,10.444,query,67561,11570179145769,pgAdmin 4,63227728,0.689088708
1,pgadmin,10.444,query,67610,11570331228369,com.apple.SafariPlatformSupport,9683544,0.119944125
1,pgadmin,10.444,query,67564,11570190131161,pgAdmin 4 Helper,8586128,0.228936667
1,pgadmin,10.696,query,67594,11570284178059,pgAdmin 4 Helper (Renderer),278791968,2.359838250
1,pgadmin,10.696,query,67563,11570190040612,pgAdmin 4 Helper,254903352,0.408896250
1,pgadmin,10.696,query,67567,11570193860225,Python,159957808,3.295924000
1,pgadmin,10.696,query,67561,11570179145769,pgAdmin 4,63227728,0.689509958
1,pgadmin,10.696,query,67610,11570331228369,com.apple.SafariPlatformSupport,9683544,0.120167958
1,pgadmin,10.696,query,67564,11570190131161,pgAdmin 4 Helper,8586128,0.228936667
1,pgadmin,10.951,query,67594,11570284178059,pgAdmin 4 Helper (Renderer),278923040,2.386548667
1,pgadmin,10.951,query,67563,11570190040612,pgAdmin 4 Helper,254886968,0.415548417
1,pgadmin,10.951,query,67567,11570193860225,Python,159957808,3.295924000
1,pgadmin,10.951,query,67561,11570179145769,pgAdmin 4,63227728,0.689509958
1,pgadmin,10.951,query,67610,11570331228369,com.apple.SafariPlatformSupport,9683544,0.120167958
1,pgadmin,10.951,query,67564,11570190131161,pgAdmin 4 Helper,8586128,0.228936667
1,pgadmin,11.205,query,67594,11570284178059,pgAdmin 4 Helper (Renderer),279086880,2.417517167
1,pgadmin,11.205,query,67567,11570193860225,Python,159957808,3.296010417
1,pgadmin,11.205,query,67563,11570190040612,pgAdmin 4 Helper,104432696,0.438478958
1,pgadmin,11.205,query,67561,11570179145769,pgAdmin 4,63178576,0.689915958
1,pgadmin,11.205,query,67610,11570331228369,com.apple.SafariPlatformSupport,9683544,0.120167958
1,pgadmin,11.205,query,67564,11570190131161,pgAdmin 4 Helper,8586128,0.228936667
1,pgadmin,11.457,query,67594,11570284178059,pgAdmin 4 Helper (Renderer),279217952,2.444523583
1,pgadmin,11.457,query,67567,11570193860225,Python,159957808,3.296010417
1,pgadmin,11.457,query,67563,11570190040612,pgAdmin 4 Helper,104416312,0.445415458
1,pgadmin,11.457,query,67561,11570179145769,pgAdmin 4,63178576,0.690154375
1,pgadmin,11.457,query,67610,11570331228369,com.apple.SafariPlatformSupport,9683544,0.120167958
1,pgadmin,11.457,query,67564,11570190131161,pgAdmin 4 Helper,8586128,0.228936667
1,pgadmin,11.709,query,67594,11570284178059,pgAdmin 4 Helper (Renderer),279349024,2.467152292
1,pgadmin,11.709,query,67567,11570193860225,Python,159957808,3.296080958
1,pgadmin,11.709,query,67563,11570190040612,pgAdmin 4 Helper,104416312,0.453787667
1,pgadmin,11.709,query,67561,11570179145769,pgAdmin 4,63096656,0.691455000
1,pgadmin,11.709,query,67610,11570331228369,com.apple.SafariPlatformSupport,9683544,0.120809375
1,pgadmin,11.709,query,67564,11570190131161,pgAdmin 4 Helper,8586128,0.228936667
1,pgadmin,11.964,query,67594,11570284178059,pgAdmin 4 Helper (Renderer),279480096,2.489453542
1,pgadmin,11.964,query,67567,11570193860225,Python,159957808,3.296080958
1,pgadmin,11.964,query,67563,11570190040612,pgAdmin 4 Helper,104399928,0.459747042
1,pgadmin,11.964,query,67561,11570179145769,pgAdmin 4,63096656,0.691455000
1,pgadmin,11.964,query,67610,11570331228369,com.apple.SafariPlatformSupport,9683544,0.120809375
1,pgadmin,11.964,query,67564,11570190131161,pgAdmin 4 Helper,8586128,0.228936667
1,pgadmin,12.219,query,67594,11570284178059,pgAdmin 4 Helper (Renderer),282363680,2.525960875
1,pgadmin,12.219,query,67567,11570193860225,Python,159974192,3.304359917
1,pgadmin,12.219,query,67563,11570190040612,pgAdmin 4 Helper,104432696,0.468489167
1,pgadmin,12.219,query,67561,11570179145769,pgAdmin 4,63096656,0.692434667
1,pgadmin,12.219,query,67610,11570331228369,com.apple.SafariPlatformSupport,9683544,0.120809375
1,pgadmin,12.219,query,67564,11570190131161,pgAdmin 4 Helper,8586128,0.232376000
1,pgadmin,12.474,query,67594,11570284178059,pgAdmin 4 Helper (Renderer),282511136,2.548911917
1,pgadmin,12.474,query,67567,11570193860225,Python,159974192,3.304454208
1,pgadmin,12.474,query,67563,11570190040612,pgAdmin 4 Helper,104416312,0.474589750
1,pgadmin,12.474,query,67561,11570179145769,pgAdmin 4,63096656,0.692434667
1,pgadmin,12.474,query,67610,11570331228369,com.apple.SafariPlatformSupport,9683544,0.120809375
1,pgadmin,12.474,query,67564,11570190131161,pgAdmin 4 Helper,8586128,0.232376000
1,pgadmin,12.729,query,67594,11570284178059,pgAdmin 4 Helper (Renderer),282642208,2.575027917
1,pgadmin,12.729,query,67567,11570193860225,Python,159974192,3.304454208
1,pgadmin,12.729,query,67563,11570190040612,pgAdmin 4 Helper,104432696,0.482091458
1,pgadmin,12.729,query,67561,11570179145769,pgAdmin 4,63096656,0.692485208
1,pgadmin,12.729,query,67610,11570331228369,com.apple.SafariPlatformSupport,9683544,0.120809375
1,pgadmin,12.729,query,67564,11570190131161,pgAdmin 4 Helper,8586128,0.232457000
1,pgadmin,12.983,query,67594,11570284178059,pgAdmin 4 Helper (Renderer),282789664,2.593954000
1,pgadmin,12.983,query,67567,11570193860225,Python,159974192,3.304530625
1,pgadmin,12.983,query,67563,11570190040612,pgAdmin 4 Helper,104367160,0.488940917
1,pgadmin,12.983,query,67561,11570179145769,pgAdmin 4,63113040,0.693965000
1,pgadmin,12.983,query,67610,11570331228369,com.apple.SafariPlatformSupport,9683544,0.120809375
1,pgadmin,12.983,query,67564,11570190131161,pgAdmin 4 Helper,8586128,0.232457000
1,pgadmin,13.234,query,67594,11570284178059,pgAdmin 4 Helper (Renderer),282953504,2.618007250
1,pgadmin,13.234,query,67567,11570193860225,Python,159974192,3.304530625
1,pgadmin,13.234,query,67563,11570190040612,pgAdmin 4 Helper,104367160,0.496210167
1,pgadmin,13.234,query,67561,11570179145769,pgAdmin 4,63113040,0.693965000
1,pgadmin,13.234,query,67610,11570331228369,com.apple.SafariPlatformSupport,9683544,0.120809375
1,pgadmin,13.234,query,67564,11570190131161,pgAdmin 4 Helper,8586128,0.232457000
1,pgadmin,13.489,query,67594,11570284178059,pgAdmin 4 Helper (Renderer),283117344,2.644919708
1,pgadmin,13.489,query,67567,11570193860225,Python,159974192,3.304618667
1,pgadmin,13.489,query,67563,11570190040612,pgAdmin 4 Helper,104383544,0.505293417
1,pgadmin,13.489,query,67561,11570179145769,pgAdmin 4,63113040,0.693965000
1,pgadmin,13.489,query,67610,11570331228369,com.apple.SafariPlatformSupport,9683544,0.120809375
1,pgadmin,13.489,query,67564,11570190131161,pgAdmin 4 Helper,8586128,0.232457000
1,pgadmin,13.742,query,67594,11570284178059,pgAdmin 4 Helper (Renderer),283232032,2.668787792
1,pgadmin,13.742,query,67567,11570193860225,Python,159974192,3.304618667
1,pgadmin,13.742,query,67563,11570190040612,pgAdmin 4 Helper,104383544,0.512360792
1,pgadmin,13.742,query,67561,11570179145769,pgAdmin 4,63113040,0.693965000
1,pgadmin,13.742,query,67610,11570331228369,com.apple.SafariPlatformSupport,9683544,0.120809375
1,pgadmin,13.742,query,67564,11570190131161,pgAdmin 4 Helper,8586128,0.232457000
1,pgadmin,13.997,query,67594,11570284178059,pgAdmin 4 Helper (Renderer),293586720,2.724356833
1,pgadmin,13.997,query,67567,11570193860225,Python,159974192,3.312995750
1,pgadmin,13.997,query,67563,11570190040612,pgAdmin 4 Helper,104383544,0.517614375
1,pgadmin,13.997,query,67561,11570179145769,pgAdmin 4,63113040,0.694763083
1,pgadmin,13.997,query,67610,11570331228369,com.apple.SafariPlatformSupport,9683544,0.120809375
1,pgadmin,13.997,query,67564,11570190131161,pgAdmin 4 Helper,8586128,0.235797083
1,pgadmin,14.250,query,67594,11570284178059,pgAdmin 4 Helper (Renderer),293734176,2.742774208
1,pgadmin,14.250,query,67567,11570193860225,Python,159974192,3.312995750
1,pgadmin,14.250,query,67563,11570190040612,pgAdmin 4 Helper,104367160,0.523960125
1,pgadmin,14.250,query,67561,11570179145769,pgAdmin 4,63113040,0.694763083
1,pgadmin,14.250,query,67610,11570331228369,com.apple.SafariPlatformSupport,9634392,0.120944208
1,pgadmin,14.250,query,67564,11570190131161,pgAdmin 4 Helper,8586128,0.235797083
1,pgadmin,14.505,query,67594,11570284178059,pgAdmin 4 Helper (Renderer),293881632,2.764665792
1,pgadmin,14.505,query,67567,11570193860225,Python,159974192,3.313074208
1,pgadmin,14.505,query,67563,11570190040612,pgAdmin 4 Helper,104367160,0.529464583
1,pgadmin,14.505,query,67561,11570179145769,pgAdmin 4,63113040,0.694943250
1,pgadmin,14.505,query,67610,11570331228369,com.apple.SafariPlatformSupport,9634392,0.120944208
1,pgadmin,14.505,query,67564,11570190131161,pgAdmin 4 Helper,8586128,0.235797083
1,pgadmin,14.759,query,67594,11570284178059,pgAdmin 4 Helper (Renderer),294061856,2.786828500
1,pgadmin,14.759,query,67567,11570193860225,Python,159974192,3.313074208
1,pgadmin,14.759,query,67563,11570190040612,pgAdmin 4 Helper,104383544,0.538546417
1,pgadmin,14.759,query,67561,11570179145769,pgAdmin 4,63113040,0.695142917
1,pgadmin,14.759,query,67610,11570331228369,com.apple.SafariPlatformSupport,9634392,0.120944208
1,pgadmin,14.759,query,67564,11570190131161,pgAdmin 4 Helper,8586128,0.235797083
1,pgadmin,15.013,query,67594,11570284178059,pgAdmin 4 Helper (Renderer),294192928,2.810319375
1,pgadmin,15.013,query,67567,11570193860225,Python,159974192,3.313178542
1,pgadmin,15.013,query,67563,11570190040612,pgAdmin 4 Helper,104383544,0.544385083
1,pgadmin,15.013,query,67561,11570179145769,pgAdmin 4,63113040,0.695142917
1,pgadmin,15.013,query,67610,11570331228369,com.apple.SafariPlatformSupport,9634392,0.120944208
1,pgadmin,15.013,query,67564,11570190131161,pgAdmin 4 Helper,8586128,0.235797083
1,pgadmin,15.267,query,67594,11570284178059,pgAdmin 4 Helper (Renderer),294324000,2.835632292
1,pgadmin,15.267,query,67567,11570193860225,Python,159974192,3.313178542
1,pgadmin,15.267,query,67563,11570190040612,pgAdmin 4 Helper,104367160,0.552794000
1,pgadmin,15.267,query,67561,11570179145769,pgAdmin 4,63113040,0.697021792
1,pgadmin,15.267,query,67610,11570331228369,com.apple.SafariPlatformSupport,9634392,0.120944208
1,pgadmin,15.267,query,67564,11570190131161,pgAdmin 4 Helper,8586128,0.235797083
1,pgadmin,15.522,query,67594,11570284178059,pgAdmin 4 Helper (Renderer),294471456,2.859544000
1,pgadmin,15.522,query,67567,11570193860225,Python,159974192,3.313222083
1,pgadmin,15.522,query,67563,11570190040612,pgAdmin 4 Helper,104367160,0.558462500
1,pgadmin,15.522,query,67561,11570179145769,pgAdmin 4,63113040,0.698048292
1,pgadmin,15.522,query,67610,11570331228369,com.apple.SafariPlatformSupport,9634392,0.120944208
1,pgadmin,15.522,query,67564,11570190131161,pgAdmin 4 Helper,8586128,0.235797083
1,pgadmin,15.777,query,67594,11570284178059,pgAdmin 4 Helper (Renderer),295536416,2.893300042
1,pgadmin,15.777,query,67567,11570193860225,Python,159974192,3.313222083
1,pgadmin,15.777,query,67563,11570190040612,pgAdmin 4 Helper,130843704,0.569488958
1,pgadmin,15.777,query,67561,11570179145769,pgAdmin 4,63145808,0.706002792
1,pgadmin,15.777,query,67610,11570331228369,com.apple.SafariPlatformSupport,9634392,0.120944208
1,pgadmin,15.777,query,67564,11570190131161,pgAdmin 4 Helper,8586128,0.235797083
1,pgadmin,16.032,query,67594,11570284178059,pgAdmin 4 Helper (Renderer),305268512,3.048155958
1,pgadmin,16.032,query,67563,11570190040612,pgAdmin 4 Helper,162972728,0.595784333
1,pgadmin,16.032,query,67567,11570193860225,Python,161891120,3.344027875
1,pgadmin,16.032,query,67561,11570179145769,pgAdmin 4,63752016,0.721600583
1,pgadmin,16.032,query,67610,11570331228369,com.apple.SafariPlatformSupport,9568856,0.121288917
1,pgadmin,16.032,query,67564,11570190131161,pgAdmin 4 Helper,8586128,0.241520958
1,pgadmin,16.286,query,67594,11570284178059,pgAdmin 4 Helper (Renderer),305497888,3.076060083
1,pgadmin,16.286,query,67563,11570190040612,pgAdmin 4 Helper,163628088,0.607486375
1,pgadmin,16.286,query,67567,11570193860225,Python,161792792,3.344287250
1,pgadmin,16.286,query,67561,11570179145769,pgAdmin 4,63752016,0.722341125
1,pgadmin,16.286,query,67610,11570331228369,com.apple.SafariPlatformSupport,9568856,0.121288917
1,pgadmin,16.286,query,67564,11570190131161,pgAdmin 4 Helper,8586128,0.241520958
1,pgadmin,16.541,query,67594,11570284178059,pgAdmin 4 Helper (Renderer),305547040,3.095121625
1,pgadmin,16.541,query,67563,11570190040612,pgAdmin 4 Helper,163628088,0.613551167
1,pgadmin,16.541,query,67567,11570193860225,Python,161792792,3.344385417
1,pgadmin,16.541,query,67561,11570179145769,pgAdmin 4,63752016,0.722796292
1,pgadmin,16.541,query,67610,11570331228369,com.apple.SafariPlatformSupport,9568856,0.121288917
1,pgadmin,16.541,query,67564,11570190131161,pgAdmin 4 Helper,8586128,0.241520958
1,pgadmin,16.793,query,67594,11570284178059,pgAdmin 4 Helper (Renderer),305628960,3.113031667
1,pgadmin,16.793,query,67563,11570190040612,pgAdmin 4 Helper,163628088,0.619400667
1,pgadmin,16.793,query,67567,11570193860225,Python,161792792,3.344385417
1,pgadmin,16.793,query,67561,11570179145769,pgAdmin 4,63752016,0.722796292
1,pgadmin,16.793,query,67610,11570331228369,com.apple.SafariPlatformSupport,9568856,0.121288917
1,pgadmin,16.793,query,67564,11570190131161,pgAdmin 4 Helper,8586128,0.241520958
1,pgadmin,17.048,query,67594,11570284178059,pgAdmin 4 Helper (Renderer),305710880,3.130410458
1,pgadmin,17.048,query,67567,11570193860225,Python,161792792,3.344451625
1,pgadmin,17.048,query,67563,11570190040612,pgAdmin 4 Helper,161530936,0.625126000
1,pgadmin,17.048,query,67561,11570179145769,pgAdmin 4,63784784,0.723183750
1,pgadmin,17.048,query,67610,11570331228369,com.apple.SafariPlatformSupport,9568856,0.121413708
1,pgadmin,17.048,query,67564,11570190131161,pgAdmin 4 Helper,8586128,0.241520958
1,pgadmin,17.301,query,67594,11570284178059,pgAdmin 4 Helper (Renderer),305792800,3.149687333
1,pgadmin,17.301,query,67567,11570193860225,Python,161792792,3.344451625
1,pgadmin,17.301,query,67563,11570190040612,pgAdmin 4 Helper,159302712,0.631246208
1,pgadmin,17.301,query,67561,11570179145769,pgAdmin 4,63784784,0.723183750
1,pgadmin,17.301,query,67610,11570331228369,com.apple.SafariPlatformSupport,9568856,0.121413708
1,pgadmin,17.301,query,67564,11570190131161,pgAdmin 4 Helper,8586128,0.241520958
1,pgadmin,17.556,query,67594,11570284178059,pgAdmin 4 Helper (Renderer),318457632,3.311151167
1,pgadmin,17.556,query,67563,11570190040612,pgAdmin 4 Helper,209454136,0.680863667
1,pgadmin,17.556,query,67567,11570193860225,Python,161792792,3.344483417
1,pgadmin,17.556,query,67561,11570179145769,pgAdmin 4,64440144,0.739127208
1,pgadmin,17.556,query,67610,11570331228369,com.apple.SafariPlatformSupport,9568856,0.121413708
1,pgadmin,17.556,query,67564,11570190131161,pgAdmin 4 Helper,8586128,0.241520958
1,pgadmin,17.809,query,67594,11570284178059,pgAdmin 4 Helper (Renderer),332465976,3.466304083
1,pgadmin,17.809,query,67563,11570190040612,pgAdmin 4 Helper,226427960,0.722769875
1,pgadmin,17.809,query,67567,11570193860225,Python,161792792,3.344483417
1,pgadmin,17.809,query,67561,11570179145769,pgAdmin 4,65062736,0.754441792
1,pgadmin,17.809,query,67610,11570331228369,com.apple.SafariPlatformSupport,9568856,0.121413708
1,pgadmin,17.809,query,67564,11570190131161,pgAdmin 4 Helper,8586128,0.241520958
1,pgadmin,18.064,query,67594,11570284178059,pgAdmin 4 Helper (Renderer),335677240,3.542245792
1,pgadmin,18.064,query,67563,11570190040612,pgAdmin 4 Helper,225657912,0.741830083
1,pgadmin,18.064,query,67567,11570193860225,Python,161792792,3.349908708
1,pgadmin,18.064,query,67561,11570179145769,pgAdmin 4,65079120,0.764913208
1,pgadmin,18.064,query,67610,11570331228369,com.apple.SafariPlatformSupport,9568856,0.121413708
1,pgadmin,18.064,query,67564,11570190131161,pgAdmin 4 Helper,8586128,0.243827500
1,pgadmin,18.319,query,67594,11570284178059,pgAdmin 4 Helper (Renderer),338806584,3.607825750
1,pgadmin,18.319,query,67563,11570190040612,pgAdmin 4 Helper,230425656,0.763775833
1,pgadmin,18.319,query,67567,11570193860225,Python,161792792,3.349908708
1,pgadmin,18.319,query,67561,11570179145769,pgAdmin 4,65079120,0.774454792
1,pgadmin,18.319,query,67610,11570331228369,com.apple.SafariPlatformSupport,9568856,0.121413708
1,pgadmin,18.319,query,67564,11570190131161,pgAdmin 4 Helper,8586128,0.243827500
1,pgadmin,18.573,query,67594,11570284178059,pgAdmin 4 Helper (Renderer),346949432,3.744800958
1,pgadmin,18.573,query,67563,11570190040612,pgAdmin 4 Helper,230474832,0.805454167
1,pgadmin,18.573,query,67567,11570193860225,Python,161792792,3.349948167
1,pgadmin,18.573,query,67561,11570179145769,pgAdmin 4,65111888,0.793244708
1,pgadmin,18.573,query,67610,11570331228369,com.apple.SafariPlatformSupport,9568856,0.121413708
1,pgadmin,18.573,query,67564,11570190131161,pgAdmin 4 Helper,8586128,0.243827500
1,pgadmin,18.825,query,67594,11570284178059,pgAdmin 4 Helper (Renderer),351684408,3.838939042
1,pgadmin,18.825,query,67563,11570190040612,pgAdmin 4 Helper,230491216,0.836680083
1,pgadmin,18.825,query,67567,11570193860225,Python,161792792,3.349948167
1,pgadmin,18.825,query,67561,11570179145769,pgAdmin 4,65111888,0.805967583
1,pgadmin,18.825,query,67610,11570331228369,com.apple.SafariPlatformSupport,9568856,0.121413708
1,pgadmin,18.825,query,67564,11570190131161,pgAdmin 4 Helper,8586128,0.243827500
1,pgadmin,19.079,query,67594,11570284178059,pgAdmin 4 Helper (Renderer),354846520,3.892998833
1,pgadmin,19.079,query,67563,11570190040612,pgAdmin 4 Helper,230999120,0.859671208
1,pgadmin,19.079,query,67567,11570193860225,Python,161792792,3.349989375
1,pgadmin,19.079,query,67561,11570179145769,pgAdmin 4,65128272,0.814370792
1,pgadmin,19.079,query,67610,11570331228369,com.apple.SafariPlatformSupport,9568856,0.121413708
1,pgadmin,19.079,query,67564,11570190131161,pgAdmin 4 Helper,8586128,0.243827500
1,pgadmin,19.332,query,67594,11570284178059,pgAdmin 4 Helper (Renderer),362530616,4.027953083
1,pgadmin,19.332,query,67563,11570190040612,pgAdmin 4 Helper,230999096,0.898618208
1,pgadmin,19.332,query,67567,11570193860225,Python,161792792,3.349989375
1,pgadmin,19.332,query,67561,11570179145769,pgAdmin 4,65193808,0.833054208
1,pgadmin,19.332,query,67610,11570331228369,com.apple.SafariPlatformSupport,9568856,0.121413708
1,pgadmin,19.332,query,67564,11570190131161,pgAdmin 4 Helper,8586128,0.243827500
1,pgadmin,19.587,query,67594,11570284178059,pgAdmin 4 Helper (Renderer),370116408,4.119165167
1,pgadmin,19.587,query,67563,11570190040612,pgAdmin 4 Helper,230982712,0.932149250
1,pgadmin,19.587,query,67567,11570193860225,Python,161792792,3.350027375
1,pgadmin,19.587,query,67561,11570179145769,pgAdmin 4,65210192,0.843143667
1,pgadmin,19.587,query,67610,11570331228369,com.apple.SafariPlatformSupport,9568856,0.121413708
1,pgadmin,19.587,query,67564,11570190131161,pgAdmin 4 Helper,8586128,0.243827500
1,pgadmin,19.842,query,67594,11570284178059,pgAdmin 4 Helper (Renderer),375015248,4.219206542
1,pgadmin,19.842,query,67563,11570190040612,pgAdmin 4 Helper,230999096,0.962249708
1,pgadmin,19.842,query,67567,11570193860225,Python,161792792,3.350027375
1,pgadmin,19.842,query,67561,11570179145769,pgAdmin 4,65226576,0.857908792
1,pgadmin,19.842,query,67610,11570331228369,com.apple.SafariPlatformSupport,9568856,0.121413708
1,pgadmin,19.842,query,67564,11570190131161,pgAdmin 4 Helper,8586128,0.243827500
1,pgadmin,20.097,query,67594,11570284178059,pgAdmin 4 Helper (Renderer),381962064,4.334732208
1,pgadmin,20.097,query,67563,11570190040612,pgAdmin 4 Helper,230999096,0.997473958
1,pgadmin,20.097,query,67567,11570193860225,Python,161792792,3.353730208
1,pgadmin,20.097,query,67561,11570179145769,pgAdmin 4,65226576,0.870843708
1,pgadmin,20.097,query,67610,11570331228369,com.apple.SafariPlatformSupport,9568856,0.121413708
1,pgadmin,20.097,query,67564,11570190131161,pgAdmin 4 Helper,8586128,0.245973833
1,pgadmin,20.351,query,67594,11570284178059,pgAdmin 4 Helper (Renderer),385337192,4.403943792
1,pgadmin,20.351,query,67563,11570190040612,pgAdmin 4 Helper,230999096,1.016773125
1,pgadmin,20.351,query,67567,11570193860225,Python,161792792,3.353730208
1,pgadmin,20.351,query,67561,11570179145769,pgAdmin 4,65259344,0.882918083
1,pgadmin,20.351,query,67610,11570331228369,com.apple.SafariPlatformSupport,9568856,0.121413708
1,pgadmin,20.351,query,67564,11570190131161,pgAdmin 4 Helper,8586128,0.245973833
1,pgadmin,20.604,query,67594,11570284178059,pgAdmin 4 Helper (Renderer),389367656,4.481628833
1,pgadmin,20.604,query,67563,11570190040612,pgAdmin 4 Helper,230982712,1.045016083
1,pgadmin,20.604,query,67567,11570193860225,Python,161792792,3.353770000
1,pgadmin,20.604,query,67561,11570179145769,pgAdmin 4,65259344,0.893994167
1,pgadmin,20.604,query,67610,11570331228369,com.apple.SafariPlatformSupport,9568856,0.121413708
1,pgadmin,20.604,query,67564,11570190131161,pgAdmin 4 Helper,8586128,0.245973833
1,pgadmin,20.858,query,67594,11570284178059,pgAdmin 4 Helper (Renderer),395954024,4.604646500
1,pgadmin,20.858,query,67563,11570190040612,pgAdmin 4 Helper,228279352,1.081360250
1,pgadmin,20.858,query,67567,11570193860225,Python,161792792,3.353770000
1,pgadmin,20.858,query,67561,11570179145769,pgAdmin 4,65292112,0.912058250
1,pgadmin,20.858,query,67610,11570331228369,com.apple.SafariPlatformSupport,9568856,0.121413708
1,pgadmin,20.858,query,67564,11570190131161,pgAdmin 4 Helper,8586128,0.245973833
1,pgadmin,21.110,query,67594,11570284178059,pgAdmin 4 Helper (Renderer),407439208,4.708590542
1,pgadmin,21.110,query,67563,11570190040612,pgAdmin 4 Helper,224003128,1.114099083
1,pgadmin,21.110,query,67567,11570193860225,Python,161792792,3.353809833
1,pgadmin,21.110,query,67561,11570179145769,pgAdmin 4,65308496,0.928280250
1,pgadmin,21.110,query,67610,11570331228369,com.apple.SafariPlatformSupport,9568856,0.121413708
1,pgadmin,21.110,query,67564,11570190131161,pgAdmin 4 Helper,8586128,0.245973833
1,pgadmin,21.364,query,67594,11570284178059,pgAdmin 4 Helper (Renderer),410912616,4.788320792
1,pgadmin,21.364,query,67563,11570190040612,pgAdmin 4 Helper,223855672,1.136240250
1,pgadmin,21.364,query,67567,11570193860225,Python,161792792,3.353809833
1,pgadmin,21.364,query,67561,11570179145769,pgAdmin 4,65324880,0.942251167
1,pgadmin,21.364,query,67610,11570331228369,com.apple.SafariPlatformSupport,9568856,0.121413708
1,pgadmin,21.364,query,67564,11570190131161,pgAdmin 4 Helper,8586128,0.245973833
1,pgadmin,21.616,query,67594,11570284178059,pgAdmin 4 Helper (Renderer),417613672,4.898988208
1,pgadmin,21.616,query,67563,11570190040612,pgAdmin 4 Helper,223855672,1.176740792
1,pgadmin,21.616,query,67567,11570193860225,Python,161792792,3.353862875
1,pgadmin,21.616,query,67561,11570179145769,pgAdmin 4,65341264,0.958406333
1,pgadmin,21.616,query,67610,11570331228369,com.apple.SafariPlatformSupport,9568856,0.121413708
1,pgadmin,21.616,query,67564,11570190131161,pgAdmin 4 Helper,8586128,0.245973833
1,pgadmin,21.867,query,67594,11570284178059,pgAdmin 4 Helper (Renderer),416319360,5.244887917
1,pgadmin,21.867,query,67563,11570190040612,pgAdmin 4 Helper,223839288,1.190298375
1,pgadmin,21.867,query,67567,11570193860225,Python,161792792,3.353862875
1,pgadmin,21.867,query,67561,11570179145769,pgAdmin 4,65341264,0.964688417
1,pgadmin,21.867,query,67610,11570331228369,com.apple.SafariPlatformSupport,9568856,0.121413708
1,pgadmin,21.867,query,67564,11570190131161,pgAdmin 4 Helper,8586128,0.245973833
1,pgadmin,22.121,query,67594,11570284178059,pgAdmin 4 Helper (Renderer),416450432,5.345535250
1,pgadmin,22.121,query,67563,11570190040612,pgAdmin 4 Helper,223855672,1.213664333
1,pgadmin,22.121,query,67567,11570193860225,Python,161792792,3.358549333
1,pgadmin,22.121,query,67561,11570179145769,pgAdmin 4,65390416,0.979242625
1,pgadmin,22.121,query,67610,11570331228369,com.apple.SafariPlatformSupport,9568856,0.121512167
1,pgadmin,22.121,query,67564,11570190131161,pgAdmin 4 Helper,8586128,0.248178750
1,pgadmin,22.375,query,67594,11570284178059,pgAdmin 4 Helper (Renderer),416614272,5.466707458
1,pgadmin,22.375,query,67563,11570190040612,pgAdmin 4 Helper,223855672,1.241853542
1,pgadmin,22.375,query,67567,11570193860225,Python,161792792,3.358549333
1,pgadmin,22.375,query,67561,11570179145769,pgAdmin 4,65390416,0.995000417
1,pgadmin,22.375,query,67610,11570331228369,com.apple.SafariPlatformSupport,9568856,0.121512167
1,pgadmin,22.375,query,67564,11570190131161,pgAdmin 4 Helper,8586128,0.248178750
1,pgadmin,22.629,query,67594,11570284178059,pgAdmin 4 Helper (Renderer),416614272,5.527237875
1,pgadmin,22.629,query,67563,11570190040612,pgAdmin 4 Helper,224003128,1.259094167
1,pgadmin,22.629,query,67567,11570193860225,Python,161792792,3.358593958
1,pgadmin,22.629,query,67561,11570179145769,pgAdmin 4,65390416,1.007964875
1,pgadmin,22.629,query,67610,11570331228369,com.apple.SafariPlatformSupport,9568856,0.121512167
1,pgadmin,22.629,query,67564,11570190131161,pgAdmin 4 Helper,8586128,0.248178750
1,pgadmin,22.882,query,67594,11570284178059,pgAdmin 4 Helper (Renderer),416614272,5.548226333
1,pgadmin,22.882,query,67563,11570190040612,pgAdmin 4 Helper,219071544,1.266981875
1,pgadmin,22.882,query,67567,11570193860225,Python,161792792,3.358593958
1,pgadmin,22.882,query,67561,11570179145769,pgAdmin 4,65390416,1.011075792
1,pgadmin,22.882,query,67610,11570331228369,com.apple.SafariPlatformSupport,9568856,0.121512167
1,pgadmin,22.882,query,67564,11570190131161,pgAdmin 4 Helper,8586128,0.248178750
1,pgadmin,23.135,after-query,67594,11570284178059,pgAdmin 4 Helper (Renderer),416614272,5.571407083
1,pgadmin,23.135,after-query,67563,11570190040612,pgAdmin 4 Helper,219071544,1.274445083
1,pgadmin,23.135,after-query,67567,11570193860225,Python,161792792,3.358685500
1,pgadmin,23.135,after-query,67561,11570179145769,pgAdmin 4,65390416,1.011537083
1,pgadmin,23.135,after-query,67610,11570331228369,com.apple.SafariPlatformSupport,9568856,0.121512167
1,pgadmin,23.135,after-query,67564,11570190131161,pgAdmin 4 Helper,8586128,0.248178750
1,pgadmin,23.391,after-query,67594,11570284178059,pgAdmin 4 Helper (Renderer),416614272,5.593220833
1,pgadmin,23.391,after-query,67563,11570190040612,pgAdmin 4 Helper,219071544,1.281895292
1,pgadmin,23.391,after-query,67567,11570193860225,Python,161792792,3.358685500
1,pgadmin,23.391,after-query,67561,11570179145769,pgAdmin 4,65390416,1.011537083
1,pgadmin,23.391,after-query,67610,11570331228369,com.apple.SafariPlatformSupport,9568856,0.121512167
1,pgadmin,23.391,after-query,67564,11570190131161,pgAdmin 4 Helper,8586128,0.248178750
1,pgadmin,23.646,after-query,67594,11570284178059,pgAdmin 4 Helper (Renderer),416614272,5.611811542
1,pgadmin,23.646,after-query,67563,11570190040612,pgAdmin 4 Helper,219071544,1.288444417
1,pgadmin,23.646,after-query,67567,11570193860225,Python,161792792,3.358765917
1,pgadmin,23.646,after-query,67561,11570179145769,pgAdmin 4,65390416,1.011537083
1,pgadmin,23.646,after-query,67610,11570331228369,com.apple.SafariPlatformSupport,9568856,0.121512167
1,pgadmin,23.646,after-query,67564,11570190131161,pgAdmin 4 Helper,8586128,0.248178750
1,pgadmin,23.901,after-query,67594,11570284178059,pgAdmin 4 Helper (Renderer),416352128,5.629924917
1,pgadmin,23.901,after-query,67563,11570190040612,pgAdmin 4 Helper,195363896,1.297532750
1,pgadmin,23.901,after-query,67567,11570193860225,Python,161792792,3.358765917
1,pgadmin,23.901,after-query,67561,11570179145769,pgAdmin 4,65390416,1.011537083
1,pgadmin,23.901,after-query,67610,11570331228369,com.apple.SafariPlatformSupport,9568856,0.121512167
1,pgadmin,23.901,after-query,67564,11570190131161,pgAdmin 4 Helper,8586128,0.248178750
1,pgadmin,24.154,after-query,67594,11570284178059,pgAdmin 4 Helper (Renderer),416352128,5.660805917
1,pgadmin,24.154,after-query,67563,11570190040612,pgAdmin 4 Helper,195363896,1.302977250
1,pgadmin,24.154,after-query,67567,11570193860225,Python,161792792,3.369503708
1,pgadmin,24.154,after-query,67561,11570179145769,pgAdmin 4,65390416,1.012771500
1,pgadmin,24.154,after-query,67610,11570331228369,com.apple.SafariPlatformSupport,9568856,0.121512167
1,pgadmin,24.154,after-query,67564,11570190131161,pgAdmin 4 Helper,8586128,0.252910958
1,pgadmin,24.409,after-query,67594,11570284178059,pgAdmin 4 Helper (Renderer),416352128,5.675411833
1,pgadmin,24.409,after-query,67563,11570190040612,pgAdmin 4 Helper,195363896,1.308543208
1,pgadmin,24.409,after-query,67567,11570193860225,Python,161792792,3.369503708
1,pgadmin,24.409,after-query,67561,11570179145769,pgAdmin 4,65390416,1.012771500
1,pgadmin,24.409,after-query,67610,11570331228369,com.apple.SafariPlatformSupport,9568856,0.121512167
1,pgadmin,24.409,after-query,67564,11570190131161,pgAdmin 4 Helper,8586128,0.252910958
1,pgadmin,24.664,after-query,67594,11570284178059,pgAdmin 4 Helper (Renderer),416352128,5.695471792
1,pgadmin,24.664,after-query,67563,11570190040612,pgAdmin 4 Helper,195363896,1.315426708
1,pgadmin,24.664,after-query,67567,11570193860225,Python,161792792,3.369617917
1,pgadmin,24.664,after-query,67561,11570179145769,pgAdmin 4,65423184,1.013428708
1,pgadmin,24.664,after-query,67610,11570331228369,com.apple.SafariPlatformSupport,9568856,0.121512167
1,pgadmin,24.664,after-query,67564,11570190131161,pgAdmin 4 Helper,8586128,0.252910958
1,pgadmin,24.919,after-query,67594,11570284178059,pgAdmin 4 Helper (Renderer),416352128,5.715845333
1,pgadmin,24.919,after-query,67563,11570190040612,pgAdmin 4 Helper,193758264,1.323096542
1,pgadmin,24.919,after-query,67567,11570193860225,Python,161792792,3.369617917
1,pgadmin,24.919,after-query,67561,11570179145769,pgAdmin 4,65423184,1.013497667
1,pgadmin,24.919,after-query,67610,11570331228369,com.apple.SafariPlatformSupport,9568856,0.121512167
1,pgadmin,24.919,after-query,67564,11570190131161,pgAdmin 4 Helper,8586128,0.252910958
1,pgadmin,25.174,after-query,67594,11570284178059,pgAdmin 4 Helper (Renderer),416352128,5.737071250
1,pgadmin,25.174,after-query,67563,11570190040612,pgAdmin 4 Helper,193758264,1.329957833
1,pgadmin,25.174,after-query,67567,11570193860225,Python,161792792,3.369727750
1,pgadmin,25.174,after-query,67561,11570179145769,pgAdmin 4,65423184,1.013497667
1,pgadmin,25.174,after-query,67610,11570331228369,com.apple.SafariPlatformSupport,9568856,0.121512167
1,pgadmin,25.174,after-query,67564,11570190131161,pgAdmin 4 Helper,8586128,0.252910958
1,pgadmin,25.425,after-query,67594,11570284178059,pgAdmin 4 Helper (Renderer),416352128,5.759765833
1,pgadmin,25.425,after-query,67563,11570190040612,pgAdmin 4 Helper,193758264,1.337437542
1,pgadmin,25.425,after-query,67567,11570193860225,Python,161792792,3.369727750
1,pgadmin,25.425,after-query,67561,11570179145769,pgAdmin 4,65423184,1.013497667
1,pgadmin,25.425,after-query,67610,11570331228369,com.apple.SafariPlatformSupport,9568856,0.121512167
1,pgadmin,25.425,after-query,67564,11570190131161,pgAdmin 4 Helper,8586128,0.252910958
1,pgadmin,25.675,after-query,67594,11570284178059,pgAdmin 4 Helper (Renderer),416352128,5.779966875
1,pgadmin,25.675,after-query,67563,11570190040612,pgAdmin 4 Helper,193774648,1.344390542
1,pgadmin,25.675,after-query,67567,11570193860225,Python,161792792,3.369814708
1,pgadmin,25.675,after-query,67561,11570179145769,pgAdmin 4,65423184,1.015968042
1,pgadmin,25.675,after-query,67610,11570331228369,com.apple.SafariPlatformSupport,9568856,0.121512167
1,pgadmin,25.675,after-query,67564,11570190131161,pgAdmin 4 Helper,8586128,0.252910958
1,pgadmin,25.930,after-query,67594,11570284178059,pgAdmin 4 Helper (Renderer),416352128,5.799609000
1,pgadmin,25.930,after-query,67563,11570190040612,pgAdmin 4 Helper,193774648,1.350831792
1,pgadmin,25.930,after-query,67567,11570193860225,Python,161792792,3.369814708
1,pgadmin,25.930,after-query,67561,11570179145769,pgAdmin 4,65423184,1.015968042
1,pgadmin,25.930,after-query,67610,11570331228369,com.apple.SafariPlatformSupport,9568856,0.121512167
1,pgadmin,25.930,after-query,67564,11570190131161,pgAdmin 4 Helper,8586128,0.252910958
1,pgadmin,26.186,after-query,67594,11570284178059,pgAdmin 4 Helper (Renderer),416352128,5.834582542
1,pgadmin,26.186,after-query,67563,11570190040612,pgAdmin 4 Helper,179569720,1.358060042
1,pgadmin,26.186,after-query,67567,11570193860225,Python,161792792,3.379096000
1,pgadmin,26.186,after-query,67561,11570179145769,pgAdmin 4,65423184,1.017075958
1,pgadmin,26.186,after-query,67610,11570331228369,com.apple.SafariPlatformSupport,9568856,0.121512167
1,pgadmin,26.186,after-query,67564,11570190131161,pgAdmin 4 Helper,8586128,0.257293792
1,pgadmin,26.441,after-query,67594,11570284178059,pgAdmin 4 Helper (Renderer),416352128,5.854469208
1,pgadmin,26.441,after-query,67563,11570190040612,pgAdmin 4 Helper,179569720,1.364613208
1,pgadmin,26.441,after-query,67567,11570193860225,Python,161792792,3.379096000
1,pgadmin,26.441,after-query,67561,11570179145769,pgAdmin 4,65341264,1.017911458
1,pgadmin,26.441,after-query,67610,11570331228369,com.apple.SafariPlatformSupport,9568856,0.121512167
1,pgadmin,26.441,after-query,67564,11570190131161,pgAdmin 4 Helper,8586128,0.257293792
1,pgadmin,26.696,after-query,67594,11570284178059,pgAdmin 4 Helper (Renderer),416352128,5.874339292
1,pgadmin,26.696,after-query,67563,11570190040612,pgAdmin 4 Helper,179569720,1.371291875
1,pgadmin,26.696,after-query,67567,11570193860225,Python,161792792,3.379199042
1,pgadmin,26.696,after-query,67561,11570179145769,pgAdmin 4,65341264,1.017911458
1,pgadmin,26.696,after-query,67610,11570331228369,com.apple.SafariPlatformSupport,9568856,0.121512167
1,pgadmin,26.696,after-query,67564,11570190131161,pgAdmin 4 Helper,8586128,0.257293792
1,pgadmin,26.952,after-query,67594,11570284178059,pgAdmin 4 Helper (Renderer),416352128,5.894394417
1,pgadmin,26.952,after-query,67563,11570190040612,pgAdmin 4 Helper,179569720,1.377615083
1,pgadmin,26.952,after-query,67567,11570193860225,Python,161792792,3.379199042
1,pgadmin,26.952,after-query,67561,11570179145769,pgAdmin 4,65341264,1.017911458
1,pgadmin,26.952,after-query,67610,11570331228369,com.apple.SafariPlatformSupport,9568856,0.121512167
1,pgadmin,26.952,after-query,67564,11570190131161,pgAdmin 4 Helper,8586128,0.257293792
1,pgadmin,27.204,after-query,67594,11570284178059,pgAdmin 4 Helper (Renderer),416352128,5.910457042
1,pgadmin,27.204,after-query,67563,11570190040612,pgAdmin 4 Helper,179569720,1.383313500
1,pgadmin,27.204,after-query,67567,11570193860225,Python,161792792,3.379297542
1,pgadmin,27.204,after-query,67561,11570179145769,pgAdmin 4,65341264,1.017911458
1,pgadmin,27.204,after-query,67610,11570331228369,com.apple.SafariPlatformSupport,9568856,0.121512167
1,pgadmin,27.204,after-query,67564,11570190131161,pgAdmin 4 Helper,8586128,0.257293792
1,pgadmin,27.459,after-query,67594,11570284178059,pgAdmin 4 Helper (Renderer),416352128,5.932270125
1,pgadmin,27.459,after-query,67567,11570193860225,Python,161792792,3.379297542
1,pgadmin,27.459,after-query,67563,11570190040612,pgAdmin 4 Helper,155452472,1.392343125
1,pgadmin,27.459,after-query,67561,11570179145769,pgAdmin 4,65341264,1.017911458
1,pgadmin,27.459,after-query,67610,11570331228369,com.apple.SafariPlatformSupport,9568856,0.121512167
1,pgadmin,27.459,after-query,67564,11570190131161,pgAdmin 4 Helper,8586128,0.257293792
1,dbgate,0.255,launch,67731,11570982770848,DbGate,9421736,0.099956042
1,dbgate,0.510,launch,67731,11570982770848,DbGate,41076224,0.290092792
1,dbgate,0.510,launch,67734,11570992903895,DbGate Helper,6013744,0.041440375
1,dbgate,0.510,launch,67733,11570992754109,DbGate Helper (GPU),5833496,0.047280667
1,dbgate,0.765,launch,67731,11570982770848,DbGate,68027928,0.458663167
1,dbgate,0.765,launch,67733,11570992754109,DbGate Helper (GPU),10765104,0.084768125
1,dbgate,0.765,launch,67734,11570992903895,DbGate Helper,6046512,0.042408125
1,dbgate,1.017,settle,67731,11570982770848,DbGate,88491784,0.621559833
1,dbgate,1.017,settle,67740,11571001853903,DbGate Helper (Renderer),82380096,0.177100375
1,dbgate,1.017,settle,67733,11570992754109,DbGate Helper (GPU),30966624,0.116933167
1,dbgate,1.017,settle,67734,11570992903895,DbGate Helper,6538056,0.047264875
1,dbgate,1.272,settle,67731,11570982770848,DbGate,102565640,0.748497167
1,dbgate,1.272,settle,67740,11571001853903,DbGate Helper (Renderer),84166024,0.380664083
1,dbgate,1.272,settle,67733,11570992754109,DbGate Helper (GPU),73204576,0.134648750
1,dbgate,1.272,settle,67742,11571010567272,DbGate Helper,13517928,0.070462500
1,dbgate,1.272,settle,67734,11570992903895,DbGate Helper,6538056,0.047264875
1,dbgate,1.527,settle,67733,11570992754109,DbGate Helper (GPU),223691736,0.213868583
1,dbgate,1.527,settle,67731,11570982770848,DbGate,110020360,0.839187125
1,dbgate,1.527,settle,67740,11571001853903,DbGate Helper (Renderer),107922968,0.554349042
1,dbgate,1.527,settle,67742,11571010567272,DbGate Helper,50775264,0.264142792
1,dbgate,1.527,settle,67745,11571012505857,DbGate Helper,42615960,0.204401625
1,dbgate,1.527,settle,67744,11571012434811,DbGate Helper,42435736,0.206340667
1,dbgate,1.527,settle,67734,11570992903895,DbGate Helper,7406408,0.054449125
1,dbgate,1.527,settle,67755,11571017442495,com.apple.SafariPlatformSupport,3031568,0.020175958
1,dbgate,1.782,settle,67733,11570992754109,DbGate Helper (GPU),223773656,0.225304125
1,dbgate,1.782,settle,67731,11570982770848,DbGate,111413000,0.853813542
1,dbgate,1.782,settle,67740,11571001853903,DbGate Helper (Renderer),108316184,0.574565792
1,dbgate,1.782,settle,67745,11571012505857,DbGate Helper,51823888,0.338100375
1,dbgate,1.782,settle,67744,11571012434811,DbGate Helper,51823864,0.343331458
1,dbgate,1.782,settle,67742,11571010567272,DbGate Helper,51463440,0.322111667
1,dbgate,1.782,settle,67755,11571017442495,com.apple.SafariPlatformSupport,9814640,0.107606250
1,dbgate,1.782,settle,67734,11570992903895,DbGate Helper,7406408,0.054449125
1,dbgate,2.037,settle,67733,11570992754109,DbGate Helper (GPU),223757272,0.244115500
1,dbgate,2.037,settle,67731,11570982770848,DbGate,113411848,0.868142167
1,dbgate,2.037,settle,67740,11571001853903,DbGate Helper (Renderer),108316184,0.588950208
1,dbgate,2.037,settle,67745,11571012505857,DbGate Helper,51823888,0.338214083
1,dbgate,2.037,settle,67744,11571012434811,DbGate Helper,51823864,0.343483875
1,dbgate,2.037,settle,67742,11571010567272,DbGate Helper,51463440,0.322265958
1,dbgate,2.037,settle,67755,11571017442495,com.apple.SafariPlatformSupport,9814640,0.107903792
1,dbgate,2.037,settle,67734,11570992903895,DbGate Helper,7832392,0.059031833
1,dbgate,2.293,settle,67733,11570992754109,DbGate Helper (GPU),223790040,0.271231750
1,dbgate,2.293,settle,67731,11570982770848,DbGate,113526536,0.876665875
1,dbgate,2.293,settle,67740,11571001853903,DbGate Helper (Renderer),108496408,0.616685583
1,dbgate,2.293,settle,67745,11571012505857,DbGate Helper,51823888,0.338214083
1,dbgate,2.293,settle,67744,11571012434811,DbGate Helper,51823864,0.343483875
1,dbgate,2.293,settle,67742,11571010567272,DbGate Helper,51463440,0.322265958
1,dbgate,2.293,settle,67755,11571017442495,com.apple.SafariPlatformSupport,9814640,0.107903792
1,dbgate,2.293,settle,67734,11570992903895,DbGate Helper,7963464,0.065712958
1,dbgate,2.549,settle,67733,11570992754109,DbGate Helper (GPU),231375832,0.286908958
1,dbgate,2.549,settle,67731,11570982770848,DbGate,113706760,0.885955500
1,dbgate,2.549,settle,67740,11571001853903,DbGate Helper (Renderer),108529176,0.629867667
1,dbgate,2.549,settle,67745,11571012505857,DbGate Helper,51823888,0.338214083
1,dbgate,2.549,settle,67744,11571012434811,DbGate Helper,51823864,0.343483875
1,dbgate,2.549,settle,67742,11571010567272,DbGate Helper,51463440,0.323115833
1,dbgate,2.549,settle,67755,11571017442495,com.apple.SafariPlatformSupport,9814640,0.107903792
1,dbgate,2.549,settle,67734,11570992903895,DbGate Helper,7979848,0.069395875
1,dbgate,2.801,settle,67733,11570992754109,DbGate Helper (GPU),218022872,0.294363125
1,dbgate,2.801,settle,67731,11570982770848,DbGate,113706760,0.886962042
1,dbgate,2.801,settle,67740,11571001853903,DbGate Helper (Renderer),108529176,0.637817958
1,dbgate,2.801,settle,67745,11571012505857,DbGate Helper,51823888,0.339251292
1,dbgate,2.801,settle,67744,11571012434811,DbGate Helper,51823864,0.344232000
1,dbgate,2.801,settle,67742,11571010567272,DbGate Helper,51463440,0.323115833
1,dbgate,2.801,settle,67755,11571017442495,com.apple.SafariPlatformSupport,9814640,0.108083250
1,dbgate,2.801,settle,67734,11570992903895,DbGate Helper,7979848,0.069395875
1,dbgate,3.056,settle,67733,11570992754109,DbGate Helper (GPU),218039256,0.304645500
1,dbgate,3.056,settle,67731,11570982770848,DbGate,110577416,0.893722792
1,dbgate,3.056,settle,67740,11571001853903,DbGate Helper (Renderer),108529176,0.648617792
1,dbgate,3.056,settle,67745,11571012505857,DbGate Helper,51823888,0.339251292
1,dbgate,3.056,settle,67744,11571012434811,DbGate Helper,51823864,0.344232000
1,dbgate,3.056,settle,67742,11571010567272,DbGate Helper,51463440,0.323115833
1,dbgate,3.056,settle,67755,11571017442495,com.apple.SafariPlatformSupport,9814640,0.108083250
1,dbgate,3.056,settle,67734,11570992903895,DbGate Helper,7979848,0.069395875
1,dbgate,3.311,settle,67733,11570992754109,DbGate Helper (GPU),218022872,0.312179292
1,dbgate,3.311,settle,67731,11570982770848,DbGate,110692104,0.900824625
1,dbgate,3.311,settle,67740,11571001853903,DbGate Helper (Renderer),108529176,0.656909958
1,dbgate,3.311,settle,67745,11571012505857,DbGate Helper,51823888,0.339251292
1,dbgate,3.311,settle,67744,11571012434811,DbGate Helper,51823864,0.344232000
1,dbgate,3.311,settle,67742,11571010567272,DbGate Helper,51463440,0.323115833
1,dbgate,3.311,settle,67755,11571017442495,com.apple.SafariPlatformSupport,9814640,0.108083250
1,dbgate,3.311,settle,67734,11570992903895,DbGate Helper,7979848,0.069395875
1,dbgate,3.566,settle,67733,11570992754109,DbGate Helper (GPU),213566424,0.322245208
1,dbgate,3.566,settle,67731,11570982770848,DbGate,110692104,0.901531958
1,dbgate,3.566,settle,67740,11571001853903,DbGate Helper (Renderer),108529176,0.666641917
1,dbgate,3.566,settle,67745,11571012505857,DbGate Helper,51823888,0.339251292
1,dbgate,3.566,settle,67744,11571012434811,DbGate Helper,51823864,0.344232000
1,dbgate,3.566,settle,67742,11571010567272,DbGate Helper,51463440,0.323511500
1,dbgate,3.566,settle,67755,11571017442495,com.apple.SafariPlatformSupport,9814640,0.108083250
1,dbgate,3.566,settle,67734,11570992903895,DbGate Helper,7979848,0.069395875
1,dbgate,3.817,settle,67733,11570992754109,DbGate Helper (GPU),206029784,0.327826083
1,dbgate,3.817,settle,67731,11570982770848,DbGate,110708488,0.903725583
1,dbgate,3.817,settle,67740,11571001853903,DbGate Helper (Renderer),108529176,0.671738625
1,dbgate,3.817,settle,67745,11571012505857,DbGate Helper,51823888,0.339608500
1,dbgate,3.817,settle,67744,11571012434811,DbGate Helper,51823864,0.344438292
1,dbgate,3.817,settle,67742,11571010567272,DbGate Helper,51463440,0.323511500
1,dbgate,3.817,settle,67755,11571017442495,com.apple.SafariPlatformSupport,9814640,0.108285375
1,dbgate,3.817,settle,67734,11570992903895,DbGate Helper,7979848,0.069395875
1,dbgate,4.068,settle,67733,11570992754109,DbGate Helper (GPU),205849536,0.338264167
1,dbgate,4.068,settle,67731,11570982770848,DbGate,110708488,0.903725583
1,dbgate,4.068,settle,67740,11571001853903,DbGate Helper (Renderer),108365336,0.681019750
1,dbgate,4.068,settle,67745,11571012505857,DbGate Helper,51823888,0.339608500
1,dbgate,4.068,settle,67744,11571012434811,DbGate Helper,51823864,0.344438292
1,dbgate,4.068,settle,67742,11571010567272,DbGate Helper,51463440,0.323511500
1,dbgate,4.068,settle,67755,11571017442495,com.apple.SafariPlatformSupport,9814640,0.108285375
1,dbgate,4.068,settle,67734,11570992903895,DbGate Helper,7979848,0.069395875
1,dbgate,4.324,settle,67733,11570992754109,DbGate Helper (GPU),205833152,0.345433167
1,dbgate,4.324,settle,67731,11570982770848,DbGate,110708488,0.903725583
1,dbgate,4.324,settle,67740,11571001853903,DbGate Helper (Renderer),108365336,0.687430958
1,dbgate,4.324,settle,67745,11571012505857,DbGate Helper,51823888,0.339608500
1,dbgate,4.324,settle,67744,11571012434811,DbGate Helper,51823864,0.344438292
1,dbgate,4.324,settle,67742,11571010567272,DbGate Helper,51463440,0.323511500
1,dbgate,4.324,settle,67755,11571017442495,com.apple.SafariPlatformSupport,9814640,0.108285375
1,dbgate,4.324,settle,67734,11570992903895,DbGate Helper,7979848,0.069395875
1,dbgate,4.576,settle,67733,11570992754109,DbGate Helper (GPU),205833152,0.355500833
1,dbgate,4.576,settle,67731,11570982770848,DbGate,110724872,0.904340000
1,dbgate,4.576,settle,67740,11571001853903,DbGate Helper (Renderer),108365336,0.697153833
1,dbgate,4.576,settle,67745,11571012505857,DbGate Helper,51823888,0.339608500
1,dbgate,4.576,settle,67744,11571012434811,DbGate Helper,51823864,0.344438292
1,dbgate,4.576,settle,67742,11571010567272,DbGate Helper,51463440,0.323880458
1,dbgate,4.576,settle,67755,11571017442495,com.apple.SafariPlatformSupport,9814640,0.108285375
1,dbgate,4.576,settle,67734,11570992903895,DbGate Helper,7979848,0.069395875
1,dbgate,4.831,settle,67733,11570992754109,DbGate Helper (GPU),205833152,0.362996667
1,dbgate,4.831,settle,67731,11570982770848,DbGate,110724872,0.905034417
1,dbgate,4.831,settle,67740,11571001853903,DbGate Helper (Renderer),108365336,0.704873958
1,dbgate,4.831,settle,67745,11571012505857,DbGate Helper,51823888,0.339898583
1,dbgate,4.831,settle,67744,11571012434811,DbGate Helper,51823864,0.344853000
1,dbgate,4.831,settle,67742,11571010567272,DbGate Helper,51463440,0.323880458
1,dbgate,4.831,settle,67755,11571017442495,com.apple.SafariPlatformSupport,9814640,0.108285375
1,dbgate,4.831,settle,67734,11570992903895,DbGate Helper,7979848,0.069395875
1,dbgate,5.084,settle,67733,11570992754109,DbGate Helper (GPU),205865920,0.374693375
1,dbgate,5.084,settle,67731,11570982770848,DbGate,110724872,0.906890167
1,dbgate,5.084,settle,67740,11571001853903,DbGate Helper (Renderer),108365336,0.714430625
1,dbgate,5.084,settle,67745,11571012505857,DbGate Helper,51823888,0.339898583
1,dbgate,5.084,settle,67744,11571012434811,DbGate Helper,51823864,0.344853000
1,dbgate,5.084,settle,67742,11571010567272,DbGate Helper,51463440,0.323880458
1,dbgate,5.084,settle,67755,11571017442495,com.apple.SafariPlatformSupport,9814640,0.108285375
1,dbgate,5.084,settle,67734,11570992903895,DbGate Helper,7979848,0.069395875
1,dbgate,5.339,settle,67733,11570992754109,DbGate Helper (GPU),205849536,0.382255875
1,dbgate,5.339,settle,67731,11570982770848,DbGate,110724872,0.906890167
1,dbgate,5.339,settle,67740,11571001853903,DbGate Helper (Renderer),108365336,0.721310000
1,dbgate,5.339,settle,67745,11571012505857,DbGate Helper,51823888,0.339898583
1,dbgate,5.339,settle,67744,11571012434811,DbGate Helper,51823864,0.344853000
1,dbgate,5.339,settle,67742,11571010567272,DbGate Helper,51463440,0.323880458
1,dbgate,5.339,settle,67755,11571017442495,com.apple.SafariPlatformSupport,9814640,0.108285375
1,dbgate,5.339,settle,67734,11570992903895,DbGate Helper,7979848,0.069395875
1,dbgate,5.595,settle,67733,11570992754109,DbGate Helper (GPU),205849536,0.390365042
1,dbgate,5.595,settle,67731,11570982770848,DbGate,110724872,0.908174250
1,dbgate,5.595,settle,67740,11571001853903,DbGate Helper (Renderer),108381720,0.729479083
1,dbgate,5.595,settle,67745,11571012505857,DbGate Helper,51823888,0.340136292
1,dbgate,5.595,settle,67744,11571012434811,DbGate Helper,51823864,0.345011458
1,dbgate,5.595,settle,67742,11571010567272,DbGate Helper,51463440,0.324071083
1,dbgate,5.595,settle,67755,11571017442495,com.apple.SafariPlatformSupport,9814640,0.108285375
1,dbgate,5.595,settle,67734,11570992903895,DbGate Helper,7979848,0.069472667
1,dbgate,5.846,settle,67733,11570992754109,DbGate Helper (GPU),205849536,0.397574792
1,dbgate,5.846,settle,67731,11570982770848,DbGate,110724872,0.908174250
1,dbgate,5.846,settle,67740,11571001853903,DbGate Helper (Renderer),108381720,0.737208083
1,dbgate,5.846,settle,67745,11571012505857,DbGate Helper,51823888,0.340136292
1,dbgate,5.846,settle,67744,11571012434811,DbGate Helper,51823864,0.345011458
1,dbgate,5.846,settle,67742,11571010567272,DbGate Helper,51463440,0.324071083
1,dbgate,5.846,settle,67755,11571017442495,com.apple.SafariPlatformSupport,9814640,0.108395042
1,dbgate,5.846,settle,67734,11570992903895,DbGate Helper,7963464,0.069591792
1,dbgate,6.101,query,67733,11570992754109,DbGate Helper (GPU),195183552,0.410437208
1,dbgate,6.101,query,67731,11570982770848,DbGate,110724872,0.908567208
1,dbgate,6.101,query,67740,11571001853903,DbGate Helper (Renderer),108398104,0.746812292
1,dbgate,6.101,query,67745,11571012505857,DbGate Helper,51823888,0.340136292
1,dbgate,6.101,query,67744,11571012434811,DbGate Helper,51823864,0.345011458
1,dbgate,6.101,query,67742,11571010567272,DbGate Helper,51463440,0.324071083
1,dbgate,6.101,query,67755,11571017442495,com.apple.SafariPlatformSupport,9814640,0.108605083
1,dbgate,6.101,query,67734,11570992903895,DbGate Helper,7963464,0.069591792
1,dbgate,6.355,query,67733,11570992754109,DbGate Helper (GPU),195167168,0.417471292
1,dbgate,6.355,query,67731,11570982770848,DbGate,110675720,0.912091500
1,dbgate,6.355,query,67740,11571001853903,DbGate Helper (Renderer),108398104,0.753984000
1,dbgate,6.355,query,67745,11571012505857,DbGate Helper,51823888,0.340136292
1,dbgate,6.355,query,67744,11571012434811,DbGate Helper,51823864,0.345011458
1,dbgate,6.355,query,67742,11571010567272,DbGate Helper,51414288,0.324172250
1,dbgate,6.355,query,67755,11571017442495,com.apple.SafariPlatformSupport,9814640,0.108605083
1,dbgate,6.355,query,67734,11570992903895,DbGate Helper,7963464,0.069591792
1,dbgate,6.610,query,67733,11570992754109,DbGate Helper (GPU),158122944,0.433873208
1,dbgate,6.610,query,67731,11570982770848,DbGate,110692104,0.913590917
1,dbgate,6.610,query,67740,11571001853903,DbGate Helper (Renderer),108398104,0.764066500
1,dbgate,6.610,query,67745,11571012505857,DbGate Helper,51823888,0.340592583
1,dbgate,6.610,query,67744,11571012434811,DbGate Helper,51823864,0.345300292
1,dbgate,6.610,query,67742,11571010567272,DbGate Helper,51430672,0.325123458
1,dbgate,6.610,query,67755,11571017442495,com.apple.SafariPlatformSupport,9814640,0.109147208
1,dbgate,6.610,query,67734,11570992903895,DbGate Helper,7963464,0.069591792
1,dbgate,6.866,query,67733,11570992754109,DbGate Helper (GPU),121144256,0.446738958
1,dbgate,6.866,query,67731,11570982770848,DbGate,110692104,0.913590917
1,dbgate,6.866,query,67740,11571001853903,DbGate Helper (Renderer),108414488,0.773172250
1,dbgate,6.866,query,67744,11571012434811,DbGate Helper,51758328,0.345452292
1,dbgate,6.866,query,67745,11571012505857,DbGate Helper,51741968,0.340708750
1,dbgate,6.866,query,67742,11571010567272,DbGate Helper,51430672,0.325123458
1,dbgate,6.866,query,67755,11571017442495,com.apple.SafariPlatformSupport,9814640,0.109147208
1,dbgate,6.866,query,67734,11570992903895,DbGate Helper,7963464,0.069591792
1,dbgate,7.121,query,67733,11570992754109,DbGate Helper (GPU),121144256,0.456549667
1,dbgate,7.121,query,67731,11570982770848,DbGate,110692104,0.914632792
1,dbgate,7.121,query,67740,11571001853903,DbGate Helper (Renderer),108414488,0.780501125
1,dbgate,7.121,query,67744,11571012434811,DbGate Helper,51758328,0.345452292
1,dbgate,7.121,query,67745,11571012505857,DbGate Helper,51741968,0.340708750
1,dbgate,7.121,query,67742,11571010567272,DbGate Helper,51430672,0.325123458
1,dbgate,7.121,query,67755,11571017442495,com.apple.SafariPlatformSupport,9814640,0.109147208
1,dbgate,7.121,query,67734,11570992903895,DbGate Helper,7963464,0.069591792
1,dbgate,7.376,query,67731,11570982770848,DbGate,110692104,0.914632792
1,dbgate,7.376,query,67740,11571001853903,DbGate Helper (Renderer),108414488,0.789459292
1,dbgate,7.376,query,67733,11570992754109,DbGate Helper (GPU),84018112,0.467425292
1,dbgate,7.376,query,67744,11571012434811,DbGate Helper,51758328,0.345452292
1,dbgate,7.376,query,67745,11571012505857,DbGate Helper,51741968,0.340708750
1,dbgate,7.376,query,67742,11571010567272,DbGate Helper,51430672,0.325123458
1,dbgate,7.376,query,67755,11571017442495,com.apple.SafariPlatformSupport,9814640,0.109147208
1,dbgate,7.376,query,67734,11570992903895,DbGate Helper,7963464,0.069591792
1,dbgate,7.631,query,67731,11570982770848,DbGate,110692104,0.916288292
1,dbgate,7.631,query,67740,11571001853903,DbGate Helper (Renderer),108414488,0.796466500
1,dbgate,7.631,query,67733,11570992754109,DbGate Helper (GPU),84018112,0.476649708
1,dbgate,7.631,query,67744,11571012434811,DbGate Helper,51758328,0.345809250
1,dbgate,7.631,query,67745,11571012505857,DbGate Helper,51741968,0.341491417
1,dbgate,7.631,query,67742,11571010567272,DbGate Helper,51430672,0.325670542
1,dbgate,7.631,query,67755,11571017442495,com.apple.SafariPlatformSupport,9814640,0.109147208
1,dbgate,7.631,query,67734,11570992903895,DbGate Helper,7963464,0.069591792
1,dbgate,7.886,query,67731,11570982770848,DbGate,110692104,0.916288292
1,dbgate,7.886,query,67740,11571001853903,DbGate Helper (Renderer),108414488,0.805403625
1,dbgate,7.886,query,67733,11570992754109,DbGate Helper (GPU),84034496,0.484368083
1,dbgate,7.886,query,67744,11571012434811,DbGate Helper,51758328,0.345809250
1,dbgate,7.886,query,67745,11571012505857,DbGate Helper,51741968,0.341491417
1,dbgate,7.886,query,67742,11571010567272,DbGate Helper,51430672,0.325670542
1,dbgate,7.886,query,67755,11571017442495,com.apple.SafariPlatformSupport,9814640,0.109147208
1,dbgate,7.886,query,67734,11570992903895,DbGate Helper,7963464,0.069591792
1,dbgate,8.141,query,67731,11570982770848,DbGate,110692104,0.916288292
1,dbgate,8.141,query,67740,11571001853903,DbGate Helper (Renderer),108414488,0.811936875
1,dbgate,8.141,query,67733,11570992754109,DbGate Helper (GPU),84018112,0.494028958
1,dbgate,8.141,query,67744,11571012434811,DbGate Helper,51758328,0.345809250
1,dbgate,8.141,query,67745,11571012505857,DbGate Helper,51741968,0.341491417
1,dbgate,8.141,query,67742,11571010567272,DbGate Helper,51430672,0.325670542
1,dbgate,8.141,query,67755,11571017442495,com.apple.SafariPlatformSupport,9814640,0.109147208
1,dbgate,8.141,query,67734,11570992903895,DbGate Helper,7963464,0.069591792
1,dbgate,8.397,query,67731,11570982770848,DbGate,110692104,0.916288292
1,dbgate,8.397,query,67740,11571001853903,DbGate Helper (Renderer),108414488,0.820025917
1,dbgate,8.397,query,67733,11570992754109,DbGate Helper (GPU),84034496,0.501845958
1,dbgate,8.397,query,67744,11571012434811,DbGate Helper,51758328,0.345809250
1,dbgate,8.397,query,67745,11571012505857,DbGate Helper,51741968,0.341491417
1,dbgate,8.397,query,67742,11571010567272,DbGate Helper,51430672,0.325670542
1,dbgate,8.397,query,67755,11571017442495,com.apple.SafariPlatformSupport,9814640,0.109147208
1,dbgate,8.397,query,67734,11570992903895,DbGate Helper,7963464,0.069591792
1,dbgate,8.652,query,67731,11570982770848,DbGate,110692104,0.917580542
1,dbgate,8.652,query,67740,11571001853903,DbGate Helper (Renderer),108414488,0.825901958
1,dbgate,8.652,query,67733,11570992754109,DbGate Helper (GPU),84018112,0.509871417
1,dbgate,8.652,query,67744,11571012434811,DbGate Helper,51758328,0.346056917
1,dbgate,8.652,query,67745,11571012505857,DbGate Helper,51741968,0.341754750
1,dbgate,8.652,query,67742,11571010567272,DbGate Helper,51430672,0.326121083
1,dbgate,8.652,query,67755,11571017442495,com.apple.SafariPlatformSupport,9814640,0.109147208
1,dbgate,8.652,query,67734,11570992903895,DbGate Helper,7963464,0.069591792
1,dbgate,8.906,query,67731,11570982770848,DbGate,110708488,0.919103167
1,dbgate,8.906,query,67740,11571001853903,DbGate Helper (Renderer),108430872,0.832333583
1,dbgate,8.906,query,67733,11570992754109,DbGate Helper (GPU),84034496,0.516048792
1,dbgate,8.906,query,67744,11571012434811,DbGate Helper,51758328,0.346056917
1,dbgate,8.906,query,67745,11571012505857,DbGate Helper,51741968,0.341754750
1,dbgate,8.906,query,67742,11571010567272,DbGate Helper,51430672,0.326121083
1,dbgate,8.906,query,67755,11571017442495,com.apple.SafariPlatformSupport,9814640,0.109147208
1,dbgate,8.906,query,67734,11570992903895,DbGate Helper,7963464,0.069591792
1,dbgate,9.157,query,67731,11570982770848,DbGate,110708488,0.919103167
1,dbgate,9.157,query,67740,11571001853903,DbGate Helper (Renderer),108430872,0.839708333
1,dbgate,9.157,query,67733,11570992754109,DbGate Helper (GPU),84018112,0.525935208
1,dbgate,9.157,query,67744,11571012434811,DbGate Helper,51758328,0.346056917
1,dbgate,9.157,query,67745,11571012505857,DbGate Helper,51741968,0.341754750
1,dbgate,9.157,query,67742,11571010567272,DbGate Helper,51430672,0.326121083
1,dbgate,9.157,query,67755,11571017442495,com.apple.SafariPlatformSupport,9765488,0.109368375
1,dbgate,9.157,query,67734,11570992903895,DbGate Helper,7963464,0.069591792
1,dbgate,9.409,query,67731,11570982770848,DbGate,110757640,0.920647375
1,dbgate,9.409,query,67740,11571001853903,DbGate Helper (Renderer),108430872,0.845811875
1,dbgate,9.409,query,67733,11570992754109,DbGate Helper (GPU),84034496,0.532099250
1,dbgate,9.409,query,67744,11571012434811,DbGate Helper,51758328,0.346056917
1,dbgate,9.409,query,67745,11571012505857,DbGate Helper,51741968,0.341754750
1,dbgate,9.409,query,67742,11571010567272,DbGate Helper,51430672,0.326121083
1,dbgate,9.409,query,67755,11571017442495,com.apple.SafariPlatformSupport,9765488,0.109368375
1,dbgate,9.409,query,67734,11570992903895,DbGate Helper,7963464,0.069591792
1,dbgate,9.664,query,67731,11570982770848,DbGate,110757640,0.921796833
1,dbgate,9.664,query,67740,11571001853903,DbGate Helper (Renderer),108430872,0.850920417
1,dbgate,9.664,query,67733,11570992754109,DbGate Helper (GPU),84018112,0.539287625
1,dbgate,9.664,query,67744,11571012434811,DbGate Helper,51774712,0.346446458
1,dbgate,9.664,query,67745,11571012505857,DbGate Helper,51741968,0.342273750
1,dbgate,9.664,query,67742,11571010567272,DbGate Helper,51430672,0.326615375
1,dbgate,9.664,query,67755,11571017442495,com.apple.SafariPlatformSupport,9765488,0.109368375
1,dbgate,9.664,query,67734,11570992903895,DbGate Helper,7963464,0.069591792
1,dbgate,9.917,query,67731,11570982770848,DbGate,110757640,0.921796833
1,dbgate,9.917,query,67740,11571001853903,DbGate Helper (Renderer),108430872,0.857706792
1,dbgate,9.917,query,67733,11570992754109,DbGate Helper (GPU),84034496,0.545961333
1,dbgate,9.917,query,67744,11571012434811,DbGate Helper,51774712,0.346446458
1,dbgate,9.917,query,67745,11571012505857,DbGate Helper,51741968,0.342273750
1,dbgate,9.917,query,67742,11571010567272,DbGate Helper,51430672,0.326615375
1,dbgate,9.917,query,67755,11571017442495,com.apple.SafariPlatformSupport,9765488,0.109368375
1,dbgate,9.917,query,67734,11570992903895,DbGate Helper,7963464,0.069591792
1,dbgate,10.172,query,67731,11570982770848,DbGate,110757640,0.921796833
1,dbgate,10.172,query,67740,11571001853903,DbGate Helper (Renderer),108430872,0.864458417
1,dbgate,10.172,query,67733,11570992754109,DbGate Helper (GPU),84018112,0.554906000
1,dbgate,10.172,query,67744,11571012434811,DbGate Helper,51774712,0.346446458
1,dbgate,10.172,query,67745,11571012505857,DbGate Helper,51741968,0.342273750
1,dbgate,10.172,query,67742,11571010567272,DbGate Helper,51430672,0.326615375
1,dbgate,10.172,query,67755,11571017442495,com.apple.SafariPlatformSupport,9765488,0.109368375
1,dbgate,10.172,query,67734,11570992903895,DbGate Helper,7963464,0.069591792
1,dbgate,10.426,query,67731,11570982770848,DbGate,110757640,0.921796833
1,dbgate,10.426,query,67740,11571001853903,DbGate Helper (Renderer),108447256,0.872570750
1,dbgate,10.426,query,67733,11570992754109,DbGate Helper (GPU),84034496,0.562432500
1,dbgate,10.426,query,67744,11571012434811,DbGate Helper,51774712,0.346446458
1,dbgate,10.426,query,67745,11571012505857,DbGate Helper,51741968,0.342273750
1,dbgate,10.426,query,67742,11571010567272,DbGate Helper,51430672,0.326615375
1,dbgate,10.426,query,67755,11571017442495,com.apple.SafariPlatformSupport,9765488,0.109368375
1,dbgate,10.426,query,67734,11570992903895,DbGate Helper,7963464,0.069591792
1,dbgate,10.681,query,67731,11570982770848,DbGate,110757640,0.925162250
1,dbgate,10.681,query,67740,11571001853903,DbGate Helper (Renderer),108447256,0.878892042
1,dbgate,10.681,query,67733,11570992754109,DbGate Helper (GPU),84018112,0.569633667
1,dbgate,10.681,query,67744,11571012434811,DbGate Helper,51774712,0.346666625
1,dbgate,10.681,query,67745,11571012505857,DbGate Helper,51741968,0.342638042
1,dbgate,10.681,query,67742,11571010567272,DbGate Helper,51430672,0.326965542
1,dbgate,10.681,query,67755,11571017442495,com.apple.SafariPlatformSupport,9765488,0.109368375
1,dbgate,10.681,query,67734,11570992903895,DbGate Helper,7963464,0.069591792
1,dbgate,10.934,query,67731,11570982770848,DbGate,110757640,0.925555708
1,dbgate,10.934,query,67740,11571001853903,DbGate Helper (Renderer),108447256,0.886211792
1,dbgate,10.934,query,67733,11570992754109,DbGate Helper (GPU),84034496,0.576841667
1,dbgate,10.934,query,67744,11571012434811,DbGate Helper,51774712,0.346666625
1,dbgate,10.934,query,67745,11571012505857,DbGate Helper,51741968,0.342638042
1,dbgate,10.934,query,67742,11571010567272,DbGate Helper,51430672,0.326965542
1,dbgate,10.934,query,67755,11571017442495,com.apple.SafariPlatformSupport,9765488,0.109368375
1,dbgate,10.934,query,67734,11570992903895,DbGate Helper,7963464,0.069591792
1,dbgate,11.185,query,67731,11570982770848,DbGate,110757640,0.925555708
1,dbgate,11.185,query,67740,11571001853903,DbGate Helper (Renderer),108447256,0.891806083
1,dbgate,11.185,query,67733,11570992754109,DbGate Helper (GPU),84018112,0.585403708
1,dbgate,11.185,query,67744,11571012434811,DbGate Helper,51774712,0.346666625
1,dbgate,11.185,query,67745,11571012505857,DbGate Helper,51741968,0.342638042
1,dbgate,11.185,query,67742,11571010567272,DbGate Helper,51430672,0.326965542
1,dbgate,11.185,query,67755,11571017442495,com.apple.SafariPlatformSupport,9749104,0.109664000
1,dbgate,11.185,query,67734,11570992903895,DbGate Helper,7963464,0.069591792
1,dbgate,11.438,query,67731,11570982770848,DbGate,110757640,0.925609000
1,dbgate,11.438,query,67740,11571001853903,DbGate Helper (Renderer),108463640,0.900199667
1,dbgate,11.438,query,67733,11570992754109,DbGate Helper (GPU),84034496,0.593157833
1,dbgate,11.438,query,67744,11571012434811,DbGate Helper,51774712,0.346666625
1,dbgate,11.438,query,67745,11571012505857,DbGate Helper,51741968,0.342638042
1,dbgate,11.438,query,67742,11571010567272,DbGate Helper,51430672,0.326965542
1,dbgate,11.438,query,67755,11571017442495,com.apple.SafariPlatformSupport,9749104,0.109664000
1,dbgate,11.438,query,67734,11570992903895,DbGate Helper,7963464,0.069591792
1,dbgate,11.693,query,67731,11570982770848,DbGate,110692104,0.927692792
1,dbgate,11.693,query,67740,11571001853903,DbGate Helper (Renderer),108463640,0.905295625
1,dbgate,11.693,query,67733,11570992754109,DbGate Helper (GPU),84018112,0.600192250
1,dbgate,11.693,query,67744,11571012434811,DbGate Helper,51774712,0.346949250
1,dbgate,11.693,query,67745,11571012505857,DbGate Helper,51741968,0.343137583
1,dbgate,11.693,query,67742,11571010567272,DbGate Helper,51430672,0.327444917
1,dbgate,11.693,query,67755,11571017442495,com.apple.SafariPlatformSupport,9749104,0.109664000
1,dbgate,11.693,query,67734,11570992903895,DbGate Helper,7963464,0.069591792
1,dbgate,11.946,query,67733,11570992754109,DbGate Helper (GPU),146179008,0.617279250
1,dbgate,11.946,query,67731,11570982770848,DbGate,111167240,0.954942042
1,dbgate,11.946,query,67740,11571001853903,DbGate Helper (Renderer),108693016,0.921719083
1,dbgate,11.946,query,67744,11571012434811,DbGate Helper,51774712,0.346949250
1,dbgate,11.946,query,67745,11571012505857,DbGate Helper,51741968,0.343137583
1,dbgate,11.946,query,67742,11571010567272,DbGate Helper,51430672,0.327444917
1,dbgate,11.946,query,67755,11571017442495,com.apple.SafariPlatformSupport,9749104,0.109664000
1,dbgate,11.946,query,67734,11570992903895,DbGate Helper,7963464,0.069591792
1,dbgate,12.201,query,67733,11570992754109,DbGate Helper (GPU),146162624,0.624283750
1,dbgate,12.201,query,67731,11570982770848,DbGate,113002248,0.994222833
1,dbgate,12.201,query,67740,11571001853903,DbGate Helper (Renderer),108693016,0.930162292
1,dbgate,12.201,query,67744,11571012434811,DbGate Helper,51774712,0.346949250
1,dbgate,12.201,query,67745,11571012505857,DbGate Helper,51741968,0.343137583
1,dbgate,12.201,query,67742,11571010567272,DbGate Helper,51430672,0.327444917
1,dbgate,12.201,query,67755,11571017442495,com.apple.SafariPlatformSupport,9749104,0.109664000
1,dbgate,12.201,query,67734,11570992903895,DbGate Helper,7963464,0.069591792
1,dbgate,12.456,query,67733,11570992754109,DbGate Helper (GPU),200590272,0.636068625
1,dbgate,12.456,query,67731,11570982770848,DbGate,113084168,0.999525125
1,dbgate,12.456,query,67740,11571001853903,DbGate Helper (Renderer),109250072,0.946735167
1,dbgate,12.456,query,67744,11571012434811,DbGate Helper,51774712,0.346949250
1,dbgate,12.456,query,67745,11571012505857,DbGate Helper,51741968,0.343137583
1,dbgate,12.456,query,67742,11571010567272,DbGate Helper,51430672,0.327444917
1,dbgate,12.456,query,67755,11571017442495,com.apple.SafariPlatformSupport,9749104,0.109664000
1,dbgate,12.456,query,67734,11570992903895,DbGate Helper,7963464,0.069992583
1,dbgate,12.709,query,67733,11570992754109,DbGate Helper (GPU),201049024,0.649974333
1,dbgate,12.709,query,67731,11570982770848,DbGate,113100552,1.006910708
1,dbgate,12.709,query,67740,11571001853903,DbGate Helper (Renderer),109331992,0.963785750
1,dbgate,12.709,query,67744,11571012434811,DbGate Helper,51774712,0.347130375
1,dbgate,12.709,query,67745,11571012505857,DbGate Helper,51741968,0.343443000
1,dbgate,12.709,query,67742,11571010567272,DbGate Helper,51430672,0.327741417
1,dbgate,12.709,query,67755,11571017442495,com.apple.SafariPlatformSupport,9749104,0.109664000
1,dbgate,12.709,query,67734,11570992903895,DbGate Helper,7963464,0.069992583
1,dbgate,12.964,query,67733,11570992754109,DbGate Helper (GPU),201049024,0.662309292
1,dbgate,12.964,query,67731,11570982770848,DbGate,113100552,1.008694292
1,dbgate,12.964,query,67740,11571001853903,DbGate Helper (Renderer),109561368,0.978834500
1,dbgate,12.964,query,67744,11571012434811,DbGate Helper,51774712,0.347130375
1,dbgate,12.964,query,67745,11571012505857,DbGate Helper,51741968,0.343443000
1,dbgate,12.964,query,67742,11571010567272,DbGate Helper,51430672,0.327741417
1,dbgate,12.964,query,67755,11571017442495,com.apple.SafariPlatformSupport,9749104,0.109664000
1,dbgate,12.964,query,67734,11570992903895,DbGate Helper,7963464,0.070101000
1,dbgate,13.214,query,67733,11570992754109,DbGate Helper (GPU),212337600,0.699823500
1,dbgate,13.214,query,67731,11570982770848,DbGate,114689800,1.035750417
1,dbgate,13.214,query,67740,11571001853903,DbGate Helper (Renderer),111003160,1.039275125
1,dbgate,13.214,query,67744,11571012434811,DbGate Helper,51774712,0.347130375
1,dbgate,13.214,query,67745,11571012505857,DbGate Helper,51741968,0.343443000
1,dbgate,13.214,query,67742,11571010567272,DbGate Helper,51430672,0.327741417
1,dbgate,13.214,query,67808,11571294499196,DbGate Helper,38405248,0.167984625
1,dbgate,13.214,query,67755,11571017442495,com.apple.SafariPlatformSupport,9749104,0.109664000
1,dbgate,13.214,query,67734,11570992903895,DbGate Helper,7963464,0.070101000
1,dbgate,13.469,query,67733,11570992754109,DbGate Helper (GPU),254215104,0.726746375
1,dbgate,13.469,query,67740,11571001853903,DbGate Helper (Renderer),122242584,1.108420083
1,dbgate,13.469,query,67731,11570982770848,DbGate,116786952,1.059152458
1,dbgate,13.469,query,67808,11571294499196,DbGate Helper,57869560,0.370977167
1,dbgate,13.469,query,67744,11571012434811,DbGate Helper,51774712,0.347130375
1,dbgate,13.469,query,67745,11571012505857,DbGate Helper,51741968,0.343443000
1,dbgate,13.469,query,67742,11571010567272,DbGate Helper,51430672,0.327741417
1,dbgate,13.469,query,67755,11571017442495,com.apple.SafariPlatformSupport,9749104,0.109664000
1,dbgate,13.469,query,67734,11570992903895,DbGate Helper,7963464,0.070101000
1,dbgate,13.724,query,67733,11570992754109,DbGate Helper (GPU),276251608,0.748938750
1,dbgate,13.724,query,67740,11571001853903,DbGate Helper (Renderer),123553304,1.151610250
1,dbgate,13.724,query,67731,11570982770848,DbGate,116868872,1.060770750
1,dbgate,13.724,query,67808,11571294499196,DbGate Helper,57869560,0.371243250
1,dbgate,13.724,query,67744,11571012434811,DbGate Helper,51774712,0.347217958
1,dbgate,13.724,query,67745,11571012505857,DbGate Helper,51741968,0.343552042
1,dbgate,13.724,query,67742,11571010567272,DbGate Helper,51430672,0.327837125
1,dbgate,13.724,query,67755,11571017442495,com.apple.SafariPlatformSupport,9749104,0.109664000
1,dbgate,13.724,query,67734,11570992903895,DbGate Helper,7963464,0.070101000
1,dbgate,13.977,query,67733,11570992754109,DbGate Helper (GPU),276235224,0.756363625
1,dbgate,13.977,query,67740,11571001853903,DbGate Helper (Renderer),123553304,1.158726292
1,dbgate,13.977,query,67731,11570982770848,DbGate,116868872,1.060770750
1,dbgate,13.977,query,67808,11571294499196,DbGate Helper,57869560,0.371243250
1,dbgate,13.977,query,67744,11571012434811,DbGate Helper,51774712,0.347217958
1,dbgate,13.977,query,67745,11571012505857,DbGate Helper,51741968,0.343552042
1,dbgate,13.977,query,67742,11571010567272,DbGate Helper,51430672,0.327837125
1,dbgate,13.977,query,67755,11571017442495,com.apple.SafariPlatformSupport,9749104,0.109664000
1,dbgate,13.977,query,67734,11570992903895,DbGate Helper,7963464,0.070101000
1,dbgate,14.232,query,67733,11570992754109,DbGate Helper (GPU),277136344,0.794068375
1,dbgate,14.232,query,67740,11571001853903,DbGate Helper (Renderer),128828952,1.312338125
1,dbgate,14.232,query,67731,11570982770848,DbGate,116885256,1.076481333
1,dbgate,14.232,query,67808,11571294499196,DbGate Helper,57869560,0.371243250
1,dbgate,14.232,query,67744,11571012434811,DbGate Helper,51774712,0.347217958
1,dbgate,14.232,query,67745,11571012505857,DbGate Helper,51741968,0.343552042
1,dbgate,14.232,query,67742,11571010567272,DbGate Helper,51430672,0.327837125
1,dbgate,14.232,query,67755,11571017442495,com.apple.SafariPlatformSupport,9749104,0.109664000
1,dbgate,14.232,query,67734,11570992903895,DbGate Helper,7652168,0.070254917
1,dbgate,14.483,query,67733,11570992754109,DbGate Helper (GPU),280200152,0.915420167
1,dbgate,14.483,query,67740,11571001853903,DbGate Helper (Renderer),131237424,1.430797625
1,dbgate,14.483,query,67731,11570982770848,DbGate,116901640,1.091293292
1,dbgate,14.483,query,67808,11571294499196,DbGate Helper,57869560,0.371758000
1,dbgate,14.483,query,67744,11571012434811,DbGate Helper,51774712,0.347217958
1,dbgate,14.483,query,67745,11571012505857,DbGate Helper,51741968,0.343552042
1,dbgate,14.483,query,67742,11571010567272,DbGate Helper,51430672,0.327837125
1,dbgate,14.483,query,67755,11571017442495,com.apple.SafariPlatformSupport,9749104,0.109664000
1,dbgate,14.483,query,67734,11570992903895,DbGate Helper,7652168,0.070254917
1,dbgate,14.734,query,67733,11570992754109,DbGate Helper (GPU),280560624,1.023987500
1,dbgate,14.734,query,67740,11571001853903,DbGate Helper (Renderer),135104048,1.610020292
1,dbgate,14.734,query,67731,11570982770848,DbGate,116918024,1.106948042
1,dbgate,14.734,query,67808,11571294499196,DbGate Helper,57869560,0.371758000
1,dbgate,14.734,query,67744,11571012434811,DbGate Helper,51774712,0.347288292
1,dbgate,14.734,query,67745,11571012505857,DbGate Helper,51741968,0.343655917
1,dbgate,14.734,query,67742,11571010567272,DbGate Helper,51430672,0.327936500
1,dbgate,14.734,query,67755,11571017442495,com.apple.SafariPlatformSupport,9749104,0.109664000
1,dbgate,14.734,query,67734,11570992903895,DbGate Helper,7652168,0.070254917
1,dbgate,14.988,query,67733,11570992754109,DbGate Helper (GPU),283706352,1.132427125
1,dbgate,14.988,query,67740,11571001853903,DbGate Helper (Renderer),135202352,1.718677125
1,dbgate,14.988,query,67731,11570982770848,DbGate,116934408,1.121651625
1,dbgate,14.988,query,67808,11571294499196,DbGate Helper,57869560,0.371758000
1,dbgate,14.988,query,67744,11571012434811,DbGate Helper,51774712,0.347288292
1,dbgate,14.988,query,67745,11571012505857,DbGate Helper,51741968,0.343655917
1,dbgate,14.988,query,67742,11571010567272,DbGate Helper,51430672,0.327936500
1,dbgate,14.988,query,67755,11571017442495,com.apple.SafariPlatformSupport,9749104,0.109664000
1,dbgate,14.988,query,67734,11570992903895,DbGate Helper,7652168,0.070254917
1,dbgate,15.241,query,67733,11570992754109,DbGate Helper (GPU),283722736,1.233849333
1,dbgate,15.241,query,67740,11571001853903,DbGate Helper (Renderer),140478000,1.851832125
1,dbgate,15.241,query,67731,11570982770848,DbGate,116999944,1.136410750
1,dbgate,15.241,query,67808,11571294499196,DbGate Helper,57869560,0.371758000
1,dbgate,15.241,query,67744,11571012434811,DbGate Helper,51774712,0.347288292
1,dbgate,15.241,query,67745,11571012505857,DbGate Helper,51741968,0.343655917
1,dbgate,15.241,query,67742,11571010567272,DbGate Helper,51430672,0.327936500
1,dbgate,15.241,query,67755,11571017442495,com.apple.SafariPlatformSupport,9749104,0.109664000
1,dbgate,15.241,query,67734,11570992903895,DbGate Helper,7652168,0.070254917
1,dbgate,15.497,query,67733,11570992754109,DbGate Helper (GPU),283984880,1.341534000
1,dbgate,15.497,query,67740,11571001853903,DbGate Helper (Renderer),147342920,1.972317042
1,dbgate,15.497,query,67731,11570982770848,DbGate,116999944,1.150030208
1,dbgate,15.497,query,67808,11571294499196,DbGate Helper,57869560,0.371890333
1,dbgate,15.497,query,67744,11571012434811,DbGate Helper,51774712,0.347288292
1,dbgate,15.497,query,67745,11571012505857,DbGate Helper,51741968,0.343655917
1,dbgate,15.497,query,67742,11571010567272,DbGate Helper,51430672,0.327936500
1,dbgate,15.497,query,67755,11571017442495,com.apple.SafariPlatformSupport,9749104,0.109664000
1,dbgate,15.497,query,67734,11570992903895,DbGate Helper,7652168,0.070254917
1,dbgate,15.748,query,67733,11570992754109,DbGate Helper (GPU),283984880,1.435250958
1,dbgate,15.748,query,67740,11571001853903,DbGate Helper (Renderer),151422536,2.060945250
1,dbgate,15.748,query,67731,11570982770848,DbGate,117016328,1.166813417
1,dbgate,15.748,query,67808,11571294499196,DbGate Helper,57869560,0.371890333
1,dbgate,15.748,query,67744,11571012434811,DbGate Helper,51774712,0.347372708
1,dbgate,15.748,query,67745,11571012505857,DbGate Helper,51741968,0.343759333
1,dbgate,15.748,query,67742,11571010567272,DbGate Helper,51430672,0.328029417
1,dbgate,15.748,query,67755,11571017442495,com.apple.SafariPlatformSupport,9749104,0.109664000
1,dbgate,15.748,query,67734,11570992903895,DbGate Helper,7652168,0.070254917
1,dbgate,16.003,query,67733,11570992754109,DbGate Helper (GPU),286639112,1.516957625
1,dbgate,16.003,query,67740,11571001853903,DbGate Helper (Renderer),156272200,2.157787292
1,dbgate,16.003,query,67731,11570982770848,DbGate,117016328,1.176720875
1,dbgate,16.003,query,67808,11571294499196,DbGate Helper,57869560,0.371890333
1,dbgate,16.003,query,67744,11571012434811,DbGate Helper,51774712,0.347372708
1,dbgate,16.003,query,67745,11571012505857,DbGate Helper,51741968,0.343759333
1,dbgate,16.003,query,67742,11571010567272,DbGate Helper,51430672,0.328029417
1,dbgate,16.003,query,67755,11571017442495,com.apple.SafariPlatformSupport,9749104,0.109664000
1,dbgate,16.003,query,67734,11570992903895,DbGate Helper,7652168,0.070254917
1,dbgate,16.258,query,67733,11570992754109,DbGate Helper (GPU),286655496,1.607650208
1,dbgate,16.258,query,67740,11571001853903,DbGate Helper (Renderer),161498696,2.233651958
1,dbgate,16.258,query,67731,11570982770848,DbGate,117016328,1.188992083
1,dbgate,16.258,query,67808,11571294499196,DbGate Helper,57869560,0.371890333
1,dbgate,16.258,query,67744,11571012434811,DbGate Helper,51774712,0.347372708
1,dbgate,16.258,query,67745,11571012505857,DbGate Helper,51741968,0.343759333
1,dbgate,16.258,query,67742,11571010567272,DbGate Helper,51430672,0.328029417
1,dbgate,16.258,query,67755,11571017442495,com.apple.SafariPlatformSupport,9749104,0.109664000
1,dbgate,16.258,query,67734,11570992903895,DbGate Helper,7652168,0.070254917
1,dbgate,16.509,query,67733,11570992754109,DbGate Helper (GPU),286655496,1.645043625
1,dbgate,16.509,query,67740,11571001853903,DbGate Helper (Renderer),166413920,2.307912000
1,dbgate,16.509,query,67731,11570982770848,DbGate,117065480,1.204499917
1,dbgate,16.509,query,67808,11571294499196,DbGate Helper,57869560,0.372545042
1,dbgate,16.509,query,67744,11571012434811,DbGate Helper,51774712,0.347372708
1,dbgate,16.509,query,67745,11571012505857,DbGate Helper,51741968,0.343759333
1,dbgate,16.509,query,67742,11571010567272,DbGate Helper,51430672,0.328029417
1,dbgate,16.509,query,67755,11571017442495,com.apple.SafariPlatformSupport,9683568,0.109788500
1,dbgate,16.509,query,67734,11570992903895,DbGate Helper,7652168,0.070254917
1,dbgate,16.764,query,67733,11570992754109,DbGate Helper (GPU),286655496,1.691579042
1,dbgate,16.764,query,67740,11571001853903,DbGate Helper (Renderer),171230816,2.399670458
1,dbgate,16.764,query,67731,11570982770848,DbGate,117163784,1.221798167
1,dbgate,16.764,query,67808,11571294499196,DbGate Helper,57869560,0.372545042
1,dbgate,16.764,query,67744,11571012434811,DbGate Helper,51774712,0.347458875
1,dbgate,16.764,query,67745,11571012505857,DbGate Helper,51741968,0.343864875
1,dbgate,16.764,query,67742,11571010567272,DbGate Helper,51430672,0.328130958
1,dbgate,16.764,query,67755,11571017442495,com.apple.SafariPlatformSupport,9683568,0.109788500
1,dbgate,16.764,query,67734,11570992903895,DbGate Helper,7652168,0.070254917
1,dbgate,17.017,query,67733,11570992754109,DbGate Helper (GPU),281658376,1.731369625
1,dbgate,17.017,query,67740,11571001853903,DbGate Helper (Renderer),174851680,2.469081792
1,dbgate,17.017,query,67731,11570982770848,DbGate,117180168,1.235045833
1,dbgate,17.017,query,67808,11571294499196,DbGate Helper,57869560,0.372545042
1,dbgate,17.017,query,67744,11571012434811,DbGate Helper,51774712,0.347458875
1,dbgate,17.017,query,67745,11571012505857,DbGate Helper,51741968,0.343864875
1,dbgate,17.017,query,67742,11571010567272,DbGate Helper,51430672,0.328130958
1,dbgate,17.017,query,67755,11571017442495,com.apple.SafariPlatformSupport,9683568,0.109788500
1,dbgate,17.017,query,67734,11570992903895,DbGate Helper,7652168,0.070254917
1,dbgate,17.272,query,67733,11570992754109,DbGate Helper (GPU),281625608,1.769988500
1,dbgate,17.272,query,67740,11571001853903,DbGate Helper (Renderer),178620000,2.540544708
1,dbgate,17.272,query,67731,11570982770848,DbGate,117180168,1.248820583
1,dbgate,17.272,query,67808,11571294499196,DbGate Helper,57869560,0.372545042
1,dbgate,17.272,query,67744,11571012434811,DbGate Helper,51774712,0.347458875
1,dbgate,17.272,query,67745,11571012505857,DbGate Helper,51741968,0.343864875
1,dbgate,17.272,query,67742,11571010567272,DbGate Helper,51430672,0.328130958
1,dbgate,17.272,query,67755,11571017442495,com.apple.SafariPlatformSupport,9683568,0.109788500
1,dbgate,17.272,query,67734,11570992903895,DbGate Helper,7652168,0.070254917
1,dbgate,17.525,query,67733,11570992754109,DbGate Helper (GPU),281625608,1.816025542
1,dbgate,17.525,query,67740,11571001853903,DbGate Helper (Renderer),183338592,2.626738708
1,dbgate,17.525,query,67731,11570982770848,DbGate,117212936,1.264573083
1,dbgate,17.525,query,67808,11571294499196,DbGate Helper,57869560,0.372726792
1,dbgate,17.525,query,67744,11571012434811,DbGate Helper,51774712,0.347458875
1,dbgate,17.525,query,67745,11571012505857,DbGate Helper,51741968,0.343864875
1,dbgate,17.525,query,67742,11571010567272,DbGate Helper,51430672,0.328130958
1,dbgate,17.525,query,67755,11571017442495,com.apple.SafariPlatformSupport,9683568,0.109788500
1,dbgate,17.525,query,67734,11570992903895,DbGate Helper,7652168,0.070254917
1,dbgate,17.779,query,67733,11570992754109,DbGate Helper (GPU),281625608,1.847254250
1,dbgate,17.779,query,67740,11571001853903,DbGate Helper (Renderer),185796192,2.678972167
1,dbgate,17.779,query,67731,11570982770848,DbGate,117212936,1.276682375
1,dbgate,17.779,query,67808,11571294499196,DbGate Helper,57869560,0.372726792
1,dbgate,17.779,query,67744,11571012434811,DbGate Helper,51774712,0.347538542
1,dbgate,17.779,query,67745,11571012505857,DbGate Helper,51741968,0.343990042
1,dbgate,17.779,query,67742,11571010567272,DbGate Helper,51430672,0.328291500
1,dbgate,17.779,query,67755,11571017442495,com.apple.SafariPlatformSupport,9683568,0.109788500
1,dbgate,17.779,query,67734,11570992903895,DbGate Helper,7652168,0.070254917
1,dbgate,18.034,query,67733,11570992754109,DbGate Helper (GPU),259474440,1.896781292
1,dbgate,18.034,query,67740,11571001853903,DbGate Helper (Renderer),187287160,2.871615792
1,dbgate,18.034,query,67731,11570982770848,DbGate,117229320,1.293179333
1,dbgate,18.034,query,67808,11571294499196,DbGate Helper,57869560,0.372726792
1,dbgate,18.034,query,67744,11571012434811,DbGate Helper,51774712,0.347538542
1,dbgate,18.034,query,67745,11571012505857,DbGate Helper,51741968,0.343990042
1,dbgate,18.034,query,67742,11571010567272,DbGate Helper,51430672,0.328291500
1,dbgate,18.034,query,67755,11571017442495,com.apple.SafariPlatformSupport,9683568,0.109788500
1,dbgate,18.034,query,67734,11570992903895,DbGate Helper,7652168,0.070254917
1,dbgate,18.288,query,67733,11570992754109,DbGate Helper (GPU),258802696,1.944064667
1,dbgate,18.288,query,67740,11571001853903,DbGate Helper (Renderer),187303544,2.948170792
1,dbgate,18.288,query,67731,11570982770848,DbGate,117229320,1.309610542
1,dbgate,18.288,query,67808,11571294499196,DbGate Helper,57771256,0.372828333
1,dbgate,18.288,query,67744,11571012434811,DbGate Helper,51774712,0.347538542
1,dbgate,18.288,query,67745,11571012505857,DbGate Helper,51741968,0.343990042
1,dbgate,18.288,query,67742,11571010567272,DbGate Helper,51430672,0.328291500
1,dbgate,18.288,query,67755,11571017442495,com.apple.SafariPlatformSupport,9683568,0.109788500
1,dbgate,18.288,query,67734,11570992903895,DbGate Helper,7652168,0.070254917
1,dbgate,18.541,query,67740,11571001853903,DbGate Helper (Renderer),187352696,3.009167875
1,dbgate,18.541,query,67733,11570992754109,DbGate Helper (GPU),179241992,1.982173917
1,dbgate,18.541,query,67731,11570982770848,DbGate,117245704,1.322257375
1,dbgate,18.541,query,67808,11571294499196,DbGate Helper,57771256,0.372975625
1,dbgate,18.541,query,67744,11571012434811,DbGate Helper,51774712,0.347538542
1,dbgate,18.541,query,67745,11571012505857,DbGate Helper,51741968,0.343990042
1,dbgate,18.541,query,67742,11571010567272,DbGate Helper,51430672,0.328472625
1,dbgate,18.541,query,67755,11571017442495,com.apple.SafariPlatformSupport,9683568,0.109788500
1,dbgate,18.541,query,67734,11570992903895,DbGate Helper,7652168,0.070254917
1,dbgate,18.793,query,67740,11571001853903,DbGate Helper (Renderer),189564536,3.101822667
1,dbgate,18.793,query,67733,11570992754109,DbGate Helper (GPU),168363016,2.032847042
1,dbgate,18.793,query,67731,11570982770848,DbGate,117245704,1.340171500
1,dbgate,18.793,query,67808,11571294499196,DbGate Helper,57771256,0.372975625
1,dbgate,18.793,query,67744,11571012434811,DbGate Helper,51774712,0.347679750
1,dbgate,18.793,query,67745,11571012505857,DbGate Helper,51741968,0.344125625
1,dbgate,18.793,query,67742,11571010567272,DbGate Helper,51430672,0.328472625
1,dbgate,18.793,query,67755,11571017442495,com.apple.SafariPlatformSupport,9683568,0.109788500
1,dbgate,18.793,query,67734,11570992903895,DbGate Helper,7652168,0.070254917
1,dbgate,19.044,query,67740,11571001853903,DbGate Helper (Renderer),189646456,3.175113458
1,dbgate,19.044,query,67733,11570992754109,DbGate Helper (GPU),168363016,2.072071833
1,dbgate,19.044,query,67731,11570982770848,DbGate,117262088,1.354548208
1,dbgate,19.044,query,67808,11571294499196,DbGate Helper,57771256,0.372975625
1,dbgate,19.044,query,67744,11571012434811,DbGate Helper,51774712,0.347679750
1,dbgate,19.044,query,67745,11571012505857,DbGate Helper,51741968,0.344125625
1,dbgate,19.044,query,67742,11571010567272,DbGate Helper,51430672,0.328472625
1,dbgate,19.044,query,67755,11571017442495,com.apple.SafariPlatformSupport,9683568,0.109788500
1,dbgate,19.044,query,67734,11570992903895,DbGate Helper,7652168,0.070254917
1,dbgate,19.296,query,67740,11571001853903,DbGate Helper (Renderer),189711992,3.217287250
1,dbgate,19.296,query,67733,11570992754109,DbGate Helper (GPU),168363016,2.100431083
1,dbgate,19.296,query,67731,11570982770848,DbGate,117262088,1.363466250
1,dbgate,19.296,query,67808,11571294499196,DbGate Helper,57771256,0.372975625
1,dbgate,19.296,query,67744,11571012434811,DbGate Helper,51774712,0.347679750
1,dbgate,19.296,query,67745,11571012505857,DbGate Helper,51741968,0.344125625
1,dbgate,19.296,query,67742,11571010567272,DbGate Helper,51430672,0.328472625
1,dbgate,19.296,query,67755,11571017442495,com.apple.SafariPlatformSupport,9683568,0.109788500
1,dbgate,19.296,query,67734,11570992903895,DbGate Helper,7652168,0.070254917
1,dbgate,19.548,after-query,67740,11571001853903,DbGate Helper (Renderer),189711992,3.227869417
1,dbgate,19.548,after-query,67733,11570992754109,DbGate Helper (GPU),168346632,2.107354833
1,dbgate,19.548,after-query,67731,11570982770848,DbGate,117262088,1.365598792
1,dbgate,19.548,after-query,67808,11571294499196,DbGate Helper,57771256,0.373440042
1,dbgate,19.548,after-query,67744,11571012434811,DbGate Helper,51774712,0.347679750
1,dbgate,19.548,after-query,67745,11571012505857,DbGate Helper,51741968,0.344125625
1,dbgate,19.548,after-query,67742,11571010567272,DbGate Helper,51430672,0.328690500
1,dbgate,19.548,after-query,67755,11571017442495,com.apple.SafariPlatformSupport,9683568,0.109788500
1,dbgate,19.548,after-query,67734,11570992903895,DbGate Helper,7652168,0.070254917
1,dbgate,19.803,after-query,67740,11571001853903,DbGate Helper (Renderer),189711992,3.237599083
1,dbgate,19.803,after-query,67733,11570992754109,DbGate Helper (GPU),167347208,2.117847833
1,dbgate,19.803,after-query,67731,11570982770848,DbGate,117262088,1.366149625
1,dbgate,19.803,after-query,67808,11571294499196,DbGate Helper,57771256,0.373440042
1,dbgate,19.803,after-query,67744,11571012434811,DbGate Helper,51774712,0.347819208
1,dbgate,19.803,after-query,67745,11571012505857,DbGate Helper,51741968,0.344331542
1,dbgate,19.803,after-query,67742,11571010567272,DbGate Helper,51430672,0.328690500
1,dbgate,19.803,after-query,67755,11571017442495,com.apple.SafariPlatformSupport,9683568,0.109788500
1,dbgate,19.803,after-query,67734,11570992903895,DbGate Helper,7652168,0.070254917
1,dbgate,20.058,after-query,67740,11571001853903,DbGate Helper (Renderer),189711992,3.246976250
1,dbgate,20.058,after-query,67733,11570992754109,DbGate Helper (GPU),164889608,2.126574750
1,dbgate,20.058,after-query,67731,11570982770848,DbGate,117262088,1.366149625
1,dbgate,20.058,after-query,67808,11571294499196,DbGate Helper,57771256,0.373440042
1,dbgate,20.058,after-query,67744,11571012434811,DbGate Helper,51774712,0.347819208
1,dbgate,20.058,after-query,67745,11571012505857,DbGate Helper,51741968,0.344331542
1,dbgate,20.058,after-query,67742,11571010567272,DbGate Helper,51430672,0.328690500
1,dbgate,20.058,after-query,67755,11571017442495,com.apple.SafariPlatformSupport,9683568,0.109788500
1,dbgate,20.058,after-query,67734,11570992903895,DbGate Helper,7652168,0.070254917
1,dbgate,20.314,after-query,67740,11571001853903,DbGate Helper (Renderer),189711992,3.254607708
1,dbgate,20.314,after-query,67733,11570992754109,DbGate Helper (GPU),160154632,2.134082958
1,dbgate,20.314,after-query,67731,11570982770848,DbGate,117262088,1.366149625
1,dbgate,20.314,after-query,67808,11571294499196,DbGate Helper,57771256,0.373440042
1,dbgate,20.314,after-query,67744,11571012434811,DbGate Helper,51774712,0.347819208
1,dbgate,20.314,after-query,67745,11571012505857,DbGate Helper,51741968,0.344331542
1,dbgate,20.314,after-query,67742,11571010567272,DbGate Helper,51430672,0.328690500
1,dbgate,20.314,after-query,67755,11571017442495,com.apple.SafariPlatformSupport,9683568,0.109788500
1,dbgate,20.314,after-query,67734,11570992903895,DbGate Helper,7652168,0.070254917
1,dbgate,20.569,after-query,67740,11571001853903,DbGate Helper (Renderer),189711992,3.262159417
1,dbgate,20.569,after-query,67733,11570992754109,DbGate Helper (GPU),160154632,2.140746917
1,dbgate,20.569,after-query,67731,11570982770848,DbGate,117262088,1.367265583
1,dbgate,20.569,after-query,67808,11571294499196,DbGate Helper,57771256,0.373825333
1,dbgate,20.569,after-query,67744,11571012434811,DbGate Helper,51774712,0.347819208
1,dbgate,20.569,after-query,67745,11571012505857,DbGate Helper,51741968,0.344331542
1,dbgate,20.569,after-query,67742,11571010567272,DbGate Helper,51430672,0.328958792
1,dbgate,20.569,after-query,67755,11571017442495,com.apple.SafariPlatformSupport,9683568,0.109788500
1,dbgate,20.569,after-query,67734,11570992903895,DbGate Helper,7652168,0.070254917
1,dbgate,20.824,after-query,67740,11571001853903,DbGate Helper (Renderer),189711992,3.270541167
1,dbgate,20.824,after-query,67733,11570992754109,DbGate Helper (GPU),160154632,2.150056917
1,dbgate,20.824,after-query,67731,11570982770848,DbGate,117262088,1.368213208
1,dbgate,20.824,after-query,67808,11571294499196,DbGate Helper,57771256,0.373825333
1,dbgate,20.824,after-query,67744,11571012434811,DbGate Helper,51774712,0.348037333
1,dbgate,20.824,after-query,67745,11571012505857,DbGate Helper,51741968,0.344649875
1,dbgate,20.824,after-query,67742,11571010567272,DbGate Helper,51430672,0.328958792
1,dbgate,20.824,after-query,67755,11571017442495,com.apple.SafariPlatformSupport,9683568,0.109788500
1,dbgate,20.824,after-query,67734,11570992903895,DbGate Helper,7652168,0.070254917
1,dbgate,21.079,after-query,67740,11571001853903,DbGate Helper (Renderer),189269600,3.280061083
1,dbgate,21.079,after-query,67733,11570992754109,DbGate Helper (GPU),127615984,2.164306375
1,dbgate,21.079,after-query,67731,11570982770848,DbGate,117262088,1.368398417
1,dbgate,21.079,after-query,67808,11571294499196,DbGate Helper,57771256,0.373825333
1,dbgate,21.079,after-query,67744,11571012434811,DbGate Helper,51774712,0.348037333
1,dbgate,21.079,after-query,67745,11571012505857,DbGate Helper,51741968,0.344649875
1,dbgate,21.079,after-query,67742,11571010567272,DbGate Helper,51430672,0.328958792
1,dbgate,21.079,after-query,67755,11571017442495,com.apple.SafariPlatformSupport,9683568,0.109788500
1,dbgate,21.079,after-query,67734,11570992903895,DbGate Helper,7652168,0.070254917
1,dbgate,21.335,after-query,67740,11571001853903,DbGate Helper (Renderer),189285984,3.290716167
1,dbgate,21.335,after-query,67733,11570992754109,DbGate Helper (GPU),127599600,2.172348208
1,dbgate,21.335,after-query,67731,11570982770848,DbGate,117278472,1.369490750
1,dbgate,21.335,after-query,67808,11571294499196,DbGate Helper,57771256,0.373825333
1,dbgate,21.335,after-query,67745,11571012505857,DbGate Helper,51807504,0.345072917
1,dbgate,21.335,after-query,67744,11571012434811,DbGate Helper,51774712,0.348037333
1,dbgate,21.335,after-query,67742,11571010567272,DbGate Helper,51430672,0.328958792
1,dbgate,21.335,after-query,67755,11571017442495,com.apple.SafariPlatformSupport,9683568,0.109788500
1,dbgate,21.335,after-query,67734,11570992903895,DbGate Helper,7652168,0.070254917
1,dbgate,21.590,after-query,67740,11571001853903,DbGate Helper (Renderer),189285984,3.299335167
1,dbgate,21.590,after-query,67733,11570992754109,DbGate Helper (GPU),127599600,2.179419417
1,dbgate,21.590,after-query,67731,11570982770848,DbGate,117278472,1.370778042
1,dbgate,21.590,after-query,67808,11571294499196,DbGate Helper,57787640,0.374752792
1,dbgate,21.590,after-query,67745,11571012505857,DbGate Helper,51807504,0.345282208
1,dbgate,21.590,after-query,67744,11571012434811,DbGate Helper,51774712,0.348169708
1,dbgate,21.590,after-query,67742,11571010567272,DbGate Helper,51430672,0.329474958
1,dbgate,21.590,after-query,67755,11571017442495,com.apple.SafariPlatformSupport,9683568,0.109788500
1,dbgate,21.590,after-query,67734,11570992903895,DbGate Helper,7652168,0.070254917
1,dbgate,21.845,after-query,67740,11571001853903,DbGate Helper (Renderer),189285984,3.309396375
1,dbgate,21.845,after-query,67733,11570992754109,DbGate Helper (GPU),125535216,2.193549208
1,dbgate,21.845,after-query,67731,11570982770848,DbGate,117278472,1.371575833
1,dbgate,21.845,after-query,67808,11571294499196,DbGate Helper,57787640,0.374752792
1,dbgate,21.845,after-query,67745,11571012505857,DbGate Helper,51807504,0.345522417
1,dbgate,21.845,after-query,67744,11571012434811,DbGate Helper,51774712,0.348319250
1,dbgate,21.845,after-query,67742,11571010567272,DbGate Helper,51430672,0.329474958
1,dbgate,21.845,after-query,67755,11571017442495,com.apple.SafariPlatformSupport,9683568,0.109788500
1,dbgate,21.845,after-query,67734,11570992903895,DbGate Helper,7652168,0.070254917
1,dbgate,22.100,after-query,67740,11571001853903,DbGate Helper (Renderer),189285984,3.319439292
1,dbgate,22.100,after-query,67733,11570992754109,DbGate Helper (GPU),125518832,2.203809792
1,dbgate,22.100,after-query,67731,11570982770848,DbGate,117229320,1.372081083
1,dbgate,22.100,after-query,67808,11571294499196,DbGate Helper,57787640,0.374752792
1,dbgate,22.100,after-query,67745,11571012505857,DbGate Helper,51807504,0.345522417
1,dbgate,22.100,after-query,67744,11571012434811,DbGate Helper,51774712,0.348319250
1,dbgate,22.100,after-query,67742,11571010567272,DbGate Helper,51430672,0.329474958
1,dbgate,22.100,after-query,67755,11571017442495,com.apple.SafariPlatformSupport,9683568,0.109788500
1,dbgate,22.100,after-query,67734,11570992903895,DbGate Helper,7652168,0.070254917
1,dbgate,22.355,after-query,67740,11571001853903,DbGate Helper (Renderer),189285984,3.327698833
1,dbgate,22.355,after-query,67733,11570992754109,DbGate Helper (GPU),125502448,2.211527583
1,dbgate,22.355,after-query,67731,11570982770848,DbGate,117229320,1.372081083
1,dbgate,22.355,after-query,67808,11571294499196,DbGate Helper,57787640,0.374752792
1,dbgate,22.355,after-query,67745,11571012505857,DbGate Helper,51807504,0.345522417
1,dbgate,22.355,after-query,67744,11571012434811,DbGate Helper,51774712,0.348319250
1,dbgate,22.355,after-query,67742,11571010567272,DbGate Helper,51430672,0.329474958
1,dbgate,22.355,after-query,67755,11571017442495,com.apple.SafariPlatformSupport,9683568,0.109788500
1,dbgate,22.355,after-query,67734,11570992903895,DbGate Helper,7652168,0.070254917
1,dbgate,22.610,after-query,67740,11571001853903,DbGate Helper (Renderer),189285984,3.336030042
1,dbgate,22.610,after-query,67733,11570992754109,DbGate Helper (GPU),125502448,2.218521833
1,dbgate,22.610,after-query,67731,11570982770848,DbGate,117229320,1.373930208
1,dbgate,22.610,after-query,67808,11571294499196,DbGate Helper,57787640,0.375223958
1,dbgate,22.610,after-query,67745,11571012505857,DbGate Helper,51807504,0.345723167
1,dbgate,22.610,after-query,67744,11571012434811,DbGate Helper,51774712,0.348620208
1,dbgate,22.610,after-query,67742,11571010567272,DbGate Helper,51430672,0.329772167
1,dbgate,22.610,after-query,67755,11571017442495,com.apple.SafariPlatformSupport,9683568,0.109788500
1,dbgate,22.610,after-query,67734,11570992903895,DbGate Helper,7652168,0.070254917
1,dbgate,22.865,after-query,67740,11571001853903,DbGate Helper (Renderer),189285984,3.345278167
1,dbgate,22.865,after-query,67733,11570992754109,DbGate Helper (GPU),125502448,2.228585875
1,dbgate,22.865,after-query,67731,11570982770848,DbGate,117229320,1.373930208
1,dbgate,22.865,after-query,67808,11571294499196,DbGate Helper,57787640,0.375223958
1,dbgate,22.865,after-query,67745,11571012505857,DbGate Helper,51807504,0.345723167
1,dbgate,22.865,after-query,67744,11571012434811,DbGate Helper,51774712,0.348620208
1,dbgate,22.865,after-query,67742,11571010567272,DbGate Helper,51430672,0.329772167
1,dbgate,22.865,after-query,67755,11571017442495,com.apple.SafariPlatformSupport,9683568,0.109788500
1,dbgate,22.865,after-query,67734,11570992903895,DbGate Helper,7652168,0.070254917
1,dbgate,23.121,after-query,67740,11571001853903,DbGate Helper (Renderer),189285984,3.354227917
1,dbgate,23.121,after-query,67733,11570992754109,DbGate Helper (GPU),125486064,2.238092208
1,dbgate,23.121,after-query,67731,11570982770848,DbGate,117229320,1.373930208
1,dbgate,23.121,after-query,67808,11571294499196,DbGate Helper,57787640,0.375223958
1,dbgate,23.121,after-query,67745,11571012505857,DbGate Helper,51807504,0.345723167
1,dbgate,23.121,after-query,67744,11571012434811,DbGate Helper,51774712,0.348620208
1,dbgate,23.121,after-query,67742,11571010567272,DbGate Helper,51430672,0.329772167
1,dbgate,23.121,after-query,67755,11571017442495,com.apple.SafariPlatformSupport,9683568,0.109788500
1,dbgate,23.121,after-query,67734,11570992903895,DbGate Helper,7652168,0.070254917
1,dbgate,23.376,after-query,67740,11571001853903,DbGate Helper (Renderer),189285984,3.362292708
1,dbgate,23.376,after-query,67733,11570992754109,DbGate Helper (GPU),125469680,2.245954417
1,dbgate,23.376,after-query,67731,11570982770848,DbGate,117229320,1.374426500
1,dbgate,23.376,after-query,67808,11571294499196,DbGate Helper,57787640,0.376302333
1,dbgate,23.376,after-query,67745,11571012505857,DbGate Helper,51807504,0.345723167
1,dbgate,23.376,after-query,67744,11571012434811,DbGate Helper,51774712,0.348620208
1,dbgate,23.376,after-query,67742,11571010567272,DbGate Helper,51430672,0.329772167
1,dbgate,23.376,after-query,67755,11571017442495,com.apple.SafariPlatformSupport,9683568,0.109788500
1,dbgate,23.376,after-query,67734,11570992903895,DbGate Helper,7652168,0.070254917
1,dbgate,23.627,after-query,67740,11571001853903,DbGate Helper (Renderer),189318752,3.369706583
1,dbgate,23.627,after-query,67733,11570992754109,DbGate Helper (GPU),125469680,2.252144083
1,dbgate,23.627,after-query,67731,11570982770848,DbGate,117245704,1.375958375
1,dbgate,23.627,after-query,67808,11571294499196,DbGate Helper,57787640,0.376302333
1,dbgate,23.627,after-query,67745,11571012505857,DbGate Helper,51807504,0.345987750
1,dbgate,23.627,after-query,67744,11571012434811,DbGate Helper,51774712,0.349073042
1,dbgate,23.627,after-query,67742,11571010567272,DbGate Helper,51430672,0.330086208
1,dbgate,23.627,after-query,67755,11571017442495,com.apple.SafariPlatformSupport,9683568,0.109788500
1,dbgate,23.627,after-query,67734,11570992903895,DbGate Helper,7652168,0.070254917
1,dbgate,23.881,after-query,67740,11571001853903,DbGate Helper (Renderer),189318752,3.377720750
1,dbgate,23.881,after-query,67733,11570992754109,DbGate Helper (GPU),125469680,2.260891125
1,dbgate,23.881,after-query,67731,11570982770848,DbGate,117245704,1.375958375
1,dbgate,23.881,after-query,67808,11571294499196,DbGate Helper,57787640,0.376302333
1,dbgate,23.881,after-query,67745,11571012505857,DbGate Helper,51807504,0.345987750
1,dbgate,23.881,after-query,67744,11571012434811,DbGate Helper,51774712,0.349073042
1,dbgate,23.881,after-query,67742,11571010567272,DbGate Helper,51430672,0.330086208
1,dbgate,23.881,after-query,67755,11571017442495,com.apple.SafariPlatformSupport,9683568,0.109788500
1,dbgate,23.881,after-query,67734,11570992903895,DbGate Helper,7652168,0.070254917
1,dbgate,24.133,after-query,67740,11571001853903,DbGate Helper (Renderer),189318752,3.384173292
1,dbgate,24.133,after-query,67733,11570992754109,DbGate Helper (GPU),125486064,2.268106875
1,dbgate,24.133,after-query,67731,11570982770848,DbGate,117245704,1.375958375
1,dbgate,24.133,after-query,67808,11571294499196,DbGate Helper,57787640,0.376302333
1,dbgate,24.133,after-query,67745,11571012505857,DbGate Helper,51807504,0.345987750
1,dbgate,24.133,after-query,67744,11571012434811,DbGate Helper,51774712,0.349073042
1,dbgate,24.133,after-query,67742,11571010567272,DbGate Helper,51430672,0.330086208
1,dbgate,24.133,after-query,67755,11571017442495,com.apple.SafariPlatformSupport,9683568,0.109788500
1,dbgate,24.133,after-query,67734,11570992903895,DbGate Helper,7652168,0.070254917
2,dbeaver,0.253,launch,67917,11571836687841,dbeaver,23036840,0.127951042
2,dbeaver,0.504,launch,67917,11571836687841,dbeaver,65602544,0.557090042
2,dbeaver,0.759,launch,67917,11571836687841,dbeaver,106873888,1.143918583
2,dbeaver,1.014,launch,67917,11571836687841,dbeaver,137053264,1.706948375
2,dbeaver,1.267,launch,67917,11571836687841,dbeaver,159777872,2.323873500
2,dbeaver,1.522,launch,67917,11571836687841,dbeaver,178881856,2.933193167
2,dbeaver,1.777,launch,67917,11571836687841,dbeaver,207816048,3.693284167
2,dbeaver,2.031,launch,67917,11571836687841,dbeaver,245286328,4.202686833
2,dbeaver,2.282,launch,67917,11571836687841,dbeaver,257197496,4.836812208
2,dbeaver,2.536,launch,67917,11571836687841,dbeaver,267552184,5.597907250
2,dbeaver,2.791,launch,67917,11571836687841,dbeaver,283805112,6.596869000
2,dbeaver,3.043,launch,67917,11571836687841,dbeaver,301696464,7.336751042
2,dbeaver,3.298,launch,67917,11571836687841,dbeaver,310166992,8.081978875
2,dbeaver,3.561,launch,67917,11571836687841,dbeaver,330811264,8.693062917
2,dbeaver,3.812,settle,67917,11571836687841,dbeaver,881657896,9.148351708
2,dbeaver,3.812,settle,67934,11571924435733,com.apple.SafariPlatformSupport,4670016,0.038672000
2,dbeaver,4.065,settle,67917,11571836687841,dbeaver,813778984,9.847424417
2,dbeaver,4.065,settle,67934,11571924435733,com.apple.SafariPlatformSupport,9732696,0.118908083
2,dbeaver,4.320,settle,67917,11571836687841,dbeaver,941262888,10.469269333
2,dbeaver,4.320,settle,67934,11571924435733,com.apple.SafariPlatformSupport,9732696,0.119034583
2,dbeaver,4.574,settle,67917,11571836687841,dbeaver,1002473512,11.017367542
2,dbeaver,4.574,settle,67934,11571924435733,com.apple.SafariPlatformSupport,9749080,0.119034583
2,dbeaver,4.830,settle,67917,11571836687841,dbeaver,1003358248,11.360609542
2,dbeaver,4.830,settle,67934,11571924435733,com.apple.SafariPlatformSupport,9929304,0.119034583
2,dbeaver,5.085,settle,67917,11571836687841,dbeaver,923879464,11.401802167
2,dbeaver,5.085,settle,67934,11571924435733,com.apple.SafariPlatformSupport,9929304,0.119160458
2,dbeaver,5.340,settle,67917,11571836687841,dbeaver,810731560,11.457951542
2,dbeaver,5.340,settle,67934,11571924435733,com.apple.SafariPlatformSupport,9929304,0.119160458
2,dbeaver,5.590,settle,67917,11571836687841,dbeaver,770754600,11.480112083
2,dbeaver,5.590,settle,67934,11571924435733,com.apple.SafariPlatformSupport,9929304,0.119160458
2,dbeaver,5.843,settle,67917,11571836687841,dbeaver,711723048,11.493269292
2,dbeaver,5.843,settle,67934,11571924435733,com.apple.SafariPlatformSupport,9929304,0.119291458
2,dbeaver,6.099,settle,67917,11571836687841,dbeaver,705316904,11.505574000
2,dbeaver,6.099,settle,67934,11571924435733,com.apple.SafariPlatformSupport,9929304,0.119353833
2,dbeaver,6.354,settle,67917,11571836687841,dbeaver,705333288,11.524031583
2,dbeaver,6.354,settle,67934,11571924435733,com.apple.SafariPlatformSupport,9929304,0.119353833
2,dbeaver,6.605,settle,67917,11571836687841,dbeaver,705366056,11.536825667
2,dbeaver,6.605,settle,67934,11571924435733,com.apple.SafariPlatformSupport,9929304,0.119353833
2,dbeaver,6.856,settle,67917,11571836687841,dbeaver,666388520,11.546661500
2,dbeaver,6.856,settle,67934,11571924435733,com.apple.SafariPlatformSupport,9929304,0.119353833
2,dbeaver,7.111,settle,67917,11571836687841,dbeaver,705431592,11.568688958
2,dbeaver,7.111,settle,67934,11571924435733,com.apple.SafariPlatformSupport,9929304,0.119353833
2,dbeaver,7.366,settle,67917,11571836687841,dbeaver,705431592,11.577442375
2,dbeaver,7.366,settle,67934,11571924435733,com.apple.SafariPlatformSupport,9929304,0.119353833
2,dbeaver,7.622,settle,67917,11571836687841,dbeaver,705431592,11.592892958
2,dbeaver,7.622,settle,67934,11571924435733,com.apple.SafariPlatformSupport,9929304,0.119353833
2,dbeaver,7.877,settle,67917,11571836687841,dbeaver,705431592,11.602082083
2,dbeaver,7.877,settle,67934,11571924435733,com.apple.SafariPlatformSupport,9929304,0.119353833
2,dbeaver,8.132,settle,67917,11571836687841,dbeaver,705447976,11.620038792
2,dbeaver,8.132,settle,67934,11571924435733,com.apple.SafariPlatformSupport,9945688,0.119597083
2,dbeaver,8.386,settle,67917,11571836687841,dbeaver,705447976,11.632646958
2,dbeaver,8.386,settle,67934,11571924435733,com.apple.SafariPlatformSupport,9945688,0.119597083
2,dbeaver,8.640,settle,67917,11571836687841,dbeaver,705153064,11.645533750
2,dbeaver,8.640,settle,67934,11571924435733,com.apple.SafariPlatformSupport,9945688,0.119597083
2,dbeaver,8.891,query,67917,11571836687841,dbeaver,705103912,11.650769625
2,dbeaver,8.891,query,67934,11571924435733,com.apple.SafariPlatformSupport,9945688,0.120039208
2,dbeaver,9.143,query,67917,11571836687841,dbeaver,666011688,11.659075875
2,dbeaver,9.143,query,67934,11571924435733,com.apple.SafariPlatformSupport,9945688,0.120039208
2,dbeaver,9.410,query,67917,11571836687841,dbeaver,704989224,11.672462667
2,dbeaver,9.410,query,67934,11571924435733,com.apple.SafariPlatformSupport,9945688,0.120039208
2,dbeaver,9.664,query,67917,11571836687841,dbeaver,705021992,11.683604375
2,dbeaver,9.664,query,67934,11571924435733,com.apple.SafariPlatformSupport,9945688,0.120039208
2,dbeaver,9.918,query,67917,11571836687841,dbeaver,705038376,11.696876833
2,dbeaver,9.918,query,67934,11571924435733,com.apple.SafariPlatformSupport,11698776,0.120039208
2,dbeaver,10.173,query,67917,11571836687841,dbeaver,705038376,11.703481625
2,dbeaver,10.173,query,67934,11571924435733,com.apple.SafariPlatformSupport,11698776,0.120039208
2,dbeaver,10.428,query,67917,11571836687841,dbeaver,705038376,11.719144625
2,dbeaver,10.428,query,67934,11571924435733,com.apple.SafariPlatformSupport,11698776,0.120039208
2,dbeaver,10.682,query,67917,11571836687841,dbeaver,705038376,11.724823250
2,dbeaver,10.682,query,67934,11571924435733,com.apple.SafariPlatformSupport,11698776,0.120039208
2,dbeaver,10.936,query,67917,11571836687841,dbeaver,705038376,11.737755708
2,dbeaver,10.936,query,67934,11571924435733,com.apple.SafariPlatformSupport,12157528,0.120039208
2,dbeaver,11.192,query,67917,11571836687841,dbeaver,705038376,11.744633875
2,dbeaver,11.192,query,67934,11571924435733,com.apple.SafariPlatformSupport,12157528,0.120039208
2,dbeaver,11.447,query,67917,11571836687841,dbeaver,705038376,11.760392792
2,dbeaver,11.447,query,67934,11571924435733,com.apple.SafariPlatformSupport,12141144,0.120629750
2,dbeaver,11.701,query,67917,11571836687841,dbeaver,705087528,11.770598542
2,dbeaver,11.701,query,67934,11571924435733,com.apple.SafariPlatformSupport,12141144,0.120629750
2,dbeaver,11.957,query,67917,11571836687841,dbeaver,705087528,11.787858292
2,dbeaver,11.957,query,67934,11571924435733,com.apple.SafariPlatformSupport,12141144,0.120629750
2,dbeaver,12.207,query,67917,11571836687841,dbeaver,705103912,11.795148708
2,dbeaver,12.207,query,67934,11571924435733,com.apple.SafariPlatformSupport,12141144,0.120629750
2,dbeaver,12.462,query,67917,11571836687841,dbeaver,705103912,11.809430500
2,dbeaver,12.462,query,67934,11571924435733,com.apple.SafariPlatformSupport,12141144,0.120629750
2,dbeaver,12.714,query,67917,11571836687841,dbeaver,705103912,11.820190708
2,dbeaver,12.714,query,67934,11571924435733,com.apple.SafariPlatformSupport,12141144,0.120629750
2,dbeaver,12.964,query,67917,11571836687841,dbeaver,705103912,11.829047042
2,dbeaver,12.964,query,67934,11571924435733,com.apple.SafariPlatformSupport,12141144,0.120629750
2,dbeaver,13.218,query,67917,11571836687841,dbeaver,705103912,11.837055625
2,dbeaver,13.218,query,67934,11571924435733,com.apple.SafariPlatformSupport,12141144,0.120629750
2,dbeaver,13.474,query,67917,11571836687841,dbeaver,705103912,11.843450458
2,dbeaver,13.474,query,67934,11571924435733,com.apple.SafariPlatformSupport,12141144,0.120629750
2,dbeaver,13.729,query,67917,11571836687841,dbeaver,705103912,11.851309417
2,dbeaver,13.729,query,67934,11571924435733,com.apple.SafariPlatformSupport,12141144,0.120629750
2,dbeaver,13.984,query,67917,11571836687841,dbeaver,705136656,11.880902333
2,dbeaver,13.984,query,67934,11571924435733,com.apple.SafariPlatformSupport,12141144,0.120629750
2,dbeaver,14.239,query,67917,11571836687841,dbeaver,705611792,11.940599167
2,dbeaver,14.239,query,67934,11571924435733,com.apple.SafariPlatformSupport,12141144,0.120629750
2,dbeaver,14.494,query,67917,11571836687841,dbeaver,745080848,11.968164375
2,dbeaver,14.494,query,67934,11571924435733,com.apple.SafariPlatformSupport,12141144,0.120629750
2,dbeaver,14.749,query,67917,11571836687841,dbeaver,786532368,12.055080875
2,dbeaver,14.749,query,67934,11571924435733,com.apple.SafariPlatformSupport,12141144,0.120629750
2,dbeaver,15.004,query,67917,11571836687841,dbeaver,787810320,12.243812208
2,dbeaver,15.004,query,67934,11571924435733,com.apple.SafariPlatformSupport,12141144,0.120629750
2,dbeaver,15.259,query,67917,11571836687841,dbeaver,747898896,12.268138208
2,dbeaver,15.259,query,67934,11571924435733,com.apple.SafariPlatformSupport,12141144,0.120629750
2,dbeaver,15.510,query,67917,11571836687841,dbeaver,747898896,12.281955750
2,dbeaver,15.510,query,67934,11571924435733,com.apple.SafariPlatformSupport,12141144,0.120629750
2,dbeaver,15.765,query,67917,11571836687841,dbeaver,748226576,12.320317167
2,dbeaver,15.765,query,67934,11571924435733,com.apple.SafariPlatformSupport,12141144,0.120629750
2,dbeaver,16.019,query,67917,11571836687841,dbeaver,708593680,12.335579792
2,dbeaver,16.019,query,67934,11571924435733,com.apple.SafariPlatformSupport,12141144,0.120629750
2,dbeaver,16.274,query,67917,11571836687841,dbeaver,706021392,12.347112750
2,dbeaver,16.274,query,67934,11571924435733,com.apple.SafariPlatformSupport,12141144,0.120629750
2,dbeaver,16.527,query,67917,11571836687841,dbeaver,706103312,12.404224750
2,dbeaver,16.527,query,67934,11571924435733,com.apple.SafariPlatformSupport,12141144,0.120629750
2,dbeaver,16.780,query,67917,11571836687841,dbeaver,846481448,13.020714875
2,dbeaver,16.780,query,67934,11571924435733,com.apple.SafariPlatformSupport,12141144,0.120629750
2,dbeaver,17.036,query,67917,11571836687841,dbeaver,806733864,13.767524083
2,dbeaver,17.036,query,67934,11571924435733,com.apple.SafariPlatformSupport,12141144,0.120629750
2,dbeaver,17.290,query,67917,11571836687841,dbeaver,915753000,14.170846250
2,dbeaver,17.290,query,67934,11571924435733,com.apple.SafariPlatformSupport,12141144,0.120629750
2,dbeaver,17.543,query,67917,11571836687841,dbeaver,913262632,14.328187583
2,dbeaver,17.543,query,67934,11571924435733,com.apple.SafariPlatformSupport,12141144,0.120629750
2,dbeaver,17.798,query,67917,11571836687841,dbeaver,930547752,14.383670875
2,dbeaver,17.798,query,67934,11571924435733,com.apple.SafariPlatformSupport,12141144,0.120629750
2,dbeaver,18.053,query,67917,11571836687841,dbeaver,930547752,14.390255208
2,dbeaver,18.053,query,67934,11571924435733,com.apple.SafariPlatformSupport,12141144,0.120629750
2,dbeaver,18.304,query,67917,11571836687841,dbeaver,930023488,14.448412417
2,dbeaver,18.304,query,67934,11571924435733,com.apple.SafariPlatformSupport,12141144,0.120629750
2,dbeaver,18.559,query,67917,11571836687841,dbeaver,737462336,14.613971458
2,dbeaver,18.559,query,67934,11571924435733,com.apple.SafariPlatformSupport,12141144,0.120629750
2,dbeaver,18.814,query,67917,11571836687841,dbeaver,737577024,14.719382292
2,dbeaver,18.814,query,67934,11571924435733,com.apple.SafariPlatformSupport,12141144,0.120629750
2,dbeaver,19.068,query,67917,11571836687841,dbeaver,732514368,14.843501958
2,dbeaver,19.068,query,67934,11571924435733,com.apple.SafariPlatformSupport,12141144,0.120629750
2,dbeaver,19.322,query,67917,11571836687841,dbeaver,732579904,14.916312375
2,dbeaver,19.322,query,67934,11571924435733,com.apple.SafariPlatformSupport,12141144,0.120629750
2,dbeaver,19.576,query,67917,11571836687841,dbeaver,732645440,14.999760542
2,dbeaver,19.576,query,67934,11571924435733,com.apple.SafariPlatformSupport,12141144,0.120629750
2,dbeaver,19.830,query,67917,11571836687841,dbeaver,732710976,15.116321375
2,dbeaver,19.830,query,67934,11571924435733,com.apple.SafariPlatformSupport,12141144,0.120629750
2,dbeaver,20.081,query,67917,11571836687841,dbeaver,732907584,15.273349292
2,dbeaver,20.081,query,67934,11571924435733,com.apple.SafariPlatformSupport,12141144,0.120629750
2,dbeaver,20.332,query,67917,11571836687841,dbeaver,719652928,15.370041500
2,dbeaver,20.332,query,67934,11571924435733,com.apple.SafariPlatformSupport,12141144,0.120629750
2,dbeaver,20.584,query,67917,11571836687841,dbeaver,719702080,15.481651208
2,dbeaver,20.584,query,67934,11571924435733,com.apple.SafariPlatformSupport,12141144,0.120629750
2,dbeaver,20.839,query,67917,11571836687841,dbeaver,719767616,15.543506583
2,dbeaver,20.839,query,67934,11571924435733,com.apple.SafariPlatformSupport,12141144,0.120629750
2,dbeaver,21.090,query,67917,11571836687841,dbeaver,842336320,15.769288167
2,dbeaver,21.090,query,67934,11571924435733,com.apple.SafariPlatformSupport,12141144,0.120629750
2,dbeaver,21.346,query,67917,11571836687841,dbeaver,842483776,15.855519125
2,dbeaver,21.346,query,67934,11571924435733,com.apple.SafariPlatformSupport,12141144,0.120629750
2,dbeaver,21.600,query,67917,11571836687841,dbeaver,840403008,15.925370583
2,dbeaver,21.600,query,67934,11571924435733,com.apple.SafariPlatformSupport,12141144,0.120629750
2,dbeaver,21.856,query,67917,11571836687841,dbeaver,836241472,15.974469875
2,dbeaver,21.856,query,67934,11571924435733,com.apple.SafariPlatformSupport,12141144,0.120629750
2,dbeaver,22.107,query,67917,11571836687841,dbeaver,836192320,16.040738792
2,dbeaver,22.107,query,67934,11571924435733,com.apple.SafariPlatformSupport,12141144,0.120629750
2,dbeaver,22.363,query,67917,11571836687841,dbeaver,727451712,16.077038625
2,dbeaver,22.363,query,67934,11571924435733,com.apple.SafariPlatformSupport,12141144,0.120629750
2,dbeaver,22.616,after-query,67917,11571836687841,dbeaver,727451712,16.081503583
2,dbeaver,22.616,after-query,67934,11571924435733,com.apple.SafariPlatformSupport,12141144,0.120629750
2,dbeaver,22.867,after-query,67917,11571836687841,dbeaver,727402560,16.092036333
2,dbeaver,22.867,after-query,67934,11571924435733,com.apple.SafariPlatformSupport,12141144,0.120629750
2,dbeaver,23.122,after-query,67917,11571836687841,dbeaver,722651200,16.252908625
2,dbeaver,23.122,after-query,67934,11571924435733,com.apple.SafariPlatformSupport,12141144,0.120629750
2,dbeaver,23.377,after-query,67917,11571836687841,dbeaver,711526464,16.293931417
2,dbeaver,23.377,after-query,67934,11571924435733,com.apple.SafariPlatformSupport,12141144,0.120629750
2,dbeaver,23.630,after-query,67917,11571836687841,dbeaver,711526464,16.306205750
2,dbeaver,23.630,after-query,67934,11571924435733,com.apple.SafariPlatformSupport,12141144,0.120629750
2,dbeaver,23.881,after-query,67917,11571836687841,dbeaver,711526464,16.317962917
2,dbeaver,23.881,after-query,67934,11571924435733,com.apple.SafariPlatformSupport,12141144,0.120629750
2,dbeaver,24.136,after-query,67917,11571836687841,dbeaver,711428160,16.323273333
2,dbeaver,24.136,after-query,67934,11571924435733,com.apple.SafariPlatformSupport,12141144,0.120629750
2,dbeaver,24.391,after-query,67917,11571836687841,dbeaver,711428160,16.335433833
2,dbeaver,24.391,after-query,67934,11571924435733,com.apple.SafariPlatformSupport,12141144,0.120629750
2,dbeaver,24.642,after-query,67917,11571836687841,dbeaver,711444544,16.348638542
2,dbeaver,24.642,after-query,67934,11571924435733,com.apple.SafariPlatformSupport,12141144,0.120629750
2,dbeaver,24.898,after-query,67917,11571836687841,dbeaver,711444544,16.366197542
2,dbeaver,24.898,after-query,67934,11571924435733,com.apple.SafariPlatformSupport,12141144,0.120629750
2,dbeaver,25.153,after-query,67917,11571836687841,dbeaver,711444544,16.371536292
2,dbeaver,25.153,after-query,67934,11571924435733,com.apple.SafariPlatformSupport,12141144,0.120629750
2,dbeaver,25.408,after-query,67917,11571836687841,dbeaver,692521024,16.380601792
2,dbeaver,25.408,after-query,67934,11571924435733,com.apple.SafariPlatformSupport,12141144,0.120629750
2,dbeaver,25.663,after-query,67917,11571836687841,dbeaver,711444544,16.391233000
2,dbeaver,25.663,after-query,67934,11571924435733,com.apple.SafariPlatformSupport,12141144,0.120629750
2,dbeaver,25.919,after-query,67917,11571836687841,dbeaver,711051328,16.400471125
2,dbeaver,25.919,after-query,67934,11571924435733,com.apple.SafariPlatformSupport,12141144,0.120629750
2,dbeaver,26.173,after-query,67917,11571836687841,dbeaver,711034944,16.410490000
2,dbeaver,26.173,after-query,67934,11571924435733,com.apple.SafariPlatformSupport,12141144,0.120629750
2,dbeaver,26.428,after-query,67917,11571836687841,dbeaver,711034944,16.418079375
2,dbeaver,26.428,after-query,67934,11571924435733,com.apple.SafariPlatformSupport,12141144,0.120629750
2,dbeaver,26.683,after-query,67917,11571836687841,dbeaver,711067712,16.428405292
2,dbeaver,26.683,after-query,67934,11571924435733,com.apple.SafariPlatformSupport,12141144,0.120629750
2,dbeaver,26.933,after-query,67917,11571836687841,dbeaver,711084096,16.433923000
2,dbeaver,26.933,after-query,67934,11571924435733,com.apple.SafariPlatformSupport,12173912,0.120629750
2,pgadmin,0.253,launch,68058,11572618797031,pgAdmin 4,9552808,0.111450083
2,pgadmin,0.508,launch,68058,11572618797031,pgAdmin 4,40257120,0.297777333
2,pgadmin,0.508,launch,68060,11572629731843,pgAdmin 4 Helper,327872,0.015596042
2,pgadmin,0.508,launch,68061,11572629826447,pgAdmin 4 Helper,311488,0.012475958
2,pgadmin,0.763,launch,68058,11572618797031,pgAdmin 4,53708480,0.431057750
2,pgadmin,0.763,launch,68060,11572629731843,pgAdmin 4 Helper,24232920,0.140658667
2,pgadmin,0.763,launch,68063,11572632850587,pgAdmin 4 Helper (Renderer),20038880,0.089156083
2,pgadmin,0.763,launch,68064,11572634027218,Python,16482736,0.071990083
2,pgadmin,0.763,launch,68061,11572629826447,pgAdmin 4 Helper,6816584,0.054406042
2,pgadmin,1.018,launch,68058,11572618797031,pgAdmin 4,54134464,0.438669292
2,pgadmin,1.018,launch,68060,11572629731843,pgAdmin 4 Helper,46416856,0.156250042
2,pgadmin,1.018,launch,68064,11572634027218,Python,31637936,0.304637083
2,pgadmin,1.018,launch,68063,11572632850587,pgAdmin 4 Helper (Renderer),20038880,0.089609708
2,pgadmin,1.018,launch,68061,11572629826447,pgAdmin 4 Helper,6816584,0.054406042
2,pgadmin,1.274,launch,68058,11572618797031,pgAdmin 4,54150848,0.438996667
2,pgadmin,1.274,launch,68060,11572629731843,pgAdmin 4 Helper,46416856,0.156250042
2,pgadmin,1.274,launch,68064,11572634027218,Python,42435016,0.534963958
2,pgadmin,1.274,launch,68063,11572632850587,pgAdmin 4 Helper (Renderer),20055264,0.089676208
2,pgadmin,1.274,launch,68061,11572629826447,pgAdmin 4 Helper,6816584,0.054406042
2,pgadmin,1.529,launch,68058,11572618797031,pgAdmin 4,55609024,0.443306208
2,pgadmin,1.529,launch,68064,11572634027218,Python,49283528,0.765264208
2,pgadmin,1.529,launch,68060,11572629731843,pgAdmin 4 Helper,46416856,0.156250042
2,pgadmin,1.529,launch,68063,11572632850587,pgAdmin 4 Helper (Renderer),20055264,0.089676208
2,pgadmin,1.529,launch,68061,11572629826447,pgAdmin 4 Helper,6816584,0.054406042
2,pgadmin,1.782,launch,68064,11572634027218,Python,59408864,0.983837542
2,pgadmin,1.782,launch,68058,11572618797031,pgAdmin 4,55592640,0.443571875
2,pgadmin,1.782,launch,68060,11572629731843,pgAdmin 4 Helper,46384088,0.156651792
2,pgadmin,1.782,launch,68063,11572632850587,pgAdmin 4 Helper (Renderer),20055264,0.089834417
2,pgadmin,1.782,launch,68061,11572629826447,pgAdmin 4 Helper,6964064,0.055470375
2,pgadmin,2.037,launch,68064,11572634027218,Python,78299640,1.226652417
2,pgadmin,2.037,launch,68058,11572618797031,pgAdmin 4,55592640,0.443571875
2,pgadmin,2.037,launch,68060,11572629731843,pgAdmin 4 Helper,44286936,0.156651792
2,pgadmin,2.037,launch,68063,11572632850587,pgAdmin 4 Helper (Renderer),20055264,0.089834417
2,pgadmin,2.037,launch,68061,11572629826447,pgAdmin 4 Helper,6964064,0.055470375
2,pgadmin,2.292,launch,68064,11572634027218,Python,88556024,1.460133542
2,pgadmin,2.292,launch,68058,11572618797031,pgAdmin 4,55625408,0.445380583
2,pgadmin,2.292,launch,68060,11572629731843,pgAdmin 4 Helper,44286936,0.156651792
2,pgadmin,2.292,launch,68063,11572632850587,pgAdmin 4 Helper (Renderer),20055264,0.089834417
2,pgadmin,2.292,launch,68061,11572629826447,pgAdmin 4 Helper,6964064,0.055470375
2,pgadmin,2.547,launch,68064,11572634027218,Python,100319760,1.703063750
2,pgadmin,2.547,launch,68058,11572618797031,pgAdmin 4,55625408,0.445380583
2,pgadmin,2.547,launch,68060,11572629731843,pgAdmin 4 Helper,44286936,0.156651792
2,pgadmin,2.547,launch,68063,11572632850587,pgAdmin 4 Helper (Renderer),20055264,0.089834417
2,pgadmin,2.547,launch,68061,11572629826447,pgAdmin 4 Helper,6964064,0.055470375
2,pgadmin,2.798,launch,68064,11572634027218,Python,108085800,1.921437875
2,pgadmin,2.798,launch,68058,11572618797031,pgAdmin 4,55625408,0.445401875
2,pgadmin,2.798,launch,68060,11572629731843,pgAdmin 4 Helper,26854360,0.157563333
2,pgadmin,2.798,launch,68073,11572681495899,Python,22462920,0.144989833
2,pgadmin,2.798,launch,68063,11572632850587,pgAdmin 4 Helper (Renderer),19956960,0.089955750
2,pgadmin,2.798,launch,68061,11572629826447,pgAdmin 4 Helper,6964064,0.055470375
2,pgadmin,3.054,launch,68064,11572634027218,Python,120963624,2.146850125
2,pgadmin,3.054,launch,68058,11572618797031,pgAdmin 4,55625408,0.445401875
2,pgadmin,3.054,launch,68060,11572629731843,pgAdmin 4 Helper,26854360,0.157563333
2,pgadmin,3.054,launch,68063,11572632850587,pgAdmin 4 Helper (Renderer),19956960,0.089955750
2,pgadmin,3.054,launch,68061,11572629826447,pgAdmin 4 Helper,6964064,0.055470375
2,pgadmin,3.309,launch,68064,11572634027218,Python,130138688,2.392176333
2,pgadmin,3.309,launch,68058,11572618797031,pgAdmin 4,55658176,0.446836625
2,pgadmin,3.309,launch,68060,11572629731843,pgAdmin 4 Helper,26854360,0.157563333
2,pgadmin,3.309,launch,68063,11572632850587,pgAdmin 4 Helper (Renderer),19956960,0.089955750
2,pgadmin,3.309,launch,68061,11572629826447,pgAdmin 4 Helper,6964064,0.055470375
2,pgadmin,3.564,launch,68064,11572634027218,Python,140640832,2.640591375
2,pgadmin,3.564,launch,68058,11572618797031,pgAdmin 4,55658176,0.446836625
2,pgadmin,3.564,launch,68060,11572629731843,pgAdmin 4 Helper,26854360,0.157563333
2,pgadmin,3.564,launch,68063,11572632850587,pgAdmin 4 Helper (Renderer),19956960,0.089955750
2,pgadmin,3.564,launch,68061,11572629826447,pgAdmin 4 Helper,6964064,0.055470375
2,pgadmin,3.819,launch,68064,11572634027218,Python,151093824,2.883263667
2,pgadmin,3.819,launch,68058,11572618797031,pgAdmin 4,55658176,0.446836625
2,pgadmin,3.819,launch,68060,11572629731843,pgAdmin 4 Helper,26854360,0.157584583
2,pgadmin,3.819,launch,68063,11572632850587,pgAdmin 4 Helper (Renderer),19956960,0.089955750
2,pgadmin,3.819,launch,68061,11572629826447,pgAdmin 4 Helper,6964064,0.055470375
2,pgadmin,4.074,launch,68064,11572634027218,Python,152470080,2.971393958
2,pgadmin,4.074,launch,68058,11572618797031,pgAdmin 4,56018624,0.447593750
2,pgadmin,4.074,launch,68060,11572629731843,pgAdmin 4 Helper,26854360,0.157584583
2,pgadmin,4.074,launch,68063,11572632850587,pgAdmin 4 Helper (Renderer),19956960,0.089955750
2,pgadmin,4.074,launch,68061,11572629826447,pgAdmin 4 Helper,6964064,0.055470375
2,pgadmin,4.331,launch,68064,11572634027218,Python,152879680,2.986773833
2,pgadmin,4.331,launch,68058,11572618797031,pgAdmin 4,58148544,0.487459500
2,pgadmin,4.331,launch,68060,11572629731843,pgAdmin 4 Helper,26870744,0.159186792
2,pgadmin,4.331,launch,68063,11572632850587,pgAdmin 4 Helper (Renderer),19956960,0.090165292
2,pgadmin,4.331,launch,68061,11572629826447,pgAdmin 4 Helper,6964064,0.055470375
2,pgadmin,4.586,settle,68064,11572634027218,Python,154255936,3.097211417
2,pgadmin,4.586,settle,68086,11572724192976,pgAdmin 4 Helper (Renderer),84559288,0.207825375
2,pgadmin,4.586,settle,68058,11572618797031,pgAdmin 4,59033280,0.547910583
2,pgadmin,4.586,settle,68060,11572629731843,pgAdmin 4 Helper,42025944,0.172739292
2,pgadmin,4.586,settle,68061,11572629826447,pgAdmin 4 Helper,8504160,0.168825208
2,pgadmin,4.841,settle,68064,11572634027218,Python,154796608,3.140247583
2,pgadmin,4.841,settle,68060,11572629731843,pgAdmin 4 Helper,115344344,0.184312792
2,pgadmin,4.841,settle,68086,11572724192976,pgAdmin 4 Helper (Renderer),114214400,0.469560667
2,pgadmin,4.841,settle,68058,11572618797031,pgAdmin 4,59164352,0.560725958
2,pgadmin,4.841,settle,68061,11572629826447,pgAdmin 4 Helper,8323936,0.183959792
2,pgadmin,5.095,settle,68064,11572634027218,Python,154796608,3.180070708
2,pgadmin,5.095,settle,68086,11572724192976,pgAdmin 4 Helper (Renderer),142165552,0.762583292
2,pgadmin,5.095,settle,68060,11572629731843,pgAdmin 4 Helper,116360152,0.187327667
2,pgadmin,5.095,settle,68058,11572618797031,pgAdmin 4,60802752,0.588027292
2,pgadmin,5.095,settle,68061,11572629826447,pgAdmin 4 Helper,8340320,0.189045417
2,pgadmin,5.350,settle,68060,11572629731843,pgAdmin 4 Helper,223740888,0.218666458
2,pgadmin,5.350,settle,68086,11572724192976,pgAdmin 4 Helper (Renderer),197854840,1.179804708
2,pgadmin,5.350,settle,68064,11572634027218,Python,157106896,3.245625792
2,pgadmin,5.350,settle,68058,11572618797031,pgAdmin 4,62342896,0.616954292
2,pgadmin,5.350,settle,68061,11572629826447,pgAdmin 4 Helper,8422240,0.204389167
2,pgadmin,5.606,settle,68060,11572629731843,pgAdmin 4 Helper,223855576,0.223890500
2,pgadmin,5.606,settle,68086,11572724192976,pgAdmin 4 Helper (Renderer),217564960,1.428165542
2,pgadmin,5.606,settle,68064,11572634027218,Python,157139664,3.246886167
2,pgadmin,5.606,settle,68058,11572618797031,pgAdmin 4,62424816,0.638355708
2,pgadmin,5.606,settle,68061,11572629826447,pgAdmin 4 Helper,8422240,0.204537500
2,pgadmin,5.861,settle,68086,11572724192976,pgAdmin 4 Helper (Renderer),240437024,1.645463333
2,pgadmin,5.861,settle,68060,11572629731843,pgAdmin 4 Helper,223855576,0.231317542
2,pgadmin,5.861,settle,68064,11572634027218,Python,157450960,3.267894042
2,pgadmin,5.861,settle,68058,11572618797031,pgAdmin 4,62768880,0.648705750
2,pgadmin,5.861,settle,68061,11572629826447,pgAdmin 4 Helper,8438624,0.213532250
2,pgadmin,6.116,settle,68060,11572629731843,pgAdmin 4 Helper,291226608,0.265936208
2,pgadmin,6.116,settle,68086,11572724192976,pgAdmin 4 Helper (Renderer),269764432,1.851008917
2,pgadmin,6.116,settle,68064,11572634027218,Python,158401280,3.324394708
2,pgadmin,6.116,settle,68058,11572618797031,pgAdmin 4,62801648,0.653784833
2,pgadmin,6.116,settle,68061,11572629826447,pgAdmin 4 Helper,8536928,0.221473292
2,pgadmin,6.371,settle,68060,11572629731843,pgAdmin 4 Helper,291226608,0.272740542
2,pgadmin,6.371,settle,68086,11572724192976,pgAdmin 4 Helper (Renderer),270403408,1.876065708
2,pgadmin,6.371,settle,68064,11572634027218,Python,158401280,3.324394708
2,pgadmin,6.371,settle,68058,11572618797031,pgAdmin 4,63063816,0.685559583
2,pgadmin,6.371,settle,68061,11572629826447,pgAdmin 4 Helper,8536928,0.221473292
2,pgadmin,6.626,settle,68060,11572629731843,pgAdmin 4 Helper,291226608,0.275665375
2,pgadmin,6.626,settle,68086,11572724192976,pgAdmin 4 Helper (Renderer),270747472,1.893626958
2,pgadmin,6.626,settle,68064,11572634027218,Python,158417664,3.330420583
2,pgadmin,6.626,settle,68058,11572618797031,pgAdmin 4,63129352,0.692556250
2,pgadmin,6.626,settle,68106,11572771368274,com.apple.SafariPlatformSupport,9732720,0.109089042
2,pgadmin,6.626,settle,68061,11572629826447,pgAdmin 4 Helper,8536928,0.222954500
2,pgadmin,6.881,settle,68060,11572629731843,pgAdmin 4 Helper,291210224,0.283753708
2,pgadmin,6.881,settle,68086,11572724192976,pgAdmin 4 Helper (Renderer),270796624,1.912771417
2,pgadmin,6.881,settle,68064,11572634027218,Python,158417664,3.330420583
2,pgadmin,6.881,settle,68058,11572618797031,pgAdmin 4,63145736,0.693012917
2,pgadmin,6.881,settle,68106,11572771368274,com.apple.SafariPlatformSupport,9749104,0.110684625
2,pgadmin,6.881,settle,68061,11572629826447,pgAdmin 4 Helper,8536928,0.222954500
2,pgadmin,7.132,settle,68060,11572629731843,pgAdmin 4 Helper,288982000,0.289787542
2,pgadmin,7.132,settle,68086,11572724192976,pgAdmin 4 Helper (Renderer),270993232,1.937576208
2,pgadmin,7.132,settle,68064,11572634027218,Python,158417664,3.330544250
2,pgadmin,7.132,settle,68058,11572618797031,pgAdmin 4,63145736,0.693012917
2,pgadmin,7.132,settle,68106,11572771368274,com.apple.SafariPlatformSupport,9749104,0.110684625
2,pgadmin,7.132,settle,68061,11572629826447,pgAdmin 4 Helper,8536928,0.222954500
2,pgadmin,7.387,settle,68060,11572629731843,pgAdmin 4 Helper,276153328,0.302966875
2,pgadmin,7.387,settle,68086,11572724192976,pgAdmin 4 Helper (Renderer),271058768,1.967564875
2,pgadmin,7.387,settle,68064,11572634027218,Python,158417664,3.330544250
2,pgadmin,7.387,settle,68058,11572618797031,pgAdmin 4,63145736,0.693012917
2,pgadmin,7.387,settle,68106,11572771368274,com.apple.SafariPlatformSupport,9749104,0.110684625
2,pgadmin,7.387,settle,68061,11572629826447,pgAdmin 4 Helper,8536928,0.222954500
2,pgadmin,7.642,settle,68086,11572724192976,pgAdmin 4 Helper (Renderer),271091536,1.994190250
2,pgadmin,7.642,settle,68060,11572629731843,pgAdmin 4 Helper,256787440,0.311608625
2,pgadmin,7.642,settle,68064,11572634027218,Python,158417664,3.330644083
2,pgadmin,7.642,settle,68058,11572618797031,pgAdmin 4,63145736,0.693271500
2,pgadmin,7.642,settle,68106,11572771368274,com.apple.SafariPlatformSupport,9749104,0.110800083
2,pgadmin,7.642,settle,68061,11572629826447,pgAdmin 4 Helper,8536928,0.222954500
2,pgadmin,7.897,settle,68086,11572724192976,pgAdmin 4 Helper (Renderer),271173456,2.024921958
2,pgadmin,7.897,settle,68060,11572629731843,pgAdmin 4 Helper,256787440,0.320286792
2,pgadmin,7.897,settle,68064,11572634027218,Python,158417664,3.330644083
2,pgadmin,7.897,settle,68058,11572618797031,pgAdmin 4,63145736,0.693271500
2,pgadmin,7.897,settle,68106,11572771368274,com.apple.SafariPlatformSupport,9749104,0.110800083
2,pgadmin,7.897,settle,68061,11572629826447,pgAdmin 4 Helper,8536928,0.222954500
2,pgadmin,8.153,settle,68086,11572724192976,pgAdmin 4 Helper (Renderer),271451984,2.067318875
2,pgadmin,8.153,settle,68060,11572629731843,pgAdmin 4 Helper,256771056,0.327288375
2,pgadmin,8.153,settle,68064,11572634027218,Python,158434048,3.340981708
2,pgadmin,8.153,settle,68058,11572618797031,pgAdmin 4,63145736,0.694497458
2,pgadmin,8.153,settle,68106,11572771368274,com.apple.SafariPlatformSupport,9749104,0.110800083
2,pgadmin,8.153,settle,68061,11572629826447,pgAdmin 4 Helper,8536928,0.228045833
2,pgadmin,8.408,settle,68086,11572724192976,pgAdmin 4 Helper (Renderer),271566672,2.096616250
2,pgadmin,8.408,settle,68060,11572629731843,pgAdmin 4 Helper,256771056,0.335852208
2,pgadmin,8.408,settle,68064,11572634027218,Python,158434048,3.340981708
2,pgadmin,8.408,settle,68058,11572618797031,pgAdmin 4,63145736,0.694574208
2,pgadmin,8.408,settle,68106,11572771368274,com.apple.SafariPlatformSupport,9749104,0.110800083
2,pgadmin,8.408,settle,68061,11572629826447,pgAdmin 4 Helper,8536928,0.228045833
2,pgadmin,8.660,settle,68086,11572724192976,pgAdmin 4 Helper (Renderer),271648592,2.126881333
2,pgadmin,8.660,settle,68060,11572629731843,pgAdmin 4 Helper,256787440,0.347526375
2,pgadmin,8.660,settle,68064,11572634027218,Python,158434048,3.341100250
2,pgadmin,8.660,settle,68058,11572618797031,pgAdmin 4,63145736,0.696049208
2,pgadmin,8.660,settle,68106,11572771368274,com.apple.SafariPlatformSupport,9749104,0.110999917
2,pgadmin,8.660,settle,68061,11572629826447,pgAdmin 4 Helper,8536928,0.228045833
2,pgadmin,8.915,settle,68086,11572724192976,pgAdmin 4 Helper (Renderer),271746896,2.154805375
2,pgadmin,8.915,settle,68060,11572629731843,pgAdmin 4 Helper,256787440,0.355928792
2,pgadmin,8.915,settle,68064,11572634027218,Python,158434048,3.341100250
2,pgadmin,8.915,settle,68058,11572618797031,pgAdmin 4,63145736,0.696049208
2,pgadmin,8.915,settle,68106,11572771368274,com.apple.SafariPlatformSupport,9749104,0.111076792
2,pgadmin,8.915,settle,68061,11572629826447,pgAdmin 4 Helper,8536928,0.228045833
2,pgadmin,9.170,settle,68086,11572724192976,pgAdmin 4 Helper (Renderer),271845200,2.178360458
2,pgadmin,9.170,settle,68060,11572629731843,pgAdmin 4 Helper,256787440,0.362108458
2,pgadmin,9.170,settle,68064,11572634027218,Python,158434048,3.341192958
2,pgadmin,9.170,settle,68058,11572618797031,pgAdmin 4,63145736,0.696049208
2,pgadmin,9.170,settle,68106,11572771368274,com.apple.SafariPlatformSupport,9749104,0.111076792
2,pgadmin,9.170,settle,68061,11572629826447,pgAdmin 4 Helper,8536928,0.228045833
2,pgadmin,9.425,settle,68086,11572724192976,pgAdmin 4 Helper (Renderer),271910736,2.200883000
2,pgadmin,9.425,settle,68060,11572629731843,pgAdmin 4 Helper,256771056,0.369427958
2,pgadmin,9.425,settle,68064,11572634027218,Python,158434048,3.341192958
2,pgadmin,9.425,settle,68058,11572618797031,pgAdmin 4,63145736,0.696266250
2,pgadmin,9.425,settle,68106,11572771368274,com.apple.SafariPlatformSupport,9749104,0.111291000
2,pgadmin,9.425,settle,68061,11572629826447,pgAdmin 4 Helper,8536928,0.228045833
2,pgadmin,9.680,query,68086,11572724192976,pgAdmin 4 Helper (Renderer),271992656,2.219094875
2,pgadmin,9.680,query,68060,11572629731843,pgAdmin 4 Helper,256771056,0.374287083
2,pgadmin,9.680,query,68064,11572634027218,Python,158434048,3.341232375
2,pgadmin,9.680,query,68058,11572618797031,pgAdmin 4,63145736,0.696358583
2,pgadmin,9.680,query,68106,11572771368274,com.apple.SafariPlatformSupport,9749104,0.111291000
2,pgadmin,9.680,query,68061,11572629826447,pgAdmin 4 Helper,8536928,0.228045833
2,pgadmin,9.931,query,68086,11572724192976,pgAdmin 4 Helper (Renderer),272058192,2.240508500
2,pgadmin,9.931,query,68060,11572629731843,pgAdmin 4 Helper,256787440,0.383617917
2,pgadmin,9.931,query,68064,11572634027218,Python,158434048,3.341232375
2,pgadmin,9.931,query,68058,11572618797031,pgAdmin 4,63145736,0.696358583
2,pgadmin,9.931,query,68106,11572771368274,com.apple.SafariPlatformSupport,9749104,0.111291000
2,pgadmin,9.931,query,68061,11572629826447,pgAdmin 4 Helper,8536928,0.228045833
2,pgadmin,10.186,query,68086,11572724192976,pgAdmin 4 Helper (Renderer),274171728,2.301851083
2,pgadmin,10.186,query,68060,11572629731843,pgAdmin 4 Helper,256803824,0.389809458
2,pgadmin,10.186,query,68064,11572634027218,Python,158434048,3.350780667
2,pgadmin,10.186,query,68058,11572618797031,pgAdmin 4,63096584,0.697533333
2,pgadmin,10.186,query,68106,11572771368274,com.apple.SafariPlatformSupport,9749104,0.111291000
2,pgadmin,10.186,query,68061,11572629826447,pgAdmin 4 Helper,8536928,0.233338250
2,pgadmin,10.441,query,68086,11572724192976,pgAdmin 4 Helper (Renderer),274302800,2.329288667
2,pgadmin,10.441,query,68060,11572629731843,pgAdmin 4 Helper,256787440,0.398683042
2,pgadmin,10.441,query,68064,11572634027218,Python,158434048,3.350780667
2,pgadmin,10.441,query,68058,11572618797031,pgAdmin 4,63096584,0.697533333
2,pgadmin,10.441,query,68106,11572771368274,com.apple.SafariPlatformSupport,9749104,0.111291000
2,pgadmin,10.441,query,68061,11572629826447,pgAdmin 4 Helper,8536928,0.233338250
2,pgadmin,10.695,query,68086,11572724192976,pgAdmin 4 Helper (Renderer),274401104,2.357715792
2,pgadmin,10.695,query,68060,11572629731843,pgAdmin 4 Helper,256787440,0.406869917
2,pgadmin,10.695,query,68064,11572634027218,Python,158384872,3.351844792
2,pgadmin,10.695,query,68058,11572618797031,pgAdmin 4,63096584,0.697865750
2,pgadmin,10.695,query,68106,11572771368274,com.apple.SafariPlatformSupport,9749104,0.111538500
2,pgadmin,10.695,query,68061,11572629826447,pgAdmin 4 Helper,8536928,0.233338250
2,pgadmin,10.950,query,68086,11572724192976,pgAdmin 4 Helper (Renderer),274548560,2.380345167
2,pgadmin,10.950,query,68060,11572629731843,pgAdmin 4 Helper,256771056,0.413488833
2,pgadmin,10.950,query,68064,11572634027218,Python,158384872,3.351844792
2,pgadmin,10.950,query,68058,11572618797031,pgAdmin 4,63096584,0.697865750
2,pgadmin,10.950,query,68106,11572771368274,com.apple.SafariPlatformSupport,9749104,0.111538500
2,pgadmin,10.950,query,68061,11572629826447,pgAdmin 4 Helper,8536928,0.233338250
2,pgadmin,11.205,query,68086,11572724192976,pgAdmin 4 Helper (Renderer),274712400,2.405694792
2,pgadmin,11.205,query,68064,11572634027218,Python,158384872,3.351954000
2,pgadmin,11.205,query,68060,11572629731843,pgAdmin 4 Helper,98812912,0.438862042
2,pgadmin,11.205,query,68058,11572618797031,pgAdmin 4,63014664,0.698452667
2,pgadmin,11.205,query,68106,11572771368274,com.apple.SafariPlatformSupport,9749104,0.111538500
2,pgadmin,11.205,query,68061,11572629826447,pgAdmin 4 Helper,8536928,0.233338250
2,pgadmin,11.460,query,68086,11572724192976,pgAdmin 4 Helper (Renderer),274843472,2.431317417
2,pgadmin,11.460,query,68064,11572634027218,Python,158384872,3.351954000
2,pgadmin,11.460,query,68060,11572629731843,pgAdmin 4 Helper,98796528,0.445556125
2,pgadmin,11.460,query,68058,11572618797031,pgAdmin 4,63014664,0.698604542
2,pgadmin,11.460,query,68106,11572771368274,com.apple.SafariPlatformSupport,9749104,0.111538500
2,pgadmin,11.460,query,68061,11572629826447,pgAdmin 4 Helper,8536928,0.233338250
2,pgadmin,11.715,query,68086,11572724192976,pgAdmin 4 Helper (Renderer),274974544,2.459347625
2,pgadmin,11.715,query,68064,11572634027218,Python,158384872,3.352047667
2,pgadmin,11.715,query,68060,11572629731843,pgAdmin 4 Helper,98796528,0.455307458
2,pgadmin,11.715,query,68058,11572618797031,pgAdmin 4,62932744,0.699918708
2,pgadmin,11.715,query,68106,11572771368274,com.apple.SafariPlatformSupport,9749104,0.112119500
2,pgadmin,11.715,query,68061,11572629826447,pgAdmin 4 Helper,8536928,0.233338250
2,pgadmin,11.971,query,68086,11572724192976,pgAdmin 4 Helper (Renderer),275171152,2.491947500
2,pgadmin,11.971,query,68064,11572634027218,Python,158450432,3.356239208
2,pgadmin,11.971,query,68060,11572629731843,pgAdmin 4 Helper,98780144,0.463223500
2,pgadmin,11.971,query,68058,11572618797031,pgAdmin 4,62932744,0.700598667
2,pgadmin,11.971,query,68106,11572771368274,com.apple.SafariPlatformSupport,9749104,0.112119500
2,pgadmin,11.971,query,68061,11572629826447,pgAdmin 4 Helper,8536928,0.236272833
2,pgadmin,12.224,query,68086,11572724192976,pgAdmin 4 Helper (Renderer),275449680,2.531513625
2,pgadmin,12.224,query,68064,11572634027218,Python,158384872,3.361541750
2,pgadmin,12.224,query,68060,11572629731843,pgAdmin 4 Helper,98812912,0.471989542
2,pgadmin,12.224,query,68058,11572618797031,pgAdmin 4,62932744,0.701165750
2,pgadmin,12.224,query,68106,11572771368274,com.apple.SafariPlatformSupport,9732720,0.112679917
2,pgadmin,12.224,query,68061,11572629826447,pgAdmin 4 Helper,8536928,0.237776375
2,pgadmin,12.480,query,68086,11572724192976,pgAdmin 4 Helper (Renderer),275597136,2.559731042
2,pgadmin,12.480,query,68064,11572634027218,Python,158384872,3.361630000
2,pgadmin,12.480,query,68060,11572629731843,pgAdmin 4 Helper,98796528,0.479551958
2,pgadmin,12.480,query,68058,11572618797031,pgAdmin 4,62932744,0.701165750
2,pgadmin,12.480,query,68106,11572771368274,com.apple.SafariPlatformSupport,9732720,0.112679917
2,pgadmin,12.480,query,68061,11572629826447,pgAdmin 4 Helper,8536928,0.237776375
2,pgadmin,12.733,query,68086,11572724192976,pgAdmin 4 Helper (Renderer),275744592,2.587225542
2,pgadmin,12.733,query,68064,11572634027218,Python,158384872,3.361630000
2,pgadmin,12.733,query,68060,11572629731843,pgAdmin 4 Helper,98780144,0.487846083
2,pgadmin,12.733,query,68058,11572618797031,pgAdmin 4,62932744,0.701249875
2,pgadmin,12.733,query,68106,11572771368274,com.apple.SafariPlatformSupport,9732720,0.112679917
2,pgadmin,12.733,query,68061,11572629826447,pgAdmin 4 Helper,8536928,0.237834375
2,pgadmin,12.988,query,68086,11572724192976,pgAdmin 4 Helper (Renderer),275875664,2.606447417
2,pgadmin,12.988,query,68064,11572634027218,Python,158384872,3.361693042
2,pgadmin,12.988,query,68060,11572629731843,pgAdmin 4 Helper,98747376,0.494062792
2,pgadmin,12.988,query,68058,11572618797031,pgAdmin 4,62932744,0.702562458
2,pgadmin,12.988,query,68106,11572771368274,com.apple.SafariPlatformSupport,9732720,0.112679917
2,pgadmin,12.988,query,68061,11572629826447,pgAdmin 4 Helper,8536928,0.237834375
2,pgadmin,13.241,query,68086,11572724192976,pgAdmin 4 Helper (Renderer),276006736,2.631200583
2,pgadmin,13.241,query,68064,11572634027218,Python,158384872,3.361693042
2,pgadmin,13.241,query,68060,11572629731843,pgAdmin 4 Helper,98763760,0.502295333
2,pgadmin,13.241,query,68058,11572618797031,pgAdmin 4,62932744,0.702562458
2,pgadmin,13.241,query,68106,11572771368274,com.apple.SafariPlatformSupport,9732720,0.112679917
2,pgadmin,13.241,query,68061,11572629826447,pgAdmin 4 Helper,8536928,0.237834375
2,pgadmin,13.494,query,68086,11572724192976,pgAdmin 4 Helper (Renderer),276170576,2.654601333
2,pgadmin,13.494,query,68064,11572634027218,Python,158384872,3.361772708
2,pgadmin,13.494,query,68060,11572629731843,pgAdmin 4 Helper,98763760,0.510489875
2,pgadmin,13.494,query,68058,11572618797031,pgAdmin 4,62932744,0.702562458
2,pgadmin,13.494,query,68106,11572771368274,com.apple.SafariPlatformSupport,9732720,0.112679917
2,pgadmin,13.494,query,68061,11572629826447,pgAdmin 4 Helper,8536928,0.237834375
2,pgadmin,13.749,query,68086,11572724192976,pgAdmin 4 Helper (Renderer),276285264,2.683758375
2,pgadmin,13.749,query,68064,11572634027218,Python,158384872,3.361772708
2,pgadmin,13.749,query,68060,11572629731843,pgAdmin 4 Helper,98763760,0.519690833
2,pgadmin,13.749,query,68058,11572618797031,pgAdmin 4,62932744,0.702562458
2,pgadmin,13.749,query,68106,11572771368274,com.apple.SafariPlatformSupport,9732720,0.112679917
2,pgadmin,13.749,query,68061,11572629826447,pgAdmin 4 Helper,8536928,0.237834375
2,pgadmin,14.004,query,68086,11572724192976,pgAdmin 4 Helper (Renderer),278071120,2.730104167
2,pgadmin,14.004,query,68064,11572634027218,Python,158384872,3.369712417
2,pgadmin,14.004,query,68060,11572629731843,pgAdmin 4 Helper,98780144,0.527379750
2,pgadmin,14.004,query,68058,11572618797031,pgAdmin 4,62932744,0.703624333
2,pgadmin,14.004,query,68106,11572771368274,com.apple.SafariPlatformSupport,9732720,0.112679917
2,pgadmin,14.004,query,68061,11572629826447,pgAdmin 4 Helper,8536928,0.242049208
2,pgadmin,14.258,query,68086,11572724192976,pgAdmin 4 Helper (Renderer),278234960,2.753726958
2,pgadmin,14.258,query,68064,11572634027218,Python,158384872,3.369712417
2,pgadmin,14.258,query,68060,11572629731843,pgAdmin 4 Helper,98747376,0.535428625
2,pgadmin,14.258,query,68058,11572618797031,pgAdmin 4,62932744,0.703624333
2,pgadmin,14.258,query,68106,11572771368274,com.apple.SafariPlatformSupport,9732720,0.112679917
2,pgadmin,14.258,query,68061,11572629826447,pgAdmin 4 Helper,8536928,0.242049208
2,pgadmin,14.513,query,68086,11572724192976,pgAdmin 4 Helper (Renderer),278366032,2.776357958
2,pgadmin,14.513,query,68064,11572634027218,Python,158384872,3.369771167
2,pgadmin,14.513,query,68060,11572629731843,pgAdmin 4 Helper,98747376,0.541326417
2,pgadmin,14.513,query,68058,11572618797031,pgAdmin 4,62932744,0.703768500
2,pgadmin,14.513,query,68106,11572771368274,com.apple.SafariPlatformSupport,9732720,0.112679917
2,pgadmin,14.513,query,68061,11572629826447,pgAdmin 4 Helper,8536928,0.242049208
2,pgadmin,14.766,query,68086,11572724192976,pgAdmin 4 Helper (Renderer),278546256,2.796866583
2,pgadmin,14.766,query,68064,11572634027218,Python,158384872,3.369771167
2,pgadmin,14.766,query,68060,11572629731843,pgAdmin 4 Helper,98763760,0.549702167
2,pgadmin,14.766,query,68058,11572618797031,pgAdmin 4,62932744,0.703999875
2,pgadmin,14.766,query,68106,11572771368274,com.apple.SafariPlatformSupport,9732720,0.112679917
2,pgadmin,14.766,query,68061,11572629826447,pgAdmin 4 Helper,8536928,0.242049208
2,pgadmin,15.019,query,68086,11572724192976,pgAdmin 4 Helper (Renderer),278644560,2.823570125
2,pgadmin,15.019,query,68064,11572634027218,Python,158384872,3.369824708
2,pgadmin,15.019,query,68060,11572629731843,pgAdmin 4 Helper,98763760,0.556285750
2,pgadmin,15.019,query,68058,11572618797031,pgAdmin 4,62932744,0.703999875
2,pgadmin,15.019,query,68106,11572771368274,com.apple.SafariPlatformSupport,9732720,0.112679917
2,pgadmin,15.019,query,68061,11572629826447,pgAdmin 4 Helper,8536928,0.242049208
2,pgadmin,15.273,query,68086,11572724192976,pgAdmin 4 Helper (Renderer),278808400,2.857171542
2,pgadmin,15.273,query,68064,11572634027218,Python,158384872,3.369824708
2,pgadmin,15.273,query,68060,11572629731843,pgAdmin 4 Helper,98763760,0.566624292
2,pgadmin,15.273,query,68058,11572618797031,pgAdmin 4,62932744,0.703999875
2,pgadmin,15.273,query,68106,11572771368274,com.apple.SafariPlatformSupport,9732720,0.112679917
2,pgadmin,15.273,query,68061,11572629826447,pgAdmin 4 Helper,8536928,0.242049208
2,pgadmin,15.524,query,68086,11572724192976,pgAdmin 4 Helper (Renderer),278955856,2.892002917
2,pgadmin,15.524,query,68064,11572634027218,Python,158384872,3.369937083
2,pgadmin,15.524,query,68060,11572629731843,pgAdmin 4 Helper,98747376,0.574375208
2,pgadmin,15.524,query,68058,11572618797031,pgAdmin 4,62932744,0.705862333
2,pgadmin,15.524,query,68106,11572771368274,com.apple.SafariPlatformSupport,9732720,0.112679917
2,pgadmin,15.524,query,68061,11572629826447,pgAdmin 4 Helper,8536928,0.242049208
2,pgadmin,15.779,query,68086,11572724192976,pgAdmin 4 Helper (Renderer),279824208,2.939473167
2,pgadmin,15.779,query,68064,11572634027218,Python,158384872,3.369937083
2,pgadmin,15.779,query,68060,11572629731843,pgAdmin 4 Helper,120112112,0.588620000
2,pgadmin,15.779,query,68058,11572618797031,pgAdmin 4,63014664,0.720953208
2,pgadmin,15.779,query,68106,11572771368274,com.apple.SafariPlatformSupport,9732720,0.112679917
2,pgadmin,15.779,query,68061,11572629826447,pgAdmin 4 Helper,8536928,0.242049208
2,pgadmin,16.034,query,68086,11572724192976,pgAdmin 4 Helper (Renderer),312411984,3.136835125
2,pgadmin,16.034,query,68060,11572629731843,pgAdmin 4 Helper,174605296,0.623680083
2,pgadmin,16.034,query,68064,11572634027218,Python,160252648,3.407694292
2,pgadmin,16.034,query,68058,11572618797031,pgAdmin 4,63620872,0.737082125
2,pgadmin,16.034,query,68106,11572771368274,com.apple.SafariPlatformSupport,9667184,0.113166458
2,pgadmin,16.034,query,68061,11572629826447,pgAdmin 4 Helper,8536928,0.249800750
2,pgadmin,16.290,query,68086,11572724192976,pgAdmin 4 Helper (Renderer),312641360,3.169880208
2,pgadmin,16.290,query,68060,11572629731843,pgAdmin 4 Helper,175260656,0.636373750
2,pgadmin,16.290,query,68064,11572634027218,Python,160236264,3.407694292
2,pgadmin,16.290,query,68058,11572618797031,pgAdmin 4,63637256,0.737710625
2,pgadmin,16.290,query,68106,11572771368274,com.apple.SafariPlatformSupport,11010672,0.113166458
2,pgadmin,16.290,query,68061,11572629826447,pgAdmin 4 Helper,8536928,0.249800750
2,pgadmin,16.542,query,68086,11572724192976,pgAdmin 4 Helper (Renderer),312739664,3.190070583
2,pgadmin,16.542,query,68060,11572629731843,pgAdmin 4 Helper,175260656,0.642634542
2,pgadmin,16.542,query,68064,11572634027218,Python,160236264,3.407784125
2,pgadmin,16.542,query,68058,11572618797031,pgAdmin 4,63637256,0.738491750
2,pgadmin,16.542,query,68106,11572771368274,com.apple.SafariPlatformSupport,11010672,0.113166458
2,pgadmin,16.542,query,68061,11572629826447,pgAdmin 4 Helper,8536928,0.249800750
2,pgadmin,16.797,query,68086,11572724192976,pgAdmin 4 Helper (Renderer),312805200,3.209203083
2,pgadmin,16.797,query,68060,11572629731843,pgAdmin 4 Helper,175260656,0.648895042
2,pgadmin,16.797,query,68064,11572634027218,Python,160236264,3.407784125
2,pgadmin,16.797,query,68058,11572618797031,pgAdmin 4,63637256,0.738491750
2,pgadmin,16.797,query,68106,11572771368274,com.apple.SafariPlatformSupport,11010672,0.113166458
2,pgadmin,16.797,query,68061,11572629826447,pgAdmin 4 Helper,8536928,0.249800750
2,pgadmin,17.048,query,68086,11572724192976,pgAdmin 4 Helper (Renderer),312870736,3.231347542
2,pgadmin,17.048,query,68060,11572629731843,pgAdmin 4 Helper,175260656,0.655965833
2,pgadmin,17.048,query,68064,11572634027218,Python,160236264,3.407877417
2,pgadmin,17.048,query,68058,11572618797031,pgAdmin 4,63670024,0.738902667
2,pgadmin,17.048,query,68106,11572771368274,com.apple.SafariPlatformSupport,11010672,0.113319208
2,pgadmin,17.048,query,68061,11572629826447,pgAdmin 4 Helper,8536928,0.249800750
2,pgadmin,17.303,query,68086,11572724192976,pgAdmin 4 Helper (Renderer),312936272,3.249453792
2,pgadmin,17.303,query,68060,11572629731843,pgAdmin 4 Helper,173163504,0.662201875
2,pgadmin,17.303,query,68064,11572634027218,Python,160236264,3.407877417
2,pgadmin,17.303,query,68058,11572618797031,pgAdmin 4,63670024,0.738902667
2,pgadmin,17.303,query,68106,11572771368274,com.apple.SafariPlatformSupport,11682416,0.113319208
2,pgadmin,17.303,query,68061,11572629826447,pgAdmin 4 Helper,8536928,0.249800750
2,pgadmin,17.554,query,68086,11572724192976,pgAdmin 4 Helper (Renderer),320194384,3.385358250
2,pgadmin,17.554,query,68060,11572629731843,pgAdmin 4 Helper,228393968,0.711064417
2,pgadmin,17.554,query,68064,11572634027218,Python,160236264,3.407912667
2,pgadmin,17.554,query,68058,11572618797031,pgAdmin 4,64276232,0.756514583
2,pgadmin,17.554,query,68106,11572771368274,com.apple.SafariPlatformSupport,11682416,0.113319208
2,pgadmin,17.554,query,68061,11572629826447,pgAdmin 4 Helper,8536928,0.249800750
2,pgadmin,17.810,query,68086,11572724192976,pgAdmin 4 Helper (Renderer),336824168,3.539815417
2,pgadmin,17.810,query,68060,11572629731843,pgAdmin 4 Helper,242795528,0.751760250
2,pgadmin,17.810,query,68064,11572634027218,Python,160236264,3.407912667
2,pgadmin,17.810,query,68058,11572618797031,pgAdmin 4,65013512,0.771741333
2,pgadmin,17.810,query,68106,11572771368274,com.apple.SafariPlatformSupport,12010096,0.113319208
2,pgadmin,17.810,query,68061,11572629826447,pgAdmin 4 Helper,8536928,0.249800750
2,pgadmin,18.062,query,68086,11572724192976,pgAdmin 4 Helper (Renderer),345409408,3.630842417
2,pgadmin,18.062,query,68060,11572629731843,pgAdmin 4 Helper,241976328,0.769304708
2,pgadmin,18.062,query,68064,11572634027218,Python,160236264,3.412433750
2,pgadmin,18.062,query,68058,11572618797031,pgAdmin 4,65029896,0.783007625
2,pgadmin,18.062,query,68106,11572771368274,com.apple.SafariPlatformSupport,12010096,0.113319208
2,pgadmin,18.062,query,68061,11572629826447,pgAdmin 4 Helper,8536928,0.251851917
2,pgadmin,18.317,query,68086,11572724192976,pgAdmin 4 Helper (Renderer),349390720,3.695717875
2,pgadmin,18.317,query,68060,11572629731843,pgAdmin 4 Helper,241845232,0.791151292
2,pgadmin,18.317,query,68064,11572634027218,Python,160236264,3.412433750
2,pgadmin,18.317,query,68058,11572618797031,pgAdmin 4,65029896,0.792493708
2,pgadmin,18.317,query,68106,11572771368274,com.apple.SafariPlatformSupport,12010096,0.113319208
2,pgadmin,18.317,query,68061,11572629826447,pgAdmin 4 Helper,8536928,0.251851917
2,pgadmin,18.570,query,68086,11572724192976,pgAdmin 4 Helper (Renderer),364349312,3.844442708
2,pgadmin,18.570,query,68060,11572629731843,pgAdmin 4 Helper,241878024,0.831802500
2,pgadmin,18.570,query,68064,11572634027218,Python,160236264,3.412472125
2,pgadmin,18.570,query,68058,11572618797031,pgAdmin 4,65062664,0.809217458
2,pgadmin,18.570,query,68106,11572771368274,com.apple.SafariPlatformSupport,12010096,0.113319208
2,pgadmin,18.570,query,68061,11572629826447,pgAdmin 4 Helper,8536928,0.251851917
2,pgadmin,18.824,query,68086,11572724192976,pgAdmin 4 Helper (Renderer),370640768,3.948656042
2,pgadmin,18.824,query,68060,11572629731843,pgAdmin 4 Helper,241894408,0.864215833
2,pgadmin,18.824,query,68064,11572634027218,Python,160236264,3.412472125
2,pgadmin,18.824,query,68058,11572618797031,pgAdmin 4,65062664,0.821921917
2,pgadmin,18.824,query,68106,11572771368274,com.apple.SafariPlatformSupport,12010096,0.113319208
2,pgadmin,18.824,query,68061,11572629826447,pgAdmin 4 Helper,8536928,0.251851917
2,pgadmin,19.078,query,68086,11572724192976,pgAdmin 4 Helper (Renderer),374392704,4.004946708
2,pgadmin,19.078,query,68060,11572629731843,pgAdmin 4 Helper,241845256,0.887350208
2,pgadmin,19.078,query,68064,11572634027218,Python,160236264,3.412509167
2,pgadmin,19.078,query,68058,11572618797031,pgAdmin 4,65079048,0.830760875
2,pgadmin,19.078,query,68106,11572771368274,com.apple.SafariPlatformSupport,12010096,0.113319208
2,pgadmin,19.078,query,68061,11572629826447,pgAdmin 4 Helper,8536928,0.251851917
2,pgadmin,19.332,query,68086,11572724192976,pgAdmin 4 Helper (Renderer),387499904,4.161209875
2,pgadmin,19.332,query,68060,11572629731843,pgAdmin 4 Helper,242435080,0.930147708
2,pgadmin,19.332,query,68064,11572634027218,Python,160236264,3.412509167
2,pgadmin,19.332,query,68058,11572618797031,pgAdmin 4,65079048,0.849178333
2,pgadmin,19.332,query,68106,11572771368274,com.apple.SafariPlatformSupport,12010096,0.113319208
2,pgadmin,19.332,query,68061,11572629826447,pgAdmin 4 Helper,8536928,0.251851917
2,pgadmin,19.587,query,68086,11572724192976,pgAdmin 4 Helper (Renderer),396756864,4.258622708
2,pgadmin,19.587,query,68060,11572629731843,pgAdmin 4 Helper,242418696,0.964028667
2,pgadmin,19.587,query,68064,11572634027218,Python,160236264,3.412548417
2,pgadmin,19.587,query,68058,11572618797031,pgAdmin 4,65160968,0.861950625
2,pgadmin,19.587,query,68106,11572771368274,com.apple.SafariPlatformSupport,12010096,0.113319208
2,pgadmin,19.587,query,68061,11572629826447,pgAdmin 4 Helper,8536928,0.251851917
2,pgadmin,19.840,query,68086,11572724192976,pgAdmin 4 Helper (Renderer),407914392,4.371605417
2,pgadmin,19.840,query,68060,11572629731843,pgAdmin 4 Helper,242435080,0.993110917
2,pgadmin,19.840,query,68064,11572634027218,Python,160236264,3.412548417
2,pgadmin,19.840,query,68058,11572618797031,pgAdmin 4,65160968,0.875385250
2,pgadmin,19.840,query,68106,11572771368274,com.apple.SafariPlatformSupport,12010096,0.113319208
2,pgadmin,19.840,query,68061,11572629826447,pgAdmin 4 Helper,8536928,0.251851917
2,pgadmin,20.095,query,68086,11572724192976,pgAdmin 4 Helper (Renderer),417007512,4.482545417
2,pgadmin,20.095,query,68060,11572629731843,pgAdmin 4 Helper,242451464,1.028576167
2,pgadmin,20.095,query,68064,11572634027218,Python,160236264,3.415979542
2,pgadmin,20.095,query,68058,11572618797031,pgAdmin 4,65177352,0.888240542
2,pgadmin,20.095,query,68106,11572771368274,com.apple.SafariPlatformSupport,12010096,0.113319208
2,pgadmin,20.095,query,68061,11572629826447,pgAdmin 4 Helper,8536928,0.253672792
2,pgadmin,20.350,query,68086,11572724192976,pgAdmin 4 Helper (Renderer),425576368,4.564374583
2,pgadmin,20.350,query,68060,11572629731843,pgAdmin 4 Helper,242451464,1.048889833
2,pgadmin,20.350,query,68064,11572634027218,Python,160236264,3.415979542
2,pgadmin,20.350,query,68058,11572618797031,pgAdmin 4,65210120,0.899436500
2,pgadmin,20.350,query,68106,11572771368274,com.apple.SafariPlatformSupport,12010096,0.113319208
2,pgadmin,20.350,query,68061,11572629826447,pgAdmin 4 Helper,8536928,0.253672792
2,pgadmin,20.605,query,68086,11572724192976,pgAdmin 4 Helper (Renderer),429246384,4.934060125
2,pgadmin,20.605,query,68060,11572629731843,pgAdmin 4 Helper,242451464,1.074979875
2,pgadmin,20.605,query,68064,11572634027218,Python,160236264,3.416019208
2,pgadmin,20.605,query,68058,11572618797031,pgAdmin 4,65210120,0.912457042
2,pgadmin,20.605,query,68106,11572771368274,com.apple.SafariPlatformSupport,12010096,0.113319208
2,pgadmin,20.605,query,68061,11572629826447,pgAdmin 4 Helper,8536928,0.253672792
2,pgadmin,20.856,query,68086,11572724192976,pgAdmin 4 Helper (Renderer),429852592,5.050609083
2,pgadmin,20.856,query,68060,11572629731843,pgAdmin 4 Helper,237044744,1.108647583
2,pgadmin,20.856,query,68064,11572634027218,Python,160236264,3.416019208
2,pgadmin,20.856,query,68058,11572618797031,pgAdmin 4,65242888,0.929048042
2,pgadmin,20.856,query,68106,11572771368274,com.apple.SafariPlatformSupport,12010096,0.113319208
2,pgadmin,20.856,query,68061,11572629826447,pgAdmin 4 Helper,8536928,0.253672792
2,pgadmin,21.109,query,68086,11572724192976,pgAdmin 4 Helper (Renderer),430065584,5.173955750
2,pgadmin,21.109,query,68060,11572629731843,pgAdmin 4 Helper,232834056,1.143538750
2,pgadmin,21.109,query,68064,11572634027218,Python,160236264,3.416060917
2,pgadmin,21.109,query,68058,11572618797031,pgAdmin 4,65177352,0.946086208
2,pgadmin,21.109,query,68106,11572771368274,com.apple.SafariPlatformSupport,12010096,0.113319208
2,pgadmin,21.109,query,68061,11572629826447,pgAdmin 4 Helper,8536928,0.253672792
2,pgadmin,21.362,query,68086,11572724192976,pgAdmin 4 Helper (Renderer),430081968,5.247345625
2,pgadmin,21.362,query,68060,11572629731843,pgAdmin 4 Helper,232621064,1.162085167
2,pgadmin,21.362,query,68064,11572634027218,Python,160236264,3.416060917
2,pgadmin,21.362,query,68058,11572618797031,pgAdmin 4,65193736,0.960602667
2,pgadmin,21.362,query,68106,11572771368274,com.apple.SafariPlatformSupport,12010096,0.113319208
2,pgadmin,21.362,query,68061,11572629826447,pgAdmin 4 Helper,8536928,0.253672792
2,pgadmin,21.617,query,68086,11572724192976,pgAdmin 4 Helper (Renderer),430294960,5.383816500
2,pgadmin,21.617,query,68060,11572629731843,pgAdmin 4 Helper,232621064,1.199369042
2,pgadmin,21.617,query,68064,11572634027218,Python,160236264,3.416096250
2,pgadmin,21.617,query,68058,11572618797031,pgAdmin 4,65210120,0.975582167
2,pgadmin,21.617,query,68106,11572771368274,com.apple.SafariPlatformSupport,12010096,0.113319208
2,pgadmin,21.617,query,68061,11572629826447,pgAdmin 4 Helper,8536928,0.253672792
2,pgadmin,21.872,query,68086,11572724192976,pgAdmin 4 Helper (Renderer),430294960,5.431052625
2,pgadmin,21.872,query,68060,11572629731843,pgAdmin 4 Helper,232604680,1.216051625
2,pgadmin,21.872,query,68064,11572634027218,Python,160236264,3.416096250
2,pgadmin,21.872,query,68058,11572618797031,pgAdmin 4,65210120,0.982411250
2,pgadmin,21.872,query,68106,11572771368274,com.apple.SafariPlatformSupport,12010096,0.113319208
2,pgadmin,21.872,query,68061,11572629826447,pgAdmin 4 Helper,8536928,0.253672792
2,pgadmin,22.127,query,68086,11572724192976,pgAdmin 4 Helper (Renderer),430294960,5.559156542
2,pgadmin,22.127,query,68060,11572629731843,pgAdmin 4 Helper,230278152,1.241640750
2,pgadmin,22.127,query,68064,11572634027218,Python,160252648,3.424226500
2,pgadmin,22.127,query,68058,11572618797031,pgAdmin 4,65226504,1.002571250
2,pgadmin,22.127,query,68106,11572771368274,com.apple.SafariPlatformSupport,12010096,0.113319208
2,pgadmin,22.127,query,68061,11572629826447,pgAdmin 4 Helper,8536928,0.257086500
2,pgadmin,22.379,query,68086,11572724192976,pgAdmin 4 Helper (Renderer),430409648,5.680471667
2,pgadmin,22.379,query,68060,11572629731843,pgAdmin 4 Helper,230278152,1.271050625
2,pgadmin,22.379,query,68064,11572634027218,Python,160252648,3.424226500
2,pgadmin,22.379,query,68058,11572618797031,pgAdmin 4,65226504,1.019212083
2,pgadmin,22.379,query,68106,11572771368274,com.apple.SafariPlatformSupport,11977328,0.113462167
2,pgadmin,22.379,query,68061,11572629826447,pgAdmin 4 Helper,8536928,0.257086500
2,pgadmin,22.634,query,68086,11572724192976,pgAdmin 4 Helper (Renderer),430409648,5.752158708
2,pgadmin,22.634,query,68060,11572629731843,pgAdmin 4 Helper,225264648,1.287840375
2,pgadmin,22.634,query,68064,11572634027218,Python,160252648,3.424279083
2,pgadmin,22.634,query,68058,11572618797031,pgAdmin 4,65226504,1.029579167
2,pgadmin,22.634,query,68106,11572771368274,com.apple.SafariPlatformSupport,11977328,0.113462167
2,pgadmin,22.634,query,68061,11572629826447,pgAdmin 4 Helper,8536928,0.257086500
2,pgadmin,22.886,query,68086,11572724192976,pgAdmin 4 Helper (Renderer),430409648,5.777153625
2,pgadmin,22.886,query,68060,11572629731843,pgAdmin 4 Helper,220398600,1.296324417
2,pgadmin,22.886,query,68064,11572634027218,Python,160252648,3.424279083
2,pgadmin,22.886,query,68058,11572618797031,pgAdmin 4,65226504,1.034281250
2,pgadmin,22.886,query,68106,11572771368274,com.apple.SafariPlatformSupport,11977328,0.113462167
2,pgadmin,22.886,query,68061,11572629826447,pgAdmin 4 Helper,8536928,0.257086500
2,pgadmin,23.140,after-query,68086,11572724192976,pgAdmin 4 Helper (Renderer),430409648,5.797569667
2,pgadmin,23.140,after-query,68060,11572629731843,pgAdmin 4 Helper,220398600,1.303198458
2,pgadmin,23.140,after-query,68064,11572634027218,Python,160252648,3.424381292
2,pgadmin,23.140,after-query,68058,11572618797031,pgAdmin 4,65226504,1.034363792
2,pgadmin,23.140,after-query,68106,11572771368274,com.apple.SafariPlatformSupport,11977328,0.113462167
2,pgadmin,23.140,after-query,68061,11572629826447,pgAdmin 4 Helper,8536928,0.257086500
2,pgadmin,23.397,after-query,68086,11572724192976,pgAdmin 4 Helper (Renderer),430409648,5.819618333
2,pgadmin,23.397,after-query,68060,11572629731843,pgAdmin 4 Helper,220398600,1.309961958
2,pgadmin,23.397,after-query,68064,11572634027218,Python,160252648,3.424381292
2,pgadmin,23.397,after-query,68058,11572618797031,pgAdmin 4,65226504,1.034671208
2,pgadmin,23.397,after-query,68106,11572771368274,com.apple.SafariPlatformSupport,11977328,0.113462167
2,pgadmin,23.397,after-query,68061,11572629826447,pgAdmin 4 Helper,8536928,0.257086500
2,pgadmin,23.653,after-query,68086,11572724192976,pgAdmin 4 Helper (Renderer),430409648,5.841434250
2,pgadmin,23.653,after-query,68060,11572629731843,pgAdmin 4 Helper,215663624,1.318032250
2,pgadmin,23.653,after-query,68064,11572634027218,Python,160252648,3.424465833
2,pgadmin,23.653,after-query,68058,11572618797031,pgAdmin 4,65226504,1.034671208
2,pgadmin,23.653,after-query,68106,11572771368274,com.apple.SafariPlatformSupport,11977328,0.113462167
2,pgadmin,23.653,after-query,68061,11572629826447,pgAdmin 4 Helper,8536928,0.257086500
2,pgadmin,23.908,after-query,68086,11572724192976,pgAdmin 4 Helper (Renderer),430131120,5.861696875
2,pgadmin,23.908,after-query,68060,11572629731843,pgAdmin 4 Helper,189596656,1.329134417
2,pgadmin,23.908,after-query,68064,11572634027218,Python,160252648,3.424465833
2,pgadmin,23.908,after-query,68058,11572618797031,pgAdmin 4,65226504,1.034671208
2,pgadmin,23.908,after-query,68106,11572771368274,com.apple.SafariPlatformSupport,11977328,0.113462167
2,pgadmin,23.908,after-query,68061,11572629826447,pgAdmin 4 Helper,8536928,0.257086500
2,pgadmin,24.163,after-query,68086,11572724192976,pgAdmin 4 Helper (Renderer),430131120,5.893639583
2,pgadmin,24.163,after-query,68060,11572629731843,pgAdmin 4 Helper,189596656,1.334372208
2,pgadmin,24.163,after-query,68064,11572634027218,Python,160252648,3.435487792
2,pgadmin,24.163,after-query,68058,11572618797031,pgAdmin 4,65226504,1.035967875
2,pgadmin,24.163,after-query,68106,11572771368274,com.apple.SafariPlatformSupport,11977328,0.113462167
2,pgadmin,24.163,after-query,68061,11572629826447,pgAdmin 4 Helper,8536928,0.262241125
2,pgadmin,24.416,after-query,68086,11572724192976,pgAdmin 4 Helper (Renderer),430131120,5.909431250
2,pgadmin,24.416,after-query,68060,11572629731843,pgAdmin 4 Helper,189596656,1.339949083
2,pgadmin,24.416,after-query,68064,11572634027218,Python,160252648,3.435487792
2,pgadmin,24.416,after-query,68058,11572618797031,pgAdmin 4,65226504,1.035967875
2,pgadmin,24.416,after-query,68106,11572771368274,com.apple.SafariPlatformSupport,11977328,0.113462167
2,pgadmin,24.416,after-query,68061,11572629826447,pgAdmin 4 Helper,8536928,0.262241125
2,pgadmin,24.671,after-query,68086,11572724192976,pgAdmin 4 Helper (Renderer),430131120,5.928747917
2,pgadmin,24.671,after-query,68060,11572629731843,pgAdmin 4 Helper,189596656,1.346420167
2,pgadmin,24.671,after-query,68064,11572634027218,Python,160252648,3.435566667
2,pgadmin,24.671,after-query,68058,11572618797031,pgAdmin 4,65259272,1.036608708
2,pgadmin,24.671,after-query,68106,11572771368274,com.apple.SafariPlatformSupport,11977328,0.113462167
2,pgadmin,24.671,after-query,68061,11572629826447,pgAdmin 4 Helper,8536928,0.262241125
2,pgadmin,24.924,after-query,68086,11572724192976,pgAdmin 4 Helper (Renderer),430131120,5.949277167
2,pgadmin,24.924,after-query,68060,11572629731843,pgAdmin 4 Helper,187991024,1.354028083
2,pgadmin,24.924,after-query,68064,11572634027218,Python,160252648,3.435566667
2,pgadmin,24.924,after-query,68058,11572618797031,pgAdmin 4,65259272,1.036665542
2,pgadmin,24.924,after-query,68106,11572771368274,com.apple.SafariPlatformSupport,11977328,0.113462167
2,pgadmin,24.924,after-query,68061,11572629826447,pgAdmin 4 Helper,8536928,0.262241125
2,pgadmin,25.177,after-query,68086,11572724192976,pgAdmin 4 Helper (Renderer),430131120,5.962842875
2,pgadmin,25.177,after-query,68060,11572629731843,pgAdmin 4 Helper,187991024,1.358894917
2,pgadmin,25.177,after-query,68064,11572634027218,Python,160252648,3.435624667
2,pgadmin,25.177,after-query,68058,11572618797031,pgAdmin 4,65259272,1.036665542
2,pgadmin,25.177,after-query,68106,11572771368274,com.apple.SafariPlatformSupport,11977328,0.113462167
2,pgadmin,25.177,after-query,68061,11572629826447,pgAdmin 4 Helper,8536928,0.262241125
2,pgadmin,25.428,after-query,68086,11572724192976,pgAdmin 4 Helper (Renderer),430131120,5.981509833
2,pgadmin,25.428,after-query,68060,11572629731843,pgAdmin 4 Helper,187991024,1.365210708
2,pgadmin,25.428,after-query,68064,11572634027218,Python,160252648,3.435624667
2,pgadmin,25.428,after-query,68058,11572618797031,pgAdmin 4,65259272,1.036665542
2,pgadmin,25.428,after-query,68106,11572771368274,com.apple.SafariPlatformSupport,11977328,0.113462167
2,pgadmin,25.428,after-query,68061,11572629826447,pgAdmin 4 Helper,8536928,0.262241125
2,pgadmin,25.682,after-query,68086,11572724192976,pgAdmin 4 Helper (Renderer),430131120,6.006851292
2,pgadmin,25.682,after-query,68060,11572629731843,pgAdmin 4 Helper,188007408,1.372760417
2,pgadmin,25.682,after-query,68064,11572634027218,Python,160252648,3.435708500
2,pgadmin,25.682,after-query,68058,11572618797031,pgAdmin 4,65259272,1.039123750
2,pgadmin,25.682,after-query,68106,11572771368274,com.apple.SafariPlatformSupport,11977328,0.113462167
2,pgadmin,25.682,after-query,68061,11572629826447,pgAdmin 4 Helper,8536928,0.262241125
2,pgadmin,25.934,after-query,68086,11572724192976,pgAdmin 4 Helper (Renderer),430131120,6.034278250
2,pgadmin,25.934,after-query,68060,11572629731843,pgAdmin 4 Helper,188007408,1.380974333
2,pgadmin,25.934,after-query,68064,11572634027218,Python,160252648,3.435708500
2,pgadmin,25.934,after-query,68058,11572618797031,pgAdmin 4,65259272,1.039123750
2,pgadmin,25.934,after-query,68106,11572771368274,com.apple.SafariPlatformSupport,11977328,0.113462167
2,pgadmin,25.934,after-query,68061,11572629826447,pgAdmin 4 Helper,8536928,0.262241125
2,pgadmin,26.190,after-query,68086,11572724192976,pgAdmin 4 Helper (Renderer),430131120,6.071695500
2,pgadmin,26.190,after-query,68060,11572629731843,pgAdmin 4 Helper,188007408,1.387218917
2,pgadmin,26.190,after-query,68064,11572634027218,Python,160252648,3.443118583
2,pgadmin,26.190,after-query,68058,11572618797031,pgAdmin 4,65259272,1.040222833
2,pgadmin,26.190,after-query,68106,11572771368274,com.apple.SafariPlatformSupport,11977328,0.113462167
2,pgadmin,26.190,after-query,68061,11572629826447,pgAdmin 4 Helper,8536928,0.267203542
2,pgadmin,26.445,after-query,68086,11572724192976,pgAdmin 4 Helper (Renderer),430131120,6.093477958
2,pgadmin,26.445,after-query,68060,11572629731843,pgAdmin 4 Helper,188007408,1.394908417
2,pgadmin,26.445,after-query,68064,11572634027218,Python,160252648,3.443118583
2,pgadmin,26.445,after-query,68058,11572618797031,pgAdmin 4,65259272,1.040627958
2,pgadmin,26.445,after-query,68106,11572771368274,com.apple.SafariPlatformSupport,11977328,0.113462167
2,pgadmin,26.445,after-query,68061,11572629826447,pgAdmin 4 Helper,8536928,0.267203542
2,pgadmin,26.700,after-query,68086,11572724192976,pgAdmin 4 Helper (Renderer),430131120,6.112660875
2,pgadmin,26.700,after-query,68060,11572629731843,pgAdmin 4 Helper,188007408,1.401283708
2,pgadmin,26.700,after-query,68064,11572634027218,Python,160252648,3.443230000
2,pgadmin,26.700,after-query,68058,11572618797031,pgAdmin 4,65160968,1.041279083
2,pgadmin,26.700,after-query,68106,11572771368274,com.apple.SafariPlatformSupport,11977328,0.113462167
2,pgadmin,26.700,after-query,68061,11572629826447,pgAdmin 4 Helper,8536928,0.267203542
2,pgadmin,26.955,after-query,68086,11572724192976,pgAdmin 4 Helper (Renderer),430131120,6.132833333
2,pgadmin,26.955,after-query,68060,11572629731843,pgAdmin 4 Helper,188007408,1.408183917
2,pgadmin,26.955,after-query,68064,11572634027218,Python,160252648,3.443230000
2,pgadmin,26.955,after-query,68058,11572618797031,pgAdmin 4,65160968,1.041279083
2,pgadmin,26.955,after-query,68106,11572771368274,com.apple.SafariPlatformSupport,11977328,0.113462167
2,pgadmin,26.955,after-query,68061,11572629826447,pgAdmin 4 Helper,8536928,0.267203542
2,pgadmin,27.212,after-query,68086,11572724192976,pgAdmin 4 Helper (Renderer),430131120,6.152430708
2,pgadmin,27.212,after-query,68060,11572629731843,pgAdmin 4 Helper,188007408,1.414624208
2,pgadmin,27.212,after-query,68064,11572634027218,Python,160252648,3.443338833
2,pgadmin,27.212,after-query,68058,11572618797031,pgAdmin 4,65160968,1.041279083
2,pgadmin,27.212,after-query,68106,11572771368274,com.apple.SafariPlatformSupport,11977328,0.113462167
2,pgadmin,27.212,after-query,68061,11572629826447,pgAdmin 4 Helper,8536928,0.267203542
2,pgadmin,27.468,after-query,68086,11572724192976,pgAdmin 4 Helper (Renderer),430131120,6.174206208
2,pgadmin,27.468,after-query,68060,11572629731843,pgAdmin 4 Helper,188007408,1.421857292
2,pgadmin,27.468,after-query,68064,11572634027218,Python,160252648,3.443338833
2,pgadmin,27.468,after-query,68058,11572618797031,pgAdmin 4,65160968,1.041279083
2,pgadmin,27.468,after-query,68106,11572771368274,com.apple.SafariPlatformSupport,11977328,0.113462167
2,pgadmin,27.468,after-query,68061,11572629826447,pgAdmin 4 Helper,8536928,0.267203542
2,dbgate,0.255,launch,68224,11573423612118,DbGate,8618896,0.098567042
2,dbgate,0.510,launch,68224,11573423612118,DbGate,40715728,0.290376417
2,dbgate,0.510,launch,68226,11573433789824,DbGate Helper (GPU),5767960,0.042061792
2,dbgate,0.510,launch,68227,11573433931590,DbGate Helper,5456664,0.038091125
2,dbgate,0.765,launch,68224,11573423612118,DbGate,63735296,0.448687167
2,dbgate,0.765,launch,68226,11573433789824,DbGate Helper (GPU),10879816,0.086652542
2,dbgate,0.765,launch,68227,11573433931590,DbGate Helper,6013720,0.042371750
2,dbgate,1.015,settle,68224,11573423612118,DbGate,88426176,0.609240750
2,dbgate,1.015,settle,68233,11573443188342,DbGate Helper (Renderer),60097832,0.142201417
2,dbgate,1.015,settle,68226,11573433789824,DbGate Helper (GPU),12714848,0.103324750
2,dbgate,1.015,settle,68227,11573433931590,DbGate Helper,6538032,0.047485208
2,dbgate,1.270,settle,68224,11573423612118,DbGate,112084672,0.741967458
2,dbgate,1.270,settle,68233,11573443188342,DbGate Helper (Renderer),80610672,0.357119208
2,dbgate,1.270,settle,68226,11573433789824,DbGate Helper (GPU),57312144,0.135760792
2,dbgate,1.270,settle,68227,11573433931590,DbGate Helper,6538032,0.047485208
2,dbgate,1.270,settle,68235,11573452248437,DbGate Helper,4834048,0.033940583
2,dbgate,1.524,settle,68226,11573433789824,DbGate Helper (GPU),217072600,0.214725625
2,dbgate,1.524,settle,68224,11573423612118,DbGate,118425280,0.835562292
2,dbgate,1.524,settle,68233,11573443188342,DbGate Helper (Renderer),107398680,0.571987375
2,dbgate,1.524,settle,68235,11573452248437,DbGate Helper,44500072,0.224092333
2,dbgate,1.524,settle,68238,11573454150582,DbGate Helper,38323328,0.173751667
2,dbgate,1.524,settle,68237,11573454073768,DbGate Helper,38192256,0.175014000
2,dbgate,1.524,settle,68227,11573433931590,DbGate Helper,7406384,0.055650667
2,dbgate,1.779,settle,68226,11573433789824,DbGate Helper (GPU),217154520,0.227181208
2,dbgate,1.779,settle,68224,11573423612118,DbGate,118933184,0.852200667
2,dbgate,1.779,settle,68233,11573443188342,DbGate Helper (Renderer),108103192,0.596840000
2,dbgate,1.779,settle,68238,11573454150582,DbGate Helper,51889400,0.340194167
2,dbgate,1.779,settle,68235,11573452248437,DbGate Helper,51758304,0.324952750
2,dbgate,1.779,settle,68237,11573454073768,DbGate Helper,51709176,0.344591917
2,dbgate,1.779,settle,68249,11573459157611,com.apple.SafariPlatformSupport,9798256,0.110671833
2,dbgate,1.779,settle,68227,11573433931590,DbGate Helper,7406384,0.055816625
2,dbgate,2.032,settle,68226,11573433789824,DbGate Helper (GPU),217154520,0.246295375
2,dbgate,2.032,settle,68224,11573423612118,DbGate,118900416,0.852887792
2,dbgate,2.032,settle,68233,11573443188342,DbGate Helper (Renderer),108119576,0.612834833
2,dbgate,2.032,settle,68238,11573454150582,DbGate Helper,51889400,0.340376542
2,dbgate,2.032,settle,68235,11573452248437,DbGate Helper,51758304,0.325126875
2,dbgate,2.032,settle,68237,11573454073768,DbGate Helper,51709176,0.344717875
2,dbgate,2.032,settle,68249,11573459157611,com.apple.SafariPlatformSupport,9798256,0.111272625
2,dbgate,2.032,settle,68227,11573433931590,DbGate Helper,7406384,0.055816625
2,dbgate,2.287,settle,68226,11573433789824,DbGate Helper (GPU),217170904,0.268633125
2,dbgate,2.287,settle,68224,11573423612118,DbGate,120915648,0.882456875
2,dbgate,2.287,settle,68233,11573443188342,DbGate Helper (Renderer),108283416,0.633687208
2,dbgate,2.287,settle,68238,11573454150582,DbGate Helper,51889400,0.340376542
2,dbgate,2.287,settle,68235,11573452248437,DbGate Helper,51758304,0.325126875
2,dbgate,2.287,settle,68237,11573454073768,DbGate Helper,51709176,0.344717875
2,dbgate,2.287,settle,68249,11573459157611,com.apple.SafariPlatformSupport,9798256,0.111272625
2,dbgate,2.287,settle,68227,11573433931590,DbGate Helper,7832368,0.061882125
2,dbgate,2.543,settle,68226,11573433789824,DbGate Helper (GPU),217187288,0.290100667
2,dbgate,2.543,settle,68224,11573423612118,DbGate,120932032,0.884294375
2,dbgate,2.543,settle,68233,11573443188342,DbGate Helper (Renderer),108299800,0.652330042
2,dbgate,2.543,settle,68238,11573454150582,DbGate Helper,51889400,0.340376542
2,dbgate,2.543,settle,68235,11573452248437,DbGate Helper,51758304,0.325126875
2,dbgate,2.543,settle,68237,11573454073768,DbGate Helper,51709176,0.344717875
2,dbgate,2.543,settle,68249,11573459157611,com.apple.SafariPlatformSupport,9798256,0.111272625
2,dbgate,2.543,settle,68227,11573433931590,DbGate Helper,7832368,0.061882125
2,dbgate,2.795,settle,68226,11573433789824,DbGate Helper (GPU),201573336,0.312330292
2,dbgate,2.795,settle,68224,11573423612118,DbGate,120964800,0.889665542
2,dbgate,2.795,settle,68233,11573443188342,DbGate Helper (Renderer),108299800,0.668998833
2,dbgate,2.795,settle,68238,11573454150582,DbGate Helper,51905784,0.340833667
2,dbgate,2.795,settle,68235,11573452248437,DbGate Helper,51758304,0.325636167
2,dbgate,2.795,settle,68237,11573454073768,DbGate Helper,51709176,0.345288500
2,dbgate,2.795,settle,68249,11573459157611,com.apple.SafariPlatformSupport,9798256,0.111426667
2,dbgate,2.795,settle,68227,11573433931590,DbGate Helper,7897904,0.064542292
2,dbgate,3.050,settle,68226,11573433789824,DbGate Helper (GPU),211223512,0.330897708
2,dbgate,3.050,settle,68224,11573423612118,DbGate,121079488,0.899791458
2,dbgate,3.050,settle,68233,11573443188342,DbGate Helper (Renderer),108365336,0.685804792
2,dbgate,3.050,settle,68238,11573454150582,DbGate Helper,51905784,0.340833667
2,dbgate,3.050,settle,68235,11573452248437,DbGate Helper,51758304,0.325636167
2,dbgate,3.050,settle,68237,11573454073768,DbGate Helper,51709176,0.345288500
2,dbgate,3.050,settle,68249,11573459157611,com.apple.SafariPlatformSupport,9798256,0.111426667
2,dbgate,3.050,settle,68227,11573433931590,DbGate Helper,7979824,0.070318458
2,dbgate,3.305,settle,68226,11573433789824,DbGate Helper (GPU),211207128,0.337306292
2,dbgate,3.305,settle,68224,11573423612118,DbGate,121079488,0.899791458
2,dbgate,3.305,settle,68233,11573443188342,DbGate Helper (Renderer),108365336,0.692170042
2,dbgate,3.305,settle,68238,11573454150582,DbGate Helper,51905784,0.340833667
2,dbgate,3.305,settle,68235,11573452248437,DbGate Helper,51758304,0.325636167
2,dbgate,3.305,settle,68237,11573454073768,DbGate Helper,51709176,0.345288500
2,dbgate,3.305,settle,68249,11573459157611,com.apple.SafariPlatformSupport,9798256,0.111426667
2,dbgate,3.305,settle,68227,11573433931590,DbGate Helper,7979824,0.070318458
2,dbgate,3.560,settle,68226,11573433789824,DbGate Helper (GPU),211223512,0.347047833
2,dbgate,3.560,settle,68224,11573423612118,DbGate,121161408,0.900541917
2,dbgate,3.560,settle,68233,11573443188342,DbGate Helper (Renderer),108365336,0.702393708
2,dbgate,3.560,settle,68238,11573454150582,DbGate Helper,51905784,0.340833667
2,dbgate,3.560,settle,68235,11573452248437,DbGate Helper,51758304,0.326079583
2,dbgate,3.560,settle,68237,11573454073768,DbGate Helper,51709176,0.345288500
2,dbgate,3.560,settle,68249,11573459157611,com.apple.SafariPlatformSupport,9798256,0.111426667
2,dbgate,3.560,settle,68227,11573433931590,DbGate Helper,7979824,0.070318458
2,dbgate,3.817,settle,68226,11573433789824,DbGate Helper (GPU),211207128,0.354677208
2,dbgate,3.817,settle,68224,11573423612118,DbGate,121161408,0.901176833
2,dbgate,3.817,settle,68233,11573443188342,DbGate Helper (Renderer),108365336,0.711119000
2,dbgate,3.817,settle,68238,11573454150582,DbGate Helper,51905784,0.341176500
2,dbgate,3.817,settle,68235,11573452248437,DbGate Helper,51758304,0.326079583
2,dbgate,3.817,settle,68237,11573454073768,DbGate Helper,51709176,0.345500583
2,dbgate,3.817,settle,68249,11573459157611,com.apple.SafariPlatformSupport,9798256,0.111704417
2,dbgate,3.817,settle,68227,11573433931590,DbGate Helper,7979824,0.070318458
2,dbgate,4.072,settle,68226,11573433789824,DbGate Helper (GPU),195838936,0.367698750
2,dbgate,4.072,settle,68224,11573423612118,DbGate,121161408,0.901176833
2,dbgate,4.072,settle,68233,11573443188342,DbGate Helper (Renderer),108201496,0.721149250
2,dbgate,4.072,settle,68238,11573454150582,DbGate Helper,51905784,0.341176500
2,dbgate,4.072,settle,68235,11573452248437,DbGate Helper,51758304,0.326079583
2,dbgate,4.072,settle,68237,11573454073768,DbGate Helper,51709176,0.345500583
2,dbgate,4.072,settle,68249,11573459157611,com.apple.SafariPlatformSupport,9798256,0.111704417
2,dbgate,4.072,settle,68227,11573433931590,DbGate Helper,7979824,0.070318458
2,dbgate,4.327,settle,68226,11573433789824,DbGate Helper (GPU),195822552,0.375615083
2,dbgate,4.327,settle,68224,11573423612118,DbGate,121161408,0.901176833
2,dbgate,4.327,settle,68233,11573443188342,DbGate Helper (Renderer),108201496,0.728188792
2,dbgate,4.327,settle,68238,11573454150582,DbGate Helper,51905784,0.341176500
2,dbgate,4.327,settle,68235,11573452248437,DbGate Helper,51758304,0.326079583
2,dbgate,4.327,settle,68237,11573454073768,DbGate Helper,51709176,0.345500583
2,dbgate,4.327,settle,68249,11573459157611,com.apple.SafariPlatformSupport,9798256,0.111704417
2,dbgate,4.327,settle,68227,11573433931590,DbGate Helper,7979824,0.070318458
2,dbgate,4.582,settle,68226,11573433789824,DbGate Helper (GPU),195822552,0.385819125
2,dbgate,4.582,settle,68224,11573423612118,DbGate,121161408,0.902115458
2,dbgate,4.582,settle,68233,11573443188342,DbGate Helper (Renderer),108201496,0.737860667
2,dbgate,4.582,settle,68238,11573454150582,DbGate Helper,51905784,0.341176500
2,dbgate,4.582,settle,68235,11573452248437,DbGate Helper,51758304,0.326419958
2,dbgate,4.582,settle,68237,11573454073768,DbGate Helper,51709176,0.345500583
2,dbgate,4.582,settle,68249,11573459157611,com.apple.SafariPlatformSupport,9798256,0.111704417
2,dbgate,4.582,settle,68227,11573433931590,DbGate Helper,7979824,0.070318458
2,dbgate,4.838,settle,68226,11573433789824,DbGate Helper (GPU),185828312,0.393595917
2,dbgate,4.838,settle,68224,11573423612118,DbGate,121161408,0.902745417
2,dbgate,4.838,settle,68233,11573443188342,DbGate Helper (Renderer),108201496,0.745351000
2,dbgate,4.838,settle,68238,11573454150582,DbGate Helper,51905784,0.341482417
2,dbgate,4.838,settle,68235,11573452248437,DbGate Helper,51758304,0.326419958
2,dbgate,4.838,settle,68237,11573454073768,DbGate Helper,51709176,0.345811500
2,dbgate,4.838,settle,68249,11573459157611,com.apple.SafariPlatformSupport,9798256,0.111704417
2,dbgate,4.838,settle,68227,11573433931590,DbGate Helper,7979824,0.070318458
2,dbgate,5.091,settle,68226,11573433789824,DbGate Helper (GPU),185844696,0.405105833
2,dbgate,5.091,settle,68224,11573423612118,DbGate,121177792,0.904743750
2,dbgate,5.091,settle,68233,11573443188342,DbGate Helper (Renderer),108217880,0.756032500
2,dbgate,5.091,settle,68238,11573454150582,DbGate Helper,51905784,0.341482417
2,dbgate,5.091,settle,68235,11573452248437,DbGate Helper,51758304,0.326419958
2,dbgate,5.091,settle,68237,11573454073768,DbGate Helper,51709176,0.345811500
2,dbgate,5.091,settle,68249,11573459157611,com.apple.SafariPlatformSupport,9798256,0.111704417
2,dbgate,5.091,settle,68227,11573433931590,DbGate Helper,7979824,0.070318458
2,dbgate,5.345,settle,68226,11573433789824,DbGate Helper (GPU),185828312,0.414669167
2,dbgate,5.345,settle,68224,11573423612118,DbGate,121177792,0.904743750
2,dbgate,5.345,settle,68233,11573443188342,DbGate Helper (Renderer),108217880,0.764755958
2,dbgate,5.345,settle,68238,11573454150582,DbGate Helper,51905784,0.341482417
2,dbgate,5.345,settle,68235,11573452248437,DbGate Helper,51758304,0.326419958
2,dbgate,5.345,settle,68237,11573454073768,DbGate Helper,51709176,0.345811500
2,dbgate,5.345,settle,68249,11573459157611,com.apple.SafariPlatformSupport,9798256,0.111704417
2,dbgate,5.345,settle,68227,11573433931590,DbGate Helper,7979824,0.070318458
2,dbgate,5.600,settle,68226,11573433789824,DbGate Helper (GPU),185828312,0.426237792
2,dbgate,5.600,settle,68224,11573423612118,DbGate,121177792,0.905814208
2,dbgate,5.600,settle,68233,11573443188342,DbGate Helper (Renderer),108217880,0.775755167
2,dbgate,5.600,settle,68238,11573454150582,DbGate Helper,51905784,0.341556333
2,dbgate,5.600,settle,68235,11573452248437,DbGate Helper,51758304,0.326669917
2,dbgate,5.600,settle,68237,11573454073768,DbGate Helper,51709176,0.345815875
2,dbgate,5.600,settle,68249,11573459157611,com.apple.SafariPlatformSupport,9798256,0.111704417
2,dbgate,5.600,settle,68227,11573433931590,DbGate Helper,7979824,0.070481083
2,dbgate,5.855,settle,68226,11573433789824,DbGate Helper (GPU),185828312,0.433643417
2,dbgate,5.855,settle,68224,11573423612118,DbGate,121177792,0.906342125
2,dbgate,5.855,settle,68233,11573443188342,DbGate Helper (Renderer),108217880,0.783173875
2,dbgate,5.855,settle,68238,11573454150582,DbGate Helper,51905784,0.341818083
2,dbgate,5.855,settle,68235,11573452248437,DbGate Helper,51758304,0.326669917
2,dbgate,5.855,settle,68237,11573454073768,DbGate Helper,51709176,0.346143583
2,dbgate,5.855,settle,68249,11573459157611,com.apple.SafariPlatformSupport,9798256,0.111963583
2,dbgate,5.855,settle,68227,11573433931590,DbGate Helper,7930672,0.070601625
2,dbgate,6.107,query,68226,11573433789824,DbGate Helper (GPU),185844696,0.440741417
2,dbgate,6.107,query,68224,11573423612118,DbGate,121177792,0.906547667
2,dbgate,6.107,query,68233,11573443188342,DbGate Helper (Renderer),108217880,0.789172667
2,dbgate,6.107,query,68238,11573454150582,DbGate Helper,51905784,0.341818083
2,dbgate,6.107,query,68235,11573452248437,DbGate Helper,51758304,0.326669917
2,dbgate,6.107,query,68237,11573454073768,DbGate Helper,51709176,0.346143583
2,dbgate,6.107,query,68249,11573459157611,com.apple.SafariPlatformSupport,9798256,0.112072875
2,dbgate,6.107,query,68227,11573433931590,DbGate Helper,7930672,0.070601625
2,dbgate,6.361,query,68226,11573433789824,DbGate Helper (GPU),185828312,0.447302958
2,dbgate,6.361,query,68224,11573423612118,DbGate,121177792,0.907999625
2,dbgate,6.361,query,68233,11573443188342,DbGate Helper (Renderer),108217880,0.794348125
2,dbgate,6.361,query,68238,11573454150582,DbGate Helper,51905784,0.341818083
2,dbgate,6.361,query,68235,11573452248437,DbGate Helper,51758304,0.326669917
2,dbgate,6.361,query,68237,11573454073768,DbGate Helper,51709176,0.346143583
2,dbgate,6.361,query,68249,11573459157611,com.apple.SafariPlatformSupport,9798256,0.112072875
2,dbgate,6.361,query,68227,11573433931590,DbGate Helper,7930672,0.070601625
2,dbgate,6.616,query,68226,11573433789824,DbGate Helper (GPU),146703320,0.461257458
2,dbgate,6.616,query,68224,11573423612118,DbGate,121128640,0.910611667
2,dbgate,6.616,query,68233,11573443188342,DbGate Helper (Renderer),108217880,0.803977167
2,dbgate,6.616,query,68238,11573454150582,DbGate Helper,51856632,0.342124292
2,dbgate,6.616,query,68235,11573452248437,DbGate Helper,51709152,0.327508500
2,dbgate,6.616,query,68237,11573454073768,DbGate Helper,51627256,0.346529792
2,dbgate,6.616,query,68249,11573459157611,com.apple.SafariPlatformSupport,9798256,0.112072875
2,dbgate,6.616,query,68227,11573433931590,DbGate Helper,7930672,0.070601625
2,dbgate,6.871,query,68226,11573433789824,DbGate Helper (GPU),146703320,0.466892292
2,dbgate,6.871,query,68224,11573423612118,DbGate,121128640,0.910611667
2,dbgate,6.871,query,68233,11573443188342,DbGate Helper (Renderer),108217880,0.809125875
2,dbgate,6.871,query,68238,11573454150582,DbGate Helper,51856632,0.342124292
2,dbgate,6.871,query,68235,11573452248437,DbGate Helper,51709152,0.327508500
2,dbgate,6.871,query,68237,11573454073768,DbGate Helper,51627256,0.346529792
2,dbgate,6.871,query,68249,11573459157611,com.apple.SafariPlatformSupport,9798256,0.112738375
2,dbgate,6.871,query,68227,11573433931590,DbGate Helper,7930672,0.070601625
2,dbgate,7.123,query,68224,11573423612118,DbGate,117999296,0.911859292
2,dbgate,7.123,query,68226,11573433789824,DbGate Helper (GPU),117130200,0.477732625
2,dbgate,7.123,query,68233,11573443188342,DbGate Helper (Renderer),108217880,0.816275375
2,dbgate,7.123,query,68238,11573454150582,DbGate Helper,51856632,0.342124292
2,dbgate,7.123,query,68235,11573452248437,DbGate Helper,51709152,0.327508500
2,dbgate,7.123,query,68237,11573454073768,DbGate Helper,51627256,0.346529792
2,dbgate,7.123,query,68249,11573459157611,com.apple.SafariPlatformSupport,9798256,0.112738375
2,dbgate,7.123,query,68227,11573433931590,DbGate Helper,7930672,0.070601625
2,dbgate,7.378,query,68224,11573423612118,DbGate,117999296,0.911859292
2,dbgate,7.378,query,68226,11573433789824,DbGate Helper (GPU),111674328,0.485780875
2,dbgate,7.378,query,68233,11573443188342,DbGate Helper (Renderer),108217880,0.823324917
2,dbgate,7.378,query,68238,11573454150582,DbGate Helper,51856632,0.342124292
2,dbgate,7.378,query,68235,11573452248437,DbGate Helper,51709152,0.327508500
2,dbgate,7.378,query,68237,11573454073768,DbGate Helper,51627256,0.346529792
2,dbgate,7.378,query,68249,11573459157611,com.apple.SafariPlatformSupport,9798256,0.112738375
2,dbgate,7.378,query,68227,11573433931590,DbGate Helper,7930672,0.070601625
2,dbgate,7.633,query,68224,11573423612118,DbGate,117999296,0.914866208
2,dbgate,7.633,query,68226,11573433789824,DbGate Helper (GPU),111674328,0.495677250
2,dbgate,7.633,query,68233,11573443188342,DbGate Helper (Renderer),108217880,0.832818833
2,dbgate,7.633,query,68238,11573454150582,DbGate Helper,51873016,0.342796125
2,dbgate,7.633,query,68235,11573452248437,DbGate Helper,51709152,0.327941375
2,dbgate,7.633,query,68237,11573454073768,DbGate Helper,51627256,0.347156667
2,dbgate,7.633,query,68249,11573459157611,com.apple.SafariPlatformSupport,9798256,0.112738375
2,dbgate,7.633,query,68227,11573433931590,DbGate Helper,7930672,0.070601625
2,dbgate,7.886,query,68224,11573423612118,DbGate,117999296,0.914866208
2,dbgate,7.886,query,68233,11573443188342,DbGate Helper (Renderer),108217880,0.838829125
2,dbgate,7.886,query,68226,11573433789824,DbGate Helper (GPU),80135128,0.503930292
2,dbgate,7.886,query,68238,11573454150582,DbGate Helper,51873016,0.342796125
2,dbgate,7.886,query,68235,11573452248437,DbGate Helper,51709152,0.327941375
2,dbgate,7.886,query,68237,11573454073768,DbGate Helper,51627256,0.347156667
2,dbgate,7.886,query,68249,11573459157611,com.apple.SafariPlatformSupport,9798256,0.112738375
2,dbgate,7.886,query,68227,11573433931590,DbGate Helper,7930672,0.070601625
2,dbgate,8.140,query,68224,11573423612118,DbGate,117999296,0.914866208
2,dbgate,8.140,query,68233,11573443188342,DbGate Helper (Renderer),108217880,0.845881500
2,dbgate,8.140,query,68226,11573433789824,DbGate Helper (GPU),80118744,0.512995750
2,dbgate,8.140,query,68238,11573454150582,DbGate Helper,51873016,0.342796125
2,dbgate,8.140,query,68235,11573452248437,DbGate Helper,51709152,0.327941375
2,dbgate,8.140,query,68237,11573454073768,DbGate Helper,51627256,0.347156667
2,dbgate,8.140,query,68249,11573459157611,com.apple.SafariPlatformSupport,9798256,0.112738375
2,dbgate,8.140,query,68227,11573433931590,DbGate Helper,7930672,0.070601625
2,dbgate,8.395,query,68224,11573423612118,DbGate,117999296,0.914866208
2,dbgate,8.395,query,68233,11573443188342,DbGate Helper (Renderer),108217880,0.852609292
2,dbgate,8.395,query,68226,11573433789824,DbGate Helper (GPU),80102360,0.520704833
2,dbgate,8.395,query,68238,11573454150582,DbGate Helper,51873016,0.342796125
2,dbgate,8.395,query,68235,11573452248437,DbGate Helper,51709152,0.327941375
2,dbgate,8.395,query,68237,11573454073768,DbGate Helper,51627256,0.347156667
2,dbgate,8.395,query,68249,11573459157611,com.apple.SafariPlatformSupport,9798256,0.112738375
2,dbgate,8.395,query,68227,11573433931590,DbGate Helper,7930672,0.070601625
2,dbgate,8.650,query,68224,11573423612118,DbGate,117999296,0.916040250
2,dbgate,8.650,query,68233,11573443188342,DbGate Helper (Renderer),108217880,0.862299083
2,dbgate,8.650,query,68226,11573433789824,DbGate Helper (GPU),80102360,0.532095000
2,dbgate,8.650,query,68238,11573454150582,DbGate Helper,51873016,0.343064625
2,dbgate,8.650,query,68235,11573452248437,DbGate Helper,51709152,0.328302208
2,dbgate,8.650,query,68237,11573454073768,DbGate Helper,51627256,0.347550167
2,dbgate,8.650,query,68249,11573459157611,com.apple.SafariPlatformSupport,9798256,0.112738375
2,dbgate,8.650,query,68227,11573433931590,DbGate Helper,7930672,0.070601625
2,dbgate,8.905,query,68224,11573423612118,DbGate,117999296,0.916040250
2,dbgate,8.905,query,68233,11573443188342,DbGate Helper (Renderer),108217880,0.870568000
2,dbgate,8.905,query,68226,11573433789824,DbGate Helper (GPU),80118744,0.539779208
2,dbgate,8.905,query,68238,11573454150582,DbGate Helper,51873016,0.343064625
2,dbgate,8.905,query,68235,11573452248437,DbGate Helper,51709152,0.328302208
2,dbgate,8.905,query,68237,11573454073768,DbGate Helper,51627256,0.347550167
2,dbgate,8.905,query,68249,11573459157611,com.apple.SafariPlatformSupport,9781872,0.113220542
2,dbgate,8.905,query,68227,11573433931590,DbGate Helper,7930672,0.070601625
2,dbgate,9.161,query,68224,11573423612118,DbGate,117999296,0.916040250
2,dbgate,9.161,query,68233,11573443188342,DbGate Helper (Renderer),108217880,0.878316542
2,dbgate,9.161,query,68226,11573433789824,DbGate Helper (GPU),80118744,0.550106583
2,dbgate,9.161,query,68238,11573454150582,DbGate Helper,51873016,0.343064625
2,dbgate,9.161,query,68235,11573452248437,DbGate Helper,51709152,0.328302208
2,dbgate,9.161,query,68237,11573454073768,DbGate Helper,51627256,0.347550167
2,dbgate,9.161,query,68249,11573459157611,com.apple.SafariPlatformSupport,9781872,0.113220542
2,dbgate,9.161,query,68227,11573433931590,DbGate Helper,7930672,0.070601625
2,dbgate,9.411,query,68224,11573423612118,DbGate,118064856,0.917412792
2,dbgate,9.411,query,68233,11573443188342,DbGate Helper (Renderer),108217880,0.884399833
2,dbgate,9.411,query,68226,11573433789824,DbGate Helper (GPU),80102360,0.555283625
2,dbgate,9.411,query,68238,11573454150582,DbGate Helper,51873016,0.343064625
2,dbgate,9.411,query,68235,11573452248437,DbGate Helper,51709152,0.328302208
2,dbgate,9.411,query,68237,11573454073768,DbGate Helper,51627256,0.347550167
2,dbgate,9.411,query,68249,11573459157611,com.apple.SafariPlatformSupport,9781872,0.113220542
2,dbgate,9.411,query,68227,11573433931590,DbGate Helper,7930672,0.070601625
2,dbgate,9.666,query,68224,11573423612118,DbGate,118064856,0.919223375
2,dbgate,9.666,query,68233,11573443188342,DbGate Helper (Renderer),108217880,0.891931167
2,dbgate,9.666,query,68226,11573433789824,DbGate Helper (GPU),80102360,0.565522167
2,dbgate,9.666,query,68238,11573454150582,DbGate Helper,51873016,0.343647500
2,dbgate,9.666,query,68235,11573452248437,DbGate Helper,51709152,0.329037292
2,dbgate,9.666,query,68237,11573454073768,DbGate Helper,51643640,0.348542875
2,dbgate,9.666,query,68249,11573459157611,com.apple.SafariPlatformSupport,9781872,0.113220542
2,dbgate,9.666,query,68227,11573433931590,DbGate Helper,7930672,0.070601625
2,dbgate,9.921,query,68224,11573423612118,DbGate,118064856,0.919223375
2,dbgate,9.921,query,68233,11573443188342,DbGate Helper (Renderer),108217880,0.899686625
2,dbgate,9.921,query,68226,11573433789824,DbGate Helper (GPU),80118744,0.572806417
2,dbgate,9.921,query,68238,11573454150582,DbGate Helper,51873016,0.343647500
2,dbgate,9.921,query,68235,11573452248437,DbGate Helper,51709152,0.329037292
2,dbgate,9.921,query,68237,11573454073768,DbGate Helper,51643640,0.348542875
2,dbgate,9.921,query,68249,11573459157611,com.apple.SafariPlatformSupport,9781872,0.113220542
2,dbgate,9.921,query,68227,11573433931590,DbGate Helper,7930672,0.070601625
2,dbgate,10.176,query,68224,11573423612118,DbGate,118064856,0.919223375
2,dbgate,10.176,query,68233,11573443188342,DbGate Helper (Renderer),108217880,0.907867333
2,dbgate,10.176,query,68226,11573433789824,DbGate Helper (GPU),80118744,0.583806458
2,dbgate,10.176,query,68238,11573454150582,DbGate Helper,51873016,0.343647500
2,dbgate,10.176,query,68235,11573452248437,DbGate Helper,51709152,0.329037292
2,dbgate,10.176,query,68237,11573454073768,DbGate Helper,51643640,0.348542875
2,dbgate,10.176,query,68249,11573459157611,com.apple.SafariPlatformSupport,9781872,0.113220542
2,dbgate,10.176,query,68227,11573433931590,DbGate Helper,7930672,0.070601625
2,dbgate,10.431,query,68224,11573423612118,DbGate,118064856,0.919223375
2,dbgate,10.431,query,68233,11573443188342,DbGate Helper (Renderer),108217880,0.916668667
2,dbgate,10.431,query,68226,11573433789824,DbGate Helper (GPU),80118744,0.591968208
2,dbgate,10.431,query,68238,11573454150582,DbGate Helper,51873016,0.343647500
2,dbgate,10.431,query,68235,11573452248437,DbGate Helper,51709152,0.329037292
2,dbgate,10.431,query,68237,11573454073768,DbGate Helper,51643640,0.348542875
2,dbgate,10.431,query,68249,11573459157611,com.apple.SafariPlatformSupport,9781872,0.113220542
2,dbgate,10.431,query,68227,11573433931590,DbGate Helper,7930672,0.070601625
2,dbgate,10.686,query,68224,11573423612118,DbGate,118064856,0.921974292
2,dbgate,10.686,query,68233,11573443188342,DbGate Helper (Renderer),108217880,0.923035625
2,dbgate,10.686,query,68226,11573433789824,DbGate Helper (GPU),80102360,0.599801167
2,dbgate,10.686,query,68238,11573454150582,DbGate Helper,51873016,0.343937292
2,dbgate,10.686,query,68235,11573452248437,DbGate Helper,51709152,0.329319583
2,dbgate,10.686,query,68237,11573454073768,DbGate Helper,51643640,0.348842167
2,dbgate,10.686,query,68249,11573459157611,com.apple.SafariPlatformSupport,9781872,0.113220542
2,dbgate,10.686,query,68227,11573433931590,DbGate Helper,7930672,0.070601625
2,dbgate,10.941,query,68224,11573423612118,DbGate,118064856,0.922289333
2,dbgate,10.941,query,68233,11573443188342,DbGate Helper (Renderer),108217880,0.929778583
2,dbgate,10.941,query,68226,11573433789824,DbGate Helper (GPU),80118744,0.606222250
2,dbgate,10.941,query,68238,11573454150582,DbGate Helper,51873016,0.343937292
2,dbgate,10.941,query,68235,11573452248437,DbGate Helper,51709152,0.329319583
2,dbgate,10.941,query,68237,11573454073768,DbGate Helper,51643640,0.348842167
2,dbgate,10.941,query,68249,11573459157611,com.apple.SafariPlatformSupport,9781872,0.113220542
2,dbgate,10.941,query,68227,11573433931590,DbGate Helper,7930672,0.070601625
2,dbgate,11.194,query,68224,11573423612118,DbGate,118064856,0.922289333
2,dbgate,11.194,query,68233,11573443188342,DbGate Helper (Renderer),108217880,0.934720333
2,dbgate,11.194,query,68226,11573433789824,DbGate Helper (GPU),80102360,0.613946125
2,dbgate,11.194,query,68238,11573454150582,DbGate Helper,51873016,0.343937292
2,dbgate,11.194,query,68235,11573452248437,DbGate Helper,51709152,0.329319583
2,dbgate,11.194,query,68237,11573454073768,DbGate Helper,51643640,0.348842167
2,dbgate,11.194,query,68249,11573459157611,com.apple.SafariPlatformSupport,9781872,0.113220542
2,dbgate,11.194,query,68227,11573433931590,DbGate Helper,7930672,0.070601625
2,dbgate,11.449,query,68224,11573423612118,DbGate,118064856,0.922334167
2,dbgate,11.449,query,68233,11573443188342,DbGate Helper (Renderer),108234264,0.941532458
2,dbgate,11.449,query,68226,11573433789824,DbGate Helper (GPU),80118744,0.620140625
2,dbgate,11.449,query,68238,11573454150582,DbGate Helper,51873016,0.343937292
2,dbgate,11.449,query,68235,11573452248437,DbGate Helper,51709152,0.329319583
2,dbgate,11.449,query,68237,11573454073768,DbGate Helper,51643640,0.348842167
2,dbgate,11.449,query,68249,11573459157611,com.apple.SafariPlatformSupport,9765488,0.113584708
2,dbgate,11.449,query,68227,11573433931590,DbGate Helper,7930672,0.070601625
2,dbgate,11.703,query,68224,11573423612118,DbGate,118064856,0.923640000
2,dbgate,11.703,query,68233,11573443188342,DbGate Helper (Renderer),108234264,0.948233667
2,dbgate,11.703,query,68226,11573433789824,DbGate Helper (GPU),80102360,0.628266917
2,dbgate,11.703,query,68238,11573454150582,DbGate Helper,51873016,0.344437500
2,dbgate,11.703,query,68235,11573452248437,DbGate Helper,51709152,0.330026042
2,dbgate,11.703,query,68237,11573454073768,DbGate Helper,51643640,0.349327792
2,dbgate,11.703,query,68249,11573459157611,com.apple.SafariPlatformSupport,9765488,0.113584708
2,dbgate,11.703,query,68227,11573433931590,DbGate Helper,7930672,0.070601625
2,dbgate,11.958,query,68226,11573433789824,DbGate Helper (GPU),142246872,0.645094083
2,dbgate,11.958,query,68224,11573423612118,DbGate,118589144,0.950048375
2,dbgate,11.958,query,68233,11573443188342,DbGate Helper (Renderer),108496408,0.963251792
2,dbgate,11.958,query,68238,11573454150582,DbGate Helper,51873016,0.344437500
2,dbgate,11.958,query,68235,11573452248437,DbGate Helper,51709152,0.330026042
2,dbgate,11.958,query,68237,11573454073768,DbGate Helper,51643640,0.349327792
2,dbgate,11.958,query,68249,11573459157611,com.apple.SafariPlatformSupport,9765488,0.113584708
2,dbgate,11.958,query,68227,11573433931590,DbGate Helper,7930672,0.070601625
2,dbgate,12.212,query,68226,11573433789824,DbGate Helper (GPU),204358616,0.661186125
2,dbgate,12.212,query,68224,11573423612118,DbGate,120538840,0.995359792
2,dbgate,12.212,query,68233,11573443188342,DbGate Helper (Renderer),109069848,0.987667917
2,dbgate,12.212,query,68238,11573454150582,DbGate Helper,51873016,0.344437500
2,dbgate,12.212,query,68235,11573452248437,DbGate Helper,51709152,0.330026042
2,dbgate,12.212,query,68237,11573454073768,DbGate Helper,51643640,0.349327792
2,dbgate,12.212,query,68249,11573459157611,com.apple.SafariPlatformSupport,9765488,0.113584708
2,dbgate,12.212,query,68227,11573433931590,DbGate Helper,7930672,0.070991000
2,dbgate,12.467,query,68226,11573433789824,DbGate Helper (GPU),204342232,0.667493167
2,dbgate,12.467,query,68224,11573423612118,DbGate,120538840,0.997050208
2,dbgate,12.467,query,68233,11573443188342,DbGate Helper (Renderer),109086232,0.994669792
2,dbgate,12.467,query,68238,11573454150582,DbGate Helper,51873016,0.344437500
2,dbgate,12.467,query,68235,11573452248437,DbGate Helper,51709152,0.330026042
2,dbgate,12.467,query,68237,11573454073768,DbGate Helper,51643640,0.349327792
2,dbgate,12.467,query,68249,11573459157611,com.apple.SafariPlatformSupport,9765488,0.113584708
2,dbgate,12.467,query,68227,11573433931590,DbGate Helper,7930672,0.070991000
2,dbgate,12.719,query,68226,11573433789824,DbGate Helper (GPU),204800984,0.683550708
2,dbgate,12.719,query,68224,11573423612118,DbGate,120555224,1.005823167
2,dbgate,12.719,query,68233,11573443188342,DbGate Helper (Renderer),109184536,1.014417625
2,dbgate,12.719,query,68238,11573454150582,DbGate Helper,51873016,0.344858417
2,dbgate,12.719,query,68235,11573452248437,DbGate Helper,51709152,0.330375000
2,dbgate,12.719,query,68237,11573454073768,DbGate Helper,51643640,0.349550833
2,dbgate,12.719,query,68249,11573459157611,com.apple.SafariPlatformSupport,9765488,0.113584708
2,dbgate,12.719,query,68227,11573433931590,DbGate Helper,7930672,0.070991000
2,dbgate,12.973,query,68226,11573433789824,DbGate Helper (GPU),204800984,0.695503792
2,dbgate,12.973,query,68224,11573423612118,DbGate,120555224,1.006353875
2,dbgate,12.973,query,68233,11573443188342,DbGate Helper (Renderer),109364760,1.027249083
2,dbgate,12.973,query,68238,11573454150582,DbGate Helper,51873016,0.344858417
2,dbgate,12.973,query,68235,11573452248437,DbGate Helper,51709152,0.330375000
2,dbgate,12.973,query,68237,11573454073768,DbGate Helper,51643640,0.349550833
2,dbgate,12.973,query,68249,11573459157611,com.apple.SafariPlatformSupport,9765488,0.113584708
2,dbgate,12.973,query,68227,11573433931590,DbGate Helper,7930672,0.071063583
2,dbgate,13.227,query,68226,11573433789824,DbGate Helper (GPU),217793496,0.736700792
2,dbgate,13.227,query,68224,11573423612118,DbGate,121145048,1.030261708
2,dbgate,13.227,query,68233,11573443188342,DbGate Helper (Renderer),110609944,1.084904750
2,dbgate,13.227,query,68238,11573454150582,DbGate Helper,51873016,0.344858417
2,dbgate,13.227,query,68235,11573452248437,DbGate Helper,51709152,0.330375000
2,dbgate,13.227,query,68237,11573454073768,DbGate Helper,51643640,0.349550833
2,dbgate,13.227,query,68303,11573734348868,DbGate Helper,35243160,0.175053167
2,dbgate,13.227,query,68249,11573459157611,com.apple.SafariPlatformSupport,9765488,0.113584708
2,dbgate,13.227,query,68227,11573433931590,DbGate Helper,7930672,0.071063583
2,dbgate,13.478,query,68226,11573433789824,DbGate Helper (GPU),257065944,0.769816667
2,dbgate,13.478,query,68233,11573443188342,DbGate Helper (Renderer),121996824,1.161011042
2,dbgate,13.478,query,68224,11573423612118,DbGate,121931480,1.053735875
2,dbgate,13.478,query,68303,11573734348868,DbGate Helper,57885968,0.378429792
2,dbgate,13.478,query,68238,11573454150582,DbGate Helper,51873016,0.344858417
2,dbgate,13.478,query,68235,11573452248437,DbGate Helper,51709152,0.330375000
2,dbgate,13.478,query,68237,11573454073768,DbGate Helper,51643640,0.349550833
2,dbgate,13.478,query,68249,11573459157611,com.apple.SafariPlatformSupport,9765488,0.113584708
2,dbgate,13.478,query,68227,11573433931590,DbGate Helper,7930672,0.071063583
2,dbgate,13.732,query,68226,11573433789824,DbGate Helper (GPU),256689136,0.786877333
2,dbgate,13.732,query,68233,11573443188342,DbGate Helper (Renderer),123029016,1.199118542
2,dbgate,13.732,query,68224,11573423612118,DbGate,121997016,1.055146542
2,dbgate,13.732,query,68303,11573734348868,DbGate Helper,57885968,0.378649625
2,dbgate,13.732,query,68238,11573454150582,DbGate Helper,51873016,0.344950833
2,dbgate,13.732,query,68235,11573452248437,DbGate Helper,51709152,0.330487708
2,dbgate,13.732,query,68237,11573454073768,DbGate Helper,51643640,0.349677667
2,dbgate,13.732,query,68249,11573459157611,com.apple.SafariPlatformSupport,9765488,0.113584708
2,dbgate,13.732,query,68227,11573433931590,DbGate Helper,7930672,0.071063583
2,dbgate,13.985,query,68226,11573433789824,DbGate Helper (GPU),254329840,0.795111833
2,dbgate,13.985,query,68233,11573443188342,DbGate Helper (Renderer),123029016,1.208253958
2,dbgate,13.985,query,68224,11573423612118,DbGate,121997016,1.055146542
2,dbgate,13.985,query,68303,11573734348868,DbGate Helper,57885968,0.378649625
2,dbgate,13.985,query,68238,11573454150582,DbGate Helper,51873016,0.344950833
2,dbgate,13.985,query,68235,11573452248437,DbGate Helper,51709152,0.330487708
2,dbgate,13.985,query,68237,11573454073768,DbGate Helper,51643640,0.349677667
2,dbgate,13.985,query,68249,11573459157611,com.apple.SafariPlatformSupport,9765488,0.113584708
2,dbgate,13.985,query,68227,11573433931590,DbGate Helper,7930672,0.071063583
2,dbgate,14.236,query,68226,11573433789824,DbGate Helper (GPU),270943264,0.866363708
2,dbgate,14.236,query,68233,11573443188342,DbGate Helper (Renderer),129730072,1.385484417
2,dbgate,14.236,query,68224,11573423612118,DbGate,122029784,1.072361500
2,dbgate,14.236,query,68303,11573734348868,DbGate Helper,57885968,0.378649625
2,dbgate,14.236,query,68238,11573454150582,DbGate Helper,51873016,0.344950833
2,dbgate,14.236,query,68235,11573452248437,DbGate Helper,51709152,0.330487708
2,dbgate,14.236,query,68237,11573454073768,DbGate Helper,51643640,0.349677667
2,dbgate,14.236,query,68249,11573459157611,com.apple.SafariPlatformSupport,9765488,0.113584708
2,dbgate,14.236,query,68227,11573433931590,DbGate Helper,7619376,0.071211750
2,dbgate,14.486,query,68226,11573433789824,DbGate Helper (GPU),273941536,0.962246250
2,dbgate,14.486,query,68233,11573443188342,DbGate Helper (Renderer),132056624,1.493150958
2,dbgate,14.486,query,68224,11573423612118,DbGate,122029784,1.086697750
2,dbgate,14.486,query,68303,11573734348868,DbGate Helper,57885968,0.378938875
2,dbgate,14.486,query,68238,11573454150582,DbGate Helper,51873016,0.344950833
2,dbgate,14.486,query,68235,11573452248437,DbGate Helper,51709152,0.330487708
2,dbgate,14.486,query,68237,11573454073768,DbGate Helper,51643640,0.349677667
2,dbgate,14.486,query,68249,11573459157611,com.apple.SafariPlatformSupport,9765488,0.113584708
2,dbgate,14.486,query,68227,11573433931590,DbGate Helper,7619376,0.071211750
2,dbgate,14.738,query,68226,11573433789824,DbGate Helper (GPU),281019424,1.070588417
2,dbgate,14.738,query,68233,11573443188342,DbGate Helper (Renderer),138413616,1.616238500
2,dbgate,14.738,query,68224,11573423612118,DbGate,122029784,1.102073333
2,dbgate,14.738,query,68303,11573734348868,DbGate Helper,57885968,0.378938875
2,dbgate,14.738,query,68238,11573454150582,DbGate Helper,51873016,0.345027083
2,dbgate,14.738,query,68235,11573452248437,DbGate Helper,51709152,0.330582292
2,dbgate,14.738,query,68237,11573454073768,DbGate Helper,51643640,0.349758708
2,dbgate,14.738,query,68249,11573459157611,com.apple.SafariPlatformSupport,9765488,0.113584708
2,dbgate,14.738,query,68227,11573433931590,DbGate Helper,7619376,0.071211750
2,dbgate,14.993,query,68226,11573433789824,DbGate Helper (GPU),281019424,1.163030208
2,dbgate,14.993,query,68233,11573443188342,DbGate Helper (Renderer),139101744,1.760091792
2,dbgate,14.993,query,68224,11573423612118,DbGate,122029784,1.115895125
2,dbgate,14.993,query,68303,11573734348868,DbGate Helper,57885968,0.378938875
2,dbgate,14.993,query,68238,11573454150582,DbGate Helper,51873016,0.345027083
2,dbgate,14.993,query,68235,11573452248437,DbGate Helper,51709152,0.330582292
2,dbgate,14.993,query,68237,11573454073768,DbGate Helper,51643640,0.349758708
2,dbgate,14.993,query,68249,11573459157611,com.apple.SafariPlatformSupport,9765488,0.113584708
2,dbgate,14.993,query,68227,11573433931590,DbGate Helper,7619376,0.071211750
2,dbgate,15.247,query,68226,11573433789824,DbGate Helper (GPU),282199072,1.261188125
2,dbgate,15.247,query,68233,11573443188342,DbGate Helper (Renderer),141526600,1.886753458
2,dbgate,15.247,query,68224,11573423612118,DbGate,122029784,1.130154625
2,dbgate,15.247,query,68303,11573734348868,DbGate Helper,57885968,0.378938875
2,dbgate,15.247,query,68238,11573454150582,DbGate Helper,51873016,0.345027083
2,dbgate,15.247,query,68235,11573452248437,DbGate Helper,51709152,0.330582292
2,dbgate,15.247,query,68237,11573454073768,DbGate Helper,51643640,0.349758708
2,dbgate,15.247,query,68249,11573459157611,com.apple.SafariPlatformSupport,9765488,0.113584708
2,dbgate,15.247,query,68227,11573433931590,DbGate Helper,7619376,0.071211750
2,dbgate,15.502,query,68226,11573433789824,DbGate Helper (GPU),282199072,1.358947875
2,dbgate,15.502,query,68233,11573443188342,DbGate Helper (Renderer),146212424,1.999348625
2,dbgate,15.502,query,68224,11573423612118,DbGate,122029784,1.143609875
2,dbgate,15.502,query,68303,11573734348868,DbGate Helper,57885968,0.379046292
2,dbgate,15.502,query,68238,11573454150582,DbGate Helper,51873016,0.345027083
2,dbgate,15.502,query,68235,11573452248437,DbGate Helper,51709152,0.330582292
2,dbgate,15.502,query,68237,11573454073768,DbGate Helper,51643640,0.349758708
2,dbgate,15.502,query,68249,11573459157611,com.apple.SafariPlatformSupport,9765488,0.113584708
2,dbgate,15.502,query,68227,11573433931590,DbGate Helper,7619376,0.071211750
2,dbgate,15.755,query,68226,11573433789824,DbGate Helper (GPU),282215456,1.435609917
2,dbgate,15.755,query,68233,11573443188342,DbGate Helper (Renderer),149685856,2.077076500
2,dbgate,15.755,query,68224,11573423612118,DbGate,122029784,1.158073042
2,dbgate,15.755,query,68303,11573734348868,DbGate Helper,57885968,0.379046292
2,dbgate,15.755,query,68238,11573454150582,DbGate Helper,51873016,0.345110625
2,dbgate,15.755,query,68235,11573452248437,DbGate Helper,51709152,0.330677833
2,dbgate,15.755,query,68237,11573454073768,DbGate Helper,51643640,0.349839708
2,dbgate,15.755,query,68249,11573459157611,com.apple.SafariPlatformSupport,9765488,0.113584708
2,dbgate,15.755,query,68227,11573433931590,DbGate Helper,7619376,0.071211750
2,dbgate,16.010,query,68226,11573433789824,DbGate Helper (GPU),283739168,1.524371333
2,dbgate,16.010,query,68233,11573443188342,DbGate Helper (Renderer),154781280,2.167564167
2,dbgate,16.010,query,68224,11573423612118,DbGate,122029784,1.167255250
2,dbgate,16.010,query,68303,11573734348868,DbGate Helper,57885968,0.379046292
2,dbgate,16.010,query,68238,11573454150582,DbGate Helper,51873016,0.345110625
2,dbgate,16.010,query,68235,11573452248437,DbGate Helper,51709152,0.330677833
2,dbgate,16.010,query,68237,11573454073768,DbGate Helper,51643640,0.349839708
2,dbgate,16.010,query,68249,11573459157611,com.apple.SafariPlatformSupport,9765488,0.113584708
2,dbgate,16.010,query,68227,11573433931590,DbGate Helper,7619376,0.071211750
2,dbgate,16.266,query,68226,11573433789824,DbGate Helper (GPU),283870240,1.605597208
2,dbgate,16.266,query,68233,11573443188342,DbGate Helper (Renderer),159188576,2.248969458
2,dbgate,16.266,query,68224,11573423612118,DbGate,122029784,1.180511958
2,dbgate,16.266,query,68303,11573734348868,DbGate Helper,57885968,0.379046292
2,dbgate,16.266,query,68238,11573454150582,DbGate Helper,51873016,0.345110625
2,dbgate,16.266,query,68235,11573452248437,DbGate Helper,51709152,0.330677833
2,dbgate,16.266,query,68237,11573454073768,DbGate Helper,51643640,0.349839708
2,dbgate,16.266,query,68249,11573459157611,com.apple.SafariPlatformSupport,10175088,0.113584708
2,dbgate,16.266,query,68227,11573433931590,DbGate Helper,7619376,0.071211750
2,dbgate,16.519,query,68226,11573433789824,DbGate Helper (GPU),283886624,1.646216333
2,dbgate,16.519,query,68233,11573443188342,DbGate Helper (Renderer),165004896,2.340375833
2,dbgate,16.519,query,68224,11573423612118,DbGate,122078936,1.198382125
2,dbgate,16.519,query,68303,11573734348868,DbGate Helper,57885968,0.379355458
2,dbgate,16.519,query,68238,11573454150582,DbGate Helper,51873016,0.345110625
2,dbgate,16.519,query,68235,11573452248437,DbGate Helper,51709152,0.330677833
2,dbgate,16.519,query,68237,11573454073768,DbGate Helper,51643640,0.349839708
2,dbgate,16.519,query,68249,11573459157611,com.apple.SafariPlatformSupport,10682992,0.113584708
2,dbgate,16.519,query,68227,11573433931590,DbGate Helper,7619376,0.071211750
2,dbgate,16.770,query,68226,11573433789824,DbGate Helper (GPU),283886624,1.690441958
2,dbgate,16.770,query,68233,11573443188342,DbGate Helper (Renderer),168855136,2.419825375
2,dbgate,16.770,query,68224,11573423612118,DbGate,122111704,1.212107708
2,dbgate,16.770,query,68303,11573734348868,DbGate Helper,57885968,0.379355458
2,dbgate,16.770,query,68238,11573454150582,DbGate Helper,51873016,0.345207708
2,dbgate,16.770,query,68235,11573452248437,DbGate Helper,51709152,0.330765417
2,dbgate,16.770,query,68237,11573454073768,DbGate Helper,51643640,0.349944917
2,dbgate,16.770,query,68249,11573459157611,com.apple.SafariPlatformSupport,10633840,0.113703167
2,dbgate,16.770,query,68227,11573433931590,DbGate Helper,7619376,0.071211750
2,dbgate,17.021,query,68226,11573433789824,DbGate Helper (GPU),283804704,1.725477542
2,dbgate,17.021,query,68233,11573443188342,DbGate Helper (Renderer),171640416,2.487888208
2,dbgate,17.021,query,68224,11573423612118,DbGate,122111704,1.224897625
2,dbgate,17.021,query,68303,11573734348868,DbGate Helper,57885968,0.379355458
2,dbgate,17.021,query,68238,11573454150582,DbGate Helper,51873016,0.345207708
2,dbgate,17.021,query,68235,11573452248437,DbGate Helper,51709152,0.330765417
2,dbgate,17.021,query,68237,11573454073768,DbGate Helper,51643640,0.349944917
2,dbgate,17.021,query,68249,11573459157611,com.apple.SafariPlatformSupport,11059824,0.113703167
2,dbgate,17.021,query,68227,11573433931590,DbGate Helper,7619376,0.071211750
2,dbgate,17.275,query,68226,11573433789824,DbGate Helper (GPU),283771936,1.771137583
2,dbgate,17.275,query,68233,11573443188342,DbGate Helper (Renderer),175703648,2.574348375
2,dbgate,17.275,query,68224,11573423612118,DbGate,122111704,1.241440542
2,dbgate,17.275,query,68303,11573734348868,DbGate Helper,57885968,0.379355458
2,dbgate,17.275,query,68238,11573454150582,DbGate Helper,51873016,0.345207708
2,dbgate,17.275,query,68235,11573452248437,DbGate Helper,51709152,0.330765417
2,dbgate,17.275,query,68237,11573454073768,DbGate Helper,51643640,0.349944917
2,dbgate,17.275,query,68249,11573459157611,com.apple.SafariPlatformSupport,11059824,0.113703167
2,dbgate,17.275,query,68227,11573433931590,DbGate Helper,7619376,0.071211750
2,dbgate,17.531,query,68226,11573433789824,DbGate Helper (GPU),283771936,1.814968250
2,dbgate,17.531,query,68233,11573443188342,DbGate Helper (Renderer),179652192,2.655049667
2,dbgate,17.531,query,68224,11573423612118,DbGate,122111704,1.257660792
2,dbgate,17.531,query,68303,11573734348868,DbGate Helper,57885968,0.379543000
2,dbgate,17.531,query,68238,11573454150582,DbGate Helper,51873016,0.345207708
2,dbgate,17.531,query,68235,11573452248437,DbGate Helper,51709152,0.330765417
2,dbgate,17.531,query,68237,11573454073768,DbGate Helper,51643640,0.349944917
2,dbgate,17.531,query,68249,11573459157611,com.apple.SafariPlatformSupport,11141744,0.113703167
2,dbgate,17.531,query,68227,11573433931590,DbGate Helper,7619376,0.071211750
2,dbgate,17.786,query,68226,11573433789824,DbGate Helper (GPU),283771936,1.846803583
2,dbgate,17.786,query,68233,11573443188342,DbGate Helper (Renderer),181454432,2.707504417
2,dbgate,17.786,query,68224,11573423612118,DbGate,122128088,1.268454625
2,dbgate,17.786,query,68303,11573734348868,DbGate Helper,57885968,0.379543000
2,dbgate,17.786,query,68238,11573454150582,DbGate Helper,51873016,0.345290750
2,dbgate,17.786,query,68235,11573452248437,DbGate Helper,51709152,0.330856042
2,dbgate,17.786,query,68237,11573454073768,DbGate Helper,51643640,0.350025000
2,dbgate,17.786,query,68249,11573459157611,com.apple.SafariPlatformSupport,11141744,0.113703167
2,dbgate,17.786,query,68227,11573433931590,DbGate Helper,7619376,0.071211750
2,dbgate,18.036,query,68226,11573433789824,DbGate Helper (GPU),256525344,1.888801875
2,dbgate,18.036,query,68233,11573443188342,DbGate Helper (Renderer),185501280,2.782147250
2,dbgate,18.036,query,68224,11573423612118,DbGate,122128088,1.282399625
2,dbgate,18.036,query,68303,11573734348868,DbGate Helper,57885968,0.379543000
2,dbgate,18.036,query,68238,11573454150582,DbGate Helper,51873016,0.345290750
2,dbgate,18.036,query,68235,11573452248437,DbGate Helper,51709152,0.330856042
2,dbgate,18.036,query,68237,11573454073768,DbGate Helper,51643640,0.350025000
2,dbgate,18.036,query,68249,11573459157611,com.apple.SafariPlatformSupport,11649648,0.113703167
2,dbgate,18.036,query,68227,11573433931590,DbGate Helper,7619376,0.071211750
2,dbgate,18.290,query,68226,11573433789824,DbGate Helper (GPU),256377888,1.935432667
2,dbgate,18.290,query,68233,11573443188342,DbGate Helper (Renderer),189466232,2.865845750
2,dbgate,18.290,query,68224,11573423612118,DbGate,122128088,1.298720625
2,dbgate,18.290,query,68303,11573734348868,DbGate Helper,57885968,0.379543000
2,dbgate,18.290,query,68238,11573454150582,DbGate Helper,51873016,0.345290750
2,dbgate,18.290,query,68235,11573452248437,DbGate Helper,51709152,0.330856042
2,dbgate,18.290,query,68237,11573454073768,DbGate Helper,51643640,0.350025000
2,dbgate,18.290,query,68249,11573459157611,com.apple.SafariPlatformSupport,11649648,0.113703167
2,dbgate,18.290,query,68227,11573433931590,DbGate Helper,7619376,0.071211750
2,dbgate,18.544,query,68233,11573443188342,DbGate Helper (Renderer),192005752,2.921363167
2,dbgate,18.544,query,68226,11573433789824,DbGate Helper (GPU),172475424,1.972531583
2,dbgate,18.544,query,68224,11573423612118,DbGate,122128088,1.311219833
2,dbgate,18.544,query,68303,11573734348868,DbGate Helper,57820432,0.379955750
2,dbgate,18.544,query,68238,11573454150582,DbGate Helper,51873016,0.345290750
2,dbgate,18.544,query,68235,11573452248437,DbGate Helper,51709152,0.330856042
2,dbgate,18.544,query,68237,11573454073768,DbGate Helper,51643640,0.350025000
2,dbgate,18.544,query,68249,11573459157611,com.apple.SafariPlatformSupport,11649648,0.113703167
2,dbgate,18.544,query,68227,11573433931590,DbGate Helper,7619376,0.071211750
2,dbgate,18.797,query,68233,11573443188342,DbGate Helper (Renderer),197740152,3.009407958
2,dbgate,18.797,query,68226,11573433789824,DbGate Helper (GPU),167035936,2.020220625
2,dbgate,18.797,query,68224,11573423612118,DbGate,122128088,1.328871542
2,dbgate,18.797,query,68303,11573734348868,DbGate Helper,57820432,0.379955750
2,dbgate,18.797,query,68238,11573454150582,DbGate Helper,51873016,0.345392750
2,dbgate,18.797,query,68235,11573452248437,DbGate Helper,51709152,0.331008583
2,dbgate,18.797,query,68237,11573454073768,DbGate Helper,51643640,0.350129750
2,dbgate,18.797,query,68249,11573459157611,com.apple.SafariPlatformSupport,11649648,0.113703167
2,dbgate,18.797,query,68227,11573433931590,DbGate Helper,7619376,0.071211750
2,dbgate,19.052,query,68233,11573443188342,DbGate Helper (Renderer),200820344,3.085861833
2,dbgate,19.052,query,68226,11573433789824,DbGate Helper (GPU),167035936,2.063668250
2,dbgate,19.052,query,68224,11573423612118,DbGate,122128088,1.344291417
2,dbgate,19.052,query,68303,11573734348868,DbGate Helper,57820432,0.379955750
2,dbgate,19.052,query,68238,11573454150582,DbGate Helper,51873016,0.345392750
2,dbgate,19.052,query,68235,11573452248437,DbGate Helper,51709152,0.331008583
2,dbgate,19.052,query,68237,11573454073768,DbGate Helper,51643640,0.350129750
2,dbgate,19.052,query,68249,11573459157611,com.apple.SafariPlatformSupport,11649648,0.113703167
2,dbgate,19.052,query,68227,11573433931590,DbGate Helper,7619376,0.071211750
2,dbgate,19.306,query,68233,11573443188342,DbGate Helper (Renderer),202163832,3.120202000
2,dbgate,19.306,query,68226,11573433789824,DbGate Helper (GPU),166970400,2.083464958
2,dbgate,19.306,query,68224,11573423612118,DbGate,122128088,1.351008792
2,dbgate,19.306,query,68303,11573734348868,DbGate Helper,57820432,0.379955750
2,dbgate,19.306,query,68238,11573454150582,DbGate Helper,51873016,0.345392750
2,dbgate,19.306,query,68235,11573452248437,DbGate Helper,51709152,0.331008583
2,dbgate,19.306,query,68237,11573454073768,DbGate Helper,51643640,0.350129750
2,dbgate,19.306,query,68249,11573459157611,com.apple.SafariPlatformSupport,11649648,0.113703167
2,dbgate,19.306,query,68227,11573433931590,DbGate Helper,7619376,0.071211750
2,dbgate,19.558,after-query,68233,11573443188342,DbGate Helper (Renderer),202163832,3.132622875
2,dbgate,19.558,after-query,68226,11573433789824,DbGate Helper (GPU),166954016,2.090821583
2,dbgate,19.558,after-query,68224,11573423612118,DbGate,122128088,1.351969833
2,dbgate,19.558,after-query,68303,11573734348868,DbGate Helper,57820432,0.380376042
2,dbgate,19.558,after-query,68238,11573454150582,DbGate Helper,51873016,0.345392750
2,dbgate,19.558,after-query,68235,11573452248437,DbGate Helper,51709152,0.331008583
2,dbgate,19.558,after-query,68237,11573454073768,DbGate Helper,51643640,0.350129750
2,dbgate,19.558,after-query,68249,11573459157611,com.apple.SafariPlatformSupport,11649648,0.113703167
2,dbgate,19.558,after-query,68227,11573433931590,DbGate Helper,7619376,0.071211750
2,dbgate,19.808,after-query,68233,11573443188342,DbGate Helper (Renderer),202163832,3.142200667
2,dbgate,19.808,after-query,68226,11573433789824,DbGate Helper (GPU),154862624,2.103738583
2,dbgate,19.808,after-query,68224,11573423612118,DbGate,122128088,1.353034625
2,dbgate,19.808,after-query,68303,11573734348868,DbGate Helper,57820432,0.380376042
2,dbgate,19.808,after-query,68238,11573454150582,DbGate Helper,51873016,0.345687792
2,dbgate,19.808,after-query,68235,11573452248437,DbGate Helper,51709152,0.331246625
2,dbgate,19.808,after-query,68237,11573454073768,DbGate Helper,51643640,0.350352208
2,dbgate,19.808,after-query,68249,11573459157611,com.apple.SafariPlatformSupport,11649648,0.113703167
2,dbgate,19.808,after-query,68227,11573433931590,DbGate Helper,7619376,0.071211750
2,dbgate,20.064,after-query,68233,11573443188342,DbGate Helper (Renderer),202163832,3.152660917
2,dbgate,20.064,after-query,68226,11573433789824,DbGate Helper (GPU),154879008,2.113555917
2,dbgate,20.064,after-query,68224,11573423612118,DbGate,122128088,1.353034625
2,dbgate,20.064,after-query,68303,11573734348868,DbGate Helper,57820432,0.380376042
2,dbgate,20.064,after-query,68238,11573454150582,DbGate Helper,51873016,0.345687792
2,dbgate,20.064,after-query,68235,11573452248437,DbGate Helper,51709152,0.331246625
2,dbgate,20.064,after-query,68237,11573454073768,DbGate Helper,51643640,0.350352208
2,dbgate,20.064,after-query,68249,11573459157611,com.apple.SafariPlatformSupport,11649648,0.113703167
2,dbgate,20.064,after-query,68227,11573433931590,DbGate Helper,7619376,0.071211750
2,dbgate,20.319,after-query,68233,11573443188342,DbGate Helper (Renderer),202163832,3.160706000
2,dbgate,20.319,after-query,68226,11573433789824,DbGate Helper (GPU),152405024,2.121473917
2,dbgate,20.319,after-query,68224,11573423612118,DbGate,122128088,1.353034625
2,dbgate,20.319,after-query,68303,11573734348868,DbGate Helper,57820432,0.380376042
2,dbgate,20.319,after-query,68238,11573454150582,DbGate Helper,51873016,0.345687792
2,dbgate,20.319,after-query,68235,11573452248437,DbGate Helper,51709152,0.331246625
2,dbgate,20.319,after-query,68237,11573454073768,DbGate Helper,51643640,0.350352208
2,dbgate,20.319,after-query,68249,11573459157611,com.apple.SafariPlatformSupport,11649648,0.113703167
2,dbgate,20.319,after-query,68227,11573433931590,DbGate Helper,7619376,0.071211750
2,dbgate,20.570,after-query,68233,11573443188342,DbGate Helper (Renderer),202163832,3.167883917
2,dbgate,20.570,after-query,68226,11573433789824,DbGate Helper (GPU),147162144,2.127755458
2,dbgate,20.570,after-query,68224,11573423612118,DbGate,122128088,1.353656208
2,dbgate,20.570,after-query,68303,11573734348868,DbGate Helper,57820432,0.380808333
2,dbgate,20.570,after-query,68238,11573454150582,DbGate Helper,51873016,0.345687792
2,dbgate,20.570,after-query,68235,11573452248437,DbGate Helper,51709152,0.331246625
2,dbgate,20.570,after-query,68237,11573454073768,DbGate Helper,51643640,0.350352208
2,dbgate,20.570,after-query,68249,11573459157611,com.apple.SafariPlatformSupport,11649648,0.113703167
2,dbgate,20.570,after-query,68227,11573433931590,DbGate Helper,7619376,0.071211750
2,dbgate,20.823,after-query,68233,11573443188342,DbGate Helper (Renderer),202163832,3.176961000
2,dbgate,20.823,after-query,68226,11573433789824,DbGate Helper (GPU),147162144,2.138397542
2,dbgate,20.823,after-query,68224,11573423612118,DbGate,122128088,1.354714042
2,dbgate,20.823,after-query,68303,11573734348868,DbGate Helper,57820432,0.380808333
2,dbgate,20.823,after-query,68238,11573454150582,DbGate Helper,51873016,0.345988958
2,dbgate,20.823,after-query,68235,11573452248437,DbGate Helper,51709152,0.331517042
2,dbgate,20.823,after-query,68237,11573454073768,DbGate Helper,51643640,0.350694542
2,dbgate,20.823,after-query,68249,11573459157611,com.apple.SafariPlatformSupport,11649648,0.113703167
2,dbgate,20.823,after-query,68227,11573433931590,DbGate Helper,7619376,0.071211750
2,dbgate,21.078,after-query,68233,11573443188342,DbGate Helper (Renderer),201721440,3.185754917
2,dbgate,21.078,after-query,68226,11573433789824,DbGate Helper (GPU),129942560,2.152033750
2,dbgate,21.078,after-query,68224,11573423612118,DbGate,122128088,1.354959167
2,dbgate,21.078,after-query,68303,11573734348868,DbGate Helper,57820432,0.380808333
2,dbgate,21.078,after-query,68238,11573454150582,DbGate Helper,51873016,0.345988958
2,dbgate,21.078,after-query,68235,11573452248437,DbGate Helper,51709152,0.331517042
2,dbgate,21.078,after-query,68237,11573454073768,DbGate Helper,51643640,0.350694542
2,dbgate,21.078,after-query,68249,11573459157611,com.apple.SafariPlatformSupport,11649648,0.113703167
2,dbgate,21.078,after-query,68227,11573433931590,DbGate Helper,7619376,0.071211750
2,dbgate,21.333,after-query,68233,11573443188342,DbGate Helper (Renderer),201737824,3.195669042
2,dbgate,21.333,after-query,68226,11573433789824,DbGate Helper (GPU),129926176,2.159026500
2,dbgate,21.333,after-query,68224,11573423612118,DbGate,122128088,1.356720375
2,dbgate,21.333,after-query,68303,11573734348868,DbGate Helper,57836816,0.381489667
2,dbgate,21.333,after-query,68238,11573454150582,DbGate Helper,51938552,0.346952500
2,dbgate,21.333,after-query,68235,11573452248437,DbGate Helper,51709152,0.331517042
2,dbgate,21.333,after-query,68237,11573454073768,DbGate Helper,51643640,0.350694542
2,dbgate,21.333,after-query,68249,11573459157611,com.apple.SafariPlatformSupport,11649648,0.113703167
2,dbgate,21.333,after-query,68227,11573433931590,DbGate Helper,7619376,0.071211750
2,dbgate,21.588,after-query,68233,11573443188342,DbGate Helper (Renderer),201737824,3.202907375
2,dbgate,21.588,after-query,68226,11573433789824,DbGate Helper (GPU),129926176,2.165621333
2,dbgate,21.588,after-query,68224,11573423612118,DbGate,122128088,1.357324792
2,dbgate,21.588,after-query,68303,11573734348868,DbGate Helper,57836816,0.381489667
2,dbgate,21.588,after-query,68238,11573454150582,DbGate Helper,51938552,0.346952500
2,dbgate,21.588,after-query,68235,11573452248437,DbGate Helper,51709152,0.331832875
2,dbgate,21.588,after-query,68237,11573454073768,DbGate Helper,51643640,0.350694542
2,dbgate,21.588,after-query,68249,11573459157611,com.apple.SafariPlatformSupport,11649648,0.113703167
2,dbgate,21.588,after-query,68227,11573433931590,DbGate Helper,7619376,0.071211750
2,dbgate,21.840,after-query,68233,11573443188342,DbGate Helper (Renderer),201737824,3.209842208
2,dbgate,21.840,after-query,68226,11573433789824,DbGate Helper (GPU),127829024,2.176831042
2,dbgate,21.840,after-query,68224,11573423612118,DbGate,122029784,1.358293208
2,dbgate,21.840,after-query,68303,11573734348868,DbGate Helper,57836816,0.381489667
2,dbgate,21.840,after-query,68238,11573454150582,DbGate Helper,51938552,0.347309917
2,dbgate,21.840,after-query,68235,11573452248437,DbGate Helper,51709152,0.331832875
2,dbgate,21.840,after-query,68237,11573454073768,DbGate Helper,51643640,0.350927458
2,dbgate,21.840,after-query,68249,11573459157611,com.apple.SafariPlatformSupport,11649648,0.113703167
2,dbgate,21.840,after-query,68227,11573433931590,DbGate Helper,7619376,0.071211750
2,dbgate,22.095,after-query,68233,11573443188342,DbGate Helper (Renderer),201737824,3.220022125
2,dbgate,22.095,after-query,68226,11573433789824,DbGate Helper (GPU),127812640,2.187342958
2,dbgate,22.095,after-query,68224,11573423612118,DbGate,122029784,1.358293208
2,dbgate,22.095,after-query,68303,11573734348868,DbGate Helper,57836816,0.381489667
2,dbgate,22.095,after-query,68238,11573454150582,DbGate Helper,51938552,0.347309917
2,dbgate,22.095,after-query,68235,11573452248437,DbGate Helper,51709152,0.331832875
2,dbgate,22.095,after-query,68237,11573454073768,DbGate Helper,51643640,0.350927458
2,dbgate,22.095,after-query,68249,11573459157611,com.apple.SafariPlatformSupport,11649648,0.113703167
2,dbgate,22.095,after-query,68227,11573433931590,DbGate Helper,7619376,0.071211750
2,dbgate,22.353,after-query,68233,11573443188342,DbGate Helper (Renderer),201737824,3.228667000
2,dbgate,22.353,after-query,68226,11573433789824,DbGate Helper (GPU),127796256,2.195304667
2,dbgate,22.353,after-query,68224,11573423612118,DbGate,122029784,1.358839750
2,dbgate,22.353,after-query,68303,11573734348868,DbGate Helper,57836816,0.381967750
2,dbgate,22.353,after-query,68238,11573454150582,DbGate Helper,51938552,0.347309917
2,dbgate,22.353,after-query,68235,11573452248437,DbGate Helper,51709152,0.331832875
2,dbgate,22.353,after-query,68237,11573454073768,DbGate Helper,51643640,0.350927458
2,dbgate,22.353,after-query,68249,11573459157611,com.apple.SafariPlatformSupport,11649648,0.113703167
2,dbgate,22.353,after-query,68227,11573433931590,DbGate Helper,7619376,0.071211750
2,dbgate,22.608,after-query,68233,11573443188342,DbGate Helper (Renderer),201737824,3.236012375
2,dbgate,22.608,after-query,68226,11573433789824,DbGate Helper (GPU),127796256,2.202032833
2,dbgate,22.608,after-query,68224,11573423612118,DbGate,122029784,1.359211833
2,dbgate,22.608,after-query,68303,11573734348868,DbGate Helper,57836816,0.381967750
2,dbgate,22.608,after-query,68238,11573454150582,DbGate Helper,51938552,0.347309917
2,dbgate,22.608,after-query,68235,11573452248437,DbGate Helper,51709152,0.332036458
2,dbgate,22.608,after-query,68237,11573454073768,DbGate Helper,51643640,0.350927458
2,dbgate,22.608,after-query,68249,11573459157611,com.apple.SafariPlatformSupport,11649648,0.113703167
2,dbgate,22.608,after-query,68227,11573433931590,DbGate Helper,7619376,0.071211750
2,dbgate,22.863,after-query,68233,11573443188342,DbGate Helper (Renderer),201737824,3.245768333
2,dbgate,22.863,after-query,68226,11573433789824,DbGate Helper (GPU),127763488,2.212242542
2,dbgate,22.863,after-query,68224,11573423612118,DbGate,122029784,1.359698833
2,dbgate,22.863,after-query,68303,11573734348868,DbGate Helper,57836816,0.381967750
2,dbgate,22.863,after-query,68238,11573454150582,DbGate Helper,51938552,0.347514792
2,dbgate,22.863,after-query,68235,11573452248437,DbGate Helper,51709152,0.332036458
2,dbgate,22.863,after-query,68237,11573454073768,DbGate Helper,51643640,0.351127625
2,dbgate,22.863,after-query,68249,11573459157611,com.apple.SafariPlatformSupport,11649648,0.113703167
2,dbgate,22.863,after-query,68227,11573433931590,DbGate Helper,7619376,0.071211750
2,dbgate,23.117,after-query,68233,11573443188342,DbGate Helper (Renderer),201737824,3.252113000
2,dbgate,23.117,after-query,68226,11573433789824,DbGate Helper (GPU),127779872,2.219453750
2,dbgate,23.117,after-query,68224,11573423612118,DbGate,122029784,1.359698833
2,dbgate,23.117,after-query,68303,11573734348868,DbGate Helper,57836816,0.381967750
2,dbgate,23.117,after-query,68238,11573454150582,DbGate Helper,51938552,0.347514792
2,dbgate,23.117,after-query,68235,11573452248437,DbGate Helper,51709152,0.332036458
2,dbgate,23.117,after-query,68237,11573454073768,DbGate Helper,51643640,0.351127625
2,dbgate,23.117,after-query,68249,11573459157611,com.apple.SafariPlatformSupport,11649648,0.113703167
2,dbgate,23.117,after-query,68227,11573433931590,DbGate Helper,7619376,0.071211750
2,dbgate,23.372,after-query,68233,11573443188342,DbGate Helper (Renderer),201737824,3.259711458
2,dbgate,23.372,after-query,68226,11573433789824,DbGate Helper (GPU),127763488,2.227320333
2,dbgate,23.372,after-query,68224,11573423612118,DbGate,122029784,1.360304500
2,dbgate,23.372,after-query,68303,11573734348868,DbGate Helper,57836816,0.383095500
2,dbgate,23.372,after-query,68238,11573454150582,DbGate Helper,51938552,0.347514792
2,dbgate,23.372,after-query,68235,11573452248437,DbGate Helper,51709152,0.332036458
2,dbgate,23.372,after-query,68237,11573454073768,DbGate Helper,51643640,0.351127625
2,dbgate,23.372,after-query,68249,11573459157611,com.apple.SafariPlatformSupport,11649648,0.113703167
2,dbgate,23.372,after-query,68227,11573433931590,DbGate Helper,7619376,0.071211750
2,dbgate,23.628,after-query,68233,11573443188342,DbGate Helper (Renderer),201770592,3.269382083
2,dbgate,23.628,after-query,68226,11573433789824,DbGate Helper (GPU),127779872,2.236325083
2,dbgate,23.628,after-query,68224,11573423612118,DbGate,122029784,1.361328042
2,dbgate,23.628,after-query,68303,11573734348868,DbGate Helper,57836816,0.383095500
2,dbgate,23.628,after-query,68238,11573454150582,DbGate Helper,51938552,0.347727833
2,dbgate,23.628,after-query,68235,11573452248437,DbGate Helper,51709152,0.332291750
2,dbgate,23.628,after-query,68237,11573454073768,DbGate Helper,51643640,0.351422333
2,dbgate,23.628,after-query,68249,11573459157611,com.apple.SafariPlatformSupport,11649648,0.113703167
2,dbgate,23.628,after-query,68227,11573433931590,DbGate Helper,7619376,0.071211750
2,dbgate,23.882,after-query,68233,11573443188342,DbGate Helper (Renderer),201770592,3.277204917
2,dbgate,23.882,after-query,68226,11573433789824,DbGate Helper (GPU),127763488,2.244444708
2,dbgate,23.882,after-query,68224,11573423612118,DbGate,122029784,1.361328042
2,dbgate,23.882,after-query,68303,11573734348868,DbGate Helper,57836816,0.383095500
2,dbgate,23.882,after-query,68238,11573454150582,DbGate Helper,51938552,0.347727833
2,dbgate,23.882,after-query,68235,11573452248437,DbGate Helper,51709152,0.332291750
2,dbgate,23.882,after-query,68237,11573454073768,DbGate Helper,51643640,0.351422333
2,dbgate,23.882,after-query,68249,11573459157611,com.apple.SafariPlatformSupport,11649648,0.113703167
2,dbgate,23.882,after-query,68227,11573433931590,DbGate Helper,7619376,0.071211750
2,dbgate,24.137,after-query,68233,11573443188342,DbGate Helper (Renderer),201770592,3.284524125
2,dbgate,24.137,after-query,68226,11573433789824,DbGate Helper (GPU),127779872,2.252505083
2,dbgate,24.137,after-query,68224,11573423612118,DbGate,122046168,1.361328042
2,dbgate,24.137,after-query,68303,11573734348868,DbGate Helper,57820432,0.383095500
2,dbgate,24.137,after-query,68238,11573454150582,DbGate Helper,51938552,0.347727833
2,dbgate,24.137,after-query,68235,11573452248437,DbGate Helper,51709152,0.332291750
2,dbgate,24.137,after-query,68237,11573454073768,DbGate Helper,51643640,0.351422333
2,dbgate,24.137,after-query,68249,11573459157611,com.apple.SafariPlatformSupport,11993712,0.113703167
2,dbgate,24.137,after-query,68227,11573433931590,DbGate Helper,7619376,0.071211750
2,pgpad,0.254,launch,68402,11574278004209,pgpad-tauri,18203632,0.132591375
2,pgpad,0.254,launch,68403,11574282905033,com.apple.WebKit.GPU,1147144,0.005836875
2,pgpad,0.508,settle,68402,11574278004209,pgpad-tauri,30082080,0.321421667
2,pgpad,0.508,settle,68405,11574283323438,com.apple.WebKit.Networking,6455800,0.022551750
2,pgpad,0.508,settle,68403,11574282905033,com.apple.WebKit.GPU,5587496,0.031522042
2,pgpad,0.508,settle,68406,11574283395648,com.apple.WebKit.WebContent,5243384,0.031636458
2,pgpad,0.762,settle,68402,11574278004209,pgpad-tauri,30327840,0.358373792
2,pgpad,0.762,settle,68406,11574283395648,com.apple.WebKit.WebContent,10027680,0.085043500
2,pgpad,0.762,settle,68405,11574283323438,com.apple.WebKit.Networking,6930960,0.027845542
2,pgpad,0.762,settle,68403,11574282905033,com.apple.WebKit.GPU,5571112,0.031611167
2,pgpad,1.012,settle,68406,11574283395648,com.apple.WebKit.WebContent,146899688,0.264306167
2,pgpad,1.012,settle,68403,11574282905033,com.apple.WebKit.GPU,38814512,0.101783250
2,pgpad,1.012,settle,68402,11574278004209,pgpad-tauri,33506336,0.381656875
2,pgpad,1.012,settle,68405,11574283323438,com.apple.WebKit.Networking,7422480,0.029461167
2,pgpad,1.012,settle,68410,11574298200296,com.apple.audio.SandboxHelper,5489144,0.022141708
2,pgpad,1.267,settle,68406,11574283395648,com.apple.WebKit.WebContent,146899688,0.264685792
2,pgpad,1.267,settle,68403,11574282905033,com.apple.WebKit.GPU,38814512,0.101871333
2,pgpad,1.267,settle,68402,11574278004209,pgpad-tauri,33293344,0.383042458
2,pgpad,1.267,settle,68405,11574283323438,com.apple.WebKit.Networking,7406096,0.029551958
2,pgpad,1.267,settle,68410,11574298200296,com.apple.audio.SandboxHelper,5489144,0.022141708
2,pgpad,1.523,settle,68406,11574283395648,com.apple.WebKit.WebContent,141853416,0.267963292
2,pgpad,1.523,settle,68403,11574282905033,com.apple.WebKit.GPU,38716208,0.102557958
2,pgpad,1.523,settle,68402,11574278004209,pgpad-tauri,33227808,0.385208125
2,pgpad,1.523,settle,68405,11574283323438,com.apple.WebKit.Networking,7062032,0.030265458
2,pgpad,1.523,settle,68410,11574298200296,com.apple.audio.SandboxHelper,5489144,0.022141708
2,pgpad,1.777,settle,68406,11574283395648,com.apple.WebKit.WebContent,139248360,0.281075000
2,pgpad,1.777,settle,68403,11574282905033,com.apple.WebKit.GPU,38535984,0.102945000
2,pgpad,1.777,settle,68402,11574278004209,pgpad-tauri,32703520,0.385963542
2,pgpad,1.777,settle,68405,11574283323438,com.apple.WebKit.Networking,6930960,0.030483250
2,pgpad,1.777,settle,68410,11574298200296,com.apple.audio.SandboxHelper,5489144,0.022141708
2,pgpad,2.028,settle,68406,11574283395648,com.apple.WebKit.WebContent,138986216,0.285758917
2,pgpad,2.028,settle,68403,11574282905033,com.apple.WebKit.GPU,38519600,0.103332750
2,pgpad,2.028,settle,68402,11574278004209,pgpad-tauri,32506912,0.387136333
2,pgpad,2.028,settle,68405,11574283323438,com.apple.WebKit.Networking,6488592,0.030786917
2,pgpad,2.028,settle,68410,11574298200296,com.apple.audio.SandboxHelper,5472760,0.022387958
2,pgpad,2.279,settle,68406,11574283395648,com.apple.WebKit.WebContent,97796840,0.287131458
2,pgpad,2.279,settle,68402,11574278004209,pgpad-tauri,31556640,0.387681125
2,pgpad,2.279,settle,68403,11574282905033,com.apple.WebKit.GPU,16876336,0.105238958
2,pgpad,2.279,settle,68405,11574283323438,com.apple.WebKit.Networking,6488592,0.030915958
2,pgpad,2.279,settle,68410,11574298200296,com.apple.audio.SandboxHelper,5472760,0.022387958
2,pgpad,2.535,settle,68406,11574283395648,com.apple.WebKit.WebContent,97288936,0.287650625
2,pgpad,2.535,settle,68402,11574278004209,pgpad-tauri,31556640,0.387916000
2,pgpad,2.535,settle,68403,11574282905033,com.apple.WebKit.GPU,16843568,0.105434750
2,pgpad,2.535,settle,68405,11574283323438,com.apple.WebKit.Networking,6488592,0.031105750
2,pgpad,2.535,settle,68410,11574298200296,com.apple.audio.SandboxHelper,5472760,0.022387958
2,pgpad,2.787,settle,68406,11574283395648,com.apple.WebKit.WebContent,98075368,0.288164458
2,pgpad,2.787,settle,68402,11574278004209,pgpad-tauri,31573024,0.388155875
2,pgpad,2.787,settle,68403,11574282905033,com.apple.WebKit.GPU,17826608,0.105635875
2,pgpad,2.787,settle,68405,11574283323438,com.apple.WebKit.Networking,6783504,0.031145125
2,pgpad,2.787,settle,68410,11574298200296,com.apple.audio.SandboxHelper,5472760,0.022387958
2,pgpad,3.042,settle,68406,11574283395648,com.apple.WebKit.WebContent,98075368,0.288573167
2,pgpad,3.042,settle,68402,11574278004209,pgpad-tauri,31573024,0.388250583
2,pgpad,3.042,settle,68403,11574282905033,com.apple.WebKit.GPU,17826608,0.105815417
2,pgpad,3.042,settle,68405,11574283323438,com.apple.WebKit.Networking,6783504,0.031145125
2,pgpad,3.042,settle,68410,11574298200296,com.apple.audio.SandboxHelper,5472760,0.022387958
2,pgpad,3.297,settle,68406,11574283395648,com.apple.WebKit.WebContent,98026216,0.289288542
2,pgpad,3.297,settle,68402,11574278004209,pgpad-tauri,31573024,0.388351583
2,pgpad,3.297,settle,68403,11574282905033,com.apple.WebKit.GPU,17793840,0.106062000
2,pgpad,3.297,settle,68405,11574283323438,com.apple.WebKit.Networking,6783504,0.031145125
2,pgpad,3.297,settle,68410,11574298200296,com.apple.audio.SandboxHelper,5472760,0.022387958
2,pgpad,3.552,settle,68406,11574283395648,com.apple.WebKit.WebContent,97960680,0.289750583
2,pgpad,3.552,settle,68402,11574278004209,pgpad-tauri,31573024,0.388351583
2,pgpad,3.552,settle,68403,11574282905033,com.apple.WebKit.GPU,17777456,0.106274792
2,pgpad,3.552,settle,68405,11574283323438,com.apple.WebKit.Networking,6783504,0.031145125
2,pgpad,3.552,settle,68410,11574298200296,com.apple.audio.SandboxHelper,5472760,0.022387958
2,pgpad,3.807,settle,68406,11574283395648,com.apple.WebKit.WebContent,97960680,0.289750583
2,pgpad,3.807,settle,68402,11574278004209,pgpad-tauri,31573024,0.388674250
2,pgpad,3.807,settle,68403,11574282905033,com.apple.WebKit.GPU,17777456,0.106342542
2,pgpad,3.807,settle,68405,11574283323438,com.apple.WebKit.Networking,6783504,0.031145125
2,pgpad,3.807,settle,68410,11574298200296,com.apple.audio.SandboxHelper,5472760,0.022387958
2,pgpad,4.062,settle,68406,11574283395648,com.apple.WebKit.WebContent,97960680,0.289853333
2,pgpad,4.062,settle,68402,11574278004209,pgpad-tauri,31573024,0.388811625
2,pgpad,4.062,settle,68403,11574282905033,com.apple.WebKit.GPU,17777456,0.106342542
2,pgpad,4.062,settle,68405,11574283323438,com.apple.WebKit.Networking,6783504,0.031145125
2,pgpad,4.062,settle,68410,11574298200296,com.apple.audio.SandboxHelper,5472760,0.022387958
2,pgpad,4.316,settle,68406,11574283395648,com.apple.WebKit.WebContent,97960680,0.289853333
2,pgpad,4.316,settle,68402,11574278004209,pgpad-tauri,31573024,0.389141500
2,pgpad,4.316,settle,68403,11574282905033,com.apple.WebKit.GPU,17777456,0.106342542
2,pgpad,4.316,settle,68405,11574283323438,com.apple.WebKit.Networking,6783504,0.031145125
2,pgpad,4.316,settle,68410,11574298200296,com.apple.audio.SandboxHelper,5472760,0.022387958
2,pgpad,4.567,settle,68406,11574283395648,com.apple.WebKit.WebContent,97960680,0.289853333
2,pgpad,4.567,settle,68402,11574278004209,pgpad-tauri,31573024,0.389372458
2,pgpad,4.567,settle,68403,11574282905033,com.apple.WebKit.GPU,17777456,0.106342542
2,pgpad,4.567,settle,68405,11574283323438,com.apple.WebKit.Networking,6783504,0.031145125
2,pgpad,4.567,settle,68410,11574298200296,com.apple.audio.SandboxHelper,5472760,0.022387958
2,pgpad,4.817,settle,68406,11574283395648,com.apple.WebKit.WebContent,97960680,0.289853333
2,pgpad,4.817,settle,68402,11574278004209,pgpad-tauri,31573024,0.389372458
2,pgpad,4.817,settle,68403,11574282905033,com.apple.WebKit.GPU,17777456,0.106342542
2,pgpad,4.817,settle,68405,11574283323438,com.apple.WebKit.Networking,6783504,0.031145125
2,pgpad,4.817,settle,68410,11574298200296,com.apple.audio.SandboxHelper,5472760,0.022387958
2,pgpad,5.072,settle,68406,11574283395648,com.apple.WebKit.WebContent,97960680,0.289853333
2,pgpad,5.072,settle,68402,11574278004209,pgpad-tauri,31573024,0.389372458
2,pgpad,5.072,settle,68403,11574282905033,com.apple.WebKit.GPU,17777456,0.106342542
2,pgpad,5.072,settle,68405,11574283323438,com.apple.WebKit.Networking,6783504,0.031145125
2,pgpad,5.072,settle,68410,11574298200296,com.apple.audio.SandboxHelper,5472760,0.022387958
2,pgpad,5.327,settle,68406,11574283395648,com.apple.WebKit.WebContent,97960680,0.289853333
2,pgpad,5.327,settle,68402,11574278004209,pgpad-tauri,31441952,0.390428042
2,pgpad,5.327,settle,68403,11574282905033,com.apple.WebKit.GPU,17777456,0.106342542
2,pgpad,5.327,settle,68405,11574283323438,com.apple.WebKit.Networking,6783504,0.031145125
2,pgpad,5.327,settle,68410,11574298200296,com.apple.audio.SandboxHelper,5472760,0.022387958
2,pgpad,5.583,query,68406,11574283395648,com.apple.WebKit.WebContent,97960680,0.289853333
2,pgpad,5.583,query,68402,11574278004209,pgpad-tauri,31409184,0.391237542
2,pgpad,5.583,query,68403,11574282905033,com.apple.WebKit.GPU,17777456,0.106387917
2,pgpad,5.583,query,68405,11574283323438,com.apple.WebKit.Networking,6980112,0.035010417
2,pgpad,5.583,query,68410,11574298200296,com.apple.audio.SandboxHelper,5472760,0.022387958
2,pgpad,5.835,query,68406,11574283395648,com.apple.WebKit.WebContent,97960680,0.290037500
2,pgpad,5.835,query,68402,11574278004209,pgpad-tauri,31409184,0.391237542
2,pgpad,5.835,query,68403,11574282905033,com.apple.WebKit.GPU,17777456,0.106387917
2,pgpad,5.835,query,68405,11574283323438,com.apple.WebKit.Networking,6930960,0.035250042
2,pgpad,5.835,query,68410,11574298200296,com.apple.audio.SandboxHelper,5472760,0.022387958
2,pgpad,6.090,query,68406,11574283395648,com.apple.WebKit.WebContent,97977064,0.290292167
2,pgpad,6.090,query,68402,11574278004209,pgpad-tauri,31409184,0.391237542
2,pgpad,6.090,query,68403,11574282905033,com.apple.WebKit.GPU,17777456,0.106387917
2,pgpad,6.090,query,68405,11574283323438,com.apple.WebKit.Networking,6930960,0.035681667
2,pgpad,6.090,query,68410,11574298200296,com.apple.audio.SandboxHelper,5472760,0.022387958
2,pgpad,6.345,query,68406,11574283395648,com.apple.WebKit.WebContent,97927912,0.290379833
2,pgpad,6.345,query,68402,11574278004209,pgpad-tauri,31409184,0.391237542
2,pgpad,6.345,query,68403,11574282905033,com.apple.WebKit.GPU,17777456,0.106387917
2,pgpad,6.345,query,68405,11574283323438,com.apple.WebKit.Networking,6930960,0.035783042
2,pgpad,6.345,query,68410,11574298200296,com.apple.audio.SandboxHelper,5423608,0.022483917
2,pgpad,6.600,query,68406,11574283395648,com.apple.WebKit.WebContent,97927912,0.290379833
2,pgpad,6.600,query,68402,11574278004209,pgpad-tauri,31409184,0.391237542
2,pgpad,6.600,query,68403,11574282905033,com.apple.WebKit.GPU,17777456,0.106387917
2,pgpad,6.600,query,68405,11574283323438,com.apple.WebKit.Networking,6914576,0.036005458
2,pgpad,6.600,query,68410,11574298200296,com.apple.audio.SandboxHelper,5423608,0.022483917
2,pgpad,6.853,query,68406,11574283395648,com.apple.WebKit.WebContent,97878760,0.290631542
2,pgpad,6.853,query,68402,11574278004209,pgpad-tauri,31409184,0.391237542
2,pgpad,6.853,query,68403,11574282905033,com.apple.WebKit.GPU,17777456,0.106387917
2,pgpad,6.853,query,68405,11574283323438,com.apple.WebKit.Networking,6832656,0.036177750
2,pgpad,6.853,query,68410,11574298200296,com.apple.audio.SandboxHelper,5423608,0.022483917
2,pgpad,7.107,query,68406,11574283395648,com.apple.WebKit.WebContent,97878760,0.290631542
2,pgpad,7.107,query,68402,11574278004209,pgpad-tauri,31409184,0.391237542
2,pgpad,7.107,query,68403,11574282905033,com.apple.WebKit.GPU,17777456,0.106387917
2,pgpad,7.107,query,68405,11574283323438,com.apple.WebKit.Networking,6832656,0.036177750
2,pgpad,7.107,query,68410,11574298200296,com.apple.audio.SandboxHelper,5423608,0.022483917
2,pgpad,7.362,query,68406,11574283395648,com.apple.WebKit.WebContent,97878760,0.290631542
2,pgpad,7.362,query,68402,11574278004209,pgpad-tauri,31409184,0.391237542
2,pgpad,7.362,query,68403,11574282905033,com.apple.WebKit.GPU,17646384,0.106488875
2,pgpad,7.362,query,68405,11574283323438,com.apple.WebKit.Networking,6832656,0.036177750
2,pgpad,7.362,query,68410,11574298200296,com.apple.audio.SandboxHelper,5423608,0.022483917
2,pgpad,7.617,query,68406,11574283395648,com.apple.WebKit.WebContent,97878760,0.290631542
2,pgpad,7.617,query,68402,11574278004209,pgpad-tauri,31409184,0.391237542
2,pgpad,7.617,query,68403,11574282905033,com.apple.WebKit.GPU,17646384,0.106488875
2,pgpad,7.617,query,68405,11574283323438,com.apple.WebKit.Networking,6832656,0.036177750
2,pgpad,7.617,query,68410,11574298200296,com.apple.audio.SandboxHelper,5423608,0.022483917
2,pgpad,7.872,query,68406,11574283395648,com.apple.WebKit.WebContent,97878760,0.290631542
2,pgpad,7.872,query,68402,11574278004209,pgpad-tauri,31409184,0.391237542
2,pgpad,7.872,query,68403,11574282905033,com.apple.WebKit.GPU,17646384,0.106488875
2,pgpad,7.872,query,68405,11574283323438,com.apple.WebKit.Networking,6832656,0.036177750
2,pgpad,7.872,query,68410,11574298200296,com.apple.audio.SandboxHelper,5423608,0.022483917
2,pgpad,8.125,query,68406,11574283395648,com.apple.WebKit.WebContent,97878760,0.290631542
2,pgpad,8.125,query,68402,11574278004209,pgpad-tauri,31409184,0.391237542
2,pgpad,8.125,query,68403,11574282905033,com.apple.WebKit.GPU,17646384,0.106488875
2,pgpad,8.125,query,68405,11574283323438,com.apple.WebKit.Networking,6832656,0.036177750
2,pgpad,8.125,query,68410,11574298200296,com.apple.audio.SandboxHelper,5423608,0.022483917
2,pgpad,8.380,query,68406,11574283395648,com.apple.WebKit.WebContent,97878760,0.290631542
2,pgpad,8.380,query,68402,11574278004209,pgpad-tauri,31409184,0.391237542
2,pgpad,8.380,query,68403,11574282905033,com.apple.WebKit.GPU,17646384,0.106488875
2,pgpad,8.380,query,68405,11574283323438,com.apple.WebKit.Networking,6832656,0.036177750
2,pgpad,8.380,query,68410,11574298200296,com.apple.audio.SandboxHelper,5423608,0.022483917
2,pgpad,8.633,query,68406,11574283395648,com.apple.WebKit.WebContent,97878760,0.290631542
2,pgpad,8.633,query,68402,11574278004209,pgpad-tauri,31409184,0.391237542
2,pgpad,8.633,query,68403,11574282905033,com.apple.WebKit.GPU,17646384,0.106538458
2,pgpad,8.633,query,68405,11574283323438,com.apple.WebKit.Networking,6832656,0.036177750
2,pgpad,8.633,query,68410,11574298200296,com.apple.audio.SandboxHelper,5423608,0.022483917
2,pgpad,8.887,query,68406,11574283395648,com.apple.WebKit.WebContent,97829608,0.291882417
2,pgpad,8.887,query,68402,11574278004209,pgpad-tauri,31507488,0.398314625
2,pgpad,8.887,query,68403,11574282905033,com.apple.WebKit.GPU,17646384,0.106538458
2,pgpad,8.887,query,68405,11574283323438,com.apple.WebKit.Networking,6832656,0.036177750
2,pgpad,8.887,query,68410,11574298200296,com.apple.audio.SandboxHelper,5423608,0.022483917
2,pgpad,9.142,query,68406,11574283395648,com.apple.WebKit.WebContent,97927912,0.296410917
2,pgpad,9.142,query,68402,11574278004209,pgpad-tauri,31573024,0.402238125
2,pgpad,9.142,query,68403,11574282905033,com.apple.WebKit.GPU,17646384,0.106538458
2,pgpad,9.142,query,68405,11574283323438,com.apple.WebKit.Networking,6832656,0.036177750
2,pgpad,9.142,query,68410,11574298200296,com.apple.audio.SandboxHelper,5423608,0.022483917
2,pgpad,9.397,query,68406,11574283395648,com.apple.WebKit.WebContent,97927912,0.296856292
2,pgpad,9.397,query,68402,11574278004209,pgpad-tauri,31573024,0.402911208
2,pgpad,9.397,query,68403,11574282905033,com.apple.WebKit.GPU,17646384,0.106538458
2,pgpad,9.397,query,68405,11574283323438,com.apple.WebKit.Networking,6832656,0.036177750
2,pgpad,9.397,query,68410,11574298200296,com.apple.audio.SandboxHelper,5423608,0.022483917
2,pgpad,9.650,query,68406,11574283395648,com.apple.WebKit.WebContent,97927912,0.297331375
2,pgpad,9.650,query,68402,11574278004209,pgpad-tauri,31540256,0.403284792
2,pgpad,9.650,query,68403,11574282905033,com.apple.WebKit.GPU,17646384,0.106538458
2,pgpad,9.650,query,68405,11574283323438,com.apple.WebKit.Networking,6832656,0.036177750
2,pgpad,9.650,query,68410,11574298200296,com.apple.audio.SandboxHelper,5423608,0.022483917
2,pgpad,9.905,query,68406,11574283395648,com.apple.WebKit.WebContent,97927912,0.297628500
2,pgpad,9.905,query,68402,11574278004209,pgpad-tauri,31540256,0.403456458
2,pgpad,9.905,query,68403,11574282905033,com.apple.WebKit.GPU,17646384,0.106538458
2,pgpad,9.905,query,68405,11574283323438,com.apple.WebKit.Networking,6832656,0.036177750
2,pgpad,9.905,query,68410,11574298200296,com.apple.audio.SandboxHelper,5423608,0.022483917
2,pgpad,10.157,query,68406,11574283395648,com.apple.WebKit.WebContent,97895144,0.298194333
2,pgpad,10.157,query,68402,11574278004209,pgpad-tauri,31474720,0.403809000
2,pgpad,10.157,query,68403,11574282905033,com.apple.WebKit.GPU,17646384,0.106538458
2,pgpad,10.157,query,68405,11574283323438,com.apple.WebKit.Networking,6832656,0.036177750
2,pgpad,10.157,query,68410,11574298200296,com.apple.audio.SandboxHelper,5423608,0.022483917
2,pgpad,10.412,query,68406,11574283395648,com.apple.WebKit.WebContent,97895144,0.298290542
2,pgpad,10.412,query,68402,11574278004209,pgpad-tauri,31474720,0.403855292
2,pgpad,10.412,query,68403,11574282905033,com.apple.WebKit.GPU,17646384,0.106538458
2,pgpad,10.412,query,68405,11574283323438,com.apple.WebKit.Networking,6832656,0.036177750
2,pgpad,10.412,query,68410,11574298200296,com.apple.audio.SandboxHelper,5423608,0.022483917
2,pgpad,10.666,query,68406,11574283395648,com.apple.WebKit.WebContent,149668608,0.312039333
2,pgpad,10.666,query,68403,11574282905033,com.apple.WebKit.GPU,32277296,0.120738250
2,pgpad,10.666,query,68402,11574278004209,pgpad-tauri,31540256,0.410828042
2,pgpad,10.666,query,68405,11574283323438,com.apple.WebKit.Networking,6767120,0.037272458
2,pgpad,10.666,query,68410,11574298200296,com.apple.audio.SandboxHelper,5423608,0.022483917
2,pgpad,10.921,query,68406,11574283395648,com.apple.WebKit.WebContent,203866880,0.365126792
2,pgpad,10.921,query,68403,11574282905033,com.apple.WebKit.GPU,39453584,0.169446917
2,pgpad,10.921,query,68402,11574278004209,pgpad-tauri,31900704,0.438018542
2,pgpad,10.921,query,68405,11574283323438,com.apple.WebKit.Networking,6767120,0.037344333
2,pgpad,10.921,query,68410,11574298200296,com.apple.audio.SandboxHelper,5423608,0.022483917
2,pgpad,11.176,query,68406,11574283395648,com.apple.WebKit.WebContent,203703040,0.366374250
2,pgpad,11.176,query,68403,11574282905033,com.apple.WebKit.GPU,39453584,0.169618458
2,pgpad,11.176,query,68402,11574278004209,pgpad-tauri,31867936,0.438666500
2,pgpad,11.176,query,68405,11574283323438,com.apple.WebKit.Networking,6701584,0.037483292
2,pgpad,11.176,query,68410,11574298200296,com.apple.audio.SandboxHelper,5423608,0.022483917
2,pgpad,11.431,query,68406,11574283395648,com.apple.WebKit.WebContent,203555584,0.369291750
2,pgpad,11.431,query,68403,11574282905033,com.apple.WebKit.GPU,39420816,0.171061583
2,pgpad,11.431,query,68402,11574278004209,pgpad-tauri,31917088,0.441327542
2,pgpad,11.431,query,68405,11574283323438,com.apple.WebKit.Networking,6701584,0.037706958
2,pgpad,11.431,query,68410,11574298200296,com.apple.audio.SandboxHelper,5423608,0.022483917
2,pgpad,11.686,query,68406,11574283395648,com.apple.WebKit.WebContent,203096832,0.370148208
2,pgpad,11.686,query,68403,11574282905033,com.apple.WebKit.GPU,39404432,0.171538958
2,pgpad,11.686,query,68402,11574278004209,pgpad-tauri,31917088,0.441588167
2,pgpad,11.686,query,68405,11574283323438,com.apple.WebKit.Networking,6701584,0.038012875
2,pgpad,11.686,query,68410,11574298200296,com.apple.audio.SandboxHelper,5423608,0.022483917
2,pgpad,11.941,query,68406,11574283395648,com.apple.WebKit.WebContent,152961792,0.392479917
2,pgpad,11.941,query,68403,11574282905033,com.apple.WebKit.GPU,39027600,0.177450250
2,pgpad,11.941,query,68402,11574278004209,pgpad-tauri,31999008,0.461019833
2,pgpad,11.941,query,68405,11574283323438,com.apple.WebKit.Networking,6685200,0.038170750
2,pgpad,11.941,query,68410,11574298200296,com.apple.audio.SandboxHelper,5423608,0.022483917
2,pgpad,12.195,query,68406,11574283395648,com.apple.WebKit.WebContent,152781568,0.402637333
2,pgpad,12.195,query,68403,11574282905033,com.apple.WebKit.GPU,39273360,0.177942417
2,pgpad,12.195,query,68402,11574278004209,pgpad-tauri,32097312,0.471398125
2,pgpad,12.195,query,68461,11574565701946,com.apple.SafariPlatformSupport,9831000,0.115291583
2,pgpad,12.195,query,68405,11574283323438,com.apple.WebKit.Networking,6685200,0.038215208
2,pgpad,12.195,query,68410,11574298200296,com.apple.audio.SandboxHelper,5423608,0.022483917
2,pgpad,12.449,query,68406,11574283395648,com.apple.WebKit.WebContent,165692160,0.408250500
2,pgpad,12.449,query,68403,11574282905033,com.apple.WebKit.GPU,39289744,0.179458167
2,pgpad,12.449,query,68402,11574278004209,pgpad-tauri,32703520,0.484274042
2,pgpad,12.449,query,68461,11574565701946,com.apple.SafariPlatformSupport,9814616,0.117136333
2,pgpad,12.449,query,68405,11574283323438,com.apple.WebKit.Networking,6685200,0.038215208
2,pgpad,12.449,query,68410,11574298200296,com.apple.audio.SandboxHelper,5423608,0.022483917
2,pgpad,12.700,query,68406,11574283395648,com.apple.WebKit.WebContent,165692160,0.409329917
2,pgpad,12.700,query,68403,11574282905033,com.apple.WebKit.GPU,36946832,0.179751167
2,pgpad,12.700,query,68402,11574278004209,pgpad-tauri,32687136,0.484635917
2,pgpad,12.700,query,68461,11574565701946,com.apple.SafariPlatformSupport,9814616,0.117136333
2,pgpad,12.700,query,68405,11574283323438,com.apple.WebKit.Networking,6685200,0.038215208
2,pgpad,12.700,query,68410,11574298200296,com.apple.audio.SandboxHelper,5423608,0.022483917
2,pgpad,12.955,query,68406,11574283395648,com.apple.WebKit.WebContent,166986496,0.432609208
2,pgpad,12.955,query,68403,11574282905033,com.apple.WebKit.GPU,54723496,0.190474792
2,pgpad,12.955,query,68402,11574278004209,pgpad-tauri,33031224,0.500920375
2,pgpad,12.955,query,68461,11574565701946,com.apple.SafariPlatformSupport,9814616,0.117136333
2,pgpad,12.955,query,68405,11574283323438,com.apple.WebKit.Networking,6685200,0.038215208
2,pgpad,12.955,query,68410,11574298200296,com.apple.audio.SandboxHelper,5423608,0.022483917
2,pgpad,13.210,query,68406,11574283395648,com.apple.WebKit.WebContent,166920960,0.433869375
2,pgpad,13.210,query,68403,11574282905033,com.apple.WebKit.GPU,54690728,0.191074625
2,pgpad,13.210,query,68402,11574278004209,pgpad-tauri,33014840,0.501744667
2,pgpad,13.210,query,68461,11574565701946,com.apple.SafariPlatformSupport,9814616,0.117136333
2,pgpad,13.210,query,68405,11574283323438,com.apple.WebKit.Networking,6685200,0.038215208
2,pgpad,13.210,query,68410,11574298200296,com.apple.audio.SandboxHelper,5423608,0.022483917
2,pgpad,13.465,query,68406,11574283395648,com.apple.WebKit.WebContent,165856000,0.445306583
2,pgpad,13.465,query,68403,11574282905033,com.apple.WebKit.GPU,54674344,0.196957708
2,pgpad,13.465,query,68402,11574278004209,pgpad-tauri,33047608,0.509112292
2,pgpad,13.465,query,68461,11574565701946,com.apple.SafariPlatformSupport,9814616,0.117309083
2,pgpad,13.465,query,68405,11574283323438,com.apple.WebKit.Networking,6685200,0.038215208
2,pgpad,13.465,query,68410,11574298200296,com.apple.audio.SandboxHelper,5423608,0.022483917
2,pgpad,13.720,query,68406,11574283395648,com.apple.WebKit.WebContent,166003456,0.464323708
2,pgpad,13.720,query,68403,11574282905033,com.apple.WebKit.GPU,54477736,0.198755250
2,pgpad,13.720,query,68402,11574278004209,pgpad-tauri,33047608,0.516974667
2,pgpad,13.720,query,68461,11574565701946,com.apple.SafariPlatformSupport,9814616,0.117309083
2,pgpad,13.720,query,68405,11574283323438,com.apple.WebKit.Networking,6685200,0.038215208
2,pgpad,13.720,query,68410,11574298200296,com.apple.audio.SandboxHelper,5423608,0.022483917
2,pgpad,13.975,query,68406,11574283395648,com.apple.WebKit.WebContent,127681280,0.465187583
2,pgpad,13.975,query,68403,11574282905033,com.apple.WebKit.GPU,51282856,0.199833458
2,pgpad,13.975,query,68402,11574278004209,pgpad-tauri,33031224,0.517476708
2,pgpad,13.975,query,68461,11574565701946,com.apple.SafariPlatformSupport,9814616,0.117309083
2,pgpad,13.975,query,68405,11574283323438,com.apple.WebKit.Networking,6685200,0.038215208
2,pgpad,13.975,query,68410,11574298200296,com.apple.audio.SandboxHelper,5423608,0.022483917
2,pgpad,14.230,query,68406,11574283395648,com.apple.WebKit.WebContent,167052032,0.492545750
2,pgpad,14.230,query,68403,11574282905033,com.apple.WebKit.GPU,51561408,0.206010958
2,pgpad,14.230,query,68402,11574278004209,pgpad-tauri,32998456,0.526123333
2,pgpad,14.230,query,68461,11574565701946,com.apple.SafariPlatformSupport,9814616,0.117430667
2,pgpad,14.230,query,68405,11574283323438,com.apple.WebKit.Networking,6685200,0.038215208
2,pgpad,14.230,query,68410,11574298200296,com.apple.audio.SandboxHelper,5423608,0.022483917
2,pgpad,14.485,query,68406,11574283395648,com.apple.WebKit.WebContent,256688920,0.679288958
2,pgpad,14.485,query,68403,11574282905033,com.apple.WebKit.GPU,60949464,0.233929375
2,pgpad,14.485,query,68402,11574278004209,pgpad-tauri,34915384,0.559027083
2,pgpad,14.485,query,68461,11574565701946,com.apple.SafariPlatformSupport,9814616,0.117470292
2,pgpad,14.485,query,68405,11574283323438,com.apple.WebKit.Networking,6685200,0.038215208
2,pgpad,14.485,query,68410,11574298200296,com.apple.audio.SandboxHelper,5423608,0.022483917
2,pgpad,14.741,query,68406,11574283395648,com.apple.WebKit.WebContent,256639768,0.680975917
2,pgpad,14.741,query,68403,11574282905033,com.apple.WebKit.GPU,48202712,0.234874375
2,pgpad,14.741,query,68402,11574278004209,pgpad-tauri,34899000,0.559612292
2,pgpad,14.741,query,68461,11574565701946,com.apple.SafariPlatformSupport,9814616,0.117470292
2,pgpad,14.741,query,68405,11574283323438,com.apple.WebKit.Networking,6685200,0.038215208
2,pgpad,14.741,query,68410,11574298200296,com.apple.audio.SandboxHelper,5423608,0.022483917
2,pgpad,14.991,query,68406,11574283395648,com.apple.WebKit.WebContent,252576536,0.689714583
2,pgpad,14.991,query,68403,11574282905033,com.apple.WebKit.GPU,48137176,0.236116917
2,pgpad,14.991,query,68402,11574278004209,pgpad-tauri,34882616,0.562667500
2,pgpad,14.991,query,68461,11574565701946,com.apple.SafariPlatformSupport,9814616,0.117470292
2,pgpad,14.991,query,68405,11574283323438,com.apple.WebKit.Networking,6685200,0.038215208
2,pgpad,14.991,query,68410,11574298200296,com.apple.audio.SandboxHelper,5423608,0.022483917
2,pgpad,15.247,query,68406,11574283395648,com.apple.WebKit.WebContent,251216664,0.691208458
2,pgpad,15.247,query,68403,11574282905033,com.apple.WebKit.GPU,48137176,0.236495208
2,pgpad,15.247,query,68402,11574278004209,pgpad-tauri,34849848,0.563097333
2,pgpad,15.247,query,68461,11574565701946,com.apple.SafariPlatformSupport,9814616,0.117470292
2,pgpad,15.247,query,68405,11574283323438,com.apple.WebKit.Networking,6685200,0.038215208
2,pgpad,15.247,query,68410,11574298200296,com.apple.audio.SandboxHelper,5423608,0.022483917
2,pgpad,15.499,query,68406,11574283395648,com.apple.WebKit.WebContent,191005464,0.696252167
2,pgpad,15.499,query,68403,11574282905033,com.apple.WebKit.GPU,34866136,0.237779417
2,pgpad,15.499,query,68402,11574278004209,pgpad-tauri,34849848,0.565513833
2,pgpad,15.499,query,68461,11574565701946,com.apple.SafariPlatformSupport,9814616,0.117470292
2,pgpad,15.499,query,68405,11574283323438,com.apple.WebKit.Networking,6685200,0.038215208
2,pgpad,15.499,query,68410,11574298200296,com.apple.audio.SandboxHelper,5423608,0.022483917
2,pgpad,15.750,query,68406,11574283395648,com.apple.WebKit.WebContent,186123032,0.698818208
2,pgpad,15.750,query,68402,11574278004209,pgpad-tauri,34800696,0.566458333
2,pgpad,15.750,query,68403,11574282905033,com.apple.WebKit.GPU,21922776,0.238918583
2,pgpad,15.750,query,68461,11574565701946,com.apple.SafariPlatformSupport,9814616,0.117470292
2,pgpad,15.750,query,68405,11574283323438,com.apple.WebKit.Networking,6685200,0.038215208
2,pgpad,15.750,query,68410,11574298200296,com.apple.audio.SandboxHelper,5423608,0.022483917
2,pgpad,16.005,query,68406,11574283395648,com.apple.WebKit.WebContent,186123032,0.704121958
2,pgpad,16.005,query,68402,11574278004209,pgpad-tauri,34817080,0.568333208
2,pgpad,16.005,query,68403,11574282905033,com.apple.WebKit.GPU,21939160,0.239605125
2,pgpad,16.005,query,68461,11574565701946,com.apple.SafariPlatformSupport,9814616,0.117470292
2,pgpad,16.005,query,68405,11574283323438,com.apple.WebKit.Networking,6685200,0.038215208
2,pgpad,16.005,query,68410,11574298200296,com.apple.audio.SandboxHelper,5423608,0.022483917
2,pgpad,16.257,query,68406,11574283395648,com.apple.WebKit.WebContent,246022936,0.719067625
2,pgpad,16.257,query,68403,11574282905033,com.apple.WebKit.GPU,51708888,0.256449458
2,pgpad,16.257,query,68402,11574278004209,pgpad-tauri,34849848,0.574010000
2,pgpad,16.257,query,68461,11574565701946,com.apple.SafariPlatformSupport,9814616,0.117470292
2,pgpad,16.257,query,68405,11574283323438,com.apple.WebKit.Networking,6685200,0.039137250
2,pgpad,16.257,query,68410,11574298200296,com.apple.audio.SandboxHelper,5423608,0.022483917
2,pgpad,16.507,query,68406,11574283395648,com.apple.WebKit.WebContent,285721368,0.758008542
2,pgpad,16.507,query,68403,11574282905033,com.apple.WebKit.GPU,58377200,0.283442500
2,pgpad,16.507,query,68402,11574278004209,pgpad-tauri,34899000,0.580796250
2,pgpad,16.507,query,68461,11574565701946,com.apple.SafariPlatformSupport,9814616,0.117615750
2,pgpad,16.507,query,68405,11574283323438,com.apple.WebKit.Networking,6685200,0.039206792
2,pgpad,16.507,query,68410,11574298200296,com.apple.audio.SandboxHelper,5423608,0.022483917
2,pgpad,16.759,query,68406,11574283395648,com.apple.WebKit.WebContent,285803288,0.769743000
2,pgpad,16.759,query,68403,11574282905033,com.apple.WebKit.GPU,58393584,0.292609625
2,pgpad,16.759,query,68402,11574278004209,pgpad-tauri,34899000,0.586150917
2,pgpad,16.759,query,68461,11574565701946,com.apple.SafariPlatformSupport,9814616,0.117615750
2,pgpad,16.759,query,68405,11574283323438,com.apple.WebKit.Networking,6685200,0.039352417
2,pgpad,16.759,query,68410,11574298200296,com.apple.audio.SandboxHelper,5423608,0.022483917
2,pgpad,17.014,query,68406,11574283395648,com.apple.WebKit.WebContent,286491416,0.814461292
2,pgpad,17.014,query,68403,11574282905033,com.apple.WebKit.GPU,58819568,0.315849125
2,pgpad,17.014,query,68402,11574278004209,pgpad-tauri,34882616,0.594513125
2,pgpad,17.014,query,68461,11574565701946,com.apple.SafariPlatformSupport,9814616,0.117615750
2,pgpad,17.014,query,68405,11574283323438,com.apple.WebKit.Networking,6685200,0.039438375
2,pgpad,17.014,query,68410,11574298200296,com.apple.audio.SandboxHelper,5423608,0.022483917
2,pgpad,17.267,query,68406,11574283395648,com.apple.WebKit.WebContent,286589720,0.826377083
2,pgpad,17.267,query,68403,11574282905033,com.apple.WebKit.GPU,58917872,0.326383750
2,pgpad,17.267,query,68402,11574278004209,pgpad-tauri,34817080,0.600108292
2,pgpad,17.267,query,68461,11574565701946,com.apple.SafariPlatformSupport,9814616,0.118307208
2,pgpad,17.267,query,68405,11574283323438,com.apple.WebKit.Networking,6685200,0.039597250
2,pgpad,17.267,query,68410,11574298200296,com.apple.audio.SandboxHelper,5423608,0.022483917
2,pgpad,17.522,query,68406,11574283395648,com.apple.WebKit.WebContent,287212312,0.866613208
2,pgpad,17.522,query,68403,11574282905033,com.apple.WebKit.GPU,56640496,0.351455458
2,pgpad,17.522,query,68402,11574278004209,pgpad-tauri,34833464,0.608071750
2,pgpad,17.522,query,68461,11574565701946,com.apple.SafariPlatformSupport,9765464,0.118474833
2,pgpad,17.522,query,68405,11574283323438,com.apple.WebKit.Networking,6685200,0.039763958
2,pgpad,17.522,query,68410,11574298200296,com.apple.audio.SandboxHelper,5423608,0.022483917
2,pgpad,17.776,query,68406,11574283395648,com.apple.WebKit.WebContent,287212312,0.867946000
2,pgpad,17.776,query,68403,11574282905033,com.apple.WebKit.GPU,50070512,0.351779042
2,pgpad,17.776,query,68402,11574278004209,pgpad-tauri,34784312,0.608783333
2,pgpad,17.776,query,68461,11574565701946,com.apple.SafariPlatformSupport,9765464,0.118474833
2,pgpad,17.776,query,68405,11574283323438,com.apple.WebKit.Networking,6685200,0.039887292
2,pgpad,17.776,query,68410,11574298200296,com.apple.audio.SandboxHelper,5423608,0.022483917
2,pgpad,18.031,query,68406,11574283395648,com.apple.WebKit.WebContent,287195928,0.877320458
2,pgpad,18.031,query,68403,11574282905033,com.apple.WebKit.GPU,56591344,0.361419292
2,pgpad,18.031,query,68402,11574278004209,pgpad-tauri,34767928,0.612951667
2,pgpad,18.031,query,68461,11574565701946,com.apple.SafariPlatformSupport,9765464,0.118474833
2,pgpad,18.031,query,68405,11574283323438,com.apple.WebKit.Networking,6685200,0.039887292
2,pgpad,18.031,query,68410,11574298200296,com.apple.audio.SandboxHelper,5423608,0.022483917
2,pgpad,18.286,after-query,68406,11574283395648,com.apple.WebKit.WebContent,273793816,0.922242333
2,pgpad,18.286,after-query,68403,11574282905033,com.apple.WebKit.GPU,50070512,0.386079292
2,pgpad,18.286,after-query,68402,11574278004209,pgpad-tauri,34767928,0.620152250
2,pgpad,18.286,after-query,68461,11574565701946,com.apple.SafariPlatformSupport,9765464,0.118474833
2,pgpad,18.286,after-query,68405,11574283323438,com.apple.WebKit.Networking,6685200,0.039887292
2,pgpad,18.286,after-query,68410,11574298200296,com.apple.audio.SandboxHelper,5423608,0.022483917
2,pgpad,18.538,after-query,68406,11574283395648,com.apple.WebKit.WebContent,273793816,0.923853875
2,pgpad,18.538,after-query,68403,11574282905033,com.apple.WebKit.GPU,45270000,0.386978375
2,pgpad,18.538,after-query,68402,11574278004209,pgpad-tauri,34751544,0.620867417
2,pgpad,18.538,after-query,68461,11574565701946,com.apple.SafariPlatformSupport,9765464,0.118474833
2,pgpad,18.538,after-query,68405,11574283323438,com.apple.WebKit.Networking,6685200,0.039887292
2,pgpad,18.538,after-query,68410,11574298200296,com.apple.audio.SandboxHelper,5423608,0.022483917
2,pgpad,18.793,after-query,68406,11574283395648,com.apple.WebKit.WebContent,273761048,0.925376792
2,pgpad,18.793,after-query,68403,11574282905033,com.apple.WebKit.GPU,45253616,0.387420875
2,pgpad,18.793,after-query,68402,11574278004209,pgpad-tauri,34587704,0.622387667
2,pgpad,18.793,after-query,68461,11574565701946,com.apple.SafariPlatformSupport,9765464,0.118474833
2,pgpad,18.793,after-query,68405,11574283323438,com.apple.WebKit.Networking,6685200,0.039887292
2,pgpad,18.793,after-query,68410,11574298200296,com.apple.audio.SandboxHelper,5423608,0.022483917
2,pgpad,19.048,after-query,68406,11574283395648,com.apple.WebKit.WebContent,273384216,0.926638375
2,pgpad,19.048,after-query,68403,11574282905033,com.apple.WebKit.GPU,44467184,0.388114292
2,pgpad,19.048,after-query,68402,11574278004209,pgpad-tauri,34571320,0.622769083
2,pgpad,19.048,after-query,68461,11574565701946,com.apple.SafariPlatformSupport,9765464,0.118474833
2,pgpad,19.048,after-query,68405,11574283323438,com.apple.WebKit.Networking,6685200,0.039887292
2,pgpad,19.048,after-query,68410,11574298200296,com.apple.audio.SandboxHelper,5423608,0.022483917
2,pgpad,19.304,after-query,68406,11574283395648,com.apple.WebKit.WebContent,247284504,0.927351042
2,pgpad,19.304,after-query,68403,11574282905033,com.apple.WebKit.GPU,44483568,0.389918500
2,pgpad,19.304,after-query,68402,11574278004209,pgpad-tauri,34571320,0.622982542
2,pgpad,19.304,after-query,68461,11574565701946,com.apple.SafariPlatformSupport,9765464,0.118474833
2,pgpad,19.304,after-query,68405,11574283323438,com.apple.WebKit.Networking,6685200,0.039887292
2,pgpad,19.304,after-query,68410,11574298200296,com.apple.audio.SandboxHelper,5423608,0.022483917
2,pgpad,19.557,after-query,68406,11574283395648,com.apple.WebKit.WebContent,187908888,0.928136292
2,pgpad,19.557,after-query,68402,11574278004209,pgpad-tauri,34473016,0.623502417
2,pgpad,19.557,after-query,68403,11574282905033,com.apple.WebKit.GPU,22529008,0.390756667
2,pgpad,19.557,after-query,68461,11574565701946,com.apple.SafariPlatformSupport,9716312,0.118584875
2,pgpad,19.557,after-query,68405,11574283323438,com.apple.WebKit.Networking,6685200,0.039887292
2,pgpad,19.557,after-query,68410,11574298200296,com.apple.audio.SandboxHelper,5423608,0.022483917
2,pgpad,19.812,after-query,68406,11574283395648,com.apple.WebKit.WebContent,187892504,0.928666667
2,pgpad,19.812,after-query,68402,11574278004209,pgpad-tauri,34473016,0.623502417
2,pgpad,19.812,after-query,68403,11574282905033,com.apple.WebKit.GPU,22529008,0.391017625
2,pgpad,19.812,after-query,68461,11574565701946,com.apple.SafariPlatformSupport,9716312,0.118584875
2,pgpad,19.812,after-query,68405,11574283323438,com.apple.WebKit.Networking,6685200,0.039887292
2,pgpad,19.812,after-query,68410,11574298200296,com.apple.audio.SandboxHelper,5423608,0.022483917
2,pgpad,20.068,after-query,68406,11574283395648,com.apple.WebKit.WebContent,187892504,0.929160583
2,pgpad,20.068,after-query,68402,11574278004209,pgpad-tauri,34473016,0.623565458
2,pgpad,20.068,after-query,68403,11574282905033,com.apple.WebKit.GPU,22529008,0.391206958
2,pgpad,20.068,after-query,68461,11574565701946,com.apple.SafariPlatformSupport,9716312,0.118584875
2,pgpad,20.068,after-query,68405,11574283323438,com.apple.WebKit.Networking,6685200,0.039887292
2,pgpad,20.068,after-query,68410,11574298200296,com.apple.audio.SandboxHelper,5423608,0.022483917
2,pgpad,20.323,after-query,68406,11574283395648,com.apple.WebKit.WebContent,187859736,0.929160583
2,pgpad,20.323,after-query,68402,11574278004209,pgpad-tauri,34473016,0.623565458
2,pgpad,20.323,after-query,68403,11574282905033,com.apple.WebKit.GPU,22529008,0.391492125
2,pgpad,20.323,after-query,68461,11574565701946,com.apple.SafariPlatformSupport,9716312,0.118584875
2,pgpad,20.323,after-query,68405,11574283323438,com.apple.WebKit.Networking,6685200,0.039887292
2,pgpad,20.323,after-query,68410,11574298200296,com.apple.audio.SandboxHelper,5423608,0.022483917
2,pgpad,20.578,after-query,68406,11574283395648,com.apple.WebKit.WebContent,187859736,0.929160583
2,pgpad,20.578,after-query,68402,11574278004209,pgpad-tauri,34473016,0.623565458
2,pgpad,20.578,after-query,68403,11574282905033,com.apple.WebKit.GPU,22447088,0.391962042
2,pgpad,20.578,after-query,68461,11574565701946,com.apple.SafariPlatformSupport,9716312,0.118584875
2,pgpad,20.578,after-query,68405,11574283323438,com.apple.WebKit.Networking,6685200,0.039887292
2,pgpad,20.578,after-query,68410,11574298200296,com.apple.audio.SandboxHelper,5423608,0.022483917
2,pgpad,20.831,after-query,68406,11574283395648,com.apple.WebKit.WebContent,187777816,0.929581917
2,pgpad,20.831,after-query,68402,11574278004209,pgpad-tauri,34456632,0.623802958
2,pgpad,20.831,after-query,68403,11574282905033,com.apple.WebKit.GPU,22447088,0.392023625
2,pgpad,20.831,after-query,68461,11574565701946,com.apple.SafariPlatformSupport,9716312,0.118584875
2,pgpad,20.831,after-query,68405,11574283323438,com.apple.WebKit.Networking,6685200,0.039887292
2,pgpad,20.831,after-query,68410,11574298200296,com.apple.audio.SandboxHelper,5423608,0.022483917
2,pgpad,21.086,after-query,68406,11574283395648,com.apple.WebKit.WebContent,187810584,0.933219583
2,pgpad,21.086,after-query,68402,11574278004209,pgpad-tauri,34456632,0.625798542
2,pgpad,21.086,after-query,68403,11574282905033,com.apple.WebKit.GPU,22447088,0.392023625
2,pgpad,21.086,after-query,68461,11574565701946,com.apple.SafariPlatformSupport,9716312,0.118584875
2,pgpad,21.086,after-query,68405,11574283323438,com.apple.WebKit.Networking,6685200,0.039887292
2,pgpad,21.086,after-query,68410,11574298200296,com.apple.audio.SandboxHelper,5423608,0.022483917
2,pgpad,21.341,after-query,68406,11574283395648,com.apple.WebKit.WebContent,187810584,0.933588250
2,pgpad,21.341,after-query,68402,11574278004209,pgpad-tauri,34456632,0.626062458
2,pgpad,21.341,after-query,68403,11574282905033,com.apple.WebKit.GPU,22447088,0.392023625
2,pgpad,21.341,after-query,68461,11574565701946,com.apple.SafariPlatformSupport,9716312,0.118584875
2,pgpad,21.341,after-query,68405,11574283323438,com.apple.WebKit.Networking,6685200,0.039887292
2,pgpad,21.341,after-query,68410,11574298200296,com.apple.audio.SandboxHelper,5423608,0.022483917
2,pgpad,21.596,after-query,68406,11574283395648,com.apple.WebKit.WebContent,187761432,0.933911542
2,pgpad,21.596,after-query,68402,11574278004209,pgpad-tauri,34456632,0.626311875
2,pgpad,21.596,after-query,68403,11574282905033,com.apple.WebKit.GPU,22447088,0.392023625
2,pgpad,21.596,after-query,68461,11574565701946,com.apple.SafariPlatformSupport,9716312,0.118584875
2,pgpad,21.596,after-query,68405,11574283323438,com.apple.WebKit.Networking,6685200,0.039887292
2,pgpad,21.596,after-query,68410,11574298200296,com.apple.audio.SandboxHelper,5423608,0.022483917
2,pgpad,21.848,after-query,68406,11574283395648,com.apple.WebKit.WebContent,187761432,0.934320958
2,pgpad,21.848,after-query,68402,11574278004209,pgpad-tauri,34456632,0.626984833
2,pgpad,21.848,after-query,68403,11574282905033,com.apple.WebKit.GPU,22447088,0.392023625
2,pgpad,21.848,after-query,68461,11574565701946,com.apple.SafariPlatformSupport,9699928,0.118921125
2,pgpad,21.848,after-query,68405,11574283323438,com.apple.WebKit.Networking,6685200,0.039887292
2,pgpad,21.848,after-query,68410,11574298200296,com.apple.audio.SandboxHelper,5423608,0.022483917
2,pgpad,22.103,after-query,68406,11574283395648,com.apple.WebKit.WebContent,187761432,0.934770458
2,pgpad,22.103,after-query,68402,11574278004209,pgpad-tauri,34456632,0.627272542
2,pgpad,22.103,after-query,68403,11574282905033,com.apple.WebKit.GPU,22447088,0.392023625
2,pgpad,22.103,after-query,68461,11574565701946,com.apple.SafariPlatformSupport,9699928,0.118921125
2,pgpad,22.103,after-query,68405,11574283323438,com.apple.WebKit.Networking,6685200,0.039887292
2,pgpad,22.103,after-query,68410,11574298200296,com.apple.audio.SandboxHelper,5423608,0.022483917
2,pgpad,22.359,after-query,68406,11574283395648,com.apple.WebKit.WebContent,187761432,0.935114708
2,pgpad,22.359,after-query,68402,11574278004209,pgpad-tauri,34456632,0.627511083
2,pgpad,22.359,after-query,68403,11574282905033,com.apple.WebKit.GPU,22447088,0.392023625
2,pgpad,22.359,after-query,68461,11574565701946,com.apple.SafariPlatformSupport,9699928,0.118921125
2,pgpad,22.359,after-query,68405,11574283323438,com.apple.WebKit.Networking,6685200,0.039887292
2,pgpad,22.359,after-query,68410,11574298200296,com.apple.audio.SandboxHelper,5423608,0.022483917
2,pgpad,22.614,after-query,68406,11574283395648,com.apple.WebKit.WebContent,187761432,0.935343250
2,pgpad,22.614,after-query,68402,11574278004209,pgpad-tauri,34456632,0.627583042
2,pgpad,22.614,after-query,68403,11574282905033,com.apple.WebKit.GPU,22447088,0.392023625
2,pgpad,22.614,after-query,68461,11574565701946,com.apple.SafariPlatformSupport,9699928,0.118921125
2,pgpad,22.614,after-query,68405,11574283323438,com.apple.WebKit.Networking,6685200,0.039887292
2,pgpad,22.614,after-query,68410,11574298200296,com.apple.audio.SandboxHelper,5423608,0.022483917
2,pgpad,22.869,after-query,68406,11574283395648,com.apple.WebKit.WebContent,187761432,0.935343250
2,pgpad,22.869,after-query,68402,11574278004209,pgpad-tauri,34456632,0.627583042
2,pgpad,22.869,after-query,68403,11574282905033,com.apple.WebKit.GPU,22447088,0.392023625
2,pgpad,22.869,after-query,68461,11574565701946,com.apple.SafariPlatformSupport,9699928,0.118921125
2,pgpad,22.869,after-query,68405,11574283323438,com.apple.WebKit.Networking,6685200,0.039887292
2,pgpad,22.869,after-query,68410,11574298200296,com.apple.audio.SandboxHelper,5423608,0.022483917
2,pgpad,23.125,after-query,68406,11574283395648,com.apple.WebKit.WebContent,187761432,0.935343250
2,pgpad,23.125,after-query,68402,11574278004209,pgpad-tauri,34456632,0.627583042
2,pgpad,23.125,after-query,68403,11574282905033,com.apple.WebKit.GPU,22447088,0.392023625
2,pgpad,23.125,after-query,68461,11574565701946,com.apple.SafariPlatformSupport,9699928,0.118921125
2,pgpad,23.125,after-query,68405,11574283323438,com.apple.WebKit.Networking,6685200,0.039887292
2,pgpad,23.125,after-query,68410,11574298200296,com.apple.audio.SandboxHelper,5423608,0.022483917
2,pgpad,23.380,after-query,68406,11574283395648,com.apple.WebKit.WebContent,187761432,0.935343250
2,pgpad,23.380,after-query,68402,11574278004209,pgpad-tauri,34407480,0.627823083
2,pgpad,23.380,after-query,68403,11574282905033,com.apple.WebKit.GPU,22447088,0.392023625
2,pgpad,23.380,after-query,68461,11574565701946,com.apple.SafariPlatformSupport,9699928,0.118921125
2,pgpad,23.380,after-query,68405,11574283323438,com.apple.WebKit.Networking,6685200,0.039887292
2,pgpad,23.380,after-query,68410,11574298200296,com.apple.audio.SandboxHelper,5423608,0.022483917
2,pgpad,23.633,after-query,68406,11574283395648,com.apple.WebKit.WebContent,189235992,0.935343250
2,pgpad,23.633,after-query,68402,11574278004209,pgpad-tauri,34423864,0.627823083
2,pgpad,23.633,after-query,68403,11574282905033,com.apple.WebKit.GPU,22594544,0.392414625
2,pgpad,23.633,after-query,68461,11574565701946,com.apple.SafariPlatformSupport,10666584,0.118921125
2,pgpad,23.633,after-query,68405,11574283323438,com.apple.WebKit.Networking,6701584,0.039887292
2,pgpad,23.633,after-query,68410,11574298200296,com.apple.audio.SandboxHelper,5423608,0.022483917
3,pgadmin,0.252,launch,68541,11574966540486,pgAdmin 4,8373184,0.103532958
3,pgadmin,0.507,launch,68541,11574966540486,pgAdmin 4,39306824,0.286476833
3,pgadmin,0.507,launch,68544,11574977665846,pgAdmin 4 Helper,196752,0.000685167
3,pgadmin,0.762,launch,68541,11574966540486,pgAdmin 4,53790448,0.426286958
3,pgadmin,0.762,launch,68546,11574980664446,pgAdmin 4 Helper (Renderer),20006112,0.086723833
3,pgadmin,0.762,launch,68544,11574977665846,pgAdmin 4 Helper,18187200,0.125834000
3,pgadmin,0.762,launch,68547,11574981628824,Python,15647128,0.061868417
3,pgadmin,0.762,launch,68545,11574977751862,pgAdmin 4 Helper,6833016,0.052403042
3,pgadmin,1.017,launch,68541,11574966540486,pgAdmin 4,54265584,0.433883000
3,pgadmin,1.017,launch,68544,11574977665846,pgAdmin 4 Helper,41354200,0.152557792
3,pgadmin,1.017,launch,68547,11574981628824,Python,29753800,0.286664500
3,pgadmin,1.017,launch,68546,11574980664446,pgAdmin 4 Helper (Renderer),20006112,0.087217625
3,pgadmin,1.017,launch,68545,11574977751862,pgAdmin 4 Helper,6833016,0.052403042
3,pgadmin,1.272,launch,68541,11574966540486,pgAdmin 4,54281968,0.434253542
3,pgadmin,1.272,launch,68544,11574977665846,pgAdmin 4 Helper,41354200,0.152557792
3,pgadmin,1.272,launch,68547,11574981628824,Python,40583624,0.508066500
3,pgadmin,1.272,launch,68546,11574980664446,pgAdmin 4 Helper (Renderer),20022496,0.087266708
3,pgadmin,1.272,launch,68545,11574977751862,pgAdmin 4 Helper,6833016,0.052403042
3,pgadmin,1.524,launch,68541,11574966540486,pgAdmin 4,55690992,0.438240375
3,pgadmin,1.524,launch,68547,11574981628824,Python,50069960,0.734760500
3,pgadmin,1.524,launch,68544,11574977665846,pgAdmin 4 Helper,41354200,0.152557792
3,pgadmin,1.524,launch,68546,11574980664446,pgAdmin 4 Helper (Renderer),20022496,0.087266708
3,pgadmin,1.524,launch,68545,11574977751862,pgAdmin 4 Helper,6833016,0.052403042
3,pgadmin,1.778,launch,68547,11574981628824,Python,58950112,0.948924875
3,pgadmin,1.778,launch,68541,11574966540486,pgAdmin 4,55707376,0.438517583
3,pgadmin,1.778,launch,68544,11574977665846,pgAdmin 4 Helper,41321432,0.152948875
3,pgadmin,1.778,launch,68546,11574980664446,pgAdmin 4 Helper (Renderer),20022496,0.087384500
3,pgadmin,1.778,launch,68545,11574977751862,pgAdmin 4 Helper,6964088,0.053395917
3,pgadmin,2.033,launch,68547,11574981628824,Python,78971384,1.195290625
3,pgadmin,2.033,launch,68541,11574966540486,pgAdmin 4,55707376,0.438517583
3,pgadmin,2.033,launch,68544,11574977665846,pgAdmin 4 Helper,40272856,0.152948875
3,pgadmin,2.033,launch,68546,11574980664446,pgAdmin 4 Helper (Renderer),20022496,0.087384500
3,pgadmin,2.033,launch,68545,11574977751862,pgAdmin 4 Helper,6964088,0.053395917
3,pgadmin,2.288,launch,68547,11574981628824,Python,88982008,1.420110542
3,pgadmin,2.288,launch,68541,11574966540486,pgAdmin 4,55756528,0.440711917
3,pgadmin,2.288,launch,68544,11574977665846,pgAdmin 4 Helper,40272856,0.152948875
3,pgadmin,2.288,launch,68546,11574980664446,pgAdmin 4 Helper (Renderer),20022496,0.087384500
3,pgadmin,2.288,launch,68545,11574977751862,pgAdmin 4 Helper,6964088,0.053395917
3,pgadmin,2.544,launch,68547,11574981628824,Python,100581880,1.659298375
3,pgadmin,2.544,launch,68541,11574966540486,pgAdmin 4,55756528,0.440711917
3,pgadmin,2.544,launch,68544,11574977665846,pgAdmin 4 Helper,40272856,0.152948875
3,pgadmin,2.544,launch,68546,11574980664446,pgAdmin 4 Helper (Renderer),20022496,0.087384500
3,pgadmin,2.544,launch,68545,11574977751862,pgAdmin 4 Helper,6964088,0.053395917
3,pgadmin,2.799,launch,68547,11574981628824,Python,108790312,1.881703667
3,pgadmin,2.799,launch,68541,11574966540486,pgAdmin 4,55756528,0.440732458
3,pgadmin,2.799,launch,68544,11574977665846,pgAdmin 4 Helper,25625560,0.153949917
3,pgadmin,2.799,launch,68557,11575028896118,Python,22708680,0.155550458
3,pgadmin,2.799,launch,68546,11574980664446,pgAdmin 4 Helper (Renderer),19924192,0.087544542
3,pgadmin,2.799,launch,68545,11574977751862,pgAdmin 4 Helper,6964088,0.053395917
3,pgadmin,3.054,launch,68547,11574981628824,Python,121176592,2.105175625
3,pgadmin,3.054,launch,68541,11574966540486,pgAdmin 4,55756528,0.440732458
3,pgadmin,3.054,launch,68544,11574977665846,pgAdmin 4 Helper,25625560,0.153949917
3,pgadmin,3.054,launch,68546,11574980664446,pgAdmin 4 Helper (Renderer),19924192,0.087544542
3,pgadmin,3.054,launch,68545,11574977751862,pgAdmin 4 Helper,6964088,0.053395917
3,pgadmin,3.309,launch,68547,11574981628824,Python,130269736,2.343056500
3,pgadmin,3.309,launch,68541,11574966540486,pgAdmin 4,55805680,0.442012750
3,pgadmin,3.309,launch,68544,11574977665846,pgAdmin 4 Helper,25625560,0.153949917
3,pgadmin,3.309,launch,68546,11574980664446,pgAdmin 4 Helper (Renderer),19924192,0.087544542
3,pgadmin,3.309,launch,68545,11574977751862,pgAdmin 4 Helper,6964088,0.053395917
3,pgadmin,3.560,launch,68547,11574981628824,Python,139657792,2.581218458
3,pgadmin,3.560,launch,68541,11574966540486,pgAdmin 4,55805680,0.442012750
3,pgadmin,3.560,launch,68544,11574977665846,pgAdmin 4 Helper,25625560,0.153949917
3,pgadmin,3.560,launch,68546,11574980664446,pgAdmin 4 Helper (Renderer),19924192,0.087544542
3,pgadmin,3.560,launch,68545,11574977751862,pgAdmin 4 Helper,6964088,0.053395917
3,pgadmin,3.815,launch,68547,11574981628824,Python,150766144,2.825197042
3,pgadmin,3.815,launch,68541,11574966540486,pgAdmin 4,55805680,0.442012750
3,pgadmin,3.815,launch,68544,11574977665846,pgAdmin 4 Helper,25625560,0.153971917
3,pgadmin,3.815,launch,68546,11574980664446,pgAdmin 4 Helper (Renderer),19924192,0.087544542
3,pgadmin,3.815,launch,68545,11574977751862,pgAdmin 4 Helper,6964088,0.053395917
3,pgadmin,4.070,launch,68547,11574981628824,Python,152650304,2.941001250
3,pgadmin,4.070,launch,68541,11574966540486,pgAdmin 4,56198896,0.442777083
3,pgadmin,4.070,launch,68544,11574977665846,pgAdmin 4 Helper,25625560,0.153971917
3,pgadmin,4.070,launch,68546,11574980664446,pgAdmin 4 Helper (Renderer),19924192,0.087544542
3,pgadmin,4.070,launch,68545,11574977751862,pgAdmin 4 Helper,6964088,0.053395917
3,pgadmin,4.325,launch,68547,11574981628824,Python,153059928,2.953369708
3,pgadmin,4.325,launch,68541,11574966540486,pgAdmin 4,58164976,0.478194208
3,pgadmin,4.325,launch,68544,11574977665846,pgAdmin 4 Helper,25641944,0.155042667
3,pgadmin,4.325,launch,68546,11574980664446,pgAdmin 4 Helper (Renderer),19924192,0.087684250
3,pgadmin,4.325,launch,68545,11574977751862,pgAdmin 4 Helper,6964088,0.053395917
3,pgadmin,4.580,settle,68547,11574981628824,Python,154714712,3.056727458
3,pgadmin,4.580,settle,68570,11575071295676,pgAdmin 4 Helper (Renderer),96437688,0.224207083
3,pgadmin,4.580,settle,68541,11574966540486,pgAdmin 4,59213552,0.534263833
3,pgadmin,4.580,settle,68544,11574977665846,pgAdmin 4 Helper,18039768,0.163361542
3,pgadmin,4.580,settle,68545,11574977751862,pgAdmin 4 Helper,8143736,0.159430917
3,pgadmin,4.835,settle,68547,11574981628824,Python,155583064,3.103255292
3,pgadmin,4.835,settle,68544,11574977665846,pgAdmin 4 Helper,124421128,0.181940083
3,pgadmin,4.835,settle,68570,11575071295676,pgAdmin 4 Helper (Renderer),107775512,0.486655792
3,pgadmin,4.835,settle,68541,11574966540486,pgAdmin 4,59328240,0.546456417
3,pgadmin,4.835,settle,68545,11574977751862,pgAdmin 4 Helper,8504184,0.178079375
3,pgadmin,5.090,settle,68547,11574981628824,Python,155583064,3.142112208
3,pgadmin,5.090,settle,68570,11575071295676,pgAdmin 4 Helper (Renderer),151897696,0.778226375
3,pgadmin,5.090,settle,68544,11574977665846,pgAdmin 4 Helper,124617736,0.184952625
3,pgadmin,5.090,settle,68541,11574966540486,pgAdmin 4,60868336,0.574212125
3,pgadmin,5.090,settle,68545,11574977751862,pgAdmin 4 Helper,8520568,0.183205333
3,pgadmin,5.345,settle,68570,11575071295676,pgAdmin 4 Helper (Renderer),229738128,1.193821667
3,pgadmin,5.345,settle,68544,11574977665846,pgAdmin 4 Helper,213189640,0.214471875
3,pgadmin,5.345,settle,68547,11574981628824,Python,158057192,3.206985583
3,pgadmin,5.345,settle,68541,11574966540486,pgAdmin 4,62424864,0.608133917
3,pgadmin,5.345,settle,68545,11574977751862,pgAdmin 4 Helper,8618872,0.197859292
3,pgadmin,5.601,settle,68570,11575071295676,pgAdmin 4 Helper (Renderer),220530464,1.434206708
3,pgadmin,5.601,settle,68544,11574977665846,pgAdmin 4 Helper,216744992,0.219864333
3,pgadmin,5.601,settle,68547,11574981628824,Python,158155520,3.211303917
3,pgadmin,5.601,settle,68541,11574966540486,pgAdmin 4,63293216,0.642724042
3,pgadmin,5.601,settle,68545,11574977751862,pgAdmin 4 Helper,9044880,0.199867500
3,pgadmin,5.856,settle,68570,11575071295676,pgAdmin 4 Helper (Renderer),237995856,1.634873125
3,pgadmin,5.856,settle,68544,11574977665846,pgAdmin 4 Helper,216810528,0.228432833
3,pgadmin,5.856,settle,68547,11574981628824,Python,158499584,3.234217500
3,pgadmin,5.856,settle,68541,11574966540486,pgAdmin 4,63538976,0.664889000
3,pgadmin,5.856,settle,68545,11574977751862,pgAdmin 4 Helper,8684408,0.209600375
3,pgadmin,6.111,settle,68544,11574977665846,pgAdmin 4 Helper,286082104,0.262955458
3,pgadmin,6.111,settle,68570,11575071295676,pgAdmin 4 Helper (Renderer),269977448,1.871711875
3,pgadmin,6.111,settle,68547,11574981628824,Python,159515464,3.287096250
3,pgadmin,6.111,settle,68541,11574966540486,pgAdmin 4,62441248,0.673724542
3,pgadmin,6.111,settle,68545,11574977751862,pgAdmin 4 Helper,8684408,0.217089917
3,pgadmin,6.365,settle,68544,11574977665846,pgAdmin 4 Helper,286065720,0.267746833
3,pgadmin,6.365,settle,68570,11575071295676,pgAdmin 4 Helper (Renderer),270272360,1.890644583
3,pgadmin,6.365,settle,68547,11574981628824,Python,159515464,3.287096250
3,pgadmin,6.365,settle,68541,11574966540486,pgAdmin 4,62408480,0.681966833
3,pgadmin,6.365,settle,68545,11574977751862,pgAdmin 4 Helper,8684408,0.217089917
3,pgadmin,6.620,settle,68544,11574977665846,pgAdmin 4 Helper,286065720,0.273875542
3,pgadmin,6.620,settle,68570,11575071295676,pgAdmin 4 Helper (Renderer),271124328,1.926498042
3,pgadmin,6.620,settle,68547,11574981628824,Python,159515464,3.297845542
3,pgadmin,6.620,settle,68541,11574966540486,pgAdmin 4,62408480,0.683227167
3,pgadmin,6.620,settle,68545,11574977751862,pgAdmin 4 Helper,8684408,0.219797000
3,pgadmin,6.875,settle,68544,11574977665846,pgAdmin 4 Helper,286065720,0.280355333
3,pgadmin,6.875,settle,68570,11575071295676,pgAdmin 4 Helper (Renderer),271173480,1.948358792
3,pgadmin,6.875,settle,68547,11574981628824,Python,159515464,3.297845542
3,pgadmin,6.875,settle,68541,11574966540486,pgAdmin 4,62408480,0.683693458
3,pgadmin,6.875,settle,68545,11574977751862,pgAdmin 4 Helper,8684408,0.219797000
3,pgadmin,7.126,settle,68544,11574977665846,pgAdmin 4 Helper,283968568,0.286223292
3,pgadmin,7.126,settle,68570,11575071295676,pgAdmin 4 Helper (Renderer),271239016,1.966373833
3,pgadmin,7.126,settle,68547,11574981628824,Python,159515464,3.297936625
3,pgadmin,7.126,settle,68541,11574966540486,pgAdmin 4,62408480,0.683693458
3,pgadmin,7.126,settle,68545,11574977751862,pgAdmin 4 Helper,8684408,0.219797000
3,pgadmin,7.381,settle,68544,11574977665846,pgAdmin 4 Helper,281609272,0.292984042
3,pgadmin,7.381,settle,68570,11575071295676,pgAdmin 4 Helper (Renderer),271288168,1.986653958
3,pgadmin,7.381,settle,68547,11574981628824,Python,159515464,3.297936625
3,pgadmin,7.381,settle,68541,11574966540486,pgAdmin 4,62408480,0.683693458
3,pgadmin,7.381,settle,68545,11574977751862,pgAdmin 4 Helper,8684408,0.219797000
3,pgadmin,7.636,settle,68570,11575071295676,pgAdmin 4 Helper (Renderer),271271784,2.006325208
3,pgadmin,7.636,settle,68544,11574977665846,pgAdmin 4 Helper,233653256,0.304955792
3,pgadmin,7.636,settle,68547,11574981628824,Python,159515464,3.298029042
3,pgadmin,7.636,settle,68541,11574966540486,pgAdmin 4,62408480,0.683693458
3,pgadmin,7.636,settle,68545,11574977751862,pgAdmin 4 Helper,8684408,0.219797000
3,pgadmin,7.890,settle,68570,11575071295676,pgAdmin 4 Helper (Renderer),271337320,2.028004083
3,pgadmin,7.890,settle,68544,11574977665846,pgAdmin 4 Helper,233653256,0.311362542
3,pgadmin,7.890,settle,68547,11574981628824,Python,159515464,3.298029042
3,pgadmin,7.890,settle,68541,11574966540486,pgAdmin 4,62408480,0.683693458
3,pgadmin,7.890,settle,68545,11574977751862,pgAdmin 4 Helper,8684408,0.219797000
3,pgadmin,8.145,settle,68570,11575071295676,pgAdmin 4 Helper (Renderer),274106216,2.064759333
3,pgadmin,8.145,settle,68544,11574977665846,pgAdmin 4 Helper,233653256,0.316822083
3,pgadmin,8.145,settle,68547,11574981628824,Python,159515464,3.308677000
3,pgadmin,8.145,settle,68541,11574966540486,pgAdmin 4,62408480,0.684890167
3,pgadmin,8.145,settle,68545,11574977751862,pgAdmin 4 Helper,8684408,0.224060333
3,pgadmin,8.399,settle,68570,11575071295676,pgAdmin 4 Helper (Renderer),274171752,2.083517917
3,pgadmin,8.399,settle,68544,11574977665846,pgAdmin 4 Helper,233653256,0.322848708
3,pgadmin,8.399,settle,68547,11574981628824,Python,159515464,3.308677000
3,pgadmin,8.399,settle,68541,11574966540486,pgAdmin 4,62408480,0.684931417
3,pgadmin,8.399,settle,68545,11574977751862,pgAdmin 4 Helper,8684408,0.224060333
3,pgadmin,8.651,settle,68570,11575071295676,pgAdmin 4 Helper (Renderer),274204520,2.103947250
3,pgadmin,8.651,settle,68544,11574977665846,pgAdmin 4 Helper,233653256,0.331234958
3,pgadmin,8.651,settle,68547,11574981628824,Python,159515464,3.308770833
3,pgadmin,8.651,settle,68541,11574966540486,pgAdmin 4,62408480,0.686365917
3,pgadmin,8.651,settle,68545,11574977751862,pgAdmin 4 Helper,8684408,0.224060333
3,pgadmin,8.905,settle,68570,11575071295676,pgAdmin 4 Helper (Renderer),274253672,2.120777042
3,pgadmin,8.905,settle,68544,11574977665846,pgAdmin 4 Helper,233653256,0.336658208
3,pgadmin,8.905,settle,68547,11574981628824,Python,159515464,3.308770833
3,pgadmin,8.905,settle,68541,11574966540486,pgAdmin 4,62408480,0.686365917
3,pgadmin,8.905,settle,68545,11574977751862,pgAdmin 4 Helper,8684408,0.224060333
3,pgadmin,9.158,settle,68570,11575071295676,pgAdmin 4 Helper (Renderer),274302824,2.139248458
3,pgadmin,9.158,settle,68544,11574977665846,pgAdmin 4 Helper,233653256,0.342516125
3,pgadmin,9.158,settle,68547,11574981628824,Python,159515464,3.308836708
3,pgadmin,9.158,settle,68541,11574966540486,pgAdmin 4,62408480,0.686365917
3,pgadmin,9.158,settle,68545,11574977751862,pgAdmin 4 Helper,8684408,0.224060333
3,pgadmin,9.413,settle,68570,11575071295676,pgAdmin 4 Helper (Renderer),274351976,2.160896833
3,pgadmin,9.413,settle,68544,11574977665846,pgAdmin 4 Helper,233653256,0.349442625
3,pgadmin,9.413,settle,68547,11574981628824,Python,159515464,3.308836708
3,pgadmin,9.413,settle,68541,11574966540486,pgAdmin 4,62408480,0.686365917
3,pgadmin,9.413,settle,68545,11574977751862,pgAdmin 4 Helper,8684408,0.224060333
3,pgadmin,9.664,query,68570,11575071295676,pgAdmin 4 Helper (Renderer),274401128,2.181294125
3,pgadmin,9.664,query,68544,11574977665846,pgAdmin 4 Helper,233653256,0.355954708
3,pgadmin,9.664,query,68547,11574981628824,Python,159515464,3.308895792
3,pgadmin,9.664,query,68541,11574966540486,pgAdmin 4,62408480,0.686805375
3,pgadmin,9.664,query,68545,11574977751862,pgAdmin 4 Helper,8684408,0.224147333
3,pgadmin,9.916,query,68570,11575071295676,pgAdmin 4 Helper (Renderer),274483048,2.199967917
3,pgadmin,9.916,query,68544,11574977665846,pgAdmin 4 Helper,233653256,0.362106292
3,pgadmin,9.916,query,68547,11574981628824,Python,159515464,3.308895792
3,pgadmin,9.916,query,68541,11574966540486,pgAdmin 4,62408480,0.686805375
3,pgadmin,9.916,query,68545,11574977751862,pgAdmin 4 Helper,8684408,0.224147333
3,pgadmin,10.171,query,68570,11575071295676,pgAdmin 4 Helper (Renderer),277972864,2.257041375
3,pgadmin,10.171,query,68544,11574977665846,pgAdmin 4 Helper,233653256,0.367076292
3,pgadmin,10.171,query,68547,11574981628824,Python,159515464,3.318924750
3,pgadmin,10.171,query,68541,11574966540486,pgAdmin 4,62277408,0.689022292
3,pgadmin,10.171,query,68545,11574977751862,pgAdmin 4 Helper,8684408,0.228564083
3,pgadmin,10.425,query,68570,11575071295676,pgAdmin 4 Helper (Renderer),278071168,2.278226958
3,pgadmin,10.425,query,68544,11574977665846,pgAdmin 4 Helper,233653256,0.373929000
3,pgadmin,10.425,query,68547,11574981628824,Python,159515464,3.318924750
3,pgadmin,10.425,query,68541,11574966540486,pgAdmin 4,62277408,0.689022292
3,pgadmin,10.425,query,68545,11574977751862,pgAdmin 4 Helper,8684408,0.228564083
3,pgadmin,10.677,query,68570,11575071295676,pgAdmin 4 Helper (Renderer),278153088,2.295706667
3,pgadmin,10.677,query,68544,11574977665846,pgAdmin 4 Helper,233653256,0.379808000
3,pgadmin,10.677,query,68547,11574981628824,Python,159499056,3.320088583
3,pgadmin,10.677,query,68541,11574966540486,pgAdmin 4,62277408,0.689618083
3,pgadmin,10.677,query,68545,11574977751862,pgAdmin 4 Helper,8684408,0.228564083
3,pgadmin,10.932,query,68570,11575071295676,pgAdmin 4 Helper (Renderer),278267776,2.316406667
3,pgadmin,10.932,query,68544,11574977665846,pgAdmin 4 Helper,233653256,0.386478708
3,pgadmin,10.932,query,68547,11574981628824,Python,159499056,3.320088583
3,pgadmin,10.932,query,68541,11574966540486,pgAdmin 4,62228256,0.690179375
3,pgadmin,10.932,query,68545,11574977751862,pgAdmin 4 Helper,8684408,0.228564083
3,pgadmin,11.183,query,68570,11575071295676,pgAdmin 4 Helper (Renderer),278382464,2.336915958
3,pgadmin,11.183,query,68547,11574981628824,Python,159499056,3.320190833
3,pgadmin,11.183,query,68544,11574977665846,pgAdmin 4 Helper,107971592,0.402406583
3,pgadmin,11.183,query,68541,11574966540486,pgAdmin 4,62228256,0.690179375
3,pgadmin,11.183,query,68545,11574977751862,pgAdmin 4 Helper,8684408,0.228564083
3,pgadmin,11.438,query,68570,11575071295676,pgAdmin 4 Helper (Renderer),278497152,2.357267042
3,pgadmin,11.438,query,68547,11574981628824,Python,159499056,3.320190833
3,pgadmin,11.438,query,68544,11574977665846,pgAdmin 4 Helper,107971592,0.408946875
3,pgadmin,11.438,query,68541,11574966540486,pgAdmin 4,62228256,0.690179375
3,pgadmin,11.438,query,68545,11574977751862,pgAdmin 4 Helper,8684408,0.228564083
3,pgadmin,11.693,query,68570,11575071295676,pgAdmin 4 Helper (Renderer),278611840,2.379452500
3,pgadmin,11.693,query,68547,11574981628824,Python,159499056,3.320285000
3,pgadmin,11.693,query,68544,11574977665846,pgAdmin 4 Helper,107971592,0.416059167
3,pgadmin,11.693,query,68541,11574966540486,pgAdmin 4,62228256,0.690673875
3,pgadmin,11.693,query,68545,11574977751862,pgAdmin 4 Helper,8684408,0.228564083
3,pgadmin,11.948,query,68570,11575071295676,pgAdmin 4 Helper (Renderer),278693760,2.399249833
3,pgadmin,11.948,query,68547,11574981628824,Python,159499056,3.320285000
3,pgadmin,11.948,query,68544,11574977665846,pgAdmin 4 Helper,107971592,0.422401125
3,pgadmin,11.948,query,68541,11574966540486,pgAdmin 4,62228256,0.690673875
3,pgadmin,11.948,query,68545,11574977751862,pgAdmin 4 Helper,8684408,0.228564083
3,pgadmin,12.203,query,68570,11575071295676,pgAdmin 4 Helper (Renderer),281429888,2.435414458
3,pgadmin,12.203,query,68547,11574981628824,Python,159499056,3.330112625
3,pgadmin,12.203,query,68544,11574977665846,pgAdmin 4 Helper,107971592,0.428333250
3,pgadmin,12.203,query,68541,11574966540486,pgAdmin 4,62228256,0.691891000
3,pgadmin,12.203,query,68545,11574977751862,pgAdmin 4 Helper,8684408,0.233570583
3,pgadmin,12.459,query,68570,11575071295676,pgAdmin 4 Helper (Renderer),281511808,2.453930708
3,pgadmin,12.459,query,68547,11574981628824,Python,159499056,3.330112625
3,pgadmin,12.459,query,68544,11574977665846,pgAdmin 4 Helper,107971592,0.434307875
3,pgadmin,12.459,query,68541,11574966540486,pgAdmin 4,62228256,0.691891000
3,pgadmin,12.459,query,68545,11574977751862,pgAdmin 4 Helper,8684408,0.233570583
3,pgadmin,12.714,query,68570,11575071295676,pgAdmin 4 Helper (Renderer),281593728,2.475773000
3,pgadmin,12.714,query,68547,11574981628824,Python,159499056,3.330204708
3,pgadmin,12.714,query,68544,11574977665846,pgAdmin 4 Helper,107938824,0.441325625
3,pgadmin,12.714,query,68541,11574966540486,pgAdmin 4,62228256,0.691960667
3,pgadmin,12.714,query,68545,11574977751862,pgAdmin 4 Helper,8684408,0.233630583
3,pgadmin,12.966,query,68570,11575071295676,pgAdmin 4 Helper (Renderer),282036096,2.494143417
3,pgadmin,12.966,query,68547,11574981628824,Python,159499056,3.330204708
3,pgadmin,12.966,query,68544,11574977665846,pgAdmin 4 Helper,107971592,0.446334833
3,pgadmin,12.966,query,68541,11574966540486,pgAdmin 4,62474016,0.709727500
3,pgadmin,12.966,query,68545,11574977751862,pgAdmin 4 Helper,8684408,0.233630583
3,pgadmin,12.966,query,68618,11575275771061,com.apple.SafariPlatformSupport,2785736,0.020136083
3,pgadmin,13.220,query,68570,11575071295676,pgAdmin 4 Helper (Renderer),282199936,2.501838292
3,pgadmin,13.220,query,68547,11574981628824,Python,159499056,3.330231458
3,pgadmin,13.220,query,68544,11574977665846,pgAdmin 4 Helper,107971592,0.448622833
3,pgadmin,13.220,query,68541,11574966540486,pgAdmin 4,62506784,0.712153167
3,pgadmin,13.220,query,68618,11575275771061,com.apple.SafariPlatformSupport,9732696,0.105541000
3,pgadmin,13.220,query,68545,11574977751862,pgAdmin 4 Helper,8684408,0.233630583
3,pgadmin,13.471,query,68570,11575071295676,pgAdmin 4 Helper (Renderer),282298240,2.527522542
3,pgadmin,13.471,query,68547,11574981628824,Python,159499056,3.330231458
3,pgadmin,13.471,query,68544,11574977665846,pgAdmin 4 Helper,107987976,0.458055417
3,pgadmin,13.471,query,68541,11574966540486,pgAdmin 4,62441248,0.713190417
3,pgadmin,13.471,query,68618,11575275771061,com.apple.SafariPlatformSupport,9732696,0.105989625
3,pgadmin,13.471,query,68545,11574977751862,pgAdmin 4 Helper,8684408,0.233630583
3,pgadmin,13.724,query,68570,11575071295676,pgAdmin 4 Helper (Renderer),282412928,2.555637542
3,pgadmin,13.724,query,68547,11574981628824,Python,159499056,3.330324917
3,pgadmin,13.724,query,68544,11574977665846,pgAdmin 4 Helper,107955208,0.465662875
3,pgadmin,13.724,query,68541,11574966540486,pgAdmin 4,62441248,0.713190417
3,pgadmin,13.724,query,68618,11575275771061,com.apple.SafariPlatformSupport,9732696,0.105989625
3,pgadmin,13.724,query,68545,11574977751862,pgAdmin 4 Helper,8684408,0.233630583
3,pgadmin,13.978,query,68570,11575071295676,pgAdmin 4 Helper (Renderer),282527616,2.582191333
3,pgadmin,13.978,query,68547,11574981628824,Python,159499056,3.330324917
3,pgadmin,13.978,query,68544,11574977665846,pgAdmin 4 Helper,107955208,0.473972750
3,pgadmin,13.978,query,68541,11574966540486,pgAdmin 4,62441248,0.713366167
3,pgadmin,13.978,query,68618,11575275771061,com.apple.SafariPlatformSupport,9732696,0.105989625
3,pgadmin,13.978,query,68545,11574977751862,pgAdmin 4 Helper,8684408,0.233630583
3,pgadmin,14.232,query,68570,11575071295676,pgAdmin 4 Helper (Renderer),293570432,2.856793625
3,pgadmin,14.232,query,68547,11574981628824,Python,159499056,3.338421958
3,pgadmin,14.232,query,68544,11574977665846,pgAdmin 4 Helper,107971592,0.478109542
3,pgadmin,14.232,query,68541,11574966540486,pgAdmin 4,62441248,0.714412917
3,pgadmin,14.232,query,68618,11575275771061,com.apple.SafariPlatformSupport,9732696,0.106068250
3,pgadmin,14.232,query,68545,11574977751862,pgAdmin 4 Helper,8684408,0.237413958
3,pgadmin,14.486,query,68570,11575071295676,pgAdmin 4 Helper (Renderer),293570432,2.877158250
3,pgadmin,14.486,query,68547,11574981628824,Python,159499056,3.338421958
3,pgadmin,14.486,query,68544,11574977665846,pgAdmin 4 Helper,107971592,0.484378333
3,pgadmin,14.486,query,68541,11574966540486,pgAdmin 4,62441248,0.714547125
3,pgadmin,14.486,query,68618,11575275771061,com.apple.SafariPlatformSupport,9732696,0.106068250
3,pgadmin,14.486,query,68545,11574977751862,pgAdmin 4 Helper,8684408,0.237413958
3,pgadmin,14.740,query,68570,11575071295676,pgAdmin 4 Helper (Renderer),293570432,2.900667083
3,pgadmin,14.740,query,68547,11574981628824,Python,159499056,3.338489875
3,pgadmin,14.740,query,68544,11574977665846,pgAdmin 4 Helper,107971592,0.491356875
3,pgadmin,14.740,query,68541,11574966540486,pgAdmin 4,62441248,0.714722000
3,pgadmin,14.740,query,68618,11575275771061,com.apple.SafariPlatformSupport,9732696,0.106068250
3,pgadmin,14.740,query,68545,11574977751862,pgAdmin 4 Helper,8684408,0.237413958
3,pgadmin,14.995,query,68570,11575071295676,pgAdmin 4 Helper (Renderer),293586816,2.922210792
3,pgadmin,14.995,query,68547,11574981628824,Python,159499056,3.338489875
3,pgadmin,14.995,query,68544,11574977665846,pgAdmin 4 Helper,107955208,0.497915125
3,pgadmin,14.995,query,68541,11574966540486,pgAdmin 4,62441248,0.714777250
3,pgadmin,14.995,query,68618,11575275771061,com.apple.SafariPlatformSupport,9732696,0.106068250
3,pgadmin,14.995,query,68545,11574977751862,pgAdmin 4 Helper,8684408,0.237413958
3,pgadmin,15.250,query,68570,11575071295676,pgAdmin 4 Helper (Renderer),293603200,2.943724917
3,pgadmin,15.250,query,68547,11574981628824,Python,159499056,3.338540750
3,pgadmin,15.250,query,68544,11574977665846,pgAdmin 4 Helper,107987976,0.504650500
3,pgadmin,15.250,query,68541,11574966540486,pgAdmin 4,62441248,0.714777250
3,pgadmin,15.250,query,68618,11575275771061,com.apple.SafariPlatformSupport,9732696,0.106217958
3,pgadmin,15.250,query,68545,11574977751862,pgAdmin 4 Helper,8684408,0.237413958
3,pgadmin,15.505,query,68570,11575071295676,pgAdmin 4 Helper (Renderer),293652352,2.967953750
3,pgadmin,15.505,query,68547,11574981628824,Python,159499056,3.338584167
3,pgadmin,15.505,query,68544,11574977665846,pgAdmin 4 Helper,107971592,0.512628917
3,pgadmin,15.505,query,68541,11574966540486,pgAdmin 4,62441248,0.715671917
3,pgadmin,15.505,query,68618,11575275771061,com.apple.SafariPlatformSupport,9732696,0.106217958
3,pgadmin,15.505,query,68545,11574977751862,pgAdmin 4 Helper,8684408,0.237413958
3,pgadmin,15.760,query,68570,11575071295676,pgAdmin 4 Helper (Renderer),293717888,2.987757542
3,pgadmin,15.760,query,68547,11574981628824,Python,159433520,3.338703500
3,pgadmin,15.760,query,68544,11574977665846,pgAdmin 4 Helper,107971592,0.517640458
3,pgadmin,15.760,query,68541,11574966540486,pgAdmin 4,62441248,0.716182750
3,pgadmin,15.760,query,68618,11575275771061,com.apple.SafariPlatformSupport,9732696,0.106217958
3,pgadmin,15.760,query,68545,11574977751862,pgAdmin 4 Helper,8684408,0.237413958
3,pgadmin,16.015,query,68570,11575071295676,pgAdmin 4 Helper (Renderer),295503744,3.149105250
3,pgadmin,16.015,query,68544,11574977665846,pgAdmin 4 Helper,174605320,0.547846792
3,pgadmin,16.015,query,68547,11574981628824,Python,161284912,3.374452458
3,pgadmin,16.015,query,68541,11574966540486,pgAdmin 4,62555936,0.732466375
3,pgadmin,16.015,query,68618,11575275771061,com.apple.SafariPlatformSupport,9732696,0.106703958
3,pgadmin,16.015,query,68545,11574977751862,pgAdmin 4 Helper,8684408,0.243695417
3,pgadmin,16.270,query,68570,11575071295676,pgAdmin 4 Helper (Renderer),297092992,3.187063458
3,pgadmin,16.270,query,68544,11574977665846,pgAdmin 4 Helper,175440904,0.562187083
3,pgadmin,16.270,query,68547,11574981628824,Python,161284912,3.374452458
3,pgadmin,16.270,query,68541,11574966540486,pgAdmin 4,63850272,0.735514667
3,pgadmin,16.270,query,68618,11575275771061,com.apple.SafariPlatformSupport,9732696,0.106703958
3,pgadmin,16.270,query,68545,11574977751862,pgAdmin 4 Helper,8684408,0.243695417
3,pgadmin,16.525,query,68570,11575071295676,pgAdmin 4 Helper (Renderer),297092992,3.208225208
3,pgadmin,16.525,query,68544,11574977665846,pgAdmin 4 Helper,175424520,0.569611333
3,pgadmin,16.525,query,68547,11574981628824,Python,161284912,3.374580917
3,pgadmin,16.525,query,68541,11574966540486,pgAdmin 4,63850272,0.736645583
3,pgadmin,16.525,query,68618,11575275771061,com.apple.SafariPlatformSupport,9732696,0.106703958
3,pgadmin,16.525,query,68545,11574977751862,pgAdmin 4 Helper,8684408,0.243695417
3,pgadmin,16.777,query,68570,11575071295676,pgAdmin 4 Helper (Renderer),297092992,3.228063167
3,pgadmin,16.777,query,68544,11574977665846,pgAdmin 4 Helper,175424520,0.575761208
3,pgadmin,16.777,query,68547,11574981628824,Python,161284912,3.374580917
3,pgadmin,16.777,query,68541,11574966540486,pgAdmin 4,63850272,0.736645583
3,pgadmin,16.777,query,68618,11575275771061,com.apple.SafariPlatformSupport,9732696,0.106703958
3,pgadmin,16.777,query,68545,11574977751862,pgAdmin 4 Helper,8684408,0.243695417
3,pgadmin,17.033,query,68570,11575071295676,pgAdmin 4 Helper (Renderer),297092992,3.247928667
3,pgadmin,17.033,query,68544,11574977665846,pgAdmin 4 Helper,175424520,0.582277708
3,pgadmin,17.033,query,68547,11574981628824,Python,161284912,3.374672500
3,pgadmin,17.033,query,68541,11574966540486,pgAdmin 4,63866656,0.737080042
3,pgadmin,17.033,query,68618,11575275771061,com.apple.SafariPlatformSupport,9732696,0.106905042
3,pgadmin,17.033,query,68545,11574977751862,pgAdmin 4 Helper,8684408,0.243695417
3,pgadmin,17.288,query,68570,11575071295676,pgAdmin 4 Helper (Renderer),297092992,3.268272000
3,pgadmin,17.288,query,68544,11574977665846,pgAdmin 4 Helper,173327368,0.588385083
3,pgadmin,17.288,query,68547,11574981628824,Python,161284912,3.374672500
3,pgadmin,17.288,query,68541,11574966540486,pgAdmin 4,63866656,0.737080042
3,pgadmin,17.288,query,68618,11575275771061,com.apple.SafariPlatformSupport,9732696,0.107059583
3,pgadmin,17.288,query,68545,11574977751862,pgAdmin 4 Helper,8684408,0.243695417
3,pgadmin,17.543,query,68570,11575071295676,pgAdmin 4 Helper (Renderer),299829120,3.392502958
3,pgadmin,17.543,query,68544,11574977665846,pgAdmin 4 Helper,223069192,0.625571958
3,pgadmin,17.543,query,68547,11574981628824,Python,161284912,3.374704958
3,pgadmin,17.543,query,68541,11574966540486,pgAdmin 4,64456480,0.750065542
3,pgadmin,17.543,query,68618,11575275771061,com.apple.SafariPlatformSupport,9732696,0.107059583
3,pgadmin,17.543,query,68545,11574977751862,pgAdmin 4 Helper,8684408,0.243695417
3,pgadmin,17.798,query,68570,11575071295676,pgAdmin 4 Helper (Renderer),309069696,3.536265833
3,pgadmin,17.798,query,68544,11574977665846,pgAdmin 4 Helper,256656392,0.670858167
3,pgadmin,17.798,query,68547,11574981628824,Python,161284912,3.374704958
3,pgadmin,17.798,query,68541,11574966540486,pgAdmin 4,65160992,0.764814208
3,pgadmin,17.798,query,68618,11575275771061,com.apple.SafariPlatformSupport,9732696,0.107059583
3,pgadmin,17.798,query,68545,11574977751862,pgAdmin 4 Helper,8684408,0.243695417
3,pgadmin,18.054,query,68570,11575071295676,pgAdmin 4 Helper (Renderer),315066240,3.643816167
3,pgadmin,18.054,query,68544,11574977665846,pgAdmin 4 Helper,255755272,0.693295167
3,pgadmin,18.054,query,68547,11574981628824,Python,161284912,3.379162917
3,pgadmin,18.054,query,68541,11574966540486,pgAdmin 4,65079072,0.774963708
3,pgadmin,18.054,query,68618,11575275771061,com.apple.SafariPlatformSupport,9732696,0.107059583
3,pgadmin,18.054,query,68545,11574977751862,pgAdmin 4 Helper,8684408,0.245813500
3,pgadmin,18.307,query,68570,11575071295676,pgAdmin 4 Helper (Renderer),319031168,3.749529708
3,pgadmin,18.307,query,68544,11574977665846,pgAdmin 4 Helper,255853600,0.724555917
3,pgadmin,18.307,query,68547,11574981628824,Python,161284912,3.379162917
3,pgadmin,18.307,query,68541,11574966540486,pgAdmin 4,65111840,0.790960792
3,pgadmin,18.307,query,68618,11575275771061,com.apple.SafariPlatformSupport,11829848,0.107352667
3,pgadmin,18.307,query,68545,11574977751862,pgAdmin 4 Helper,8684408,0.245813500
3,pgadmin,18.561,query,68570,11575071295676,pgAdmin 4 Helper (Renderer),326354840,3.882905667
3,pgadmin,18.561,query,68544,11574977665846,pgAdmin 4 Helper,255902752,0.761520750
3,pgadmin,18.561,query,68547,11574981628824,Python,161284912,3.379223583
3,pgadmin,18.561,query,68541,11574966540486,pgAdmin 4,65128224,0.805032583
3,pgadmin,18.561,query,68618,11575275771061,com.apple.SafariPlatformSupport,11960920,0.107352667
3,pgadmin,18.561,query,68545,11574977751862,pgAdmin 4 Helper,8684408,0.245813500
3,pgadmin,18.816,query,68570,11575071295676,pgAdmin 4 Helper (Renderer),328845208,3.948879958
3,pgadmin,18.816,query,68544,11574977665846,pgAdmin 4 Helper,255886368,0.780216958
3,pgadmin,18.816,query,68547,11574981628824,Python,161284912,3.379223583
3,pgadmin,18.816,query,68541,11574966540486,pgAdmin 4,65144608,0.817392292
3,pgadmin,18.816,query,68618,11575275771061,com.apple.SafariPlatformSupport,11960920,0.107352667
3,pgadmin,18.816,query,68545,11574977751862,pgAdmin 4 Helper,8684408,0.245813500
3,pgadmin,19.071,query,68570,11575071295676,pgAdmin 4 Helper (Renderer),337151896,4.278202042
3,pgadmin,19.071,query,68544,11574977665846,pgAdmin 4 Helper,255869984,0.815897667
3,pgadmin,19.071,query,68547,11574981628824,Python,161284912,3.379264625
3,pgadmin,19.071,query,68541,11574966540486,pgAdmin 4,65160992,0.827109958
3,pgadmin,19.071,query,68618,11575275771061,com.apple.SafariPlatformSupport,11960920,0.107352667
3,pgadmin,19.071,query,68545,11574977751862,pgAdmin 4 Helper,8684408,0.245813500
3,pgadmin,19.324,query,68570,11575071295676,pgAdmin 4 Helper (Renderer),337069976,4.369272292
3,pgadmin,19.324,query,68544,11574977665846,pgAdmin 4 Helper,256427040,0.843084750
3,pgadmin,19.324,query,68547,11574981628824,Python,161284912,3.379264625
3,pgadmin,19.324,query,68541,11574966540486,pgAdmin 4,65160992,0.841134833
3,pgadmin,19.324,query,68618,11575275771061,com.apple.SafariPlatformSupport,11977304,0.107352667
3,pgadmin,19.324,query,68545,11574977751862,pgAdmin 4 Helper,8684408,0.245813500
3,pgadmin,19.579,query,68570,11575071295676,pgAdmin 4 Helper (Renderer),337643416,4.502932000
3,pgadmin,19.579,query,68544,11574977665846,pgAdmin 4 Helper,256427040,0.890720625
3,pgadmin,19.579,query,68547,11574981628824,Python,161284912,3.379311500
3,pgadmin,19.579,query,68541,11574966540486,pgAdmin 4,65242912,0.856824917
3,pgadmin,19.579,query,68618,11575275771061,com.apple.SafariPlatformSupport,11977304,0.107352667
3,pgadmin,19.579,query,68545,11574977751862,pgAdmin 4 Helper,8684408,0.245813500
3,pgadmin,19.831,query,68570,11575071295676,pgAdmin 4 Helper (Renderer),337676184,4.544615792
3,pgadmin,19.831,query,68544,11574977665846,pgAdmin 4 Helper,256427040,0.904423583
3,pgadmin,19.831,query,68547,11574981628824,Python,161284912,3.379311500
3,pgadmin,19.831,query,68541,11574966540486,pgAdmin 4,65242912,0.864565042
3,pgadmin,19.831,query,68618,11575275771061,com.apple.SafariPlatformSupport,11977304,0.107352667
3,pgadmin,19.831,query,68545,11574977751862,pgAdmin 4 Helper,8684408,0.245813500
3,pgadmin,20.082,query,68570,11575071295676,pgAdmin 4 Helper (Renderer),337872792,4.727874292
3,pgadmin,20.082,query,68544,11574977665846,pgAdmin 4 Helper,256427040,0.952795542
3,pgadmin,20.082,query,68547,11574981628824,Python,161284912,3.383670417
3,pgadmin,20.082,query,68541,11574966540486,pgAdmin 4,65259296,0.881061875
3,pgadmin,20.082,query,68618,11575275771061,com.apple.SafariPlatformSupport,11977304,0.107352667
3,pgadmin,20.082,query,68545,11574977751862,pgAdmin 4 Helper,8684408,0.247915000
3,pgadmin,20.336,query,68570,11575071295676,pgAdmin 4 Helper (Renderer),337889176,4.785843667
3,pgadmin,20.336,query,68544,11574977665846,pgAdmin 4 Helper,256427040,0.970310583
3,pgadmin,20.336,query,68547,11574981628824,Python,161284912,3.383670417
3,pgadmin,20.336,query,68541,11574966540486,pgAdmin 4,65275680,0.890773500
3,pgadmin,20.336,query,68618,11575275771061,com.apple.SafariPlatformSupport,11977304,0.107352667
3,pgadmin,20.336,query,68545,11574977751862,pgAdmin 4 Helper,8684408,0.247915000
3,pgadmin,20.590,query,68570,11575071295676,pgAdmin 4 Helper (Renderer),337823640,4.880734667
3,pgadmin,20.590,query,68544,11574977665846,pgAdmin 4 Helper,256427040,1.001914417
3,pgadmin,20.590,query,68547,11574981628824,Python,161284912,3.383735042
3,pgadmin,20.590,query,68541,11574966540486,pgAdmin 4,65308448,0.906550292
3,pgadmin,20.590,query,68618,11575275771061,com.apple.SafariPlatformSupport,11928152,0.107541667
3,pgadmin,20.590,query,68545,11574977751862,pgAdmin 4 Helper,8684408,0.247915000
3,pgadmin,20.844,query,68570,11575071295676,pgAdmin 4 Helper (Renderer),332531608,4.983612500
3,pgadmin,20.844,query,68544,11574977665846,pgAdmin 4 Helper,256427040,1.030871958
3,pgadmin,20.844,query,68547,11574981628824,Python,161284912,3.383735042
3,pgadmin,20.844,query,68541,11574966540486,pgAdmin 4,65308448,0.921139042
3,pgadmin,20.844,query,68618,11575275771061,com.apple.SafariPlatformSupport,11928152,0.107541667
3,pgadmin,20.844,query,68545,11574977751862,pgAdmin 4 Helper,8684408,0.247915000
3,pgadmin,21.099,query,68570,11575071295676,pgAdmin 4 Helper (Renderer),339445656,5.096350542
3,pgadmin,21.099,query,68544,11574977665846,pgAdmin 4 Helper,244417568,1.066237708
3,pgadmin,21.099,query,68547,11574981628824,Python,161284912,3.383781458
3,pgadmin,21.099,query,68541,11574966540486,pgAdmin 4,65242912,0.936279042
3,pgadmin,21.099,query,68618,11575275771061,com.apple.SafariPlatformSupport,11928152,0.107541667
3,pgadmin,21.099,query,68545,11574977751862,pgAdmin 4 Helper,8684408,0.247915000
3,pgadmin,21.354,query,68570,11575071295676,pgAdmin 4 Helper (Renderer),341624728,5.169499625
3,pgadmin,21.354,query,68544,11574977665846,pgAdmin 4 Helper,244335648,1.086170792
3,pgadmin,21.354,query,68547,11574981628824,Python,161284912,3.383781458
3,pgadmin,21.354,query,68541,11574966540486,pgAdmin 4,65242912,0.947565042
3,pgadmin,21.354,query,68618,11575275771061,com.apple.SafariPlatformSupport,11928152,0.107541667
3,pgadmin,21.354,query,68545,11574977751862,pgAdmin 4 Helper,8684408,0.247915000
3,pgadmin,21.607,query,68570,11575071295676,pgAdmin 4 Helper (Renderer),346834840,5.290699958
3,pgadmin,21.607,query,68544,11574977665846,pgAdmin 4 Helper,244319264,1.126445792
3,pgadmin,21.607,query,68547,11574981628824,Python,161284912,3.383817875
3,pgadmin,21.607,query,68541,11574966540486,pgAdmin 4,65242912,0.963577000
3,pgadmin,21.607,query,68618,11575275771061,com.apple.SafariPlatformSupport,11928152,0.107541667
3,pgadmin,21.607,query,68545,11574977751862,pgAdmin 4 Helper,8684408,0.247915000
3,pgadmin,21.860,query,68570,11575071295676,pgAdmin 4 Helper (Renderer),349472664,5.350421708
3,pgadmin,21.860,query,68544,11574977665846,pgAdmin 4 Helper,246645792,1.145156917
3,pgadmin,21.860,query,68547,11574981628824,Python,161284912,3.383817875
3,pgadmin,21.860,query,68541,11574966540486,pgAdmin 4,65259296,0.973757958
3,pgadmin,21.860,query,68618,11575275771061,com.apple.SafariPlatformSupport,11928152,0.107541667
3,pgadmin,21.860,query,68545,11574977751862,pgAdmin 4 Helper,8684408,0.247915000
3,pgadmin,22.114,query,68570,11575071295676,pgAdmin 4 Helper (Renderer),351733656,5.437469542
3,pgadmin,22.114,query,68544,11574977665846,pgAdmin 4 Helper,246662176,1.165328083
3,pgadmin,22.114,query,68547,11574981628824,Python,161284912,3.391669292
3,pgadmin,22.114,query,68541,11574966540486,pgAdmin 4,65259296,0.987552458
3,pgadmin,22.114,query,68618,11575275771061,com.apple.SafariPlatformSupport,11928152,0.107541667
3,pgadmin,22.114,query,68545,11574977751862,pgAdmin 4 Helper,8684408,0.251819583
3,pgadmin,22.365,query,68570,11575071295676,pgAdmin 4 Helper (Renderer),356419480,5.555902917
3,pgadmin,22.365,query,68544,11574977665846,pgAdmin 4 Helper,246662176,1.192923417
3,pgadmin,22.365,query,68547,11574981628824,Python,161284912,3.391669292
3,pgadmin,22.365,query,68541,11574966540486,pgAdmin 4,65259296,1.004133917
3,pgadmin,22.365,query,68618,11575275771061,com.apple.SafariPlatformSupport,11928152,0.107541667
3,pgadmin,22.365,query,68545,11574977751862,pgAdmin 4 Helper,8684408,0.251819583
3,pgadmin,22.617,query,68570,11575071295676,pgAdmin 4 Helper (Renderer),357697432,5.600268542
3,pgadmin,22.617,query,68544,11574977665846,pgAdmin 4 Helper,246662176,1.206809167
3,pgadmin,22.617,query,68547,11574981628824,Python,161284912,3.391743917
3,pgadmin,22.617,query,68541,11574966540486,pgAdmin 4,65259296,1.014333333
3,pgadmin,22.617,query,68618,11575275771061,com.apple.SafariPlatformSupport,11879000,0.107763333
3,pgadmin,22.617,query,68545,11574977751862,pgAdmin 4 Helper,8684408,0.251819583
3,pgadmin,22.872,query,68570,11575071295676,pgAdmin 4 Helper (Renderer),358877080,5.645643417
3,pgadmin,22.872,query,68544,11574977665846,pgAdmin 4 Helper,229377056,1.224490750
3,pgadmin,22.872,query,68547,11574981628824,Python,161284912,3.391743917
3,pgadmin,22.872,query,68541,11574966540486,pgAdmin 4,65259296,1.023690958
3,pgadmin,22.872,query,68618,11575275771061,com.apple.SafariPlatformSupport,11879000,0.107763333
3,pgadmin,22.872,query,68545,11574977751862,pgAdmin 4 Helper,8684408,0.251819583
3,pgadmin,23.124,after-query,68570,11575071295676,pgAdmin 4 Helper (Renderer),358975384,5.668632583
3,pgadmin,23.124,after-query,68544,11574977665846,pgAdmin 4 Helper,226919456,1.231351333
3,pgadmin,23.124,after-query,68547,11574981628824,Python,161284912,3.391830833
3,pgadmin,23.124,after-query,68541,11574966540486,pgAdmin 4,65259296,1.024435875
3,pgadmin,23.124,after-query,68618,11575275771061,com.apple.SafariPlatformSupport,11879000,0.107763333
3,pgadmin,23.124,after-query,68545,11574977751862,pgAdmin 4 Helper,8684408,0.251819583
3,pgadmin,23.379,after-query,68570,11575071295676,pgAdmin 4 Helper (Renderer),359024536,5.691833875
3,pgadmin,23.379,after-query,68544,11574977665846,pgAdmin 4 Helper,226919456,1.238636000
3,pgadmin,23.379,after-query,68547,11574981628824,Python,161284912,3.391830833
3,pgadmin,23.379,after-query,68541,11574966540486,pgAdmin 4,65259296,1.024796875
3,pgadmin,23.379,after-query,68618,11575275771061,com.apple.SafariPlatformSupport,11879000,0.107763333
3,pgadmin,23.379,after-query,68545,11574977751862,pgAdmin 4 Helper,8684408,0.251819583
3,pgadmin,23.635,after-query,68570,11575071295676,pgAdmin 4 Helper (Renderer),359106456,5.711343083
3,pgadmin,23.635,after-query,68544,11574977665846,pgAdmin 4 Helper,226919456,1.244882167
3,pgadmin,23.635,after-query,68547,11574981628824,Python,161284912,3.391887583
3,pgadmin,23.635,after-query,68541,11574966540486,pgAdmin 4,65259296,1.024796875
3,pgadmin,23.635,after-query,68618,11575275771061,com.apple.SafariPlatformSupport,11879000,0.107763333
3,pgadmin,23.635,after-query,68545,11574977751862,pgAdmin 4 Helper,8684408,0.251819583
3,pgadmin,23.890,after-query,68570,11575071295676,pgAdmin 4 Helper (Renderer),358893464,5.733702583
3,pgadmin,23.890,after-query,68544,11574977665846,pgAdmin 4 Helper,222020616,1.253641000
3,pgadmin,23.890,after-query,68547,11574981628824,Python,161284912,3.391887583
3,pgadmin,23.890,after-query,68541,11574966540486,pgAdmin 4,65259296,1.024796875
3,pgadmin,23.890,after-query,68618,11575275771061,com.apple.SafariPlatformSupport,11879000,0.107763333
3,pgadmin,23.890,after-query,68545,11574977751862,pgAdmin 4 Helper,8684408,0.251819583
3,pgadmin,24.141,after-query,68570,11575071295676,pgAdmin 4 Helper (Renderer),359237528,5.766108250
3,pgadmin,24.141,after-query,68544,11574977665846,pgAdmin 4 Helper,200737800,1.259631917
3,pgadmin,24.141,after-query,68547,11574981628824,Python,161284912,3.402076917
3,pgadmin,24.141,after-query,68541,11574966540486,pgAdmin 4,65259296,1.026070875
3,pgadmin,24.141,after-query,68618,11575275771061,com.apple.SafariPlatformSupport,11879000,0.107763333
3,pgadmin,24.141,after-query,68545,11574977751862,pgAdmin 4 Helper,8684408,0.256135500
3,pgadmin,24.396,after-query,68570,11575071295676,pgAdmin 4 Helper (Renderer),359335832,5.783802583
3,pgadmin,24.396,after-query,68544,11574977665846,pgAdmin 4 Helper,200737800,1.265352667
3,pgadmin,24.396,after-query,68547,11574981628824,Python,161284912,3.402076917
3,pgadmin,24.396,after-query,68541,11574966540486,pgAdmin 4,65259296,1.026070875
3,pgadmin,24.396,after-query,68618,11575275771061,com.apple.SafariPlatformSupport,11879000,0.107763333
3,pgadmin,24.396,after-query,68545,11574977751862,pgAdmin 4 Helper,8684408,0.256135500
3,pgadmin,24.651,after-query,68570,11575071295676,pgAdmin 4 Helper (Renderer),359384984,5.803968500
3,pgadmin,24.651,after-query,68544,11574977665846,pgAdmin 4 Helper,200737800,1.271748042
3,pgadmin,24.651,after-query,68547,11574981628824,Python,161284912,3.402168250
3,pgadmin,24.651,after-query,68541,11574966540486,pgAdmin 4,65275680,1.026955417
3,pgadmin,24.651,after-query,68618,11575275771061,com.apple.SafariPlatformSupport,11879000,0.107763333
3,pgadmin,24.651,after-query,68545,11574977751862,pgAdmin 4 Helper,8684408,0.256135500
3,pgadmin,24.906,after-query,68570,11575071295676,pgAdmin 4 Helper (Renderer),359483288,5.824131542
3,pgadmin,24.906,after-query,68544,11574977665846,pgAdmin 4 Helper,189514760,1.279870458
3,pgadmin,24.906,after-query,68547,11574981628824,Python,161284912,3.402168250
3,pgadmin,24.906,after-query,68541,11574966540486,pgAdmin 4,65275680,1.027030875
3,pgadmin,24.906,after-query,68618,11575275771061,com.apple.SafariPlatformSupport,11879000,0.107763333
3,pgadmin,24.906,after-query,68545,11574977751862,pgAdmin 4 Helper,8684408,0.256135500
3,pgadmin,25.161,after-query,68570,11575071295676,pgAdmin 4 Helper (Renderer),359581592,5.842517167
3,pgadmin,25.161,after-query,68544,11574977665846,pgAdmin 4 Helper,189514760,1.285974500
3,pgadmin,25.161,after-query,68547,11574981628824,Python,161284912,3.402271000
3,pgadmin,25.161,after-query,68541,11574966540486,pgAdmin 4,65275680,1.027030875
3,pgadmin,25.161,after-query,68618,11575275771061,com.apple.SafariPlatformSupport,11879000,0.107763333
3,pgadmin,25.161,after-query,68545,11574977751862,pgAdmin 4 Helper,8684408,0.256135500
3,pgadmin,25.417,after-query,68570,11575071295676,pgAdmin 4 Helper (Renderer),359647128,5.861607042
3,pgadmin,25.417,after-query,68544,11574977665846,pgAdmin 4 Helper,189514760,1.292408125
3,pgadmin,25.417,after-query,68547,11574981628824,Python,161284912,3.402271000
3,pgadmin,25.417,after-query,68541,11574966540486,pgAdmin 4,65275680,1.027030875
3,pgadmin,25.417,after-query,68618,11575275771061,com.apple.SafariPlatformSupport,11879000,0.107763333
3,pgadmin,25.417,after-query,68545,11574977751862,pgAdmin 4 Helper,8684408,0.256135500
3,pgadmin,25.672,after-query,68570,11575071295676,pgAdmin 4 Helper (Renderer),359729048,5.881952833
3,pgadmin,25.672,after-query,68544,11574977665846,pgAdmin 4 Helper,189531144,1.299413000
3,pgadmin,25.672,after-query,68547,11574981628824,Python,161284912,3.402353375
3,pgadmin,25.672,after-query,68541,11574966540486,pgAdmin 4,65275680,1.029424833
3,pgadmin,25.672,after-query,68618,11575275771061,com.apple.SafariPlatformSupport,11879000,0.107763333
3,pgadmin,25.672,after-query,68545,11574977751862,pgAdmin 4 Helper,8684408,0.256135500
3,pgadmin,25.927,after-query,68570,11575071295676,pgAdmin 4 Helper (Renderer),359794584,5.903302125
3,pgadmin,25.927,after-query,68544,11574977665846,pgAdmin 4 Helper,189531144,1.306084417
3,pgadmin,25.927,after-query,68547,11574981628824,Python,161284912,3.402353375
3,pgadmin,25.927,after-query,68541,11574966540486,pgAdmin 4,65275680,1.029424833
3,pgadmin,25.927,after-query,68618,11575275771061,com.apple.SafariPlatformSupport,11879000,0.107763333
3,pgadmin,25.927,after-query,68545,11574977751862,pgAdmin 4 Helper,8684408,0.256135500
3,pgadmin,26.183,after-query,68570,11575071295676,pgAdmin 4 Helper (Renderer),360138648,5.937775833
3,pgadmin,26.183,after-query,68544,11574977665846,pgAdmin 4 Helper,175326216,1.312621583
3,pgadmin,26.183,after-query,68547,11574981628824,Python,161284912,3.412892875
3,pgadmin,26.183,after-query,68541,11574966540486,pgAdmin 4,65275680,1.030600083
3,pgadmin,26.183,after-query,68618,11575275771061,com.apple.SafariPlatformSupport,11879000,0.107763333
3,pgadmin,26.183,after-query,68545,11574977751862,pgAdmin 4 Helper,8684408,0.260860542
3,pgadmin,26.438,after-query,68570,11575071295676,pgAdmin 4 Helper (Renderer),360204184,5.956590917
3,pgadmin,26.438,after-query,68544,11574977665846,pgAdmin 4 Helper,175326216,1.318969250
3,pgadmin,26.438,after-query,68547,11574981628824,Python,161284912,3.412892875
3,pgadmin,26.438,after-query,68541,11574966540486,pgAdmin 4,65275680,1.030600083
3,pgadmin,26.438,after-query,68618,11575275771061,com.apple.SafariPlatformSupport,11879000,0.107763333
3,pgadmin,26.438,after-query,68545,11574977751862,pgAdmin 4 Helper,8684408,0.260860542
3,pgadmin,26.693,after-query,68570,11575071295676,pgAdmin 4 Helper (Renderer),360286104,5.978303375
3,pgadmin,26.693,after-query,68544,11574977665846,pgAdmin 4 Helper,175326216,1.325804292
3,pgadmin,26.693,after-query,68547,11574981628824,Python,161284912,3.412991625
3,pgadmin,26.693,after-query,68541,11574966540486,pgAdmin 4,65275680,1.030600083
3,pgadmin,26.693,after-query,68618,11575275771061,com.apple.SafariPlatformSupport,11879000,0.107763333
3,pgadmin,26.693,after-query,68545,11574977751862,pgAdmin 4 Helper,8684408,0.260860542
3,pgadmin,26.948,after-query,68570,11575071295676,pgAdmin 4 Helper (Renderer),360368024,5.999623000
3,pgadmin,26.948,after-query,68544,11574977665846,pgAdmin 4 Helper,175326216,1.332678750
3,pgadmin,26.948,after-query,68547,11574981628824,Python,161284912,3.412991625
3,pgadmin,26.948,after-query,68541,11574966540486,pgAdmin 4,65275680,1.030600083
3,pgadmin,26.948,after-query,68618,11575275771061,com.apple.SafariPlatformSupport,11879000,0.107763333
3,pgadmin,26.948,after-query,68545,11574977751862,pgAdmin 4 Helper,8684408,0.260860542
3,pgadmin,27.203,after-query,68570,11575071295676,pgAdmin 4 Helper (Renderer),360449944,6.022437583
3,pgadmin,27.203,after-query,68544,11574977665846,pgAdmin 4 Helper,175326216,1.339470083
3,pgadmin,27.203,after-query,68547,11574981628824,Python,161284912,3.413083500
3,pgadmin,27.203,after-query,68541,11574966540486,pgAdmin 4,65275680,1.030600083
3,pgadmin,27.203,after-query,68618,11575275771061,com.apple.SafariPlatformSupport,11879000,0.107763333
3,pgadmin,27.203,after-query,68545,11574977751862,pgAdmin 4 Helper,8684408,0.260860542
3,pgadmin,27.457,after-query,68570,11575071295676,pgAdmin 4 Helper (Renderer),360515480,6.040989125
3,pgadmin,27.457,after-query,68544,11574977665846,pgAdmin 4 Helper,175326216,1.345565833
3,pgadmin,27.457,after-query,68547,11574981628824,Python,161284912,3.413083500
3,pgadmin,27.457,after-query,68541,11574966540486,pgAdmin 4,65275680,1.030600083
3,pgadmin,27.457,after-query,68618,11575275771061,com.apple.SafariPlatformSupport,11879000,0.107763333
3,pgadmin,27.457,after-query,68545,11574977751862,pgAdmin 4 Helper,8684408,0.260860542
3,dbgate,0.251,launch,68707,11575770365570,DbGate,8143760,0.096007250
3,dbgate,0.506,launch,68707,11575770365570,DbGate,40191488,0.281523750
3,dbgate,0.506,launch,68710,11575780803258,DbGate Helper,6439536,0.027460333
3,dbgate,0.506,launch,68709,11575780657327,DbGate Helper (GPU),3998320,0.034402250
3,dbgate,0.762,launch,68707,11575770365570,DbGate,61785648,0.443363542
3,dbgate,0.762,launch,68709,11575780657327,DbGate Helper (GPU),10781512,0.084717500
3,dbgate,0.762,launch,68710,11575780803258,DbGate Helper,6030152,0.042148375
3,dbgate,1.017,settle,68707,11575770365570,DbGate,88721184,0.604661375
3,dbgate,1.017,settle,68718,11575789714172,DbGate Helper (Renderer),73925904,0.165013375
3,dbgate,1.017,settle,68709,11575780657327,DbGate Helper (GPU),31081360,0.117325583
3,dbgate,1.017,settle,68710,11575780803258,DbGate Helper,6521696,0.047131833
3,dbgate,1.272,settle,68707,11575770365570,DbGate,111593248,0.735926125
3,dbgate,1.272,settle,68718,11575789714172,DbGate Helper (Renderer),82167128,0.372722917
3,dbgate,1.272,settle,68709,11575780657327,DbGate Helper (GPU),66945960,0.133244750
3,dbgate,1.272,settle,68720,11575798435843,DbGate Helper,10781776,0.052367667
3,dbgate,1.272,settle,68710,11575780803258,DbGate Helper,6521696,0.047131833
3,dbgate,1.528,settle,68709,11575780657327,DbGate Helper (GPU),215221208,0.215107750
3,dbgate,1.528,settle,68707,11575770365570,DbGate,117655328,0.828390833
3,dbgate,1.528,settle,68718,11575789714172,DbGate Helper (Renderer),104924672,0.563417458
3,dbgate,1.528,settle,68720,11575798435843,DbGate Helper,47629440,0.243204875
3,dbgate,1.528,settle,68722,11575800234929,DbGate Helper,39781528,0.189143500
3,dbgate,1.528,settle,68723,11575800298398,DbGate Helper,39732376,0.186280583
3,dbgate,1.528,settle,68710,11575780803258,DbGate Helper,7373664,0.054262083
3,dbgate,1.528,settle,68733,11575805456599,com.apple.SafariPlatformSupport,2097512,0.011523208
3,dbgate,1.782,settle,68709,11575780657327,DbGate Helper (GPU),215286744,0.225697458
3,dbgate,1.782,settle,68707,11575770365570,DbGate,120063776,0.852917125
3,dbgate,1.782,settle,68718,11575789714172,DbGate Helper (Renderer),105301504,0.583875250
3,dbgate,1.782,settle,68723,11575800298398,DbGate Helper,51954960,0.342725333
3,dbgate,1.782,settle,68722,11575800234929,DbGate Helper,51643664,0.344373958
3,dbgate,1.782,settle,68720,11575798435843,DbGate Helper,51610848,0.327112875
3,dbgate,1.782,settle,68733,11575805456599,com.apple.SafariPlatformSupport,9831000,0.106531833
3,dbgate,1.782,settle,68710,11575780803258,DbGate Helper,7684960,0.055820875
3,dbgate,2.037,settle,68709,11575780657327,DbGate Helper (GPU),215286744,0.242310792
3,dbgate,2.037,settle,68707,11575770365570,DbGate,120162080,0.870770417
3,dbgate,2.037,settle,68718,11575789714172,DbGate Helper (Renderer),105334272,0.597026708
3,dbgate,2.037,settle,68723,11575800298398,DbGate Helper,51954960,0.342849458
3,dbgate,2.037,settle,68722,11575800234929,DbGate Helper,51643664,0.344488542
3,dbgate,2.037,settle,68720,11575798435843,DbGate Helper,51610848,0.327276333
3,dbgate,2.037,settle,68733,11575805456599,com.apple.SafariPlatformSupport,9831000,0.106694042
3,dbgate,2.037,settle,68710,11575780803258,DbGate Helper,7799648,0.058025125
3,dbgate,2.293,settle,68709,11575780657327,DbGate Helper (GPU),215303128,0.270948875
3,dbgate,2.293,settle,68707,11575770365570,DbGate,120178464,0.875681333
3,dbgate,2.293,settle,68718,11575789714172,DbGate Helper (Renderer),105514496,0.624743750
3,dbgate,2.293,settle,68723,11575800298398,DbGate Helper,51954960,0.342849458
3,dbgate,2.293,settle,68722,11575800234929,DbGate Helper,51643664,0.344488542
3,dbgate,2.293,settle,68720,11575798435843,DbGate Helper,51610848,0.327276333
3,dbgate,2.293,settle,68733,11575805456599,com.apple.SafariPlatformSupport,9831000,0.106694042
3,dbgate,2.293,settle,68710,11575780803258,DbGate Helper,7865184,0.060478333
3,dbgate,2.549,settle,68709,11575780657327,DbGate Helper (GPU),217088984,0.290870000
3,dbgate,2.549,settle,68707,11575770365570,DbGate,120309536,0.891098042
3,dbgate,2.549,settle,68718,11575789714172,DbGate Helper (Renderer),105580032,0.644636708
3,dbgate,2.549,settle,68723,11575800298398,DbGate Helper,51954960,0.342849458
3,dbgate,2.549,settle,68722,11575800234929,DbGate Helper,51643664,0.344488542
3,dbgate,2.549,settle,68720,11575798435843,DbGate Helper,51610848,0.327391083
3,dbgate,2.549,settle,68733,11575805456599,com.apple.SafariPlatformSupport,9831000,0.106694042
3,dbgate,2.549,settle,68710,11575780803258,DbGate Helper,7947104,0.068741375
3,dbgate,2.805,settle,68709,11575780657327,DbGate Helper (GPU),209421272,0.298575292
3,dbgate,2.805,settle,68707,11575770365570,DbGate,120309536,0.892197125
3,dbgate,2.805,settle,68718,11575789714172,DbGate Helper (Renderer),105580032,0.653062417
3,dbgate,2.805,settle,68723,11575800298398,DbGate Helper,51954960,0.343362250
3,dbgate,2.805,settle,68722,11575800234929,DbGate Helper,51660048,0.345395542
3,dbgate,2.805,settle,68720,11575798435843,DbGate Helper,51610848,0.327764375
3,dbgate,2.805,settle,68733,11575805456599,com.apple.SafariPlatformSupport,9831000,0.106924583
3,dbgate,2.805,settle,68710,11575780803258,DbGate Helper,7947104,0.068741375
3,dbgate,3.060,settle,68709,11575780657327,DbGate Helper (GPU),209437656,0.308278625
3,dbgate,3.060,settle,68707,11575770365570,DbGate,120309536,0.892197125
3,dbgate,3.060,settle,68718,11575789714172,DbGate Helper (Renderer),105596416,0.664494333
3,dbgate,3.060,settle,68723,11575800298398,DbGate Helper,51954960,0.343362250
3,dbgate,3.060,settle,68722,11575800234929,DbGate Helper,51660048,0.345395542
3,dbgate,3.060,settle,68720,11575798435843,DbGate Helper,51610848,0.327764375
3,dbgate,3.060,settle,68733,11575805456599,com.apple.SafariPlatformSupport,9831000,0.106924583
3,dbgate,3.060,settle,68710,11575780803258,DbGate Helper,7947104,0.068741375
3,dbgate,3.315,settle,68709,11575780657327,DbGate Helper (GPU),209421272,0.316388917
3,dbgate,3.315,settle,68707,11575770365570,DbGate,120309536,0.892197125
3,dbgate,3.315,settle,68718,11575789714172,DbGate Helper (Renderer),105596416,0.672353042
3,dbgate,3.315,settle,68723,11575800298398,DbGate Helper,51954960,0.343362250
3,dbgate,3.315,settle,68722,11575800234929,DbGate Helper,51660048,0.345395542
3,dbgate,3.315,settle,68720,11575798435843,DbGate Helper,51610848,0.327764375
3,dbgate,3.315,settle,68733,11575805456599,com.apple.SafariPlatformSupport,9831000,0.106924583
3,dbgate,3.315,settle,68710,11575780803258,DbGate Helper,7947104,0.068741375
3,dbgate,3.568,settle,68709,11575780657327,DbGate Helper (GPU),205112280,0.324876208
3,dbgate,3.568,settle,68707,11575770365570,DbGate,120309536,0.892824167
3,dbgate,3.568,settle,68718,11575789714172,DbGate Helper (Renderer),105596416,0.680186792
3,dbgate,3.568,settle,68723,11575800298398,DbGate Helper,51954960,0.343362250
3,dbgate,3.568,settle,68722,11575800234929,DbGate Helper,51660048,0.345395542
3,dbgate,3.568,settle,68720,11575798435843,DbGate Helper,51610848,0.328097458
3,dbgate,3.568,settle,68733,11575805456599,com.apple.SafariPlatformSupport,9831000,0.106924583
3,dbgate,3.568,settle,68710,11575780803258,DbGate Helper,7947104,0.068741375
3,dbgate,3.824,settle,68709,11575780657327,DbGate Helper (GPU),195003352,0.332252792
3,dbgate,3.824,settle,68707,11575770365570,DbGate,120309536,0.893477417
3,dbgate,3.824,settle,68718,11575789714172,DbGate Helper (Renderer),105596416,0.686741917
3,dbgate,3.824,settle,68723,11575800298398,DbGate Helper,51954960,0.343567250
3,dbgate,3.824,settle,68722,11575800234929,DbGate Helper,51660048,0.345737208
3,dbgate,3.824,settle,68720,11575798435843,DbGate Helper,51610848,0.328097458
3,dbgate,3.824,settle,68733,11575805456599,com.apple.SafariPlatformSupport,9831000,0.107203542
3,dbgate,3.824,settle,68710,11575780803258,DbGate Helper,7947104,0.068741375
3,dbgate,4.079,settle,68709,11575780657327,DbGate Helper (GPU),184419288,0.347149583
3,dbgate,4.079,settle,68707,11575770365570,DbGate,120309536,0.893477417
3,dbgate,4.079,settle,68718,11575789714172,DbGate Helper (Renderer),105383424,0.697212458
3,dbgate,4.079,settle,68723,11575800298398,DbGate Helper,51954960,0.343567250
3,dbgate,4.079,settle,68722,11575800234929,DbGate Helper,51660048,0.345737208
3,dbgate,4.079,settle,68720,11575798435843,DbGate Helper,51610848,0.328097458
3,dbgate,4.079,settle,68733,11575805456599,com.apple.SafariPlatformSupport,9831000,0.107203542
3,dbgate,4.079,settle,68710,11575780803258,DbGate Helper,7947104,0.068741375
3,dbgate,4.334,settle,68709,11575780657327,DbGate Helper (GPU),184402904,0.354781833
3,dbgate,4.334,settle,68707,11575770365570,DbGate,120309536,0.893477417
3,dbgate,4.334,settle,68718,11575789714172,DbGate Helper (Renderer),105383424,0.704382667
3,dbgate,4.334,settle,68723,11575800298398,DbGate Helper,51954960,0.343567250
3,dbgate,4.334,settle,68722,11575800234929,DbGate Helper,51660048,0.345737208
3,dbgate,4.334,settle,68720,11575798435843,DbGate Helper,51610848,0.328097458
3,dbgate,4.334,settle,68733,11575805456599,com.apple.SafariPlatformSupport,9831000,0.107203542
3,dbgate,4.334,settle,68710,11575780803258,DbGate Helper,7947104,0.068741375
3,dbgate,4.589,settle,68709,11575780657327,DbGate Helper (GPU),184402904,0.362486417
3,dbgate,4.589,settle,68707,11575770365570,DbGate,120309536,0.893989125
3,dbgate,4.589,settle,68718,11575789714172,DbGate Helper (Renderer),105383424,0.711191458
3,dbgate,4.589,settle,68723,11575800298398,DbGate Helper,51954960,0.343567250
3,dbgate,4.589,settle,68722,11575800234929,DbGate Helper,51660048,0.345737208
3,dbgate,4.589,settle,68720,11575798435843,DbGate Helper,51610848,0.328426125
3,dbgate,4.589,settle,68733,11575805456599,com.apple.SafariPlatformSupport,9831000,0.107203542
3,dbgate,4.589,settle,68710,11575780803258,DbGate Helper,7947104,0.068741375
3,dbgate,4.840,settle,68709,11575780657327,DbGate Helper (GPU),184402904,0.370730917
3,dbgate,4.840,settle,68707,11575770365570,DbGate,120309536,0.894664042
3,dbgate,4.840,settle,68718,11575789714172,DbGate Helper (Renderer),105383424,0.719966750
3,dbgate,4.840,settle,68723,11575800298398,DbGate Helper,51954960,0.343796750
3,dbgate,4.840,settle,68722,11575800234929,DbGate Helper,51660048,0.346126292
3,dbgate,4.840,settle,68720,11575798435843,DbGate Helper,51610848,0.328426125
3,dbgate,4.840,settle,68733,11575805456599,com.apple.SafariPlatformSupport,9831000,0.107203542
3,dbgate,4.840,settle,68710,11575780803258,DbGate Helper,7947104,0.068741375
3,dbgate,5.095,settle,68709,11575780657327,DbGate Helper (GPU),184419288,0.383636458
3,dbgate,5.095,settle,68707,11575770365570,DbGate,120309536,0.896930250
3,dbgate,5.095,settle,68718,11575789714172,DbGate Helper (Renderer),105383424,0.730651333
3,dbgate,5.095,settle,68723,11575800298398,DbGate Helper,51954960,0.343796750
3,dbgate,5.095,settle,68722,11575800234929,DbGate Helper,51660048,0.346126292
3,dbgate,5.095,settle,68720,11575798435843,DbGate Helper,51610848,0.328426125
3,dbgate,5.095,settle,68733,11575805456599,com.apple.SafariPlatformSupport,9831000,0.107203542
3,dbgate,5.095,settle,68710,11575780803258,DbGate Helper,7947104,0.068741375
3,dbgate,5.351,settle,68709,11575780657327,DbGate Helper (GPU),184402904,0.391639125
3,dbgate,5.351,settle,68707,11575770365570,DbGate,120309536,0.896930250
3,dbgate,5.351,settle,68718,11575789714172,DbGate Helper (Renderer),105383424,0.738245708
3,dbgate,5.351,settle,68723,11575800298398,DbGate Helper,51954960,0.343796750
3,dbgate,5.351,settle,68722,11575800234929,DbGate Helper,51660048,0.346126292
3,dbgate,5.351,settle,68720,11575798435843,DbGate Helper,51610848,0.328426125
3,dbgate,5.351,settle,68733,11575805456599,com.apple.SafariPlatformSupport,9831000,0.107203542
3,dbgate,5.351,settle,68710,11575780803258,DbGate Helper,7947104,0.068741375
3,dbgate,5.604,settle,68709,11575780657327,DbGate Helper (GPU),184402904,0.401664167
3,dbgate,5.604,settle,68707,11575770365570,DbGate,120309536,0.898180583
3,dbgate,5.604,settle,68718,11575789714172,DbGate Helper (Renderer),105383424,0.748172958
3,dbgate,5.604,settle,68723,11575800298398,DbGate Helper,51954960,0.343796750
3,dbgate,5.604,settle,68722,11575800234929,DbGate Helper,51660048,0.346210500
3,dbgate,5.604,settle,68720,11575798435843,DbGate Helper,51610848,0.328815125
3,dbgate,5.604,settle,68733,11575805456599,com.apple.SafariPlatformSupport,9831000,0.107203542
3,dbgate,5.604,settle,68710,11575780803258,DbGate Helper,7947104,0.068897042
3,dbgate,5.857,settle,68709,11575780657327,DbGate Helper (GPU),184402904,0.409008667
3,dbgate,5.857,settle,68707,11575770365570,DbGate,120309536,0.898810750
3,dbgate,5.857,settle,68718,11575789714172,DbGate Helper (Renderer),105383424,0.755458458
3,dbgate,5.857,settle,68723,11575800298398,DbGate Helper,51954960,0.344038500
3,dbgate,5.857,settle,68722,11575800234929,DbGate Helper,51660048,0.346517042
3,dbgate,5.857,settle,68720,11575798435843,DbGate Helper,51610848,0.328815125
3,dbgate,5.857,settle,68733,11575805456599,com.apple.SafariPlatformSupport,9831000,0.107409667
3,dbgate,5.857,settle,68710,11575780803258,DbGate Helper,7947104,0.068897042
3,dbgate,6.111,query,68709,11575780657327,DbGate Helper (GPU),184419288,0.416966208
3,dbgate,6.111,query,68707,11575770365570,DbGate,120309536,0.898985000
3,dbgate,6.111,query,68718,11575789714172,DbGate Helper (Renderer),105383424,0.762734042
3,dbgate,6.111,query,68723,11575800298398,DbGate Helper,51954960,0.344038500
3,dbgate,6.111,query,68722,11575800234929,DbGate Helper,51660048,0.346517042
3,dbgate,6.111,query,68720,11575798435843,DbGate Helper,51610848,0.328815125
3,dbgate,6.111,query,68733,11575805456599,com.apple.SafariPlatformSupport,9831000,0.107534875
3,dbgate,6.111,query,68710,11575780803258,DbGate Helper,7897952,0.068960500
3,dbgate,6.365,query,68709,11575780657327,DbGate Helper (GPU),184402904,0.422936583
3,dbgate,6.365,query,68707,11575770365570,DbGate,120309536,0.900067583
3,dbgate,6.365,query,68718,11575789714172,DbGate Helper (Renderer),105383424,0.767999542
3,dbgate,6.365,query,68723,11575800298398,DbGate Helper,51954960,0.344038500
3,dbgate,6.365,query,68722,11575800234929,DbGate Helper,51660048,0.346517042
3,dbgate,6.365,query,68720,11575798435843,DbGate Helper,51610848,0.328815125
3,dbgate,6.365,query,68733,11575805456599,com.apple.SafariPlatformSupport,9831000,0.107534875
3,dbgate,6.365,query,68710,11575780803258,DbGate Helper,7897952,0.068960500
3,dbgate,6.620,query,68709,11575780657327,DbGate Helper (GPU),150864856,0.436782125
3,dbgate,6.620,query,68707,11575770365570,DbGate,120244000,0.903523708
3,dbgate,6.620,query,68718,11575789714172,DbGate Helper (Renderer),105399808,0.777995542
3,dbgate,6.620,query,68723,11575800298398,DbGate Helper,51889424,0.344520750
3,dbgate,6.620,query,68722,11575800234929,DbGate Helper,51610896,0.347076458
3,dbgate,6.620,query,68720,11575798435843,DbGate Helper,51561696,0.329974958
3,dbgate,6.620,query,68733,11575805456599,com.apple.SafariPlatformSupport,9831000,0.108282958
3,dbgate,6.620,query,68710,11575780803258,DbGate Helper,7897952,0.068960500
3,dbgate,6.875,query,68709,11575780657327,DbGate Helper (GPU),150864856,0.443276708
3,dbgate,6.875,query,68707,11575770365570,DbGate,117311264,0.905362875
3,dbgate,6.875,query,68718,11575789714172,DbGate Helper (Renderer),105399808,0.784274000
3,dbgate,6.875,query,68723,11575800298398,DbGate Helper,51889424,0.344520750
3,dbgate,6.875,query,68722,11575800234929,DbGate Helper,51610896,0.347076458
3,dbgate,6.875,query,68720,11575798435843,DbGate Helper,51561696,0.329974958
3,dbgate,6.875,query,68733,11575805456599,com.apple.SafariPlatformSupport,9831000,0.108282958
3,dbgate,6.875,query,68710,11575780803258,DbGate Helper,7897952,0.068960500
3,dbgate,7.128,query,68709,11575780657327,DbGate Helper (GPU),121291736,0.457211292
3,dbgate,7.128,query,68707,11575770365570,DbGate,117311264,0.905362875
3,dbgate,7.128,query,68718,11575789714172,DbGate Helper (Renderer),105416192,0.792758167
3,dbgate,7.128,query,68723,11575800298398,DbGate Helper,51889424,0.344520750
3,dbgate,7.128,query,68722,11575800234929,DbGate Helper,51610896,0.347076458
3,dbgate,7.128,query,68720,11575798435843,DbGate Helper,51561696,0.329974958
3,dbgate,7.128,query,68733,11575805456599,com.apple.SafariPlatformSupport,9831000,0.108282958
3,dbgate,7.128,query,68710,11575780803258,DbGate Helper,7897952,0.068960500
3,dbgate,7.383,query,68707,11575770365570,DbGate,117311264,0.907915458
3,dbgate,7.383,query,68709,11575780657327,DbGate Helper (GPU),115835864,0.465797292
3,dbgate,7.383,query,68718,11575789714172,DbGate Helper (Renderer),105432576,0.801705833
3,dbgate,7.383,query,68723,11575800298398,DbGate Helper,51889424,0.344520750
3,dbgate,7.383,query,68722,11575800234929,DbGate Helper,51610896,0.347076458
3,dbgate,7.383,query,68720,11575798435843,DbGate Helper,51561696,0.329974958
3,dbgate,7.383,query,68733,11575805456599,com.apple.SafariPlatformSupport,9831000,0.108282958
3,dbgate,7.383,query,68710,11575780803258,DbGate Helper,7897952,0.068960500
3,dbgate,7.639,query,68707,11575770365570,DbGate,117311264,0.909179458
3,dbgate,7.639,query,68718,11575789714172,DbGate Helper (Renderer),105432576,0.809382167
3,dbgate,7.639,query,68709,11575780657327,DbGate Helper (GPU),84296664,0.480037792
3,dbgate,7.639,query,68723,11575800298398,DbGate Helper,51889424,0.345044292
3,dbgate,7.639,query,68722,11575800234929,DbGate Helper,51627280,0.347901625
3,dbgate,7.639,query,68720,11575798435843,DbGate Helper,51561696,0.330459750
3,dbgate,7.639,query,68733,11575805456599,com.apple.SafariPlatformSupport,9831000,0.108282958
3,dbgate,7.639,query,68710,11575780803258,DbGate Helper,7897952,0.068960500
3,dbgate,7.889,query,68707,11575770365570,DbGate,117311264,0.909179458
3,dbgate,7.889,query,68718,11575789714172,DbGate Helper (Renderer),105432576,0.818331042
3,dbgate,7.889,query,68709,11575780657327,DbGate Helper (GPU),84313048,0.487451292
3,dbgate,7.889,query,68723,11575800298398,DbGate Helper,51889424,0.345044292
3,dbgate,7.889,query,68722,11575800234929,DbGate Helper,51627280,0.347901625
3,dbgate,7.889,query,68720,11575798435843,DbGate Helper,51561696,0.330459750
3,dbgate,7.889,query,68733,11575805456599,com.apple.SafariPlatformSupport,9831000,0.108282958
3,dbgate,7.889,query,68710,11575780803258,DbGate Helper,7897952,0.068960500
3,dbgate,8.144,query,68707,11575770365570,DbGate,117311264,0.909179458
3,dbgate,8.144,query,68718,11575789714172,DbGate Helper (Renderer),105432576,0.825806125
3,dbgate,8.144,query,68709,11575780657327,DbGate Helper (GPU),84313048,0.496896458
3,dbgate,8.144,query,68723,11575800298398,DbGate Helper,51889424,0.345044292
3,dbgate,8.144,query,68722,11575800234929,DbGate Helper,51627280,0.347901625
3,dbgate,8.144,query,68720,11575798435843,DbGate Helper,51561696,0.330459750
3,dbgate,8.144,query,68733,11575805456599,com.apple.SafariPlatformSupport,9831000,0.108282958
3,dbgate,8.144,query,68710,11575780803258,DbGate Helper,7897952,0.068960500
3,dbgate,8.399,query,68707,11575770365570,DbGate,117311264,0.909179458
3,dbgate,8.399,query,68718,11575789714172,DbGate Helper (Renderer),105432576,0.835723125
3,dbgate,8.399,query,68709,11575780657327,DbGate Helper (GPU),84313048,0.505643500
3,dbgate,8.399,query,68723,11575800298398,DbGate Helper,51889424,0.345044292
3,dbgate,8.399,query,68722,11575800234929,DbGate Helper,51627280,0.347901625
3,dbgate,8.399,query,68720,11575798435843,DbGate Helper,51561696,0.330459750
3,dbgate,8.399,query,68733,11575805456599,com.apple.SafariPlatformSupport,9831000,0.108282958
3,dbgate,8.399,query,68710,11575780803258,DbGate Helper,7897952,0.068960500
3,dbgate,8.652,query,68707,11575770365570,DbGate,117311264,0.910296208
3,dbgate,8.652,query,68718,11575789714172,DbGate Helper (Renderer),105432576,0.842356750
3,dbgate,8.652,query,68709,11575780657327,DbGate Helper (GPU),84296664,0.513671250
3,dbgate,8.652,query,68723,11575800298398,DbGate Helper,51889424,0.345233625
3,dbgate,8.652,query,68722,11575800234929,DbGate Helper,51627280,0.348185500
3,dbgate,8.652,query,68720,11575798435843,DbGate Helper,51561696,0.330732000
3,dbgate,8.652,query,68733,11575805456599,com.apple.SafariPlatformSupport,9831000,0.108282958
3,dbgate,8.652,query,68710,11575780803258,DbGate Helper,7897952,0.068960500
3,dbgate,8.908,query,68707,11575770365570,DbGate,117311264,0.910296208
3,dbgate,8.908,query,68718,11575789714172,DbGate Helper (Renderer),105448960,0.850376917
3,dbgate,8.908,query,68709,11575780657327,DbGate Helper (GPU),84296664,0.520845292
3,dbgate,8.908,query,68723,11575800298398,DbGate Helper,51889424,0.345233625
3,dbgate,8.908,query,68722,11575800234929,DbGate Helper,51627280,0.348185500
3,dbgate,8.908,query,68720,11575798435843,DbGate Helper,51561696,0.330732000
3,dbgate,8.908,query,68733,11575805456599,com.apple.SafariPlatformSupport,9781848,0.108437042
3,dbgate,8.908,query,68710,11575780803258,DbGate Helper,7897952,0.068960500
3,dbgate,9.160,query,68707,11575770365570,DbGate,117311264,0.910296208
3,dbgate,9.160,query,68718,11575789714172,DbGate Helper (Renderer),105448960,0.855717208
3,dbgate,9.160,query,68709,11575780657327,DbGate Helper (GPU),84296664,0.528315208
3,dbgate,9.160,query,68723,11575800298398,DbGate Helper,51889424,0.345233625
3,dbgate,9.160,query,68722,11575800234929,DbGate Helper,51627280,0.348185500
3,dbgate,9.160,query,68720,11575798435843,DbGate Helper,51561696,0.330732000
3,dbgate,9.160,query,68733,11575805456599,com.apple.SafariPlatformSupport,9781848,0.108437042
3,dbgate,9.160,query,68710,11575780803258,DbGate Helper,7897952,0.068960500
3,dbgate,9.415,query,68707,11575770365570,DbGate,117360416,0.911656917
3,dbgate,9.415,query,68718,11575789714172,DbGate Helper (Renderer),105448960,0.862215375
3,dbgate,9.415,query,68709,11575780657327,DbGate Helper (GPU),84296664,0.534376375
3,dbgate,9.415,query,68723,11575800298398,DbGate Helper,51889424,0.345233625
3,dbgate,9.415,query,68722,11575800234929,DbGate Helper,51627280,0.348185500
3,dbgate,9.415,query,68720,11575798435843,DbGate Helper,51561696,0.330732000
3,dbgate,9.415,query,68733,11575805456599,com.apple.SafariPlatformSupport,9781848,0.108437042
3,dbgate,9.415,query,68710,11575780803258,DbGate Helper,7897952,0.068960500
3,dbgate,9.670,query,68707,11575770365570,DbGate,117360416,0.913162250
3,dbgate,9.670,query,68718,11575789714172,DbGate Helper (Renderer),105448960,0.867450167
3,dbgate,9.670,query,68709,11575780657327,DbGate Helper (GPU),84280280,0.541374667
3,dbgate,9.670,query,68723,11575800298398,DbGate Helper,51889424,0.345582000
3,dbgate,9.670,query,68722,11575800234929,DbGate Helper,51627280,0.348780333
3,dbgate,9.670,query,68720,11575798435843,DbGate Helper,51578080,0.331453333
3,dbgate,9.670,query,68733,11575805456599,com.apple.SafariPlatformSupport,9781848,0.108437042
3,dbgate,9.670,query,68710,11575780803258,DbGate Helper,7897952,0.068960500
3,dbgate,9.925,query,68707,11575770365570,DbGate,117360416,0.913162250
3,dbgate,9.925,query,68718,11575789714172,DbGate Helper (Renderer),105448960,0.873504708
3,dbgate,9.925,query,68709,11575780657327,DbGate Helper (GPU),84296664,0.547999708
3,dbgate,9.925,query,68723,11575800298398,DbGate Helper,51889424,0.345582000
3,dbgate,9.925,query,68722,11575800234929,DbGate Helper,51627280,0.348780333
3,dbgate,9.925,query,68720,11575798435843,DbGate Helper,51578080,0.331453333
3,dbgate,9.925,query,68733,11575805456599,com.apple.SafariPlatformSupport,9781848,0.108437042
3,dbgate,9.925,query,68710,11575780803258,DbGate Helper,7897952,0.068960500
3,dbgate,10.180,query,68707,11575770365570,DbGate,117360416,0.913162250
3,dbgate,10.180,query,68718,11575789714172,DbGate Helper (Renderer),105448960,0.878305667
3,dbgate,10.180,query,68709,11575780657327,DbGate Helper (GPU),84280280,0.555997375
3,dbgate,10.180,query,68723,11575800298398,DbGate Helper,51889424,0.345582000
3,dbgate,10.180,query,68722,11575800234929,DbGate Helper,51627280,0.348780333
3,dbgate,10.180,query,68720,11575798435843,DbGate Helper,51578080,0.331453333
3,dbgate,10.180,query,68733,11575805456599,com.apple.SafariPlatformSupport,9781848,0.108437042
3,dbgate,10.180,query,68710,11575780803258,DbGate Helper,7897952,0.068960500
3,dbgate,10.435,query,68707,11575770365570,DbGate,117360416,0.913162250
3,dbgate,10.435,query,68718,11575789714172,DbGate Helper (Renderer),105448960,0.886472750
3,dbgate,10.435,query,68709,11575780657327,DbGate Helper (GPU),84296664,0.563626208
3,dbgate,10.435,query,68723,11575800298398,DbGate Helper,51889424,0.345582000
3,dbgate,10.435,query,68722,11575800234929,DbGate Helper,51627280,0.348780333
3,dbgate,10.435,query,68720,11575798435843,DbGate Helper,51578080,0.331453333
3,dbgate,10.435,query,68733,11575805456599,com.apple.SafariPlatformSupport,9781848,0.108437042
3,dbgate,10.435,query,68710,11575780803258,DbGate Helper,7897952,0.068960500
3,dbgate,10.690,query,68707,11575770365570,DbGate,117360416,0.915453458
3,dbgate,10.690,query,68718,11575789714172,DbGate Helper (Renderer),105448960,0.891026708
3,dbgate,10.690,query,68709,11575780657327,DbGate Helper (GPU),84280280,0.569502250
3,dbgate,10.690,query,68723,11575800298398,DbGate Helper,51889424,0.345812917
3,dbgate,10.690,query,68722,11575800234929,DbGate Helper,51627280,0.349007667
3,dbgate,10.690,query,68720,11575798435843,DbGate Helper,51578080,0.331742458
3,dbgate,10.690,query,68733,11575805456599,com.apple.SafariPlatformSupport,9781848,0.108437042
3,dbgate,10.690,query,68710,11575780803258,DbGate Helper,7897952,0.068960500
3,dbgate,10.944,query,68707,11575770365570,DbGate,117360416,0.915824125
3,dbgate,10.944,query,68718,11575789714172,DbGate Helper (Renderer),105448960,0.897463625
3,dbgate,10.944,query,68709,11575780657327,DbGate Helper (GPU),84296664,0.575659667
3,dbgate,10.944,query,68723,11575800298398,DbGate Helper,51889424,0.345812917
3,dbgate,10.944,query,68722,11575800234929,DbGate Helper,51627280,0.349007667
3,dbgate,10.944,query,68720,11575798435843,DbGate Helper,51578080,0.331742458
3,dbgate,10.944,query,68733,11575805456599,com.apple.SafariPlatformSupport,9781848,0.108437042
3,dbgate,10.944,query,68710,11575780803258,DbGate Helper,7897952,0.068960500
3,dbgate,11.199,query,68707,11575770365570,DbGate,117360416,0.915824125
3,dbgate,11.199,query,68718,11575789714172,DbGate Helper (Renderer),105448960,0.902596083
3,dbgate,11.199,query,68709,11575780657327,DbGate Helper (GPU),84280280,0.583336917
3,dbgate,11.199,query,68723,11575800298398,DbGate Helper,51889424,0.345812917
3,dbgate,11.199,query,68722,11575800234929,DbGate Helper,51627280,0.349007667
3,dbgate,11.199,query,68720,11575798435843,DbGate Helper,51578080,0.331742458
3,dbgate,11.199,query,68733,11575805456599,com.apple.SafariPlatformSupport,9732720,0.108732792
3,dbgate,11.199,query,68710,11575780803258,DbGate Helper,7897952,0.068960500
3,dbgate,11.452,query,68707,11575770365570,DbGate,117360416,0.915875250
3,dbgate,11.452,query,68718,11575789714172,DbGate Helper (Renderer),105481728,0.911318042
3,dbgate,11.452,query,68709,11575780657327,DbGate Helper (GPU),84296664,0.590486667
3,dbgate,11.452,query,68723,11575800298398,DbGate Helper,51889424,0.345812917
3,dbgate,11.452,query,68722,11575800234929,DbGate Helper,51627280,0.349007667
3,dbgate,11.452,query,68720,11575798435843,DbGate Helper,51578080,0.331742458
3,dbgate,11.452,query,68733,11575805456599,com.apple.SafariPlatformSupport,9732720,0.108732792
3,dbgate,11.452,query,68710,11575780803258,DbGate Helper,7897952,0.068960500
3,dbgate,11.707,query,68707,11575770365570,DbGate,117360416,0.917198333
3,dbgate,11.707,query,68718,11575789714172,DbGate Helper (Renderer),105481728,0.916652167
3,dbgate,11.707,query,68709,11575780657327,DbGate Helper (GPU),84280280,0.596829583
3,dbgate,11.707,query,68723,11575800298398,DbGate Helper,51889424,0.346145583
3,dbgate,11.707,query,68722,11575800234929,DbGate Helper,51627280,0.349558917
3,dbgate,11.707,query,68720,11575798435843,DbGate Helper,51578080,0.332188000
3,dbgate,11.707,query,68733,11575805456599,com.apple.SafariPlatformSupport,9732720,0.108732792
3,dbgate,11.707,query,68710,11575780803258,DbGate Helper,7897952,0.068960500
3,dbgate,11.962,query,68709,11575780657327,DbGate Helper (GPU),146555864,0.614254542
3,dbgate,11.962,query,68707,11575770365570,DbGate,117786400,0.943869458
3,dbgate,11.962,query,68718,11575789714172,DbGate Helper (Renderer),105727488,0.932035625
3,dbgate,11.962,query,68723,11575800298398,DbGate Helper,51889424,0.346145583
3,dbgate,11.962,query,68722,11575800234929,DbGate Helper,51627280,0.349558917
3,dbgate,11.962,query,68720,11575798435843,DbGate Helper,51578080,0.332188000
3,dbgate,11.962,query,68733,11575805456599,com.apple.SafariPlatformSupport,9732720,0.108732792
3,dbgate,11.962,query,68710,11575780803258,DbGate Helper,7897952,0.068960500
3,dbgate,12.214,query,68709,11575780657327,DbGate Helper (GPU),206291928,0.627776958
3,dbgate,12.214,query,68707,11575770365570,DbGate,119752480,0.990100500
3,dbgate,12.214,query,68718,11575789714172,DbGate Helper (Renderer),106350080,0.951335875
3,dbgate,12.214,query,68723,11575800298398,DbGate Helper,51889424,0.346145583
3,dbgate,12.214,query,68722,11575800234929,DbGate Helper,51627280,0.349558917
3,dbgate,12.214,query,68720,11575798435843,DbGate Helper,51578080,0.332188000
3,dbgate,12.214,query,68733,11575805456599,com.apple.SafariPlatformSupport,9732720,0.108732792
3,dbgate,12.214,query,68710,11575780803258,DbGate Helper,7897952,0.069331792
3,dbgate,12.470,query,68709,11575780657327,DbGate Helper (GPU),206275544,0.634001667
3,dbgate,12.470,query,68707,11575770365570,DbGate,119752480,0.994163583
3,dbgate,12.470,query,68718,11575789714172,DbGate Helper (Renderer),106350080,0.959796042
3,dbgate,12.470,query,68723,11575800298398,DbGate Helper,51889424,0.346145583
3,dbgate,12.470,query,68722,11575800234929,DbGate Helper,51627280,0.349558917
3,dbgate,12.470,query,68720,11575798435843,DbGate Helper,51578080,0.332188000
3,dbgate,12.470,query,68733,11575805456599,com.apple.SafariPlatformSupport,9732720,0.108732792
3,dbgate,12.470,query,68710,11575780803258,DbGate Helper,7897952,0.069331792
3,dbgate,12.725,query,68709,11575780657327,DbGate Helper (GPU),206865368,0.649058792
3,dbgate,12.725,query,68707,11575770365570,DbGate,119785248,1.001551875
3,dbgate,12.725,query,68718,11575789714172,DbGate Helper (Renderer),106481152,0.975761083
3,dbgate,12.725,query,68723,11575800298398,DbGate Helper,51889424,0.346444958
3,dbgate,12.725,query,68722,11575800234929,DbGate Helper,51627280,0.349782125
3,dbgate,12.725,query,68720,11575798435843,DbGate Helper,51578080,0.332557583
3,dbgate,12.725,query,68733,11575805456599,com.apple.SafariPlatformSupport,9732720,0.108732792
3,dbgate,12.725,query,68710,11575780803258,DbGate Helper,7897952,0.069331792
3,dbgate,12.977,query,68709,11575780657327,DbGate Helper (GPU),206865368,0.661691875
3,dbgate,12.977,query,68707,11575770365570,DbGate,119850784,1.011195333
3,dbgate,12.977,query,68718,11575789714172,DbGate Helper (Renderer),106776064,1.005625708
3,dbgate,12.977,query,68723,11575800298398,DbGate Helper,51889424,0.346444958
3,dbgate,12.977,query,68722,11575800234929,DbGate Helper,51627280,0.349782125
3,dbgate,12.977,query,68720,11575798435843,DbGate Helper,51578080,0.332557583
3,dbgate,12.977,query,68733,11575805456599,com.apple.SafariPlatformSupport,9732720,0.108732792
3,dbgate,12.977,query,68710,11575780803258,DbGate Helper,7897952,0.069419125
3,dbgate,12.977,query,68786,11576080636040,DbGate Helper,278720,0.007541750
3,dbgate,13.233,query,68709,11575780657327,DbGate Helper (GPU),210306008,0.698161542
3,dbgate,13.233,query,68707,11575770365570,DbGate,120424224,1.031417292
3,dbgate,13.233,query,68718,11575789714172,DbGate Helper (Renderer),108234240,1.049098250
3,dbgate,13.233,query,68723,11575800298398,DbGate Helper,51889424,0.346444958
3,dbgate,13.233,query,68722,11575800234929,DbGate Helper,51627280,0.349782125
3,dbgate,13.233,query,68720,11575798435843,DbGate Helper,51578080,0.332557583
3,dbgate,13.233,query,68786,11576080636040,DbGate Helper,39535720,0.203739417
3,dbgate,13.233,query,68733,11575805456599,com.apple.SafariPlatformSupport,9732720,0.108732792
3,dbgate,13.233,query,68710,11575780803258,DbGate Helper,7897952,0.069419125
3,dbgate,13.483,query,68709,11575780657327,DbGate Helper (GPU),254854128,0.732550958
3,dbgate,13.483,query,68707,11575770365570,DbGate,121358112,1.055695708
3,dbgate,13.483,query,68718,11575789714172,DbGate Helper (Renderer),119653888,1.130772417
3,dbgate,13.483,query,68786,11576080636040,DbGate Helper,57787616,0.376789417
3,dbgate,13.483,query,68723,11575800298398,DbGate Helper,51889424,0.346444958
3,dbgate,13.483,query,68722,11575800234929,DbGate Helper,51627280,0.349782125
3,dbgate,13.483,query,68720,11575798435843,DbGate Helper,51578080,0.332557583
3,dbgate,13.483,query,68733,11575805456599,com.apple.SafariPlatformSupport,9732720,0.108732792
3,dbgate,13.483,query,68710,11575780803258,DbGate Helper,7897952,0.069419125
3,dbgate,13.739,query,68709,11575780657327,DbGate Helper (GPU),254936048,0.746197542
3,dbgate,13.739,query,68707,11575770365570,DbGate,121423648,1.057290292
3,dbgate,13.739,query,68718,11575789714172,DbGate Helper (Renderer),120751616,1.162986750
3,dbgate,13.739,query,68786,11576080636040,DbGate Helper,57787616,0.376994458
3,dbgate,13.739,query,68723,11575800298398,DbGate Helper,51889424,0.346596625
3,dbgate,13.739,query,68722,11575800234929,DbGate Helper,51627280,0.349883542
3,dbgate,13.739,query,68720,11575798435843,DbGate Helper,51578080,0.332717167
3,dbgate,13.739,query,68733,11575805456599,com.apple.SafariPlatformSupport,9732720,0.108732792
3,dbgate,13.739,query,68710,11575780803258,DbGate Helper,7897952,0.069419125
3,dbgate,13.991,query,68709,11575780657327,DbGate Helper (GPU),254919664,0.753113292
3,dbgate,13.991,query,68707,11575770365570,DbGate,121440032,1.057713667
3,dbgate,13.991,query,68718,11575789714172,DbGate Helper (Renderer),120768000,1.172027708
3,dbgate,13.991,query,68786,11576080636040,DbGate Helper,57787616,0.376994458
3,dbgate,13.991,query,68723,11575800298398,DbGate Helper,51889424,0.346596625
3,dbgate,13.991,query,68722,11575800234929,DbGate Helper,51627280,0.349883542
3,dbgate,13.991,query,68720,11575798435843,DbGate Helper,51578080,0.332717167
3,dbgate,13.991,query,68733,11575805456599,com.apple.SafariPlatformSupport,9732720,0.108732792
3,dbgate,13.991,query,68710,11575780803258,DbGate Helper,7897952,0.069419125
3,dbgate,14.244,query,68709,11575780657327,DbGate Helper (GPU),273024032,0.834700917
3,dbgate,14.244,query,68718,11575789714172,DbGate Helper (Renderer),126567936,1.360343708
3,dbgate,14.244,query,68707,11575770365570,DbGate,121407264,1.078513208
3,dbgate,14.244,query,68786,11576080636040,DbGate Helper,57787616,0.376994458
3,dbgate,14.244,query,68723,11575800298398,DbGate Helper,51889424,0.346596625
3,dbgate,14.244,query,68722,11575800234929,DbGate Helper,51627280,0.349883542
3,dbgate,14.244,query,68720,11575798435843,DbGate Helper,51578080,0.332717167
3,dbgate,14.244,query,68733,11575805456599,com.apple.SafariPlatformSupport,9732720,0.108732792
3,dbgate,14.244,query,68710,11575780803258,DbGate Helper,7586656,0.069678333
3,dbgate,14.500,query,68709,11575780657327,DbGate Helper (GPU),276481056,0.942421708
3,dbgate,14.500,query,68718,11575789714172,DbGate Helper (Renderer),129386008,1.475655875
3,dbgate,14.500,query,68707,11575770365570,DbGate,121407264,1.093072250
3,dbgate,14.500,query,68786,11576080636040,DbGate Helper,57787616,0.377340875
3,dbgate,14.500,query,68723,11575800298398,DbGate Helper,51889424,0.346596625
3,dbgate,14.500,query,68722,11575800234929,DbGate Helper,51627280,0.349883542
3,dbgate,14.500,query,68720,11575798435843,DbGate Helper,51578080,0.332717167
3,dbgate,14.500,query,68733,11575805456599,com.apple.SafariPlatformSupport,9732720,0.108732792
3,dbgate,14.500,query,68710,11575780803258,DbGate Helper,7586656,0.069678333
3,dbgate,14.750,query,68709,11575780657327,DbGate Helper (GPU),279495712,1.048871333
3,dbgate,14.750,query,68718,11575789714172,DbGate Helper (Renderer),132924952,1.654262833
3,dbgate,14.750,query,68707,11575770365570,DbGate,121407264,1.108612292
3,dbgate,14.750,query,68786,11576080636040,DbGate Helper,57787616,0.377340875
3,dbgate,14.750,query,68723,11575800298398,DbGate Helper,51889424,0.346679708
3,dbgate,14.750,query,68722,11575800234929,DbGate Helper,51627280,0.349955250
3,dbgate,14.750,query,68720,11575798435843,DbGate Helper,51578080,0.332795042
3,dbgate,14.750,query,68733,11575805456599,com.apple.SafariPlatformSupport,9732720,0.108732792
3,dbgate,14.750,query,68710,11575780803258,DbGate Helper,7586656,0.069678333
3,dbgate,15.005,query,68709,11575780657327,DbGate Helper (GPU),279364640,1.155565500
3,dbgate,15.005,query,68718,11575789714172,DbGate Helper (Renderer),136709656,1.767226417
3,dbgate,15.005,query,68707,11575770365570,DbGate,121440032,1.124240667
3,dbgate,15.005,query,68786,11576080636040,DbGate Helper,57787616,0.377340875
3,dbgate,15.005,query,68723,11575800298398,DbGate Helper,51889424,0.346679708
3,dbgate,15.005,query,68722,11575800234929,DbGate Helper,51627280,0.349955250
3,dbgate,15.005,query,68720,11575798435843,DbGate Helper,51578080,0.332795042
3,dbgate,15.005,query,68733,11575805456599,com.apple.SafariPlatformSupport,9732720,0.108732792
3,dbgate,15.005,query,68710,11575780803258,DbGate Helper,7586656,0.069678333
3,dbgate,15.260,query,68709,11575780657327,DbGate Helper (GPU),279364640,1.261681500
3,dbgate,15.260,query,68718,11575789714172,DbGate Helper (Renderer),143083032,1.894289500
3,dbgate,15.260,query,68707,11575770365570,DbGate,121440032,1.138733042
3,dbgate,15.260,query,68786,11576080636040,DbGate Helper,57787616,0.377340875
3,dbgate,15.260,query,68723,11575800298398,DbGate Helper,51889424,0.346679708
3,dbgate,15.260,query,68722,11575800234929,DbGate Helper,51627280,0.349955250
3,dbgate,15.260,query,68720,11575798435843,DbGate Helper,51578080,0.332795042
3,dbgate,15.260,query,68733,11575805456599,com.apple.SafariPlatformSupport,9732720,0.108732792
3,dbgate,15.260,query,68710,11575780803258,DbGate Helper,7619424,0.069925167
3,dbgate,15.515,query,68709,11575780657327,DbGate Helper (GPU),279626784,1.362806542
3,dbgate,15.515,query,68718,11575789714172,DbGate Helper (Renderer),149177904,2.003519417
3,dbgate,15.515,query,68707,11575770365570,DbGate,121440032,1.153399125
3,dbgate,15.515,query,68786,11576080636040,DbGate Helper,57787616,0.377462500
3,dbgate,15.515,query,68723,11575800298398,DbGate Helper,51889424,0.346679708
3,dbgate,15.515,query,68722,11575800234929,DbGate Helper,51627280,0.349955250
3,dbgate,15.515,query,68720,11575798435843,DbGate Helper,51578080,0.332795042
3,dbgate,15.515,query,68733,11575805456599,com.apple.SafariPlatformSupport,9732720,0.108732792
3,dbgate,15.515,query,68710,11575780803258,DbGate Helper,7619424,0.069925167
3,dbgate,15.768,query,68709,11575780657327,DbGate Helper (GPU),279626784,1.440713375
3,dbgate,15.768,query,68718,11575789714172,DbGate Helper (Renderer),153224752,2.089510125
3,dbgate,15.768,query,68707,11575770365570,DbGate,121440032,1.169154125
3,dbgate,15.768,query,68786,11576080636040,DbGate Helper,57787616,0.377462500
3,dbgate,15.768,query,68723,11575800298398,DbGate Helper,51889424,0.346747292
3,dbgate,15.768,query,68722,11575800234929,DbGate Helper,51627280,0.350048250
3,dbgate,15.768,query,68720,11575798435843,DbGate Helper,51578080,0.332911917
3,dbgate,15.768,query,68733,11575805456599,com.apple.SafariPlatformSupport,9732720,0.108732792
3,dbgate,15.768,query,68710,11575780803258,DbGate Helper,7619424,0.069925167
3,dbgate,16.023,query,68709,11575780657327,DbGate Helper (GPU),281068576,1.536115208
3,dbgate,16.023,query,68718,11575789714172,DbGate Helper (Renderer),158156336,2.177228917
3,dbgate,16.023,query,68707,11575770365570,DbGate,121440032,1.179367375
3,dbgate,16.023,query,68786,11576080636040,DbGate Helper,57787616,0.377462500
3,dbgate,16.023,query,68723,11575800298398,DbGate Helper,51889424,0.346747292
3,dbgate,16.023,query,68722,11575800234929,DbGate Helper,51627280,0.350048250
3,dbgate,16.023,query,68720,11575798435843,DbGate Helper,51578080,0.332911917
3,dbgate,16.023,query,68733,11575805456599,com.apple.SafariPlatformSupport,9732720,0.108732792
3,dbgate,16.023,query,68710,11575780803258,DbGate Helper,7619424,0.069925167
3,dbgate,16.277,query,68709,11575780657327,DbGate Helper (GPU),281068576,1.614119958
3,dbgate,16.277,query,68718,11575789714172,DbGate Helper (Renderer),164251208,2.263775250
3,dbgate,16.277,query,68707,11575770365570,DbGate,121440032,1.192140292
3,dbgate,16.277,query,68786,11576080636040,DbGate Helper,57787616,0.377462500
3,dbgate,16.277,query,68723,11575800298398,DbGate Helper,51889424,0.346747292
3,dbgate,16.277,query,68722,11575800234929,DbGate Helper,51627280,0.350048250
3,dbgate,16.277,query,68720,11575798435843,DbGate Helper,51578080,0.332911917
3,dbgate,16.277,query,68733,11575805456599,com.apple.SafariPlatformSupport,9732720,0.108732792
3,dbgate,16.277,query,68710,11575780803258,DbGate Helper,7619424,0.069925167
3,dbgate,16.532,query,68709,11575780657327,DbGate Helper (GPU),281068576,1.653454208
3,dbgate,16.532,query,68718,11575789714172,DbGate Helper (Renderer),168805960,2.347991292
3,dbgate,16.532,query,68707,11575770365570,DbGate,121456416,1.210326000
3,dbgate,16.532,query,68786,11576080636040,DbGate Helper,57787616,0.377741375
3,dbgate,16.532,query,68723,11575800298398,DbGate Helper,51889424,0.346747292
3,dbgate,16.532,query,68722,11575800234929,DbGate Helper,51627280,0.350048250
3,dbgate,16.532,query,68720,11575798435843,DbGate Helper,51578080,0.332911917
3,dbgate,16.532,query,68733,11575805456599,com.apple.SafariPlatformSupport,9732720,0.108732792
3,dbgate,16.532,query,68710,11575780803258,DbGate Helper,7619424,0.069925167
3,dbgate,16.785,query,68709,11575780657327,DbGate Helper (GPU),281084960,1.693669458
3,dbgate,16.785,query,68718,11575789714172,DbGate Helper (Renderer),172672584,2.420951542
3,dbgate,16.785,query,68707,11575770365570,DbGate,121472800,1.224398375
3,dbgate,16.785,query,68786,11576080636040,DbGate Helper,57787616,0.377741375
3,dbgate,16.785,query,68723,11575800298398,DbGate Helper,51889424,0.346803583
3,dbgate,16.785,query,68722,11575800234929,DbGate Helper,51627280,0.350148167
3,dbgate,16.785,query,68720,11575798435843,DbGate Helper,51578080,0.333005667
3,dbgate,16.785,query,68733,11575805456599,com.apple.SafariPlatformSupport,9732720,0.108732792
3,dbgate,16.785,query,68710,11575780803258,DbGate Helper,7619424,0.069925167
3,dbgate,17.040,query,68709,11575780657327,DbGate Helper (GPU),281003040,1.728459417
3,dbgate,17.040,query,68718,11575789714172,DbGate Helper (Renderer),175687240,2.484956208
3,dbgate,17.040,query,68707,11575770365570,DbGate,121472800,1.236540458
3,dbgate,17.040,query,68786,11576080636040,DbGate Helper,57787616,0.377741375
3,dbgate,17.040,query,68723,11575800298398,DbGate Helper,51889424,0.346803583
3,dbgate,17.040,query,68722,11575800234929,DbGate Helper,51627280,0.350148167
3,dbgate,17.040,query,68720,11575798435843,DbGate Helper,51578080,0.333005667
3,dbgate,17.040,query,68733,11575805456599,com.apple.SafariPlatformSupport,9732720,0.108732792
3,dbgate,17.040,query,68710,11575780803258,DbGate Helper,7619424,0.069925167
3,dbgate,17.294,query,68709,11575780657327,DbGate Helper (GPU),280970272,1.776508667
3,dbgate,17.294,query,68718,11575789714172,DbGate Helper (Renderer),180880968,2.579695417
3,dbgate,17.294,query,68707,11575770365570,DbGate,121472800,1.252839125
3,dbgate,17.294,query,68786,11576080636040,DbGate Helper,57787616,0.377741375
3,dbgate,17.294,query,68723,11575800298398,DbGate Helper,51889424,0.346803583
3,dbgate,17.294,query,68722,11575800234929,DbGate Helper,51627280,0.350148167
3,dbgate,17.294,query,68720,11575798435843,DbGate Helper,51578080,0.333005667
3,dbgate,17.294,query,68733,11575805456599,com.apple.SafariPlatformSupport,9732720,0.108732792
3,dbgate,17.294,query,68710,11575780803258,DbGate Helper,7619424,0.069925167
3,dbgate,17.549,query,68709,11575780657327,DbGate Helper (GPU),280970272,1.821907792
3,dbgate,17.549,query,68718,11575789714172,DbGate Helper (Renderer),185517640,2.661696167
3,dbgate,17.549,query,68707,11575770365570,DbGate,121489184,1.269872083
3,dbgate,17.549,query,68786,11576080636040,DbGate Helper,57787616,0.377906000
3,dbgate,17.549,query,68723,11575800298398,DbGate Helper,51889424,0.346803583
3,dbgate,17.549,query,68722,11575800234929,DbGate Helper,51627280,0.350148167
3,dbgate,17.549,query,68720,11575798435843,DbGate Helper,51578080,0.333005667
3,dbgate,17.549,query,68733,11575805456599,com.apple.SafariPlatformSupport,9732720,0.108732792
3,dbgate,17.549,query,68710,11575780803258,DbGate Helper,7619424,0.069925167
3,dbgate,17.804,query,68709,11575780657327,DbGate Helper (GPU),280970272,1.854975375
3,dbgate,17.804,query,68718,11575789714172,DbGate Helper (Renderer),187549280,2.716954958
3,dbgate,17.804,query,68707,11575770365570,DbGate,121489184,1.282239917
3,dbgate,17.804,query,68786,11576080636040,DbGate Helper,57787616,0.377906000
3,dbgate,17.804,query,68723,11575800298398,DbGate Helper,51889424,0.346932583
3,dbgate,17.804,query,68722,11575800234929,DbGate Helper,51627280,0.350280625
3,dbgate,17.804,query,68720,11575798435843,DbGate Helper,51578080,0.333116583
3,dbgate,17.804,query,68733,11575805456599,com.apple.SafariPlatformSupport,9732720,0.108732792
3,dbgate,17.804,query,68710,11575780803258,DbGate Helper,7619424,0.069925167
3,dbgate,18.059,query,68709,11575780657327,DbGate Helper (GPU),257213472,1.902969333
3,dbgate,18.059,query,68718,11575789714172,DbGate Helper (Renderer),189957728,2.900457625
3,dbgate,18.059,query,68707,11575770365570,DbGate,121489184,1.298039833
3,dbgate,18.059,query,68786,11576080636040,DbGate Helper,57787616,0.377906000
3,dbgate,18.059,query,68723,11575800298398,DbGate Helper,51889424,0.346932583
3,dbgate,18.059,query,68722,11575800234929,DbGate Helper,51627280,0.350280625
3,dbgate,18.059,query,68720,11575798435843,DbGate Helper,51578080,0.333116583
3,dbgate,18.059,query,68733,11575805456599,com.apple.SafariPlatformSupport,9732720,0.108732792
3,dbgate,18.059,query,68710,11575780803258,DbGate Helper,7619424,0.069925167
3,dbgate,18.310,query,68709,11575780657327,DbGate Helper (GPU),257180704,1.949218375
3,dbgate,18.310,query,68718,11575789714172,DbGate Helper (Renderer),189974112,2.980726542
3,dbgate,18.310,query,68707,11575770365570,DbGate,121489184,1.315482583
3,dbgate,18.310,query,68786,11576080636040,DbGate Helper,57787616,0.378203792
3,dbgate,18.310,query,68723,11575800298398,DbGate Helper,51889424,0.346932583
3,dbgate,18.310,query,68722,11575800234929,DbGate Helper,51627280,0.350280625
3,dbgate,18.310,query,68720,11575798435843,DbGate Helper,51578080,0.333116583
3,dbgate,18.310,query,68733,11575805456599,com.apple.SafariPlatformSupport,9732720,0.108732792
3,dbgate,18.310,query,68710,11575780803258,DbGate Helper,7619424,0.069925167
3,dbgate,18.565,query,68718,11575789714172,DbGate Helper (Renderer),190006880,3.039883042
3,dbgate,18.565,query,68709,11575780657327,DbGate Helper (GPU),166675488,1.987517750
3,dbgate,18.565,query,68707,11575770365570,DbGate,121489184,1.327053292
3,dbgate,18.565,query,68786,11576080636040,DbGate Helper,57722080,0.378306458
3,dbgate,18.565,query,68723,11575800298398,DbGate Helper,51889424,0.346932583
3,dbgate,18.565,query,68722,11575800234929,DbGate Helper,51627280,0.350280625
3,dbgate,18.565,query,68720,11575798435843,DbGate Helper,51578080,0.333225875
3,dbgate,18.565,query,68733,11575805456599,com.apple.SafariPlatformSupport,9732720,0.108732792
3,dbgate,18.565,query,68710,11575780803258,DbGate Helper,7619424,0.069925167
3,dbgate,18.820,query,68718,11575789714172,DbGate Helper (Renderer),190891616,3.123184958
3,dbgate,18.820,query,68709,11575780657327,DbGate Helper (GPU),166675488,2.034800708
3,dbgate,18.820,query,68707,11575770365570,DbGate,121489184,1.342088875
3,dbgate,18.820,query,68786,11576080636040,DbGate Helper,57722080,0.378306458
3,dbgate,18.820,query,68723,11575800298398,DbGate Helper,51889424,0.347073208
3,dbgate,18.820,query,68722,11575800234929,DbGate Helper,51627280,0.350428125
3,dbgate,18.820,query,68720,11575798435843,DbGate Helper,51578080,0.333225875
3,dbgate,18.820,query,68733,11575805456599,com.apple.SafariPlatformSupport,9732720,0.108732792
3,dbgate,18.820,query,68710,11575780803258,DbGate Helper,7619424,0.069925167
3,dbgate,19.073,query,68718,11575789714172,DbGate Helper (Renderer),190924384,3.200396500
3,dbgate,19.073,query,68709,11575780657327,DbGate Helper (GPU),166675488,2.078875375
3,dbgate,19.073,query,68707,11575770365570,DbGate,121489184,1.357677750
3,dbgate,19.073,query,68786,11576080636040,DbGate Helper,57722080,0.378306458
3,dbgate,19.073,query,68723,11575800298398,DbGate Helper,51889424,0.347073208
3,dbgate,19.073,query,68722,11575800234929,DbGate Helper,51627280,0.350428125
3,dbgate,19.073,query,68720,11575798435843,DbGate Helper,51578080,0.333225875
3,dbgate,19.073,query,68733,11575805456599,com.apple.SafariPlatformSupport,9732720,0.108732792
3,dbgate,19.073,query,68710,11575780803258,DbGate Helper,7619424,0.069925167
3,dbgate,19.326,query,68718,11575789714172,DbGate Helper (Renderer),190940768,3.222271667
3,dbgate,19.326,query,68709,11575780657327,DbGate Helper (GPU),166593568,2.095284750
3,dbgate,19.326,query,68707,11575770365570,DbGate,121489184,1.363154458
3,dbgate,19.326,query,68786,11576080636040,DbGate Helper,57722080,0.378794042
3,dbgate,19.326,query,68723,11575800298398,DbGate Helper,51889424,0.347073208
3,dbgate,19.326,query,68722,11575800234929,DbGate Helper,51627280,0.350428125
3,dbgate,19.326,query,68720,11575798435843,DbGate Helper,51578080,0.333225875
3,dbgate,19.326,query,68733,11575805456599,com.apple.SafariPlatformSupport,9732720,0.108732792
3,dbgate,19.326,query,68710,11575780803258,DbGate Helper,7619424,0.069925167
3,dbgate,19.581,after-query,68718,11575789714172,DbGate Helper (Renderer),190940768,3.233464500
3,dbgate,19.581,after-query,68709,11575780657327,DbGate Helper (GPU),166593568,2.101922292
3,dbgate,19.581,after-query,68707,11575770365570,DbGate,121489184,1.364136542
3,dbgate,19.581,after-query,68786,11576080636040,DbGate Helper,57722080,0.378794042
3,dbgate,19.581,after-query,68723,11575800298398,DbGate Helper,51889424,0.347073208
3,dbgate,19.581,after-query,68722,11575800234929,DbGate Helper,51627280,0.350428125
3,dbgate,19.581,after-query,68720,11575798435843,DbGate Helper,51578080,0.333562583
3,dbgate,19.581,after-query,68733,11575805456599,com.apple.SafariPlatformSupport,9732720,0.108732792
3,dbgate,19.581,after-query,68710,11575780803258,DbGate Helper,7619424,0.069925167
3,dbgate,19.833,after-query,68718,11575789714172,DbGate Helper (Renderer),190940768,3.244128833
3,dbgate,19.833,after-query,68709,11575780657327,DbGate Helper (GPU),166036512,2.112493250
3,dbgate,19.833,after-query,68707,11575770365570,DbGate,121489184,1.364846375
3,dbgate,19.833,after-query,68786,11576080636040,DbGate Helper,57722080,0.378794042
3,dbgate,19.833,after-query,68723,11575800298398,DbGate Helper,51889424,0.347271375
3,dbgate,19.833,after-query,68722,11575800234929,DbGate Helper,51627280,0.350729667
3,dbgate,19.833,after-query,68720,11575798435843,DbGate Helper,51578080,0.333562583
3,dbgate,19.833,after-query,68733,11575805456599,com.apple.SafariPlatformSupport,9732720,0.108732792
3,dbgate,19.833,after-query,68710,11575780803258,DbGate Helper,7619424,0.069925167
3,dbgate,20.086,after-query,68718,11575789714172,DbGate Helper (Renderer),190940768,3.255098792
3,dbgate,20.086,after-query,68709,11575780657327,DbGate Helper (GPU),163595296,2.122922917
3,dbgate,20.086,after-query,68707,11575770365570,DbGate,121489184,1.364846375
3,dbgate,20.086,after-query,68786,11576080636040,DbGate Helper,57722080,0.378794042
3,dbgate,20.086,after-query,68723,11575800298398,DbGate Helper,51889424,0.347271375
3,dbgate,20.086,after-query,68722,11575800234929,DbGate Helper,51627280,0.350729667
3,dbgate,20.086,after-query,68720,11575798435843,DbGate Helper,51578080,0.333562583
3,dbgate,20.086,after-query,68733,11575805456599,com.apple.SafariPlatformSupport,9732720,0.108732792
3,dbgate,20.086,after-query,68710,11575780803258,DbGate Helper,7619424,0.069925167
3,dbgate,20.342,after-query,68718,11575789714172,DbGate Helper (Renderer),190940768,3.262255958
3,dbgate,20.342,after-query,68709,11575780657327,DbGate Helper (GPU),158336032,2.130037208
3,dbgate,20.342,after-query,68707,11575770365570,DbGate,121489184,1.365215583
3,dbgate,20.342,after-query,68786,11576080636040,DbGate Helper,57722080,0.379056625
3,dbgate,20.342,after-query,68723,11575800298398,DbGate Helper,51889424,0.347271375
3,dbgate,20.342,after-query,68722,11575800234929,DbGate Helper,51627280,0.350729667
3,dbgate,20.342,after-query,68720,11575798435843,DbGate Helper,51578080,0.333562583
3,dbgate,20.342,after-query,68733,11575805456599,com.apple.SafariPlatformSupport,9732720,0.108732792
3,dbgate,20.342,after-query,68710,11575780803258,DbGate Helper,7570272,0.070129917
3,dbgate,20.597,after-query,68718,11575789714172,DbGate Helper (Renderer),190957152,3.270630542
3,dbgate,20.597,after-query,68709,11575780657327,DbGate Helper (GPU),158336032,2.137098417
3,dbgate,20.597,after-query,68707,11575770365570,DbGate,121489184,1.365827958
3,dbgate,20.597,after-query,68786,11576080636040,DbGate Helper,57722080,0.379056625
3,dbgate,20.597,after-query,68723,11575800298398,DbGate Helper,51889424,0.347271375
3,dbgate,20.597,after-query,68722,11575800234929,DbGate Helper,51627280,0.350729667
3,dbgate,20.597,after-query,68720,11575798435843,DbGate Helper,51578080,0.333863292
3,dbgate,20.597,after-query,68733,11575805456599,com.apple.SafariPlatformSupport,9732720,0.108732792
3,dbgate,20.597,after-query,68710,11575780803258,DbGate Helper,7570272,0.070129917
3,dbgate,20.852,after-query,68718,11575789714172,DbGate Helper (Renderer),190383688,3.280325875
3,dbgate,20.852,after-query,68709,11575780657327,DbGate Helper (GPU),134939680,2.152415833
3,dbgate,20.852,after-query,68707,11575770365570,DbGate,121489184,1.366539750
3,dbgate,20.852,after-query,68786,11576080636040,DbGate Helper,57722080,0.379056625
3,dbgate,20.852,after-query,68723,11575800298398,DbGate Helper,51889424,0.347600542
3,dbgate,20.852,after-query,68722,11575800234929,DbGate Helper,51627280,0.350937292
3,dbgate,20.852,after-query,68720,11575798435843,DbGate Helper,51578080,0.333863292
3,dbgate,20.852,after-query,68733,11575805456599,com.apple.SafariPlatformSupport,9732720,0.108732792
3,dbgate,20.852,after-query,68710,11575780803258,DbGate Helper,7570272,0.070129917
3,dbgate,21.102,after-query,68718,11575789714172,DbGate Helper (Renderer),190400072,3.287540000
3,dbgate,21.102,after-query,68709,11575780657327,DbGate Helper (GPU),127550496,2.160601542
3,dbgate,21.102,after-query,68707,11575770365570,DbGate,121489184,1.366672583
3,dbgate,21.102,after-query,68786,11576080636040,DbGate Helper,57722080,0.379056625
3,dbgate,21.102,after-query,68723,11575800298398,DbGate Helper,51889424,0.347600542
3,dbgate,21.102,after-query,68722,11575800234929,DbGate Helper,51627280,0.350937292
3,dbgate,21.102,after-query,68720,11575798435843,DbGate Helper,51578080,0.333863292
3,dbgate,21.102,after-query,68733,11575805456599,com.apple.SafariPlatformSupport,9732720,0.108732792
3,dbgate,21.102,after-query,68710,11575780803258,DbGate Helper,7570272,0.070129917
3,dbgate,21.357,after-query,68718,11575789714172,DbGate Helper (Renderer),190400072,3.298650917
3,dbgate,21.357,after-query,68709,11575780657327,DbGate Helper (GPU),127534112,2.167833625
3,dbgate,21.357,after-query,68707,11575770365570,DbGate,121489184,1.368596667
3,dbgate,21.357,after-query,68786,11576080636040,DbGate Helper,57738464,0.379890375
3,dbgate,21.357,after-query,68723,11575800298398,DbGate Helper,51954960,0.348179542
3,dbgate,21.357,after-query,68722,11575800234929,DbGate Helper,51627280,0.350937292
3,dbgate,21.357,after-query,68720,11575798435843,DbGate Helper,51578080,0.333863292
3,dbgate,21.357,after-query,68733,11575805456599,com.apple.SafariPlatformSupport,9732720,0.108732792
3,dbgate,21.357,after-query,68710,11575780803258,DbGate Helper,7570272,0.070129917
3,dbgate,21.612,after-query,68718,11575789714172,DbGate Helper (Renderer),190400072,3.305595917
3,dbgate,21.612,after-query,68709,11575780657327,DbGate Helper (GPU),127534112,2.174416125
3,dbgate,21.612,after-query,68707,11575770365570,DbGate,121489184,1.369443667
3,dbgate,21.612,after-query,68786,11576080636040,DbGate Helper,57738464,0.379890375
3,dbgate,21.612,after-query,68723,11575800298398,DbGate Helper,51954960,0.348362500
3,dbgate,21.612,after-query,68722,11575800234929,DbGate Helper,51627280,0.351190583
3,dbgate,21.612,after-query,68720,11575798435843,DbGate Helper,51578080,0.334355083
3,dbgate,21.612,after-query,68733,11575805456599,com.apple.SafariPlatformSupport,9732720,0.108732792
3,dbgate,21.612,after-query,68710,11575780803258,DbGate Helper,7570272,0.070129917
3,dbgate,21.867,after-query,68718,11575789714172,DbGate Helper (Renderer),190400072,3.313508958
3,dbgate,21.867,after-query,68709,11575780657327,DbGate Helper (GPU),125469728,2.187947000
3,dbgate,21.867,after-query,68707,11575770365570,DbGate,121374496,1.371042000
3,dbgate,21.867,after-query,68786,11576080636040,DbGate Helper,57738464,0.379890375
3,dbgate,21.867,after-query,68723,11575800298398,DbGate Helper,51954960,0.348606583
3,dbgate,21.867,after-query,68722,11575800234929,DbGate Helper,51627280,0.351359250
3,dbgate,21.867,after-query,68720,11575798435843,DbGate Helper,51578080,0.334355083
3,dbgate,21.867,after-query,68733,11575805456599,com.apple.SafariPlatformSupport,9732720,0.108732792
3,dbgate,21.867,after-query,68710,11575780803258,DbGate Helper,7570272,0.070129917
3,dbgate,22.122,after-query,68718,11575789714172,DbGate Helper (Renderer),190400072,3.323202583
3,dbgate,22.122,after-query,68709,11575780657327,DbGate Helper (GPU),125453344,2.198908750
3,dbgate,22.122,after-query,68707,11575770365570,DbGate,121374496,1.372493917
3,dbgate,22.122,after-query,68786,11576080636040,DbGate Helper,57738464,0.379890375
3,dbgate,22.122,after-query,68723,11575800298398,DbGate Helper,51954960,0.348606583
3,dbgate,22.122,after-query,68722,11575800234929,DbGate Helper,51627280,0.351359250
3,dbgate,22.122,after-query,68720,11575798435843,DbGate Helper,51578080,0.334355083
3,dbgate,22.122,after-query,68733,11575805456599,com.apple.SafariPlatformSupport,9732720,0.108732792
3,dbgate,22.122,after-query,68710,11575780803258,DbGate Helper,7570272,0.070129917
3,dbgate,22.378,after-query,68718,11575789714172,DbGate Helper (Renderer),190400072,3.330913917
3,dbgate,22.378,after-query,68709,11575780657327,DbGate Helper (GPU),125436960,2.206071417
3,dbgate,22.378,after-query,68707,11575770365570,DbGate,121374496,1.373009958
3,dbgate,22.378,after-query,68786,11576080636040,DbGate Helper,57738464,0.380313583
3,dbgate,22.378,after-query,68723,11575800298398,DbGate Helper,51954960,0.348606583
3,dbgate,22.378,after-query,68722,11575800234929,DbGate Helper,51627280,0.351359250
3,dbgate,22.378,after-query,68720,11575798435843,DbGate Helper,51578080,0.334355083
3,dbgate,22.378,after-query,68733,11575805456599,com.apple.SafariPlatformSupport,9732720,0.108732792
3,dbgate,22.378,after-query,68710,11575780803258,DbGate Helper,7570272,0.070129917
3,dbgate,22.628,after-query,68718,11575789714172,DbGate Helper (Renderer),190400072,3.339341500
3,dbgate,22.628,after-query,68709,11575780657327,DbGate Helper (GPU),125453344,2.214287250
3,dbgate,22.628,after-query,68707,11575770365570,DbGate,121374496,1.374171500
3,dbgate,22.628,after-query,68786,11576080636040,DbGate Helper,57738464,0.380313583
3,dbgate,22.628,after-query,68723,11575800298398,DbGate Helper,51954960,0.348815458
3,dbgate,22.628,after-query,68722,11575800234929,DbGate Helper,51627280,0.351562792
3,dbgate,22.628,after-query,68720,11575798435843,DbGate Helper,51578080,0.334643458
3,dbgate,22.628,after-query,68733,11575805456599,com.apple.SafariPlatformSupport,9732720,0.108732792
3,dbgate,22.628,after-query,68710,11575780803258,DbGate Helper,7570272,0.070129917
3,dbgate,22.883,after-query,68718,11575789714172,DbGate Helper (Renderer),190400072,3.347995292
3,dbgate,22.883,after-query,68709,11575780657327,DbGate Helper (GPU),125436960,2.222532583
3,dbgate,22.883,after-query,68707,11575770365570,DbGate,121374496,1.374171500
3,dbgate,22.883,after-query,68786,11576080636040,DbGate Helper,57738464,0.380313583
3,dbgate,22.883,after-query,68723,11575800298398,DbGate Helper,51954960,0.348815458
3,dbgate,22.883,after-query,68722,11575800234929,DbGate Helper,51627280,0.351562792
3,dbgate,22.883,after-query,68720,11575798435843,DbGate Helper,51578080,0.334643458
3,dbgate,22.883,after-query,68733,11575805456599,com.apple.SafariPlatformSupport,9732720,0.108732792
3,dbgate,22.883,after-query,68710,11575780803258,DbGate Helper,7570272,0.070129917
3,dbgate,23.135,after-query,68718,11575789714172,DbGate Helper (Renderer),190400072,3.357346333
3,dbgate,23.135,after-query,68709,11575780657327,DbGate Helper (GPU),125420576,2.232724792
3,dbgate,23.135,after-query,68707,11575770365570,DbGate,121374496,1.374171500
3,dbgate,23.135,after-query,68786,11576080636040,DbGate Helper,57738464,0.380313583
3,dbgate,23.135,after-query,68723,11575800298398,DbGate Helper,51954960,0.348815458
3,dbgate,23.135,after-query,68722,11575800234929,DbGate Helper,51627280,0.351562792
3,dbgate,23.135,after-query,68720,11575798435843,DbGate Helper,51578080,0.334643458
3,dbgate,23.135,after-query,68733,11575805456599,com.apple.SafariPlatformSupport,9732720,0.108732792
3,dbgate,23.135,after-query,68710,11575780803258,DbGate Helper,7570272,0.070129917
3,dbgate,23.391,after-query,68718,11575789714172,DbGate Helper (Renderer),190432840,3.366320000
3,dbgate,23.391,after-query,68709,11575780657327,DbGate Helper (GPU),125404192,2.240267333
3,dbgate,23.391,after-query,68707,11575770365570,DbGate,121374496,1.374711708
3,dbgate,23.391,after-query,68786,11576080636040,DbGate Helper,57738464,0.381125625
3,dbgate,23.391,after-query,68723,11575800298398,DbGate Helper,51954960,0.348815458
3,dbgate,23.391,after-query,68722,11575800234929,DbGate Helper,51627280,0.351562792
3,dbgate,23.391,after-query,68720,11575798435843,DbGate Helper,51578080,0.334643458
3,dbgate,23.391,after-query,68733,11575805456599,com.apple.SafariPlatformSupport,9732720,0.108732792
3,dbgate,23.391,after-query,68710,11575780803258,DbGate Helper,7570272,0.070129917
3,dbgate,23.646,after-query,68718,11575789714172,DbGate Helper (Renderer),190432840,3.375975583
3,dbgate,23.646,after-query,68709,11575780657327,DbGate Helper (GPU),125420576,2.249460375
3,dbgate,23.646,after-query,68707,11575770365570,DbGate,121374496,1.376143167
3,dbgate,23.646,after-query,68786,11576080636040,DbGate Helper,57738464,0.381125625
3,dbgate,23.646,after-query,68723,11575800298398,DbGate Helper,51954960,0.349019583
3,dbgate,23.646,after-query,68722,11575800234929,DbGate Helper,51627280,0.351827208
3,dbgate,23.646,after-query,68720,11575798435843,DbGate Helper,51578080,0.334940250
3,dbgate,23.646,after-query,68733,11575805456599,com.apple.SafariPlatformSupport,9732720,0.108732792
3,dbgate,23.646,after-query,68710,11575780803258,DbGate Helper,7570272,0.070129917
3,dbgate,23.902,after-query,68718,11575789714172,DbGate Helper (Renderer),190432840,3.384287667
3,dbgate,23.902,after-query,68709,11575780657327,DbGate Helper (GPU),125404192,2.257943250
3,dbgate,23.902,after-query,68707,11575770365570,DbGate,121374496,1.376143167
3,dbgate,23.902,after-query,68786,11576080636040,DbGate Helper,57738464,0.381125625
3,dbgate,23.902,after-query,68723,11575800298398,DbGate Helper,51954960,0.349019583
3,dbgate,23.902,after-query,68722,11575800234929,DbGate Helper,51627280,0.351827208
3,dbgate,23.902,after-query,68720,11575798435843,DbGate Helper,51578080,0.334940250
3,dbgate,23.902,after-query,68733,11575805456599,com.apple.SafariPlatformSupport,9732720,0.108732792
3,dbgate,23.902,after-query,68710,11575780803258,DbGate Helper,7570272,0.070129917
3,dbgate,24.152,after-query,68718,11575789714172,DbGate Helper (Renderer),190465608,3.392105417
3,dbgate,24.152,after-query,68707,11575770365570,DbGate,121374496,1.376143167
3,dbgate,24.152,after-query,68709,11575780657327,DbGate Helper (GPU),92161056,2.268825000
3,dbgate,24.152,after-query,68786,11576080636040,DbGate Helper,57738464,0.381125625
3,dbgate,24.152,after-query,68723,11575800298398,DbGate Helper,51954960,0.349019583
3,dbgate,24.152,after-query,68722,11575800234929,DbGate Helper,51627280,0.351827208
3,dbgate,24.152,after-query,68720,11575798435843,DbGate Helper,51578080,0.334940250
3,dbgate,24.152,after-query,68733,11575805456599,com.apple.SafariPlatformSupport,11551344,0.108732792
3,dbgate,24.152,after-query,68710,11575780803258,DbGate Helper,7570272,0.070129917
3,pgpad,0.253,launch,68881,11576618670606,pgpad-tauri,17351616,0.127275833
3,pgpad,0.508,settle,68881,11576618670606,pgpad-tauri,29819888,0.308485583
3,pgpad,0.508,settle,68884,11576623823455,com.apple.WebKit.Networking,6619664,0.023109917
3,pgpad,0.508,settle,68882,11576623514496,com.apple.WebKit.GPU,5669416,0.032450667
3,pgpad,0.508,settle,68885,11576623897305,com.apple.WebKit.WebContent,5194232,0.031957458
3,pgpad,0.763,settle,68881,11576618670606,pgpad-tauri,30049264,0.354094917
3,pgpad,0.763,settle,68884,11576623823455,com.apple.WebKit.Networking,7176744,0.027999958
3,pgpad,0.763,settle,68885,11576623897305,com.apple.WebKit.WebContent,6455872,0.071670583
3,pgpad,0.763,settle,68882,11576623514496,com.apple.WebKit.GPU,5636648,0.032576958
3,pgpad,1.018,settle,68885,11576623897305,com.apple.WebKit.WebContent,145883856,0.263883208
3,pgpad,1.018,settle,68882,11576623514496,com.apple.WebKit.GPU,36127512,0.103861875
3,pgpad,1.018,settle,68881,11576618670606,pgpad-tauri,33326112,0.379126958
3,pgpad,1.018,settle,68884,11576623823455,com.apple.WebKit.Networking,7209512,0.029686500
3,pgpad,1.018,settle,68888,11576639110528,com.apple.audio.SandboxHelper,5407224,0.021567292
3,pgpad,1.273,settle,68885,11576623897305,com.apple.WebKit.WebContent,145883856,0.264158750
3,pgpad,1.273,settle,68882,11576623514496,com.apple.WebKit.GPU,36127512,0.103969458
3,pgpad,1.273,settle,68881,11576618670606,pgpad-tauri,33145888,0.380247583
3,pgpad,1.273,settle,68884,11576623823455,com.apple.WebKit.Networking,7209512,0.029755500
3,pgpad,1.273,settle,68888,11576639110528,com.apple.audio.SandboxHelper,5407224,0.021567292
3,pgpad,1.528,settle,68885,11576623897305,com.apple.WebKit.WebContent,142181072,0.268864375
3,pgpad,1.528,settle,68882,11576623514496,com.apple.WebKit.GPU,36061976,0.104602417
3,pgpad,1.528,settle,68881,11576618670606,pgpad-tauri,32998432,0.382191500
3,pgpad,1.528,settle,68884,11576623823455,com.apple.WebKit.Networking,6963752,0.030804417
3,pgpad,1.528,settle,68888,11576639110528,com.apple.audio.SandboxHelper,5407224,0.021567292
3,pgpad,1.783,settle,68885,11576623897305,com.apple.WebKit.WebContent,138920656,0.272091750
3,pgpad,1.783,settle,68882,11576623514496,com.apple.WebKit.GPU,35832600,0.105283083
3,pgpad,1.783,settle,68881,11576618670606,pgpad-tauri,32572448,0.383113792
3,pgpad,1.783,settle,68884,11576623823455,com.apple.WebKit.Networking,6554152,0.031000792
3,pgpad,1.783,settle,68888,11576639110528,com.apple.audio.SandboxHelper,5407224,0.021567292
3,pgpad,2.034,settle,68885,11576623897305,com.apple.WebKit.WebContent,139002576,0.285305208
3,pgpad,2.034,settle,68882,11576623514496,com.apple.WebKit.GPU,36422424,0.105537667
3,pgpad,2.034,settle,68881,11576618670606,pgpad-tauri,32572448,0.384198750
3,pgpad,2.034,settle,68884,11576623823455,com.apple.WebKit.Networking,6586920,0.031468792
3,pgpad,2.034,settle,68888,11576639110528,com.apple.audio.SandboxHelper,5390840,0.021829917
3,pgpad,2.289,settle,68885,11576623897305,com.apple.WebKit.WebContent,97583824,0.286902667
3,pgpad,2.289,settle,68881,11576618670606,pgpad-tauri,31736864,0.384836958
3,pgpad,2.289,settle,68882,11576623514496,com.apple.WebKit.GPU,17466136,0.108150250
3,pgpad,2.289,settle,68884,11576623823455,com.apple.WebKit.Networking,6586920,0.031621500
3,pgpad,2.289,settle,68888,11576639110528,com.apple.audio.SandboxHelper,5390840,0.021829917
3,pgpad,2.544,settle,68885,11576623897305,com.apple.WebKit.WebContent,96961232,0.287663500
3,pgpad,2.544,settle,68881,11576618670606,pgpad-tauri,31507488,0.385207125
3,pgpad,2.544,settle,68882,11576623514496,com.apple.WebKit.GPU,17187608,0.108496958
3,pgpad,2.544,settle,68884,11576623823455,com.apple.WebKit.Networking,6586920,0.031888875
3,pgpad,2.544,settle,68888,11576639110528,com.apple.audio.SandboxHelper,5390840,0.021829917
3,pgpad,2.797,settle,68885,11576623897305,com.apple.WebKit.WebContent,96862928,0.288348375
3,pgpad,2.797,settle,68881,11576618670606,pgpad-tauri,31507488,0.385207125
3,pgpad,2.797,settle,68882,11576623514496,com.apple.WebKit.GPU,17187608,0.108639000
3,pgpad,2.797,settle,68884,11576623823455,com.apple.WebKit.Networking,6586920,0.031888875
3,pgpad,2.797,settle,68888,11576639110528,com.apple.audio.SandboxHelper,5390840,0.021829917
3,pgpad,3.052,settle,68885,11576623897305,com.apple.WebKit.WebContent,96862928,0.288694792
3,pgpad,3.052,settle,68881,11576618670606,pgpad-tauri,31507488,0.385207125
3,pgpad,3.052,settle,68882,11576623514496,com.apple.WebKit.GPU,17138456,0.109051792
3,pgpad,3.052,settle,68884,11576623823455,com.apple.WebKit.Networking,6586920,0.031888875
3,pgpad,3.052,settle,68888,11576639110528,com.apple.audio.SandboxHelper,5390840,0.021829917
3,pgpad,3.308,settle,68885,11576623897305,com.apple.WebKit.WebContent,96846544,0.289255250
3,pgpad,3.308,settle,68881,11576618670606,pgpad-tauri,31507488,0.385312833
3,pgpad,3.308,settle,68882,11576623514496,com.apple.WebKit.GPU,17138456,0.109240500
3,pgpad,3.308,settle,68884,11576623823455,com.apple.WebKit.Networking,6586920,0.031888875
3,pgpad,3.308,settle,68888,11576639110528,com.apple.audio.SandboxHelper,5390840,0.021829917
3,pgpad,3.563,settle,68885,11576623897305,com.apple.WebKit.WebContent,96813776,0.289508833
3,pgpad,3.563,settle,68881,11576618670606,pgpad-tauri,31507488,0.385312833
3,pgpad,3.563,settle,68882,11576623514496,com.apple.WebKit.GPU,17122072,0.109385917
3,pgpad,3.563,settle,68884,11576623823455,com.apple.WebKit.Networking,6586920,0.031888875
3,pgpad,3.563,settle,68888,11576639110528,com.apple.audio.SandboxHelper,5390840,0.021829917
3,pgpad,3.818,settle,68885,11576623897305,com.apple.WebKit.WebContent,96813776,0.289508833
3,pgpad,3.818,settle,68881,11576618670606,pgpad-tauri,31507488,0.385656125
3,pgpad,3.818,settle,68882,11576623514496,com.apple.WebKit.GPU,17122072,0.109547542
3,pgpad,3.818,settle,68884,11576623823455,com.apple.WebKit.Networking,6586920,0.031888875
3,pgpad,3.818,settle,68888,11576639110528,com.apple.audio.SandboxHelper,5390840,0.021829917
3,pgpad,4.073,settle,68885,11576623897305,com.apple.WebKit.WebContent,96813776,0.289560792
3,pgpad,4.073,settle,68881,11576618670606,pgpad-tauri,31507488,0.385869500
3,pgpad,4.073,settle,68882,11576623514496,com.apple.WebKit.GPU,17122072,0.109547542
3,pgpad,4.073,settle,68884,11576623823455,com.apple.WebKit.Networking,6586920,0.031888875
3,pgpad,4.073,settle,68888,11576639110528,com.apple.audio.SandboxHelper,5390840,0.021829917
3,pgpad,4.329,settle,68885,11576623897305,com.apple.WebKit.WebContent,96813776,0.289560792
3,pgpad,4.329,settle,68881,11576618670606,pgpad-tauri,31507488,0.386150542
3,pgpad,4.329,settle,68882,11576623514496,com.apple.WebKit.GPU,17122072,0.109547542
3,pgpad,4.329,settle,68884,11576623823455,com.apple.WebKit.Networking,6586920,0.031888875
3,pgpad,4.329,settle,68888,11576639110528,com.apple.audio.SandboxHelper,5390840,0.021829917
3,pgpad,4.582,settle,68885,11576623897305,com.apple.WebKit.WebContent,96813776,0.289560792
3,pgpad,4.582,settle,68881,11576618670606,pgpad-tauri,31507488,0.386335125
3,pgpad,4.582,settle,68882,11576623514496,com.apple.WebKit.GPU,17122072,0.109547542
3,pgpad,4.582,settle,68884,11576623823455,com.apple.WebKit.Networking,6586920,0.031888875
3,pgpad,4.582,settle,68888,11576639110528,com.apple.audio.SandboxHelper,5390840,0.021829917
3,pgpad,4.837,settle,68885,11576623897305,com.apple.WebKit.WebContent,96813776,0.289560792
3,pgpad,4.837,settle,68881,11576618670606,pgpad-tauri,31507488,0.386335125
3,pgpad,4.837,settle,68882,11576623514496,com.apple.WebKit.GPU,17122072,0.109547542
3,pgpad,4.837,settle,68884,11576623823455,com.apple.WebKit.Networking,6586920,0.031888875
3,pgpad,4.837,settle,68888,11576639110528,com.apple.audio.SandboxHelper,5390840,0.021829917
3,pgpad,5.092,settle,68885,11576623897305,com.apple.WebKit.WebContent,96813776,0.289560792
3,pgpad,5.092,settle,68881,11576618670606,pgpad-tauri,31507488,0.386335125
3,pgpad,5.092,settle,68882,11576623514496,com.apple.WebKit.GPU,17122072,0.109547542
3,pgpad,5.092,settle,68884,11576623823455,com.apple.WebKit.Networking,6586920,0.031888875
3,pgpad,5.092,settle,68888,11576639110528,com.apple.audio.SandboxHelper,5390840,0.021829917
3,pgpad,5.347,settle,68885,11576623897305,com.apple.WebKit.WebContent,96813776,0.289560792
3,pgpad,5.347,settle,68881,11576618670606,pgpad-tauri,31327264,0.387184250
3,pgpad,5.347,settle,68882,11576623514496,com.apple.WebKit.GPU,17122072,0.109547542
3,pgpad,5.347,settle,68884,11576623823455,com.apple.WebKit.Networking,6668840,0.035634583
3,pgpad,5.347,settle,68888,11576639110528,com.apple.audio.SandboxHelper,5390840,0.021829917
3,pgpad,5.599,query,68885,11576623897305,com.apple.WebKit.WebContent,96813776,0.289560792
3,pgpad,5.599,query,68881,11576618670606,pgpad-tauri,31327264,0.387857083
3,pgpad,5.599,query,68882,11576623514496,com.apple.WebKit.GPU,17122072,0.109579667
3,pgpad,5.599,query,68884,11576623823455,com.apple.WebKit.Networking,6652456,0.035818292
3,pgpad,5.599,query,68888,11576639110528,com.apple.audio.SandboxHelper,5390840,0.021829917
3,pgpad,5.852,query,68885,11576623897305,com.apple.WebKit.WebContent,96813776,0.289731250
3,pgpad,5.852,query,68881,11576618670606,pgpad-tauri,31327264,0.387857083
3,pgpad,5.852,query,68882,11576623514496,com.apple.WebKit.GPU,17122072,0.109579667
3,pgpad,5.852,query,68884,11576623823455,com.apple.WebKit.Networking,6586920,0.036072292
3,pgpad,5.852,query,68888,11576639110528,com.apple.audio.SandboxHelper,5390840,0.021829917
3,pgpad,6.107,query,68885,11576623897305,com.apple.WebKit.WebContent,96813776,0.289830792
3,pgpad,6.107,query,68881,11576618670606,pgpad-tauri,31327264,0.387857083
3,pgpad,6.107,query,68882,11576623514496,com.apple.WebKit.GPU,17122072,0.109579667
3,pgpad,6.107,query,68884,11576623823455,com.apple.WebKit.Networking,6537768,0.036465625
3,pgpad,6.107,query,68888,11576639110528,com.apple.audio.SandboxHelper,5390840,0.021829917
3,pgpad,6.357,query,68885,11576623897305,com.apple.WebKit.WebContent,96797392,0.289899167
3,pgpad,6.357,query,68881,11576618670606,pgpad-tauri,31327264,0.387857083
3,pgpad,6.357,query,68882,11576623514496,com.apple.WebKit.GPU,17122072,0.109579667
3,pgpad,6.357,query,68884,11576623823455,com.apple.WebKit.Networking,6537768,0.036576417
3,pgpad,6.357,query,68888,11576639110528,com.apple.audio.SandboxHelper,5325304,0.021911208
3,pgpad,6.612,query,68885,11576623897305,com.apple.WebKit.WebContent,96797392,0.289899167
3,pgpad,6.612,query,68881,11576618670606,pgpad-tauri,31327264,0.387857083
3,pgpad,6.612,query,68882,11576623514496,com.apple.WebKit.GPU,17122072,0.109579667
3,pgpad,6.612,query,68884,11576623823455,com.apple.WebKit.Networking,6505000,0.036973500
3,pgpad,6.612,query,68888,11576639110528,com.apple.audio.SandboxHelper,5325304,0.021911208
3,pgpad,6.865,query,68885,11576623897305,com.apple.WebKit.WebContent,96797392,0.289899167
3,pgpad,6.865,query,68881,11576618670606,pgpad-tauri,31327264,0.387857083
3,pgpad,6.865,query,68882,11576623514496,com.apple.WebKit.GPU,17122072,0.109579667
3,pgpad,6.865,query,68884,11576623823455,com.apple.WebKit.Networking,6488616,0.037217167
3,pgpad,6.865,query,68888,11576639110528,com.apple.audio.SandboxHelper,5325304,0.021911208
3,pgpad,7.120,query,68885,11576623897305,com.apple.WebKit.WebContent,96748240,0.290137042
3,pgpad,7.120,query,68881,11576618670606,pgpad-tauri,31327264,0.387857083
3,pgpad,7.120,query,68882,11576623514496,com.apple.WebKit.GPU,17122072,0.109579667
3,pgpad,7.120,query,68884,11576623823455,com.apple.WebKit.Networking,6488616,0.037217167
3,pgpad,7.120,query,68888,11576639110528,com.apple.audio.SandboxHelper,5325304,0.021911208
3,pgpad,7.376,query,68885,11576623897305,com.apple.WebKit.WebContent,96748240,0.290137042
3,pgpad,7.376,query,68881,11576618670606,pgpad-tauri,31327264,0.387857083
3,pgpad,7.376,query,68882,11576623514496,com.apple.WebKit.GPU,17122072,0.109579667
3,pgpad,7.376,query,68884,11576623823455,com.apple.WebKit.Networking,6488616,0.037217167
3,pgpad,7.376,query,68888,11576639110528,com.apple.audio.SandboxHelper,5325304,0.021911208
3,pgpad,7.627,query,68885,11576623897305,com.apple.WebKit.WebContent,96748240,0.290137042
3,pgpad,7.627,query,68881,11576618670606,pgpad-tauri,31327264,0.387857083
3,pgpad,7.627,query,68882,11576623514496,com.apple.WebKit.GPU,17089304,0.109727042
3,pgpad,7.627,query,68884,11576623823455,com.apple.WebKit.Networking,6488616,0.037217167
3,pgpad,7.627,query,68888,11576639110528,com.apple.audio.SandboxHelper,5325304,0.021911208
3,pgpad,7.881,query,68885,11576623897305,com.apple.WebKit.WebContent,96748240,0.290137042
3,pgpad,7.881,query,68881,11576618670606,pgpad-tauri,31327264,0.387857083
3,pgpad,7.881,query,68882,11576623514496,com.apple.WebKit.GPU,17089304,0.109727042
3,pgpad,7.881,query,68884,11576623823455,com.apple.WebKit.Networking,6488616,0.037217167
3,pgpad,7.881,query,68888,11576639110528,com.apple.audio.SandboxHelper,5325304,0.021911208
3,pgpad,8.136,query,68885,11576623897305,com.apple.WebKit.WebContent,96748240,0.290137042
3,pgpad,8.136,query,68881,11576618670606,pgpad-tauri,31327264,0.387857083
3,pgpad,8.136,query,68882,11576623514496,com.apple.WebKit.GPU,17089304,0.109727042
3,pgpad,8.136,query,68884,11576623823455,com.apple.WebKit.Networking,6488616,0.037217167
3,pgpad,8.136,query,68888,11576639110528,com.apple.audio.SandboxHelper,5325304,0.021911208
3,pgpad,8.391,query,68885,11576623897305,com.apple.WebKit.WebContent,96748240,0.290137042
3,pgpad,8.391,query,68881,11576618670606,pgpad-tauri,31327264,0.387857083
3,pgpad,8.391,query,68882,11576623514496,com.apple.WebKit.GPU,17089304,0.109727042
3,pgpad,8.391,query,68884,11576623823455,com.apple.WebKit.Networking,6488616,0.037217167
3,pgpad,8.391,query,68888,11576639110528,com.apple.audio.SandboxHelper,5325304,0.021911208
3,pgpad,8.646,query,68885,11576623897305,com.apple.WebKit.WebContent,96748240,0.290137042
3,pgpad,8.646,query,68881,11576618670606,pgpad-tauri,31327264,0.387857083
3,pgpad,8.646,query,68882,11576623514496,com.apple.WebKit.GPU,17089304,0.109803042
3,pgpad,8.646,query,68884,11576623823455,com.apple.WebKit.Networking,6488616,0.037217167
3,pgpad,8.646,query,68888,11576639110528,com.apple.audio.SandboxHelper,5325304,0.021911208
3,pgpad,8.898,query,68885,11576623897305,com.apple.WebKit.WebContent,96649936,0.291586583
3,pgpad,8.898,query,68881,11576618670606,pgpad-tauri,31310880,0.393650792
3,pgpad,8.898,query,68882,11576623514496,com.apple.WebKit.GPU,17089304,0.109803042
3,pgpad,8.898,query,68884,11576623823455,com.apple.WebKit.Networking,6488616,0.037217167
3,pgpad,8.898,query,68888,11576639110528,com.apple.audio.SandboxHelper,5325304,0.021911208
3,pgpad,9.153,query,68885,11576623897305,com.apple.WebKit.WebContent,96748240,0.295545208
3,pgpad,9.153,query,68881,11576618670606,pgpad-tauri,31343648,0.396811000
3,pgpad,9.153,query,68882,11576623514496,com.apple.WebKit.GPU,17089304,0.109803042
3,pgpad,9.153,query,68884,11576623823455,com.apple.WebKit.Networking,6488616,0.037217167
3,pgpad,9.153,query,68888,11576639110528,com.apple.audio.SandboxHelper,5325304,0.021911208
3,pgpad,9.409,query,68885,11576623897305,com.apple.WebKit.WebContent,96731856,0.295901458
3,pgpad,9.409,query,68881,11576618670606,pgpad-tauri,31310880,0.397398583
3,pgpad,9.409,query,68882,11576623514496,com.apple.WebKit.GPU,17089304,0.109803042
3,pgpad,9.409,query,68884,11576623823455,com.apple.WebKit.Networking,6488616,0.037217167
3,pgpad,9.409,query,68888,11576639110528,com.apple.audio.SandboxHelper,5325304,0.021911208
3,pgpad,9.664,query,68885,11576623897305,com.apple.WebKit.WebContent,96731856,0.296416750
3,pgpad,9.664,query,68881,11576618670606,pgpad-tauri,31310880,0.397847292
3,pgpad,9.664,query,68882,11576623514496,com.apple.WebKit.GPU,17089304,0.109803042
3,pgpad,9.664,query,68884,11576623823455,com.apple.WebKit.Networking,6488616,0.037217167
3,pgpad,9.664,query,68888,11576639110528,com.apple.audio.SandboxHelper,5325304,0.021911208
3,pgpad,9.915,query,68885,11576623897305,com.apple.WebKit.WebContent,96731856,0.296694542
3,pgpad,9.915,query,68881,11576618670606,pgpad-tauri,31310880,0.398010250
3,pgpad,9.915,query,68882,11576623514496,com.apple.WebKit.GPU,17089304,0.109803042
3,pgpad,9.915,query,68884,11576623823455,com.apple.WebKit.Networking,6488616,0.037217167
3,pgpad,9.915,query,68888,11576639110528,com.apple.audio.SandboxHelper,5325304,0.021911208
3,pgpad,10.170,query,68885,11576623897305,com.apple.WebKit.WebContent,96715472,0.297000292
3,pgpad,10.170,query,68881,11576618670606,pgpad-tauri,31310880,0.398380667
3,pgpad,10.170,query,68882,11576623514496,com.apple.WebKit.GPU,17089304,0.109803042
3,pgpad,10.170,query,68884,11576623823455,com.apple.WebKit.Networking,6488616,0.037217167
3,pgpad,10.170,query,68888,11576639110528,com.apple.audio.SandboxHelper,5325304,0.021911208
3,pgpad,10.424,query,68885,11576623897305,com.apple.WebKit.WebContent,96715472,0.297235042
3,pgpad,10.424,query,68881,11576618670606,pgpad-tauri,31310880,0.398451292
3,pgpad,10.424,query,68882,11576623514496,com.apple.WebKit.GPU,17089304,0.109803042
3,pgpad,10.424,query,68884,11576623823455,com.apple.WebKit.Networking,6488616,0.037217167
3,pgpad,10.424,query,68888,11576639110528,com.apple.audio.SandboxHelper,5325304,0.021911208
3,pgpad,10.679,query,68885,11576623897305,com.apple.WebKit.WebContent,148046544,0.311808625
3,pgpad,10.679,query,68882,11576623514496,com.apple.WebKit.GPU,31425328,0.121547708
3,pgpad,10.679,query,68881,11576618670606,pgpad-tauri,31409184,0.406158833
3,pgpad,10.679,query,68884,11576623823455,com.apple.WebKit.Networking,6439464,0.038683333
3,pgpad,10.679,query,68888,11576639110528,com.apple.audio.SandboxHelper,5325304,0.021911208
3,pgpad,10.932,query,68885,11576623897305,com.apple.WebKit.WebContent,200245968,0.362634833
3,pgpad,10.932,query,68882,11576623514496,com.apple.WebKit.GPU,35849104,0.166859083
3,pgpad,10.932,query,68881,11576618670606,pgpad-tauri,31818784,0.435989500
3,pgpad,10.932,query,68884,11576623823455,com.apple.WebKit.Networking,6439464,0.038764250
3,pgpad,10.932,query,68888,11576639110528,com.apple.audio.SandboxHelper,5325304,0.021911208
3,pgpad,11.187,query,68885,11576623897305,com.apple.WebKit.WebContent,200147664,0.364251417
3,pgpad,11.187,query,68882,11576623514496,com.apple.WebKit.GPU,35865488,0.167960875
3,pgpad,11.187,query,68881,11576618670606,pgpad-tauri,31802400,0.437189833
3,pgpad,11.187,query,68884,11576623823455,com.apple.WebKit.Networking,6439464,0.038844333
3,pgpad,11.187,query,68888,11576639110528,com.apple.audio.SandboxHelper,5325304,0.021911208
3,pgpad,11.442,query,68885,11576623897305,com.apple.WebKit.WebContent,200147664,0.365846125
3,pgpad,11.442,query,68882,11576623514496,com.apple.WebKit.GPU,35849104,0.168457375
3,pgpad,11.442,query,68881,11576618670606,pgpad-tauri,31786016,0.438702250
3,pgpad,11.442,query,68884,11576623823455,com.apple.WebKit.Networking,6373928,0.039106333
3,pgpad,11.442,query,68888,11576639110528,com.apple.audio.SandboxHelper,5325304,0.021911208
3,pgpad,11.697,query,68885,11576623897305,com.apple.WebKit.WebContent,199951056,0.367011542
3,pgpad,11.697,query,68882,11576623514496,com.apple.WebKit.GPU,35832720,0.168862042
3,pgpad,11.697,query,68881,11576618670606,pgpad-tauri,31786016,0.439078208
3,pgpad,11.697,query,68884,11576623823455,com.apple.WebKit.Networking,6373928,0.039322458
3,pgpad,11.697,query,68888,11576639110528,com.apple.audio.SandboxHelper,5325304,0.021911208
3,pgpad,11.950,query,68885,11576623897305,com.apple.WebKit.WebContent,149848784,0.397856417
3,pgpad,11.950,query,68882,11576623514496,com.apple.WebKit.GPU,41223056,0.180416500
3,pgpad,11.950,query,68881,11576618670606,pgpad-tauri,31884320,0.452334250
3,pgpad,11.950,query,68884,11576623823455,com.apple.WebKit.Networking,6373928,0.039460958
3,pgpad,11.950,query,68888,11576639110528,com.apple.audio.SandboxHelper,5325304,0.021911208
3,pgpad,12.204,query,68885,11576623897305,com.apple.WebKit.WebContent,149865168,0.409169375
3,pgpad,12.204,query,68882,11576623514496,com.apple.WebKit.GPU,41190288,0.181131333
3,pgpad,12.204,query,68881,11576618670606,pgpad-tauri,31999008,0.469389750
3,pgpad,12.204,query,68939,11576906641656,com.apple.SafariPlatformSupport,9585240,0.112450000
3,pgpad,12.204,query,68884,11576623823455,com.apple.WebKit.Networking,6373928,0.039503083
3,pgpad,12.204,query,68888,11576639110528,com.apple.audio.SandboxHelper,5325304,0.021911208
3,pgpad,12.456,query,68885,11576623897305,com.apple.WebKit.WebContent,162661072,0.415880375
3,pgpad,12.456,query,68882,11576623514496,com.apple.WebKit.GPU,41190288,0.182680542
3,pgpad,12.456,query,68881,11576618670606,pgpad-tauri,32588832,0.484687625
3,pgpad,12.456,query,68939,11576906641656,com.apple.SafariPlatformSupport,9601624,0.114261375
3,pgpad,12.456,query,68884,11576623823455,com.apple.WebKit.Networking,6373928,0.039503083
3,pgpad,12.456,query,68888,11576639110528,com.apple.audio.SandboxHelper,5325304,0.021911208
3,pgpad,12.710,query,68885,11576623897305,com.apple.WebKit.WebContent,162661072,0.417058958
3,pgpad,12.710,query,68882,11576623514496,com.apple.WebKit.GPU,41059216,0.183139958
3,pgpad,12.710,query,68881,11576618670606,pgpad-tauri,32572448,0.485249042
3,pgpad,12.710,query,68939,11576906641656,com.apple.SafariPlatformSupport,9601624,0.114261375
3,pgpad,12.710,query,68884,11576623823455,com.apple.WebKit.Networking,6373928,0.039503083
3,pgpad,12.710,query,68888,11576639110528,com.apple.audio.SandboxHelper,5325304,0.021911208
3,pgpad,12.966,query,68885,11576623897305,com.apple.WebKit.WebContent,163463888,0.441892000
3,pgpad,12.966,query,68882,11576623514496,com.apple.WebKit.GPU,50856872,0.192382333
3,pgpad,12.966,query,68881,11576618670606,pgpad-tauri,32834592,0.503781667
3,pgpad,12.966,query,68939,11576906641656,com.apple.SafariPlatformSupport,9601624,0.114261375
3,pgpad,12.966,query,68884,11576623823455,com.apple.WebKit.Networking,6373928,0.039503083
3,pgpad,12.966,query,68888,11576639110528,com.apple.audio.SandboxHelper,5325304,0.021911208
3,pgpad,13.221,query,68885,11576623897305,com.apple.WebKit.WebContent,163463888,0.442768000
3,pgpad,13.221,query,68882,11576623514496,com.apple.WebKit.GPU,50856872,0.192983542
3,pgpad,13.221,query,68881,11576618670606,pgpad-tauri,32818208,0.504451875
3,pgpad,13.221,query,68939,11576906641656,com.apple.SafariPlatformSupport,9601624,0.114261375
3,pgpad,13.221,query,68884,11576623823455,com.apple.WebKit.Networking,6373928,0.039503083
3,pgpad,13.221,query,68888,11576639110528,com.apple.audio.SandboxHelper,5325304,0.021911208
3,pgpad,13.474,query,68885,11576623897305,com.apple.WebKit.WebContent,162530000,0.453492458
3,pgpad,13.474,query,68882,11576623514496,com.apple.WebKit.GPU,50840488,0.198870875
3,pgpad,13.474,query,68881,11576618670606,pgpad-tauri,32834592,0.511187792
3,pgpad,13.474,query,68939,11576906641656,com.apple.SafariPlatformSupport,9601624,0.114383125
3,pgpad,13.474,query,68884,11576623823455,com.apple.WebKit.Networking,6373928,0.039503083
3,pgpad,13.474,query,68888,11576639110528,com.apple.audio.SandboxHelper,5325304,0.021911208
3,pgpad,13.729,query,68885,11576623897305,com.apple.WebKit.WebContent,162644688,0.468431500
3,pgpad,13.729,query,68882,11576623514496,com.apple.WebKit.GPU,50824104,0.200939208
3,pgpad,13.729,query,68881,11576618670606,pgpad-tauri,32834592,0.517176917
3,pgpad,13.729,query,68939,11576906641656,com.apple.SafariPlatformSupport,9601624,0.114383125
3,pgpad,13.729,query,68884,11576623823455,com.apple.WebKit.Networking,6373928,0.040169708
3,pgpad,13.729,query,68888,11576639110528,com.apple.audio.SandboxHelper,5325304,0.021911208
3,pgpad,13.981,query,68885,11576623897305,com.apple.WebKit.WebContent,124322512,0.469281042
3,pgpad,13.981,query,68882,11576623514496,com.apple.WebKit.GPU,47645608,0.202621625
3,pgpad,13.981,query,68881,11576618670606,pgpad-tauri,32785440,0.517822125
3,pgpad,13.981,query,68939,11576906641656,com.apple.SafariPlatformSupport,9601624,0.114383125
3,pgpad,13.981,query,68884,11576623823455,com.apple.WebKit.Networking,6373928,0.040248667
3,pgpad,13.981,query,68888,11576639110528,com.apple.audio.SandboxHelper,5325304,0.021911208
3,pgpad,14.232,query,68885,11576623897305,com.apple.WebKit.WebContent,124781264,0.493917250
3,pgpad,14.232,query,68882,11576623514496,com.apple.WebKit.GPU,47645608,0.203516833
3,pgpad,14.232,query,68881,11576618670606,pgpad-tauri,32801824,0.523761583
3,pgpad,14.232,query,68939,11576906641656,com.apple.SafariPlatformSupport,9601624,0.114625500
3,pgpad,14.232,query,68884,11576623823455,com.apple.WebKit.Networking,6373928,0.040414958
3,pgpad,14.232,query,68888,11576639110528,com.apple.audio.SandboxHelper,5325304,0.021911208
3,pgpad,14.487,query,68885,11576623897305,com.apple.WebKit.WebContent,249283328,0.696329250
3,pgpad,14.487,query,68882,11576623514496,com.apple.WebKit.GPU,62997464,0.241018250
3,pgpad,14.487,query,68881,11576618670606,pgpad-tauri,34702368,0.557473250
3,pgpad,14.487,query,68939,11576906641656,com.apple.SafariPlatformSupport,9601624,0.114657667
3,pgpad,14.487,query,68884,11576623823455,com.apple.WebKit.Networking,6373928,0.040481417
3,pgpad,14.487,query,68888,11576639110528,com.apple.audio.SandboxHelper,5325304,0.021911208
3,pgpad,14.739,query,68885,11576623897305,com.apple.WebKit.WebContent,249283328,0.697626042
3,pgpad,14.739,query,68882,11576623514496,com.apple.WebKit.GPU,62997464,0.241541292
3,pgpad,14.739,query,68881,11576618670606,pgpad-tauri,34685984,0.558247250
3,pgpad,14.739,query,68939,11576906641656,com.apple.SafariPlatformSupport,9601624,0.114657667
3,pgpad,14.739,query,68884,11576623823455,com.apple.WebKit.Networking,6373928,0.040731583
3,pgpad,14.739,query,68888,11576639110528,com.apple.audio.SandboxHelper,5325304,0.021911208
3,pgpad,14.990,query,68885,11576623897305,com.apple.WebKit.WebContent,247005952,0.706708000
3,pgpad,14.990,query,68882,11576623514496,com.apple.WebKit.GPU,62964696,0.242517667
3,pgpad,14.990,query,68881,11576618670606,pgpad-tauri,34685984,0.562144625
3,pgpad,14.990,query,68939,11576906641656,com.apple.SafariPlatformSupport,9601624,0.114657667
3,pgpad,14.990,query,68884,11576623823455,com.apple.WebKit.Networking,6373928,0.040949417
3,pgpad,14.990,query,68888,11576639110528,com.apple.audio.SandboxHelper,5325304,0.021911208
3,pgpad,15.245,query,68885,11576623897305,com.apple.WebKit.WebContent,245154560,0.709498792
3,pgpad,15.245,query,68882,11576623514496,com.apple.WebKit.GPU,62964696,0.243098958
3,pgpad,15.245,query,68881,11576618670606,pgpad-tauri,34669600,0.562925208
3,pgpad,15.245,query,68939,11576906641656,com.apple.SafariPlatformSupport,9601624,0.114657667
3,pgpad,15.245,query,68884,11576623823455,com.apple.WebKit.Networking,6373928,0.041004667
3,pgpad,15.245,query,68888,11576639110528,com.apple.audio.SandboxHelper,5325304,0.021911208
3,pgpad,15.500,query,68885,11576623897305,com.apple.WebKit.WebContent,185205504,0.716765375
3,pgpad,15.500,query,68882,11576623514496,com.apple.WebKit.GPU,52429784,0.245122000
3,pgpad,15.500,query,68881,11576618670606,pgpad-tauri,34669600,0.566270750
3,pgpad,15.500,query,68939,11576906641656,com.apple.SafariPlatformSupport,9601624,0.114657667
3,pgpad,15.500,query,68884,11576623823455,com.apple.WebKit.Networking,6373928,0.041004667
3,pgpad,15.500,query,68888,11576639110528,com.apple.audio.SandboxHelper,5325304,0.021911208
3,pgpad,15.755,query,68885,11576623897305,com.apple.WebKit.WebContent,180470528,0.719087958
3,pgpad,15.755,query,68881,11576618670606,pgpad-tauri,34653216,0.567360083
3,pgpad,15.755,query,68882,11576623514496,com.apple.WebKit.GPU,24429528,0.247112667
3,pgpad,15.755,query,68939,11576906641656,com.apple.SafariPlatformSupport,9601624,0.114657667
3,pgpad,15.755,query,68884,11576623823455,com.apple.WebKit.Networking,6373928,0.041004667
3,pgpad,15.755,query,68888,11576639110528,com.apple.audio.SandboxHelper,5325304,0.021911208
3,pgpad,16.007,query,68885,11576623897305,com.apple.WebKit.WebContent,180470528,0.721944958
3,pgpad,16.007,query,68881,11576618670606,pgpad-tauri,34669600,0.568648958
3,pgpad,16.007,query,68882,11576623514496,com.apple.WebKit.GPU,24429528,0.247510167
3,pgpad,16.007,query,68939,11576906641656,com.apple.SafariPlatformSupport,9601624,0.114657667
3,pgpad,16.007,query,68884,11576623823455,com.apple.WebKit.Networking,6373928,0.041004667
3,pgpad,16.007,query,68888,11576639110528,com.apple.audio.SandboxHelper,5325304,0.021911208
3,pgpad,16.262,query,68885,11576623897305,com.apple.WebKit.WebContent,253297408,0.742153250
3,pgpad,16.262,query,68882,11576623514496,com.apple.WebKit.GPU,53068760,0.258854833
3,pgpad,16.262,query,68881,11576618670606,pgpad-tauri,34702368,0.576438083
3,pgpad,16.262,query,68939,11576906641656,com.apple.SafariPlatformSupport,9601624,0.114657667
3,pgpad,16.262,query,68884,11576623823455,com.apple.WebKit.Networking,6373928,0.041004667
3,pgpad,16.262,query,68888,11576639110528,com.apple.audio.SandboxHelper,5325304,0.021911208
3,pgpad,16.515,query,68885,11576623897305,com.apple.WebKit.WebContent,296436480,0.791142250
3,pgpad,16.515,query,68882,11576623514496,com.apple.WebKit.GPU,53838856,0.286353625
3,pgpad,16.515,query,68881,11576618670606,pgpad-tauri,34882592,0.585095333
3,pgpad,16.515,query,68939,11576906641656,com.apple.SafariPlatformSupport,9601624,0.114926500
3,pgpad,16.515,query,68884,11576623823455,com.apple.WebKit.Networking,6619688,0.041004667
3,pgpad,16.515,query,68888,11576639110528,com.apple.audio.SandboxHelper,5325304,0.021911208
3,pgpad,16.770,query,68885,11576623897305,com.apple.WebKit.WebContent,296436480,0.801212333
3,pgpad,16.770,query,68882,11576623514496,com.apple.WebKit.GPU,53838856,0.293071833
3,pgpad,16.770,query,68881,11576618670606,pgpad-tauri,34882592,0.589104458
3,pgpad,16.770,query,68939,11576906641656,com.apple.SafariPlatformSupport,9601624,0.114926500
3,pgpad,16.770,query,68884,11576623823455,com.apple.WebKit.Networking,6619688,0.041004667
3,pgpad,16.770,query,68888,11576639110528,com.apple.audio.SandboxHelper,5325304,0.021911208
3,pgpad,17.025,query,68885,11576623897305,com.apple.WebKit.WebContent,296993536,0.844527667
3,pgpad,17.025,query,68882,11576623514496,com.apple.WebKit.GPU,53920776,0.316500833
3,pgpad,17.025,query,68881,11576618670606,pgpad-tauri,34915360,0.597163375
3,pgpad,17.025,query,68939,11576906641656,com.apple.SafariPlatformSupport,9601624,0.114926500
3,pgpad,17.025,query,68884,11576623823455,com.apple.WebKit.Networking,6619688,0.041004667
3,pgpad,17.025,query,68888,11576639110528,com.apple.audio.SandboxHelper,5325304,0.021911208
3,pgpad,17.281,query,68885,11576623897305,com.apple.WebKit.WebContent,297091840,0.856038917
3,pgpad,17.281,query,68882,11576623514496,com.apple.WebKit.GPU,53920776,0.326558792
3,pgpad,17.281,query,68881,11576618670606,pgpad-tauri,34898976,0.602019125
3,pgpad,17.281,query,68939,11576906641656,com.apple.SafariPlatformSupport,9601624,0.115579500
3,pgpad,17.281,query,68884,11576623823455,com.apple.WebKit.Networking,6619688,0.041004667
3,pgpad,17.281,query,68888,11576639110528,com.apple.audio.SandboxHelper,5325304,0.021911208
3,pgpad,17.536,query,68885,11576623897305,com.apple.WebKit.WebContent,297681664,0.897480250
3,pgpad,17.536,query,68882,11576623514496,com.apple.WebKit.GPU,53593096,0.349324417
3,pgpad,17.536,query,68881,11576618670606,pgpad-tauri,34915360,0.610321833
3,pgpad,17.536,query,68939,11576906641656,com.apple.SafariPlatformSupport,9601624,0.115579500
3,pgpad,17.536,query,68884,11576623823455,com.apple.WebKit.Networking,6619688,0.041004667
3,pgpad,17.536,query,68888,11576639110528,com.apple.audio.SandboxHelper,5325304,0.021911208
3,pgpad,17.791,query,68885,11576623897305,com.apple.WebKit.WebContent,297681664,0.898763125
3,pgpad,17.791,query,68882,11576623514496,com.apple.WebKit.GPU,53265416,0.349636292
3,pgpad,17.791,query,68881,11576618670606,pgpad-tauri,34898976,0.611095417
3,pgpad,17.791,query,68939,11576906641656,com.apple.SafariPlatformSupport,9601648,0.116042542
3,pgpad,17.791,query,68884,11576623823455,com.apple.WebKit.Networking,6619688,0.041004667
3,pgpad,17.791,query,68888,11576639110528,com.apple.audio.SandboxHelper,5325304,0.021911208
3,pgpad,18.046,query,68885,11576623897305,com.apple.WebKit.WebContent,297681664,0.911539917
3,pgpad,18.046,query,68882,11576623514496,com.apple.WebKit.GPU,53543944,0.360148208
3,pgpad,18.046,query,68881,11576618670606,pgpad-tauri,34866208,0.617313083
3,pgpad,18.046,query,68939,11576906641656,com.apple.SafariPlatformSupport,9601648,0.116042542
3,pgpad,18.046,query,68884,11576623823455,com.apple.WebKit.Networking,6636072,0.041760750
3,pgpad,18.046,query,68888,11576639110528,com.apple.audio.SandboxHelper,5325304,0.021911208
3,pgpad,18.297,after-query,68885,11576623897305,com.apple.WebKit.WebContent,271467264,0.949671000
3,pgpad,18.297,after-query,68882,11576623514496,com.apple.WebKit.GPU,53330952,0.383568167
3,pgpad,18.297,after-query,68881,11576618670606,pgpad-tauri,34866208,0.624751208
3,pgpad,18.297,after-query,68939,11576906641656,com.apple.SafariPlatformSupport,9601648,0.116042542
3,pgpad,18.297,after-query,68884,11576623823455,com.apple.WebKit.Networking,6636072,0.041877083
3,pgpad,18.297,after-query,68888,11576639110528,com.apple.audio.SandboxHelper,5325304,0.021911208
3,pgpad,18.547,after-query,68885,11576623897305,com.apple.WebKit.WebContent,271401728,0.951076208
3,pgpad,18.547,after-query,68882,11576623514496,com.apple.WebKit.GPU,48481288,0.384306083
3,pgpad,18.547,after-query,68881,11576618670606,pgpad-tauri,34751520,0.625529625
3,pgpad,18.547,after-query,68939,11576906641656,com.apple.SafariPlatformSupport,9601648,0.116042542
3,pgpad,18.547,after-query,68884,11576623823455,com.apple.WebKit.Networking,6636072,0.041984667
3,pgpad,18.547,after-query,68888,11576639110528,com.apple.audio.SandboxHelper,5325304,0.021911208
3,pgpad,18.799,after-query,68885,11576623897305,com.apple.WebKit.WebContent,271336192,0.952925125
3,pgpad,18.799,after-query,68882,11576623514496,com.apple.WebKit.GPU,48464904,0.384870667
3,pgpad,18.799,after-query,68881,11576618670606,pgpad-tauri,34735136,0.627341875
3,pgpad,18.799,after-query,68939,11576906641656,com.apple.SafariPlatformSupport,9601648,0.116042542
3,pgpad,18.799,after-query,68884,11576623823455,com.apple.WebKit.Networking,6636072,0.042224417
3,pgpad,18.799,after-query,68888,11576639110528,com.apple.audio.SandboxHelper,5325304,0.021911208
3,pgpad,19.054,after-query,68885,11576623897305,com.apple.WebKit.WebContent,271041280,0.954151333
3,pgpad,19.054,after-query,68882,11576623514496,com.apple.WebKit.GPU,48464904,0.385501917
3,pgpad,19.054,after-query,68881,11576618670606,pgpad-tauri,34735136,0.627692250
3,pgpad,19.054,after-query,68939,11576906641656,com.apple.SafariPlatformSupport,9601648,0.116042542
3,pgpad,19.054,after-query,68884,11576623823455,com.apple.WebKit.Networking,6636072,0.042429500
3,pgpad,19.054,after-query,68888,11576639110528,com.apple.audio.SandboxHelper,5325304,0.021911208
3,pgpad,19.309,after-query,68885,11576623897305,com.apple.WebKit.WebContent,248365824,0.954708875
3,pgpad,19.309,after-query,68882,11576623514496,com.apple.WebKit.GPU,47055880,0.386971167
3,pgpad,19.309,after-query,68881,11576618670606,pgpad-tauri,34669600,0.628130708
3,pgpad,19.309,after-query,68939,11576906641656,com.apple.SafariPlatformSupport,9601648,0.116042542
3,pgpad,19.309,after-query,68884,11576623823455,com.apple.WebKit.Networking,6816296,0.042594625
3,pgpad,19.309,after-query,68888,11576639110528,com.apple.audio.SandboxHelper,5325304,0.021911208
3,pgpad,19.560,after-query,68885,11576623897305,com.apple.WebKit.WebContent,188973824,0.954937583
3,pgpad,19.560,after-query,68881,11576618670606,pgpad-tauri,34489376,0.628440833
3,pgpad,19.560,after-query,68882,11576623514496,com.apple.WebKit.GPU,22856712,0.387500542
3,pgpad,19.560,after-query,68939,11576906641656,com.apple.SafariPlatformSupport,9601648,0.116042542
3,pgpad,19.560,after-query,68884,11576623823455,com.apple.WebKit.Networking,6783528,0.042693625
3,pgpad,19.560,after-query,68888,11576639110528,com.apple.audio.SandboxHelper,5325304,0.021911208
3,pgpad,19.812,after-query,68885,11576623897305,com.apple.WebKit.WebContent,188957440,0.955368917
3,pgpad,19.812,after-query,68881,11576618670606,pgpad-tauri,34489376,0.628536292
3,pgpad,19.812,after-query,68882,11576623514496,com.apple.WebKit.GPU,22856712,0.387682750
3,pgpad,19.812,after-query,68939,11576906641656,com.apple.SafariPlatformSupport,9601648,0.116042542
3,pgpad,19.812,after-query,68884,11576623823455,com.apple.WebKit.Networking,6783528,0.042693625
3,pgpad,19.812,after-query,68888,11576639110528,com.apple.audio.SandboxHelper,5325304,0.021911208
3,pgpad,20.063,after-query,68885,11576623897305,com.apple.WebKit.WebContent,188957440,0.955703917
3,pgpad,20.063,after-query,68881,11576618670606,pgpad-tauri,34489376,0.628578292
3,pgpad,20.063,after-query,68882,11576623514496,com.apple.WebKit.GPU,22856712,0.387844042
3,pgpad,20.063,after-query,68939,11576906641656,com.apple.SafariPlatformSupport,9601648,0.116042542
3,pgpad,20.063,after-query,68884,11576623823455,com.apple.WebKit.Networking,6783528,0.042693625
3,pgpad,20.063,after-query,68888,11576639110528,com.apple.audio.SandboxHelper,5325304,0.021911208
3,pgpad,20.318,after-query,68885,11576623897305,com.apple.WebKit.WebContent,188924672,0.955703917
3,pgpad,20.318,after-query,68881,11576618670606,pgpad-tauri,34489376,0.628578292
3,pgpad,20.318,after-query,68882,11576623514496,com.apple.WebKit.GPU,22774792,0.388287958
3,pgpad,20.318,after-query,68939,11576906641656,com.apple.SafariPlatformSupport,9601648,0.116042542
3,pgpad,20.318,after-query,68884,11576623823455,com.apple.WebKit.Networking,6783528,0.042693625
3,pgpad,20.318,after-query,68888,11576639110528,com.apple.audio.SandboxHelper,5325304,0.021911208
3,pgpad,20.574,after-query,68885,11576623897305,com.apple.WebKit.WebContent,188924672,0.955703917
3,pgpad,20.574,after-query,68881,11576618670606,pgpad-tauri,34489376,0.628578292
3,pgpad,20.574,after-query,68882,11576623514496,com.apple.WebKit.GPU,22758408,0.388591833
3,pgpad,20.574,after-query,68939,11576906641656,com.apple.SafariPlatformSupport,9601648,0.116042542
3,pgpad,20.574,after-query,68884,11576623823455,com.apple.WebKit.Networking,6783528,0.042693625
3,pgpad,20.574,after-query,68888,11576639110528,com.apple.audio.SandboxHelper,5325304,0.021911208
3,pgpad,20.825,after-query,68885,11576623897305,com.apple.WebKit.WebContent,188924672,0.955761125
3,pgpad,20.825,after-query,68881,11576618670606,pgpad-tauri,34472992,0.628689083
3,pgpad,20.825,after-query,68882,11576623514496,com.apple.WebKit.GPU,22758408,0.388675750
3,pgpad,20.825,after-query,68939,11576906641656,com.apple.SafariPlatformSupport,9601648,0.116042542
3,pgpad,20.825,after-query,68884,11576623823455,com.apple.WebKit.Networking,6783528,0.042693625
3,pgpad,20.825,after-query,68888,11576639110528,com.apple.audio.SandboxHelper,5325304,0.021911208
3,pgpad,21.077,after-query,68885,11576623897305,com.apple.WebKit.WebContent,188973824,0.960320875
3,pgpad,21.077,after-query,68881,11576618670606,pgpad-tauri,34472992,0.630890833
3,pgpad,21.077,after-query,68882,11576623514496,com.apple.WebKit.GPU,22758408,0.388675750
3,pgpad,21.077,after-query,68939,11576906641656,com.apple.SafariPlatformSupport,9601648,0.116042542
3,pgpad,21.077,after-query,68884,11576623823455,com.apple.WebKit.Networking,6783528,0.042693625
3,pgpad,21.077,after-query,68888,11576639110528,com.apple.audio.SandboxHelper,5325304,0.021911208
3,pgpad,21.332,after-query,68885,11576623897305,com.apple.WebKit.WebContent,188973824,0.960618292
3,pgpad,21.332,after-query,68881,11576618670606,pgpad-tauri,34472992,0.631127167
3,pgpad,21.332,after-query,68882,11576623514496,com.apple.WebKit.GPU,22758408,0.388675750
3,pgpad,21.332,after-query,68939,11576906641656,com.apple.SafariPlatformSupport,9601648,0.116042542
3,pgpad,21.332,after-query,68884,11576623823455,com.apple.WebKit.Networking,6783528,0.042693625
3,pgpad,21.332,after-query,68888,11576639110528,com.apple.audio.SandboxHelper,5325304,0.021911208
3,pgpad,21.587,after-query,68885,11576623897305,com.apple.WebKit.WebContent,188973824,0.961073167
3,pgpad,21.587,after-query,68881,11576618670606,pgpad-tauri,34472992,0.631458208
3,pgpad,21.587,after-query,68882,11576623514496,com.apple.WebKit.GPU,22758408,0.388675750
3,pgpad,21.587,after-query,68939,11576906641656,com.apple.SafariPlatformSupport,9618032,0.116215000
3,pgpad,21.587,after-query,68884,11576623823455,com.apple.WebKit.Networking,6783528,0.042693625
3,pgpad,21.587,after-query,68888,11576639110528,com.apple.audio.SandboxHelper,5325304,0.021911208
3,pgpad,21.842,after-query,68885,11576623897305,com.apple.WebKit.WebContent,188973824,0.961546208
3,pgpad,21.842,after-query,68881,11576618670606,pgpad-tauri,34472992,0.631790833
3,pgpad,21.842,after-query,68882,11576623514496,com.apple.WebKit.GPU,22758408,0.388675750
3,pgpad,21.842,after-query,68939,11576906641656,com.apple.SafariPlatformSupport,9618032,0.116215000
3,pgpad,21.842,after-query,68884,11576623823455,com.apple.WebKit.Networking,6783528,0.042693625
3,pgpad,21.842,after-query,68888,11576639110528,com.apple.audio.SandboxHelper,5325304,0.021911208
3,pgpad,22.097,after-query,68885,11576623897305,com.apple.WebKit.WebContent,188973824,0.961943125
3,pgpad,22.097,after-query,68881,11576618670606,pgpad-tauri,34391072,0.632318250
3,pgpad,22.097,after-query,68882,11576623514496,com.apple.WebKit.GPU,22758408,0.388675750
3,pgpad,22.097,after-query,68939,11576906641656,com.apple.SafariPlatformSupport,9618032,0.116215000
3,pgpad,22.097,after-query,68884,11576623823455,com.apple.WebKit.Networking,6783528,0.042693625
3,pgpad,22.097,after-query,68888,11576639110528,com.apple.audio.SandboxHelper,5325304,0.021911208
3,pgpad,22.352,after-query,68885,11576623897305,com.apple.WebKit.WebContent,188973824,0.962231833
3,pgpad,22.352,after-query,68881,11576618670606,pgpad-tauri,34391072,0.632568833
3,pgpad,22.352,after-query,68882,11576623514496,com.apple.WebKit.GPU,22758408,0.388675750
3,pgpad,22.352,after-query,68939,11576906641656,com.apple.SafariPlatformSupport,9618032,0.116215000
3,pgpad,22.352,after-query,68884,11576623823455,com.apple.WebKit.Networking,6783528,0.042693625
3,pgpad,22.352,after-query,68888,11576639110528,com.apple.audio.SandboxHelper,5325304,0.021911208
3,pgpad,22.607,after-query,68885,11576623897305,com.apple.WebKit.WebContent,188973824,0.962402917
3,pgpad,22.607,after-query,68881,11576618670606,pgpad-tauri,34358304,0.632774708
3,pgpad,22.607,after-query,68882,11576623514496,com.apple.WebKit.GPU,22758408,0.388675750
3,pgpad,22.607,after-query,68939,11576906641656,com.apple.SafariPlatformSupport,9618032,0.116215000
3,pgpad,22.607,after-query,68884,11576623823455,com.apple.WebKit.Networking,6783528,0.042693625
3,pgpad,22.607,after-query,68888,11576639110528,com.apple.audio.SandboxHelper,5325304,0.021911208
3,pgpad,22.862,after-query,68885,11576623897305,com.apple.WebKit.WebContent,190612224,0.962402917
3,pgpad,22.862,after-query,68881,11576618670606,pgpad-tauri,34407456,0.632876375
3,pgpad,22.862,after-query,68882,11576623514496,com.apple.WebKit.GPU,23643144,0.388675750
3,pgpad,22.862,after-query,68939,11576906641656,com.apple.SafariPlatformSupport,12026480,0.116215000
3,pgpad,22.862,after-query,68884,11576623823455,com.apple.WebKit.Networking,6799912,0.042693625
3,pgpad,22.862,after-query,68888,11576639110528,com.apple.audio.SandboxHelper,5325304,0.021911208
3,pgpad,23.113,after-query,68885,11576623897305,com.apple.WebKit.WebContent,190612224,0.962402917
3,pgpad,23.113,after-query,68881,11576618670606,pgpad-tauri,34407456,0.632876375
3,pgpad,23.113,after-query,68882,11576623514496,com.apple.WebKit.GPU,23643144,0.388675750
3,pgpad,23.113,after-query,68939,11576906641656,com.apple.SafariPlatformSupport,12026480,0.116215000
3,pgpad,23.113,after-query,68884,11576623823455,com.apple.WebKit.Networking,6799912,0.042693625
3,pgpad,23.113,after-query,68888,11576639110528,com.apple.audio.SandboxHelper,5325304,0.021911208
3,pgpad,23.368,after-query,68885,11576623897305,com.apple.WebKit.WebContent,190612224,0.962402917
3,pgpad,23.368,after-query,68881,11576618670606,pgpad-tauri,34407456,0.632876375
3,pgpad,23.368,after-query,68882,11576623514496,com.apple.WebKit.GPU,23708680,0.388675750
3,pgpad,23.368,after-query,68939,11576906641656,com.apple.SafariPlatformSupport,12026480,0.116215000
3,pgpad,23.368,after-query,68884,11576623823455,com.apple.WebKit.Networking,6799912,0.042693625
3,pgpad,23.368,after-query,68888,11576639110528,com.apple.audio.SandboxHelper,5325304,0.021911208
3,pgpad,23.620,after-query,68885,11576623897305,com.apple.WebKit.WebContent,190628608,0.962541250
3,pgpad,23.620,after-query,68881,11576618670606,pgpad-tauri,34407456,0.632876375
3,pgpad,23.620,after-query,68882,11576623514496,com.apple.WebKit.GPU,23593992,0.388811458
3,pgpad,23.620,after-query,68939,11576906641656,com.apple.SafariPlatformSupport,12026480,0.116215000
3,pgpad,23.620,after-query,68884,11576623823455,com.apple.WebKit.Networking,6799912,0.042693625
3,pgpad,23.620,after-query,68888,11576639110528,com.apple.audio.SandboxHelper,5325304,0.021911208
3,dbeaver,0.255,launch,69006,11577306616384,dbeaver,19530640,0.106946167
3,dbeaver,0.509,launch,69006,11577306616384,dbeaver,62686168,0.510641958
3,dbeaver,0.764,launch,69006,11577306616384,dbeaver,105481224,1.113469792
3,dbeaver,1.019,launch,69006,11577306616384,dbeaver,131892304,1.655066792
3,dbeaver,1.272,launch,69006,11577306616384,dbeaver,157140072,2.303188375
3,dbeaver,1.527,launch,69006,11577306616384,dbeaver,174753088,2.906155167
3,dbeaver,1.782,launch,69006,11577306616384,dbeaver,210224472,3.739556083
3,dbeaver,2.037,launch,69006,11577306616384,dbeaver,253068752,4.160065833
3,dbeaver,2.292,launch,69006,11577306616384,dbeaver,269911504,4.873847917
3,dbeaver,2.548,launch,69006,11577306616384,dbeaver,289654224,5.783735542
3,dbeaver,2.803,launch,69006,11577306616384,dbeaver,299075024,6.713199917
3,dbeaver,3.058,launch,69006,11577306616384,dbeaver,310216168,7.515621125
3,dbeaver,3.308,launch,69006,11577306616384,dbeaver,320751080,8.222899625
3,dbeaver,3.563,launch,69006,11577306616384,dbeaver,339298224,8.818279667
3,dbeaver,3.818,settle,69006,11577306616384,dbeaver,810895424,9.368471083
3,dbeaver,3.818,settle,69025,11577393058715,com.apple.SafariPlatformSupport,7094896,0.075009833
3,dbeaver,4.073,settle,69006,11577306616384,dbeaver,885737536,10.164142083
3,dbeaver,4.073,settle,69025,11577393058715,com.apple.SafariPlatformSupport,9749104,0.118605000
3,dbeaver,4.329,settle,69006,11577306616384,dbeaver,991430720,10.485847125
3,dbeaver,4.329,settle,69025,11577393058715,com.apple.SafariPlatformSupport,9749104,0.118752833
3,dbeaver,4.584,settle,69006,11577306616384,dbeaver,1053378648,11.362091042
3,dbeaver,4.584,settle,69025,11577393058715,com.apple.SafariPlatformSupport,10322544,0.118752833
3,dbeaver,4.839,settle,69006,11577306616384,dbeaver,1051215960,11.422728750
3,dbeaver,4.839,settle,69025,11577393058715,com.apple.SafariPlatformSupport,10322544,0.118752833
3,dbeaver,5.091,settle,69006,11577306616384,dbeaver,1052526680,11.484422917
3,dbeaver,5.091,settle,69025,11577393058715,com.apple.SafariPlatformSupport,10322544,0.118875458
3,dbeaver,5.346,settle,69006,11577306616384,dbeaver,980322392,11.526409542
3,dbeaver,5.346,settle,69025,11577393058715,com.apple.SafariPlatformSupport,10322544,0.118875458
3,dbeaver,5.601,settle,69006,11577306616384,dbeaver,877217880,11.537927000
3,dbeaver,5.601,settle,69025,11577393058715,com.apple.SafariPlatformSupport,10322544,0.118875458
3,dbeaver,5.855,settle,69006,11577306616384,dbeaver,836585560,11.555761250
3,dbeaver,5.855,settle,69025,11577393058715,com.apple.SafariPlatformSupport,10322544,0.119112667
3,dbeaver,6.110,settle,69006,11577306616384,dbeaver,769640536,11.574940667
3,dbeaver,6.110,settle,69025,11577393058715,com.apple.SafariPlatformSupport,10322544,0.119206000
3,dbeaver,6.365,settle,69006,11577306616384,dbeaver,711247960,11.584965333
3,dbeaver,6.365,settle,69025,11577393058715,com.apple.SafariPlatformSupport,10322544,0.119206000
3,dbeaver,6.618,settle,69006,11577306616384,dbeaver,711264344,11.592587042
3,dbeaver,6.618,settle,69025,11577393058715,com.apple.SafariPlatformSupport,10322544,0.119206000
3,dbeaver,6.873,settle,69006,11577306616384,dbeaver,711362648,11.603849292
3,dbeaver,6.873,settle,69025,11577393058715,com.apple.SafariPlatformSupport,10322544,0.119206000
3,dbeaver,7.125,settle,69006,11577306616384,dbeaver,710608984,11.629650417
3,dbeaver,7.125,settle,69025,11577393058715,com.apple.SafariPlatformSupport,10322544,0.119206000
3,dbeaver,7.380,settle,69006,11577306616384,dbeaver,710608984,11.639464833
3,dbeaver,7.380,settle,69025,11577393058715,com.apple.SafariPlatformSupport,10322544,0.119206000
3,dbeaver,7.635,settle,69006,11577306616384,dbeaver,710608984,11.662884667
3,dbeaver,7.635,settle,69025,11577393058715,com.apple.SafariPlatformSupport,10322544,0.119206000
3,dbeaver,7.890,settle,69006,11577306616384,dbeaver,710608984,11.675177417
3,dbeaver,7.890,settle,69025,11577393058715,com.apple.SafariPlatformSupport,10322544,0.119206000
3,dbeaver,8.143,settle,69006,11577306616384,dbeaver,710871128,11.692303292
3,dbeaver,8.143,settle,69025,11577393058715,com.apple.SafariPlatformSupport,10322544,0.119450167
3,dbeaver,8.398,settle,69006,11577306616384,dbeaver,710674520,11.705135333
3,dbeaver,8.398,settle,69025,11577393058715,com.apple.SafariPlatformSupport,10322544,0.119450167
3,dbeaver,8.653,settle,69006,11577306616384,dbeaver,710592600,11.718168708
3,dbeaver,8.653,settle,69025,11577393058715,com.apple.SafariPlatformSupport,10322544,0.119450167
3,dbeaver,8.905,query,69006,11577306616384,dbeaver,710543448,11.723674542
3,dbeaver,8.905,query,69025,11577393058715,com.apple.SafariPlatformSupport,10322544,0.119857292
3,dbeaver,9.160,query,69006,11577306616384,dbeaver,710445144,11.738600625
3,dbeaver,9.160,query,69025,11577393058715,com.apple.SafariPlatformSupport,10322544,0.119857292
3,dbeaver,9.415,query,69006,11577306616384,dbeaver,710445144,11.751871125
3,dbeaver,9.415,query,69025,11577393058715,com.apple.SafariPlatformSupport,10306160,0.120192125
3,dbeaver,9.670,query,69006,11577306616384,dbeaver,710445144,11.759005292
3,dbeaver,9.670,query,69025,11577393058715,com.apple.SafariPlatformSupport,10306160,0.120192125
3,dbeaver,9.925,query,69006,11577306616384,dbeaver,710445144,11.771002208
3,dbeaver,9.925,query,69025,11577393058715,com.apple.SafariPlatformSupport,10306160,0.120192125
3,dbeaver,10.180,query,69006,11577306616384,dbeaver,710445144,11.777561375
3,dbeaver,10.180,query,69025,11577393058715,com.apple.SafariPlatformSupport,10306160,0.120192125
3,dbeaver,10.434,query,69006,11577306616384,dbeaver,710445144,11.792217167
3,dbeaver,10.434,query,69025,11577393058715,com.apple.SafariPlatformSupport,10306160,0.120192125
3,dbeaver,10.689,query,69006,11577306616384,dbeaver,710445144,11.801559708
3,dbeaver,10.689,query,69025,11577393058715,com.apple.SafariPlatformSupport,10306160,0.120192125
3,dbeaver,10.944,query,69006,11577306616384,dbeaver,710445144,11.814859917
3,dbeaver,10.944,query,69025,11577393058715,com.apple.SafariPlatformSupport,10306160,0.120192125
3,dbeaver,11.197,query,69006,11577306616384,dbeaver,710445144,11.822801750
3,dbeaver,11.197,query,69025,11577393058715,com.apple.SafariPlatformSupport,10306160,0.120192125
3,dbeaver,11.452,query,69006,11577306616384,dbeaver,710445144,11.834578333
3,dbeaver,11.452,query,69025,11577393058715,com.apple.SafariPlatformSupport,10306160,0.120192125
3,dbeaver,11.707,query,69006,11577306616384,dbeaver,710559832,11.858836625
3,dbeaver,11.707,query,69025,11577393058715,com.apple.SafariPlatformSupport,10306160,0.120192125
3,dbeaver,11.962,query,69006,11577306616384,dbeaver,710559832,11.876534333
3,dbeaver,11.962,query,69025,11577393058715,com.apple.SafariPlatformSupport,10306160,0.120192125
3,dbeaver,12.214,query,69006,11577306616384,dbeaver,710576216,11.883478208
3,dbeaver,12.214,query,69025,11577393058715,com.apple.SafariPlatformSupport,10306160,0.120192125
3,dbeaver,12.469,query,69006,11577306616384,dbeaver,710576216,11.889347542
3,dbeaver,12.469,query,69025,11577393058715,com.apple.SafariPlatformSupport,10306160,0.120192125
3,dbeaver,12.721,query,69006,11577306616384,dbeaver,710576216,11.897134833
3,dbeaver,12.721,query,69025,11577393058715,com.apple.SafariPlatformSupport,10306160,0.120192125
3,dbeaver,12.976,query,69006,11577306616384,dbeaver,710576216,11.904434333
3,dbeaver,12.976,query,69025,11577393058715,com.apple.SafariPlatformSupport,10306160,0.120192125
3,dbeaver,13.230,query,69006,11577306616384,dbeaver,710576216,11.912469625
3,dbeaver,13.230,query,69025,11577393058715,com.apple.SafariPlatformSupport,10306160,0.120192125
3,dbeaver,13.485,query,69006,11577306616384,dbeaver,710576216,11.919471875
3,dbeaver,13.485,query,69025,11577393058715,com.apple.SafariPlatformSupport,10306160,0.120192125
3,dbeaver,13.740,query,69006,11577306616384,dbeaver,710559808,11.929065250
3,dbeaver,13.740,query,69025,11577393058715,com.apple.SafariPlatformSupport,10306160,0.120192125
3,dbeaver,13.991,query,69006,11577306616384,dbeaver,710608960,11.960078375
3,dbeaver,13.991,query,69025,11577393058715,com.apple.SafariPlatformSupport,10306160,0.120192125
3,dbeaver,14.247,query,69006,11577306616384,dbeaver,750618688,12.046744375
3,dbeaver,14.247,query,69025,11577393058715,com.apple.SafariPlatformSupport,10306160,0.120192125
3,dbeaver,14.502,query,69006,11577306616384,dbeaver,750618688,12.057990042
3,dbeaver,14.502,query,69025,11577393058715,com.apple.SafariPlatformSupport,10306160,0.120192125
3,dbeaver,14.757,query,69006,11577306616384,dbeaver,792217664,12.138946542
3,dbeaver,14.757,query,69025,11577393058715,com.apple.SafariPlatformSupport,10306160,0.120192125
3,dbeaver,15.012,query,69006,11577306616384,dbeaver,753174592,12.321276250
3,dbeaver,15.012,query,69025,11577393058715,com.apple.SafariPlatformSupport,10306160,0.120192125
3,dbeaver,15.263,query,69006,11577306616384,dbeaver,752961600,12.351469083
3,dbeaver,15.263,query,69025,11577393058715,com.apple.SafariPlatformSupport,10306160,0.120192125
3,dbeaver,15.518,query,69006,11577306616384,dbeaver,752977984,12.367404042
3,dbeaver,15.518,query,69025,11577393058715,com.apple.SafariPlatformSupport,10306160,0.120192125
3,dbeaver,15.772,query,69006,11577306616384,dbeaver,753240128,12.415180833
3,dbeaver,15.772,query,69025,11577393058715,com.apple.SafariPlatformSupport,10306160,0.120192125
3,dbeaver,16.027,query,69006,11577306616384,dbeaver,711149632,12.428941583
3,dbeaver,16.027,query,69025,11577393058715,com.apple.SafariPlatformSupport,10306160,0.120192125
3,dbeaver,16.280,query,69006,11577306616384,dbeaver,711182400,12.442403458
3,dbeaver,16.280,query,69025,11577393058715,com.apple.SafariPlatformSupport,10306160,0.120192125
3,dbeaver,16.534,query,69006,11577306616384,dbeaver,835782720,12.567087208
3,dbeaver,16.534,query,69025,11577393058715,com.apple.SafariPlatformSupport,10306160,0.120192125
3,dbeaver,16.786,query,69006,11577306616384,dbeaver,997673024,13.163672875
3,dbeaver,16.786,query,69025,11577393058715,com.apple.SafariPlatformSupport,10306160,0.120192125
3,dbeaver,17.039,query,69006,11577306616384,dbeaver,914147392,13.920816917
3,dbeaver,17.039,query,69025,11577393058715,com.apple.SafariPlatformSupport,11715184,0.120192125
3,dbeaver,17.294,query,69006,11577306616384,dbeaver,964855872,14.261111750
3,dbeaver,17.294,query,69025,11577393058715,com.apple.SafariPlatformSupport,11715184,0.120192125
3,dbeaver,17.549,query,69006,11577306616384,dbeaver,961431616,14.402957458
3,dbeaver,17.549,query,69025,11577393058715,com.apple.SafariPlatformSupport,11715184,0.120192125
3,dbeaver,17.800,query,69006,11577306616384,dbeaver,921503808,14.423186375
3,dbeaver,17.800,query,69025,11577393058715,com.apple.SafariPlatformSupport,11977328,0.120192125
3,dbeaver,18.055,query,69006,11577306616384,dbeaver,921471040,14.439460000
3,dbeaver,18.055,query,69025,11577393058715,com.apple.SafariPlatformSupport,11977328,0.120192125
3,dbeaver,18.310,query,69006,11577306616384,dbeaver,879003736,14.561647958
3,dbeaver,18.310,query,69025,11577393058715,com.apple.SafariPlatformSupport,11977328,0.120192125
3,dbeaver,18.565,query,69006,11577306616384,dbeaver,736594008,14.678113375
3,dbeaver,18.565,query,69025,11577393058715,com.apple.SafariPlatformSupport,11977328,0.120192125
3,dbeaver,18.820,query,69006,11577306616384,dbeaver,736725080,14.785768000
3,dbeaver,18.820,query,69025,11577393058715,com.apple.SafariPlatformSupport,11977328,0.120192125
3,dbeaver,19.075,query,69006,11577306616384,dbeaver,742574168,14.895880417
3,dbeaver,19.075,query,69025,11577393058715,com.apple.SafariPlatformSupport,11977328,0.120192125
3,dbeaver,19.330,query,69006,11577306616384,dbeaver,742606936,14.980801458
3,dbeaver,19.330,query,69025,11577393058715,com.apple.SafariPlatformSupport,11977328,0.120192125
3,dbeaver,19.585,query,69006,11577306616384,dbeaver,742541400,15.062450583
3,dbeaver,19.585,query,69025,11577393058715,com.apple.SafariPlatformSupport,11977328,0.120192125
3,dbeaver,19.839,query,69006,11577306616384,dbeaver,742574168,15.257765625
3,dbeaver,19.839,query,69025,11577393058715,com.apple.SafariPlatformSupport,11977328,0.120192125
3,dbeaver,20.091,query,69006,11577306616384,dbeaver,742836312,15.368854458
3,dbeaver,20.091,query,69025,11577393058715,com.apple.SafariPlatformSupport,11977328,0.120192125
3,dbeaver,20.346,query,69006,11577306616384,dbeaver,729663576,15.560760208
3,dbeaver,20.346,query,69025,11577393058715,com.apple.SafariPlatformSupport,11977328,0.120192125
3,dbeaver,20.601,query,69006,11577306616384,dbeaver,729712728,15.606446250
3,dbeaver,20.601,query,69025,11577393058715,com.apple.SafariPlatformSupport,11977328,0.120192125
3,dbeaver,20.856,query,69006,11577306616384,dbeaver,729794648,15.681601667
3,dbeaver,20.856,query,69025,11577393058715,com.apple.SafariPlatformSupport,11977328,0.120192125
3,dbeaver,21.111,query,69006,11577306616384,dbeaver,791545944,15.878165208
3,dbeaver,21.111,query,69025,11577393058715,com.apple.SafariPlatformSupport,11977328,0.120192125
3,dbeaver,21.363,query,69006,11577306616384,dbeaver,789481560,15.952950750
3,dbeaver,21.363,query,69025,11577393058715,com.apple.SafariPlatformSupport,12157552,0.120192125
3,dbeaver,21.617,query,69006,11577306616384,dbeaver,785320024,16.015669625
3,dbeaver,21.617,query,69025,11577393058715,com.apple.SafariPlatformSupport,12157552,0.120192125
3,dbeaver,21.873,query,69006,11577306616384,dbeaver,785434712,16.076416167
3,dbeaver,21.873,query,69025,11577393058715,com.apple.SafariPlatformSupport,12157552,0.120192125
3,dbeaver,22.128,query,69006,11577306616384,dbeaver,784189528,16.138158542
3,dbeaver,22.128,query,69025,11577393058715,com.apple.SafariPlatformSupport,12157552,0.120192125
3,dbeaver,22.379,query,69006,11577306616384,dbeaver,735103064,16.176432750
3,dbeaver,22.379,query,69025,11577393058715,com.apple.SafariPlatformSupport,12157552,0.120192125
3,dbeaver,22.634,after-query,69006,11577306616384,dbeaver,735103064,16.193032167
3,dbeaver,22.634,after-query,69025,11577393058715,com.apple.SafariPlatformSupport,12157552,0.120192125
3,dbeaver,22.884,after-query,69006,11577306616384,dbeaver,735053912,16.204142667
3,dbeaver,22.884,after-query,69025,11577393058715,com.apple.SafariPlatformSupport,12157552,0.120192125
3,dbeaver,23.136,after-query,69006,11577306616384,dbeaver,732596312,16.213909625
3,dbeaver,23.136,after-query,69025,11577393058715,com.apple.SafariPlatformSupport,12157552,0.120192125
3,dbeaver,23.391,after-query,69006,11577306616384,dbeaver,721422424,16.239933333
3,dbeaver,23.391,after-query,69025,11577393058715,com.apple.SafariPlatformSupport,12157552,0.120192125
3,dbeaver,23.643,after-query,69006,11577306616384,dbeaver,721487960,16.248895583
3,dbeaver,23.643,after-query,69025,11577393058715,com.apple.SafariPlatformSupport,12157552,0.120192125
3,dbeaver,23.898,after-query,69006,11577306616384,dbeaver,721389656,16.264877083
3,dbeaver,23.898,after-query,69025,11577393058715,com.apple.SafariPlatformSupport,12157552,0.120192125
3,dbeaver,24.154,after-query,69006,11577306616384,dbeaver,721389656,16.271924958
3,dbeaver,24.154,after-query,69025,11577393058715,com.apple.SafariPlatformSupport,12157552,0.120192125
3,dbeaver,24.405,after-query,69006,11577306616384,dbeaver,721389656,16.283194875
3,dbeaver,24.405,after-query,69025,11577393058715,com.apple.SafariPlatformSupport,12157552,0.120192125
3,dbeaver,24.660,after-query,69006,11577306616384,dbeaver,721504344,16.296360292
3,dbeaver,24.660,after-query,69025,11577393058715,com.apple.SafariPlatformSupport,12157552,0.120192125
3,dbeaver,24.915,after-query,69006,11577306616384,dbeaver,721504344,16.303992333
3,dbeaver,24.915,after-query,69025,11577393058715,com.apple.SafariPlatformSupport,12157552,0.120192125
3,dbeaver,25.168,after-query,69006,11577306616384,dbeaver,721537112,16.315339625
3,dbeaver,25.168,after-query,69025,11577393058715,com.apple.SafariPlatformSupport,12157552,0.120192125
3,dbeaver,25.423,after-query,69006,11577306616384,dbeaver,721537112,16.326062375
3,dbeaver,25.423,after-query,69025,11577393058715,com.apple.SafariPlatformSupport,12157552,0.120192125
3,dbeaver,25.678,after-query,69006,11577306616384,dbeaver,721356888,16.335902333
3,dbeaver,25.678,after-query,69025,11577393058715,com.apple.SafariPlatformSupport,12157552,0.120192125
3,dbeaver,25.933,after-query,69006,11577306616384,dbeaver,720980032,16.345258958
3,dbeaver,25.933,after-query,69025,11577393058715,com.apple.SafariPlatformSupport,12157552,0.120192125
3,dbeaver,26.188,after-query,69006,11577306616384,dbeaver,720980032,16.360033458
3,dbeaver,26.188,after-query,69025,11577393058715,com.apple.SafariPlatformSupport,12157552,0.120192125
3,dbeaver,26.444,after-query,69006,11577306616384,dbeaver,720980032,16.371383208
3,dbeaver,26.444,after-query,69025,11577393058715,com.apple.SafariPlatformSupport,12157552,0.120192125
3,dbeaver,26.699,after-query,69006,11577306616384,dbeaver,721012800,16.381372375
3,dbeaver,26.699,after-query,69025,11577393058715,com.apple.SafariPlatformSupport,12157552,0.120192125
3,dbeaver,26.953,after-query,69006,11577306616384,dbeaver,721012800,16.386272292
3,dbeaver,26.953,after-query,69025,11577393058715,com.apple.SafariPlatformSupport,12157552,0.120192125
