run,app,t_seconds,phase,pid,start_mach_ticks,name,footprint_bytes,cpu_seconds
1,pgpad,0.254,launch,61908,11516241093308,pgpad-tauri,17236928,0.128447250
1,pgpad,0.506,settle,61908,11516241093308,pgpad-tauri,30098440,0.307384167
1,pgpad,0.506,settle,61911,11516246603106,com.apple.WebKit.Networking,6390264,0.022191792
1,pgpad,0.506,settle,61910,11516246202227,com.apple.WebKit.GPU,5636648,0.030195000
1,pgpad,0.506,settle,61912,11516246673644,com.apple.WebKit.WebContent,5177824,0.031284833
1,pgpad,0.757,settle,61908,11516241093308,pgpad-tauri,30376992,0.359367208
1,pgpad,0.757,settle,61911,11516246603106,com.apple.WebKit.Networking,6816272,0.028147833
1,pgpad,0.757,settle,61912,11516246673644,com.apple.WebKit.WebContent,6341160,0.062767708
1,pgpad,0.757,settle,61910,11516246202227,com.apple.WebKit.GPU,5603880,0.030267083
1,pgpad,1.012,settle,61912,11516246673644,com.apple.WebKit.WebContent,146309816,0.262357958
1,pgpad,1.012,settle,61908,11516241093308,pgpad-tauri,33522768,0.383924833
1,pgpad,1.012,settle,61910,11516246202227,com.apple.WebKit.GPU,33129240,0.095630125
1,pgpad,1.012,settle,61911,11516246603106,com.apple.WebKit.Networking,6652432,0.029649292
1,pgpad,1.012,settle,61915,11516261737825,com.apple.audio.SandboxHelper,5505528,0.021350250
1,pgpad,1.263,settle,61912,11516246673644,com.apple.WebKit.WebContent,145752760,0.262976792
1,pgpad,1.263,settle,61908,11516241093308,pgpad-tauri,33342544,0.384975625
1,pgpad,1.263,settle,61910,11516246202227,com.apple.WebKit.GPU,33129240,0.095710417
1,pgpad,1.263,settle,61911,11516246603106,com.apple.WebKit.Networking,6652432,0.029761958
1,pgpad,1.263,settle,61915,11516261737825,com.apple.audio.SandboxHelper,5505528,0.021350250
1,pgpad,1.515,settle,61912,11516246673644,com.apple.WebKit.WebContent,142131896,0.265939167
1,pgpad,1.515,settle,61908,11516241093308,pgpad-tauri,33162320,0.387383125
1,pgpad,1.515,settle,61910,11516246202227,com.apple.WebKit.GPU,33080088,0.096331750
1,pgpad,1.515,settle,61911,11516246603106,com.apple.WebKit.Networking,6062608,0.030323500
1,pgpad,1.515,settle,61915,11516261737825,com.apple.audio.SandboxHelper,5505528,0.021350250
1,pgpad,1.770,settle,61912,11516246673644,com.apple.WebKit.WebContent,138429112,0.282149417
1,pgpad,1.770,settle,61910,11516246202227,com.apple.WebKit.GPU,32981784,0.097033375
1,pgpad,1.770,settle,61908,11516241093308,pgpad-tauri,32687184,0.388337625
1,pgpad,1.770,settle,61911,11516246603106,com.apple.WebKit.Networking,6029840,0.030639625
1,pgpad,1.770,settle,61915,11516261737825,com.apple.audio.SandboxHelper,5505528,0.021350250
1,pgpad,2.023,settle,61912,11516246673644,com.apple.WebKit.WebContent,138150584,0.287557750
1,pgpad,2.023,settle,61910,11516246202227,com.apple.WebKit.GPU,32850712,0.097558458
1,pgpad,2.023,settle,61908,11516241093308,pgpad-tauri,32687184,0.389626167
1,pgpad,2.023,settle,61911,11516246603106,com.apple.WebKit.Networking,6029840,0.030957833
1,pgpad,2.023,settle,61915,11516261737825,com.apple.audio.SandboxHelper,5489144,0.021613958
1,pgpad,2.273,settle,61912,11516246673644,com.apple.WebKit.WebContent,96993976,0.288971708
1,pgpad,2.273,settle,61908,11516241093308,pgpad-tauri,31687760,0.390140000
1,pgpad,2.273,settle,61910,11516246202227,com.apple.WebKit.GPU,16532248,0.099672000
1,pgpad,2.273,settle,61911,11516246603106,com.apple.WebKit.Networking,5833232,0.031415667
1,pgpad,2.273,settle,61915,11516261737825,com.apple.audio.SandboxHelper,5489144,0.021613958
1,pgpad,2.529,settle,61912,11516246673644,com.apple.WebKit.WebContent,96731832,0.289600250
1,pgpad,2.529,settle,61908,11516241093308,pgpad-tauri,31442000,0.390488000
1,pgpad,2.529,settle,61910,11516246202227,com.apple.WebKit.GPU,16122648,0.099986667
1,pgpad,2.529,settle,61911,11516246603106,com.apple.WebKit.Networking,5816848,0.031703083
1,pgpad,2.529,settle,61915,11516261737825,com.apple.audio.SandboxHelper,5489144,0.021613958
1,pgpad,2.783,settle,61912,11516246673644,com.apple.WebKit.WebContent,96567992,0.290333417
1,pgpad,2.783,settle,61908,11516241093308,pgpad-tauri,31442000,0.390488000
1,pgpad,2.783,settle,61910,11516246202227,com.apple.WebKit.GPU,16106264,0.100248833
1,pgpad,2.783,settle,61911,11516246603106,com.apple.WebKit.Networking,5816848,0.031748917
1,pgpad,2.783,settle,61915,11516261737825,com.apple.audio.SandboxHelper,5489144,0.021613958
1,pgpad,3.038,settle,61912,11516246673644,com.apple.WebKit.WebContent,96567992,0.291016458
1,pgpad,3.038,settle,61908,11516241093308,pgpad-tauri,31442000,0.390488000
1,pgpad,3.038,settle,61910,11516246202227,com.apple.WebKit.GPU,16106264,0.100420000
1,pgpad,3.038,settle,61911,11516246603106,com.apple.WebKit.Networking,5816848,0.031748917
1,pgpad,3.038,settle,61915,11516261737825,com.apple.audio.SandboxHelper,5489144,0.021613958
1,pgpad,3.294,settle,61912,11516246673644,com.apple.WebKit.WebContent,96535224,0.291614208
1,pgpad,3.294,settle,61908,11516241093308,pgpad-tauri,31442000,0.390542208
1,pgpad,3.294,settle,61910,11516246202227,com.apple.WebKit.GPU,16073496,0.100715667
1,pgpad,3.294,settle,61911,11516246603106,com.apple.WebKit.Networking,5816848,0.031748917
1,pgpad,3.294,settle,61915,11516261737825,com.apple.audio.SandboxHelper,5489144,0.021613958
1,pgpad,3.551,settle,61912,11516246673644,com.apple.WebKit.WebContent,96518840,0.291924458
1,pgpad,3.551,settle,61908,11516241093308,pgpad-tauri,31442000,0.390542208
1,pgpad,3.551,settle,61910,11516246202227,com.apple.WebKit.GPU,16057112,0.100888458
1,pgpad,3.551,settle,61911,11516246603106,com.apple.WebKit.Networking,5816848,0.031748917
1,pgpad,3.551,settle,61915,11516261737825,com.apple.audio.SandboxHelper,5489144,0.021613958
1,pgpad,3.806,settle,61912,11516246673644,com.apple.WebKit.WebContent,96518840,0.291924458
1,pgpad,3.806,settle,61908,11516241093308,pgpad-tauri,31442000,0.390842375
1,pgpad,3.806,settle,61910,11516246202227,com.apple.WebKit.GPU,16057112,0.101003083
1,pgpad,3.806,settle,61911,11516246603106,com.apple.WebKit.Networking,5816848,0.031748917
1,pgpad,3.806,settle,61915,11516261737825,com.apple.audio.SandboxHelper,5489144,0.021613958
1,pgpad,4.057,settle,61912,11516246673644,com.apple.WebKit.WebContent,96518840,0.291981667
1,pgpad,4.057,settle,61908,11516241093308,pgpad-tauri,31442000,0.391116500
1,pgpad,4.057,settle,61910,11516246202227,com.apple.WebKit.GPU,16057112,0.101003083
1,pgpad,4.057,settle,61911,11516246603106,com.apple.WebKit.Networking,5816848,0.031748917
1,pgpad,4.057,settle,61915,11516261737825,com.apple.audio.SandboxHelper,5489144,0.021613958
1,pgpad,4.310,settle,61912,11516246673644,com.apple.WebKit.WebContent,96518840,0.291981667
1,pgpad,4.310,settle,61908,11516241093308,pgpad-tauri,31442000,0.391285333
1,pgpad,4.310,settle,61910,11516246202227,com.apple.WebKit.GPU,16057112,0.101003083
1,pgpad,4.310,settle,61911,11516246603106,com.apple.WebKit.Networking,5816848,0.031748917
1,pgpad,4.310,settle,61915,11516261737825,com.apple.audio.SandboxHelper,5489144,0.021613958
1,pgpad,4.564,settle,61912,11516246673644,com.apple.WebKit.WebContent,96518840,0.291981667
1,pgpad,4.564,settle,61908,11516241093308,pgpad-tauri,31442000,0.391588500
1,pgpad,4.564,settle,61910,11516246202227,com.apple.WebKit.GPU,16057112,0.101003083
1,pgpad,4.564,settle,61911,11516246603106,com.apple.WebKit.Networking,5816848,0.031748917
1,pgpad,4.564,settle,61915,11516261737825,com.apple.audio.SandboxHelper,5489144,0.021613958
1,pgpad,4.819,settle,61912,11516246673644,com.apple.WebKit.WebContent,96518840,0.291981667
1,pgpad,4.819,settle,61908,11516241093308,pgpad-tauri,31442000,0.391588500
1,pgpad,4.819,settle,61910,11516246202227,com.apple.WebKit.GPU,16057112,0.101003083
1,pgpad,4.819,settle,61911,11516246603106,com.apple.WebKit.Networking,5816848,0.031748917
1,pgpad,4.819,settle,61915,11516261737825,com.apple.audio.SandboxHelper,5489144,0.021613958
1,pgpad,5.072,settle,61912,11516246673644,com.apple.WebKit.WebContent,96518840,0.291981667
1,pgpad,5.072,settle,61908,11516241093308,pgpad-tauri,31442000,0.391588500
1,pgpad,5.072,settle,61910,11516246202227,com.apple.WebKit.GPU,16057112,0.101003083
1,pgpad,5.072,settle,61911,11516246603106,com.apple.WebKit.Networking,5816848,0.031748917
1,pgpad,5.072,settle,61915,11516261737825,com.apple.audio.SandboxHelper,5489144,0.021613958
1,pgpad,5.327,settle,61912,11516246673644,com.apple.WebKit.WebContent,96518840,0.291981667
1,pgpad,5.327,settle,61908,11516241093308,pgpad-tauri,31294544,0.392461958
1,pgpad,5.327,settle,61910,11516246202227,com.apple.WebKit.GPU,16057112,0.101003083
1,pgpad,5.327,settle,61911,11516246603106,com.apple.WebKit.Networking,5816848,0.031748917
1,pgpad,5.327,settle,61915,11516261737825,com.apple.audio.SandboxHelper,5489144,0.021613958
1,pgpad,5.582,query,61912,11516246673644,com.apple.WebKit.WebContent,96518840,0.291981667
1,pgpad,5.582,query,61908,11516241093308,pgpad-tauri,31294544,0.393264542
1,pgpad,5.582,query,61910,11516246202227,com.apple.WebKit.GPU,16057112,0.101033708
1,pgpad,5.582,query,61911,11516246603106,com.apple.WebKit.Networking,5816848,0.035326333
1,pgpad,5.582,query,61915,11516261737825,com.apple.audio.SandboxHelper,5489144,0.021613958
1,pgpad,5.836,query,61912,11516246673644,com.apple.WebKit.WebContent,96518840,0.292132125
1,pgpad,5.836,query,61908,11516241093308,pgpad-tauri,31294544,0.393264542
1,pgpad,5.836,query,61910,11516246202227,com.apple.WebKit.GPU,16057112,0.101033708
1,pgpad,5.836,query,61911,11516246603106,com.apple.WebKit.Networking,5767696,0.035510208
1,pgpad,5.836,query,61915,11516261737825,com.apple.audio.SandboxHelper,5489144,0.021613958
1,pgpad,6.091,query,61912,11516246673644,com.apple.WebKit.WebContent,96518840,0.292315125
1,pgpad,6.091,query,61908,11516241093308,pgpad-tauri,31294544,0.393264542
1,pgpad,6.091,query,61910,11516246202227,com.apple.WebKit.GPU,16057112,0.101033708
1,pgpad,6.091,query,61911,11516246603106,com.apple.WebKit.Networking,5734928,0.035883792
1,pgpad,6.091,query,61915,11516261737825,com.apple.audio.SandboxHelper,5489144,0.021613958
1,pgpad,6.346,query,61912,11516246673644,com.apple.WebKit.WebContent,96469688,0.292453000
1,pgpad,6.346,query,61908,11516241093308,pgpad-tauri,31294544,0.393264542
1,pgpad,6.346,query,61910,11516246202227,com.apple.WebKit.GPU,16057112,0.101033708
1,pgpad,6.346,query,61911,11516246603106,com.apple.WebKit.Networking,5734928,0.036008333
1,pgpad,6.346,query,61915,11516261737825,com.apple.audio.SandboxHelper,5456376,0.021693333
1,pgpad,6.599,query,61912,11516246673644,com.apple.WebKit.WebContent,96469688,0.292453000
1,pgpad,6.599,query,61908,11516241093308,pgpad-tauri,31294544,0.393697583
1,pgpad,6.599,query,61910,11516246202227,com.apple.WebKit.GPU,16057112,0.101033708
1,pgpad,6.599,query,61911,11516246603106,com.apple.WebKit.Networking,5702160,0.036396125
1,pgpad,6.599,query,61915,11516261737825,com.apple.audio.SandboxHelper,5456376,0.021693333
1,pgpad,6.854,query,61912,11516246673644,com.apple.WebKit.WebContent,96420536,0.292599583
1,pgpad,6.854,query,61908,11516241093308,pgpad-tauri,31294544,0.393697583
1,pgpad,6.854,query,61910,11516246202227,com.apple.WebKit.GPU,16057112,0.101033708
1,pgpad,6.854,query,61911,11516246603106,com.apple.WebKit.Networking,5702160,0.036599708
1,pgpad,6.854,query,61915,11516261737825,com.apple.audio.SandboxHelper,5456376,0.021693333
1,pgpad,7.109,query,61912,11516246673644,com.apple.WebKit.WebContent,96420536,0.292659417
1,pgpad,7.109,query,61908,11516241093308,pgpad-tauri,31294544,0.393697583
1,pgpad,7.109,query,61910,11516246202227,com.apple.WebKit.GPU,16057112,0.101033708
1,pgpad,7.109,query,61911,11516246603106,com.apple.WebKit.Networking,5702160,0.036599708
1,pgpad,7.109,query,61915,11516261737825,com.apple.audio.SandboxHelper,5456376,0.021693333
1,pgpad,7.364,query,61912,11516246673644,com.apple.WebKit.WebContent,96420536,0.292659417
1,pgpad,7.364,query,61908,11516241093308,pgpad-tauri,31294544,0.393697583
1,pgpad,7.364,query,61910,11516246202227,com.apple.WebKit.GPU,16007960,0.101163083
1,pgpad,7.364,query,61911,11516246603106,com.apple.WebKit.Networking,5702160,0.036599708
1,pgpad,7.364,query,61915,11516261737825,com.apple.audio.SandboxHelper,5456376,0.021693333
1,pgpad,7.619,query,61912,11516246673644,com.apple.WebKit.WebContent,96420536,0.292659417
1,pgpad,7.619,query,61908,11516241093308,pgpad-tauri,31294544,0.393697583
1,pgpad,7.619,query,61910,11516246202227,com.apple.WebKit.GPU,16007960,0.101163083
1,pgpad,7.619,query,61911,11516246603106,com.apple.WebKit.Networking,5702160,0.036599708
1,pgpad,7.619,query,61915,11516261737825,com.apple.audio.SandboxHelper,5456376,0.021693333
1,pgpad,7.874,query,61912,11516246673644,com.apple.WebKit.WebContent,96420536,0.292659417
1,pgpad,7.874,query,61908,11516241093308,pgpad-tauri,31294544,0.394044500
1,pgpad,7.874,query,61910,11516246202227,com.apple.WebKit.GPU,16007960,0.101163083
1,pgpad,7.874,query,61911,11516246603106,com.apple.WebKit.Networking,5702160,0.036599708
1,pgpad,7.874,query,61915,11516261737825,com.apple.audio.SandboxHelper,5456376,0.021693333
1,pgpad,8.127,query,61912,11516246673644,com.apple.WebKit.WebContent,96420536,0.292659417
1,pgpad,8.127,query,61908,11516241093308,pgpad-tauri,31294544,0.394044500
1,pgpad,8.127,query,61910,11516246202227,com.apple.WebKit.GPU,16007960,0.101163083
1,pgpad,8.127,query,61911,11516246603106,com.apple.WebKit.Networking,5702160,0.036599708
1,pgpad,8.127,query,61915,11516261737825,com.apple.audio.SandboxHelper,5456376,0.021693333
1,pgpad,8.381,query,61912,11516246673644,com.apple.WebKit.WebContent,96420536,0.292659417
1,pgpad,8.381,query,61908,11516241093308,pgpad-tauri,31294544,0.394044500
1,pgpad,8.381,query,61910,11516246202227,com.apple.WebKit.GPU,16007960,0.101163083
1,pgpad,8.381,query,61911,11516246603106,com.apple.WebKit.Networking,5702160,0.036599708
1,pgpad,8.381,query,61915,11516261737825,com.apple.audio.SandboxHelper,5456376,0.021693333
1,pgpad,8.636,query,61912,11516246673644,com.apple.WebKit.WebContent,96420536,0.292659417
1,pgpad,8.636,query,61908,11516241093308,pgpad-tauri,31294544,0.394044500
1,pgpad,8.636,query,61910,11516246202227,com.apple.WebKit.GPU,16007960,0.101213667
1,pgpad,8.636,query,61911,11516246603106,com.apple.WebKit.Networking,5702160,0.036599708
1,pgpad,8.636,query,61915,11516261737825,com.apple.audio.SandboxHelper,5456376,0.021693333
1,pgpad,8.891,query,61912,11516246673644,com.apple.WebKit.WebContent,96338616,0.293898833
1,pgpad,8.891,query,61908,11516241093308,pgpad-tauri,31278160,0.398317833
1,pgpad,8.891,query,61910,11516246202227,com.apple.WebKit.GPU,16007960,0.101213667
1,pgpad,8.891,query,61911,11516246603106,com.apple.WebKit.Networking,5702160,0.036599708
1,pgpad,8.891,query,61915,11516261737825,com.apple.audio.SandboxHelper,5456376,0.021693333
1,pgpad,9.142,query,61912,11516246673644,com.apple.WebKit.WebContent,96420536,0.301363167
1,pgpad,9.142,query,61908,11516241093308,pgpad-tauri,31327312,0.402692917
1,pgpad,9.142,query,61910,11516246202227,com.apple.WebKit.GPU,16007960,0.101213667
1,pgpad,9.142,query,61911,11516246603106,com.apple.WebKit.Networking,5702160,0.036599708
1,pgpad,9.142,query,61915,11516261737825,com.apple.audio.SandboxHelper,5456376,0.021693333
1,pgpad,9.394,query,61912,11516246673644,com.apple.WebKit.WebContent,96420536,0.301848750
1,pgpad,9.394,query,61908,11516241093308,pgpad-tauri,31327312,0.403556375
1,pgpad,9.394,query,61910,11516246202227,com.apple.WebKit.GPU,16007960,0.101213667
1,pgpad,9.394,query,61911,11516246603106,com.apple.WebKit.Networking,5702160,0.036599708
1,pgpad,9.394,query,61915,11516261737825,com.apple.audio.SandboxHelper,5456376,0.021693333
1,pgpad,9.649,query,61912,11516246673644,com.apple.WebKit.WebContent,96420536,0.302184208
1,pgpad,9.649,query,61908,11516241093308,pgpad-tauri,31327312,0.403795292
1,pgpad,9.649,query,61910,11516246202227,com.apple.WebKit.GPU,16007960,0.101213667
1,pgpad,9.649,query,61911,11516246603106,com.apple.WebKit.Networking,5702160,0.036599708
1,pgpad,9.649,query,61915,11516261737825,com.apple.audio.SandboxHelper,5456376,0.021693333
1,pgpad,9.902,query,61912,11516246673644,com.apple.WebKit.WebContent,96420536,0.302558667
1,pgpad,9.902,query,61908,11516241093308,pgpad-tauri,31327312,0.404015583
1,pgpad,9.902,query,61910,11516246202227,com.apple.WebKit.GPU,16007960,0.101213667
1,pgpad,9.902,query,61911,11516246603106,com.apple.WebKit.Networking,5702160,0.036599708
1,pgpad,9.902,query,61915,11516261737825,com.apple.audio.SandboxHelper,5456376,0.021693333
1,pgpad,10.157,query,61912,11516246673644,com.apple.WebKit.WebContent,96420536,0.302766042
1,pgpad,10.157,query,61908,11516241093308,pgpad-tauri,31327312,0.404156708
1,pgpad,10.157,query,61910,11516246202227,com.apple.WebKit.GPU,16007960,0.101213667
1,pgpad,10.157,query,61911,11516246603106,com.apple.WebKit.Networking,5702160,0.036599708
1,pgpad,10.157,query,61915,11516261737825,com.apple.audio.SandboxHelper,5456376,0.021693333
1,pgpad,10.409,query,61912,11516246673644,com.apple.WebKit.WebContent,96420536,0.303025208
1,pgpad,10.409,query,61908,11516241093308,pgpad-tauri,31327312,0.404380792
1,pgpad,10.409,query,61910,11516246202227,com.apple.WebKit.GPU,16007960,0.101213667
1,pgpad,10.409,query,61911,11516246603106,com.apple.WebKit.Networking,5702160,0.036599708
1,pgpad,10.409,query,61915,11516261737825,com.apple.audio.SandboxHelper,5456376,0.021693333
1,pgpad,10.661,query,61912,11516246673644,com.apple.WebKit.WebContent,147702456,0.313853375
1,pgpad,10.661,query,61910,11516246202227,com.apple.WebKit.GPU,41124680,0.113110250
1,pgpad,10.661,query,61908,11516241093308,pgpad-tauri,31343696,0.412166792
1,pgpad,10.661,query,61911,11516246603106,com.apple.WebKit.Networking,5653008,0.037665625
1,pgpad,10.661,query,61915,11516261737825,com.apple.audio.SandboxHelper,5456376,0.021693333
1,pgpad,10.916,query,61912,11516246673644,com.apple.WebKit.WebContent,199803576,0.379217458
1,pgpad,10.916,query,61910,11516246202227,com.apple.WebKit.GPU,46154640,0.154000583
1,pgpad,10.916,query,61908,11516241093308,pgpad-tauri,31802448,0.440369708
1,pgpad,10.916,query,61911,11516246603106,com.apple.WebKit.Networking,5653008,0.037757292
1,pgpad,10.916,query,61915,11516261737825,com.apple.audio.SandboxHelper,5456376,0.021693333
1,pgpad,11.172,query,61912,11516246673644,com.apple.WebKit.WebContent,199672504,0.380859625
1,pgpad,11.172,query,61910,11516246202227,com.apple.WebKit.GPU,46154640,0.154259875
1,pgpad,11.172,query,61908,11516241093308,pgpad-tauri,31786064,0.441277417
1,pgpad,11.172,query,61911,11516246603106,com.apple.WebKit.Networking,5653008,0.037899208
1,pgpad,11.172,query,61915,11516261737825,com.apple.audio.SandboxHelper,5456376,0.021693333
1,pgpad,11.427,query,61912,11516246673644,com.apple.WebKit.WebContent,199672504,0.382999458
1,pgpad,11.427,query,61910,11516246202227,com.apple.WebKit.GPU,45630352,0.155887500
1,pgpad,11.427,query,61908,11516241093308,pgpad-tauri,31786064,0.443207708
1,pgpad,11.427,query,61911,11516246603106,com.apple.WebKit.Networking,5603856,0.038166083
1,pgpad,11.427,query,61915,11516261737825,com.apple.audio.SandboxHelper,5456376,0.021693333
1,pgpad,11.682,query,61912,11516246673644,com.apple.WebKit.WebContent,199492280,0.384486583
1,pgpad,11.682,query,61910,11516246202227,com.apple.WebKit.GPU,45630352,0.156481292
1,pgpad,11.682,query,61908,11516241093308,pgpad-tauri,31769680,0.443791500
1,pgpad,11.682,query,61911,11516246603106,com.apple.WebKit.Networking,5603856,0.038324625
1,pgpad,11.682,query,61915,11516261737825,com.apple.audio.SandboxHelper,5456376,0.021693333
1,pgpad,11.935,query,61912,11516246673644,com.apple.WebKit.WebContent,149258936,0.417531667
1,pgpad,11.935,query,61910,11516246202227,com.apple.WebKit.GPU,46908304,0.167966458
1,pgpad,11.935,query,61908,11516241093308,pgpad-tauri,31802448,0.448753458
1,pgpad,11.935,query,61911,11516246603106,com.apple.WebKit.Networking,5603856,0.038577833
1,pgpad,11.935,query,61915,11516261737825,com.apple.audio.SandboxHelper,5456376,0.021693333
1,pgpad,12.190,query,61912,11516246673644,com.apple.WebKit.WebContent,149258936,0.429494500
1,pgpad,12.190,query,61910,11516246202227,com.apple.WebKit.GPU,46875536,0.168519333
1,pgpad,12.190,query,61908,11516241093308,pgpad-tauri,32048208,0.471695583
1,pgpad,12.190,query,61969,11516529453890,com.apple.SafariPlatformSupport,8946288,0.098653542
1,pgpad,12.190,query,61911,11516246603106,com.apple.WebKit.Networking,5603856,0.038630833
1,pgpad,12.190,query,61915,11516261737825,com.apple.audio.SandboxHelper,5456376,0.021693333
1,pgpad,12.441,query,61912,11516246673644,com.apple.WebKit.WebContent,162185912,0.438272292
1,pgpad,12.441,query,61910,11516246202227,com.apple.WebKit.GPU,46384016,0.170292167
1,pgpad,12.441,query,61908,11516241093308,pgpad-tauri,32621648,0.487946083
1,pgpad,12.441,query,61969,11516529453890,com.apple.SafariPlatformSupport,9683568,0.112577958
1,pgpad,12.441,query,61911,11516246603106,com.apple.WebKit.Networking,5603856,0.038630833
1,pgpad,12.441,query,61915,11516261737825,com.apple.audio.SandboxHelper,5456376,0.021693333
1,pgpad,12.696,query,61912,11516246673644,com.apple.WebKit.WebContent,162185912,0.439644167
1,pgpad,12.696,query,61910,11516246202227,com.apple.WebKit.GPU,46384016,0.170638500
1,pgpad,12.696,query,61908,11516241093308,pgpad-tauri,32572496,0.488636000
1,pgpad,12.696,query,61969,11516529453890,com.apple.SafariPlatformSupport,9683568,0.112874542
1,pgpad,12.696,query,61911,11516246603106,com.apple.WebKit.Networking,5603856,0.038630833
1,pgpad,12.696,query,61915,11516261737825,com.apple.audio.SandboxHelper,5456376,0.021693333
1,pgpad,12.948,query,61912,11516246673644,com.apple.WebKit.WebContent,163054264,0.462424042
1,pgpad,12.948,query,61910,11516246202227,com.apple.WebKit.GPU,55149480,0.177313375
1,pgpad,12.948,query,61908,11516241093308,pgpad-tauri,32801872,0.506686250
1,pgpad,12.948,query,61969,11516529453890,com.apple.SafariPlatformSupport,9683568,0.112874542
1,pgpad,12.948,query,61911,11516246603106,com.apple.WebKit.Networking,5603856,0.038630833
1,pgpad,12.948,query,61915,11516261737825,com.apple.audio.SandboxHelper,5456376,0.021693333
1,pgpad,13.199,query,61912,11516246673644,com.apple.WebKit.WebContent,163054264,0.464113750
1,pgpad,13.199,query,61910,11516246202227,com.apple.WebKit.GPU,55149480,0.177740292
1,pgpad,13.199,query,61908,11516241093308,pgpad-tauri,32785488,0.507471625
1,pgpad,13.199,query,61969,11516529453890,com.apple.SafariPlatformSupport,9683568,0.112874542
1,pgpad,13.199,query,61911,11516246603106,com.apple.WebKit.Networking,5603856,0.038630833
1,pgpad,13.199,query,61915,11516261737825,com.apple.audio.SandboxHelper,5456376,0.021693333
1,pgpad,13.454,query,61912,11516246673644,com.apple.WebKit.WebContent,162087608,0.474673250
1,pgpad,13.454,query,61910,11516246202227,com.apple.WebKit.GPU,54592424,0.183495792
1,pgpad,13.454,query,61908,11516241093308,pgpad-tauri,32834640,0.514208125
1,pgpad,13.454,query,61969,11516529453890,com.apple.SafariPlatformSupport,9683568,0.113035125
1,pgpad,13.454,query,61911,11516246603106,com.apple.WebKit.Networking,5603856,0.038630833
1,pgpad,13.454,query,61915,11516261737825,com.apple.audio.SandboxHelper,5456376,0.021693333
1,pgpad,13.708,query,61912,11516246673644,com.apple.WebKit.WebContent,162202296,0.494020292
1,pgpad,13.708,query,61910,11516246202227,com.apple.WebKit.GPU,54576040,0.185088042
1,pgpad,13.708,query,61908,11516241093308,pgpad-tauri,32834640,0.521969708
1,pgpad,13.708,query,61969,11516529453890,com.apple.SafariPlatformSupport,9683568,0.113035125
1,pgpad,13.708,query,61911,11516246603106,com.apple.WebKit.Networking,5603856,0.039528125
1,pgpad,13.708,query,61915,11516261737825,com.apple.audio.SandboxHelper,5456376,0.021693333
1,pgpad,13.963,query,61912,11516246673644,com.apple.WebKit.WebContent,123896504,0.495682458
1,pgpad,13.963,query,61910,11516246202227,com.apple.WebKit.GPU,51397544,0.186686708
1,pgpad,13.963,query,61908,11516241093308,pgpad-tauri,32818256,0.522892292
1,pgpad,13.963,query,61969,11516529453890,com.apple.SafariPlatformSupport,9683568,0.113035125
1,pgpad,13.963,query,61911,11516246603106,com.apple.WebKit.Networking,5603856,0.039677583
1,pgpad,13.963,query,61915,11516261737825,com.apple.audio.SandboxHelper,5456376,0.021693333
1,pgpad,14.219,query,61912,11516246673644,com.apple.WebKit.WebContent,123830968,0.498208542
1,pgpad,14.219,query,61910,11516246202227,com.apple.WebKit.GPU,51397544,0.187327917
1,pgpad,14.219,query,61908,11516241093308,pgpad-tauri,32785488,0.524017708
1,pgpad,14.219,query,61969,11516529453890,com.apple.SafariPlatformSupport,9683568,0.113152958
1,pgpad,14.219,query,61911,11516246603106,com.apple.WebKit.Networking,5603856,0.039795542
1,pgpad,14.219,query,61915,11516261737825,com.apple.audio.SandboxHelper,5456376,0.021693333
1,pgpad,14.473,query,61912,11516246673644,com.apple.WebKit.WebContent,246809320,0.749813333
1,pgpad,14.473,query,61910,11516246202227,com.apple.WebKit.GPU,61309912,0.223491792
1,pgpad,14.473,query,61908,11516241093308,pgpad-tauri,34833512,0.566475958
1,pgpad,14.473,query,61969,11516529453890,com.apple.SafariPlatformSupport,9683568,0.113180500
1,pgpad,14.473,query,61911,11516246603106,com.apple.WebKit.Networking,5620240,0.040229750
1,pgpad,14.473,query,61915,11516261737825,com.apple.audio.SandboxHelper,5456376,0.021693333
1,pgpad,14.724,query,61912,11516246673644,com.apple.WebKit.WebContent,246727400,0.750909667
1,pgpad,14.724,query,61910,11516246202227,com.apple.WebKit.GPU,48694232,0.224348167
1,pgpad,14.724,query,61908,11516241093308,pgpad-tauri,34817128,0.567174125
1,pgpad,14.724,query,61969,11516529453890,com.apple.SafariPlatformSupport,9683568,0.113180500
1,pgpad,14.724,query,61911,11516246603106,com.apple.WebKit.Networking,5620240,0.040462917
1,pgpad,14.724,query,61915,11516261737825,com.apple.audio.SandboxHelper,5456376,0.021693333
1,pgpad,14.978,query,61912,11516246673644,com.apple.WebKit.WebContent,244826856,0.758218167
1,pgpad,14.978,query,61910,11516246202227,com.apple.WebKit.GPU,48661464,0.225189042
1,pgpad,14.978,query,61908,11516241093308,pgpad-tauri,34817128,0.570584167
1,pgpad,14.978,query,61969,11516529453890,com.apple.SafariPlatformSupport,9683568,0.113180500
1,pgpad,14.978,query,61911,11516246603106,com.apple.WebKit.Networking,5620240,0.040714292
1,pgpad,14.978,query,61915,11516261737825,com.apple.audio.SandboxHelper,5456376,0.021693333
1,pgpad,15.232,query,61912,11516246673644,com.apple.WebKit.WebContent,244433640,0.759595750
1,pgpad,15.232,query,61910,11516246202227,com.apple.WebKit.GPU,48661464,0.230900083
1,pgpad,15.232,query,61908,11516241093308,pgpad-tauri,34800744,0.571038833
1,pgpad,15.232,query,61969,11516529453890,com.apple.SafariPlatformSupport,9683568,0.113180500
1,pgpad,15.232,query,61911,11516246603106,com.apple.WebKit.Networking,5620240,0.040793750
1,pgpad,15.232,query,61915,11516261737825,com.apple.audio.SandboxHelper,5456376,0.021693333
1,pgpad,15.487,query,61912,11516246673644,com.apple.WebKit.WebContent,243319528,0.767290792
1,pgpad,15.487,query,61910,11516246202227,com.apple.WebKit.GPU,48579544,0.232726500
1,pgpad,15.487,query,61908,11516241093308,pgpad-tauri,34817128,0.574308708
1,pgpad,15.487,query,61969,11516529453890,com.apple.SafariPlatformSupport,9683568,0.113180500
1,pgpad,15.487,query,61911,11516246603106,com.apple.WebKit.Networking,5620240,0.040793750
1,pgpad,15.487,query,61915,11516261737825,com.apple.audio.SandboxHelper,5456376,0.021693333
1,pgpad,15.739,query,61912,11516246673644,com.apple.WebKit.WebContent,178438888,0.770208958
1,pgpad,15.739,query,61908,11516241093308,pgpad-tauri,34784360,0.575282958
1,pgpad,15.739,query,61910,11516246202227,com.apple.WebKit.GPU,22889432,0.233575750
1,pgpad,15.739,query,61969,11516529453890,com.apple.SafariPlatformSupport,9683568,0.113180500
1,pgpad,15.739,query,61911,11516246603106,com.apple.WebKit.Networking,5620240,0.040793750
1,pgpad,15.739,query,61915,11516261737825,com.apple.audio.SandboxHelper,5456376,0.021693333
1,pgpad,15.990,query,61912,11516246673644,com.apple.WebKit.WebContent,178438888,0.770977708
1,pgpad,15.990,query,61908,11516241093308,pgpad-tauri,34784360,0.575516500
1,pgpad,15.990,query,61910,11516246202227,com.apple.WebKit.GPU,22889432,0.234041375
1,pgpad,15.990,query,61969,11516529453890,com.apple.SafariPlatformSupport,9683568,0.113180500
1,pgpad,15.990,query,61911,11516246603106,com.apple.WebKit.Networking,5620240,0.040793750
1,pgpad,15.990,query,61915,11516261737825,com.apple.audio.SandboxHelper,5456376,0.021693333
1,pgpad,16.245,query,61912,11516246673644,com.apple.WebKit.WebContent,178356968,0.779365917
1,pgpad,16.245,query,61908,11516241093308,pgpad-tauri,34767976,0.579949083
1,pgpad,16.245,query,61910,11516246202227,com.apple.WebKit.GPU,22889432,0.234756125
1,pgpad,16.245,query,61969,11516529453890,com.apple.SafariPlatformSupport,9683568,0.113180500
1,pgpad,16.245,query,61911,11516246603106,com.apple.WebKit.Networking,5620240,0.040793750
1,pgpad,16.245,query,61915,11516261737825,com.apple.audio.SandboxHelper,5456376,0.021693333
1,pgpad,16.500,query,61912,11516246673644,com.apple.WebKit.WebContent,278020840,0.829064958
1,pgpad,16.500,query,61910,11516246202227,com.apple.WebKit.GPU,53904368,0.272070708
1,pgpad,16.500,query,61908,11516241093308,pgpad-tauri,34800744,0.589555375
1,pgpad,16.500,query,61969,11516529453890,com.apple.SafariPlatformSupport,9683568,0.113370833
1,pgpad,16.500,query,61911,11516246603106,com.apple.WebKit.Networking,5620240,0.040793750
1,pgpad,16.500,query,61915,11516261737825,com.apple.audio.SandboxHelper,5456376,0.021693333
1,pgpad,16.755,query,61912,11516246673644,com.apple.WebKit.WebContent,278004456,0.836076917
1,pgpad,16.755,query,61910,11516246202227,com.apple.WebKit.GPU,54281200,0.275032542
1,pgpad,16.755,query,61908,11516241093308,pgpad-tauri,34784360,0.593710167
1,pgpad,16.755,query,61969,11516529453890,com.apple.SafariPlatformSupport,9683568,0.113370833
1,pgpad,16.755,query,61911,11516246603106,com.apple.WebKit.Networking,5620240,0.040793750
1,pgpad,16.755,query,61915,11516261737825,com.apple.audio.SandboxHelper,5456376,0.021693333
1,pgpad,17.006,query,61912,11516246673644,com.apple.WebKit.WebContent,278708968,0.883562458
1,pgpad,17.006,query,61910,11516246202227,com.apple.WebKit.GPU,54592496,0.307779875
1,pgpad,17.006,query,61908,11516241093308,pgpad-tauri,34767976,0.601132417
1,pgpad,17.006,query,61969,11516529453890,com.apple.SafariPlatformSupport,9683568,0.113370833
1,pgpad,17.006,query,61911,11516246603106,com.apple.WebKit.Networking,5620240,0.040793750
1,pgpad,17.006,query,61915,11516261737825,com.apple.audio.SandboxHelper,5456376,0.021693333
1,pgpad,17.261,query,61912,11516246673644,com.apple.WebKit.WebContent,278758120,0.895395000
1,pgpad,17.261,query,61910,11516246202227,com.apple.WebKit.GPU,54576112,0.318604458
1,pgpad,17.261,query,61908,11516241093308,pgpad-tauri,34751592,0.607967583
1,pgpad,17.261,query,61969,11516529453890,com.apple.SafariPlatformSupport,9683568,0.113977167
1,pgpad,17.261,query,61911,11516246603106,com.apple.WebKit.Networking,5620240,0.040793750
1,pgpad,17.261,query,61915,11516261737825,com.apple.audio.SandboxHelper,5456376,0.021693333
1,pgpad,17.516,query,61912,11516246673644,com.apple.WebKit.WebContent,279446248,0.942521625
1,pgpad,17.516,query,61910,11516246202227,com.apple.WebKit.GPU,52298736,0.341474333
1,pgpad,17.516,query,61908,11516241093308,pgpad-tauri,34767976,0.616496583
1,pgpad,17.516,query,61969,11516529453890,com.apple.SafariPlatformSupport,9683568,0.113977167
1,pgpad,17.516,query,61911,11516246603106,com.apple.WebKit.Networking,5620240,0.040793750
1,pgpad,17.516,query,61915,11516261737825,com.apple.audio.SandboxHelper,5456376,0.021693333
1,pgpad,17.771,query,61912,11516246673644,com.apple.WebKit.WebContent,279446248,0.944059167
1,pgpad,17.771,query,61910,11516246202227,com.apple.WebKit.GPU,52282352,0.341973292
1,pgpad,17.771,query,61908,11516241093308,pgpad-tauri,34751592,0.617618833
1,pgpad,17.771,query,61969,11516529453890,com.apple.SafariPlatformSupport,9683568,0.113977167
1,pgpad,17.771,query,61911,11516246603106,com.apple.WebKit.Networking,5620240,0.040793750
1,pgpad,17.771,query,61915,11516261737825,com.apple.audio.SandboxHelper,5456376,0.021693333
1,pgpad,18.026,query,61912,11516246673644,com.apple.WebKit.WebContent,279479016,0.956050083
1,pgpad,18.026,query,61910,11516246202227,com.apple.WebKit.GPU,52282352,0.350671583
1,pgpad,18.026,query,61908,11516241093308,pgpad-tauri,34767976,0.622830375
1,pgpad,18.026,query,61969,11516529453890,com.apple.SafariPlatformSupport,9683568,0.113977167
1,pgpad,18.026,query,61911,11516246603106,com.apple.WebKit.Networking,5620240,0.040793750
1,pgpad,18.026,query,61915,11516261737825,com.apple.audio.SandboxHelper,5456376,0.021693333
1,pgpad,18.280,after-query,61912,11516246673644,com.apple.WebKit.WebContent,279790312,0.995417083
1,pgpad,18.280,after-query,61910,11516246202227,com.apple.WebKit.GPU,52331504,0.377513625
1,pgpad,18.280,after-query,61908,11516241093308,pgpad-tauri,34767976,0.631142542
1,pgpad,18.280,after-query,61969,11516529453890,com.apple.SafariPlatformSupport,9683568,0.113977167
1,pgpad,18.280,after-query,61911,11516246603106,com.apple.WebKit.Networking,5620240,0.040793750
1,pgpad,18.280,after-query,61915,11516261737825,com.apple.audio.SandboxHelper,5456376,0.021693333
1,pgpad,18.536,after-query,61912,11516246673644,com.apple.WebKit.WebContent,266060520,0.996854792
1,pgpad,18.536,after-query,61910,11516246202227,com.apple.WebKit.GPU,49873904,0.378077042
1,pgpad,18.536,after-query,61908,11516241093308,pgpad-tauri,34751592,0.631752167
1,pgpad,18.536,after-query,61969,11516529453890,com.apple.SafariPlatformSupport,9683568,0.113977167
1,pgpad,18.536,after-query,61911,11516246603106,com.apple.WebKit.Networking,5620240,0.040793750
1,pgpad,18.536,after-query,61915,11516261737825,com.apple.audio.SandboxHelper,5456376,0.021693333
1,pgpad,18.787,after-query,61912,11516246673644,com.apple.WebKit.WebContent,266044136,0.998904958
1,pgpad,18.787,after-query,61910,11516246202227,com.apple.WebKit.GPU,49873904,0.378748167
1,pgpad,18.787,after-query,61908,11516241093308,pgpad-tauri,34735208,0.633878833
1,pgpad,18.787,after-query,61969,11516529453890,com.apple.SafariPlatformSupport,9683568,0.113977167
1,pgpad,18.787,after-query,61911,11516246603106,com.apple.WebKit.Networking,5620240,0.040793750
1,pgpad,18.787,after-query,61915,11516261737825,com.apple.audio.SandboxHelper,5456376,0.021693333
1,pgpad,19.042,after-query,61912,11516246673644,com.apple.WebKit.WebContent,265749224,0.999793208
1,pgpad,19.042,after-query,61910,11516246202227,com.apple.WebKit.GPU,49873904,0.379145625
1,pgpad,19.042,after-query,61908,11516241093308,pgpad-tauri,34735208,0.634239250
1,pgpad,19.042,after-query,61969,11516529453890,com.apple.SafariPlatformSupport,9683568,0.113977167
1,pgpad,19.042,after-query,61911,11516246603106,com.apple.WebKit.Networking,5620240,0.040793750
1,pgpad,19.042,after-query,61915,11516261737825,com.apple.audio.SandboxHelper,5456376,0.021693333
1,pgpad,19.293,after-query,61912,11516246673644,com.apple.WebKit.WebContent,239649512,1.000594250
1,pgpad,19.293,after-query,61910,11516246202227,com.apple.WebKit.GPU,47776752,0.381174833
1,pgpad,19.293,after-query,61908,11516241093308,pgpad-tauri,34571368,0.634486667
1,pgpad,19.293,after-query,61969,11516529453890,com.apple.SafariPlatformSupport,9683568,0.113977167
1,pgpad,19.293,after-query,61911,11516246603106,com.apple.WebKit.Networking,5620240,0.040793750
1,pgpad,19.293,after-query,61915,11516261737825,com.apple.audio.SandboxHelper,5456376,0.021693333
1,pgpad,19.548,after-query,61912,11516246673644,com.apple.WebKit.WebContent,180273896,1.001060292
1,pgpad,19.548,after-query,61908,11516241093308,pgpad-tauri,34522216,0.634900500
1,pgpad,19.548,after-query,61910,11516246202227,com.apple.WebKit.GPU,20759536,0.381998542
1,pgpad,19.548,after-query,61969,11516529453890,com.apple.SafariPlatformSupport,9683568,0.113977167
1,pgpad,19.548,after-query,61911,11516246603106,com.apple.WebKit.Networking,5620240,0.040793750
1,pgpad,19.548,after-query,61915,11516261737825,com.apple.audio.SandboxHelper,5456376,0.021693333
1,pgpad,19.802,after-query,61912,11516246673644,com.apple.WebKit.WebContent,180257512,1.001498458
1,pgpad,19.802,after-query,61908,11516241093308,pgpad-tauri,34522216,0.635060875
1,pgpad,19.802,after-query,61910,11516246202227,com.apple.WebKit.GPU,20759536,0.382278125
1,pgpad,19.802,after-query,61969,11516529453890,com.apple.SafariPlatformSupport,9667184,0.114278458
1,pgpad,19.802,after-query,61911,11516246603106,com.apple.WebKit.Networking,5571088,0.040855958
1,pgpad,19.802,after-query,61915,11516261737825,com.apple.audio.SandboxHelper,5456376,0.021693333
1,pgpad,20.058,after-query,61912,11516246673644,com.apple.WebKit.WebContent,180257512,1.002258917
1,pgpad,20.058,after-query,61908,11516241093308,pgpad-tauri,34522216,0.635060875
1,pgpad,20.058,after-query,61910,11516246202227,com.apple.WebKit.GPU,20759536,0.382454375
1,pgpad,20.058,after-query,61969,11516529453890,com.apple.SafariPlatformSupport,9667184,0.114278458
1,pgpad,20.058,after-query,61911,11516246603106,com.apple.WebKit.Networking,5571088,0.040855958
1,pgpad,20.058,after-query,61915,11516261737825,com.apple.audio.SandboxHelper,5456376,0.021693333
1,pgpad,20.311,after-query,61912,11516246673644,com.apple.WebKit.WebContent,180224744,1.002258917
1,pgpad,20.311,after-query,61908,11516241093308,pgpad-tauri,34522216,0.635233958
1,pgpad,20.311,after-query,61910,11516246202227,com.apple.WebKit.GPU,20694000,0.382925500
1,pgpad,20.311,after-query,61969,11516529453890,com.apple.SafariPlatformSupport,9667184,0.114278458
1,pgpad,20.311,after-query,61911,11516246603106,com.apple.WebKit.Networking,5571088,0.040855958
1,pgpad,20.311,after-query,61915,11516261737825,com.apple.audio.SandboxHelper,5456376,0.021693333
1,pgpad,20.564,after-query,61912,11516246673644,com.apple.WebKit.WebContent,180224744,1.002258917
1,pgpad,20.564,after-query,61908,11516241093308,pgpad-tauri,34522216,0.635233958
1,pgpad,20.564,after-query,61910,11516246202227,com.apple.WebKit.GPU,20694000,0.383163958
1,pgpad,20.564,after-query,61969,11516529453890,com.apple.SafariPlatformSupport,9667184,0.114278458
1,pgpad,20.564,after-query,61911,11516246603106,com.apple.WebKit.Networking,5571088,0.040855958
1,pgpad,20.564,after-query,61915,11516261737825,com.apple.audio.SandboxHelper,5456376,0.021693333
1,pgpad,20.819,after-query,61912,11516246673644,com.apple.WebKit.WebContent,180224744,1.002331750
1,pgpad,20.819,after-query,61908,11516241093308,pgpad-tauri,34505832,0.635364333
1,pgpad,20.819,after-query,61910,11516246202227,com.apple.WebKit.GPU,20694000,0.383217833
1,pgpad,20.819,after-query,61969,11516529453890,com.apple.SafariPlatformSupport,9667184,0.114278458
1,pgpad,20.819,after-query,61911,11516246603106,com.apple.WebKit.Networking,5571088,0.040855958
1,pgpad,20.819,after-query,61915,11516261737825,com.apple.audio.SandboxHelper,5456376,0.021693333
1,pgpad,21.072,after-query,61912,11516246673644,com.apple.WebKit.WebContent,180273896,1.007322500
1,pgpad,21.072,after-query,61908,11516241093308,pgpad-tauri,34505832,0.637900875
1,pgpad,21.072,after-query,61910,11516246202227,com.apple.WebKit.GPU,20694000,0.383217833
1,pgpad,21.072,after-query,61969,11516529453890,com.apple.SafariPlatformSupport,9667184,0.114278458
1,pgpad,21.072,after-query,61911,11516246603106,com.apple.WebKit.Networking,5571088,0.040855958
1,pgpad,21.072,after-query,61915,11516261737825,com.apple.audio.SandboxHelper,5456376,0.021693333
1,pgpad,21.324,after-query,61912,11516246673644,com.apple.WebKit.WebContent,180273896,1.007694833
1,pgpad,21.324,after-query,61908,11516241093308,pgpad-tauri,34505832,0.638125917
1,pgpad,21.324,after-query,61910,11516246202227,com.apple.WebKit.GPU,20694000,0.383217833
1,pgpad,21.324,after-query,61969,11516529453890,com.apple.SafariPlatformSupport,9667184,0.114278458
1,pgpad,21.324,after-query,61911,11516246603106,com.apple.WebKit.Networking,5571088,0.040855958
1,pgpad,21.324,after-query,61915,11516261737825,com.apple.audio.SandboxHelper,5456376,0.021693333
1,pgpad,21.579,after-query,61912,11516246673644,com.apple.WebKit.WebContent,180273896,1.008075125
1,pgpad,21.579,after-query,61908,11516241093308,pgpad-tauri,34505832,0.638428583
1,pgpad,21.579,after-query,61910,11516246202227,com.apple.WebKit.GPU,20694000,0.383217833
1,pgpad,21.579,after-query,61969,11516529453890,com.apple.SafariPlatformSupport,9667184,0.114278458
1,pgpad,21.579,after-query,61911,11516246603106,com.apple.WebKit.Networking,5571088,0.040855958
1,pgpad,21.579,after-query,61915,11516261737825,com.apple.audio.SandboxHelper,5456376,0.021693333
1,pgpad,21.834,after-query,61912,11516246673644,com.apple.WebKit.WebContent,180273896,1.008443833
1,pgpad,21.834,after-query,61908,11516241093308,pgpad-tauri,34456680,0.639071625
1,pgpad,21.834,after-query,61910,11516246202227,com.apple.WebKit.GPU,20694000,0.383217833
1,pgpad,21.834,after-query,61969,11516529453890,com.apple.SafariPlatformSupport,9667184,0.114278458
1,pgpad,21.834,after-query,61911,11516246603106,com.apple.WebKit.Networking,5571088,0.040855958
1,pgpad,21.834,after-query,61915,11516261737825,com.apple.audio.SandboxHelper,5456376,0.021693333
1,pgpad,22.087,after-query,61912,11516246673644,com.apple.WebKit.WebContent,180273896,1.009087500
1,pgpad,22.087,after-query,61908,11516241093308,pgpad-tauri,34456680,0.639374333
1,pgpad,22.087,after-query,61910,11516246202227,com.apple.WebKit.GPU,20694000,0.383217833
1,pgpad,22.087,after-query,61969,11516529453890,com.apple.SafariPlatformSupport,9667184,0.114278458
1,pgpad,22.087,after-query,61911,11516246603106,com.apple.WebKit.Networking,5571088,0.040855958
1,pgpad,22.087,after-query,61915,11516261737825,com.apple.audio.SandboxHelper,5456376,0.021693333
1,pgpad,22.339,after-query,61912,11516246673644,com.apple.WebKit.WebContent,180273896,1.009414917
1,pgpad,22.339,after-query,61908,11516241093308,pgpad-tauri,34440296,0.639624833
1,pgpad,22.339,after-query,61910,11516246202227,com.apple.WebKit.GPU,20694000,0.383217833
1,pgpad,22.339,after-query,61969,11516529453890,com.apple.SafariPlatformSupport,9667184,0.114278458
1,pgpad,22.339,after-query,61911,11516246603106,com.apple.WebKit.Networking,5571088,0.040855958
1,pgpad,22.339,after-query,61915,11516261737825,com.apple.audio.SandboxHelper,5456376,0.021693333
1,pgpad,22.594,after-query,61912,11516246673644,com.apple.WebKit.WebContent,180273896,1.009576042
1,pgpad,22.594,after-query,61908,11516241093308,pgpad-tauri,34440296,0.639724333
1,pgpad,22.594,after-query,61910,11516246202227,com.apple.WebKit.GPU,20694000,0.383217833
1,pgpad,22.594,after-query,61969,11516529453890,com.apple.SafariPlatformSupport,9667184,0.114278458
1,pgpad,22.594,after-query,61911,11516246603106,com.apple.WebKit.Networking,5571088,0.040855958
1,pgpad,22.594,after-query,61915,11516261737825,com.apple.audio.SandboxHelper,5456376,0.021693333
1,pgpad,22.848,after-query,61912,11516246673644,com.apple.WebKit.WebContent,180175592,1.009996000
1,pgpad,22.848,after-query,61908,11516241093308,pgpad-tauri,34440296,0.639724333
1,pgpad,22.848,after-query,61910,11516246202227,com.apple.WebKit.GPU,20694000,0.383217833
1,pgpad,22.848,after-query,61969,11516529453890,com.apple.SafariPlatformSupport,9667184,0.114278458
1,pgpad,22.848,after-query,61911,11516246603106,com.apple.WebKit.Networking,5571088,0.040855958
1,pgpad,22.848,after-query,61915,11516261737825,com.apple.audio.SandboxHelper,5456376,0.021693333
1,pgpad,23.104,after-query,61912,11516246673644,com.apple.WebKit.WebContent,180175592,1.009996000
1,pgpad,23.104,after-query,61908,11516241093308,pgpad-tauri,34440296,0.639724333
1,pgpad,23.104,after-query,61910,11516246202227,com.apple.WebKit.GPU,20694000,0.383217833
1,pgpad,23.104,after-query,61969,11516529453890,com.apple.SafariPlatformSupport,9667184,0.114278458
1,pgpad,23.104,after-query,61911,11516246603106,com.apple.WebKit.Networking,5571088,0.040855958
1,pgpad,23.104,after-query,61915,11516261737825,com.apple.audio.SandboxHelper,5456376,0.021693333
1,pgpad,23.359,after-query,61912,11516246673644,com.apple.WebKit.WebContent,180175592,1.009996000
1,pgpad,23.359,after-query,61908,11516241093308,pgpad-tauri,34440296,0.639724333
1,pgpad,23.359,after-query,61910,11516246202227,com.apple.WebKit.GPU,20694000,0.383217833
1,pgpad,23.359,after-query,61969,11516529453890,com.apple.SafariPlatformSupport,9667184,0.114278458
1,pgpad,23.359,after-query,61911,11516246603106,com.apple.WebKit.Networking,5571088,0.040855958
1,pgpad,23.359,after-query,61915,11516261737825,com.apple.audio.SandboxHelper,5456376,0.021693333
1,pgpad,23.611,after-query,61912,11516246673644,com.apple.WebKit.WebContent,188515048,1.010109708
1,pgpad,23.611,after-query,61908,11516241093308,pgpad-tauri,34849896,0.639724333
1,pgpad,23.611,after-query,61910,11516246202227,com.apple.WebKit.GPU,23004144,0.383369208
1,pgpad,23.611,after-query,61969,11516529453890,com.apple.SafariPlatformSupport,11584112,0.114278458
1,pgpad,23.611,after-query,61911,11516246603106,com.apple.WebKit.Networking,6455824,0.040855958
1,pgpad,23.611,after-query,61915,11516261737825,com.apple.audio.SandboxHelper,5456376,0.021693333
1,dbeaver,0.254,launch,62034,11516929422110,dbeaver,18350992,0.099691750
1,dbeaver,0.507,launch,62034,11516929422110,dbeaver,60720064,0.484300542
1,dbeaver,0.760,launch,62034,11516929422110,dbeaver,104334368,1.102167333
1,dbeaver,1.015,launch,62034,11516929422110,dbeaver,125207608,1.595040333
1,dbeaver,1.270,launch,62034,11516929422110,dbeaver,156402768,2.275701375
1,dbeaver,1.525,launch,62034,11516929422110,dbeaver,173344064,2.871495000
1,dbeaver,1.780,launch,62034,11516929422110,dbeaver,208553328,3.714563083
1,dbeaver,2.036,launch,62034,11516929422110,dbeaver,250283448,4.113274375
1,dbeaver,2.291,launch,62034,11516929422110,dbeaver,263325112,4.744112958
1,dbeaver,2.546,launch,62034,11516929422110,dbeaver,281757112,5.588035500
1,dbeaver,2.801,launch,62034,11516929422110,dbeaver,292521400,6.493059583
1,dbeaver,3.056,launch,62034,11516929422110,dbeaver,309970384,7.340144458
1,dbeaver,3.308,launch,62034,11516929422110,dbeaver,316884456,8.035251125
1,dbeaver,3.563,launch,62034,11516929422110,dbeaver,336447408,8.633421917
1,dbeaver,3.815,settle,62034,11516929422110,dbeaver,809945152,9.193784250
1,dbeaver,3.815,settle,62051,11517015782944,com.apple.SafariPlatformSupport,8045168,0.090811208
1,dbeaver,4.071,settle,62034,11516929422110,dbeaver,883427392,9.953229083
1,dbeaver,4.071,settle,62051,11517015782944,com.apple.SafariPlatformSupport,9847408,0.123104500
1,dbeaver,4.324,settle,62034,11516929422110,dbeaver,910051392,10.418290458
1,dbeaver,4.324,settle,62051,11517015782944,com.apple.SafariPlatformSupport,9847408,0.123104500
1,dbeaver,4.579,settle,62034,11516929422110,dbeaver,972507200,11.085191458
1,dbeaver,4.579,settle,62051,11517015782944,com.apple.SafariPlatformSupport,9847408,0.123104500
1,dbeaver,4.834,settle,62034,11516929422110,dbeaver,966101056,11.294395542
1,dbeaver,4.834,settle,62051,11517015782944,com.apple.SafariPlatformSupport,9847408,0.123264083
1,dbeaver,5.089,settle,62034,11516929422110,dbeaver,886638656,11.313002042
1,dbeaver,5.089,settle,62051,11517015782944,com.apple.SafariPlatformSupport,9847408,0.123264083
1,dbeaver,5.344,settle,62034,11516929422110,dbeaver,814237760,11.367951833
1,dbeaver,5.344,settle,62051,11517015782944,com.apple.SafariPlatformSupport,9847408,0.123264083
1,dbeaver,5.599,settle,62034,11516929422110,dbeaver,814254144,11.379619250
1,dbeaver,5.599,settle,62051,11517015782944,com.apple.SafariPlatformSupport,9847408,0.123264083
1,dbeaver,5.850,settle,62034,11516929422110,dbeaver,715327552,11.393280833
1,dbeaver,5.850,settle,62051,11517015782944,com.apple.SafariPlatformSupport,9847408,0.123361458
1,dbeaver,6.105,settle,62034,11516929422110,dbeaver,708921408,11.398458333
1,dbeaver,6.105,settle,62051,11517015782944,com.apple.SafariPlatformSupport,9847408,0.123395250
1,dbeaver,6.361,settle,62034,11516929422110,dbeaver,708921408,11.419044042
1,dbeaver,6.361,settle,62051,11517015782944,com.apple.SafariPlatformSupport,9847408,0.123395250
1,dbeaver,6.616,settle,62034,11516929422110,dbeaver,709003328,11.441610833
1,dbeaver,6.616,settle,62051,11517015782944,com.apple.SafariPlatformSupport,9847408,0.123395250
1,dbeaver,6.871,settle,62034,11516929422110,dbeaver,709003328,11.449919458
1,dbeaver,6.871,settle,62051,11517015782944,com.apple.SafariPlatformSupport,9847408,0.123395250
1,dbeaver,7.125,settle,62034,11516929422110,dbeaver,709019712,11.468200500
1,dbeaver,7.125,settle,62051,11517015782944,com.apple.SafariPlatformSupport,9847408,0.123395250
1,dbeaver,7.379,settle,62034,11516929422110,dbeaver,709019712,11.476945000
1,dbeaver,7.379,settle,62051,11517015782944,com.apple.SafariPlatformSupport,9847408,0.123395250
1,dbeaver,7.635,settle,62034,11516929422110,dbeaver,709019712,11.489029458
1,dbeaver,7.635,settle,62051,11517015782944,com.apple.SafariPlatformSupport,9847408,0.123395250
1,dbeaver,7.890,settle,62034,11516929422110,dbeaver,709019712,11.499631958
1,dbeaver,7.890,settle,62051,11517015782944,com.apple.SafariPlatformSupport,9847408,0.123395250
1,dbeaver,8.145,settle,62034,11516929422110,dbeaver,709019712,11.513660667
1,dbeaver,8.145,settle,62051,11517015782944,com.apple.SafariPlatformSupport,9847408,0.123555625
1,dbeaver,8.400,settle,62034,11516929422110,dbeaver,709019712,11.525673542
1,dbeaver,8.400,settle,62051,11517015782944,com.apple.SafariPlatformSupport,9847408,0.123555625
1,dbeaver,8.655,settle,62034,11516929422110,dbeaver,708773952,11.544353625
1,dbeaver,8.655,settle,62051,11517015782944,com.apple.SafariPlatformSupport,9847408,0.123555625
1,dbeaver,8.906,query,62034,11516929422110,dbeaver,708773952,11.550489333
1,dbeaver,8.906,query,62051,11517015782944,com.apple.SafariPlatformSupport,9847408,0.124028917
1,dbeaver,9.157,query,62034,11516929422110,dbeaver,708675648,11.564280708
1,dbeaver,9.157,query,62051,11517015782944,com.apple.SafariPlatformSupport,9798256,0.124178958
1,dbeaver,9.412,query,62034,11516929422110,dbeaver,708675648,11.577816417
1,dbeaver,9.412,query,62051,11517015782944,com.apple.SafariPlatformSupport,9798256,0.124178958
1,dbeaver,9.668,query,62034,11516929422110,dbeaver,708724800,11.587995333
1,dbeaver,9.668,query,62051,11517015782944,com.apple.SafariPlatformSupport,9798256,0.124178958
1,dbeaver,9.920,query,62034,11516929422110,dbeaver,708741184,11.598700458
1,dbeaver,9.920,query,62051,11517015782944,com.apple.SafariPlatformSupport,9798256,0.124178958
1,dbeaver,10.175,query,62034,11516929422110,dbeaver,708741184,11.605833833
1,dbeaver,10.175,query,62051,11517015782944,com.apple.SafariPlatformSupport,9798256,0.124178958
1,dbeaver,10.431,query,62034,11516929422110,dbeaver,708741184,11.619189458
1,dbeaver,10.431,query,62051,11517015782944,com.apple.SafariPlatformSupport,9798256,0.124178958
1,dbeaver,10.686,query,62034,11516929422110,dbeaver,708741184,11.625716083
1,dbeaver,10.686,query,62051,11517015782944,com.apple.SafariPlatformSupport,9798256,0.124178958
1,dbeaver,10.937,query,62034,11516929422110,dbeaver,708642880,11.640240375
1,dbeaver,10.937,query,62051,11517015782944,com.apple.SafariPlatformSupport,9798256,0.124178958
1,dbeaver,11.192,query,62034,11516929422110,dbeaver,708642880,11.647675542
1,dbeaver,11.192,query,62051,11517015782944,com.apple.SafariPlatformSupport,9798256,0.124178958
1,dbeaver,11.444,query,62034,11516929422110,dbeaver,708642880,11.663148792
1,dbeaver,11.444,query,62051,11517015782944,com.apple.SafariPlatformSupport,9798256,0.124178958
1,dbeaver,11.700,query,62034,11516929422110,dbeaver,708659264,11.676012542
1,dbeaver,11.700,query,62051,11517015782944,com.apple.SafariPlatformSupport,9798256,0.124178958
1,dbeaver,11.955,query,62034,11516929422110,dbeaver,708659264,11.685965208
1,dbeaver,11.955,query,62051,11517015782944,com.apple.SafariPlatformSupport,9798256,0.124178958
1,dbeaver,12.207,query,62034,11516929422110,dbeaver,708708416,11.695695542
1,dbeaver,12.207,query,62051,11517015782944,com.apple.SafariPlatformSupport,9798256,0.124178958
1,dbeaver,12.461,query,62034,11516929422110,dbeaver,708708416,11.701573375
1,dbeaver,12.461,query,62051,11517015782944,com.apple.SafariPlatformSupport,9798256,0.124178958
1,dbeaver,12.716,query,62034,11516929422110,dbeaver,708708416,11.713362708
1,dbeaver,12.716,query,62051,11517015782944,com.apple.SafariPlatformSupport,9798256,0.124178958
1,dbeaver,12.971,query,62034,11516929422110,dbeaver,708708416,11.718639583
1,dbeaver,12.971,query,62051,11517015782944,com.apple.SafariPlatformSupport,9798256,0.124178958
1,dbeaver,13.224,query,62034,11516929422110,dbeaver,708708416,11.730809125
1,dbeaver,13.224,query,62051,11517015782944,com.apple.SafariPlatformSupport,9798256,0.124178958
1,dbeaver,13.479,query,62034,11516929422110,dbeaver,708708416,11.738530417
1,dbeaver,13.479,query,62051,11517015782944,com.apple.SafariPlatformSupport,9798256,0.124178958
1,dbeaver,13.733,query,62034,11516929422110,dbeaver,708692008,11.750884917
1,dbeaver,13.733,query,62051,11517015782944,com.apple.SafariPlatformSupport,9798256,0.124178958
1,dbeaver,13.989,query,62034,11516929422110,dbeaver,708757544,11.774770417
1,dbeaver,13.989,query,62051,11517015782944,com.apple.SafariPlatformSupport,9749104,0.124288417
1,dbeaver,14.243,query,62034,11516929422110,dbeaver,747669544,11.836771000
1,dbeaver,14.243,query,62051,11517015782944,com.apple.SafariPlatformSupport,9749104,0.124288417
1,dbeaver,14.499,query,62034,11516929422110,dbeaver,747669544,11.848457250
1,dbeaver,14.499,query,62051,11517015782944,com.apple.SafariPlatformSupport,9749104,0.124288417
1,dbeaver,14.751,query,62034,11516929422110,dbeaver,789104680,11.927619208
1,dbeaver,14.751,query,62051,11517015782944,com.apple.SafariPlatformSupport,9749104,0.124288417
1,dbeaver,15.007,query,62034,11516929422110,dbeaver,790038568,12.129672292
1,dbeaver,15.007,query,62051,11517015782944,com.apple.SafariPlatformSupport,9749104,0.124288417
1,dbeaver,15.260,query,62034,11516929422110,dbeaver,749324328,12.165645833
1,dbeaver,15.260,query,62051,11517015782944,com.apple.SafariPlatformSupport,9749104,0.124288417
1,dbeaver,15.515,query,62034,11516929422110,dbeaver,749340712,12.187742417
1,dbeaver,15.515,query,62051,11517015782944,com.apple.SafariPlatformSupport,9749104,0.124288417
1,dbeaver,15.765,query,62034,11516929422110,dbeaver,749471784,12.216755500
1,dbeaver,15.765,query,62051,11517015782944,com.apple.SafariPlatformSupport,9749104,0.124288417
1,dbeaver,16.016,query,62034,11516929422110,dbeaver,748849192,12.227168833
1,dbeaver,16.016,query,62051,11517015782944,com.apple.SafariPlatformSupport,9749104,0.124288417
1,dbeaver,16.271,query,62034,11516929422110,dbeaver,746407976,12.237939417
1,dbeaver,16.271,query,62051,11517015782944,com.apple.SafariPlatformSupport,9749104,0.124288417
1,dbeaver,16.526,query,62034,11516929422110,dbeaver,831375400,12.344008167
1,dbeaver,16.526,query,62051,11517015782944,com.apple.SafariPlatformSupport,9749104,0.124288417
1,dbeaver,16.781,query,62034,11516929422110,dbeaver,888342592,12.988273042
1,dbeaver,16.781,query,62051,11517015782944,com.apple.SafariPlatformSupport,9749104,0.124288417
1,dbeaver,17.034,query,62034,11516929422110,dbeaver,891684928,13.747762917
1,dbeaver,17.034,query,62051,11517015782944,com.apple.SafariPlatformSupport,10125936,0.124288417
1,dbeaver,17.286,query,62034,11516929422110,dbeaver,961595432,14.104493917
1,dbeaver,17.286,query,62051,11517015782944,com.apple.SafariPlatformSupport,10125936,0.124288417
1,dbeaver,17.541,query,62034,11516929422110,dbeaver,962414632,14.242833042
1,dbeaver,17.541,query,62051,11517015782944,com.apple.SafariPlatformSupport,10125936,0.124288417
1,dbeaver,17.797,query,62034,11516929422110,dbeaver,921323560,14.267977542
1,dbeaver,17.797,query,62051,11517015782944,com.apple.SafariPlatformSupport,10125936,0.124288417
1,dbeaver,18.052,query,62034,11516929422110,dbeaver,921323560,14.284539417
1,dbeaver,18.052,query,62051,11517015782944,com.apple.SafariPlatformSupport,10125936,0.124288417
1,dbeaver,18.307,query,62034,11516929422110,dbeaver,921749568,14.379104083
1,dbeaver,18.307,query,62051,11517015782944,com.apple.SafariPlatformSupport,10125936,0.124288417
1,dbeaver,18.562,query,62034,11516929422110,dbeaver,735840320,14.481069792
1,dbeaver,18.562,query,62051,11517015782944,com.apple.SafariPlatformSupport,10125936,0.124288417
1,dbeaver,18.817,query,62034,11516929422110,dbeaver,735987776,14.583269250
1,dbeaver,18.817,query,62051,11517015782944,com.apple.SafariPlatformSupport,10125936,0.124288417
1,dbeaver,19.072,query,62034,11516929422110,dbeaver,731187264,14.681386583
1,dbeaver,19.072,query,62051,11517015782944,com.apple.SafariPlatformSupport,10125936,0.124288417
1,dbeaver,19.327,query,62034,11516929422110,dbeaver,731236416,14.758123375
1,dbeaver,19.327,query,62051,11517015782944,com.apple.SafariPlatformSupport,10125936,0.124288417
1,dbeaver,19.579,query,62034,11516929422110,dbeaver,731334720,14.839161833
1,dbeaver,19.579,query,62051,11517015782944,com.apple.SafariPlatformSupport,10125936,0.124288417
1,dbeaver,19.833,query,62034,11516929422110,dbeaver,742705216,15.021405458
1,dbeaver,19.833,query,62051,11517015782944,com.apple.SafariPlatformSupport,10125936,0.124288417
1,dbeaver,20.088,query,62034,11516929422110,dbeaver,742869056,15.147673042
1,dbeaver,20.088,query,62051,11517015782944,com.apple.SafariPlatformSupport,10125936,0.124288417
1,dbeaver,20.343,query,62034,11516929422110,dbeaver,741574720,15.308303958
1,dbeaver,20.343,query,62051,11517015782944,com.apple.SafariPlatformSupport,10125936,0.124288417
1,dbeaver,20.595,query,62034,11516929422110,dbeaver,741574720,15.347166333
1,dbeaver,20.595,query,62051,11517015782944,com.apple.SafariPlatformSupport,10125936,0.124288417
1,dbeaver,20.850,query,62034,11516929422110,dbeaver,730351680,15.432098542
1,dbeaver,20.850,query,62051,11517015782944,com.apple.SafariPlatformSupport,10125936,0.124288417
1,dbeaver,21.100,query,62034,11516929422110,dbeaver,811108416,15.667236083
1,dbeaver,21.100,query,62051,11517015782944,com.apple.SafariPlatformSupport,10125936,0.124288417
1,dbeaver,21.355,query,62034,11516929422110,dbeaver,808945728,15.744601625
1,dbeaver,21.355,query,62051,11517015782944,com.apple.SafariPlatformSupport,10125936,0.124288417
1,dbeaver,21.611,query,62034,11516929422110,dbeaver,804751424,15.796388583
1,dbeaver,21.611,query,62051,11517015782944,com.apple.SafariPlatformSupport,10125936,0.124288417
1,dbeaver,21.866,query,62034,11516929422110,dbeaver,804849728,15.858699083
1,dbeaver,21.866,query,62051,11517015782944,com.apple.SafariPlatformSupport,10125936,0.124288417
1,dbeaver,22.121,query,62034,11516929422110,dbeaver,734775360,15.923515833
1,dbeaver,22.121,query,62051,11517015782944,com.apple.SafariPlatformSupport,10125936,0.124288417
1,dbeaver,22.376,after-query,62034,11516929422110,dbeaver,734824512,15.962151667
1,dbeaver,22.376,after-query,62051,11517015782944,com.apple.SafariPlatformSupport,10125936,0.124288417
1,dbeaver,22.627,after-query,62034,11516929422110,dbeaver,734824512,15.968977000
1,dbeaver,22.627,after-query,62051,11517015782944,com.apple.SafariPlatformSupport,10125936,0.124288417
1,dbeaver,22.882,after-query,62034,11516929422110,dbeaver,734775360,15.981978833
1,dbeaver,22.882,after-query,62051,11517015782944,com.apple.SafariPlatformSupport,10125936,0.124288417
1,dbeaver,23.138,after-query,62034,11516929422110,dbeaver,732317760,15.990297708
1,dbeaver,23.138,after-query,62051,11517015782944,com.apple.SafariPlatformSupport,10125936,0.124288417
1,dbeaver,23.393,after-query,62034,11516929422110,dbeaver,720996416,16.004957042
1,dbeaver,23.393,after-query,62051,11517015782944,com.apple.SafariPlatformSupport,10125936,0.124288417
1,dbeaver,23.644,after-query,62034,11516929422110,dbeaver,720996416,16.013066042
1,dbeaver,23.644,after-query,62051,11517015782944,com.apple.SafariPlatformSupport,10125936,0.124288417
1,dbeaver,23.896,after-query,62034,11516929422110,dbeaver,721012800,16.023541417
1,dbeaver,23.896,after-query,62051,11517015782944,com.apple.SafariPlatformSupport,10125936,0.124288417
1,dbeaver,24.151,after-query,62034,11516929422110,dbeaver,720914496,16.029854125
1,dbeaver,24.151,after-query,62051,11517015782944,com.apple.SafariPlatformSupport,10125936,0.124288417
1,dbeaver,24.407,after-query,62034,11516929422110,dbeaver,720914496,16.042408167
1,dbeaver,24.407,after-query,62051,11517015782944,com.apple.SafariPlatformSupport,10125936,0.124288417
1,dbeaver,24.662,after-query,62034,11516929422110,dbeaver,720980032,16.055032833
1,dbeaver,24.662,after-query,62051,11517015782944,com.apple.SafariPlatformSupport,10125936,0.124288417
1,dbeaver,24.917,after-query,62034,11516929422110,dbeaver,720980032,16.070038083
1,dbeaver,24.917,after-query,62051,11517015782944,com.apple.SafariPlatformSupport,10125936,0.124288417
1,dbeaver,25.172,after-query,62034,11516929422110,dbeaver,720980032,16.078791500
1,dbeaver,25.172,after-query,62051,11517015782944,com.apple.SafariPlatformSupport,10125936,0.124288417
1,dbeaver,25.428,after-query,62034,11516929422110,dbeaver,720980032,16.088073792
1,dbeaver,25.428,after-query,62051,11517015782944,com.apple.SafariPlatformSupport,10125936,0.124288417
1,dbeaver,25.682,after-query,62034,11516929422110,dbeaver,720947264,16.098951625
1,dbeaver,25.682,after-query,62051,11517015782944,com.apple.SafariPlatformSupport,10125936,0.124288417
1,dbeaver,25.933,after-query,62034,11516929422110,dbeaver,720586816,16.104919042
1,dbeaver,25.933,after-query,62051,11517015782944,com.apple.SafariPlatformSupport,10125936,0.124288417
1,dbeaver,26.188,after-query,62034,11516929422110,dbeaver,719505472,16.114339750
1,dbeaver,26.188,after-query,62051,11517015782944,com.apple.SafariPlatformSupport,10125936,0.124288417
1,dbeaver,26.442,after-query,62034,11516929422110,dbeaver,719505472,16.124152000
1,dbeaver,26.442,after-query,62051,11517015782944,com.apple.SafariPlatformSupport,11420272,0.124288417
1,dbeaver,26.697,after-query,62034,11516929422110,dbeaver,719505472,16.133539833
1,dbeaver,26.697,after-query,62051,11517015782944,com.apple.SafariPlatformSupport,11420272,0.124288417
1,dbeaver,26.949,after-query,62034,11516929422110,dbeaver,719554624,16.139492542
1,dbeaver,26.949,after-query,62051,11517015782944,com.apple.SafariPlatformSupport,12108400,0.124288417
1,pgadmin,0.255,launch,62170,11517710578845,pgAdmin 4,9847744,0.107554625
1,pgadmin,0.510,launch,62170,11517710578845,pgAdmin 4,40912480,0.287181042
1,pgadmin,0.510,launch,62173,11517721417019,pgAdmin 4 Helper,327872,0.017488583
1,pgadmin,0.510,launch,62172,11517721332230,pgAdmin 4 Helper,327872,0.020460208
1,pgadmin,0.765,launch,62170,11517710578845,pgAdmin 4,54003392,0.412201083
1,pgadmin,0.765,launch,62172,11517721332230,pgAdmin 4 Helper,44286936,0.149350583
1,pgadmin,0.765,launch,62175,11517724305589,pgAdmin 4 Helper (Renderer),20071648,0.087181208
1,pgadmin,0.765,launch,62176,11517725357554,Python,16613760,0.082076250
1,pgadmin,0.765,launch,62173,11517721417019,pgAdmin 4 Helper,6865760,0.050825083
1,pgadmin,1.020,launch,62170,11517710578845,pgAdmin 4,55527104,0.419593125
1,pgadmin,1.020,launch,62172,11517721332230,pgAdmin 4 Helper,44270552,0.150155792
1,pgadmin,1.020,launch,62176,11517725357554,Python,30998984,0.302801583
1,pgadmin,1.020,launch,62175,11517724305589,pgAdmin 4 Helper (Renderer),20071648,0.087440958
1,pgadmin,1.020,launch,62173,11517721417019,pgAdmin 4 Helper,6865760,0.050825083
1,pgadmin,1.274,launch,62170,11517710578845,pgAdmin 4,55527104,0.419932250
1,pgadmin,1.274,launch,62172,11517721332230,pgAdmin 4 Helper,44270552,0.150155792
1,pgadmin,1.274,launch,62176,11517725357554,Python,41288136,0.524200917
1,pgadmin,1.274,launch,62175,11517724305589,pgAdmin 4 Helper (Renderer),20071648,0.087494958
1,pgadmin,1.274,launch,62173,11517721417019,pgAdmin 4 Helper,6865760,0.050825083
1,pgadmin,1.529,launch,62170,11517710578845,pgAdmin 4,55625408,0.422147958
1,pgadmin,1.529,launch,62176,11517725357554,Python,50594248,0.751040208
1,pgadmin,1.529,launch,62172,11517721332230,pgAdmin 4 Helper,44270552,0.150155792
1,pgadmin,1.529,launch,62175,11517724305589,pgAdmin 4 Helper (Renderer),20071648,0.087494958
1,pgadmin,1.529,launch,62173,11517721417019,pgAdmin 4 Helper,6865760,0.050825083
1,pgadmin,1.780,launch,62176,11517725357554,Python,64537056,0.966572042
1,pgadmin,1.780,launch,62170,11517710578845,pgAdmin 4,55625408,0.422392292
1,pgadmin,1.780,launch,62172,11517721332230,pgAdmin 4 Helper,44237784,0.150639583
1,pgadmin,1.780,launch,62175,11517724305589,pgAdmin 4 Helper (Renderer),20088032,0.087605833
1,pgadmin,1.780,launch,62173,11517721417019,pgAdmin 4 Helper,6947680,0.051765125
1,pgadmin,2.035,launch,62176,11517725357554,Python,78807544,1.207014000
1,pgadmin,2.035,launch,62170,11517710578845,pgAdmin 4,55625408,0.422392292
1,pgadmin,2.035,launch,62172,11517721332230,pgAdmin 4 Helper,42140632,0.150639583
1,pgadmin,2.035,launch,62175,11517724305589,pgAdmin 4 Helper (Renderer),20088032,0.087605833
1,pgadmin,2.035,launch,62173,11517721417019,pgAdmin 4 Helper,6947680,0.051765125
1,pgadmin,2.291,launch,62176,11517725357554,Python,92111352,1.439941292
1,pgadmin,2.291,launch,62170,11517710578845,pgAdmin 4,55641792,0.424224583
1,pgadmin,2.291,launch,62172,11517721332230,pgAdmin 4 Helper,42140632,0.150639583
1,pgadmin,2.291,launch,62175,11517724305589,pgAdmin 4 Helper (Renderer),20088032,0.087605833
1,pgadmin,2.291,launch,62173,11517721417019,pgAdmin 4 Helper,6947680,0.051765125
1,pgadmin,2.546,launch,62176,11517725357554,Python,101155320,1.674741083
1,pgadmin,2.546,launch,62170,11517710578845,pgAdmin 4,55641792,0.424224583
1,pgadmin,2.546,launch,62172,11517721332230,pgAdmin 4 Helper,42140632,0.150639583
1,pgadmin,2.546,launch,62175,11517724305589,pgAdmin 4 Helper (Renderer),20088032,0.087605833
1,pgadmin,2.546,launch,62173,11517721417019,pgAdmin 4 Helper,6947680,0.051765125
1,pgadmin,2.801,launch,62176,11517725357554,Python,111952424,1.900854667
1,pgadmin,2.801,launch,62170,11517710578845,pgAdmin 4,55641792,0.424247000
1,pgadmin,2.801,launch,62172,11517721332230,pgAdmin 4 Helper,26985432,0.151457333
1,pgadmin,2.801,launch,62187,11517772076626,Python,26853832,0.194875375
1,pgadmin,2.801,launch,62175,11517724305589,pgAdmin 4 Helper (Renderer),20006112,0.087744208
1,pgadmin,2.801,launch,62173,11517721417019,pgAdmin 4 Helper,6947680,0.051765125
1,pgadmin,3.056,launch,62176,11517725357554,Python,127992360,2.124615125
1,pgadmin,3.056,launch,62170,11517710578845,pgAdmin 4,55641792,0.424247000
1,pgadmin,3.056,launch,62172,11517721332230,pgAdmin 4 Helper,26985432,0.151457333
1,pgadmin,3.056,launch,62175,11517724305589,pgAdmin 4 Helper (Renderer),20006112,0.087744208
1,pgadmin,3.056,launch,62173,11517721417019,pgAdmin 4 Helper,6947680,0.051765125
1,pgadmin,3.309,launch,62176,11517725357554,Python,135316032,2.364377583
1,pgadmin,3.309,launch,62170,11517710578845,pgAdmin 4,55674560,0.425394625
1,pgadmin,3.309,launch,62172,11517721332230,pgAdmin 4 Helper,26985432,0.151457333
1,pgadmin,3.309,launch,62175,11517724305589,pgAdmin 4 Helper (Renderer),20006112,0.087744208
1,pgadmin,3.309,launch,62173,11517721417019,pgAdmin 4 Helper,6947680,0.051765125
1,pgadmin,3.564,launch,62176,11517725357554,Python,144704064,2.608598958
1,pgadmin,3.564,launch,62170,11517710578845,pgAdmin 4,55674560,0.425394625
1,pgadmin,3.564,launch,62172,11517721332230,pgAdmin 4 Helper,26985432,0.151457333
1,pgadmin,3.564,launch,62175,11517724305589,pgAdmin 4 Helper (Renderer),20006112,0.087744208
1,pgadmin,3.564,launch,62173,11517721417019,pgAdmin 4 Helper,6947680,0.051765125
1,pgadmin,3.819,launch,62176,11517725357554,Python,154616384,2.852420417
1,pgadmin,3.819,launch,62170,11517710578845,pgAdmin 4,55674560,0.425394625
1,pgadmin,3.819,launch,62172,11517721332230,pgAdmin 4 Helper,26985432,0.151481167
1,pgadmin,3.819,launch,62175,11517724305589,pgAdmin 4 Helper (Renderer),20006112,0.087744208
1,pgadmin,3.819,launch,62173,11517721417019,pgAdmin 4 Helper,6947680,0.051765125
1,pgadmin,4.075,launch,62176,11517725357554,Python,155353664,2.929518417
1,pgadmin,4.075,launch,62170,11517710578845,pgAdmin 4,56035008,0.426170208
1,pgadmin,4.075,launch,62172,11517721332230,pgAdmin 4 Helper,26985432,0.151481167
1,pgadmin,4.075,launch,62175,11517724305589,pgAdmin 4 Helper (Renderer),20006112,0.087744208
1,pgadmin,4.075,launch,62173,11517721417019,pgAdmin 4 Helper,6947680,0.051765125
1,pgadmin,4.330,launch,62176,11517725357554,Python,155779672,2.943243083
1,pgadmin,4.330,launch,62170,11517710578845,pgAdmin 4,58689216,0.475224792
1,pgadmin,4.330,launch,62172,11517721332230,pgAdmin 4 Helper,27100120,0.153766042
1,pgadmin,4.330,launch,62175,11517724305589,pgAdmin 4 Helper (Renderer),20022496,0.088508625
1,pgadmin,4.330,launch,62173,11517721417019,pgAdmin 4 Helper,7013216,0.061397625
1,pgadmin,4.330,launch,62200,11517813218540,pgAdmin 4 Helper (Renderer),295104,0.008795292
1,pgadmin,4.582,settle,62176,11517725357554,Python,157155928,3.054990875
1,pgadmin,4.582,settle,62202,11517815220294,pgAdmin 4 Helper (Renderer),94127472,0.227033792
1,pgadmin,4.582,settle,62170,11517710578845,pgAdmin 4,59147968,0.527364250
1,pgadmin,4.582,settle,62172,11517721332230,pgAdmin 4 Helper,32474072,0.166586417
1,pgadmin,4.582,settle,62173,11517721417019,pgAdmin 4 Helper,8487776,0.161527167
1,pgadmin,4.834,settle,62176,11517725357554,Python,157696600,3.099769000
1,pgadmin,4.834,settle,62172,11517721332230,pgAdmin 4 Helper,117064664,0.182164750
1,pgadmin,4.834,settle,62202,11517815220294,pgAdmin 4 Helper (Renderer),110118352,0.482442833
1,pgadmin,4.834,settle,62170,11517710578845,pgAdmin 4,59213504,0.540010167
1,pgadmin,4.834,settle,62173,11517721417019,pgAdmin 4 Helper,8340320,0.177649167
1,pgadmin,5.089,settle,62176,11517725357554,Python,157696600,3.138718583
1,pgadmin,5.089,settle,62202,11517815220294,pgAdmin 4 Helper (Renderer),154551784,0.785589917
1,pgadmin,5.089,settle,62172,11517721332230,pgAdmin 4 Helper,117244888,0.185318458
1,pgadmin,5.089,settle,62170,11517710578845,pgAdmin 4,60819136,0.566572250
1,pgadmin,5.089,settle,62173,11517721417019,pgAdmin 4 Helper,8356704,0.183228625
1,pgadmin,5.344,settle,62172,11517721332230,pgAdmin 4 Helper,223413208,0.215148458
1,pgadmin,5.344,settle,62202,11517815220294,pgAdmin 4 Helper (Renderer),199968328,1.190550292
1,pgadmin,5.344,settle,62176,11517725357554,Python,160105192,3.204092500
1,pgadmin,5.344,settle,62170,11517710578845,pgAdmin 4,62277336,0.599767625
1,pgadmin,5.344,settle,62173,11517721417019,pgAdmin 4 Helper,8487776,0.199232583
1,pgadmin,5.600,settle,62202,11517815220294,pgAdmin 4 Helper (Renderer),235489032,1.442448667
1,pgadmin,5.600,settle,62172,11517721332230,pgAdmin 4 Helper,224363504,0.218701583
1,pgadmin,5.600,settle,62176,11517725357554,Python,160154344,3.209009125
1,pgadmin,5.600,settle,62170,11517710578845,pgAdmin 4,62342872,0.617905167
1,pgadmin,5.600,settle,62173,11517721417019,pgAdmin 4 Helper,8487776,0.203132708
1,pgadmin,5.855,settle,62202,11517815220294,pgAdmin 4 Helper (Renderer),239699720,1.645259000
1,pgadmin,5.855,settle,62172,11517721332230,pgAdmin 4 Helper,224379888,0.226380083
1,pgadmin,5.855,settle,62176,11517725357554,Python,160449256,3.227171042
1,pgadmin,5.855,settle,62170,11517710578845,pgAdmin 4,62654168,0.628454333
1,pgadmin,5.855,settle,62173,11517721417019,pgAdmin 4 Helper,8569696,0.208776125
1,pgadmin,6.110,settle,62172,11517721332230,pgAdmin 4 Helper,291292168,0.261735875
1,pgadmin,6.110,settle,62202,11517815220294,pgAdmin 4 Helper (Renderer),268257056,1.848231917
1,pgadmin,6.110,settle,62176,11517725357554,Python,161415960,3.280079292
1,pgadmin,6.110,settle,62170,11517710578845,pgAdmin 4,62686936,0.633516417
1,pgadmin,6.110,settle,62173,11517721417019,pgAdmin 4 Helper,8553312,0.216565292
1,pgadmin,6.360,settle,62172,11517721332230,pgAdmin 4 Helper,291308576,0.268665333
1,pgadmin,6.360,settle,62202,11517815220294,pgAdmin 4 Helper (Renderer),268863264,1.872143083
1,pgadmin,6.360,settle,62176,11517725357554,Python,161415960,3.280079292
1,pgadmin,6.360,settle,62170,11517710578845,pgAdmin 4,62883544,0.664118625
1,pgadmin,6.360,settle,62173,11517721417019,pgAdmin 4 Helper,8553312,0.216565292
1,pgadmin,6.615,settle,62172,11517721332230,pgAdmin 4 Helper,291308576,0.271206000
1,pgadmin,6.615,settle,62202,11517815220294,pgAdmin 4 Helper (Renderer),269698848,1.887652667
1,pgadmin,6.615,settle,62176,11517725357554,Python,161432344,3.284894458
1,pgadmin,6.615,settle,62170,11517710578845,pgAdmin 4,62981848,0.670106667
1,pgadmin,6.615,settle,62223,11517862877364,com.apple.SafariPlatformSupport,9716312,0.109705042
1,pgadmin,6.615,settle,62173,11517721417019,pgAdmin 4 Helper,8553312,0.217654958
1,pgadmin,6.866,settle,62172,11517721332230,pgAdmin 4 Helper,291292168,0.279120292
1,pgadmin,6.866,settle,62202,11517815220294,pgAdmin 4 Helper (Renderer),269780768,1.906581167
1,pgadmin,6.866,settle,62176,11517725357554,Python,161432344,3.284894458
1,pgadmin,6.866,settle,62170,11517710578845,pgAdmin 4,62998232,0.670603958
1,pgadmin,6.866,settle,62223,11517862877364,com.apple.SafariPlatformSupport,9732696,0.111289500
1,pgadmin,6.866,settle,62173,11517721417019,pgAdmin 4 Helper,8553312,0.217654958
1,pgadmin,7.120,settle,62172,11517721332230,pgAdmin 4 Helper,291275784,0.285615958
1,pgadmin,7.120,settle,62202,11517815220294,pgAdmin 4 Helper (Renderer),269879072,1.933050042
1,pgadmin,7.120,settle,62176,11517725357554,Python,161432344,3.284990542
1,pgadmin,7.120,settle,62170,11517710578845,pgAdmin 4,62998232,0.670603958
1,pgadmin,7.120,settle,62223,11517862877364,com.apple.SafariPlatformSupport,9732696,0.111289500
1,pgadmin,7.120,settle,62173,11517721417019,pgAdmin 4 Helper,8553312,0.217654958
1,pgadmin,7.375,settle,62172,11517721332230,pgAdmin 4 Helper,275956744,0.296762042
1,pgadmin,7.375,settle,62202,11517815220294,pgAdmin 4 Helper (Renderer),269960992,1.960227000
1,pgadmin,7.375,settle,62176,11517725357554,Python,161432344,3.284990542
1,pgadmin,7.375,settle,62170,11517710578845,pgAdmin 4,62998232,0.670603958
1,pgadmin,7.375,settle,62223,11517862877364,com.apple.SafariPlatformSupport,9732696,0.111289500
1,pgadmin,7.375,settle,62173,11517721417019,pgAdmin 4 Helper,8553312,0.217654958
1,pgadmin,7.630,settle,62202,11517815220294,pgAdmin 4 Helper (Renderer),269977376,1.988402000
1,pgadmin,7.630,settle,62172,11517721332230,pgAdmin 4 Helper,254903304,0.306726667
1,pgadmin,7.630,settle,62176,11517725357554,Python,161432344,3.285080125
1,pgadmin,7.630,settle,62170,11517710578845,pgAdmin 4,62998232,0.670753250
1,pgadmin,7.630,settle,62223,11517862877364,com.apple.SafariPlatformSupport,9732696,0.111536792
1,pgadmin,7.630,settle,62173,11517721417019,pgAdmin 4 Helper,8553312,0.217654958
1,pgadmin,7.882,settle,62202,11517815220294,pgAdmin 4 Helper (Renderer),270059296,2.015414958
1,pgadmin,7.882,settle,62172,11517721332230,pgAdmin 4 Helper,254903304,0.315128000
1,pgadmin,7.882,settle,62176,11517725357554,Python,161432344,3.285080125
1,pgadmin,7.882,settle,62170,11517710578845,pgAdmin 4,62998232,0.670753250
1,pgadmin,7.882,settle,62223,11517862877364,com.apple.SafariPlatformSupport,9732696,0.111536792
1,pgadmin,7.882,settle,62173,11517721417019,pgAdmin 4 Helper,8553312,0.217654958
1,pgadmin,8.138,settle,62202,11517815220294,pgAdmin 4 Helper (Renderer),272975672,2.058327792
1,pgadmin,8.138,settle,62172,11517721332230,pgAdmin 4 Helper,254886920,0.321940458
1,pgadmin,8.138,settle,62176,11517725357554,Python,161432344,3.295422958
1,pgadmin,8.138,settle,62170,11517710578845,pgAdmin 4,62998232,0.671953542
1,pgadmin,8.138,settle,62223,11517862877364,com.apple.SafariPlatformSupport,9732696,0.111536792
1,pgadmin,8.138,settle,62173,11517721417019,pgAdmin 4 Helper,8553312,0.222544750
1,pgadmin,8.393,settle,62202,11517815220294,pgAdmin 4 Helper (Renderer),273073976,2.083206542
1,pgadmin,8.393,settle,62172,11517721332230,pgAdmin 4 Helper,254886920,0.330078208
1,pgadmin,8.393,settle,62176,11517725357554,Python,161432344,3.295422958
1,pgadmin,8.393,settle,62170,11517710578845,pgAdmin 4,62998232,0.671953542
1,pgadmin,8.393,settle,62223,11517862877364,com.apple.SafariPlatformSupport,9732696,0.111536792
1,pgadmin,8.393,settle,62173,11517721417019,pgAdmin 4 Helper,8553312,0.222544750
1,pgadmin,8.644,settle,62202,11517815220294,pgAdmin 4 Helper (Renderer),273188664,2.105770375
1,pgadmin,8.644,settle,62172,11517721332230,pgAdmin 4 Helper,254919688,0.340246500
1,pgadmin,8.644,settle,62176,11517725357554,Python,161432344,3.295502958
1,pgadmin,8.644,settle,62170,11517710578845,pgAdmin 4,62998232,0.673439208
1,pgadmin,8.644,settle,62223,11517862877364,com.apple.SafariPlatformSupport,9732696,0.111646667
1,pgadmin,8.644,settle,62173,11517721417019,pgAdmin 4 Helper,8553312,0.222544750
1,pgadmin,8.899,settle,62202,11517815220294,pgAdmin 4 Helper (Renderer),273270584,2.132379750
1,pgadmin,8.899,settle,62172,11517721332230,pgAdmin 4 Helper,254903304,0.348812208
1,pgadmin,8.899,settle,62176,11517725357554,Python,161432344,3.295502958
1,pgadmin,8.899,settle,62170,11517710578845,pgAdmin 4,62998232,0.673439208
1,pgadmin,8.899,settle,62223,11517862877364,com.apple.SafariPlatformSupport,9732696,0.111747417
1,pgadmin,8.899,settle,62173,11517721417019,pgAdmin 4 Helper,8553312,0.222544750
1,pgadmin,9.154,settle,62202,11517815220294,pgAdmin 4 Helper (Renderer),273368888,2.159593667
1,pgadmin,9.154,settle,62172,11517721332230,pgAdmin 4 Helper,254903304,0.355287792
1,pgadmin,9.154,settle,62176,11517725357554,Python,161432344,3.295582917
1,pgadmin,9.154,settle,62170,11517710578845,pgAdmin 4,62998232,0.673439208
1,pgadmin,9.154,settle,62223,11517862877364,com.apple.SafariPlatformSupport,9732696,0.111747417
1,pgadmin,9.154,settle,62173,11517721417019,pgAdmin 4 Helper,8553312,0.222544750
1,pgadmin,9.405,settle,62202,11517815220294,pgAdmin 4 Helper (Renderer),273467192,2.186064125
1,pgadmin,9.405,settle,62172,11517721332230,pgAdmin 4 Helper,254886920,0.363867083
1,pgadmin,9.405,settle,62176,11517725357554,Python,161432344,3.295582917
1,pgadmin,9.405,settle,62170,11517710578845,pgAdmin 4,63014616,0.673534167
1,pgadmin,9.405,settle,62223,11517862877364,com.apple.SafariPlatformSupport,9732696,0.111848458
1,pgadmin,9.405,settle,62173,11517721417019,pgAdmin 4 Helper,8553312,0.222544750
1,pgadmin,9.660,query,62202,11517815220294,pgAdmin 4 Helper (Renderer),273565496,2.204513167
1,pgadmin,9.660,query,62172,11517721332230,pgAdmin 4 Helper,254886920,0.368517458
1,pgadmin,9.660,query,62176,11517725357554,Python,161432344,3.295625750
1,pgadmin,9.660,query,62170,11517710578845,pgAdmin 4,63014616,0.673618792
1,pgadmin,9.660,query,62223,11517862877364,com.apple.SafariPlatformSupport,9732696,0.111848458
1,pgadmin,9.660,query,62173,11517721417019,pgAdmin 4 Helper,8553312,0.222544750
1,pgadmin,9.911,query,62202,11517815220294,pgAdmin 4 Helper (Renderer),273614648,2.230236542
1,pgadmin,9.911,query,62172,11517721332230,pgAdmin 4 Helper,254903304,0.378616500
1,pgadmin,9.911,query,62176,11517725357554,Python,161432344,3.295625750
1,pgadmin,9.911,query,62170,11517710578845,pgAdmin 4,62916312,0.674306792
1,pgadmin,9.911,query,62223,11517862877364,com.apple.SafariPlatformSupport,9732696,0.111848458
1,pgadmin,9.911,query,62173,11517721417019,pgAdmin 4 Helper,8553312,0.222544750
1,pgadmin,10.166,query,62202,11517815220294,pgAdmin 4 Helper (Renderer),277677880,2.291069167
1,pgadmin,10.166,query,62172,11517721332230,pgAdmin 4 Helper,254903304,0.383387083
1,pgadmin,10.166,query,62176,11517725357554,Python,161465112,3.306232375
1,pgadmin,10.166,query,62170,11517710578845,pgAdmin 4,62916312,0.675477333
1,pgadmin,10.166,query,62223,11517862877364,com.apple.SafariPlatformSupport,9732696,0.111848458
1,pgadmin,10.166,query,62173,11517721417019,pgAdmin 4 Helper,8553312,0.227486167
1,pgadmin,10.421,query,62202,11517815220294,pgAdmin 4 Helper (Renderer),277825336,2.319819792
1,pgadmin,10.421,query,62172,11517721332230,pgAdmin 4 Helper,254903304,0.392619708
1,pgadmin,10.421,query,62176,11517725357554,Python,161448728,3.306304167
1,pgadmin,10.421,query,62170,11517710578845,pgAdmin 4,62916312,0.675477333
1,pgadmin,10.421,query,62223,11517862877364,com.apple.SafariPlatformSupport,9732696,0.111848458
1,pgadmin,10.421,query,62173,11517721417019,pgAdmin 4 Helper,8553312,0.227486167
1,pgadmin,10.677,query,62202,11517815220294,pgAdmin 4 Helper (Renderer),277989176,2.343326917
1,pgadmin,10.677,query,62172,11517721332230,pgAdmin 4 Helper,254903304,0.399837833
1,pgadmin,10.677,query,62176,11517725357554,Python,161481496,3.307330542
1,pgadmin,10.677,query,62170,11517710578845,pgAdmin 4,62916312,0.675708833
1,pgadmin,10.677,query,62223,11517862877364,com.apple.SafariPlatformSupport,9732696,0.111987917
1,pgadmin,10.677,query,62173,11517721417019,pgAdmin 4 Helper,8553312,0.227486167
1,pgadmin,10.932,query,62202,11517815220294,pgAdmin 4 Helper (Renderer),278120248,2.371221958
1,pgadmin,10.932,query,62172,11517721332230,pgAdmin 4 Helper,254886920,0.406816167
1,pgadmin,10.932,query,62176,11517725357554,Python,161481496,3.307330542
1,pgadmin,10.932,query,62170,11517710578845,pgAdmin 4,62916312,0.675708833
1,pgadmin,10.932,query,62223,11517862877364,com.apple.SafariPlatformSupport,9732696,0.111987917
1,pgadmin,10.932,query,62173,11517721417019,pgAdmin 4 Helper,8553312,0.227486167
1,pgadmin,11.187,query,62202,11517815220294,pgAdmin 4 Helper (Renderer),278300472,2.400369083
1,pgadmin,11.187,query,62176,11517725357554,Python,161481496,3.307414042
1,pgadmin,11.187,query,62172,11517721332230,pgAdmin 4 Helper,104449032,0.433682333
1,pgadmin,11.187,query,62170,11517710578845,pgAdmin 4,62916312,0.675708833
1,pgadmin,11.187,query,62223,11517862877364,com.apple.SafariPlatformSupport,9732696,0.111987917
1,pgadmin,11.187,query,62173,11517721417019,pgAdmin 4 Helper,8553312,0.227486167
1,pgadmin,11.442,query,62202,11517815220294,pgAdmin 4 Helper (Renderer),278447928,2.428459542
1,pgadmin,11.442,query,62176,11517725357554,Python,161481496,3.307414042
1,pgadmin,11.442,query,62172,11517721332230,pgAdmin 4 Helper,104432648,0.441261625
1,pgadmin,11.442,query,62170,11517710578845,pgAdmin 4,62883544,0.676140833
1,pgadmin,11.442,query,62223,11517862877364,com.apple.SafariPlatformSupport,9732696,0.111987917
1,pgadmin,11.442,query,62173,11517721417019,pgAdmin 4 Helper,8553312,0.227486167
1,pgadmin,11.697,query,62202,11517815220294,pgAdmin 4 Helper (Renderer),278579000,2.454547292
1,pgadmin,11.697,query,62176,11517725357554,Python,161481496,3.307517000
1,pgadmin,11.697,query,62172,11517721332230,pgAdmin 4 Helper,104432648,0.449731083
1,pgadmin,11.697,query,62170,11517710578845,pgAdmin 4,62785240,0.677544167
1,pgadmin,11.697,query,62223,11517862877364,com.apple.SafariPlatformSupport,9732696,0.112657583
1,pgadmin,11.697,query,62173,11517721417019,pgAdmin 4 Helper,8553312,0.227486167
1,pgadmin,11.952,query,62202,11517815220294,pgAdmin 4 Helper (Renderer),278693688,2.477640708
1,pgadmin,11.952,query,62176,11517725357554,Python,161481496,3.307517000
1,pgadmin,11.952,query,62172,11517721332230,pgAdmin 4 Helper,104416264,0.456464250
1,pgadmin,11.952,query,62170,11517710578845,pgAdmin 4,62785240,0.677544167
1,pgadmin,11.952,query,62223,11517862877364,com.apple.SafariPlatformSupport,9683544,0.112760417
1,pgadmin,11.952,query,62173,11517721417019,pgAdmin 4 Helper,8553312,0.227486167
1,pgadmin,12.203,query,62202,11517815220294,pgAdmin 4 Helper (Renderer),281528120,2.518100250
1,pgadmin,12.203,query,62176,11517725357554,Python,161481496,3.318638917
1,pgadmin,12.203,query,62172,11517721332230,pgAdmin 4 Helper,104449032,0.464846042
1,pgadmin,12.203,query,62170,11517710578845,pgAdmin 4,62785240,0.678709458
1,pgadmin,12.203,query,62223,11517862877364,com.apple.SafariPlatformSupport,9683544,0.112760417
1,pgadmin,12.203,query,62173,11517721417019,pgAdmin 4 Helper,8553312,0.232428958
1,pgadmin,12.458,query,62202,11517815220294,pgAdmin 4 Helper (Renderer),281708344,2.537338375
1,pgadmin,12.458,query,62176,11517725357554,Python,161481496,3.318638917
1,pgadmin,12.458,query,62172,11517721332230,pgAdmin 4 Helper,104432648,0.470102000
1,pgadmin,12.458,query,62170,11517710578845,pgAdmin 4,62785240,0.678709458
1,pgadmin,12.458,query,62223,11517862877364,com.apple.SafariPlatformSupport,9683544,0.112760417
1,pgadmin,12.458,query,62173,11517721417019,pgAdmin 4 Helper,8553312,0.232428958
1,pgadmin,12.713,query,62202,11517815220294,pgAdmin 4 Helper (Renderer),281823032,2.564515875
1,pgadmin,12.713,query,62176,11517725357554,Python,161481496,3.318712750
1,pgadmin,12.713,query,62172,11517721332230,pgAdmin 4 Helper,104449032,0.477860917
1,pgadmin,12.713,query,62170,11517710578845,pgAdmin 4,62785240,0.678846792
1,pgadmin,12.713,query,62223,11517862877364,com.apple.SafariPlatformSupport,9683544,0.112760417
1,pgadmin,12.713,query,62173,11517721417019,pgAdmin 4 Helper,8553312,0.232473792
1,pgadmin,12.968,query,62202,11517815220294,pgAdmin 4 Helper (Renderer),282019640,2.583172667
1,pgadmin,12.968,query,62176,11517725357554,Python,161481496,3.318712750
1,pgadmin,12.968,query,62172,11517721332230,pgAdmin 4 Helper,104383496,0.484234833
1,pgadmin,12.968,query,62170,11517710578845,pgAdmin 4,62785240,0.680222208
1,pgadmin,12.968,query,62223,11517862877364,com.apple.SafariPlatformSupport,9683544,0.112760417
1,pgadmin,12.968,query,62173,11517721417019,pgAdmin 4 Helper,8553312,0.232473792
1,pgadmin,13.222,query,62202,11517815220294,pgAdmin 4 Helper (Renderer),282150712,2.607043083
1,pgadmin,13.222,query,62176,11517725357554,Python,161481496,3.318765042
1,pgadmin,13.222,query,62172,11517721332230,pgAdmin 4 Helper,104399880,0.491890958
1,pgadmin,13.222,query,62170,11517710578845,pgAdmin 4,62785240,0.680222208
1,pgadmin,13.222,query,62223,11517862877364,com.apple.SafariPlatformSupport,9683544,0.112760417
1,pgadmin,13.222,query,62173,11517721417019,pgAdmin 4 Helper,8553312,0.232473792
1,pgadmin,13.478,query,62202,11517815220294,pgAdmin 4 Helper (Renderer),282281784,2.628118208
1,pgadmin,13.478,query,62176,11517725357554,Python,161481496,3.318819583
1,pgadmin,13.478,query,62172,11517721332230,pgAdmin 4 Helper,104399880,0.499609792
1,pgadmin,13.478,query,62170,11517710578845,pgAdmin 4,62785240,0.681863625
1,pgadmin,13.478,query,62223,11517862877364,com.apple.SafariPlatformSupport,9683544,0.112760417
1,pgadmin,13.478,query,62173,11517721417019,pgAdmin 4 Helper,8553312,0.232473792
1,pgadmin,13.733,query,62202,11517815220294,pgAdmin 4 Helper (Renderer),282429240,2.647729083
1,pgadmin,13.733,query,62176,11517725357554,Python,161481496,3.318819583
1,pgadmin,13.733,query,62172,11517721332230,pgAdmin 4 Helper,104416264,0.505569792
1,pgadmin,13.733,query,62170,11517710578845,pgAdmin 4,62785240,0.681863625
1,pgadmin,13.733,query,62223,11517862877364,com.apple.SafariPlatformSupport,9683544,0.112760417
1,pgadmin,13.733,query,62173,11517721417019,pgAdmin 4 Helper,8553312,0.232473792
1,pgadmin,13.986,query,62202,11517815220294,pgAdmin 4 Helper (Renderer),284510008,2.676481292
1,pgadmin,13.986,query,62176,11517725357554,Python,161481496,3.326784583
1,pgadmin,13.986,query,62172,11517721332230,pgAdmin 4 Helper,104399880,0.510215625
1,pgadmin,13.986,query,62170,11517710578845,pgAdmin 4,62785240,0.682706542
1,pgadmin,13.986,query,62223,11517862877364,com.apple.SafariPlatformSupport,9683544,0.112760417
1,pgadmin,13.986,query,62173,11517721417019,pgAdmin 4 Helper,8553312,0.235586792
1,pgadmin,14.239,query,62202,11517815220294,pgAdmin 4 Helper (Renderer),294127416,2.956732333
1,pgadmin,14.239,query,62176,11517725357554,Python,161481496,3.326784583
1,pgadmin,14.239,query,62172,11517721332230,pgAdmin 4 Helper,104383496,0.516156958
1,pgadmin,14.239,query,62170,11517710578845,pgAdmin 4,62785240,0.682801833
1,pgadmin,14.239,query,62223,11517862877364,com.apple.SafariPlatformSupport,9634392,0.112901292
1,pgadmin,14.239,query,62173,11517721417019,pgAdmin 4 Helper,8553312,0.235586792
1,pgadmin,14.494,query,62202,11517815220294,pgAdmin 4 Helper (Renderer),294127416,2.979173292
1,pgadmin,14.494,query,62176,11517725357554,Python,161481496,3.326867292
1,pgadmin,14.494,query,62172,11517721332230,pgAdmin 4 Helper,104383496,0.521997708
1,pgadmin,14.494,query,62170,11517710578845,pgAdmin 4,62785240,0.682982333
1,pgadmin,14.494,query,62223,11517862877364,com.apple.SafariPlatformSupport,9634392,0.112901292
1,pgadmin,14.494,query,62173,11517721417019,pgAdmin 4 Helper,8553312,0.235586792
1,pgadmin,14.749,query,62202,11517815220294,pgAdmin 4 Helper (Renderer),294127416,3.003575250
1,pgadmin,14.749,query,62176,11517725357554,Python,161481496,3.326867292
1,pgadmin,14.749,query,62172,11517721332230,pgAdmin 4 Helper,104399880,0.532779708
1,pgadmin,14.749,query,62170,11517710578845,pgAdmin 4,62785240,0.683199000
1,pgadmin,14.749,query,62223,11517862877364,com.apple.SafariPlatformSupport,9634392,0.112901292
1,pgadmin,14.749,query,62173,11517721417019,pgAdmin 4 Helper,8553312,0.235586792
1,pgadmin,15.003,query,62202,11517815220294,pgAdmin 4 Helper (Renderer),294127416,3.024555833
1,pgadmin,15.003,query,62176,11517725357554,Python,161481496,3.326924417
1,pgadmin,15.003,query,62172,11517721332230,pgAdmin 4 Helper,104399880,0.538462708
1,pgadmin,15.003,query,62170,11517710578845,pgAdmin 4,62785240,0.683266875
1,pgadmin,15.003,query,62223,11517862877364,com.apple.SafariPlatformSupport,9634392,0.112901292
1,pgadmin,15.003,query,62173,11517721417019,pgAdmin 4 Helper,8553312,0.235586792
1,pgadmin,15.257,query,62202,11517815220294,pgAdmin 4 Helper (Renderer),294127416,3.047336875
1,pgadmin,15.257,query,62176,11517725357554,Python,161481496,3.326924417
1,pgadmin,15.257,query,62172,11517721332230,pgAdmin 4 Helper,104399880,0.546077500
1,pgadmin,15.257,query,62170,11517710578845,pgAdmin 4,62785240,0.683266875
1,pgadmin,15.257,query,62223,11517862877364,com.apple.SafariPlatformSupport,9634392,0.112901292
1,pgadmin,15.257,query,62173,11517721417019,pgAdmin 4 Helper,8553312,0.235586792
1,pgadmin,15.508,query,62202,11517815220294,pgAdmin 4 Helper (Renderer),294192952,3.071474625
1,pgadmin,15.508,query,62176,11517725357554,Python,161481496,3.327027083
1,pgadmin,15.508,query,62172,11517721332230,pgAdmin 4 Helper,104383496,0.552036792
1,pgadmin,15.508,query,62170,11517710578845,pgAdmin 4,62785240,0.684530792
1,pgadmin,15.508,query,62223,11517862877364,com.apple.SafariPlatformSupport,9634392,0.112901292
1,pgadmin,15.508,query,62173,11517721417019,pgAdmin 4 Helper,8553312,0.235586792
1,pgadmin,15.763,query,62202,11517815220294,pgAdmin 4 Helper (Renderer),294356792,3.101150625
1,pgadmin,15.763,query,62176,11517725357554,Python,161481496,3.327027083
1,pgadmin,15.763,query,62172,11517721332230,pgAdmin 4 Helper,125748232,0.563483333
1,pgadmin,15.763,query,62170,11517710578845,pgAdmin 4,62801624,0.687940500
1,pgadmin,15.763,query,62223,11517862877364,com.apple.SafariPlatformSupport,9634392,0.112901292
1,pgadmin,15.763,query,62173,11517721417019,pgAdmin 4 Helper,8553312,0.235586792
1,pgadmin,16.015,query,62202,11517815220294,pgAdmin 4 Helper (Renderer),298747704,3.265369250
1,pgadmin,16.015,query,62172,11517721332230,pgAdmin 4 Helper,177374216,0.589272958
1,pgadmin,16.015,query,62176,11517725357554,Python,163382040,3.358894667
1,pgadmin,16.015,query,62170,11517710578845,pgAdmin 4,63538904,0.707936708
1,pgadmin,16.015,query,62223,11517862877364,com.apple.SafariPlatformSupport,9667184,0.113338708
1,pgadmin,16.015,query,62173,11517721417019,pgAdmin 4 Helper,8553312,0.241085792
1,pgadmin,16.270,query,62202,11517815220294,pgAdmin 4 Helper (Renderer),298813240,3.289783125
1,pgadmin,16.270,query,62172,11517721332230,pgAdmin 4 Helper,178029576,0.601805667
1,pgadmin,16.270,query,62176,11517725357554,Python,163300096,3.359058625
1,pgadmin,16.270,query,62170,11517710578845,pgAdmin 4,63538904,0.708940208
1,pgadmin,16.270,query,62223,11517862877364,com.apple.SafariPlatformSupport,9667184,0.113338708
1,pgadmin,16.270,query,62173,11517721417019,pgAdmin 4 Helper,8553312,0.241085792
1,pgadmin,16.525,query,62202,11517815220294,pgAdmin 4 Helper (Renderer),298829624,3.310743625
1,pgadmin,16.525,query,62172,11517721332230,pgAdmin 4 Helper,178029576,0.608414000
1,pgadmin,16.525,query,62176,11517725357554,Python,163300096,3.359154667
1,pgadmin,16.525,query,62170,11517710578845,pgAdmin 4,63538904,0.709497667
1,pgadmin,16.525,query,62223,11517862877364,com.apple.SafariPlatformSupport,9667184,0.113338708
1,pgadmin,16.525,query,62173,11517721417019,pgAdmin 4 Helper,8553312,0.241085792
1,pgadmin,16.777,query,62202,11517815220294,pgAdmin 4 Helper (Renderer),298829624,3.329422792
1,pgadmin,16.777,query,62172,11517721332230,pgAdmin 4 Helper,178029576,0.614442167
1,pgadmin,16.777,query,62176,11517725357554,Python,163300096,3.359154667
1,pgadmin,16.777,query,62170,11517710578845,pgAdmin 4,63538904,0.709497667
1,pgadmin,16.777,query,62223,11517862877364,com.apple.SafariPlatformSupport,9667184,0.113338708
1,pgadmin,16.777,query,62173,11517721417019,pgAdmin 4 Helper,8553312,0.241085792
1,pgadmin,17.032,query,62202,11517815220294,pgAdmin 4 Helper (Renderer),298829624,3.348782667
1,pgadmin,17.032,query,62172,11517721332230,pgAdmin 4 Helper,178029576,0.620743333
1,pgadmin,17.032,query,62176,11517725357554,Python,163300096,3.359241792
1,pgadmin,17.032,query,62170,11517710578845,pgAdmin 4,63571672,0.709950792
1,pgadmin,17.032,query,62223,11517862877364,com.apple.SafariPlatformSupport,9667184,0.113515208
1,pgadmin,17.032,query,62173,11517721417019,pgAdmin 4 Helper,8553312,0.241085792
1,pgadmin,17.287,query,62202,11517815220294,pgAdmin 4 Helper (Renderer),298829624,3.364744833
1,pgadmin,17.287,query,62172,11517721332230,pgAdmin 4 Helper,175932424,0.626248333
1,pgadmin,17.287,query,62176,11517725357554,Python,163300096,3.359241792
1,pgadmin,17.287,query,62170,11517710578845,pgAdmin 4,63571672,0.709950792
1,pgadmin,17.287,query,62223,11517862877364,com.apple.SafariPlatformSupport,9667184,0.113515208
1,pgadmin,17.287,query,62173,11517721417019,pgAdmin 4 Helper,8553312,0.241085792
1,pgadmin,17.542,query,62202,11517815220294,pgAdmin 4 Helper (Renderer),302991160,3.509258292
1,pgadmin,17.542,query,62172,11517721332230,pgAdmin 4 Helper,223003656,0.668785875
1,pgadmin,17.542,query,62176,11517725357554,Python,163300096,3.359276708
1,pgadmin,17.542,query,62170,11517710578845,pgAdmin 4,64161496,0.725497458
1,pgadmin,17.542,query,62223,11517862877364,com.apple.SafariPlatformSupport,9667184,0.113515208
1,pgadmin,17.542,query,62173,11517721417019,pgAdmin 4 Helper,8553312,0.241085792
1,pgadmin,17.796,query,62202,11517815220294,pgAdmin 4 Helper (Renderer),314918712,3.666581958
1,pgadmin,17.796,query,62172,11517721332230,pgAdmin 4 Helper,237257760,0.708264167
1,pgadmin,17.796,query,62176,11517725357554,Python,163300096,3.359276708
1,pgadmin,17.796,query,62170,11517710578845,pgAdmin 4,64767704,0.740280375
1,pgadmin,17.796,query,62223,11517862877364,com.apple.SafariPlatformSupport,9667184,0.113515208
1,pgadmin,17.796,query,62173,11517721417019,pgAdmin 4 Helper,8553312,0.241085792
1,pgadmin,18.048,query,62202,11517815220294,pgAdmin 4 Helper (Renderer),317130552,3.739466875
1,pgadmin,18.048,query,62172,11517721332230,pgAdmin 4 Helper,233980960,0.725101625
1,pgadmin,18.048,query,62176,11517725357554,Python,163300096,3.364265917
1,pgadmin,18.048,query,62170,11517710578845,pgAdmin 4,64767704,0.749458042
1,pgadmin,18.048,query,62223,11517862877364,com.apple.SafariPlatformSupport,9667184,0.113515208
1,pgadmin,18.048,query,62173,11517721417019,pgAdmin 4 Helper,8553312,0.243206292
1,pgadmin,18.303,query,62202,11517815220294,pgAdmin 4 Helper (Renderer),321406776,3.826465625
1,pgadmin,18.303,query,62172,11517721332230,pgAdmin 4 Helper,233014280,0.750049208
1,pgadmin,18.303,query,62176,11517725357554,Python,163300096,3.364265917
1,pgadmin,18.303,query,62170,11517710578845,pgAdmin 4,64784088,0.760231667
1,pgadmin,18.303,query,62223,11517862877364,com.apple.SafariPlatformSupport,9667184,0.113515208
1,pgadmin,18.303,query,62173,11517721417019,pgAdmin 4 Helper,8553312,0.243206292
1,pgadmin,18.556,query,62202,11517815220294,pgAdmin 4 Helper (Renderer),328877904,3.970562500
1,pgadmin,18.556,query,62172,11517721332230,pgAdmin 4 Helper,233014304,0.789107917
1,pgadmin,18.556,query,62176,11517725357554,Python,163300096,3.364324542
1,pgadmin,18.556,query,62170,11517710578845,pgAdmin 4,64800472,0.777996500
1,pgadmin,18.556,query,62223,11517862877364,com.apple.SafariPlatformSupport,9667184,0.113515208
1,pgadmin,18.556,query,62173,11517721417019,pgAdmin 4 Helper,8553312,0.243206292
1,pgadmin,18.811,query,62202,11517815220294,pgAdmin 4 Helper (Renderer),331695952,4.047027875
1,pgadmin,18.811,query,62172,11517721332230,pgAdmin 4 Helper,233030688,0.815068042
1,pgadmin,18.811,query,62176,11517725357554,Python,163300096,3.364324542
1,pgadmin,18.811,query,62170,11517710578845,pgAdmin 4,64816856,0.789666958
1,pgadmin,18.811,query,62223,11517862877364,com.apple.SafariPlatformSupport,12026480,0.113515208
1,pgadmin,18.811,query,62173,11517721417019,pgAdmin 4 Helper,8553312,0.243206292
1,pgadmin,19.065,query,62202,11517815220294,pgAdmin 4 Helper (Renderer),336217936,4.120636000
1,pgadmin,19.065,query,62172,11517721332230,pgAdmin 4 Helper,232997920,0.842864417
1,pgadmin,19.065,query,62176,11517725357554,Python,163300096,3.364362458
1,pgadmin,19.065,query,62170,11517710578845,pgAdmin 4,64833240,0.800202542
1,pgadmin,19.065,query,62223,11517862877364,com.apple.SafariPlatformSupport,12026480,0.113515208
1,pgadmin,19.065,query,62173,11517721417019,pgAdmin 4 Helper,8553312,0.243206292
1,pgadmin,19.316,query,62202,11517815220294,pgAdmin 4 Helper (Renderer),342067024,4.261973542
1,pgadmin,19.316,query,62172,11517721332230,pgAdmin 4 Helper,233571360,0.885885042
1,pgadmin,19.316,query,62176,11517725357554,Python,163300096,3.364362458
1,pgadmin,19.316,query,62170,11517710578845,pgAdmin 4,64833240,0.818149167
1,pgadmin,19.316,query,62223,11517862877364,com.apple.SafariPlatformSupport,12026480,0.113515208
1,pgadmin,19.316,query,62173,11517721417019,pgAdmin 4 Helper,8553312,0.243206292
1,pgadmin,19.572,query,62202,11517815220294,pgAdmin 4 Helper (Renderer),350799720,4.376551208
1,pgadmin,19.572,query,62172,11517721332230,pgAdmin 4 Helper,233571360,0.923522000
1,pgadmin,19.572,query,62176,11517725357554,Python,163300096,3.364400083
1,pgadmin,19.572,query,62170,11517710578845,pgAdmin 4,64915160,0.831333333
1,pgadmin,19.572,query,62223,11517862877364,com.apple.SafariPlatformSupport,12026480,0.113515208
1,pgadmin,19.572,query,62173,11517721417019,pgAdmin 4 Helper,8553312,0.243206292
1,pgadmin,19.826,query,62202,11517815220294,pgAdmin 4 Helper (Renderer),355125096,4.461356667
1,pgadmin,19.826,query,62172,11517721332230,pgAdmin 4 Helper,233571360,0.950074792
1,pgadmin,19.826,query,62176,11517725357554,Python,163300096,3.364400083
1,pgadmin,19.826,query,62170,11517710578845,pgAdmin 4,64915160,0.844629250
1,pgadmin,19.826,query,62223,11517862877364,com.apple.SafariPlatformSupport,12026480,0.113515208
1,pgadmin,19.826,query,62173,11517721417019,pgAdmin 4 Helper,8553312,0.243206292
1,pgadmin,20.082,query,62202,11517815220294,pgAdmin 4 Helper (Renderer),362350440,4.575571750
1,pgadmin,20.082,query,62172,11517721332230,pgAdmin 4 Helper,233571360,0.986982625
1,pgadmin,20.082,query,62176,11517725357554,Python,163300096,3.369132458
1,pgadmin,20.082,query,62170,11517710578845,pgAdmin 4,64931544,0.858842958
1,pgadmin,20.082,query,62223,11517862877364,com.apple.SafariPlatformSupport,12026480,0.113515208
1,pgadmin,20.082,query,62173,11517721417019,pgAdmin 4 Helper,8553312,0.245397375
1,pgadmin,20.337,query,62202,11517815220294,pgAdmin 4 Helper (Renderer),365873000,4.652461458
1,pgadmin,20.337,query,62172,11517721332230,pgAdmin 4 Helper,233571360,1.006942042
1,pgadmin,20.337,query,62176,11517725357554,Python,163300096,3.369132458
1,pgadmin,20.337,query,62170,11517710578845,pgAdmin 4,64964312,0.869674917
1,pgadmin,20.337,query,62223,11517862877364,com.apple.SafariPlatformSupport,12026480,0.113515208
1,pgadmin,20.337,query,62173,11517721417019,pgAdmin 4 Helper,8553312,0.245397375
1,pgadmin,20.591,query,62202,11517815220294,pgAdmin 4 Helper (Renderer),369641344,4.736801000
1,pgadmin,20.591,query,62172,11517721332230,pgAdmin 4 Helper,252888096,1.042246542
1,pgadmin,20.591,query,62176,11517725357554,Python,163300096,3.369181167
1,pgadmin,20.591,query,62170,11517710578845,pgAdmin 4,64964312,0.885562542
1,pgadmin,20.591,query,62223,11517862877364,com.apple.SafariPlatformSupport,12026480,0.113515208
1,pgadmin,20.591,query,62173,11517721417019,pgAdmin 4 Helper,8553312,0.245397375
1,pgadmin,20.846,query,62202,11517815220294,pgAdmin 4 Helper (Renderer),376031104,4.861441958
1,pgadmin,20.846,query,62172,11517721332230,pgAdmin 4 Helper,247546912,1.078125125
1,pgadmin,20.846,query,62176,11517725357554,Python,163300096,3.369181167
1,pgadmin,20.846,query,62170,11517710578845,pgAdmin 4,64997080,0.902686375
1,pgadmin,20.846,query,62223,11517862877364,com.apple.SafariPlatformSupport,12026480,0.113515208
1,pgadmin,20.846,query,62173,11517721417019,pgAdmin 4 Helper,8553312,0.245397375
1,pgadmin,21.098,query,62202,11517815220294,pgAdmin 4 Helper (Renderer),381814656,4.974911333
1,pgadmin,21.098,query,62172,11517721332230,pgAdmin 4 Helper,243303456,1.112343167
1,pgadmin,21.098,query,62176,11517725357554,Python,163300096,3.369233708
1,pgadmin,21.098,query,62170,11517710578845,pgAdmin 4,65013464,0.917824250
1,pgadmin,21.098,query,62223,11517862877364,com.apple.SafariPlatformSupport,12026480,0.113515208
1,pgadmin,21.098,query,62173,11517721417019,pgAdmin 4 Helper,8553312,0.245397375
1,pgadmin,21.353,query,62202,11517815220294,pgAdmin 4 Helper (Renderer),380028800,5.052843500
1,pgadmin,21.353,query,62172,11517721332230,pgAdmin 4 Helper,243090464,1.130959417
1,pgadmin,21.353,query,62176,11517725357554,Python,163300096,3.369233708
1,pgadmin,21.353,query,62170,11517710578845,pgAdmin 4,65029848,0.934243833
1,pgadmin,21.353,query,62223,11517862877364,com.apple.SafariPlatformSupport,12026480,0.113515208
1,pgadmin,21.353,query,62173,11517721417019,pgAdmin 4 Helper,8553312,0.245397375
1,pgadmin,21.608,query,62202,11517815220294,pgAdmin 4 Helper (Renderer),386287488,5.164142500
1,pgadmin,21.608,query,62172,11517721332230,pgAdmin 4 Helper,243090464,1.170846083
1,pgadmin,21.608,query,62176,11517725357554,Python,163300096,3.369272792
1,pgadmin,21.608,query,62170,11517710578845,pgAdmin 4,65046232,0.950564792
1,pgadmin,21.608,query,62223,11517862877364,com.apple.SafariPlatformSupport,12026480,0.113515208
1,pgadmin,21.608,query,62173,11517721417019,pgAdmin 4 Helper,8553312,0.245397375
1,pgadmin,21.863,query,62202,11517815220294,pgAdmin 4 Helper (Renderer),388499328,5.212894833
1,pgadmin,21.863,query,62172,11517721332230,pgAdmin 4 Helper,243074080,1.188398875
1,pgadmin,21.863,query,62176,11517725357554,Python,163300096,3.369272792
1,pgadmin,21.863,query,62170,11517710578845,pgAdmin 4,65046232,0.957370583
1,pgadmin,21.863,query,62223,11517862877364,com.apple.SafariPlatformSupport,12026480,0.113515208
1,pgadmin,21.863,query,62173,11517721417019,pgAdmin 4 Helper,8553312,0.245397375
1,pgadmin,22.117,query,62202,11517815220294,pgAdmin 4 Helper (Renderer),392365952,5.318522458
1,pgadmin,22.117,query,62172,11517721332230,pgAdmin 4 Helper,243090464,1.214202917
1,pgadmin,22.117,query,62176,11517725357554,Python,163300096,3.375420875
1,pgadmin,22.117,query,62170,11517710578845,pgAdmin 4,65095384,0.976082792
1,pgadmin,22.117,query,62223,11517862877364,com.apple.SafariPlatformSupport,12026480,0.113515208
1,pgadmin,22.117,query,62173,11517721417019,pgAdmin 4 Helper,8553312,0.248892917
1,pgadmin,22.372,query,62202,11517815220294,pgAdmin 4 Helper (Renderer),397952896,5.442107625
1,pgadmin,22.372,query,62172,11517721332230,pgAdmin 4 Helper,243090464,1.245355667
1,pgadmin,22.372,query,62176,11517725357554,Python,163300096,3.375420875
1,pgadmin,22.372,query,62170,11517710578845,pgAdmin 4,65095384,0.993336458
1,pgadmin,22.372,query,62223,11517862877364,com.apple.SafariPlatformSupport,12026480,0.113515208
1,pgadmin,22.372,query,62173,11517721417019,pgAdmin 4 Helper,8553312,0.248892917
1,pgadmin,22.627,query,62202,11517815220294,pgAdmin 4 Helper (Renderer),398985088,5.491754083
1,pgadmin,22.627,query,62172,11517721332230,pgAdmin 4 Helper,243024928,1.262844750
1,pgadmin,22.627,query,62176,11517725357554,Python,163300096,3.375481417
1,pgadmin,22.627,query,62170,11517710578845,pgAdmin 4,65111768,1.004657958
1,pgadmin,22.627,query,62223,11517862877364,com.apple.SafariPlatformSupport,12026480,0.113515208
1,pgadmin,22.627,query,62173,11517721417019,pgAdmin 4 Helper,8553312,0.248892917
1,pgadmin,22.882,query,62202,11517815220294,pgAdmin 4 Helper (Renderer),399558528,5.522576458
1,pgadmin,22.882,query,62172,11517721332230,pgAdmin 4 Helper,240550944,1.273344250
1,pgadmin,22.882,query,62176,11517725357554,Python,163300096,3.375481417
1,pgadmin,22.882,query,62170,11517710578845,pgAdmin 4,65111768,1.010304792
1,pgadmin,22.882,query,62223,11517862877364,com.apple.SafariPlatformSupport,12026480,0.113515208
1,pgadmin,22.882,query,62173,11517721417019,pgAdmin 4 Helper,8553312,0.248892917
1,pgadmin,23.134,after-query,62202,11517815220294,pgAdmin 4 Helper (Renderer),399591296,5.543975875
1,pgadmin,23.134,after-query,62172,11517721332230,pgAdmin 4 Helper,240550944,1.279955500
1,pgadmin,23.134,after-query,62176,11517725357554,Python,163300096,3.375579375
1,pgadmin,23.134,after-query,62170,11517710578845,pgAdmin 4,65111768,1.010983583
1,pgadmin,23.134,after-query,62223,11517862877364,com.apple.SafariPlatformSupport,12026480,0.113515208
1,pgadmin,23.134,after-query,62173,11517721417019,pgAdmin 4 Helper,8553312,0.248892917
1,pgadmin,23.388,after-query,62202,11517815220294,pgAdmin 4 Helper (Renderer),399656832,5.562275458
1,pgadmin,23.388,after-query,62172,11517721332230,pgAdmin 4 Helper,240550944,1.285920167
1,pgadmin,23.388,after-query,62176,11517725357554,Python,163300096,3.375579375
1,pgadmin,23.388,after-query,62170,11517710578845,pgAdmin 4,65111768,1.011209917
1,pgadmin,23.388,after-query,62223,11517862877364,com.apple.SafariPlatformSupport,12026480,0.113515208
1,pgadmin,23.388,after-query,62173,11517721417019,pgAdmin 4 Helper,8553312,0.248892917
1,pgadmin,23.643,after-query,62202,11517815220294,pgAdmin 4 Helper (Renderer),399722368,5.581158792
1,pgadmin,23.643,after-query,62172,11517721332230,pgAdmin 4 Helper,240550944,1.292247625
1,pgadmin,23.643,after-query,62176,11517725357554,Python,163300096,3.375666708
1,pgadmin,23.643,after-query,62170,11517710578845,pgAdmin 4,65111768,1.011209917
1,pgadmin,23.643,after-query,62223,11517862877364,com.apple.SafariPlatformSupport,12026480,0.113515208
1,pgadmin,23.643,after-query,62173,11517721417019,pgAdmin 4 Helper,8553312,0.248892917
1,pgadmin,23.898,after-query,62202,11517815220294,pgAdmin 4 Helper (Renderer),399542144,5.596774292
1,pgadmin,23.898,after-query,62172,11517721332230,pgAdmin 4 Helper,214352904,1.301445333
1,pgadmin,23.898,after-query,62176,11517725357554,Python,163300096,3.375666708
1,pgadmin,23.898,after-query,62170,11517710578845,pgAdmin 4,65111768,1.011209917
1,pgadmin,23.898,after-query,62223,11517862877364,com.apple.SafariPlatformSupport,12026480,0.113515208
1,pgadmin,23.898,after-query,62173,11517721417019,pgAdmin 4 Helper,8553312,0.248892917
1,pgadmin,24.153,after-query,62202,11517815220294,pgAdmin 4 Helper (Renderer),399853440,5.625093875
1,pgadmin,24.153,after-query,62172,11517721332230,pgAdmin 4 Helper,214352904,1.305834917
1,pgadmin,24.153,after-query,62176,11517725357554,Python,163300096,3.384897958
1,pgadmin,24.153,after-query,62170,11517710578845,pgAdmin 4,65111768,1.012326125
1,pgadmin,24.153,after-query,62223,11517862877364,com.apple.SafariPlatformSupport,12026480,0.113515208
1,pgadmin,24.153,after-query,62173,11517721417019,pgAdmin 4 Helper,8553312,0.253576875
1,pgadmin,24.404,after-query,62202,11517815220294,pgAdmin 4 Helper (Renderer),399951744,5.643969292
1,pgadmin,24.404,after-query,62172,11517721332230,pgAdmin 4 Helper,214352904,1.311986875
1,pgadmin,24.404,after-query,62176,11517725357554,Python,163300096,3.384897958
1,pgadmin,24.404,after-query,62170,11517710578845,pgAdmin 4,65111768,1.012326125
1,pgadmin,24.404,after-query,62223,11517862877364,com.apple.SafariPlatformSupport,12026480,0.113515208
1,pgadmin,24.404,after-query,62173,11517721417019,pgAdmin 4 Helper,8553312,0.253576875
1,pgadmin,24.659,after-query,62202,11517815220294,pgAdmin 4 Helper (Renderer),400033664,5.664645042
1,pgadmin,24.659,after-query,62172,11517721332230,pgAdmin 4 Helper,214352904,1.318643583
1,pgadmin,24.659,after-query,62176,11517725357554,Python,163300096,3.384977583
1,pgadmin,24.659,after-query,62170,11517710578845,pgAdmin 4,65144536,1.013009417
1,pgadmin,24.659,after-query,62223,11517862877364,com.apple.SafariPlatformSupport,12026480,0.113515208
1,pgadmin,24.659,after-query,62173,11517721417019,pgAdmin 4 Helper,8553312,0.253576875
1,pgadmin,24.914,after-query,62202,11517815220294,pgAdmin 4 Helper (Renderer),400099200,5.681121875
1,pgadmin,24.914,after-query,62172,11517721332230,pgAdmin 4 Helper,212747272,1.325148833
1,pgadmin,24.914,after-query,62176,11517725357554,Python,163300096,3.384977583
1,pgadmin,24.914,after-query,62170,11517710578845,pgAdmin 4,65144536,1.013049917
1,pgadmin,24.914,after-query,62223,11517862877364,com.apple.SafariPlatformSupport,12026480,0.113515208
1,pgadmin,24.914,after-query,62173,11517721417019,pgAdmin 4 Helper,8553312,0.253576875
1,pgadmin,25.170,after-query,62202,11517815220294,pgAdmin 4 Helper (Renderer),400181120,5.702297667
1,pgadmin,25.170,after-query,62172,11517721332230,pgAdmin 4 Helper,212747272,1.331846083
1,pgadmin,25.170,after-query,62176,11517725357554,Python,163300096,3.385073125
1,pgadmin,25.170,after-query,62170,11517710578845,pgAdmin 4,65144536,1.013049917
1,pgadmin,25.170,after-query,62223,11517862877364,com.apple.SafariPlatformSupport,12026480,0.113515208
1,pgadmin,25.170,after-query,62173,11517721417019,pgAdmin 4 Helper,8553312,0.253576875
1,pgadmin,25.425,after-query,62202,11517815220294,pgAdmin 4 Helper (Renderer),400246656,5.723067542
1,pgadmin,25.425,after-query,62172,11517721332230,pgAdmin 4 Helper,212747272,1.338220708
1,pgadmin,25.425,after-query,62176,11517725357554,Python,163300096,3.385073125
1,pgadmin,25.425,after-query,62170,11517710578845,pgAdmin 4,65144536,1.013049917
1,pgadmin,25.425,after-query,62223,11517862877364,com.apple.SafariPlatformSupport,12026480,0.113515208
1,pgadmin,25.425,after-query,62173,11517721417019,pgAdmin 4 Helper,8553312,0.253576875
1,pgadmin,25.680,after-query,62202,11517815220294,pgAdmin 4 Helper (Renderer),400328576,5.744678375
1,pgadmin,25.680,after-query,62172,11517721332230,pgAdmin 4 Helper,212763656,1.345344542
1,pgadmin,25.680,after-query,62176,11517725357554,Python,163300096,3.385159542
1,pgadmin,25.680,after-query,62170,11517710578845,pgAdmin 4,65144536,1.015197542
1,pgadmin,25.680,after-query,62223,11517862877364,com.apple.SafariPlatformSupport,12026480,0.113515208
1,pgadmin,25.680,after-query,62173,11517721417019,pgAdmin 4 Helper,8553312,0.253576875
1,pgadmin,25.935,after-query,62202,11517815220294,pgAdmin 4 Helper (Renderer),400394112,5.765443750
1,pgadmin,25.935,after-query,62172,11517721332230,pgAdmin 4 Helper,212763656,1.351712667
1,pgadmin,25.935,after-query,62176,11517725357554,Python,163300096,3.385159542
1,pgadmin,25.935,after-query,62170,11517710578845,pgAdmin 4,65144536,1.015197542
1,pgadmin,25.935,after-query,62223,11517862877364,com.apple.SafariPlatformSupport,12026480,0.113515208
1,pgadmin,25.935,after-query,62173,11517721417019,pgAdmin 4 Helper,8553312,0.253576875
1,pgadmin,26.191,after-query,62202,11517815220294,pgAdmin 4 Helper (Renderer),400852864,5.798856750
1,pgadmin,26.191,after-query,62172,11517721332230,pgAdmin 4 Helper,212763656,1.356725292
1,pgadmin,26.191,after-query,62176,11517725357554,Python,163300096,3.395788667
1,pgadmin,26.191,after-query,62170,11517710578845,pgAdmin 4,65144536,1.016415167
1,pgadmin,26.191,after-query,62223,11517862877364,com.apple.SafariPlatformSupport,12026480,0.113515208
1,pgadmin,26.191,after-query,62173,11517721417019,pgAdmin 4 Helper,8553312,0.258515583
1,pgadmin,26.446,after-query,62202,11517815220294,pgAdmin 4 Helper (Renderer),400951168,5.817484333
1,pgadmin,26.446,after-query,62172,11517721332230,pgAdmin 4 Helper,212763656,1.363167750
1,pgadmin,26.446,after-query,62176,11517725357554,Python,163300096,3.395788667
1,pgadmin,26.446,after-query,62170,11517710578845,pgAdmin 4,65144536,1.016701417
1,pgadmin,26.446,after-query,62223,11517862877364,com.apple.SafariPlatformSupport,12026480,0.113515208
1,pgadmin,26.446,after-query,62173,11517721417019,pgAdmin 4 Helper,8553312,0.258515583
1,pgadmin,26.701,after-query,62202,11517815220294,pgAdmin 4 Helper (Renderer),401000320,5.835319292
1,pgadmin,26.701,after-query,62176,11517725357554,Python,163300096,3.395831375
1,pgadmin,26.701,after-query,62172,11517721332230,pgAdmin 4 Helper,157238280,1.374052958
1,pgadmin,26.701,after-query,62170,11517710578845,pgAdmin 4,65095384,1.017106542
1,pgadmin,26.701,after-query,62223,11517862877364,com.apple.SafariPlatformSupport,12026480,0.113515208
1,pgadmin,26.701,after-query,62173,11517721417019,pgAdmin 4 Helper,8553312,0.258515583
1,pgadmin,26.953,after-query,62202,11517815220294,pgAdmin 4 Helper (Renderer),401065856,5.849008208
1,pgadmin,26.953,after-query,62176,11517725357554,Python,163300096,3.395831375
1,pgadmin,26.953,after-query,62172,11517721332230,pgAdmin 4 Helper,157238280,1.379153375
1,pgadmin,26.953,after-query,62170,11517710578845,pgAdmin 4,65095384,1.017106542
1,pgadmin,26.953,after-query,62223,11517862877364,com.apple.SafariPlatformSupport,12026480,0.113515208
1,pgadmin,26.953,after-query,62173,11517721417019,pgAdmin 4 Helper,8553312,0.258515583
1,pgadmin,27.208,after-query,62202,11517815220294,pgAdmin 4 Helper (Renderer),401131392,5.866540042
1,pgadmin,27.208,after-query,62176,11517725357554,Python,163300096,3.395904708
1,pgadmin,27.208,after-query,62172,11517721332230,pgAdmin 4 Helper,157238280,1.385297125
1,pgadmin,27.208,after-query,62170,11517710578845,pgAdmin 4,65095384,1.017106542
1,pgadmin,27.208,after-query,62223,11517862877364,com.apple.SafariPlatformSupport,12026480,0.113515208
1,pgadmin,27.208,after-query,62173,11517721417019,pgAdmin 4 Helper,8553312,0.258515583
1,pgadmin,27.461,after-query,62202,11517815220294,pgAdmin 4 Helper (Renderer),401213312,5.884628583
1,pgadmin,27.461,after-query,62176,11517725357554,Python,163300096,3.395904708
1,pgadmin,27.461,after-query,62172,11517721332230,pgAdmin 4 Helper,157238280,1.391211292
1,pgadmin,27.461,after-query,62170,11517710578845,pgAdmin 4,65095384,1.017106542
1,pgadmin,27.461,after-query,62223,11517862877364,com.apple.SafariPlatformSupport,12026480,0.113515208
1,pgadmin,27.461,after-query,62173,11517721417019,pgAdmin 4 Helper,8553312,0.258515583
1,dbgate,0.255,launch,62344,11518513493353,DbGate,8012664,0.093276708
1,dbgate,0.506,launch,62344,11518513493353,DbGate,39060944,0.272557708
1,dbgate,0.506,launch,62346,11518524036650,DbGate Helper (GPU),1229208,0.021977167
1,dbgate,0.506,launch,62347,11518524191376,DbGate Helper,327872,0.014909208
1,dbgate,0.759,launch,62344,11518513493353,DbGate,62932504,0.436495417
1,dbgate,0.759,launch,62346,11518524036650,DbGate Helper (GPU),10830664,0.086034875
1,dbgate,0.759,launch,62347,11518524191376,DbGate Helper,6095688,0.042592958
1,dbgate,1.012,settle,62344,11518513493353,DbGate,87918320,0.603721333
1,dbgate,1.012,settle,62353,11518533335955,DbGate Helper (Renderer),53249296,0.130213333
1,dbgate,1.012,settle,62346,11518524036650,DbGate Helper (GPU),12714848,0.102716042
1,dbgate,1.012,settle,62347,11518524191376,DbGate Helper,6587232,0.047878833
1,dbgate,1.268,settle,62344,11518513493353,DbGate,109414128,0.725038125
1,dbgate,1.268,settle,62353,11518533335955,DbGate Helper (Renderer),76842376,0.362621208
1,dbgate,1.268,settle,62346,11518524036650,DbGate Helper (GPU),55755664,0.130287917
1,dbgate,1.268,settle,62347,11518524191376,DbGate Helper,6587232,0.047878833
1,dbgate,1.268,settle,62355,11518542147284,DbGate Helper,3605104,0.028982583
1,dbgate,1.523,settle,62346,11518524036650,DbGate Helper (GPU),236782576,0.215012917
1,dbgate,1.523,settle,62344,11518513493353,DbGate,116115184,0.828017417
1,dbgate,1.523,settle,62353,11518533335955,DbGate Helper (Renderer),104924672,0.537766042
1,dbgate,1.523,settle,62355,11518542147284,DbGate Helper,40666240,0.187776500
1,dbgate,1.523,settle,62358,11518544148162,DbGate Helper,38962304,0.160263833
1,dbgate,1.523,settle,62357,11518544071888,DbGate Helper,35292288,0.162261208
1,dbgate,1.523,settle,62347,11518524191376,DbGate Helper,7324512,0.054358667
1,dbgate,1.775,settle,62346,11518524036650,DbGate Helper (GPU),236831728,0.230350042
1,dbgate,1.775,settle,62344,11518513493353,DbGate,118458096,0.854863125
1,dbgate,1.775,settle,62353,11518533335955,DbGate Helper (Renderer),106530304,0.564686625
1,dbgate,1.775,settle,62357,11518544071888,DbGate Helper,51873016,0.350460125
1,dbgate,1.775,settle,62358,11518544148162,DbGate Helper,51725536,0.350768625
1,dbgate,1.775,settle,62355,11518542147284,DbGate Helper,51627280,0.327786625
1,dbgate,1.775,settle,62367,11518549618094,com.apple.SafariPlatformSupport,9749104,0.107256000
1,dbgate,1.775,settle,62347,11518524191376,DbGate Helper,7881568,0.057556083
1,dbgate,2.028,settle,62346,11518524036650,DbGate Helper (GPU),236798960,0.246957292
1,dbgate,2.028,settle,62344,11518513493353,DbGate,118441712,0.862767250
1,dbgate,2.028,settle,62353,11518533335955,DbGate Helper (Renderer),106579456,0.577081500
1,dbgate,2.028,settle,62357,11518544071888,DbGate Helper,51873016,0.350865250
1,dbgate,2.028,settle,62358,11518544148162,DbGate Helper,51725536,0.351023125
1,dbgate,2.028,settle,62355,11518542147284,DbGate Helper,51627280,0.327948708
1,dbgate,2.028,settle,62367,11518549618094,com.apple.SafariPlatformSupport,9765488,0.109071708
1,dbgate,2.028,settle,62347,11518524191376,DbGate Helper,8012640,0.063538542
1,dbgate,2.283,settle,62346,11518524036650,DbGate Helper (GPU),236995568,0.266598875
1,dbgate,2.283,settle,62344,11518513493353,DbGate,118556400,0.873931417
1,dbgate,2.283,settle,62353,11518533335955,DbGate Helper (Renderer),106874368,0.601273250
1,dbgate,2.283,settle,62357,11518544071888,DbGate Helper,51873016,0.350865250
1,dbgate,2.283,settle,62358,11518544148162,DbGate Helper,51725536,0.351023125
1,dbgate,2.283,settle,62355,11518542147284,DbGate Helper,51627280,0.327948708
1,dbgate,2.283,settle,62367,11518549618094,com.apple.SafariPlatformSupport,9765488,0.109071708
1,dbgate,2.283,settle,62347,11518524191376,DbGate Helper,8029024,0.068618208
1,dbgate,2.538,settle,62346,11518524036650,DbGate Helper (GPU),236995568,0.274613458
1,dbgate,2.538,settle,62344,11518513493353,DbGate,118589168,0.874741833
1,dbgate,2.538,settle,62353,11518533335955,DbGate Helper (Renderer),106874368,0.610214208
1,dbgate,2.538,settle,62357,11518544071888,DbGate Helper,51873016,0.350865250
1,dbgate,2.538,settle,62358,11518544148162,DbGate Helper,51725536,0.351023125
1,dbgate,2.538,settle,62355,11518542147284,DbGate Helper,51627280,0.327948708
1,dbgate,2.538,settle,62367,11518549618094,com.apple.SafariPlatformSupport,9765488,0.109071708
1,dbgate,2.538,settle,62347,11518524191376,DbGate Helper,8029024,0.068618208
1,dbgate,2.793,settle,62346,11518524036650,DbGate Helper (GPU),228557808,0.282577542
1,dbgate,2.793,settle,62344,11518513493353,DbGate,115689200,0.877215375
1,dbgate,2.793,settle,62353,11518533335955,DbGate Helper (Renderer),106874368,0.618882208
1,dbgate,2.793,settle,62357,11518544071888,DbGate Helper,51889400,0.351720417
1,dbgate,2.793,settle,62358,11518544148162,DbGate Helper,51725536,0.351508917
1,dbgate,2.793,settle,62355,11518542147284,DbGate Helper,51627280,0.328763333
1,dbgate,2.793,settle,62367,11518549618094,com.apple.SafariPlatformSupport,9765488,0.109261000
1,dbgate,2.793,settle,62347,11518524191376,DbGate Helper,8029024,0.068618208
1,dbgate,3.045,settle,62346,11518524036650,DbGate Helper (GPU),228574192,0.292555042
1,dbgate,3.045,settle,62344,11518513493353,DbGate,115689200,0.877215375
1,dbgate,3.045,settle,62353,11518533335955,DbGate Helper (Renderer),106890752,0.630056500
1,dbgate,3.045,settle,62357,11518544071888,DbGate Helper,51889400,0.351720417
1,dbgate,3.045,settle,62358,11518544148162,DbGate Helper,51725536,0.351508917
1,dbgate,3.045,settle,62355,11518542147284,DbGate Helper,51627280,0.328763333
1,dbgate,3.045,settle,62367,11518549618094,com.apple.SafariPlatformSupport,9765488,0.109261000
1,dbgate,3.045,settle,62347,11518524191376,DbGate Helper,8029024,0.068618208
1,dbgate,3.298,settle,62346,11518524036650,DbGate Helper (GPU),228574192,0.300488458
1,dbgate,3.298,settle,62344,11518513493353,DbGate,115771120,0.890502625
1,dbgate,3.298,settle,62353,11518533335955,DbGate Helper (Renderer),106890752,0.637447417
1,dbgate,3.298,settle,62357,11518544071888,DbGate Helper,51889400,0.351720417
1,dbgate,3.298,settle,62358,11518544148162,DbGate Helper,51725536,0.351508917
1,dbgate,3.298,settle,62355,11518542147284,DbGate Helper,51627280,0.328763333
1,dbgate,3.298,settle,62367,11518549618094,com.apple.SafariPlatformSupport,9765488,0.109261000
1,dbgate,3.298,settle,62347,11518524191376,DbGate Helper,8029024,0.068618208
1,dbgate,3.553,settle,62346,11518524036650,DbGate Helper (GPU),224003056,0.309028708
1,dbgate,3.553,settle,62344,11518513493353,DbGate,115836656,0.892720125
1,dbgate,3.553,settle,62353,11518533335955,DbGate Helper (Renderer),106890752,0.646455000
1,dbgate,3.553,settle,62357,11518544071888,DbGate Helper,51889400,0.351720417
1,dbgate,3.553,settle,62358,11518544148162,DbGate Helper,51725536,0.351508917
1,dbgate,3.553,settle,62355,11518542147284,DbGate Helper,51627280,0.328763333
1,dbgate,3.553,settle,62367,11518549618094,com.apple.SafariPlatformSupport,9765488,0.109261000
1,dbgate,3.553,settle,62347,11518524191376,DbGate Helper,8029024,0.068618208
1,dbgate,3.808,settle,62346,11518524036650,DbGate Helper (GPU),213992432,0.316166375
1,dbgate,3.808,settle,62344,11518513493353,DbGate,115836656,0.893911625
1,dbgate,3.808,settle,62353,11518533335955,DbGate Helper (Renderer),106890752,0.652552917
1,dbgate,3.808,settle,62357,11518544071888,DbGate Helper,51889400,0.351991042
1,dbgate,3.808,settle,62358,11518544148162,DbGate Helper,51725536,0.351691708
1,dbgate,3.808,settle,62355,11518542147284,DbGate Helper,51627280,0.328972792
1,dbgate,3.808,settle,62367,11518549618094,com.apple.SafariPlatformSupport,9765488,0.109431458
1,dbgate,3.808,settle,62347,11518524191376,DbGate Helper,8029024,0.068618208
1,dbgate,4.061,settle,62346,11518524036650,DbGate Helper (GPU),202703832,0.329108958
1,dbgate,4.061,settle,62344,11518513493353,DbGate,115836656,0.893911625
1,dbgate,4.061,settle,62353,11518533335955,DbGate Helper (Renderer),106628608,0.662251083
1,dbgate,4.061,settle,62357,11518544071888,DbGate Helper,51889400,0.351991042
1,dbgate,4.061,settle,62358,11518544148162,DbGate Helper,51725536,0.351691708
1,dbgate,4.061,settle,62355,11518542147284,DbGate Helper,51627280,0.328972792
1,dbgate,4.061,settle,62367,11518549618094,com.apple.SafariPlatformSupport,9765488,0.109431458
1,dbgate,4.061,settle,62347,11518524191376,DbGate Helper,8029024,0.068618208
1,dbgate,4.312,settle,62346,11518524036650,DbGate Helper (GPU),202687448,0.337075833
1,dbgate,4.312,settle,62344,11518513493353,DbGate,115836656,0.893911625
1,dbgate,4.312,settle,62353,11518533335955,DbGate Helper (Renderer),106628608,0.669012292
1,dbgate,4.312,settle,62357,11518544071888,DbGate Helper,51889400,0.351991042
1,dbgate,4.312,settle,62358,11518544148162,DbGate Helper,51725536,0.351691708
1,dbgate,4.312,settle,62355,11518542147284,DbGate Helper,51627280,0.328972792
1,dbgate,4.312,settle,62367,11518549618094,com.apple.SafariPlatformSupport,9765488,0.109431458
1,dbgate,4.312,settle,62347,11518524191376,DbGate Helper,8029024,0.068618208
1,dbgate,4.567,settle,62346,11518524036650,DbGate Helper (GPU),202703832,0.346779500
1,dbgate,4.567,settle,62344,11518513493353,DbGate,115836656,0.893911625
1,dbgate,4.567,settle,62353,11518533335955,DbGate Helper (Renderer),106628608,0.678748458
1,dbgate,4.567,settle,62357,11518544071888,DbGate Helper,51889400,0.351991042
1,dbgate,4.567,settle,62358,11518544148162,DbGate Helper,51725536,0.351691708
1,dbgate,4.567,settle,62355,11518542147284,DbGate Helper,51627280,0.328972792
1,dbgate,4.567,settle,62367,11518549618094,com.apple.SafariPlatformSupport,9765488,0.109431458
1,dbgate,4.567,settle,62347,11518524191376,DbGate Helper,8029024,0.068618208
1,dbgate,4.823,settle,62346,11518524036650,DbGate Helper (GPU),202687448,0.353868458
1,dbgate,4.823,settle,62344,11518513493353,DbGate,115836656,0.895203708
1,dbgate,4.823,settle,62353,11518533335955,DbGate Helper (Renderer),106628608,0.685104792
1,dbgate,4.823,settle,62357,11518544071888,DbGate Helper,51889400,0.352351583
1,dbgate,4.823,settle,62358,11518544148162,DbGate Helper,51725536,0.351910250
1,dbgate,4.823,settle,62355,11518542147284,DbGate Helper,51627280,0.329350458
1,dbgate,4.823,settle,62367,11518549618094,com.apple.SafariPlatformSupport,9765488,0.109431458
1,dbgate,4.823,settle,62347,11518524191376,DbGate Helper,8029024,0.068618208
1,dbgate,5.078,settle,62346,11518524036650,DbGate Helper (GPU),202703832,0.363989167
1,dbgate,5.078,settle,62344,11518513493353,DbGate,115853040,0.896956125
1,dbgate,5.078,settle,62353,11518533335955,DbGate Helper (Renderer),106628608,0.692975417
1,dbgate,5.078,settle,62357,11518544071888,DbGate Helper,51889400,0.352351583
1,dbgate,5.078,settle,62358,11518544148162,DbGate Helper,51725536,0.351910250
1,dbgate,5.078,settle,62355,11518542147284,DbGate Helper,51627280,0.329350458
1,dbgate,5.078,settle,62367,11518549618094,com.apple.SafariPlatformSupport,9765488,0.109431458
1,dbgate,5.078,settle,62347,11518524191376,DbGate Helper,8029024,0.068618208
1,dbgate,5.329,settle,62346,11518524036650,DbGate Helper (GPU),202687448,0.371250667
1,dbgate,5.329,settle,62344,11518513493353,DbGate,115853040,0.896956125
1,dbgate,5.329,settle,62353,11518533335955,DbGate Helper (Renderer),106628608,0.699028792
1,dbgate,5.329,settle,62357,11518544071888,DbGate Helper,51889400,0.352351583
1,dbgate,5.329,settle,62358,11518544148162,DbGate Helper,51725536,0.351910250
1,dbgate,5.329,settle,62355,11518542147284,DbGate Helper,51627280,0.329350458
1,dbgate,5.329,settle,62367,11518549618094,com.apple.SafariPlatformSupport,9765488,0.109431458
1,dbgate,5.329,settle,62347,11518524191376,DbGate Helper,8029024,0.068618208
1,dbgate,5.582,settle,62346,11518524036650,DbGate Helper (GPU),202703832,0.379700292
1,dbgate,5.582,settle,62344,11518513493353,DbGate,115853040,0.897660417
1,dbgate,5.582,settle,62353,11518533335955,DbGate Helper (Renderer),106628608,0.706607417
1,dbgate,5.582,settle,62357,11518544071888,DbGate Helper,51889400,0.352351583
1,dbgate,5.582,settle,62358,11518544148162,DbGate Helper,51725536,0.351910250
1,dbgate,5.582,settle,62355,11518542147284,DbGate Helper,51627280,0.329350458
1,dbgate,5.582,settle,62367,11518549618094,com.apple.SafariPlatformSupport,9765488,0.109431458
1,dbgate,5.582,settle,62347,11518524191376,DbGate Helper,8029024,0.068782250
1,dbgate,5.833,settle,62346,11518524036650,DbGate Helper (GPU),202687448,0.386682917
1,dbgate,5.833,settle,62344,11518513493353,DbGate,115853040,0.899021208
1,dbgate,5.833,settle,62353,11518533335955,DbGate Helper (Renderer),106628608,0.713319708
1,dbgate,5.833,settle,62357,11518544071888,DbGate Helper,51889400,0.352769208
1,dbgate,5.833,settle,62358,11518544148162,DbGate Helper,51725536,0.352135667
1,dbgate,5.833,settle,62355,11518542147284,DbGate Helper,51627280,0.329736250
1,dbgate,5.833,settle,62367,11518549618094,com.apple.SafariPlatformSupport,9765488,0.109588083
1,dbgate,5.833,settle,62347,11518524191376,DbGate Helper,7979872,0.068954500
1,dbgate,6.088,query,62346,11518524036650,DbGate Helper (GPU),202703832,0.394185750
1,dbgate,6.088,query,62344,11518513493353,DbGate,115836656,0.899611167
1,dbgate,6.088,query,62353,11518533335955,DbGate Helper (Renderer),106661376,0.720258333
1,dbgate,6.088,query,62357,11518544071888,DbGate Helper,51889400,0.352769208
1,dbgate,6.088,query,62358,11518544148162,DbGate Helper,51725536,0.352135667
1,dbgate,6.088,query,62355,11518542147284,DbGate Helper,51627280,0.329736250
1,dbgate,6.088,query,62367,11518549618094,com.apple.SafariPlatformSupport,9765488,0.109737375
1,dbgate,6.088,query,62347,11518524191376,DbGate Helper,7979872,0.068954500
1,dbgate,6.343,query,62346,11518524036650,DbGate Helper (GPU),202687448,0.400795208
1,dbgate,6.343,query,62344,11518513493353,DbGate,115836656,0.900829583
1,dbgate,6.343,query,62353,11518533335955,DbGate Helper (Renderer),106644992,0.725447708
1,dbgate,6.343,query,62357,11518544071888,DbGate Helper,51889400,0.352769208
1,dbgate,6.343,query,62358,11518544148162,DbGate Helper,51725536,0.352135667
1,dbgate,6.343,query,62355,11518542147284,DbGate Helper,51627280,0.329736250
1,dbgate,6.343,query,62367,11518549618094,com.apple.SafariPlatformSupport,9765488,0.109737375
1,dbgate,6.343,query,62347,11518524191376,DbGate Helper,7979872,0.068954500
1,dbgate,6.598,query,62346,11518524036650,DbGate Helper (GPU),185861080,0.414367583
1,dbgate,6.598,query,62344,11518513493353,DbGate,115836656,0.902944250
1,dbgate,6.598,query,62353,11518533335955,DbGate Helper (Renderer),106644992,0.736366917
1,dbgate,6.598,query,62357,11518544071888,DbGate Helper,51889400,0.352769208
1,dbgate,6.598,query,62358,11518544148162,DbGate Helper,51725536,0.352135667
1,dbgate,6.598,query,62355,11518542147284,DbGate Helper,51627280,0.330655333
1,dbgate,6.598,query,62367,11518549618094,com.apple.SafariPlatformSupport,9765488,0.109737375
1,dbgate,6.598,query,62347,11518524191376,DbGate Helper,7979872,0.068954500
1,dbgate,6.853,query,62346,11518524036650,DbGate Helper (GPU),185828312,0.421177458
1,dbgate,6.853,query,62344,11518513493353,DbGate,115836656,0.903477042
1,dbgate,6.853,query,62353,11518533335955,DbGate Helper (Renderer),106644992,0.743510292
1,dbgate,6.853,query,62357,11518544071888,DbGate Helper,51840248,0.353244292
1,dbgate,6.853,query,62358,11518544148162,DbGate Helper,51676384,0.352614917
1,dbgate,6.853,query,62355,11518542147284,DbGate Helper,51545360,0.330841708
1,dbgate,6.853,query,62367,11518549618094,com.apple.SafariPlatformSupport,9765488,0.110284333
1,dbgate,6.853,query,62347,11518524191376,DbGate Helper,7979872,0.068954500
1,dbgate,7.109,query,62346,11518524036650,DbGate Helper (GPU),119309272,0.437543083
1,dbgate,7.109,query,62344,11518513493353,DbGate,115836656,0.904921750
1,dbgate,7.109,query,62353,11518533335955,DbGate Helper (Renderer),106644992,0.753274708
1,dbgate,7.109,query,62357,11518544071888,DbGate Helper,51840248,0.353244292
1,dbgate,7.109,query,62358,11518544148162,DbGate Helper,51676384,0.352614917
1,dbgate,7.109,query,62355,11518542147284,DbGate Helper,51545360,0.330841708
1,dbgate,7.109,query,62367,11518549618094,com.apple.SafariPlatformSupport,9765488,0.110284333
1,dbgate,7.109,query,62347,11518524191376,DbGate Helper,7979872,0.068954500
1,dbgate,7.364,query,62344,11518513493353,DbGate,115836656,0.904921750
1,dbgate,7.364,query,62353,11518533335955,DbGate Helper (Renderer),106644992,0.759982542
1,dbgate,7.364,query,62346,11518524036650,DbGate Helper (GPU),82183128,0.449354042
1,dbgate,7.364,query,62357,11518544071888,DbGate Helper,51840248,0.353244292
1,dbgate,7.364,query,62358,11518544148162,DbGate Helper,51676384,0.352614917
1,dbgate,7.364,query,62355,11518542147284,DbGate Helper,51545360,0.330841708
1,dbgate,7.364,query,62367,11518549618094,com.apple.SafariPlatformSupport,9765488,0.110284333
1,dbgate,7.364,query,62347,11518524191376,DbGate Helper,7979872,0.068954500
1,dbgate,7.617,query,62344,11518513493353,DbGate,115836656,0.905635708
1,dbgate,7.617,query,62353,11518533335955,DbGate Helper (Renderer),106644992,0.768434583
1,dbgate,7.617,query,62346,11518524036650,DbGate Helper (GPU),82183128,0.458958792
1,dbgate,7.617,query,62357,11518544071888,DbGate Helper,51840248,0.353244292
1,dbgate,7.617,query,62358,11518544148162,DbGate Helper,51676384,0.352614917
1,dbgate,7.617,query,62355,11518542147284,DbGate Helper,51545360,0.331410750
1,dbgate,7.617,query,62367,11518549618094,com.apple.SafariPlatformSupport,9765488,0.110284333
1,dbgate,7.617,query,62347,11518524191376,DbGate Helper,7979872,0.068954500
1,dbgate,7.872,query,62344,11518513493353,DbGate,115836656,0.906264833
1,dbgate,7.872,query,62353,11518533335955,DbGate Helper (Renderer),106644992,0.774598583
1,dbgate,7.872,query,62346,11518524036650,DbGate Helper (GPU),82183128,0.465437625
1,dbgate,7.872,query,62357,11518544071888,DbGate Helper,51840248,0.353552458
1,dbgate,7.872,query,62358,11518544148162,DbGate Helper,51676384,0.353058458
1,dbgate,7.872,query,62355,11518542147284,DbGate Helper,51545360,0.331410750
1,dbgate,7.872,query,62367,11518549618094,com.apple.SafariPlatformSupport,9765488,0.110284333
1,dbgate,7.872,query,62347,11518524191376,DbGate Helper,7979872,0.068954500
1,dbgate,8.127,query,62344,11518513493353,DbGate,115836656,0.906264833
1,dbgate,8.127,query,62353,11518533335955,DbGate Helper (Renderer),106644992,0.784251667
1,dbgate,8.127,query,62346,11518524036650,DbGate Helper (GPU),82199512,0.475901625
1,dbgate,8.127,query,62357,11518544071888,DbGate Helper,51840248,0.353552458
1,dbgate,8.127,query,62358,11518544148162,DbGate Helper,51676384,0.353058458
1,dbgate,8.127,query,62355,11518542147284,DbGate Helper,51545360,0.331410750
1,dbgate,8.127,query,62367,11518549618094,com.apple.SafariPlatformSupport,9765488,0.110284333
1,dbgate,8.127,query,62347,11518524191376,DbGate Helper,7979872,0.068954500
1,dbgate,8.382,query,62344,11518513493353,DbGate,115836656,0.906264833
1,dbgate,8.382,query,62353,11518533335955,DbGate Helper (Renderer),106644992,0.790749958
1,dbgate,8.382,query,62346,11518524036650,DbGate Helper (GPU),82183128,0.483573042
1,dbgate,8.382,query,62357,11518544071888,DbGate Helper,51840248,0.353552458
1,dbgate,8.382,query,62358,11518544148162,DbGate Helper,51676384,0.353058458
1,dbgate,8.382,query,62355,11518542147284,DbGate Helper,51545360,0.331410750
1,dbgate,8.382,query,62367,11518549618094,com.apple.SafariPlatformSupport,9765488,0.110284333
1,dbgate,8.382,query,62347,11518524191376,DbGate Helper,7979872,0.068954500
1,dbgate,8.638,query,62344,11518513493353,DbGate,115836656,0.908342583
1,dbgate,8.638,query,62353,11518533335955,DbGate Helper (Renderer),106644992,0.797580708
1,dbgate,8.638,query,62346,11518524036650,DbGate Helper (GPU),82183128,0.490370000
1,dbgate,8.638,query,62357,11518544071888,DbGate Helper,51840248,0.353552458
1,dbgate,8.638,query,62358,11518544148162,DbGate Helper,51676384,0.353058458
1,dbgate,8.638,query,62355,11518542147284,DbGate Helper,51545360,0.331715333
1,dbgate,8.638,query,62367,11518549618094,com.apple.SafariPlatformSupport,9765488,0.110284333
1,dbgate,8.638,query,62347,11518524191376,DbGate Helper,7979872,0.068954500
1,dbgate,8.893,query,62344,11518513493353,DbGate,115836656,0.908955125
1,dbgate,8.893,query,62353,11518533335955,DbGate Helper (Renderer),106644992,0.804330417
1,dbgate,8.893,query,62346,11518524036650,DbGate Helper (GPU),82183128,0.496753625
1,dbgate,8.893,query,62357,11518544071888,DbGate Helper,51840248,0.353814667
1,dbgate,8.893,query,62358,11518544148162,DbGate Helper,51676384,0.353417875
1,dbgate,8.893,query,62355,11518542147284,DbGate Helper,51545360,0.331715333
1,dbgate,8.893,query,62367,11518549618094,com.apple.SafariPlatformSupport,9716336,0.110465417
1,dbgate,8.893,query,62347,11518524191376,DbGate Helper,7979872,0.068954500
1,dbgate,9.147,query,62344,11518513493353,DbGate,115836656,0.908955125
1,dbgate,9.147,query,62353,11518533335955,DbGate Helper (Renderer),106661376,0.811867792
1,dbgate,9.147,query,62346,11518524036650,DbGate Helper (GPU),82199512,0.505030125
1,dbgate,9.147,query,62357,11518544071888,DbGate Helper,51840248,0.353814667
1,dbgate,9.147,query,62358,11518544148162,DbGate Helper,51676384,0.353417875
1,dbgate,9.147,query,62355,11518542147284,DbGate Helper,51545360,0.331715333
1,dbgate,9.147,query,62367,11518549618094,com.apple.SafariPlatformSupport,9716336,0.110465417
1,dbgate,9.147,query,62347,11518524191376,DbGate Helper,7979872,0.068954500
1,dbgate,9.402,query,62344,11518513493353,DbGate,115918576,0.910703625
1,dbgate,9.402,query,62353,11518533335955,DbGate Helper (Renderer),106661376,0.816181417
1,dbgate,9.402,query,62346,11518524036650,DbGate Helper (GPU),82183128,0.510287167
1,dbgate,9.402,query,62357,11518544071888,DbGate Helper,51840248,0.353814667
1,dbgate,9.402,query,62358,11518544148162,DbGate Helper,51676384,0.353417875
1,dbgate,9.402,query,62355,11518542147284,DbGate Helper,51545360,0.331715333
1,dbgate,9.402,query,62367,11518549618094,com.apple.SafariPlatformSupport,9716336,0.110465417
1,dbgate,9.402,query,62347,11518524191376,DbGate Helper,7979872,0.068954500
1,dbgate,9.657,query,62344,11518513493353,DbGate,115918576,0.911051667
1,dbgate,9.657,query,62353,11518533335955,DbGate Helper (Renderer),106661376,0.823184875
1,dbgate,9.657,query,62346,11518524036650,DbGate Helper (GPU),82183128,0.519050667
1,dbgate,9.657,query,62357,11518544071888,DbGate Helper,51840248,0.353814667
1,dbgate,9.657,query,62358,11518544148162,DbGate Helper,51676384,0.353417875
1,dbgate,9.657,query,62355,11518542147284,DbGate Helper,51545360,0.332225958
1,dbgate,9.657,query,62367,11518549618094,com.apple.SafariPlatformSupport,9716336,0.110465417
1,dbgate,9.657,query,62347,11518524191376,DbGate Helper,7979872,0.068954500
1,dbgate,9.913,query,62344,11518513493353,DbGate,115918576,0.911652250
1,dbgate,9.913,query,62353,11518533335955,DbGate Helper (Renderer),106661376,0.829420250
1,dbgate,9.913,query,62346,11518524036650,DbGate Helper (GPU),82199512,0.525441250
1,dbgate,9.913,query,62357,11518544071888,DbGate Helper,51856632,0.354228083
1,dbgate,9.913,query,62358,11518544148162,DbGate Helper,51676384,0.353900792
1,dbgate,9.913,query,62355,11518542147284,DbGate Helper,51545360,0.332225958
1,dbgate,9.913,query,62367,11518549618094,com.apple.SafariPlatformSupport,9716336,0.110465417
1,dbgate,9.913,query,62347,11518524191376,DbGate Helper,7979872,0.068954500
1,dbgate,10.168,query,62344,11518513493353,DbGate,115918576,0.911652250
1,dbgate,10.168,query,62353,11518533335955,DbGate Helper (Renderer),106661376,0.834868417
1,dbgate,10.168,query,62346,11518524036650,DbGate Helper (GPU),82199512,0.533228917
1,dbgate,10.168,query,62357,11518544071888,DbGate Helper,51856632,0.354228083
1,dbgate,10.168,query,62358,11518544148162,DbGate Helper,51676384,0.353900792
1,dbgate,10.168,query,62355,11518542147284,DbGate Helper,51545360,0.332225958
1,dbgate,10.168,query,62367,11518549618094,com.apple.SafariPlatformSupport,9716336,0.110465417
1,dbgate,10.168,query,62347,11518524191376,DbGate Helper,7979872,0.068954500
1,dbgate,10.423,query,62344,11518513493353,DbGate,115918576,0.911652250
1,dbgate,10.423,query,62353,11518533335955,DbGate Helper (Renderer),106661376,0.840700333
1,dbgate,10.423,query,62346,11518524036650,DbGate Helper (GPU),82183128,0.538494667
1,dbgate,10.423,query,62357,11518544071888,DbGate Helper,51856632,0.354228083
1,dbgate,10.423,query,62358,11518544148162,DbGate Helper,51676384,0.353900792
1,dbgate,10.423,query,62355,11518542147284,DbGate Helper,51545360,0.332225958
1,dbgate,10.423,query,62367,11518549618094,com.apple.SafariPlatformSupport,9716336,0.110465417
1,dbgate,10.423,query,62347,11518524191376,DbGate Helper,7979872,0.068954500
1,dbgate,10.678,query,62344,11518513493353,DbGate,115918576,0.914123917
1,dbgate,10.678,query,62353,11518533335955,DbGate Helper (Renderer),106661376,0.844772500
1,dbgate,10.678,query,62346,11518524036650,DbGate Helper (GPU),82183128,0.545033250
1,dbgate,10.678,query,62357,11518544071888,DbGate Helper,51856632,0.354392417
1,dbgate,10.678,query,62358,11518544148162,DbGate Helper,51676384,0.354188375
1,dbgate,10.678,query,62355,11518542147284,DbGate Helper,51545360,0.332467208
1,dbgate,10.678,query,62367,11518549618094,com.apple.SafariPlatformSupport,9716336,0.110465417
1,dbgate,10.678,query,62347,11518524191376,DbGate Helper,7979872,0.068954500
1,dbgate,10.931,query,62344,11518513493353,DbGate,115918576,0.914450875
1,dbgate,10.931,query,62353,11518533335955,DbGate Helper (Renderer),106661376,0.852119333
1,dbgate,10.931,query,62346,11518524036650,DbGate Helper (GPU),82199512,0.551847083
1,dbgate,10.931,query,62357,11518544071888,DbGate Helper,51856632,0.354392417
1,dbgate,10.931,query,62358,11518544148162,DbGate Helper,51676384,0.354188375
1,dbgate,10.931,query,62355,11518542147284,DbGate Helper,51545360,0.332467208
1,dbgate,10.931,query,62367,11518549618094,com.apple.SafariPlatformSupport,9716336,0.110465417
1,dbgate,10.931,query,62347,11518524191376,DbGate Helper,7979872,0.068954500
1,dbgate,11.186,query,62344,11518513493353,DbGate,115918576,0.914829000
1,dbgate,11.186,query,62353,11518533335955,DbGate Helper (Renderer),106661376,0.857517708
1,dbgate,11.186,query,62346,11518524036650,DbGate Helper (GPU),82199512,0.560352042
1,dbgate,11.186,query,62357,11518544071888,DbGate Helper,51856632,0.354392417
1,dbgate,11.186,query,62358,11518544148162,DbGate Helper,51676384,0.354188375
1,dbgate,11.186,query,62355,11518542147284,DbGate Helper,51545360,0.332467208
1,dbgate,11.186,query,62367,11518549618094,com.apple.SafariPlatformSupport,9699952,0.110736125
1,dbgate,11.186,query,62347,11518524191376,DbGate Helper,7979872,0.068954500
1,dbgate,11.439,query,62344,11518513493353,DbGate,115918576,0.914894667
1,dbgate,11.439,query,62353,11518533335955,DbGate Helper (Renderer),106694144,0.864479250
1,dbgate,11.439,query,62346,11518524036650,DbGate Helper (GPU),82199512,0.566956750
1,dbgate,11.439,query,62357,11518544071888,DbGate Helper,51856632,0.354392417
1,dbgate,11.439,query,62358,11518544148162,DbGate Helper,51676384,0.354188375
1,dbgate,11.439,query,62355,11518542147284,DbGate Helper,51545360,0.332467208
1,dbgate,11.439,query,62367,11518549618094,com.apple.SafariPlatformSupport,9699952,0.110736125
1,dbgate,11.439,query,62347,11518524191376,DbGate Helper,7979872,0.068954500
1,dbgate,11.694,query,62344,11518513493353,DbGate,115918576,0.916505250
1,dbgate,11.694,query,62353,11518533335955,DbGate Helper (Renderer),106694144,0.870745458
1,dbgate,11.694,query,62346,11518524036650,DbGate Helper (GPU),82183128,0.574315167
1,dbgate,11.694,query,62357,11518544071888,DbGate Helper,51856632,0.354940750
1,dbgate,11.694,query,62358,11518544148162,DbGate Helper,51676384,0.354804833
1,dbgate,11.694,query,62355,11518542147284,DbGate Helper,51545360,0.333121083
1,dbgate,11.694,query,62367,11518549618094,com.apple.SafariPlatformSupport,9699952,0.110736125
1,dbgate,11.694,query,62347,11518524191376,DbGate Helper,7979872,0.068954500
1,dbgate,11.947,query,62346,11518524036650,DbGate Helper (GPU),143934424,0.590660542
1,dbgate,11.947,query,62344,11518513493353,DbGate,116459248,0.943783083
1,dbgate,11.947,query,62353,11518533335955,DbGate Helper (Renderer),107038208,0.886795167
1,dbgate,11.947,query,62357,11518544071888,DbGate Helper,51856632,0.354940750
1,dbgate,11.947,query,62358,11518544148162,DbGate Helper,51676384,0.354804833
1,dbgate,11.947,query,62355,11518542147284,DbGate Helper,51545360,0.333121083
1,dbgate,11.947,query,62367,11518549618094,com.apple.SafariPlatformSupport,9699952,0.110736125
1,dbgate,11.947,query,62347,11518524191376,DbGate Helper,7979872,0.068954500
1,dbgate,12.203,query,62346,11518524036650,DbGate Helper (GPU),143918040,0.597644500
1,dbgate,12.203,query,62344,11518513493353,DbGate,117835504,0.981007333
1,dbgate,12.203,query,62353,11518533335955,DbGate Helper (Renderer),107070976,0.894260042
1,dbgate,12.203,query,62357,11518544071888,DbGate Helper,51856632,0.354940750
1,dbgate,12.203,query,62358,11518544148162,DbGate Helper,51676384,0.354804833
1,dbgate,12.203,query,62355,11518542147284,DbGate Helper,51545360,0.333121083
1,dbgate,12.203,query,62367,11518549618094,com.apple.SafariPlatformSupport,9699952,0.110736125
1,dbgate,12.203,query,62347,11518524191376,DbGate Helper,7979872,0.068954500
1,dbgate,12.456,query,62346,11518524036650,DbGate Helper (GPU),198247384,0.608072625
1,dbgate,12.456,query,62344,11518513493353,DbGate,118408944,0.998644042
1,dbgate,12.456,query,62353,11518533335955,DbGate Helper (Renderer),107775488,0.909056583
1,dbgate,12.456,query,62357,11518544071888,DbGate Helper,51856632,0.354940750
1,dbgate,12.456,query,62358,11518544148162,DbGate Helper,51676384,0.354804833
1,dbgate,12.456,query,62355,11518542147284,DbGate Helper,51545360,0.333121083
1,dbgate,12.456,query,62367,11518549618094,com.apple.SafariPlatformSupport,9699952,0.110736125
1,dbgate,12.456,query,62347,11518524191376,DbGate Helper,7979872,0.069335292
1,dbgate,12.711,query,62346,11518524036650,DbGate Helper (GPU),198640600,0.622849917
1,dbgate,12.711,query,62344,11518513493353,DbGate,118425328,1.004903292
1,dbgate,12.711,query,62353,11518533335955,DbGate Helper (Renderer),107955712,0.925038208
1,dbgate,12.711,query,62357,11518544071888,DbGate Helper,51856632,0.355074292
1,dbgate,12.711,query,62358,11518544148162,DbGate Helper,51676384,0.355053542
1,dbgate,12.711,query,62355,11518542147284,DbGate Helper,51545360,0.333441917
1,dbgate,12.711,query,62367,11518549618094,com.apple.SafariPlatformSupport,9699952,0.110736125
1,dbgate,12.711,query,62347,11518524191376,DbGate Helper,7979872,0.069335292
1,dbgate,12.963,query,62346,11518524036650,DbGate Helper (GPU),198640600,0.632356083
1,dbgate,12.963,query,62344,11518513493353,DbGate,118425328,1.006646333
1,dbgate,12.963,query,62353,11518533335955,DbGate Helper (Renderer),107955712,0.932547292
1,dbgate,12.963,query,62357,11518544071888,DbGate Helper,51856632,0.355074292
1,dbgate,12.963,query,62358,11518544148162,DbGate Helper,51676384,0.355053542
1,dbgate,12.963,query,62355,11518542147284,DbGate Helper,51545360,0.333441917
1,dbgate,12.963,query,62367,11518549618094,com.apple.SafariPlatformSupport,9699952,0.110736125
1,dbgate,12.963,query,62347,11518524191376,DbGate Helper,7979872,0.069437708
1,dbgate,13.218,query,62346,11518524036650,DbGate Helper (GPU),217269208,0.672657083
1,dbgate,13.218,query,62344,11518513493353,DbGate,119064304,1.036257042
1,dbgate,13.218,query,62353,11518533335955,DbGate Helper (Renderer),112346624,1.066108250
1,dbgate,13.218,query,62357,11518544071888,DbGate Helper,51856632,0.355074292
1,dbgate,13.218,query,62358,11518544148162,DbGate Helper,51676384,0.355053542
1,dbgate,13.218,query,62355,11518542147284,DbGate Helper,51545360,0.333441917
1,dbgate,13.218,query,62421,11518825225541,DbGate Helper,35226728,0.169713333
1,dbgate,13.218,query,62367,11518549618094,com.apple.SafariPlatformSupport,9699952,0.110736125
1,dbgate,13.218,query,62347,11518524191376,DbGate Helper,7668576,0.069874833
1,dbgate,13.474,query,62346,11518524036650,DbGate Helper (GPU),234243032,0.699319750
1,dbgate,13.474,query,62344,11518513493353,DbGate,119670512,1.059810292
1,dbgate,13.474,query,62353,11518533335955,DbGate Helper (Renderer),119096832,1.137056958
1,dbgate,13.474,query,62421,11518825225541,DbGate Helper,57869536,0.373649125
1,dbgate,13.474,query,62357,11518544071888,DbGate Helper,51856632,0.355074292
1,dbgate,13.474,query,62358,11518544148162,DbGate Helper,51676384,0.355053542
1,dbgate,13.474,query,62355,11518542147284,DbGate Helper,51545360,0.333441917
1,dbgate,13.474,query,62367,11518549618094,com.apple.SafariPlatformSupport,9699952,0.110736125
1,dbgate,13.474,query,62347,11518524191376,DbGate Helper,7668576,0.069874833
1,dbgate,13.725,query,62346,11518524036650,DbGate Helper (GPU),250381272,0.723350458
1,dbgate,13.725,query,62353,11518533335955,DbGate Helper (Renderer),120178176,1.181732542
1,dbgate,13.725,query,62344,11518513493353,DbGate,119736048,1.061430250
1,dbgate,13.725,query,62421,11518825225541,DbGate Helper,57869536,0.373930333
1,dbgate,13.725,query,62357,11518544071888,DbGate Helper,51856632,0.355170125
1,dbgate,13.725,query,62358,11518544148162,DbGate Helper,51676384,0.355164542
1,dbgate,13.725,query,62355,11518542147284,DbGate Helper,51545360,0.333548792
1,dbgate,13.725,query,62367,11518549618094,com.apple.SafariPlatformSupport,9699952,0.110736125
1,dbgate,13.725,query,62347,11518524191376,DbGate Helper,7668576,0.069874833
1,dbgate,13.980,query,62346,11518524036650,DbGate Helper (GPU),250364888,0.731559583
1,dbgate,13.980,query,62353,11518533335955,DbGate Helper (Renderer),120178176,1.190897500
1,dbgate,13.980,query,62344,11518513493353,DbGate,119736048,1.061430250
1,dbgate,13.980,query,62421,11518825225541,DbGate Helper,57869536,0.373930333
1,dbgate,13.980,query,62357,11518544071888,DbGate Helper,51856632,0.355170125
1,dbgate,13.980,query,62358,11518544148162,DbGate Helper,51676384,0.355164542
1,dbgate,13.980,query,62355,11518542147284,DbGate Helper,51545360,0.333548792
1,dbgate,13.980,query,62367,11518549618094,com.apple.SafariPlatformSupport,9699952,0.110736125
1,dbgate,13.980,query,62347,11518524191376,DbGate Helper,7668576,0.069874833
1,dbgate,14.235,query,62346,11518524036650,DbGate Helper (GPU),252609496,0.786222333
1,dbgate,14.235,query,62353,11518533335955,DbGate Helper (Renderer),124634624,1.283267583
1,dbgate,14.235,query,62344,11518513493353,DbGate,119768816,1.076872250
1,dbgate,14.235,query,62421,11518825225541,DbGate Helper,57869536,0.373930333
1,dbgate,14.235,query,62357,11518544071888,DbGate Helper,51856632,0.355170125
1,dbgate,14.235,query,62358,11518544148162,DbGate Helper,51676384,0.355164542
1,dbgate,14.235,query,62355,11518542147284,DbGate Helper,51545360,0.333548792
1,dbgate,14.235,query,62367,11518549618094,com.apple.SafariPlatformSupport,9699952,0.110736125
1,dbgate,14.235,query,62347,11518524191376,DbGate Helper,7668576,0.069874833
1,dbgate,14.490,query,62346,11518524036650,DbGate Helper (GPU),271090696,0.899723042
1,dbgate,14.490,query,62353,11518533335955,DbGate Helper (Renderer),133023256,1.407934375
1,dbgate,14.490,query,62344,11518513493353,DbGate,119768816,1.092381250
1,dbgate,14.490,query,62421,11518825225541,DbGate Helper,57869536,0.374212292
1,dbgate,14.490,query,62357,11518544071888,DbGate Helper,51856632,0.355170125
1,dbgate,14.490,query,62358,11518544148162,DbGate Helper,51676384,0.355164542
1,dbgate,14.490,query,62355,11518542147284,DbGate Helper,51545360,0.333548792
1,dbgate,14.490,query,62367,11518549618094,com.apple.SafariPlatformSupport,9699952,0.110736125
1,dbgate,14.490,query,62347,11518524191376,DbGate Helper,7668576,0.069874833
1,dbgate,14.743,query,62346,11518524036650,DbGate Helper (GPU),274826248,1.005663208
1,dbgate,14.743,query,62353,11518533335955,DbGate Helper (Renderer),143033904,1.532724542
1,dbgate,14.743,query,62344,11518513493353,DbGate,119785200,1.106632500
1,dbgate,14.743,query,62421,11518825225541,DbGate Helper,57869536,0.374212292
1,dbgate,14.743,query,62357,11518544071888,DbGate Helper,51856632,0.355235792
1,dbgate,14.743,query,62358,11518544148162,DbGate Helper,51676384,0.355260250
1,dbgate,14.743,query,62355,11518542147284,DbGate Helper,51545360,0.333651583
1,dbgate,14.743,query,62367,11518549618094,com.apple.SafariPlatformSupport,9699952,0.110736125
1,dbgate,14.743,query,62347,11518524191376,DbGate Helper,7668576,0.069874833
1,dbgate,14.994,query,62346,11518524036650,DbGate Helper (GPU),277758984,1.101834750
1,dbgate,14.994,query,62353,11518533335955,DbGate Helper (Renderer),146982472,1.682805750
1,dbgate,14.994,query,62344,11518513493353,DbGate,119785200,1.122086292
1,dbgate,14.994,query,62421,11518825225541,DbGate Helper,57869536,0.374212292
1,dbgate,14.994,query,62357,11518544071888,DbGate Helper,51856632,0.355235792
1,dbgate,14.994,query,62358,11518544148162,DbGate Helper,51676384,0.355260250
1,dbgate,14.994,query,62355,11518542147284,DbGate Helper,51545360,0.333651583
1,dbgate,14.994,query,62367,11518549618094,com.apple.SafariPlatformSupport,9699952,0.110736125
1,dbgate,14.994,query,62347,11518524191376,DbGate Helper,7668576,0.069874833
1,dbgate,15.249,query,62346,11518524036650,DbGate Helper (GPU),279381000,1.200319417
1,dbgate,15.249,query,62353,11518533335955,DbGate Helper (Renderer),147883592,1.810266333
1,dbgate,15.249,query,62344,11518513493353,DbGate,119785200,1.136475625
1,dbgate,15.249,query,62421,11518825225541,DbGate Helper,57869536,0.374212292
1,dbgate,15.249,query,62357,11518544071888,DbGate Helper,51856632,0.355235792
1,dbgate,15.249,query,62358,11518544148162,DbGate Helper,51676384,0.355260250
1,dbgate,15.249,query,62355,11518542147284,DbGate Helper,51545360,0.333651583
1,dbgate,15.249,query,62367,11518549618094,com.apple.SafariPlatformSupport,9699952,0.110736125
1,dbgate,15.249,query,62347,11518524191376,DbGate Helper,7668576,0.069874833
1,dbgate,15.501,query,62346,11518524036650,DbGate Helper (GPU),283132936,1.294677917
1,dbgate,15.501,query,62353,11518533335955,DbGate Helper (Renderer),148096584,1.922498333
1,dbgate,15.501,query,62344,11518513493353,DbGate,119785200,1.149023500
1,dbgate,15.501,query,62421,11518825225541,DbGate Helper,57869536,0.374342000
1,dbgate,15.501,query,62357,11518544071888,DbGate Helper,51856632,0.355235792
1,dbgate,15.501,query,62358,11518544148162,DbGate Helper,51676384,0.355260250
1,dbgate,15.501,query,62355,11518542147284,DbGate Helper,51545360,0.333651583
1,dbgate,15.501,query,62367,11518549618094,com.apple.SafariPlatformSupport,9699952,0.110736125
1,dbgate,15.501,query,62347,11518524191376,DbGate Helper,7668576,0.069874833
1,dbgate,15.756,query,62346,11518524036650,DbGate Helper (GPU),283182088,1.386832792
1,dbgate,15.756,query,62353,11518533335955,DbGate Helper (Renderer),148702792,2.001043833
1,dbgate,15.756,query,62344,11518513493353,DbGate,119785200,1.163120000
1,dbgate,15.756,query,62421,11518825225541,DbGate Helper,57869536,0.374342000
1,dbgate,15.756,query,62357,11518544071888,DbGate Helper,51856632,0.355301042
1,dbgate,15.756,query,62358,11518544148162,DbGate Helper,51676384,0.355339125
1,dbgate,15.756,query,62355,11518542147284,DbGate Helper,51545360,0.333739917
1,dbgate,15.756,query,62367,11518549618094,com.apple.SafariPlatformSupport,9699952,0.110736125
1,dbgate,15.756,query,62347,11518524191376,DbGate Helper,7668576,0.069874833
1,dbgate,16.011,query,62346,11518524036650,DbGate Helper (GPU),283165704,1.467249542
1,dbgate,16.011,query,62353,11518533335955,DbGate Helper (Renderer),153093704,2.095339417
1,dbgate,16.011,query,62344,11518513493353,DbGate,119785200,1.171772375
1,dbgate,16.011,query,62421,11518825225541,DbGate Helper,57869536,0.374342000
1,dbgate,16.011,query,62357,11518544071888,DbGate Helper,51856632,0.355301042
1,dbgate,16.011,query,62358,11518544148162,DbGate Helper,51676384,0.355339125
1,dbgate,16.011,query,62355,11518542147284,DbGate Helper,51545360,0.333739917
1,dbgate,16.011,query,62367,11518549618094,com.apple.SafariPlatformSupport,9699952,0.110736125
1,dbgate,16.011,query,62347,11518524191376,DbGate Helper,7668576,0.069874833
1,dbgate,16.266,query,62346,11518524036650,DbGate Helper (GPU),283165704,1.556942792
1,dbgate,16.266,query,62353,11518533335955,DbGate Helper (Renderer),157058632,2.175511833
1,dbgate,16.266,query,62344,11518513493353,DbGate,119785200,1.184377917
1,dbgate,16.266,query,62421,11518825225541,DbGate Helper,57869536,0.374342000
1,dbgate,16.266,query,62357,11518544071888,DbGate Helper,51856632,0.355301042
1,dbgate,16.266,query,62358,11518544148162,DbGate Helper,51676384,0.355339125
1,dbgate,16.266,query,62355,11518542147284,DbGate Helper,51545360,0.333739917
1,dbgate,16.266,query,62367,11518549618094,com.apple.SafariPlatformSupport,9699952,0.110736125
1,dbgate,16.266,query,62347,11518524191376,DbGate Helper,7668576,0.069874833
1,dbgate,16.521,query,62346,11518524036650,DbGate Helper (GPU),283165704,1.595911375
1,dbgate,16.521,query,62353,11518533335955,DbGate Helper (Renderer),158287432,2.323855083
1,dbgate,16.521,query,62344,11518513493353,DbGate,119801584,1.201721583
1,dbgate,16.521,query,62421,11518825225541,DbGate Helper,57869536,0.374646917
1,dbgate,16.521,query,62357,11518544071888,DbGate Helper,51856632,0.355301042
1,dbgate,16.521,query,62358,11518544148162,DbGate Helper,51676384,0.355339125
1,dbgate,16.521,query,62355,11518542147284,DbGate Helper,51545360,0.333739917
1,dbgate,16.521,query,62367,11518549618094,com.apple.SafariPlatformSupport,9699952,0.110736125
1,dbgate,16.521,query,62347,11518524191376,DbGate Helper,7668576,0.069874833
1,dbgate,16.777,query,62346,11518524036650,DbGate Helper (GPU),283165704,1.642512750
1,dbgate,16.777,query,62353,11518533335955,DbGate Helper (Renderer),158352968,2.409788167
1,dbgate,16.777,query,62344,11518513493353,DbGate,119817968,1.218389708
1,dbgate,16.777,query,62421,11518825225541,DbGate Helper,57869536,0.374646917
1,dbgate,16.777,query,62357,11518544071888,DbGate Helper,51856632,0.355370042
1,dbgate,16.777,query,62358,11518544148162,DbGate Helper,51676384,0.355470333
1,dbgate,16.777,query,62355,11518542147284,DbGate Helper,51545360,0.333848250
1,dbgate,16.777,query,62367,11518549618094,com.apple.SafariPlatformSupport,9699952,0.110736125
1,dbgate,16.777,query,62347,11518524191376,DbGate Helper,7668576,0.069874833
1,dbgate,17.028,query,62346,11518524036650,DbGate Helper (GPU),283100168,1.680676833
1,dbgate,17.028,query,62353,11518533335955,DbGate Helper (Renderer),158352968,2.478690792
1,dbgate,17.028,query,62344,11518513493353,DbGate,119834352,1.231861542
1,dbgate,17.028,query,62421,11518825225541,DbGate Helper,57869536,0.374646917
1,dbgate,17.028,query,62357,11518544071888,DbGate Helper,51856632,0.355370042
1,dbgate,17.028,query,62358,11518544148162,DbGate Helper,51676384,0.355470333
1,dbgate,17.028,query,62355,11518542147284,DbGate Helper,51545360,0.333848250
1,dbgate,17.028,query,62367,11518549618094,com.apple.SafariPlatformSupport,9699952,0.110736125
1,dbgate,17.028,query,62347,11518524191376,DbGate Helper,7668576,0.069874833
1,dbgate,17.283,query,62346,11518524036650,DbGate Helper (GPU),283067400,1.720270917
1,dbgate,17.283,query,62353,11518533335955,DbGate Helper (Renderer),158402120,2.548806250
1,dbgate,17.283,query,62344,11518513493353,DbGate,119768816,1.245953500
1,dbgate,17.283,query,62421,11518825225541,DbGate Helper,57869536,0.374646917
1,dbgate,17.283,query,62357,11518544071888,DbGate Helper,51856632,0.355370042
1,dbgate,17.283,query,62358,11518544148162,DbGate Helper,51676384,0.355470333
1,dbgate,17.283,query,62355,11518542147284,DbGate Helper,51545360,0.333848250
1,dbgate,17.283,query,62367,11518549618094,com.apple.SafariPlatformSupport,9699952,0.110736125
1,dbgate,17.283,query,62347,11518524191376,DbGate Helper,7668576,0.069874833
1,dbgate,17.534,query,62346,11518524036650,DbGate Helper (GPU),283067400,1.765293583
1,dbgate,17.534,query,62353,11518533335955,DbGate Helper (Renderer),158549576,2.626772708
1,dbgate,17.534,query,62344,11518513493353,DbGate,119768816,1.261733208
1,dbgate,17.534,query,62421,11518825225541,DbGate Helper,57869536,0.374830250
1,dbgate,17.534,query,62357,11518544071888,DbGate Helper,51856632,0.355370042
1,dbgate,17.534,query,62358,11518544148162,DbGate Helper,51676384,0.355470333
1,dbgate,17.534,query,62355,11518542147284,DbGate Helper,51545360,0.333848250
1,dbgate,17.534,query,62367,11518549618094,com.apple.SafariPlatformSupport,9699952,0.110736125
1,dbgate,17.534,query,62347,11518524191376,DbGate Helper,7668576,0.069874833
1,dbgate,17.789,query,62346,11518524036650,DbGate Helper (GPU),283067400,1.798502083
1,dbgate,17.789,query,62353,11518533335955,DbGate Helper (Renderer),158664264,2.686264083
1,dbgate,17.789,query,62344,11518513493353,DbGate,119768816,1.274192833
1,dbgate,17.789,query,62421,11518825225541,DbGate Helper,57869536,0.374830250
1,dbgate,17.789,query,62357,11518544071888,DbGate Helper,51856632,0.355476667
1,dbgate,17.789,query,62358,11518544148162,DbGate Helper,51676384,0.355580125
1,dbgate,17.789,query,62355,11518542147284,DbGate Helper,51545360,0.333946958
1,dbgate,17.789,query,62367,11518549618094,com.apple.SafariPlatformSupport,9699952,0.110736125
1,dbgate,17.789,query,62347,11518524191376,DbGate Helper,7668576,0.069874833
1,dbgate,18.042,query,62346,11518524036650,DbGate Helper (GPU),253576200,1.848401042
1,dbgate,18.042,query,62353,11518533335955,DbGate Helper (Renderer),158795336,2.774061167
1,dbgate,18.042,query,62344,11518513493353,DbGate,119768816,1.289028167
1,dbgate,18.042,query,62421,11518825225541,DbGate Helper,57869536,0.374830250
1,dbgate,18.042,query,62357,11518544071888,DbGate Helper,51856632,0.355476667
1,dbgate,18.042,query,62358,11518544148162,DbGate Helper,51676384,0.355580125
1,dbgate,18.042,query,62355,11518542147284,DbGate Helper,51545360,0.333946958
1,dbgate,18.042,query,62367,11518549618094,com.apple.SafariPlatformSupport,9699952,0.110736125
1,dbgate,18.042,query,62347,11518524191376,DbGate Helper,7668576,0.069874833
1,dbgate,18.298,query,62346,11518524036650,DbGate Helper (GPU),253363208,1.898251833
1,dbgate,18.298,query,62353,11518533335955,DbGate Helper (Renderer),159319624,2.859854792
1,dbgate,18.298,query,62344,11518513493353,DbGate,119768816,1.307250583
1,dbgate,18.298,query,62421,11518825225541,DbGate Helper,57869536,0.374830250
1,dbgate,18.298,query,62357,11518544071888,DbGate Helper,51856632,0.355476667
1,dbgate,18.298,query,62358,11518544148162,DbGate Helper,51676384,0.355580125
1,dbgate,18.298,query,62355,11518542147284,DbGate Helper,51545360,0.333946958
1,dbgate,18.298,query,62367,11518549618094,com.apple.SafariPlatformSupport,9699952,0.110736125
1,dbgate,18.298,query,62347,11518524191376,DbGate Helper,7668576,0.069874833
1,dbgate,18.549,query,62346,11518524036650,DbGate Helper (GPU),193135624,1.936336750
1,dbgate,18.549,query,62353,11518533335955,DbGate Helper (Renderer),161187400,2.918347958
1,dbgate,18.549,query,62344,11518513493353,DbGate,119768816,1.319921625
1,dbgate,18.549,query,62421,11518825225541,DbGate Helper,57771232,0.375082958
1,dbgate,18.549,query,62357,11518544071888,DbGate Helper,51856632,0.355476667
1,dbgate,18.549,query,62358,11518544148162,DbGate Helper,51676384,0.355580125
1,dbgate,18.549,query,62355,11518542147284,DbGate Helper,51545360,0.333946958
1,dbgate,18.549,query,62367,11518549618094,com.apple.SafariPlatformSupport,9699952,0.110736125
1,dbgate,18.549,query,62347,11518524191376,DbGate Helper,7668576,0.069874833
1,dbgate,18.801,query,62346,11518524036650,DbGate Helper (GPU),171377672,1.984242250
1,dbgate,18.801,query,62353,11518533335955,DbGate Helper (Renderer),164841032,3.003866292
1,dbgate,18.801,query,62344,11518513493353,DbGate,119768816,1.336409708
1,dbgate,18.801,query,62421,11518825225541,DbGate Helper,57771232,0.375082958
1,dbgate,18.801,query,62357,11518544071888,DbGate Helper,51856632,0.355614875
1,dbgate,18.801,query,62358,11518544148162,DbGate Helper,51676384,0.355721583
1,dbgate,18.801,query,62355,11518542147284,DbGate Helper,51545360,0.334066875
1,dbgate,18.801,query,62367,11518549618094,com.apple.SafariPlatformSupport,9699952,0.110736125
1,dbgate,18.801,query,62347,11518524191376,DbGate Helper,7668576,0.069874833
1,dbgate,19.056,query,62346,11518524036650,DbGate Helper (GPU),171377672,2.026499250
1,dbgate,19.056,query,62353,11518533335955,DbGate Helper (Renderer),167642696,3.074411958
1,dbgate,19.056,query,62344,11518513493353,DbGate,119768816,1.350303542
1,dbgate,19.056,query,62421,11518825225541,DbGate Helper,57771232,0.375082958
1,dbgate,19.056,query,62357,11518544071888,DbGate Helper,51856632,0.355614875
1,dbgate,19.056,query,62358,11518544148162,DbGate Helper,51676384,0.355721583
1,dbgate,19.056,query,62355,11518542147284,DbGate Helper,51545360,0.334066875
1,dbgate,19.056,query,62367,11518549618094,com.apple.SafariPlatformSupport,9699952,0.110736125
1,dbgate,19.056,query,62347,11518524191376,DbGate Helper,7668576,0.069874833
1,dbgate,19.311,query,62346,11518524036650,DbGate Helper (GPU),171246600,2.053597792
1,dbgate,19.311,query,62353,11518533335955,DbGate Helper (Renderer),169313864,3.120200125
1,dbgate,19.311,query,62344,11518513493353,DbGate,119768816,1.359947375
1,dbgate,19.311,query,62421,11518825225541,DbGate Helper,57771232,0.375082958
1,dbgate,19.311,query,62357,11518544071888,DbGate Helper,51856632,0.355614875
1,dbgate,19.311,query,62358,11518544148162,DbGate Helper,51676384,0.355721583
1,dbgate,19.311,query,62355,11518542147284,DbGate Helper,51545360,0.334066875
1,dbgate,19.311,query,62367,11518549618094,com.apple.SafariPlatformSupport,9699952,0.110736125
1,dbgate,19.311,query,62347,11518524191376,DbGate Helper,7668576,0.069874833
1,dbgate,19.567,after-query,62346,11518524036650,DbGate Helper (GPU),170771464,2.061769208
1,dbgate,19.567,after-query,62353,11518533335955,DbGate Helper (Renderer),169313864,3.131555542
1,dbgate,19.567,after-query,62344,11518513493353,DbGate,119768816,1.360814833
1,dbgate,19.567,after-query,62421,11518825225541,DbGate Helper,57771232,0.375466167
1,dbgate,19.567,after-query,62357,11518544071888,DbGate Helper,51856632,0.355614875
1,dbgate,19.567,after-query,62358,11518544148162,DbGate Helper,51676384,0.355721583
1,dbgate,19.567,after-query,62355,11518542147284,DbGate Helper,51545360,0.334066875
1,dbgate,19.567,after-query,62367,11518549618094,com.apple.SafariPlatformSupport,9699952,0.110736125
1,dbgate,19.567,after-query,62347,11518524191376,DbGate Helper,7668576,0.069874833
1,dbgate,19.817,after-query,62346,11518524036650,DbGate Helper (GPU),170230792,2.070342958
1,dbgate,19.817,after-query,62353,11518533335955,DbGate Helper (Renderer),169313864,3.139659917
1,dbgate,19.817,after-query,62344,11518513493353,DbGate,119768816,1.361812875
1,dbgate,19.817,after-query,62421,11518825225541,DbGate Helper,57771232,0.375466167
1,dbgate,19.817,after-query,62357,11518544071888,DbGate Helper,51856632,0.355962417
1,dbgate,19.817,after-query,62358,11518544148162,DbGate Helper,51676384,0.356030500
1,dbgate,19.817,after-query,62355,11518542147284,DbGate Helper,51545360,0.334291500
1,dbgate,19.817,after-query,62367,11518549618094,com.apple.SafariPlatformSupport,9699952,0.110736125
1,dbgate,19.817,after-query,62347,11518524191376,DbGate Helper,7668576,0.069874833
1,dbgate,20.068,after-query,62346,11518524036650,DbGate Helper (GPU),170230792,2.078467333
1,dbgate,20.068,after-query,62353,11518533335955,DbGate Helper (Renderer),169313864,3.148489375
1,dbgate,20.068,after-query,62344,11518513493353,DbGate,119768816,1.361812875
1,dbgate,20.068,after-query,62421,11518825225541,DbGate Helper,57771232,0.375466167
1,dbgate,20.068,after-query,62357,11518544071888,DbGate Helper,51856632,0.355962417
1,dbgate,20.068,after-query,62358,11518544148162,DbGate Helper,51676384,0.356030500
1,dbgate,20.068,after-query,62355,11518542147284,DbGate Helper,51545360,0.334291500
1,dbgate,20.068,after-query,62367,11518549618094,com.apple.SafariPlatformSupport,9781872,0.110736125
1,dbgate,20.068,after-query,62347,11518524191376,DbGate Helper,7668576,0.069874833
1,dbgate,20.318,after-query,62353,11518533335955,DbGate Helper (Renderer),169313864,3.153278625
1,dbgate,20.318,after-query,62346,11518524036650,DbGate Helper (GPU),167756808,2.084218042
1,dbgate,20.318,after-query,62344,11518513493353,DbGate,119768816,1.361812875
1,dbgate,20.318,after-query,62421,11518825225541,DbGate Helper,57771232,0.375466167
1,dbgate,20.318,after-query,62357,11518544071888,DbGate Helper,51856632,0.355962417
1,dbgate,20.318,after-query,62358,11518544148162,DbGate Helper,51676384,0.356030500
1,dbgate,20.318,after-query,62355,11518542147284,DbGate Helper,51545360,0.334291500
1,dbgate,20.318,after-query,62367,11518549618094,com.apple.SafariPlatformSupport,10617456,0.110736125
1,dbgate,20.318,after-query,62347,11518524191376,DbGate Helper,7668576,0.069874833
1,dbgate,20.573,after-query,62353,11518533335955,DbGate Helper (Renderer),169313864,3.159318125
1,dbgate,20.573,after-query,62346,11518524036650,DbGate Helper (GPU),162513928,2.089998042
1,dbgate,20.573,after-query,62344,11518513493353,DbGate,119768816,1.362367250
1,dbgate,20.573,after-query,62421,11518825225541,DbGate Helper,57771232,0.375853333
1,dbgate,20.573,after-query,62357,11518544071888,DbGate Helper,51840248,0.355962417
1,dbgate,20.573,after-query,62358,11518544148162,DbGate Helper,51676384,0.356030500
1,dbgate,20.573,after-query,62355,11518542147284,DbGate Helper,51545360,0.334291500
1,dbgate,20.573,after-query,62367,11518549618094,com.apple.SafariPlatformSupport,11666032,0.110736125
1,dbgate,20.573,after-query,62347,11518524191376,DbGate Helper,7668576,0.069874833
1,dbgate,20.828,after-query,62353,11518533335955,DbGate Helper (Renderer),169313864,3.168373500
1,dbgate,20.828,after-query,62346,11518524036650,DbGate Helper (GPU),162513928,2.099711958
1,dbgate,20.828,after-query,62344,11518513493353,DbGate,119768816,1.363351167
1,dbgate,20.828,after-query,62421,11518825225541,DbGate Helper,57771232,0.375853333
1,dbgate,20.828,after-query,62357,11518544071888,DbGate Helper,51840248,0.356254667
1,dbgate,20.828,after-query,62358,11518544148162,DbGate Helper,51676384,0.356484667
1,dbgate,20.828,after-query,62355,11518542147284,DbGate Helper,51545360,0.334667917
1,dbgate,20.828,after-query,62367,11518549618094,com.apple.SafariPlatformSupport,11666032,0.110736125
1,dbgate,20.828,after-query,62347,11518524191376,DbGate Helper,7668576,0.069874833
1,dbgate,21.084,after-query,62353,11518533335955,DbGate Helper (Renderer),168740400,3.178715792
1,dbgate,21.084,after-query,62346,11518524036650,DbGate Helper (GPU),145179656,2.114067500
1,dbgate,21.084,after-query,62344,11518513493353,DbGate,119768816,1.363643125
1,dbgate,21.084,after-query,62421,11518825225541,DbGate Helper,57771232,0.375853333
1,dbgate,21.084,after-query,62357,11518544071888,DbGate Helper,51840248,0.356254667
1,dbgate,21.084,after-query,62358,11518544148162,DbGate Helper,51676384,0.356484667
1,dbgate,21.084,after-query,62355,11518542147284,DbGate Helper,51545360,0.334667917
1,dbgate,21.084,after-query,62367,11518549618094,com.apple.SafariPlatformSupport,11666032,0.110736125
1,dbgate,21.084,after-query,62347,11518524191376,DbGate Helper,7668576,0.069874833
1,dbgate,21.335,after-query,62353,11518533335955,DbGate Helper (Renderer),168773168,3.188079333
1,dbgate,21.335,after-query,62346,11518524036650,DbGate Helper (GPU),145163272,2.121313292
1,dbgate,21.335,after-query,62344,11518513493353,DbGate,119768816,1.364892458
1,dbgate,21.335,after-query,62421,11518825225541,DbGate Helper,57771232,0.375853333
1,dbgate,21.335,after-query,62357,11518544071888,DbGate Helper,51840248,0.356254667
1,dbgate,21.335,after-query,62358,11518544148162,DbGate Helper,51741920,0.357298500
1,dbgate,21.335,after-query,62355,11518542147284,DbGate Helper,51545360,0.334667917
1,dbgate,21.335,after-query,62367,11518549618094,com.apple.SafariPlatformSupport,11666032,0.110736125
1,dbgate,21.335,after-query,62347,11518524191376,DbGate Helper,7668576,0.069874833
1,dbgate,21.589,after-query,62353,11518533335955,DbGate Helper (Renderer),168773168,3.195643917
1,dbgate,21.589,after-query,62346,11518524036650,DbGate Helper (GPU),145163272,2.127996000
1,dbgate,21.589,after-query,62344,11518513493353,DbGate,119768816,1.365457958
1,dbgate,21.589,after-query,62421,11518825225541,DbGate Helper,57771232,0.376317083
1,dbgate,21.589,after-query,62357,11518544071888,DbGate Helper,51840248,0.356254667
1,dbgate,21.589,after-query,62358,11518544148162,DbGate Helper,51741920,0.357298500
1,dbgate,21.589,after-query,62355,11518542147284,DbGate Helper,51545360,0.334667917
1,dbgate,21.589,after-query,62367,11518549618094,com.apple.SafariPlatformSupport,11666032,0.110736125
1,dbgate,21.589,after-query,62347,11518524191376,DbGate Helper,7668576,0.069874833
1,dbgate,21.844,after-query,62353,11518533335955,DbGate Helper (Renderer),168773168,3.205157958
1,dbgate,21.844,after-query,62346,11518524036650,DbGate Helper (GPU),143066120,2.141635500
1,dbgate,21.844,after-query,62344,11518513493353,DbGate,119719664,1.366905333
1,dbgate,21.844,after-query,62421,11518825225541,DbGate Helper,57771232,0.376317083
1,dbgate,21.844,after-query,62357,11518544071888,DbGate Helper,51840248,0.356587500
1,dbgate,21.844,after-query,62358,11518544148162,DbGate Helper,51741920,0.357728542
1,dbgate,21.844,after-query,62355,11518542147284,DbGate Helper,51545360,0.335054458
1,dbgate,21.844,after-query,62367,11518549618094,com.apple.SafariPlatformSupport,11666032,0.110736125
1,dbgate,21.844,after-query,62347,11518524191376,DbGate Helper,7668576,0.069874833
1,dbgate,22.100,after-query,62353,11518533335955,DbGate Helper (Renderer),168822320,3.215400333
1,dbgate,22.100,after-query,62346,11518524036650,DbGate Helper (GPU),143049736,2.151461583
1,dbgate,22.100,after-query,62344,11518513493353,DbGate,119719664,1.366905333
1,dbgate,22.100,after-query,62421,11518825225541,DbGate Helper,57771232,0.376317083
1,dbgate,22.100,after-query,62357,11518544071888,DbGate Helper,51840248,0.356587500
1,dbgate,22.100,after-query,62358,11518544148162,DbGate Helper,51741920,0.357728542
1,dbgate,22.100,after-query,62355,11518542147284,DbGate Helper,51545360,0.335054458
1,dbgate,22.100,after-query,62367,11518549618094,com.apple.SafariPlatformSupport,11666032,0.110736125
1,dbgate,22.100,after-query,62347,11518524191376,DbGate Helper,7668576,0.069874833
1,dbgate,22.351,after-query,62353,11518533335955,DbGate Helper (Renderer),168822320,3.223590000
1,dbgate,22.351,after-query,62346,11518524036650,DbGate Helper (GPU),143033352,2.159281375
1,dbgate,22.351,after-query,62344,11518513493353,DbGate,119719664,1.366905333
1,dbgate,22.351,after-query,62421,11518825225541,DbGate Helper,57771232,0.376317083
1,dbgate,22.351,after-query,62357,11518544071888,DbGate Helper,51840248,0.356587500
1,dbgate,22.351,after-query,62358,11518544148162,DbGate Helper,51741920,0.357728542
1,dbgate,22.351,after-query,62355,11518542147284,DbGate Helper,51545360,0.335054458
1,dbgate,22.351,after-query,62367,11518549618094,com.apple.SafariPlatformSupport,11666032,0.110736125
1,dbgate,22.351,after-query,62347,11518524191376,DbGate Helper,7668576,0.069874833
1,dbgate,22.607,after-query,62353,11518533335955,DbGate Helper (Renderer),168822320,3.231130500
1,dbgate,22.607,after-query,62346,11518524036650,DbGate Helper (GPU),143033352,2.166051542
1,dbgate,22.607,after-query,62344,11518513493353,DbGate,119719664,1.367546167
1,dbgate,22.607,after-query,62421,11518825225541,DbGate Helper,57771232,0.376780750
1,dbgate,22.607,after-query,62357,11518544071888,DbGate Helper,51840248,0.356587500
1,dbgate,22.607,after-query,62358,11518544148162,DbGate Helper,51741920,0.357728542
1,dbgate,22.607,after-query,62355,11518542147284,DbGate Helper,51545360,0.335054458
1,dbgate,22.607,after-query,62367,11518549618094,com.apple.SafariPlatformSupport,11666032,0.110736125
1,dbgate,22.607,after-query,62347,11518524191376,DbGate Helper,7668576,0.069874833
1,dbgate,22.862,after-query,62353,11518533335955,DbGate Helper (Renderer),168822320,3.238592458
1,dbgate,22.862,after-query,62346,11518524036650,DbGate Helper (GPU),143033352,2.174521292
1,dbgate,22.862,after-query,62344,11518513493353,DbGate,119719664,1.368426667
1,dbgate,22.862,after-query,62421,11518825225541,DbGate Helper,57771232,0.376780750
1,dbgate,22.862,after-query,62357,11518544071888,DbGate Helper,51840248,0.356792458
1,dbgate,22.862,after-query,62358,11518544148162,DbGate Helper,51741920,0.357940333
1,dbgate,22.862,after-query,62355,11518542147284,DbGate Helper,51545360,0.335280917
1,dbgate,22.862,after-query,62367,11518549618094,com.apple.SafariPlatformSupport,11666032,0.110736125
1,dbgate,22.862,after-query,62347,11518524191376,DbGate Helper,7668576,0.069874833
1,dbgate,23.117,after-query,62353,11518533335955,DbGate Helper (Renderer),168822320,3.247033083
1,dbgate,23.117,after-query,62346,11518524036650,DbGate Helper (GPU),143016968,2.183619625
1,dbgate,23.117,after-query,62344,11518513493353,DbGate,119719664,1.368426667
1,dbgate,23.117,after-query,62421,11518825225541,DbGate Helper,57771232,0.376780750
1,dbgate,23.117,after-query,62357,11518544071888,DbGate Helper,51840248,0.356792458
1,dbgate,23.117,after-query,62358,11518544148162,DbGate Helper,51741920,0.357940333
1,dbgate,23.117,after-query,62355,11518542147284,DbGate Helper,51545360,0.335280917
1,dbgate,23.117,after-query,62367,11518549618094,com.apple.SafariPlatformSupport,11666032,0.110736125
1,dbgate,23.117,after-query,62347,11518524191376,DbGate Helper,7668576,0.069874833
1,dbgate,23.368,after-query,62353,11518533335955,DbGate Helper (Renderer),168822320,3.254077500
1,dbgate,23.368,after-query,62346,11518524036650,DbGate Helper (GPU),143000584,2.191319917
1,dbgate,23.368,after-query,62344,11518513493353,DbGate,119719664,1.368954542
1,dbgate,23.368,after-query,62421,11518825225541,DbGate Helper,57771232,0.377707167
1,dbgate,23.368,after-query,62357,11518544071888,DbGate Helper,51840248,0.356792458
1,dbgate,23.368,after-query,62358,11518544148162,DbGate Helper,51741920,0.357940333
1,dbgate,23.368,after-query,62355,11518542147284,DbGate Helper,51545360,0.335280917
1,dbgate,23.368,after-query,62367,11518549618094,com.apple.SafariPlatformSupport,11666032,0.110736125
1,dbgate,23.368,after-query,62347,11518524191376,DbGate Helper,7668576,0.069874833
1,dbgate,23.624,after-query,62353,11518533335955,DbGate Helper (Renderer),168855088,3.261428542
1,dbgate,23.624,after-query,62346,11518524036650,DbGate Helper (GPU),143000584,2.197501458
1,dbgate,23.624,after-query,62344,11518513493353,DbGate,119719664,1.369245500
1,dbgate,23.624,after-query,62421,11518825225541,DbGate Helper,57771232,0.377707167
1,dbgate,23.624,after-query,62357,11518544071888,DbGate Helper,51840248,0.356792458
1,dbgate,23.624,after-query,62358,11518544148162,DbGate Helper,51741920,0.357940333
1,dbgate,23.624,after-query,62355,11518542147284,DbGate Helper,51545360,0.335429667
1,dbgate,23.624,after-query,62367,11518549618094,com.apple.SafariPlatformSupport,11666032,0.110736125
1,dbgate,23.624,after-query,62347,11518524191376,DbGate Helper,7668576,0.069874833
1,dbgate,23.879,after-query,62353,11518533335955,DbGate Helper (Renderer),168855088,3.268684500
1,dbgate,23.879,after-query,62346,11518524036650,DbGate Helper (GPU),143000584,2.205862208
1,dbgate,23.879,after-query,62344,11518513493353,DbGate,119719664,1.369759125
1,dbgate,23.879,after-query,62421,11518825225541,DbGate Helper,57771232,0.377707167
1,dbgate,23.879,after-query,62357,11518544071888,DbGate Helper,51840248,0.356906292
1,dbgate,23.879,after-query,62358,11518544148162,DbGate Helper,51741920,0.358072292
1,dbgate,23.879,after-query,62355,11518542147284,DbGate Helper,51545360,0.335429667
1,dbgate,23.879,after-query,62367,11518549618094,com.apple.SafariPlatformSupport,11666032,0.110736125
1,dbgate,23.879,after-query,62347,11518524191376,DbGate Helper,7668576,0.069874833
1,dbgate,24.134,after-query,62353,11518533335955,DbGate Helper (Renderer),168855088,3.276223292
1,dbgate,24.134,after-query,62346,11518524036650,DbGate Helper (GPU),127779848,2.215872625
1,dbgate,24.134,after-query,62344,11518513493353,DbGate,119719664,1.369759125
1,dbgate,24.134,after-query,62421,11518825225541,DbGate Helper,57771232,0.377707167
1,dbgate,24.134,after-query,62357,11518544071888,DbGate Helper,51840248,0.356906292
1,dbgate,24.134,after-query,62358,11518544148162,DbGate Helper,51741920,0.358072292
1,dbgate,24.134,after-query,62355,11518542147284,DbGate Helper,51545360,0.335429667
1,dbgate,24.134,after-query,62367,11518549618094,com.apple.SafariPlatformSupport,11911792,0.110736125
1,dbgate,24.134,after-query,62347,11518524191376,DbGate Helper,7668576,0.069874833
2,dbeaver,0.253,launch,62514,11519367984606,dbeaver,20792184,0.113384667
2,dbeaver,0.508,launch,62514,11519367984606,dbeaver,67060744,0.561845125
2,dbeaver,0.763,launch,62514,11519367984606,dbeaver,111658088,1.156557125
2,dbeaver,1.018,launch,62514,11519367984606,dbeaver,138544256,1.705096250
2,dbeaver,1.273,launch,62514,11519367984606,dbeaver,158286976,2.353989500
2,dbeaver,1.526,launch,62514,11519367984606,dbeaver,178472256,2.910682875
2,dbeaver,1.778,launch,62514,11519367984606,dbeaver,215860616,3.605186667
2,dbeaver,2.033,launch,62514,11519367984606,dbeaver,246580616,4.159649708
2,dbeaver,2.288,launch,62514,11519367984606,dbeaver,263226784,4.831711500
2,dbeaver,2.543,launch,62514,11519367984606,dbeaver,287278496,5.711801667
2,dbeaver,2.798,launch,62514,11519367984606,dbeaver,302155168,6.642861333
2,dbeaver,3.053,launch,62514,11519367984606,dbeaver,320783848,7.470613083
2,dbeaver,3.308,launch,62514,11519367984606,dbeaver,327583208,8.233904917
2,dbeaver,3.563,launch,62514,11519367984606,dbeaver,340658120,8.814616208
2,dbeaver,3.815,settle,62514,11519367984606,dbeaver,739805272,9.321392042
2,dbeaver,3.815,settle,62531,11519455399753,com.apple.SafariPlatformSupport,5866072,0.057636875
2,dbeaver,4.068,settle,62514,11519367984606,dbeaver,863881280,9.942594083
2,dbeaver,4.068,settle,62531,11519455399753,com.apple.SafariPlatformSupport,9765488,0.117701458
2,dbeaver,4.323,settle,62514,11519367984606,dbeaver,933382208,10.404503042
2,dbeaver,4.323,settle,62531,11519455399753,com.apple.SafariPlatformSupport,9765488,0.117892458
2,dbeaver,4.578,settle,62514,11519367984606,dbeaver,1002522712,11.100386542
2,dbeaver,4.578,settle,62531,11519455399753,com.apple.SafariPlatformSupport,9765488,0.117892458
2,dbeaver,4.829,settle,62514,11519367984606,dbeaver,1000949848,11.251452500
2,dbeaver,4.829,settle,62531,11519455399753,com.apple.SafariPlatformSupport,9765488,0.117892458
2,dbeaver,5.084,settle,62514,11519367984606,dbeaver,934561880,11.296711167
2,dbeaver,5.084,settle,62531,11519455399753,com.apple.SafariPlatformSupport,9765488,0.118020125
2,dbeaver,5.340,settle,62514,11519367984606,dbeaver,871942232,11.330624958
2,dbeaver,5.340,settle,62531,11519455399753,com.apple.SafariPlatformSupport,9765488,0.118020125
2,dbeaver,5.595,settle,62514,11519367984606,dbeaver,807798872,11.343310250
2,dbeaver,5.595,settle,62531,11519455399753,com.apple.SafariPlatformSupport,9765488,0.118020125
2,dbeaver,5.850,settle,62514,11519367984606,dbeaver,708823128,11.355225917
2,dbeaver,5.850,settle,62531,11519455399753,com.apple.SafariPlatformSupport,9765488,0.118158458
2,dbeaver,6.106,settle,62514,11519367984606,dbeaver,702777432,11.368254250
2,dbeaver,6.106,settle,62531,11519455399753,com.apple.SafariPlatformSupport,9765488,0.118219458
2,dbeaver,6.361,settle,62514,11519367984606,dbeaver,702777432,11.377004833
2,dbeaver,6.361,settle,62531,11519455399753,com.apple.SafariPlatformSupport,9765488,0.118219458
2,dbeaver,6.616,settle,62514,11519367984606,dbeaver,702793816,11.393545375
2,dbeaver,6.616,settle,62531,11519455399753,com.apple.SafariPlatformSupport,9765488,0.118219458
2,dbeaver,6.871,settle,62514,11519367984606,dbeaver,702269528,11.403310083
2,dbeaver,6.871,settle,62531,11519455399753,com.apple.SafariPlatformSupport,9765488,0.118219458
2,dbeaver,7.127,settle,62514,11519367984606,dbeaver,702269528,11.420518417
2,dbeaver,7.127,settle,62531,11519455399753,com.apple.SafariPlatformSupport,9765488,0.118219458
2,dbeaver,7.382,settle,62514,11519367984606,dbeaver,702269528,11.430511208
2,dbeaver,7.382,settle,62531,11519455399753,com.apple.SafariPlatformSupport,9765488,0.118219458
2,dbeaver,7.637,settle,62514,11519367984606,dbeaver,702285912,11.447889125
2,dbeaver,7.637,settle,62531,11519455399753,com.apple.SafariPlatformSupport,9765488,0.118219458
2,dbeaver,7.892,settle,62514,11519367984606,dbeaver,702285912,11.455809375
2,dbeaver,7.892,settle,62531,11519455399753,com.apple.SafariPlatformSupport,9765488,0.118219458
2,dbeaver,8.147,settle,62514,11519367984606,dbeaver,702285912,11.468046333
2,dbeaver,8.147,settle,62531,11519455399753,com.apple.SafariPlatformSupport,9765488,0.118472500
2,dbeaver,8.402,settle,62514,11519367984606,dbeaver,702007384,11.480146625
2,dbeaver,8.402,settle,62531,11519455399753,com.apple.SafariPlatformSupport,9765488,0.118472500
2,dbeaver,8.657,settle,62514,11519367984606,dbeaver,701991000,11.492042792
2,dbeaver,8.657,settle,62531,11519455399753,com.apple.SafariPlatformSupport,9765488,0.118472500
2,dbeaver,8.909,query,62514,11519367984606,dbeaver,701859928,11.496150708
2,dbeaver,8.909,query,62531,11519455399753,com.apple.SafariPlatformSupport,9765488,0.118901500
2,dbeaver,9.159,query,62514,11519367984606,dbeaver,701663320,11.507311625
2,dbeaver,9.159,query,62531,11519455399753,com.apple.SafariPlatformSupport,9749104,0.119347792
2,dbeaver,9.410,query,62514,11519367984606,dbeaver,701696088,11.519336917
2,dbeaver,9.410,query,62531,11519455399753,com.apple.SafariPlatformSupport,9749104,0.119347792
2,dbeaver,9.666,query,62514,11519367984606,dbeaver,701696088,11.527010375
2,dbeaver,9.666,query,62531,11519455399753,com.apple.SafariPlatformSupport,9749104,0.119347792
2,dbeaver,9.921,query,62514,11519367984606,dbeaver,701696088,11.537060292
2,dbeaver,9.921,query,62531,11519455399753,com.apple.SafariPlatformSupport,9749104,0.119347792
2,dbeaver,10.176,query,62514,11519367984606,dbeaver,701696088,11.543775917
2,dbeaver,10.176,query,62531,11519455399753,com.apple.SafariPlatformSupport,9749104,0.119347792
2,dbeaver,10.431,query,62514,11519367984606,dbeaver,701696088,11.554536917
2,dbeaver,10.431,query,62531,11519455399753,com.apple.SafariPlatformSupport,9749104,0.119347792
2,dbeaver,10.687,query,62514,11519367984606,dbeaver,701696088,11.562342750
2,dbeaver,10.687,query,62531,11519455399753,com.apple.SafariPlatformSupport,9749104,0.119347792
2,dbeaver,10.942,query,62514,11519367984606,dbeaver,701696088,11.572935250
2,dbeaver,10.942,query,62531,11519455399753,com.apple.SafariPlatformSupport,9749104,0.119347792
2,dbeaver,11.197,query,62514,11519367984606,dbeaver,701696088,11.581859458
2,dbeaver,11.197,query,62531,11519455399753,com.apple.SafariPlatformSupport,9749104,0.119347792
2,dbeaver,11.452,query,62514,11519367984606,dbeaver,701696088,11.595611125
2,dbeaver,11.452,query,62531,11519455399753,com.apple.SafariPlatformSupport,9749104,0.119347792
2,dbeaver,11.708,query,62514,11519367984606,dbeaver,701712472,11.610375333
2,dbeaver,11.708,query,62531,11519455399753,com.apple.SafariPlatformSupport,9749104,0.119347792
2,dbeaver,11.963,query,62514,11519367984606,dbeaver,701712472,11.621194292
2,dbeaver,11.963,query,62531,11519455399753,com.apple.SafariPlatformSupport,9749104,0.119347792
2,dbeaver,12.218,query,62514,11519367984606,dbeaver,701728856,11.632629750
2,dbeaver,12.218,query,62531,11519455399753,com.apple.SafariPlatformSupport,9749104,0.119347792
2,dbeaver,12.473,query,62514,11519367984606,dbeaver,701778008,11.645566625
2,dbeaver,12.473,query,62531,11519455399753,com.apple.SafariPlatformSupport,9749104,0.119347792
2,dbeaver,12.728,query,62514,11519367984606,dbeaver,701778008,11.655813125
2,dbeaver,12.728,query,62531,11519455399753,com.apple.SafariPlatformSupport,9749104,0.119347792
2,dbeaver,12.980,query,62514,11519367984606,dbeaver,701778008,11.661765167
2,dbeaver,12.980,query,62531,11519455399753,com.apple.SafariPlatformSupport,9749104,0.119347792
2,dbeaver,13.235,query,62514,11519367984606,dbeaver,701778008,11.671812917
2,dbeaver,13.235,query,62531,11519455399753,com.apple.SafariPlatformSupport,9749104,0.119347792
2,dbeaver,13.490,query,62514,11519367984606,dbeaver,701778008,11.678806000
2,dbeaver,13.490,query,62531,11519455399753,com.apple.SafariPlatformSupport,9749104,0.119347792
2,dbeaver,13.745,query,62514,11519367984606,dbeaver,701778008,11.687577167
2,dbeaver,13.745,query,62531,11519455399753,com.apple.SafariPlatformSupport,9749104,0.119347792
2,dbeaver,13.998,query,62514,11519367984606,dbeaver,702040104,11.712496250
2,dbeaver,13.998,query,62531,11519455399753,com.apple.SafariPlatformSupport,9749104,0.119347792
2,dbeaver,14.250,query,62514,11519367984606,dbeaver,703154216,11.776173625
2,dbeaver,14.250,query,62531,11519455399753,com.apple.SafariPlatformSupport,9667184,0.119782917
2,dbeaver,14.505,query,62514,11519367984606,dbeaver,703203368,11.791947625
2,dbeaver,14.505,query,62531,11519455399753,com.apple.SafariPlatformSupport,9667184,0.119782917
2,dbeaver,14.760,query,62514,11519367984606,dbeaver,740804648,11.872108625
2,dbeaver,14.760,query,62531,11519455399753,com.apple.SafariPlatformSupport,9667184,0.119782917
2,dbeaver,15.015,query,62514,11519367984606,dbeaver,743688232,12.071869750
2,dbeaver,15.015,query,62531,11519455399753,com.apple.SafariPlatformSupport,9667184,0.119782917
2,dbeaver,15.270,query,62514,11519367984606,dbeaver,743442472,12.097532833
2,dbeaver,15.270,query,62531,11519455399753,com.apple.SafariPlatformSupport,9667184,0.119782917
2,dbeaver,15.524,query,62514,11519367984606,dbeaver,743442472,12.118162000
2,dbeaver,15.524,query,62531,11519455399753,com.apple.SafariPlatformSupport,9667184,0.119782917
2,dbeaver,15.778,query,62514,11519367984606,dbeaver,743737384,12.160315917
2,dbeaver,15.778,query,62531,11519455399753,com.apple.SafariPlatformSupport,9667184,0.119782917
2,dbeaver,16.033,query,62514,11519367984606,dbeaver,702810152,12.172480917
2,dbeaver,16.033,query,62531,11519455399753,com.apple.SafariPlatformSupport,9667184,0.119782917
2,dbeaver,16.288,query,62514,11519367984606,dbeaver,702810152,12.182433667
2,dbeaver,16.288,query,62531,11519455399753,com.apple.SafariPlatformSupport,9667184,0.119782917
2,dbeaver,16.543,query,62514,11519367984606,dbeaver,826198056,12.306355375
2,dbeaver,16.543,query,62531,11519455399753,com.apple.SafariPlatformSupport,9667184,0.119782917
2,dbeaver,16.798,query,62514,11519367984606,dbeaver,936085568,13.003985125
2,dbeaver,16.798,query,62531,11519455399753,com.apple.SafariPlatformSupport,9667184,0.119782917
2,dbeaver,17.053,query,62514,11519367984606,dbeaver,979339352,13.731594667
2,dbeaver,17.053,query,62531,11519455399753,com.apple.SafariPlatformSupport,9667184,0.119782917
2,dbeaver,17.309,query,62514,11519367984606,dbeaver,963102808,14.025054458
2,dbeaver,17.309,query,62531,11519455399753,com.apple.SafariPlatformSupport,9667184,0.119782917
2,dbeaver,17.564,query,62514,11519367984606,dbeaver,962349144,14.152619500
2,dbeaver,17.564,query,62531,11519455399753,com.apple.SafariPlatformSupport,9667184,0.119782917
2,dbeaver,17.816,query,62514,11519367984606,dbeaver,879331416,14.171798708
2,dbeaver,17.816,query,62531,11519455399753,com.apple.SafariPlatformSupport,9667184,0.119782917
2,dbeaver,18.071,query,62514,11519367984606,dbeaver,879315032,14.194833833
2,dbeaver,18.071,query,62531,11519455399753,com.apple.SafariPlatformSupport,9667184,0.119782917
2,dbeaver,18.326,query,62514,11519367984606,dbeaver,754698376,14.279450417
2,dbeaver,18.326,query,62531,11519455399753,com.apple.SafariPlatformSupport,9667184,0.119782917
2,dbeaver,18.581,query,62514,11519367984606,dbeaver,736053384,14.374356750
2,dbeaver,18.581,query,62531,11519455399753,com.apple.SafariPlatformSupport,9667184,0.119782917
2,dbeaver,18.836,query,62514,11519367984606,dbeaver,736266376,14.483617167
2,dbeaver,18.836,query,62531,11519455399753,com.apple.SafariPlatformSupport,9667184,0.119782917
2,dbeaver,19.087,query,62514,11519367984606,dbeaver,742393992,14.577514792
2,dbeaver,19.087,query,62531,11519455399753,com.apple.SafariPlatformSupport,9667184,0.119782917
2,dbeaver,19.342,query,62514,11519367984606,dbeaver,742459528,14.648268542
2,dbeaver,19.342,query,62531,11519455399753,com.apple.SafariPlatformSupport,9667184,0.119782917
2,dbeaver,19.597,query,62514,11519367984606,dbeaver,742459528,14.725905792
2,dbeaver,19.597,query,62531,11519455399753,com.apple.SafariPlatformSupport,9667184,0.119782917
2,dbeaver,19.852,query,62514,11519367984606,dbeaver,742557832,14.916302417
2,dbeaver,19.852,query,62531,11519455399753,com.apple.SafariPlatformSupport,9667184,0.119782917
2,dbeaver,20.107,query,62514,11519367984606,dbeaver,742705288,15.024192250
2,dbeaver,20.107,query,62531,11519455399753,com.apple.SafariPlatformSupport,9667184,0.119782917
2,dbeaver,20.362,query,62514,11519367984606,dbeaver,742836360,15.176074625
2,dbeaver,20.362,query,62531,11519455399753,com.apple.SafariPlatformSupport,9667184,0.119782917
2,dbeaver,20.618,query,62514,11519367984606,dbeaver,740755592,15.216739333
2,dbeaver,20.618,query,62531,11519455399753,com.apple.SafariPlatformSupport,9667184,0.119782917
2,dbeaver,20.873,query,62514,11519367984606,dbeaver,740804744,15.299254875
2,dbeaver,20.873,query,62531,11519455399753,com.apple.SafariPlatformSupport,9667184,0.119782917
2,dbeaver,21.128,query,62514,11519367984606,dbeaver,849348744,15.517228250
2,dbeaver,21.128,query,62531,11519455399753,com.apple.SafariPlatformSupport,9667184,0.119782917
2,dbeaver,21.381,query,62514,11519367984606,dbeaver,847251592,15.587100792
2,dbeaver,21.381,query,62531,11519455399753,com.apple.SafariPlatformSupport,9667184,0.119782917
2,dbeaver,21.636,query,62514,11519367984606,dbeaver,843057288,15.654036667
2,dbeaver,21.636,query,62531,11519455399753,com.apple.SafariPlatformSupport,9667184,0.119782917
2,dbeaver,21.892,query,62514,11519367984606,dbeaver,843122824,15.732220417
2,dbeaver,21.892,query,62531,11519455399753,com.apple.SafariPlatformSupport,9667184,0.119782917
2,dbeaver,22.147,query,62514,11519367984606,dbeaver,800016520,15.786248208
2,dbeaver,22.147,query,62531,11519455399753,com.apple.SafariPlatformSupport,9667184,0.119782917
2,dbeaver,22.402,query,62514,11519367984606,dbeaver,734333064,15.819086792
2,dbeaver,22.402,query,62531,11519455399753,com.apple.SafariPlatformSupport,9667184,0.119782917
2,dbeaver,22.656,after-query,62514,11519367984606,dbeaver,734333064,15.824629125
2,dbeaver,22.656,after-query,62531,11519455399753,com.apple.SafariPlatformSupport,9667184,0.119782917
2,dbeaver,22.912,after-query,62514,11519367984606,dbeaver,731826312,15.839157167
2,dbeaver,22.912,after-query,62531,11519455399753,com.apple.SafariPlatformSupport,9667184,0.119782917
2,dbeaver,23.166,after-query,62514,11519367984606,dbeaver,731826312,15.845423792
2,dbeaver,23.166,after-query,62531,11519455399753,com.apple.SafariPlatformSupport,9667184,0.119782917
2,dbeaver,23.421,after-query,62514,11519367984606,dbeaver,720521352,15.861237208
2,dbeaver,23.421,after-query,62531,11519455399753,com.apple.SafariPlatformSupport,9667184,0.119782917
2,dbeaver,23.676,after-query,62514,11519367984606,dbeaver,720521352,15.867548708
2,dbeaver,23.676,after-query,62531,11519455399753,com.apple.SafariPlatformSupport,9667184,0.119782917
2,dbeaver,23.931,after-query,62514,11519367984606,dbeaver,720423048,15.884284458
2,dbeaver,23.931,after-query,62531,11519455399753,com.apple.SafariPlatformSupport,9667184,0.119782917
2,dbeaver,24.183,after-query,62514,11519367984606,dbeaver,720423048,15.888170958
2,dbeaver,24.183,after-query,62531,11519455399753,com.apple.SafariPlatformSupport,10617456,0.119782917
2,dbeaver,24.438,after-query,62514,11519367984606,dbeaver,720423048,15.903348917
2,dbeaver,24.438,after-query,62531,11519455399753,com.apple.SafariPlatformSupport,10617456,0.119782917
2,dbeaver,24.692,after-query,62514,11519367984606,dbeaver,720472200,15.915160083
2,dbeaver,24.692,after-query,62531,11519455399753,com.apple.SafariPlatformSupport,10617456,0.119782917
2,dbeaver,24.947,after-query,62514,11519367984606,dbeaver,720472200,15.930878042
2,dbeaver,24.947,after-query,62531,11519455399753,com.apple.SafariPlatformSupport,10617456,0.119782917
2,dbeaver,25.202,after-query,62514,11519367984606,dbeaver,720488584,15.937415042
2,dbeaver,25.202,after-query,62531,11519455399753,com.apple.SafariPlatformSupport,10617456,0.119782917
2,dbeaver,25.452,after-query,62514,11519367984606,dbeaver,720504968,15.944758750
2,dbeaver,25.452,after-query,62531,11519455399753,com.apple.SafariPlatformSupport,11453040,0.119782917
2,dbeaver,25.703,after-query,62514,11519367984606,dbeaver,720472200,15.955579792
2,dbeaver,25.703,after-query,62531,11519455399753,com.apple.SafariPlatformSupport,11453040,0.119782917
2,dbeaver,25.959,after-query,62514,11519367984606,dbeaver,720177288,15.964178375
2,dbeaver,25.959,after-query,62531,11519455399753,com.apple.SafariPlatformSupport,11453040,0.119782917
2,dbeaver,26.214,after-query,62514,11519367984606,dbeaver,720177288,15.973862250
2,dbeaver,26.214,after-query,62531,11519455399753,com.apple.SafariPlatformSupport,11453040,0.119782917
2,dbeaver,26.469,after-query,62514,11519367984606,dbeaver,720177288,15.984691167
2,dbeaver,26.469,after-query,62531,11519455399753,com.apple.SafariPlatformSupport,11453040,0.119782917
2,dbeaver,26.724,after-query,62514,11519367984606,dbeaver,720177288,15.996634917
2,dbeaver,26.724,after-query,62531,11519455399753,com.apple.SafariPlatformSupport,11453040,0.119782917
2,dbeaver,26.977,after-query,62514,11519367984606,dbeaver,720242824,16.010429917
2,dbeaver,26.977,after-query,62531,11519455399753,com.apple.SafariPlatformSupport,11977328,0.119782917
2,pgadmin,0.253,launch,62651,11520150228605,pgAdmin 4,9913256,0.108163000
2,pgadmin,0.506,launch,62651,11520150228605,pgAdmin 4,41387616,0.294975500
2,pgadmin,0.506,launch,62654,11520160851502,pgAdmin 4 Helper,327872,0.022168833
2,pgadmin,0.506,launch,62653,11520160765917,pgAdmin 4 Helper,327872,0.024801625
2,pgadmin,0.761,launch,62651,11520150228605,pgAdmin 4,53937904,0.413089375
2,pgadmin,0.761,launch,62653,11520160765917,pgAdmin 4 Helper,41386968,0.149870042
2,pgadmin,0.761,launch,62656,11520163707302,pgAdmin 4 Helper (Renderer),20055240,0.086996583
2,pgadmin,0.761,launch,62657,11520164561978,Python,17449368,0.094408000
2,pgadmin,0.761,launch,62654,11520160851502,pgAdmin 4 Helper,6882168,0.051147542
2,pgadmin,1.016,launch,62651,11520150228605,pgAdmin 4,54200048,0.418402208
2,pgadmin,1.016,launch,62653,11520160765917,pgAdmin 4 Helper,41354200,0.150677250
2,pgadmin,1.016,launch,62657,11520164561978,Python,31310256,0.312818375
2,pgadmin,1.016,launch,62656,11520163707302,pgAdmin 4 Helper (Renderer),20055240,0.087253542
2,pgadmin,1.016,launch,62654,11520160851502,pgAdmin 4 Helper,6882168,0.051147542
2,pgadmin,1.271,launch,62651,11520150228605,pgAdmin 4,54200048,0.418726125
2,pgadmin,1.271,launch,62657,11520164561978,Python,41599432,0.536827042
2,pgadmin,1.271,launch,62653,11520160765917,pgAdmin 4 Helper,41354200,0.150677250
2,pgadmin,1.271,launch,62656,11520163707302,pgAdmin 4 Helper (Renderer),20071624,0.087300417
2,pgadmin,1.271,launch,62654,11520160851502,pgAdmin 4 Helper,6882168,0.051147542
2,pgadmin,1.524,launch,62651,11520150228605,pgAdmin 4,55707376,0.422696000
2,pgadmin,1.524,launch,62657,11520164561978,Python,50856416,0.759493083
2,pgadmin,1.524,launch,62653,11520160765917,pgAdmin 4 Helper,41354200,0.150677250
2,pgadmin,1.524,launch,62656,11520163707302,pgAdmin 4 Helper (Renderer),20071624,0.087300417
2,pgadmin,1.524,launch,62654,11520160851502,pgAdmin 4 Helper,6882168,0.051147542
2,pgadmin,1.779,launch,62657,11520164561978,Python,62947832,0.980351000
2,pgadmin,1.779,launch,62651,11520150228605,pgAdmin 4,55707376,0.423001042
2,pgadmin,1.779,launch,62653,11520160765917,pgAdmin 4 Helper,41321432,0.151041958
2,pgadmin,1.779,launch,62656,11520163707302,pgAdmin 4 Helper (Renderer),20071624,0.087433083
2,pgadmin,1.779,launch,62654,11520160851502,pgAdmin 4 Helper,6964088,0.052192708
2,pgadmin,2.034,launch,62657,11520164561978,Python,79872504,1.221998625
2,pgadmin,2.034,launch,62651,11520150228605,pgAdmin 4,55707376,0.423001042
2,pgadmin,2.034,launch,62653,11520160765917,pgAdmin 4 Helper,40272856,0.151041958
2,pgadmin,2.034,launch,62656,11520163707302,pgAdmin 4 Helper (Renderer),20071624,0.087433083
2,pgadmin,2.034,launch,62654,11520160851502,pgAdmin 4 Helper,6964088,0.052192708
2,pgadmin,2.289,launch,62657,11520164561978,Python,90669560,1.451509667
2,pgadmin,2.289,launch,62651,11520150228605,pgAdmin 4,55756528,0.424842792
2,pgadmin,2.289,launch,62653,11520160765917,pgAdmin 4 Helper,40272856,0.151041958
2,pgadmin,2.289,launch,62656,11520163707302,pgAdmin 4 Helper (Renderer),20071624,0.087433083
2,pgadmin,2.289,launch,62654,11520160851502,pgAdmin 4 Helper,6964088,0.052192708
2,pgadmin,2.544,launch,62657,11520164561978,Python,101253648,1.688640250
2,pgadmin,2.544,launch,62651,11520150228605,pgAdmin 4,55756528,0.424842792
2,pgadmin,2.544,launch,62653,11520160765917,pgAdmin 4 Helper,40272856,0.151041958
2,pgadmin,2.544,launch,62656,11520163707302,pgAdmin 4 Helper (Renderer),20071624,0.087433083
2,pgadmin,2.544,launch,62654,11520160851502,pgAdmin 4 Helper,6964088,0.052192708
2,pgadmin,2.799,launch,62657,11520164561978,Python,111968808,1.912006792
2,pgadmin,2.799,launch,62651,11520150228605,pgAdmin 4,55756528,0.424864625
2,pgadmin,2.799,launch,62653,11520160765917,pgAdmin 4 Helper,25658328,0.151812500
2,pgadmin,2.799,launch,62668,11520211768090,Python,24560048,0.186456000
2,pgadmin,2.799,launch,62656,11520163707302,pgAdmin 4 Helper (Renderer),19973320,0.087559417
2,pgadmin,2.799,launch,62654,11520160851502,pgAdmin 4 Helper,6964088,0.052192708
2,pgadmin,3.054,launch,62657,11520164561978,Python,124322344,2.140893250
2,pgadmin,3.054,launch,62651,11520150228605,pgAdmin 4,55756528,0.424864625
2,pgadmin,3.054,launch,62653,11520160765917,pgAdmin 4 Helper,25658328,0.151812500
2,pgadmin,3.054,launch,62656,11520163707302,pgAdmin 4 Helper (Renderer),19973320,0.087559417
2,pgadmin,3.054,launch,62654,11520160851502,pgAdmin 4 Helper,6964088,0.052192708
2,pgadmin,3.309,launch,62657,11520164561978,Python,133120576,2.381499250
2,pgadmin,3.309,launch,62651,11520150228605,pgAdmin 4,55772912,0.426040625
2,pgadmin,3.309,launch,62653,11520160765917,pgAdmin 4 Helper,25658328,0.151812500
2,pgadmin,3.309,launch,62656,11520163707302,pgAdmin 4 Helper (Renderer),19973320,0.087559417
2,pgadmin,3.309,launch,62654,11520160851502,pgAdmin 4 Helper,6964088,0.052192708
2,pgadmin,3.562,launch,62657,11520164561978,Python,142524992,2.624663583
2,pgadmin,3.562,launch,62651,11520150228605,pgAdmin 4,55772912,0.426040625
2,pgadmin,3.562,launch,62653,11520160765917,pgAdmin 4 Helper,25658328,0.151812500
2,pgadmin,3.562,launch,62656,11520163707302,pgAdmin 4 Helper (Renderer),19973320,0.087559417
2,pgadmin,3.562,launch,62654,11520160851502,pgAdmin 4 Helper,6964088,0.052192708
2,pgadmin,3.817,launch,62657,11520164561978,Python,152633920,2.864828458
2,pgadmin,3.817,launch,62651,11520150228605,pgAdmin 4,55772912,0.426040625
2,pgadmin,3.817,launch,62653,11520160765917,pgAdmin 4 Helper,25658328,0.151840500
2,pgadmin,3.817,launch,62656,11520163707302,pgAdmin 4 Helper (Renderer),19973320,0.087559417
2,pgadmin,3.817,launch,62654,11520160851502,pgAdmin 4 Helper,6964088,0.052192708
2,pgadmin,4.072,launch,62657,11520164561978,Python,153190976,2.933526875
2,pgadmin,4.072,launch,62651,11520150228605,pgAdmin 4,56133360,0.426830583
2,pgadmin,4.072,launch,62653,11520160765917,pgAdmin 4 Helper,25658328,0.151840500
2,pgadmin,4.072,launch,62656,11520163707302,pgAdmin 4 Helper (Renderer),19973320,0.087559417
2,pgadmin,4.072,launch,62654,11520160851502,pgAdmin 4 Helper,6964088,0.052192708
2,pgadmin,4.327,launch,62657,11520164561978,Python,153600576,2.947428750
2,pgadmin,4.327,launch,62651,11520150228605,pgAdmin 4,58623728,0.477309625
2,pgadmin,4.327,launch,62653,11520160765917,pgAdmin 4 Helper,25740248,0.153969792
2,pgadmin,4.327,launch,62656,11520163707302,pgAdmin 4 Helper (Renderer),19989704,0.088709125
2,pgadmin,4.327,launch,62654,11520160851502,pgAdmin 4 Helper,7029624,0.059933333
2,pgadmin,4.327,launch,62679,11520252845434,pgAdmin 4 Helper (Renderer),295104,0.007764792
2,pgadmin,4.582,settle,62657,11520164561978,Python,155271744,3.052993500
2,pgadmin,4.582,settle,62681,11520254970976,pgAdmin 4 Helper (Renderer),93603184,0.221095542
2,pgadmin,4.582,settle,62651,11520150228605,pgAdmin 4,59229960,0.530217458
2,pgadmin,4.582,settle,62653,11520160765917,pgAdmin 4 Helper,31163352,0.166377875
2,pgadmin,4.582,settle,62654,11520160851502,pgAdmin 4 Helper,8438648,0.159139875
2,pgadmin,4.837,settle,62657,11520164561978,Python,155828800,3.096593292
2,pgadmin,4.837,settle,62653,11520160765917,pgAdmin 4 Helper,121979864,0.182071958
2,pgadmin,4.837,settle,62681,11520254970976,pgAdmin 4 Helper (Renderer),108267008,0.481285792
2,pgadmin,4.837,settle,62651,11520150228605,pgAdmin 4,59279112,0.542667375
2,pgadmin,4.837,settle,62654,11520160851502,pgAdmin 4 Helper,8209272,0.174995500
2,pgadmin,5.089,settle,62657,11520164561978,Python,155828800,3.135875375
2,pgadmin,5.089,settle,62681,11520254970976,pgAdmin 4 Helper (Renderer),155174448,0.779663125
2,pgadmin,5.089,settle,62653,11520160765917,pgAdmin 4 Helper,124617688,0.185572833
2,pgadmin,5.089,settle,62651,11520150228605,pgAdmin 4,60884744,0.569005792
2,pgadmin,5.089,settle,62654,11520160851502,pgAdmin 4 Helper,8225656,0.180216333
2,pgadmin,5.344,settle,62681,11520254970976,pgAdmin 4 Helper (Renderer),244532832,1.186950208
2,pgadmin,5.344,settle,62653,11520160765917,pgAdmin 4 Helper,224592880,0.213894042
2,pgadmin,5.344,settle,62657,11520164561978,Python,158204624,3.202082167
2,pgadmin,5.344,settle,62651,11520150228605,pgAdmin 4,62506784,0.602189750
2,pgadmin,5.344,settle,62654,11520160851502,pgAdmin 4 Helper,8504184,0.196186250
2,pgadmin,5.599,settle,62681,11520254970976,pgAdmin 4 Helper (Renderer),232539912,1.434519833
2,pgadmin,5.599,settle,62653,11520160765917,pgAdmin 4 Helper,224756720,0.218978250
2,pgadmin,5.599,settle,62657,11520164561978,Python,158892824,3.212400792
2,pgadmin,5.599,settle,62651,11520150228605,pgAdmin 4,62572320,0.618105708
2,pgadmin,5.599,settle,62654,11520160851502,pgAdmin 4 Helper,8602488,0.202325875
2,pgadmin,5.854,settle,62681,11520254970976,pgAdmin 4 Helper (Renderer),244467488,1.662712958
2,pgadmin,5.854,settle,62653,11520160765917,pgAdmin 4 Helper,224723952,0.225806667
2,pgadmin,5.854,settle,62657,11520164561978,Python,158761680,3.227816500
2,pgadmin,5.854,settle,62651,11520150228605,pgAdmin 4,62850848,0.627316167
2,pgadmin,5.854,settle,62654,11520160851502,pgAdmin 4 Helper,8618872,0.205807625
2,pgadmin,6.110,settle,62653,11520160765917,pgAdmin 4 Helper,274727968,0.257203375
2,pgadmin,6.110,settle,62681,11520254970976,pgAdmin 4 Helper (Renderer),272271184,1.830427792
2,pgadmin,6.110,settle,62657,11520164561978,Python,159777536,3.278511250
2,pgadmin,6.110,settle,62651,11520150228605,pgAdmin 4,62900000,0.631439292
2,pgadmin,6.110,settle,62654,11520160851502,pgAdmin 4 Helper,8569720,0.212881417
2,pgadmin,6.364,settle,62653,11520160765917,pgAdmin 4 Helper,274727968,0.264125417
2,pgadmin,6.364,settle,62681,11520254970976,pgAdmin 4 Helper (Renderer),272762704,1.856746875
2,pgadmin,6.364,settle,62657,11520164561978,Python,159777536,3.278511250
2,pgadmin,6.364,settle,62651,11520150228605,pgAdmin 4,63129376,0.665289708
2,pgadmin,6.364,settle,62654,11520160851502,pgAdmin 4 Helper,8569720,0.212881417
2,pgadmin,6.617,settle,62653,11520160765917,pgAdmin 4 Helper,274727968,0.266690958
2,pgadmin,6.617,settle,62681,11520254970976,pgAdmin 4 Helper (Renderer),273106768,1.872429625
2,pgadmin,6.617,settle,62657,11520164561978,Python,159793920,3.284301500
2,pgadmin,6.617,settle,62651,11520150228605,pgAdmin 4,63194912,0.671541458
2,pgadmin,6.617,settle,62700,11520302182952,com.apple.SafariPlatformSupport,9716336,0.112500042
2,pgadmin,6.617,settle,62654,11520160851502,pgAdmin 4 Helper,8569720,0.214431667
2,pgadmin,6.873,settle,62653,11520160765917,pgAdmin 4 Helper,274727968,0.274433583
2,pgadmin,6.873,settle,62681,11520254970976,pgAdmin 4 Helper (Renderer),273172304,1.891666917
2,pgadmin,6.873,settle,62657,11520164561978,Python,159793920,3.284301500
2,pgadmin,6.873,settle,62651,11520150228605,pgAdmin 4,63194912,0.672022333
2,pgadmin,6.873,settle,62700,11520302182952,com.apple.SafariPlatformSupport,9732720,0.114095250
2,pgadmin,6.873,settle,62654,11520160851502,pgAdmin 4 Helper,8569720,0.214431667
2,pgadmin,7.128,settle,62681,11520254970976,pgAdmin 4 Helper (Renderer),273270608,1.920150500
2,pgadmin,7.128,settle,62653,11520160765917,pgAdmin 4 Helper,272614432,0.281645250
2,pgadmin,7.128,settle,62657,11520164561978,Python,159793920,3.284395042
2,pgadmin,7.128,settle,62651,11520150228605,pgAdmin 4,63194912,0.672022333
2,pgadmin,7.128,settle,62700,11520302182952,com.apple.SafariPlatformSupport,9732720,0.114095250
2,pgadmin,7.128,settle,62654,11520160851502,pgAdmin 4 Helper,8569720,0.214431667
2,pgadmin,7.384,settle,62681,11520254970976,pgAdmin 4 Helper (Renderer),273352528,1.949465333
2,pgadmin,7.384,settle,62653,11520160765917,pgAdmin 4 Helper,259507208,0.294303292
2,pgadmin,7.384,settle,62657,11520164561978,Python,159793920,3.284395042
2,pgadmin,7.384,settle,62651,11520150228605,pgAdmin 4,63194912,0.672201292
2,pgadmin,7.384,settle,62700,11520302182952,com.apple.SafariPlatformSupport,9732720,0.114095250
2,pgadmin,7.384,settle,62654,11520160851502,pgAdmin 4 Helper,8569720,0.214431667
2,pgadmin,7.639,settle,62681,11520254970976,pgAdmin 4 Helper (Renderer),273352528,1.979272708
2,pgadmin,7.639,settle,62653,11520160765917,pgAdmin 4 Helper,237634568,0.303925417
2,pgadmin,7.639,settle,62657,11520164561978,Python,159793920,3.284507708
2,pgadmin,7.639,settle,62651,11520150228605,pgAdmin 4,63194912,0.672201292
2,pgadmin,7.639,settle,62700,11520302182952,com.apple.SafariPlatformSupport,9732720,0.114304667
2,pgadmin,7.639,settle,62654,11520160851502,pgAdmin 4 Helper,8569720,0.214431667
2,pgadmin,7.893,settle,62681,11520254970976,pgAdmin 4 Helper (Renderer),273418064,2.003160042
2,pgadmin,7.893,settle,62653,11520160765917,pgAdmin 4 Helper,237634568,0.311584917
2,pgadmin,7.893,settle,62657,11520164561978,Python,159793920,3.284507708
2,pgadmin,7.893,settle,62651,11520150228605,pgAdmin 4,63194912,0.672201292
2,pgadmin,7.893,settle,62700,11520302182952,com.apple.SafariPlatformSupport,9732720,0.114304667
2,pgadmin,7.893,settle,62654,11520160851502,pgAdmin 4 Helper,8569720,0.214431667
2,pgadmin,8.148,settle,62681,11520254970976,pgAdmin 4 Helper (Renderer),273680208,2.047345875
2,pgadmin,8.148,settle,62653,11520160765917,pgAdmin 4 Helper,237634568,0.319189625
2,pgadmin,8.148,settle,62657,11520164561978,Python,159793920,3.293799125
2,pgadmin,8.148,settle,62651,11520150228605,pgAdmin 4,63194912,0.673323958
2,pgadmin,8.148,settle,62700,11520302182952,com.apple.SafariPlatformSupport,9732720,0.114304667
2,pgadmin,8.148,settle,62654,11520160851502,pgAdmin 4 Helper,8569720,0.218462167
2,pgadmin,8.403,settle,62681,11520254970976,pgAdmin 4 Helper (Renderer),273794896,2.074848792
2,pgadmin,8.403,settle,62653,11520160765917,pgAdmin 4 Helper,237618184,0.326314583
2,pgadmin,8.403,settle,62657,11520164561978,Python,159793920,3.293799125
2,pgadmin,8.403,settle,62651,11520150228605,pgAdmin 4,63194912,0.673395458
2,pgadmin,8.403,settle,62700,11520302182952,com.apple.SafariPlatformSupport,9732720,0.114304667
2,pgadmin,8.403,settle,62654,11520160851502,pgAdmin 4 Helper,8569720,0.218462167
2,pgadmin,8.659,settle,62681,11520254970976,pgAdmin 4 Helper (Renderer),273860432,2.102087583
2,pgadmin,8.659,settle,62653,11520160765917,pgAdmin 4 Helper,237650952,0.338559167
2,pgadmin,8.659,settle,62657,11520164561978,Python,159793920,3.293911083
2,pgadmin,8.659,settle,62651,11520150228605,pgAdmin 4,63194912,0.674995458
2,pgadmin,8.659,settle,62700,11520302182952,com.apple.SafariPlatformSupport,9732720,0.114656167
2,pgadmin,8.659,settle,62654,11520160851502,pgAdmin 4 Helper,8569720,0.218462167
2,pgadmin,8.914,settle,62681,11520254970976,pgAdmin 4 Helper (Renderer),273958736,2.132058208
2,pgadmin,8.914,settle,62653,11520160765917,pgAdmin 4 Helper,237634568,0.346593833
2,pgadmin,8.914,settle,62657,11520164561978,Python,159793920,3.293911083
2,pgadmin,8.914,settle,62651,11520150228605,pgAdmin 4,63194912,0.674995458
2,pgadmin,8.914,settle,62700,11520302182952,com.apple.SafariPlatformSupport,9732720,0.114656167
2,pgadmin,8.914,settle,62654,11520160851502,pgAdmin 4 Helper,8569720,0.218462167
2,pgadmin,9.169,settle,62681,11520254970976,pgAdmin 4 Helper (Renderer),274040656,2.161933167
2,pgadmin,9.169,settle,62653,11520160765917,pgAdmin 4 Helper,237650952,0.355726333
2,pgadmin,9.169,settle,62657,11520164561978,Python,159793920,3.294008125
2,pgadmin,9.169,settle,62651,11520150228605,pgAdmin 4,63194912,0.674995458
2,pgadmin,9.169,settle,62700,11520302182952,com.apple.SafariPlatformSupport,9732720,0.114656167
2,pgadmin,9.169,settle,62654,11520160851502,pgAdmin 4 Helper,8569720,0.218462167
2,pgadmin,9.424,query,62681,11520254970976,pgAdmin 4 Helper (Renderer),274171728,2.189179083
2,pgadmin,9.424,query,62653,11520160765917,pgAdmin 4 Helper,237618184,0.362722792
2,pgadmin,9.424,query,62657,11520164561978,Python,159793920,3.294008125
2,pgadmin,9.424,query,62651,11520150228605,pgAdmin 4,63194912,0.675199125
2,pgadmin,9.424,query,62700,11520302182952,com.apple.SafariPlatformSupport,9732720,0.114866167
2,pgadmin,9.424,query,62654,11520160851502,pgAdmin 4 Helper,8569720,0.218462167
2,pgadmin,9.677,query,62681,11520254970976,pgAdmin 4 Helper (Renderer),274302800,2.207893917
2,pgadmin,9.677,query,62653,11520160765917,pgAdmin 4 Helper,237601800,0.368953917
2,pgadmin,9.677,query,62657,11520164561978,Python,159843096,3.294170042
2,pgadmin,9.677,query,62651,11520150228605,pgAdmin 4,63194912,0.675363333
2,pgadmin,9.677,query,62700,11520302182952,com.apple.SafariPlatformSupport,9732720,0.114866167
2,pgadmin,9.677,query,62654,11520160851502,pgAdmin 4 Helper,8569720,0.218563625
2,pgadmin,9.931,query,62681,11520254970976,pgAdmin 4 Helper (Renderer),274401104,2.237225750
2,pgadmin,9.931,query,62653,11520160765917,pgAdmin 4 Helper,237601800,0.378788417
2,pgadmin,9.931,query,62657,11520164561978,Python,159843096,3.294170042
2,pgadmin,9.931,query,62651,11520150228605,pgAdmin 4,63129376,0.675772208
2,pgadmin,9.931,query,62700,11520302182952,com.apple.SafariPlatformSupport,9732720,0.114866167
2,pgadmin,9.931,query,62654,11520160851502,pgAdmin 4 Helper,8569720,0.218563625
2,pgadmin,10.186,query,62681,11520254970976,pgAdmin 4 Helper (Renderer),277202768,2.298845292
2,pgadmin,10.186,query,62653,11520160765917,pgAdmin 4 Helper,237618184,0.385716333
2,pgadmin,10.186,query,62657,11520164561978,Python,159843096,3.303812375
2,pgadmin,10.186,query,62651,11520150228605,pgAdmin 4,63129376,0.677074375
2,pgadmin,10.186,query,62700,11520302182952,com.apple.SafariPlatformSupport,9732720,0.114866167
2,pgadmin,10.186,query,62654,11520160851502,pgAdmin 4 Helper,8569720,0.223475583
2,pgadmin,10.437,query,62681,11520254970976,pgAdmin 4 Helper (Renderer),277399376,2.325284583
2,pgadmin,10.437,query,62653,11520160765917,pgAdmin 4 Helper,237601800,0.394153458
2,pgadmin,10.437,query,62657,11520164561978,Python,159843096,3.303812375
2,pgadmin,10.437,query,62651,11520150228605,pgAdmin 4,63129376,0.677074375
2,pgadmin,10.437,query,62700,11520302182952,com.apple.SafariPlatformSupport,9732720,0.114866167
2,pgadmin,10.437,query,62654,11520160851502,pgAdmin 4 Helper,8569720,0.223475583
2,pgadmin,10.692,query,62681,11520254970976,pgAdmin 4 Helper (Renderer),277530448,2.350823958
2,pgadmin,10.692,query,62653,11520160765917,pgAdmin 4 Helper,237601800,0.401220750
2,pgadmin,10.692,query,62657,11520164561978,Python,159859480,3.304506125
2,pgadmin,10.692,query,62651,11520150228605,pgAdmin 4,63129376,0.677432292
2,pgadmin,10.692,query,62700,11520302182952,com.apple.SafariPlatformSupport,9732720,0.115058750
2,pgadmin,10.692,query,62654,11520160851502,pgAdmin 4 Helper,8569720,0.223475583
2,pgadmin,10.947,query,62681,11520254970976,pgAdmin 4 Helper (Renderer),277710672,2.379587333
2,pgadmin,10.947,query,62653,11520160765917,pgAdmin 4 Helper,237585416,0.408221000
2,pgadmin,10.947,query,62657,11520164561978,Python,159859480,3.304506125
2,pgadmin,10.947,query,62651,11520150228605,pgAdmin 4,63129376,0.677432292
2,pgadmin,10.947,query,62700,11520302182952,com.apple.SafariPlatformSupport,9732720,0.115058750
2,pgadmin,10.947,query,62654,11520160851502,pgAdmin 4 Helper,8569720,0.223475583
2,pgadmin,11.201,query,62681,11520254970976,pgAdmin 4 Helper (Renderer),277825360,2.407107167
2,pgadmin,11.201,query,62657,11520164561978,Python,159859480,3.304551500
2,pgadmin,11.201,query,62653,11520160765917,pgAdmin 4 Helper,107037704,0.426870000
2,pgadmin,11.201,query,62651,11520150228605,pgAdmin 4,63047456,0.677642333
2,pgadmin,11.201,query,62700,11520302182952,com.apple.SafariPlatformSupport,9732720,0.115058750
2,pgadmin,11.201,query,62654,11520160851502,pgAdmin 4 Helper,8569720,0.223475583
2,pgadmin,11.457,query,62681,11520254970976,pgAdmin 4 Helper (Renderer),277989200,2.435878542
2,pgadmin,11.457,query,62657,11520164561978,Python,159859480,3.304640083
2,pgadmin,11.457,query,62653,11520160765917,pgAdmin 4 Helper,107021320,0.434455917
2,pgadmin,11.457,query,62651,11520150228605,pgAdmin 4,63047456,0.677891292
2,pgadmin,11.457,query,62700,11520302182952,com.apple.SafariPlatformSupport,9732720,0.115058750
2,pgadmin,11.457,query,62654,11520160851502,pgAdmin 4 Helper,8569720,0.223475583
2,pgadmin,11.712,query,62681,11520254970976,pgAdmin 4 Helper (Renderer),278136656,2.466445292
2,pgadmin,11.712,query,62657,11520164561978,Python,159859480,3.304640083
2,pgadmin,11.712,query,62653,11520160765917,pgAdmin 4 Helper,107021320,0.445237083
2,pgadmin,11.712,query,62651,11520150228605,pgAdmin 4,62965536,0.679131958
2,pgadmin,11.712,query,62700,11520302182952,com.apple.SafariPlatformSupport,9732720,0.115702625
2,pgadmin,11.712,query,62654,11520160851502,pgAdmin 4 Helper,8569720,0.223475583
2,pgadmin,11.967,query,62681,11520254970976,pgAdmin 4 Helper (Renderer),278316880,2.499801625
2,pgadmin,11.967,query,62657,11520164561978,Python,159859480,3.315681208
2,pgadmin,11.967,query,62653,11520160765917,pgAdmin 4 Helper,107004936,0.452034125
2,pgadmin,11.967,query,62651,11520150228605,pgAdmin 4,62965536,0.680458250
2,pgadmin,11.967,query,62700,11520302182952,com.apple.SafariPlatformSupport,9732720,0.115702625
2,pgadmin,11.967,query,62654,11520160851502,pgAdmin 4 Helper,8569720,0.228444292
2,pgadmin,12.218,query,62681,11520254970976,pgAdmin 4 Helper (Renderer),278644560,2.531689958
2,pgadmin,12.218,query,62657,11520164561978,Python,159859480,3.315681208
2,pgadmin,12.218,query,62653,11520160765917,pgAdmin 4 Helper,107037704,0.460313083
2,pgadmin,12.218,query,62651,11520150228605,pgAdmin 4,62965536,0.680458250
2,pgadmin,12.218,query,62700,11520302182952,com.apple.SafariPlatformSupport,9683568,0.115811917
2,pgadmin,12.218,query,62654,11520160851502,pgAdmin 4 Helper,8569720,0.228444292
2,pgadmin,12.473,query,62681,11520254970976,pgAdmin 4 Helper (Renderer),278775632,2.557000167
2,pgadmin,12.473,query,62657,11520164561978,Python,159859480,3.315783833
2,pgadmin,12.473,query,62653,11520160765917,pgAdmin 4 Helper,107021320,0.466814708
2,pgadmin,12.473,query,62651,11520150228605,pgAdmin 4,62965536,0.680458250
2,pgadmin,12.473,query,62700,11520302182952,com.apple.SafariPlatformSupport,9683568,0.115811917
2,pgadmin,12.473,query,62654,11520160851502,pgAdmin 4 Helper,8569720,0.228444292
2,pgadmin,12.728,query,62681,11520254970976,pgAdmin 4 Helper (Renderer),278923088,2.582779083
2,pgadmin,12.728,query,62657,11520164561978,Python,159859480,3.315783833
2,pgadmin,12.728,query,62653,11520160765917,pgAdmin 4 Helper,107021320,0.474502292
2,pgadmin,12.728,query,62651,11520150228605,pgAdmin 4,62965536,0.680534833
2,pgadmin,12.728,query,62700,11520302182952,com.apple.SafariPlatformSupport,9683568,0.115811917
2,pgadmin,12.728,query,62654,11520160851502,pgAdmin 4 Helper,8569720,0.228534083
2,pgadmin,12.983,query,62681,11520254970976,pgAdmin 4 Helper (Renderer),279054160,2.601024292
2,pgadmin,12.983,query,62657,11520164561978,Python,159859480,3.315851833
2,pgadmin,12.983,query,62653,11520160765917,pgAdmin 4 Helper,107004936,0.480704833
2,pgadmin,12.983,query,62651,11520150228605,pgAdmin 4,63014688,0.681973625
2,pgadmin,12.983,query,62700,11520302182952,com.apple.SafariPlatformSupport,9683568,0.115811917
2,pgadmin,12.983,query,62654,11520160851502,pgAdmin 4 Helper,8569720,0.228534083
2,pgadmin,13.235,query,62681,11520254970976,pgAdmin 4 Helper (Renderer),279185232,2.620571458
2,pgadmin,13.235,query,62657,11520164561978,Python,159859480,3.315851833
2,pgadmin,13.235,query,62653,11520160765917,pgAdmin 4 Helper,107004936,0.486754125
2,pgadmin,13.235,query,62651,11520150228605,pgAdmin 4,63014688,0.681973625
2,pgadmin,13.235,query,62700,11520302182952,com.apple.SafariPlatformSupport,9683568,0.115811917
2,pgadmin,13.235,query,62654,11520160851502,pgAdmin 4 Helper,8569720,0.228534083
2,pgadmin,13.490,query,62681,11520254970976,pgAdmin 4 Helper (Renderer),279332688,2.638917958
2,pgadmin,13.490,query,62657,11520164561978,Python,159859480,3.315892708
2,pgadmin,13.490,query,62653,11520160765917,pgAdmin 4 Helper,107021320,0.493088917
2,pgadmin,13.490,query,62651,11520150228605,pgAdmin 4,63014688,0.681973625
2,pgadmin,13.490,query,62700,11520302182952,com.apple.SafariPlatformSupport,9683568,0.115811917
2,pgadmin,13.490,query,62654,11520160851502,pgAdmin 4 Helper,8569720,0.228534083
2,pgadmin,13.741,query,62681,11520254970976,pgAdmin 4 Helper (Renderer),279480144,2.659924125
2,pgadmin,13.741,query,62657,11520164561978,Python,159859480,3.315892708
2,pgadmin,13.741,query,62653,11520160765917,pgAdmin 4 Helper,107021320,0.499870417
2,pgadmin,13.741,query,62651,11520150228605,pgAdmin 4,63014688,0.681973625
2,pgadmin,13.741,query,62700,11520302182952,com.apple.SafariPlatformSupport,9683568,0.115811917
2,pgadmin,13.741,query,62654,11520160851502,pgAdmin 4 Helper,8569720,0.228534083
2,pgadmin,13.993,query,62681,11520254970976,pgAdmin 4 Helper (Renderer),281511760,2.702985417
2,pgadmin,13.993,query,62657,11520164561978,Python,159859480,3.324957667
2,pgadmin,13.993,query,62653,11520160765917,pgAdmin 4 Helper,107037704,0.506038000
2,pgadmin,13.993,query,62651,11520150228605,pgAdmin 4,63014688,0.683104333
2,pgadmin,13.993,query,62700,11520302182952,com.apple.SafariPlatformSupport,9683568,0.115811917
2,pgadmin,13.993,query,62654,11520160851502,pgAdmin 4 Helper,8569720,0.232438375
2,pgadmin,14.248,query,62681,11520254970976,pgAdmin 4 Helper (Renderer),281675600,2.725611458
2,pgadmin,14.248,query,62657,11520164561978,Python,159859480,3.324957667
2,pgadmin,14.248,query,62653,11520160765917,pgAdmin 4 Helper,107004936,0.513489792
2,pgadmin,14.248,query,62651,11520150228605,pgAdmin 4,63014688,0.683104333
2,pgadmin,14.248,query,62700,11520302182952,com.apple.SafariPlatformSupport,9683568,0.115811917
2,pgadmin,14.248,query,62654,11520160851502,pgAdmin 4 Helper,8569720,0.232438375
2,pgadmin,14.503,query,62681,11520254970976,pgAdmin 4 Helper (Renderer),281806672,2.742983458
2,pgadmin,14.503,query,62657,11520164561978,Python,159859480,3.325022792
2,pgadmin,14.503,query,62653,11520160765917,pgAdmin 4 Helper,107004936,0.518266000
2,pgadmin,14.503,query,62651,11520150228605,pgAdmin 4,63014688,0.683274917
2,pgadmin,14.503,query,62700,11520302182952,com.apple.SafariPlatformSupport,9683568,0.115811917
2,pgadmin,14.503,query,62654,11520160851502,pgAdmin 4 Helper,8569720,0.232438375
2,pgadmin,14.758,query,62681,11520254970976,pgAdmin 4 Helper (Renderer),281986896,2.761792542
2,pgadmin,14.758,query,62657,11520164561978,Python,159859480,3.325022792
2,pgadmin,14.758,query,62653,11520160765917,pgAdmin 4 Helper,107021320,0.526175875
2,pgadmin,14.758,query,62651,11520150228605,pgAdmin 4,63014688,0.683465333
2,pgadmin,14.758,query,62700,11520302182952,com.apple.SafariPlatformSupport,9683568,0.115811917
2,pgadmin,14.758,query,62654,11520160851502,pgAdmin 4 Helper,8569720,0.232438375
2,pgadmin,15.010,query,62681,11520254970976,pgAdmin 4 Helper (Renderer),282117968,2.784315375
2,pgadmin,15.010,query,62657,11520164561978,Python,159859480,3.325092917
2,pgadmin,15.010,query,62653,11520160765917,pgAdmin 4 Helper,107021320,0.531784958
2,pgadmin,15.010,query,62651,11520150228605,pgAdmin 4,63014688,0.683465333
2,pgadmin,15.010,query,62700,11520302182952,com.apple.SafariPlatformSupport,9683568,0.115811917
2,pgadmin,15.010,query,62654,11520160851502,pgAdmin 4 Helper,8569720,0.232438375
2,pgadmin,15.265,query,62681,11520254970976,pgAdmin 4 Helper (Renderer),282249040,2.805912167
2,pgadmin,15.265,query,62657,11520164561978,Python,159859480,3.325092917
2,pgadmin,15.265,query,62653,11520160765917,pgAdmin 4 Helper,107004936,0.539133500
2,pgadmin,15.265,query,62651,11520150228605,pgAdmin 4,63014688,0.683465333
2,pgadmin,15.265,query,62700,11520302182952,com.apple.SafariPlatformSupport,9683568,0.115811917
2,pgadmin,15.265,query,62654,11520160851502,pgAdmin 4 Helper,8569720,0.232438375
2,pgadmin,15.520,query,62681,11520254970976,pgAdmin 4 Helper (Renderer),282396496,2.824899042
2,pgadmin,15.520,query,62657,11520164561978,Python,159859480,3.325142042
2,pgadmin,15.520,query,62653,11520160765917,pgAdmin 4 Helper,107004936,0.543911333
2,pgadmin,15.520,query,62651,11520150228605,pgAdmin 4,63014688,0.684475917
2,pgadmin,15.520,query,62700,11520302182952,com.apple.SafariPlatformSupport,9683568,0.115811917
2,pgadmin,15.520,query,62654,11520160851502,pgAdmin 4 Helper,8569720,0.232438375
2,pgadmin,15.771,query,62681,11520254970976,pgAdmin 4 Helper (Renderer),285050704,2.863120250
2,pgadmin,15.771,query,62657,11520164561978,Python,159859480,3.325142042
2,pgadmin,15.771,query,62653,11520160765917,pgAdmin 4 Helper,133547064,0.555736208
2,pgadmin,15.771,query,62651,11520150228605,pgAdmin 4,62687008,0.699757458
2,pgadmin,15.771,query,62700,11520302182952,com.apple.SafariPlatformSupport,9683568,0.115811917
2,pgadmin,15.771,query,62654,11520160851502,pgAdmin 4 Helper,8569720,0.232438375
2,pgadmin,16.022,query,62681,11520254970976,pgAdmin 4 Helper (Renderer),317884240,3.284983167
2,pgadmin,16.022,query,62653,11520160765917,pgAdmin 4 Helper,177964088,0.584654875
2,pgadmin,16.022,query,62657,11520164561978,Python,161678080,3.359303125
2,pgadmin,16.022,query,62651,11520150228605,pgAdmin 4,64063264,0.710064125
2,pgadmin,16.022,query,62700,11520302182952,com.apple.SafariPlatformSupport,9634416,0.116175708
2,pgadmin,16.022,query,62654,11520160851502,pgAdmin 4 Helper,8569720,0.239183458
2,pgadmin,16.277,query,62681,11520254970976,pgAdmin 4 Helper (Renderer),317982544,3.316280917
2,pgadmin,16.277,query,62653,11520160765917,pgAdmin 4 Helper,178619448,0.595718125
2,pgadmin,16.277,query,62657,11520164561978,Python,161678080,3.359303125
2,pgadmin,16.277,query,62651,11520150228605,pgAdmin 4,64063264,0.711322917
2,pgadmin,16.277,query,62700,11520302182952,com.apple.SafariPlatformSupport,9634416,0.116175708
2,pgadmin,16.277,query,62654,11520160851502,pgAdmin 4 Helper,8569720,0.239183458
2,pgadmin,16.533,query,62681,11520254970976,pgAdmin 4 Helper (Renderer),317982544,3.334275708
2,pgadmin,16.533,query,62653,11520160765917,pgAdmin 4 Helper,178619448,0.601429958
2,pgadmin,16.533,query,62657,11520164561978,Python,161678080,3.359400833
2,pgadmin,16.533,query,62651,11520150228605,pgAdmin 4,64063264,0.711833792
2,pgadmin,16.533,query,62700,11520302182952,com.apple.SafariPlatformSupport,9634416,0.116175708
2,pgadmin,16.533,query,62654,11520160851502,pgAdmin 4 Helper,8569720,0.239183458
2,pgadmin,16.788,query,62681,11520254970976,pgAdmin 4 Helper (Renderer),317982544,3.348205250
2,pgadmin,16.788,query,62653,11520160765917,pgAdmin 4 Helper,178619448,0.606354542
2,pgadmin,16.788,query,62657,11520164561978,Python,161678080,3.359400833
2,pgadmin,16.788,query,62651,11520150228605,pgAdmin 4,64063264,0.711833792
2,pgadmin,16.788,query,62700,11520302182952,com.apple.SafariPlatformSupport,9634416,0.116175708
2,pgadmin,16.788,query,62654,11520160851502,pgAdmin 4 Helper,8569720,0.239183458
2,pgadmin,17.043,query,62681,11520254970976,pgAdmin 4 Helper (Renderer),317982544,3.368720583
2,pgadmin,17.043,query,62653,11520160765917,pgAdmin 4 Helper,178619448,0.612815458
2,pgadmin,17.043,query,62657,11520164561978,Python,161678080,3.359466125
2,pgadmin,17.043,query,62651,11520150228605,pgAdmin 4,64096032,0.712329292
2,pgadmin,17.043,query,62700,11520302182952,com.apple.SafariPlatformSupport,9634416,0.116288750
2,pgadmin,17.043,query,62654,11520160851502,pgAdmin 4 Helper,8569720,0.239183458
2,pgadmin,17.298,query,62681,11520254970976,pgAdmin 4 Helper (Renderer),317982544,3.387003042
2,pgadmin,17.298,query,62653,11520160765917,pgAdmin 4 Helper,176522296,0.618857500
2,pgadmin,17.298,query,62657,11520164561978,Python,161678080,3.359466125
2,pgadmin,17.298,query,62651,11520150228605,pgAdmin 4,64096032,0.712329292
2,pgadmin,17.298,query,62700,11520302182952,com.apple.SafariPlatformSupport,9634416,0.116288750
2,pgadmin,17.298,query,62654,11520160851502,pgAdmin 4 Helper,8569720,0.239183458
2,pgadmin,17.549,query,62681,11520254970976,pgAdmin 4 Helper (Renderer),320227152,3.537832500
2,pgadmin,17.549,query,62653,11520160765917,pgAdmin 4 Helper,237569080,0.669777208
2,pgadmin,17.549,query,62657,11520164561978,Python,161678080,3.359508542
2,pgadmin,17.549,query,62651,11520150228605,pgAdmin 4,64735008,0.729638833
2,pgadmin,17.549,query,62700,11520302182952,com.apple.SafariPlatformSupport,9634416,0.116288750
2,pgadmin,17.549,query,62654,11520160851502,pgAdmin 4 Helper,8569720,0.239183458
2,pgadmin,17.804,query,62681,11520254970976,pgAdmin 4 Helper (Renderer),324093776,3.685944917
2,pgadmin,17.804,query,62653,11520160765917,pgAdmin 4 Helper,237585464,0.712029000
2,pgadmin,17.804,query,62657,11520164561978,Python,161678080,3.359508542
2,pgadmin,17.804,query,62651,11520150228605,pgAdmin 4,65390368,0.745185958
2,pgadmin,17.804,query,62700,11520302182952,com.apple.SafariPlatformSupport,9634416,0.116288750
2,pgadmin,17.804,query,62654,11520160851502,pgAdmin 4 Helper,8569720,0.239183458
2,pgadmin,18.056,query,62681,11520254970976,pgAdmin 4 Helper (Renderer),326010704,3.758000458
2,pgadmin,18.056,query,62653,11520160765917,pgAdmin 4 Helper,236766288,0.730745250
2,pgadmin,18.056,query,62657,11520164561978,Python,161678080,3.364132583
2,pgadmin,18.056,query,62651,11520150228605,pgAdmin 4,65423136,0.756499583
2,pgadmin,18.056,query,62700,11520302182952,com.apple.SafariPlatformSupport,9634416,0.116288750
2,pgadmin,18.056,query,62654,11520160851502,pgAdmin 4 Helper,8569720,0.241353583
2,pgadmin,18.307,query,62681,11520254970976,pgAdmin 4 Helper (Renderer),332253008,3.857663208
2,pgadmin,18.307,query,62653,11520160765917,pgAdmin 4 Helper,241714256,0.751522542
2,pgadmin,18.307,query,62657,11520164561978,Python,161678080,3.364132583
2,pgadmin,18.307,query,62651,11520150228605,pgAdmin 4,65439520,0.765550292
2,pgadmin,18.307,query,62700,11520302182952,com.apple.SafariPlatformSupport,9634416,0.116288750
2,pgadmin,18.307,query,62654,11520160851502,pgAdmin 4 Helper,8569720,0.241353583
2,pgadmin,18.562,query,62681,11520254970976,pgAdmin 4 Helper (Renderer),340510568,3.989189333
2,pgadmin,18.562,query,62653,11520160765917,pgAdmin 4 Helper,241714256,0.792476583
2,pgadmin,18.562,query,62657,11520164561978,Python,161678080,3.364173833
2,pgadmin,18.562,query,62651,11520150228605,pgAdmin 4,65455904,0.781493417
2,pgadmin,18.562,query,62700,11520302182952,com.apple.SafariPlatformSupport,9634416,0.116288750
2,pgadmin,18.562,query,62654,11520160851502,pgAdmin 4 Helper,8569720,0.241353583
2,pgadmin,18.813,query,62681,11520254970976,pgAdmin 4 Helper (Renderer),351700840,4.103413708
2,pgadmin,18.813,query,62653,11520160765917,pgAdmin 4 Helper,246613072,0.824307542
2,pgadmin,18.813,query,62657,11520164561978,Python,161678080,3.364173833
2,pgadmin,18.813,query,62651,11520150228605,pgAdmin 4,65455904,0.792598292
2,pgadmin,18.813,query,62700,11520302182952,com.apple.SafariPlatformSupport,9634416,0.116288750
2,pgadmin,18.813,query,62654,11520160851502,pgAdmin 4 Helper,8569720,0.241353583
2,pgadmin,19.066,query,62681,11520254970976,pgAdmin 4 Helper (Renderer),355043176,4.154210542
2,pgadmin,19.066,query,62653,11520160765917,pgAdmin 4 Helper,245417040,0.846297792
2,pgadmin,19.066,query,62657,11520164561978,Python,161678080,3.364210458
2,pgadmin,19.066,query,62651,11520150228605,pgAdmin 4,65472288,0.800122292
2,pgadmin,19.066,query,62700,11520302182952,com.apple.SafariPlatformSupport,9634416,0.116288750
2,pgadmin,19.066,query,62654,11520160851502,pgAdmin 4 Helper,8569720,0.241353583
2,pgadmin,19.321,query,62681,11520254970976,pgAdmin 4 Helper (Renderer),368805760,4.313309042
2,pgadmin,19.321,query,62653,11520160765917,pgAdmin 4 Helper,245974096,0.887176750
2,pgadmin,19.321,query,62657,11520164561978,Python,161678080,3.364210458
2,pgadmin,19.321,query,62651,11520150228605,pgAdmin 4,65521440,0.818672125
2,pgadmin,19.321,query,62700,11520302182952,com.apple.SafariPlatformSupport,9634416,0.116288750
2,pgadmin,19.321,query,62654,11520160851502,pgAdmin 4 Helper,8569720,0.241353583
2,pgadmin,19.576,query,62681,11520254970976,pgAdmin 4 Helper (Renderer),377538432,4.408103750
2,pgadmin,19.576,query,62653,11520160765917,pgAdmin 4 Helper,245957712,0.918911958
2,pgadmin,19.576,query,62657,11520164561978,Python,161678080,3.364247375
2,pgadmin,19.576,query,62651,11520150228605,pgAdmin 4,65554208,0.829723875
2,pgadmin,19.576,query,62700,11520302182952,com.apple.SafariPlatformSupport,9634416,0.116288750
2,pgadmin,19.576,query,62654,11520160851502,pgAdmin 4 Helper,8569720,0.241353583
2,pgadmin,19.830,query,62681,11520254970976,pgAdmin 4 Helper (Renderer),383158144,4.501390333
2,pgadmin,19.830,query,62653,11520160765917,pgAdmin 4 Helper,245974096,0.949293583
2,pgadmin,19.830,query,62657,11520164561978,Python,161678080,3.364247375
2,pgadmin,19.830,query,62651,11520150228605,pgAdmin 4,65570592,0.843628792
2,pgadmin,19.830,query,62700,11520302182952,com.apple.SafariPlatformSupport,9634416,0.116288750
2,pgadmin,19.830,query,62654,11520160851502,pgAdmin 4 Helper,8569720,0.241353583
2,pgadmin,20.084,query,62681,11520254970976,pgAdmin 4 Helper (Renderer),397756312,4.630356625
2,pgadmin,20.084,query,62653,11520160765917,pgAdmin 4 Helper,245974096,0.986612708
2,pgadmin,20.084,query,62657,11520164561978,Python,161678080,3.368447708
2,pgadmin,20.084,query,62651,11520150228605,pgAdmin 4,65570592,0.857042250
2,pgadmin,20.084,query,62700,11520302182952,com.apple.SafariPlatformSupport,9634416,0.116288750
2,pgadmin,20.084,query,62654,11520160851502,pgAdmin 4 Helper,8569720,0.243427917
2,pgadmin,20.338,query,62681,11520254970976,pgAdmin 4 Helper (Renderer),406079408,4.706885500
2,pgadmin,20.338,query,62653,11520160765917,pgAdmin 4 Helper,245974096,1.004307333
2,pgadmin,20.338,query,62657,11520164561978,Python,161678080,3.368447708
2,pgadmin,20.338,query,62651,11520150228605,pgAdmin 4,65603360,0.868264542
2,pgadmin,20.338,query,62700,11520302182952,com.apple.SafariPlatformSupport,9634416,0.116288750
2,pgadmin,20.338,query,62654,11520160851502,pgAdmin 4 Helper,8569720,0.243427917
2,pgadmin,20.589,query,62681,11520254970976,pgAdmin 4 Helper (Renderer),410585008,4.783942708
2,pgadmin,20.589,query,62653,11520160765917,pgAdmin 4 Helper,245957712,1.033981042
2,pgadmin,20.589,query,62657,11520164561978,Python,161678080,3.368515417
2,pgadmin,20.589,query,62651,11520150228605,pgAdmin 4,65603360,0.880283792
2,pgadmin,20.589,query,62700,11520302182952,com.apple.SafariPlatformSupport,9634416,0.116288750
2,pgadmin,20.589,query,62654,11520160851502,pgAdmin 4 Helper,8569720,0.243427917
2,pgadmin,20.841,query,62681,11520254970976,pgAdmin 4 Helper (Renderer),429524912,4.926672958
2,pgadmin,20.841,query,62653,11520160765917,pgAdmin 4 Helper,238109776,1.071223708
2,pgadmin,20.841,query,62657,11520164561978,Python,161678080,3.368515417
2,pgadmin,20.841,query,62651,11520150228605,pgAdmin 4,65652512,0.898076792
2,pgadmin,20.841,query,62700,11520302182952,com.apple.SafariPlatformSupport,9634416,0.116288750
2,pgadmin,20.841,query,62654,11520160851502,pgAdmin 4 Helper,8569720,0.243427917
2,pgadmin,21.092,query,62681,11520254970976,pgAdmin 4 Helper (Renderer),436799432,5.033064167
2,pgadmin,21.092,query,62653,11520160765917,pgAdmin 4 Helper,233899088,1.106400333
2,pgadmin,21.092,query,62657,11520164561978,Python,161678080,3.368558125
2,pgadmin,21.092,query,62651,11520150228605,pgAdmin 4,65652512,0.913722792
2,pgadmin,21.092,query,62700,11520302182952,com.apple.SafariPlatformSupport,9634416,0.116288750
2,pgadmin,21.092,query,62654,11520160851502,pgAdmin 4 Helper,8569720,0.243427917
2,pgadmin,21.348,query,62681,11520254970976,pgAdmin 4 Helper (Renderer),444827592,5.110235375
2,pgadmin,21.348,query,62653,11520160765917,pgAdmin 4 Helper,236143696,1.126787417
2,pgadmin,21.348,query,62657,11520164561978,Python,161678080,3.368558125
2,pgadmin,21.348,query,62651,11520150228605,pgAdmin 4,65668896,0.929501250
2,pgadmin,21.348,query,62700,11520302182952,com.apple.SafariPlatformSupport,9634416,0.116288750
2,pgadmin,21.348,query,62654,11520160851502,pgAdmin 4 Helper,8569720,0.243427917
2,pgadmin,21.603,query,62681,11520254970976,pgAdmin 4 Helper (Renderer),444450760,5.229510333
2,pgadmin,21.603,query,62653,11520160765917,pgAdmin 4 Helper,236143696,1.167181583
2,pgadmin,21.603,query,62657,11520164561978,Python,161678080,3.368589500
2,pgadmin,21.603,query,62651,11520150228605,pgAdmin 4,65668896,0.945700958
2,pgadmin,21.603,query,62700,11520302182952,com.apple.SafariPlatformSupport,9634416,0.116288750
2,pgadmin,21.603,query,62654,11520160851502,pgAdmin 4 Helper,8569720,0.243427917
2,pgadmin,21.858,query,62681,11520254970976,pgAdmin 4 Helper (Renderer),448137160,5.274125958
2,pgadmin,21.858,query,62653,11520160765917,pgAdmin 4 Helper,236127312,1.182650125
2,pgadmin,21.858,query,62657,11520164561978,Python,161678080,3.368589500
2,pgadmin,21.858,query,62651,11520150228605,pgAdmin 4,65685280,0.952301708
2,pgadmin,21.858,query,62700,11520302182952,com.apple.SafariPlatformSupport,9634416,0.116288750
2,pgadmin,21.858,query,62654,11520160851502,pgAdmin 4 Helper,8569720,0.243427917
2,pgadmin,22.113,query,62681,11520254970976,pgAdmin 4 Helper (Renderer),458213320,5.407278167
2,pgadmin,22.113,query,62653,11520160765917,pgAdmin 4 Helper,236356688,1.209858792
2,pgadmin,22.113,query,62657,11520164561978,Python,161678080,3.374315875
2,pgadmin,22.113,query,62651,11520150228605,pgAdmin 4,65685280,0.970127125
2,pgadmin,22.113,query,62700,11520302182952,com.apple.SafariPlatformSupport,9634416,0.116288750
2,pgadmin,22.113,query,62654,11520160851502,pgAdmin 4 Helper,8569720,0.246134958
2,pgadmin,22.368,query,62681,11520254970976,pgAdmin 4 Helper (Renderer),468912072,5.529803958
2,pgadmin,22.368,query,62653,11520160765917,pgAdmin 4 Helper,236356688,1.239940833
2,pgadmin,22.368,query,62657,11520164561978,Python,161678080,3.374315875
2,pgadmin,22.368,query,62651,11520150228605,pgAdmin 4,65685280,0.987024750
2,pgadmin,22.368,query,62700,11520302182952,com.apple.SafariPlatformSupport,9634416,0.116288750
2,pgadmin,22.368,query,62654,11520160851502,pgAdmin 4 Helper,8569720,0.246134958
2,pgadmin,22.619,query,62681,11520254970976,pgAdmin 4 Helper (Renderer),471058376,5.587745167
2,pgadmin,22.619,query,62653,11520160765917,pgAdmin 4 Helper,231556176,1.256442958
2,pgadmin,22.619,query,62657,11520164561978,Python,161678080,3.374355333
2,pgadmin,22.619,query,62651,11520150228605,pgAdmin 4,65685280,1.000343333
2,pgadmin,22.619,query,62700,11520302182952,com.apple.SafariPlatformSupport,9634416,0.116288750
2,pgadmin,22.619,query,62654,11520160851502,pgAdmin 4 Helper,8569720,0.246134958
2,pgadmin,22.873,query,62681,11520254970976,pgAdmin 4 Helper (Renderer),471271368,5.608471958
2,pgadmin,22.873,query,62653,11520160765917,pgAdmin 4 Helper,229082192,1.264358708
2,pgadmin,22.873,query,62657,11520164561978,Python,161678080,3.374355333
2,pgadmin,22.873,query,62651,11520150228605,pgAdmin 4,65685280,1.002794875
2,pgadmin,22.873,query,62700,11520302182952,com.apple.SafariPlatformSupport,9634416,0.116288750
2,pgadmin,22.873,query,62654,11520160851502,pgAdmin 4 Helper,8569720,0.246134958
2,pgadmin,23.126,after-query,62681,11520254970976,pgAdmin 4 Helper (Renderer),471336904,5.624322875
2,pgadmin,23.126,after-query,62653,11520160765917,pgAdmin 4 Helper,229082192,1.269843375
2,pgadmin,23.126,after-query,62657,11520164561978,Python,161678080,3.374399500
2,pgadmin,23.126,after-query,62651,11520150228605,pgAdmin 4,65685280,1.003052292
2,pgadmin,23.126,after-query,62700,11520302182952,com.apple.SafariPlatformSupport,9634416,0.116288750
2,pgadmin,23.126,after-query,62654,11520160851502,pgAdmin 4 Helper,8569720,0.246134958
2,pgadmin,23.381,after-query,62681,11520254970976,pgAdmin 4 Helper (Renderer),471435208,5.643403000
2,pgadmin,23.381,after-query,62653,11520160765917,pgAdmin 4 Helper,229082192,1.276271750
2,pgadmin,23.381,after-query,62657,11520164561978,Python,161678080,3.374399500
2,pgadmin,23.381,after-query,62651,11520150228605,pgAdmin 4,65685280,1.003052292
2,pgadmin,23.381,after-query,62700,11520302182952,com.apple.SafariPlatformSupport,9634416,0.116288750
2,pgadmin,23.381,after-query,62654,11520160851502,pgAdmin 4 Helper,8569720,0.246134958
2,pgadmin,23.636,after-query,62681,11520254970976,pgAdmin 4 Helper (Renderer),471517128,5.664339542
2,pgadmin,23.636,after-query,62653,11520160765917,pgAdmin 4 Helper,226985040,1.282974292
2,pgadmin,23.636,after-query,62657,11520164561978,Python,161678080,3.374515417
2,pgadmin,23.636,after-query,62651,11520150228605,pgAdmin 4,65685280,1.003052292
2,pgadmin,23.636,after-query,62700,11520302182952,com.apple.SafariPlatformSupport,9634416,0.116288750
2,pgadmin,23.636,after-query,62654,11520160851502,pgAdmin 4 Helper,8569720,0.246134958
2,pgadmin,23.891,after-query,62681,11520254970976,pgAdmin 4 Helper (Renderer),471320520,5.683686292
2,pgadmin,23.891,after-query,62653,11520160765917,pgAdmin 4 Helper,202867720,1.293667833
2,pgadmin,23.891,after-query,62657,11520164561978,Python,161678080,3.374515417
2,pgadmin,23.891,after-query,62651,11520150228605,pgAdmin 4,65685280,1.003052292
2,pgadmin,23.891,after-query,62700,11520302182952,com.apple.SafariPlatformSupport,9634416,0.116288750
2,pgadmin,23.891,after-query,62654,11520160851502,pgAdmin 4 Helper,8569720,0.246134958
2,pgadmin,24.147,after-query,62681,11520254970976,pgAdmin 4 Helper (Renderer),471779272,5.716943250
2,pgadmin,24.147,after-query,62653,11520160765917,pgAdmin 4 Helper,202867720,1.298785792
2,pgadmin,24.147,after-query,62657,11520164561978,Python,161678080,3.385009292
2,pgadmin,24.147,after-query,62651,11520150228605,pgAdmin 4,65685280,1.004211083
2,pgadmin,24.147,after-query,62700,11520302182952,com.apple.SafariPlatformSupport,9634416,0.116288750
2,pgadmin,24.147,after-query,62654,11520160851502,pgAdmin 4 Helper,8569720,0.250077458
2,pgadmin,24.402,after-query,62681,11520254970976,pgAdmin 4 Helper (Renderer),471861192,5.734957417
2,pgadmin,24.402,after-query,62653,11520160765917,pgAdmin 4 Helper,202867720,1.305042083
2,pgadmin,24.402,after-query,62657,11520164561978,Python,161678080,3.385009292
2,pgadmin,24.402,after-query,62651,11520150228605,pgAdmin 4,65685280,1.004211083
2,pgadmin,24.402,after-query,62700,11520302182952,com.apple.SafariPlatformSupport,9634416,0.116288750
2,pgadmin,24.402,after-query,62654,11520160851502,pgAdmin 4 Helper,8569720,0.250077458
2,pgadmin,24.655,after-query,62681,11520254970976,pgAdmin 4 Helper (Renderer),471926728,5.754414708
2,pgadmin,24.655,after-query,62653,11520160765917,pgAdmin 4 Helper,202867720,1.311534250
2,pgadmin,24.655,after-query,62657,11520164561978,Python,161678080,3.385102333
2,pgadmin,24.655,after-query,62651,11520150228605,pgAdmin 4,65701664,1.004774000
2,pgadmin,24.655,after-query,62700,11520302182952,com.apple.SafariPlatformSupport,9634416,0.116288750
2,pgadmin,24.655,after-query,62654,11520160851502,pgAdmin 4 Helper,8569720,0.250077458
2,pgadmin,24.911,after-query,62681,11520254970976,pgAdmin 4 Helper (Renderer),471992264,5.774917500
2,pgadmin,24.911,after-query,62653,11520160765917,pgAdmin 4 Helper,186909704,1.320319042
2,pgadmin,24.911,after-query,62657,11520164561978,Python,161678080,3.385102333
2,pgadmin,24.911,after-query,62651,11520150228605,pgAdmin 4,65701664,1.004857833
2,pgadmin,24.911,after-query,62700,11520302182952,com.apple.SafariPlatformSupport,9634416,0.116288750
2,pgadmin,24.911,after-query,62654,11520160851502,pgAdmin 4 Helper,8569720,0.250077458
2,pgadmin,25.164,after-query,62681,11520254970976,pgAdmin 4 Helper (Renderer),472074184,5.794866792
2,pgadmin,25.164,after-query,62653,11520160765917,pgAdmin 4 Helper,186909704,1.326646833
2,pgadmin,25.164,after-query,62657,11520164561978,Python,161678080,3.385198625
2,pgadmin,25.164,after-query,62651,11520150228605,pgAdmin 4,65701664,1.004857833
2,pgadmin,25.164,after-query,62700,11520302182952,com.apple.SafariPlatformSupport,9634416,0.116288750
2,pgadmin,25.164,after-query,62654,11520160851502,pgAdmin 4 Helper,8569720,0.250077458
2,pgadmin,25.415,after-query,62681,11520254970976,pgAdmin 4 Helper (Renderer),472156104,5.814849042
2,pgadmin,25.415,after-query,62653,11520160765917,pgAdmin 4 Helper,186909704,1.333270917
2,pgadmin,25.415,after-query,62657,11520164561978,Python,161678080,3.385198625
2,pgadmin,25.415,after-query,62651,11520150228605,pgAdmin 4,65701664,1.004857833
2,pgadmin,25.415,after-query,62700,11520302182952,com.apple.SafariPlatformSupport,9634416,0.116288750
2,pgadmin,25.415,after-query,62654,11520160851502,pgAdmin 4 Helper,8569720,0.250077458
2,pgadmin,25.670,after-query,62681,11520254970976,pgAdmin 4 Helper (Renderer),472221640,5.832448708
2,pgadmin,25.670,after-query,62653,11520160765917,pgAdmin 4 Helper,186926088,1.339619208
2,pgadmin,25.670,after-query,62657,11520164561978,Python,161678080,3.385262125
2,pgadmin,25.670,after-query,62651,11520150228605,pgAdmin 4,65701664,1.007340875
2,pgadmin,25.670,after-query,62700,11520302182952,com.apple.SafariPlatformSupport,9634416,0.116288750
2,pgadmin,25.670,after-query,62654,11520160851502,pgAdmin 4 Helper,8569720,0.250077458
2,pgadmin,25.925,after-query,62681,11520254970976,pgAdmin 4 Helper (Renderer),472287176,5.854342167
2,pgadmin,25.925,after-query,62653,11520160765917,pgAdmin 4 Helper,177308680,1.348145042
2,pgadmin,25.925,after-query,62657,11520164561978,Python,161678080,3.385262125
2,pgadmin,25.925,after-query,62651,11520150228605,pgAdmin 4,65701664,1.007340875
2,pgadmin,25.925,after-query,62700,11520302182952,com.apple.SafariPlatformSupport,9634416,0.116288750
2,pgadmin,25.925,after-query,62654,11520160851502,pgAdmin 4 Helper,8569720,0.250077458
2,pgadmin,26.180,after-query,62681,11520254970976,pgAdmin 4 Helper (Renderer),472598472,5.890695875
2,pgadmin,26.180,after-query,62653,11520160765917,pgAdmin 4 Helper,177308680,1.353632417
2,pgadmin,26.180,after-query,62657,11520164561978,Python,161678080,3.395332583
2,pgadmin,26.180,after-query,62651,11520150228605,pgAdmin 4,65701664,1.008590042
2,pgadmin,26.180,after-query,62700,11520302182952,com.apple.SafariPlatformSupport,9634416,0.116288750
2,pgadmin,26.180,after-query,62654,11520160851502,pgAdmin 4 Helper,8569720,0.254733833
2,pgadmin,26.435,after-query,62681,11520254970976,pgAdmin 4 Helper (Renderer),472664008,5.912092292
2,pgadmin,26.435,after-query,62653,11520160765917,pgAdmin 4 Helper,177308680,1.360507083
2,pgadmin,26.435,after-query,62657,11520164561978,Python,161678080,3.395332583
2,pgadmin,26.435,after-query,62651,11520150228605,pgAdmin 4,65668896,1.009004500
2,pgadmin,26.435,after-query,62700,11520302182952,com.apple.SafariPlatformSupport,9634416,0.116288750
2,pgadmin,26.435,after-query,62654,11520160851502,pgAdmin 4 Helper,8569720,0.254733833
2,pgadmin,26.691,after-query,62681,11520254970976,pgAdmin 4 Helper (Renderer),472745928,5.931173958
2,pgadmin,26.691,after-query,62653,11520160765917,pgAdmin 4 Helper,177308680,1.366810917
2,pgadmin,26.691,after-query,62657,11520164561978,Python,161678080,3.395432500
2,pgadmin,26.691,after-query,62651,11520150228605,pgAdmin 4,65668896,1.009004500
2,pgadmin,26.691,after-query,62700,11520302182952,com.apple.SafariPlatformSupport,9634416,0.116288750
2,pgadmin,26.691,after-query,62654,11520160851502,pgAdmin 4 Helper,8569720,0.254733833
2,pgadmin,26.946,after-query,62681,11520254970976,pgAdmin 4 Helper (Renderer),472811464,5.950308292
2,pgadmin,26.946,after-query,62653,11520160765917,pgAdmin 4 Helper,177308680,1.373109542
2,pgadmin,26.946,after-query,62657,11520164561978,Python,161678080,3.395432500
2,pgadmin,26.946,after-query,62651,11520150228605,pgAdmin 4,65668896,1.009004500
2,pgadmin,26.946,after-query,62700,11520302182952,com.apple.SafariPlatformSupport,9634416,0.116288750
2,pgadmin,26.946,after-query,62654,11520160851502,pgAdmin 4 Helper,8569720,0.254733833
2,pgadmin,27.201,after-query,62681,11520254970976,pgAdmin 4 Helper (Renderer),472877000,5.970836083
2,pgadmin,27.201,after-query,62653,11520160765917,pgAdmin 4 Helper,177308680,1.379879375
2,pgadmin,27.201,after-query,62657,11520164561978,Python,161678080,3.395534583
2,pgadmin,27.201,after-query,62651,11520150228605,pgAdmin 4,65668896,1.009004500
2,pgadmin,27.201,after-query,62700,11520302182952,com.apple.SafariPlatformSupport,9634416,0.116288750
2,pgadmin,27.201,after-query,62654,11520160851502,pgAdmin 4 Helper,8569720,0.254733833
2,pgadmin,27.456,after-query,62681,11520254970976,pgAdmin 4 Helper (Renderer),472926152,5.989085833
2,pgadmin,27.456,after-query,62653,11520160765917,pgAdmin 4 Helper,177308680,1.385708417
2,pgadmin,27.456,after-query,62657,11520164561978,Python,161678080,3.395534583
2,pgadmin,27.456,after-query,62651,11520150228605,pgAdmin 4,65668896,1.009004500
2,pgadmin,27.456,after-query,62700,11520302182952,com.apple.SafariPlatformSupport,9634416,0.116288750
2,pgadmin,27.456,after-query,62654,11520160851502,pgAdmin 4 Helper,8569720,0.254733833
2,dbgate,0.255,launch,62822,11520953256748,DbGate,9782184,0.101094667
2,dbgate,0.510,launch,62822,11520953256748,DbGate,41092608,0.290756375
2,dbgate,0.510,launch,62825,11520963227055,DbGate Helper,6128480,0.042250625
2,dbgate,0.510,launch,62824,11520963081090,DbGate Helper (GPU),5817112,0.052339958
2,dbgate,0.765,launch,62822,11520953256748,DbGate,64816664,0.462235958
2,dbgate,0.765,launch,62824,11520963081090,DbGate Helper (GPU),10781488,0.086219500
2,dbgate,0.765,launch,62825,11520963227055,DbGate Helper,6128480,0.042314000
2,dbgate,1.020,settle,62822,11520953256748,DbGate,87738096,0.602844708
2,dbgate,1.020,settle,62831,11520972325193,DbGate Helper (Renderer),84772184,0.183612667
2,dbgate,1.020,settle,62824,11520963081090,DbGate Helper (GPU),31015776,0.118427333
2,dbgate,1.020,settle,62825,11520963227055,DbGate Helper,6636384,0.047500458
2,dbgate,1.272,settle,62822,11520953256748,DbGate,109627120,0.728087292
2,dbgate,1.272,settle,62831,11520972325193,DbGate Helper (Renderer),82986400,0.380272750
2,dbgate,1.272,settle,62824,11520963081090,DbGate Helper (GPU),69141368,0.135061958
2,dbgate,1.272,settle,62833,11520981025077,DbGate Helper,13321296,0.068974500
2,dbgate,1.272,settle,62825,11520963227055,DbGate Helper,6636384,0.047500458
2,dbgate,1.525,settle,62824,11520963081090,DbGate Helper (GPU),241828800,0.217401417
2,dbgate,1.525,settle,62822,11520953256748,DbGate,116459272,0.822137458
2,dbgate,1.525,settle,62831,11520972325193,DbGate Helper (Renderer),104760856,0.562374208
2,dbgate,1.525,settle,62833,11520981025077,DbGate Helper,51250352,0.271568708
2,dbgate,1.525,settle,62835,11520982908591,DbGate Helper,42321024,0.206060583
2,dbgate,1.525,settle,62836,11520982979669,DbGate Helper,42206336,0.201350333
2,dbgate,1.525,settle,62825,11520963227055,DbGate Helper,7488352,0.054178458
2,dbgate,1.525,settle,62846,11520988123757,com.apple.SafariPlatformSupport,2802144,0.015551083
2,dbgate,1.780,settle,62824,11520963081090,DbGate Helper (GPU),241894336,0.227824542
2,dbgate,1.780,settle,62822,11520953256748,DbGate,118376200,0.844248500
2,dbgate,1.780,settle,62831,11520972325193,DbGate Helper (Renderer),105170456,0.582186875
2,dbgate,1.780,settle,62835,11520982908591,DbGate Helper,51987680,0.342716083
2,dbgate,1.780,settle,62833,11520981025077,DbGate Helper,51758328,0.314936042
2,dbgate,1.780,settle,62836,11520982979669,DbGate Helper,51660000,0.337074208
2,dbgate,1.780,settle,62846,11520988123757,com.apple.SafariPlatformSupport,9683568,0.105251042
2,dbgate,1.780,settle,62825,11520963227055,DbGate Helper,7799648,0.055602250
2,dbgate,2.033,settle,62824,11520963081090,DbGate Helper (GPU),241861568,0.246753958
2,dbgate,2.033,settle,62822,11520953256748,DbGate,118343432,0.844835083
2,dbgate,2.033,settle,62831,11520972325193,DbGate Helper (Renderer),105170456,0.597042458
2,dbgate,2.033,settle,62835,11520982908591,DbGate Helper,51987680,0.342812125
2,dbgate,2.033,settle,62833,11520981025077,DbGate Helper,51758328,0.315076042
2,dbgate,2.033,settle,62836,11520982979669,DbGate Helper,51660000,0.337189750
2,dbgate,2.033,settle,62846,11520988123757,com.apple.SafariPlatformSupport,9683568,0.105870708
2,dbgate,2.033,settle,62825,11520963227055,DbGate Helper,7799648,0.055602250
2,dbgate,2.288,settle,62824,11520963081090,DbGate Helper (GPU),241877952,0.271153542
2,dbgate,2.288,settle,62822,11520953256748,DbGate,118408968,0.848381542
2,dbgate,2.288,settle,62831,11520972325193,DbGate Helper (Renderer),105350680,0.620794458
2,dbgate,2.288,settle,62835,11520982908591,DbGate Helper,51987680,0.342812125
2,dbgate,2.288,settle,62833,11520981025077,DbGate Helper,51758328,0.315076042
2,dbgate,2.288,settle,62836,11520982979669,DbGate Helper,51660000,0.337189750
2,dbgate,2.288,settle,62846,11520988123757,com.apple.SafariPlatformSupport,9683568,0.105870708
2,dbgate,2.288,settle,62825,11520963227055,DbGate Helper,7914336,0.057088792
2,dbgate,2.543,settle,62824,11520963081090,DbGate Helper (GPU),241877952,0.291827250
2,dbgate,2.543,settle,62822,11520953256748,DbGate,118408968,0.852336208
2,dbgate,2.543,settle,62831,11520972325193,DbGate Helper (Renderer),105350680,0.638139417
2,dbgate,2.543,settle,62835,11520982908591,DbGate Helper,51987680,0.342812125
2,dbgate,2.543,settle,62833,11520981025077,DbGate Helper,51758328,0.315603625
2,dbgate,2.543,settle,62836,11520982979669,DbGate Helper,51660000,0.337189750
2,dbgate,2.543,settle,62846,11520988123757,com.apple.SafariPlatformSupport,9683568,0.105870708
2,dbgate,2.543,settle,62825,11520963227055,DbGate Helper,7979872,0.059248375
2,dbgate,2.797,settle,62824,11520963081090,DbGate Helper (GPU),235897792,0.315386917
2,dbgate,2.797,settle,62822,11520953256748,DbGate,118687496,0.881315417
2,dbgate,2.797,settle,62831,11520972325193,DbGate Helper (Renderer),105367064,0.658735292
2,dbgate,2.797,settle,62835,11520982908591,DbGate Helper,51987680,0.343872042
2,dbgate,2.797,settle,62833,11520981025077,DbGate Helper,51758328,0.315603625
2,dbgate,2.797,settle,62836,11520982979669,DbGate Helper,51676384,0.337905458
2,dbgate,2.797,settle,62846,11520988123757,com.apple.SafariPlatformSupport,9683568,0.106107333
2,dbgate,2.797,settle,62825,11520963227055,DbGate Helper,8061792,0.068076792
2,dbgate,3.050,settle,62824,11520963081090,DbGate Helper (GPU),235897792,0.324151833
2,dbgate,3.050,settle,62822,11520953256748,DbGate,118687496,0.881315417
2,dbgate,3.050,settle,62831,11520972325193,DbGate Helper (Renderer),105367064,0.668713708
2,dbgate,3.050,settle,62835,11520982908591,DbGate Helper,51987680,0.343872042
2,dbgate,3.050,settle,62833,11520981025077,DbGate Helper,51758328,0.315603625
2,dbgate,3.050,settle,62836,11520982979669,DbGate Helper,51676384,0.337905458
2,dbgate,3.050,settle,62846,11520988123757,com.apple.SafariPlatformSupport,9683568,0.106107333
2,dbgate,3.050,settle,62825,11520963227055,DbGate Helper,8061792,0.068076792
2,dbgate,3.305,settle,62824,11520963081090,DbGate Helper (GPU),235881408,0.331395125
2,dbgate,3.305,settle,62822,11520953256748,DbGate,118703880,0.884338208
2,dbgate,3.305,settle,62831,11520972325193,DbGate Helper (Renderer),105367064,0.676883958
2,dbgate,3.305,settle,62835,11520982908591,DbGate Helper,51987680,0.343872042
2,dbgate,3.305,settle,62833,11520981025077,DbGate Helper,51758328,0.315603625
2,dbgate,3.305,settle,62836,11520982979669,DbGate Helper,51676384,0.337905458
2,dbgate,3.305,settle,62846,11520988123757,com.apple.SafariPlatformSupport,9683568,0.106107333
2,dbgate,3.305,settle,62825,11520963227055,DbGate Helper,8061792,0.068076792
2,dbgate,3.560,settle,62824,11520963081090,DbGate Helper (GPU),235881408,0.339952583
2,dbgate,3.560,settle,62822,11520953256748,DbGate,118703880,0.884980542
2,dbgate,3.560,settle,62831,11520972325193,DbGate Helper (Renderer),105367064,0.686297917
2,dbgate,3.560,settle,62835,11520982908591,DbGate Helper,51987680,0.343872042
2,dbgate,3.560,settle,62833,11520981025077,DbGate Helper,51758328,0.315873875
2,dbgate,3.560,settle,62836,11520982979669,DbGate Helper,51676384,0.337905458
2,dbgate,3.560,settle,62846,11520988123757,com.apple.SafariPlatformSupport,9683568,0.106107333
2,dbgate,3.560,settle,62825,11520963227055,DbGate Helper,8061792,0.068076792
2,dbgate,3.816,settle,62824,11520963081090,DbGate Helper (GPU),231424960,0.347128083
2,dbgate,3.816,settle,62822,11520953256748,DbGate,118703880,0.885502708
2,dbgate,3.816,settle,62831,11520972325193,DbGate Helper (Renderer),105367064,0.693774167
2,dbgate,3.816,settle,62835,11520982908591,DbGate Helper,51987680,0.344067750
2,dbgate,3.816,settle,62833,11520981025077,DbGate Helper,51758328,0.315873875
2,dbgate,3.816,settle,62836,11520982979669,DbGate Helper,51676384,0.338131042
2,dbgate,3.816,settle,62846,11520988123757,com.apple.SafariPlatformSupport,9683568,0.106352708
2,dbgate,3.816,settle,62825,11520963227055,DbGate Helper,8061792,0.068076792
2,dbgate,4.071,settle,62824,11520963081090,DbGate Helper (GPU),220627880,0.361426333
2,dbgate,4.071,settle,62822,11520953256748,DbGate,118703880,0.885502708
2,dbgate,4.071,settle,62831,11520972325193,DbGate Helper (Renderer),105137688,0.704467542
2,dbgate,4.071,settle,62835,11520982908591,DbGate Helper,51987680,0.344067750
2,dbgate,4.071,settle,62833,11520981025077,DbGate Helper,51758328,0.315873875
2,dbgate,4.071,settle,62836,11520982979669,DbGate Helper,51676384,0.338131042
2,dbgate,4.071,settle,62846,11520988123757,com.apple.SafariPlatformSupport,9683568,0.106352708
2,dbgate,4.071,settle,62825,11520963227055,DbGate Helper,8061792,0.068076792
2,dbgate,4.326,settle,62824,11520963081090,DbGate Helper (GPU),220611496,0.368861750
2,dbgate,4.326,settle,62822,11520953256748,DbGate,118703880,0.885502708
2,dbgate,4.326,settle,62831,11520972325193,DbGate Helper (Renderer),105137688,0.711453125
2,dbgate,4.326,settle,62835,11520982908591,DbGate Helper,51987680,0.344067750
2,dbgate,4.326,settle,62833,11520981025077,DbGate Helper,51758328,0.315873875
2,dbgate,4.326,settle,62836,11520982979669,DbGate Helper,51676384,0.338131042
2,dbgate,4.326,settle,62846,11520988123757,com.apple.SafariPlatformSupport,9683568,0.106352708
2,dbgate,4.326,settle,62825,11520963227055,DbGate Helper,8061792,0.068076792
2,dbgate,4.581,settle,62824,11520963081090,DbGate Helper (GPU),220611496,0.377648208
2,dbgate,4.581,settle,62822,11520953256748,DbGate,118703880,0.886047625
2,dbgate,4.581,settle,62831,11520972325193,DbGate Helper (Renderer),105137688,0.719752375
2,dbgate,4.581,settle,62835,11520982908591,DbGate Helper,51987680,0.344067750
2,dbgate,4.581,settle,62833,11520981025077,DbGate Helper,51758328,0.316206792
2,dbgate,4.581,settle,62836,11520982979669,DbGate Helper,51676384,0.338131042
2,dbgate,4.581,settle,62846,11520988123757,com.apple.SafariPlatformSupport,9683568,0.106352708
2,dbgate,4.581,settle,62825,11520963227055,DbGate Helper,8061792,0.068076792
2,dbgate,4.832,settle,62824,11520963081090,DbGate Helper (GPU),210617256,0.383546583
2,dbgate,4.832,settle,62822,11520953256748,DbGate,118703880,0.886430125
2,dbgate,4.832,settle,62831,11520972325193,DbGate Helper (Renderer),105137688,0.725061125
2,dbgate,4.832,settle,62835,11520982908591,DbGate Helper,51987680,0.344217458
2,dbgate,4.832,settle,62833,11520981025077,DbGate Helper,51758328,0.316206792
2,dbgate,4.832,settle,62836,11520982979669,DbGate Helper,51676384,0.338229417
2,dbgate,4.832,settle,62846,11520988123757,com.apple.SafariPlatformSupport,9683568,0.106352708
2,dbgate,4.832,settle,62825,11520963227055,DbGate Helper,8061792,0.068076792
2,dbgate,5.083,settle,62824,11520963081090,DbGate Helper (GPU),210633640,0.394319292
2,dbgate,5.083,settle,62822,11520953256748,DbGate,118703880,0.888134958
2,dbgate,5.083,settle,62831,11520972325193,DbGate Helper (Renderer),105137688,0.734127750
2,dbgate,5.083,settle,62835,11520982908591,DbGate Helper,51987680,0.344217458
2,dbgate,5.083,settle,62833,11520981025077,DbGate Helper,51758328,0.316206792
2,dbgate,5.083,settle,62836,11520982979669,DbGate Helper,51676384,0.338229417
2,dbgate,5.083,settle,62846,11520988123757,com.apple.SafariPlatformSupport,9683568,0.106352708
2,dbgate,5.083,settle,62825,11520963227055,DbGate Helper,8061792,0.068076792
2,dbgate,5.335,settle,62824,11520963081090,DbGate Helper (GPU),210617256,0.401238750
2,dbgate,5.335,settle,62822,11520953256748,DbGate,118703880,0.888134958
2,dbgate,5.335,settle,62831,11520972325193,DbGate Helper (Renderer),105137688,0.739824917
2,dbgate,5.335,settle,62835,11520982908591,DbGate Helper,51987680,0.344217458
2,dbgate,5.335,settle,62833,11520981025077,DbGate Helper,51758328,0.316206792
2,dbgate,5.335,settle,62836,11520982979669,DbGate Helper,51676384,0.338229417
2,dbgate,5.335,settle,62846,11520988123757,com.apple.SafariPlatformSupport,9683568,0.106352708
2,dbgate,5.335,settle,62825,11520963227055,DbGate Helper,8061792,0.068076792
2,dbgate,5.590,settle,62824,11520963081090,DbGate Helper (GPU),210617256,0.410914792
2,dbgate,5.590,settle,62822,11520953256748,DbGate,118703880,0.890236750
2,dbgate,5.590,settle,62831,11520972325193,DbGate Helper (Renderer),105137688,0.749348125
2,dbgate,5.590,settle,62835,11520982908591,DbGate Helper,51987680,0.344575375
2,dbgate,5.590,settle,62833,11520981025077,DbGate Helper,51758328,0.316560292
2,dbgate,5.590,settle,62836,11520982979669,DbGate Helper,51676384,0.338483750
2,dbgate,5.590,settle,62846,11520988123757,com.apple.SafariPlatformSupport,9683568,0.106352708
2,dbgate,5.590,settle,62825,11520963227055,DbGate Helper,8061792,0.068240917
2,dbgate,5.845,settle,62824,11520963081090,DbGate Helper (GPU),210617256,0.418061917
2,dbgate,5.845,settle,62822,11520953256748,DbGate,118703880,0.890236750
2,dbgate,5.845,settle,62831,11520972325193,DbGate Helper (Renderer),105137688,0.756503667
2,dbgate,5.845,settle,62835,11520982908591,DbGate Helper,51987680,0.344575375
2,dbgate,5.845,settle,62833,11520981025077,DbGate Helper,51758328,0.316560292
2,dbgate,5.845,settle,62836,11520982979669,DbGate Helper,51676384,0.338483750
2,dbgate,5.845,settle,62846,11520988123757,com.apple.SafariPlatformSupport,9683568,0.106514542
2,dbgate,5.845,settle,62825,11520963227055,DbGate Helper,8012640,0.068323833
2,dbgate,6.100,query,62824,11520963081090,DbGate Helper (GPU),210650024,0.426628250
2,dbgate,6.100,query,62822,11520953256748,DbGate,118703880,0.890597208
2,dbgate,6.100,query,62831,11520972325193,DbGate Helper (Renderer),105137688,0.764215667
2,dbgate,6.100,query,62835,11520982908591,DbGate Helper,51987680,0.344575375
2,dbgate,6.100,query,62833,11520981025077,DbGate Helper,51758328,0.316560292
2,dbgate,6.100,query,62836,11520982979669,DbGate Helper,51676384,0.338483750
2,dbgate,6.100,query,62846,11520988123757,com.apple.SafariPlatformSupport,9683568,0.106700708
2,dbgate,6.100,query,62825,11520963227055,DbGate Helper,8012640,0.068323833
2,dbgate,6.355,query,62824,11520963081090,DbGate Helper (GPU),210633640,0.433713667
2,dbgate,6.355,query,62822,11520953256748,DbGate,118703880,0.891791125
2,dbgate,6.355,query,62831,11520972325193,DbGate Helper (Renderer),105137688,0.770870542
2,dbgate,6.355,query,62835,11520982908591,DbGate Helper,51987680,0.344575375
2,dbgate,6.355,query,62833,11520981025077,DbGate Helper,51758328,0.316560292
2,dbgate,6.355,query,62836,11520982979669,DbGate Helper,51676384,0.338483750
2,dbgate,6.355,query,62846,11520988123757,com.apple.SafariPlatformSupport,9683568,0.106700708
2,dbgate,6.355,query,62825,11520963227055,DbGate Helper,8012640,0.068323833
2,dbgate,6.608,query,62824,11520963081090,DbGate Helper (GPU),148865960,0.451093250
2,dbgate,6.608,query,62822,11520953256748,DbGate,118703880,0.894666375
2,dbgate,6.608,query,62831,11520972325193,DbGate Helper (Renderer),105154072,0.783766667
2,dbgate,6.608,query,62835,11520982908591,DbGate Helper,51987680,0.344972458
2,dbgate,6.608,query,62833,11520981025077,DbGate Helper,51774712,0.317564292
2,dbgate,6.608,query,62836,11520982979669,DbGate Helper,51676384,0.338762792
2,dbgate,6.608,query,62846,11520988123757,com.apple.SafariPlatformSupport,9683568,0.107083750
2,dbgate,6.608,query,62825,11520963227055,DbGate Helper,8012640,0.068323833
2,dbgate,6.863,query,62824,11520963081090,DbGate Helper (GPU),148849576,0.457899417
2,dbgate,6.863,query,62822,11520953256748,DbGate,115689224,0.896313625
2,dbgate,6.863,query,62831,11520972325193,DbGate Helper (Renderer),105154072,0.790362500
2,dbgate,6.863,query,62835,11520982908591,DbGate Helper,51938528,0.345084417
2,dbgate,6.863,query,62833,11520981025077,DbGate Helper,51709176,0.317683500
2,dbgate,6.863,query,62836,11520982979669,DbGate Helper,51627232,0.338869958
2,dbgate,6.863,query,62846,11520988123757,com.apple.SafariPlatformSupport,9683568,0.107083750
2,dbgate,6.863,query,62825,11520963227055,DbGate Helper,8012640,0.068323833
2,dbgate,7.118,query,62822,11520953256748,DbGate,115689224,0.896313625
2,dbgate,7.118,query,62824,11520963081090,DbGate Helper (GPU),111887272,0.472887208
2,dbgate,7.118,query,62831,11520972325193,DbGate Helper (Renderer),105154072,0.800598750
2,dbgate,7.118,query,62835,11520982908591,DbGate Helper,51938528,0.345084417
2,dbgate,7.118,query,62833,11520981025077,DbGate Helper,51709176,0.317683500
2,dbgate,7.118,query,62836,11520982979669,DbGate Helper,51627232,0.338869958
2,dbgate,7.118,query,62846,11520988123757,com.apple.SafariPlatformSupport,9683568,0.107083750
2,dbgate,7.118,query,62825,11520963227055,DbGate Helper,8012640,0.068323833
2,dbgate,7.373,query,62822,11520953256748,DbGate,115689224,0.896313625
2,dbgate,7.373,query,62824,11520963081090,DbGate Helper (GPU),111870888,0.480585667
2,dbgate,7.373,query,62831,11520972325193,DbGate Helper (Renderer),105154072,0.810400875
2,dbgate,7.373,query,62835,11520982908591,DbGate Helper,51938528,0.345084417
2,dbgate,7.373,query,62833,11520981025077,DbGate Helper,51709176,0.317683500
2,dbgate,7.373,query,62836,11520982979669,DbGate Helper,51627232,0.338869958
2,dbgate,7.373,query,62846,11520988123757,com.apple.SafariPlatformSupport,9683568,0.107083750
2,dbgate,7.373,query,62825,11520963227055,DbGate Helper,8012640,0.068323833
2,dbgate,7.630,query,62822,11520953256748,DbGate,115689224,0.898218458
2,dbgate,7.630,query,62824,11520963081090,DbGate Helper (GPU),111870888,0.491038625
2,dbgate,7.630,query,62831,11520972325193,DbGate Helper (Renderer),105154072,0.818591875
2,dbgate,7.630,query,62835,11520982908591,DbGate Helper,51938528,0.345868375
2,dbgate,7.630,query,62833,11520981025077,DbGate Helper,51709176,0.318153500
2,dbgate,7.630,query,62836,11520982979669,DbGate Helper,51627232,0.339372042
2,dbgate,7.630,query,62846,11520988123757,com.apple.SafariPlatformSupport,9683568,0.107083750
2,dbgate,7.630,query,62825,11520963227055,DbGate Helper,8012640,0.068323833
2,dbgate,7.885,query,62822,11520953256748,DbGate,115689224,0.898218458
2,dbgate,7.885,query,62831,11520972325193,DbGate Helper (Renderer),105154072,0.828405292
2,dbgate,7.885,query,62824,11520963081090,DbGate Helper (GPU),80217000,0.504017417
2,dbgate,7.885,query,62835,11520982908591,DbGate Helper,51938528,0.345868375
2,dbgate,7.885,query,62833,11520981025077,DbGate Helper,51709176,0.318153500
2,dbgate,7.885,query,62836,11520982979669,DbGate Helper,51627232,0.339372042
2,dbgate,7.885,query,62846,11520988123757,com.apple.SafariPlatformSupport,9683568,0.107083750
2,dbgate,7.885,query,62825,11520963227055,DbGate Helper,8012640,0.068323833
2,dbgate,8.140,query,62822,11520953256748,DbGate,115689224,0.898218458
2,dbgate,8.140,query,62831,11520972325193,DbGate Helper (Renderer),105154072,0.836902875
2,dbgate,8.140,query,62824,11520963081090,DbGate Helper (GPU),80200616,0.515209167
2,dbgate,8.140,query,62835,11520982908591,DbGate Helper,51938528,0.345868375
2,dbgate,8.140,query,62833,11520981025077,DbGate Helper,51709176,0.318153500
2,dbgate,8.140,query,62836,11520982979669,DbGate Helper,51627232,0.339372042
2,dbgate,8.140,query,62846,11520988123757,com.apple.SafariPlatformSupport,9683568,0.107083750
2,dbgate,8.140,query,62825,11520963227055,DbGate Helper,8012640,0.068323833
2,dbgate,8.395,query,62822,11520953256748,DbGate,115705608,0.900604833
2,dbgate,8.395,query,62831,11520972325193,DbGate Helper (Renderer),105154072,0.846918708
2,dbgate,8.395,query,62824,11520963081090,DbGate Helper (GPU),80217000,0.524280417
2,dbgate,8.395,query,62835,11520982908591,DbGate Helper,51938528,0.345868375
2,dbgate,8.395,query,62833,11520981025077,DbGate Helper,51709176,0.318153500
2,dbgate,8.395,query,62836,11520982979669,DbGate Helper,51627232,0.339372042
2,dbgate,8.395,query,62846,11520988123757,com.apple.SafariPlatformSupport,9683568,0.107083750
2,dbgate,8.395,query,62825,11520963227055,DbGate Helper,8012640,0.068323833
2,dbgate,8.650,query,62822,11520953256748,DbGate,115705608,0.901604958
2,dbgate,8.650,query,62831,11520972325193,DbGate Helper (Renderer),105154072,0.855638500
2,dbgate,8.650,query,62824,11520963081090,DbGate Helper (GPU),80200616,0.534273083
2,dbgate,8.650,query,62835,11520982908591,DbGate Helper,51938528,0.346068250
2,dbgate,8.650,query,62833,11520981025077,DbGate Helper,51709176,0.318557917
2,dbgate,8.650,query,62836,11520982979669,DbGate Helper,51627232,0.339516000
2,dbgate,8.650,query,62846,11520988123757,com.apple.SafariPlatformSupport,9683568,0.107083750
2,dbgate,8.650,query,62825,11520963227055,DbGate Helper,8012640,0.068323833
2,dbgate,8.903,query,62822,11520953256748,DbGate,115705608,0.901604958
2,dbgate,8.903,query,62831,11520972325193,DbGate Helper (Renderer),105154072,0.866375583
2,dbgate,8.903,query,62824,11520963081090,DbGate Helper (GPU),80217000,0.543209625
2,dbgate,8.903,query,62835,11520982908591,DbGate Helper,51938528,0.346068250
2,dbgate,8.903,query,62833,11520981025077,DbGate Helper,51709176,0.318557917
2,dbgate,8.903,query,62836,11520982979669,DbGate Helper,51627232,0.339516000
2,dbgate,8.903,query,62846,11520988123757,com.apple.SafariPlatformSupport,9683568,0.107083750
2,dbgate,8.903,query,62825,11520963227055,DbGate Helper,8012640,0.068323833
2,dbgate,9.158,query,62822,11520953256748,DbGate,115705608,0.901604958
2,dbgate,9.158,query,62831,11520972325193,DbGate Helper (Renderer),105154072,0.874545208
2,dbgate,9.158,query,62824,11520963081090,DbGate Helper (GPU),80200616,0.553508750
2,dbgate,9.158,query,62835,11520982908591,DbGate Helper,51938528,0.346068250
2,dbgate,9.158,query,62833,11520981025077,DbGate Helper,51709176,0.318557917
2,dbgate,9.158,query,62836,11520982979669,DbGate Helper,51627232,0.339516000
2,dbgate,9.158,query,62846,11520988123757,com.apple.SafariPlatformSupport,9667184,0.107194750
2,dbgate,9.158,query,62825,11520963227055,DbGate Helper,8012640,0.068323833
2,dbgate,9.413,query,62822,11520953256748,DbGate,115771144,0.903040542
2,dbgate,9.413,query,62831,11520972325193,DbGate Helper (Renderer),105154072,0.881194000
2,dbgate,9.413,query,62824,11520963081090,DbGate Helper (GPU),80217000,0.560253083
2,dbgate,9.413,query,62835,11520982908591,DbGate Helper,51938528,0.346068250
2,dbgate,9.413,query,62833,11520981025077,DbGate Helper,51709176,0.318557917
2,dbgate,9.413,query,62836,11520982979669,DbGate Helper,51627232,0.339516000
2,dbgate,9.413,query,62846,11520988123757,com.apple.SafariPlatformSupport,9667184,0.107194750
2,dbgate,9.413,query,62825,11520963227055,DbGate Helper,8012640,0.068323833
2,dbgate,9.668,query,62822,11520953256748,DbGate,115771144,0.903876292
2,dbgate,9.668,query,62831,11520972325193,DbGate Helper (Renderer),105154072,0.886869333
2,dbgate,9.668,query,62824,11520963081090,DbGate Helper (GPU),80200616,0.567055208
2,dbgate,9.668,query,62835,11520982908591,DbGate Helper,51938528,0.346362250
2,dbgate,9.668,query,62833,11520981025077,DbGate Helper,51709176,0.319062167
2,dbgate,9.668,query,62836,11520982979669,DbGate Helper,51627232,0.339984667
2,dbgate,9.668,query,62846,11520988123757,com.apple.SafariPlatformSupport,9667184,0.107194750
2,dbgate,9.668,query,62825,11520963227055,DbGate Helper,8012640,0.068323833
2,dbgate,9.921,query,62822,11520953256748,DbGate,115771144,0.903876292
2,dbgate,9.921,query,62831,11520972325193,DbGate Helper (Renderer),105154072,0.893641000
2,dbgate,9.921,query,62824,11520963081090,DbGate Helper (GPU),80217000,0.573769708
2,dbgate,9.921,query,62835,11520982908591,DbGate Helper,51938528,0.346362250
2,dbgate,9.921,query,62833,11520981025077,DbGate Helper,51709176,0.319062167
2,dbgate,9.921,query,62836,11520982979669,DbGate Helper,51627232,0.339984667
2,dbgate,9.921,query,62846,11520988123757,com.apple.SafariPlatformSupport,9667184,0.107194750
2,dbgate,9.921,query,62825,11520963227055,DbGate Helper,8012640,0.068323833
2,dbgate,10.177,query,62822,11520953256748,DbGate,115771144,0.903876292
2,dbgate,10.177,query,62831,11520972325193,DbGate Helper (Renderer),105154072,0.899792583
2,dbgate,10.177,query,62824,11520963081090,DbGate Helper (GPU),80200616,0.582139917
2,dbgate,10.177,query,62835,11520982908591,DbGate Helper,51938528,0.346362250
2,dbgate,10.177,query,62833,11520981025077,DbGate Helper,51709176,0.319062167
2,dbgate,10.177,query,62836,11520982979669,DbGate Helper,51627232,0.339984667
2,dbgate,10.177,query,62846,11520988123757,com.apple.SafariPlatformSupport,9667184,0.107194750
2,dbgate,10.177,query,62825,11520963227055,DbGate Helper,8012640,0.068323833
2,dbgate,10.432,query,62822,11520953256748,DbGate,115771144,0.903876292
2,dbgate,10.432,query,62831,11520972325193,DbGate Helper (Renderer),105154072,0.907981542
2,dbgate,10.432,query,62824,11520963081090,DbGate Helper (GPU),80217000,0.589888208
2,dbgate,10.432,query,62835,11520982908591,DbGate Helper,51938528,0.346362250
2,dbgate,10.432,query,62833,11520981025077,DbGate Helper,51709176,0.319062167
2,dbgate,10.432,query,62836,11520982979669,DbGate Helper,51627232,0.339984667
2,dbgate,10.432,query,62846,11520988123757,com.apple.SafariPlatformSupport,9667184,0.107194750
2,dbgate,10.432,query,62825,11520963227055,DbGate Helper,8012640,0.068323833
2,dbgate,10.687,query,62822,11520953256748,DbGate,115771144,0.906010833
2,dbgate,10.687,query,62831,11520972325193,DbGate Helper (Renderer),105154072,0.913542625
2,dbgate,10.687,query,62824,11520963081090,DbGate Helper (GPU),80200616,0.596797292
2,dbgate,10.687,query,62835,11520982908591,DbGate Helper,51938528,0.346573583
2,dbgate,10.687,query,62833,11520981025077,DbGate Helper,51709176,0.319402500
2,dbgate,10.687,query,62836,11520982979669,DbGate Helper,51627232,0.340158708
2,dbgate,10.687,query,62846,11520988123757,com.apple.SafariPlatformSupport,9667184,0.107194750
2,dbgate,10.687,query,62825,11520963227055,DbGate Helper,8012640,0.068323833
2,dbgate,10.938,query,62822,11520953256748,DbGate,115771144,0.906406042
2,dbgate,10.938,query,62831,11520972325193,DbGate Helper (Renderer),105154072,0.920542292
2,dbgate,10.938,query,62824,11520963081090,DbGate Helper (GPU),80217000,0.603573292
2,dbgate,10.938,query,62835,11520982908591,DbGate Helper,51938528,0.346573583
2,dbgate,10.938,query,62833,11520981025077,DbGate Helper,51709176,0.319402500
2,dbgate,10.938,query,62836,11520982979669,DbGate Helper,51627232,0.340158708
2,dbgate,10.938,query,62846,11520988123757,com.apple.SafariPlatformSupport,9667184,0.107194750
2,dbgate,10.938,query,62825,11520963227055,DbGate Helper,8012640,0.068323833
2,dbgate,11.193,query,62822,11520953256748,DbGate,115771144,0.906406042
2,dbgate,11.193,query,62831,11520972325193,DbGate Helper (Renderer),105154072,0.926008375
2,dbgate,11.193,query,62824,11520963081090,DbGate Helper (GPU),80200616,0.611521792
2,dbgate,11.193,query,62835,11520982908591,DbGate Helper,51938528,0.346573583
2,dbgate,11.193,query,62833,11520981025077,DbGate Helper,51709176,0.319402500
2,dbgate,11.193,query,62836,11520982979669,DbGate Helper,51627232,0.340158708
2,dbgate,11.193,query,62846,11520988123757,com.apple.SafariPlatformSupport,9650800,0.107393667
2,dbgate,11.193,query,62825,11520963227055,DbGate Helper,8012640,0.068323833
2,dbgate,11.444,query,62822,11520953256748,DbGate,115771144,0.906452042
2,dbgate,11.444,query,62831,11520972325193,DbGate Helper (Renderer),105170456,0.937582875
2,dbgate,11.444,query,62824,11520963081090,DbGate Helper (GPU),80217000,0.620843625
2,dbgate,11.444,query,62835,11520982908591,DbGate Helper,51938528,0.346573583
2,dbgate,11.444,query,62833,11520981025077,DbGate Helper,51709176,0.319402500
2,dbgate,11.444,query,62836,11520982979669,DbGate Helper,51627232,0.340158708
2,dbgate,11.444,query,62846,11520988123757,com.apple.SafariPlatformSupport,9650800,0.107393667
2,dbgate,11.444,query,62825,11520963227055,DbGate Helper,8012640,0.068323833
2,dbgate,11.696,query,62822,11520953256748,DbGate,115771144,0.908112750
2,dbgate,11.696,query,62831,11520972325193,DbGate Helper (Renderer),105170456,0.944925458
2,dbgate,11.696,query,62824,11520963081090,DbGate Helper (GPU),80200616,0.629387042
2,dbgate,11.696,query,62835,11520982908591,DbGate Helper,51938528,0.347038958
2,dbgate,11.696,query,62833,11520981025077,DbGate Helper,51709176,0.320111292
2,dbgate,11.696,query,62836,11520982979669,DbGate Helper,51627232,0.340435667
2,dbgate,11.696,query,62846,11520988123757,com.apple.SafariPlatformSupport,9650800,0.107393667
2,dbgate,11.696,query,62825,11520963227055,DbGate Helper,8012640,0.068323833
2,dbgate,11.948,query,62824,11520963081090,DbGate Helper (GPU),142377920,0.646639250
2,dbgate,11.948,query,62822,11520953256748,DbGate,116180744,0.932493000
2,dbgate,11.948,query,62831,11520972325193,DbGate Helper (Renderer),105432600,0.960673750
2,dbgate,11.948,query,62835,11520982908591,DbGate Helper,51938528,0.347038958
2,dbgate,11.948,query,62833,11520981025077,DbGate Helper,51709176,0.320111292
2,dbgate,11.948,query,62836,11520982979669,DbGate Helper,51627232,0.340435667
2,dbgate,11.948,query,62846,11520988123757,com.apple.SafariPlatformSupport,9650800,0.107393667
2,dbgate,11.948,query,62825,11520963227055,DbGate Helper,8012640,0.068323833
2,dbgate,12.202,query,62824,11520963081090,DbGate Helper (GPU),203916224,0.661554542
2,dbgate,12.202,query,62822,11520953256748,DbGate,118081288,0.978106875
2,dbgate,12.202,query,62831,11520972325193,DbGate Helper (Renderer),106055192,0.982618083
2,dbgate,12.202,query,62835,11520982908591,DbGate Helper,51938528,0.347038958
2,dbgate,12.202,query,62833,11520981025077,DbGate Helper,51709176,0.320111292
2,dbgate,12.202,query,62836,11520982979669,DbGate Helper,51627232,0.340435667
2,dbgate,12.202,query,62846,11520988123757,com.apple.SafariPlatformSupport,9650800,0.107393667
2,dbgate,12.202,query,62825,11520963227055,DbGate Helper,8012640,0.068813875
2,dbgate,12.458,query,62824,11520963081090,DbGate Helper (GPU),203899840,0.667543458
2,dbgate,12.458,query,62822,11520953256748,DbGate,118081288,0.979937958
2,dbgate,12.458,query,62831,11520972325193,DbGate Helper (Renderer),106055192,0.988604208
2,dbgate,12.458,query,62835,11520982908591,DbGate Helper,51938528,0.347038958
2,dbgate,12.458,query,62833,11520981025077,DbGate Helper,51709176,0.320111292
2,dbgate,12.458,query,62836,11520982979669,DbGate Helper,51627232,0.340435667
2,dbgate,12.458,query,62846,11520988123757,com.apple.SafariPlatformSupport,9650800,0.107393667
2,dbgate,12.458,query,62825,11520963227055,DbGate Helper,8012640,0.068813875
2,dbgate,12.712,query,62824,11520963081090,DbGate Helper (GPU),204604352,0.684418375
2,dbgate,12.712,query,62822,11520953256748,DbGate,118097672,0.989078667
2,dbgate,12.712,query,62831,11520972325193,DbGate Helper (Renderer),106153496,1.008336458
2,dbgate,12.712,query,62835,11520982908591,DbGate Helper,51938528,0.347246583
2,dbgate,12.712,query,62833,11520981025077,DbGate Helper,51709176,0.320470917
2,dbgate,12.712,query,62836,11520982979669,DbGate Helper,51627232,0.340755875
2,dbgate,12.712,query,62846,11520988123757,com.apple.SafariPlatformSupport,9650800,0.107393667
2,dbgate,12.712,query,62825,11520963227055,DbGate Helper,8012640,0.068813875
2,dbgate,12.967,query,62824,11520963081090,DbGate Helper (GPU),204096448,0.696576167
2,dbgate,12.967,query,62822,11520953256748,DbGate,118097672,0.989514708
2,dbgate,12.967,query,62831,11520972325193,DbGate Helper (Renderer),106317336,1.022085875
2,dbgate,12.967,query,62835,11520982908591,DbGate Helper,51938528,0.347246583
2,dbgate,12.967,query,62833,11520981025077,DbGate Helper,51709176,0.320470917
2,dbgate,12.967,query,62836,11520982979669,DbGate Helper,51627232,0.340755875
2,dbgate,12.967,query,62846,11520988123757,com.apple.SafariPlatformSupport,9650800,0.107393667
2,dbgate,12.967,query,62825,11520963227055,DbGate Helper,8012640,0.068879042
2,dbgate,13.223,query,62824,11520963081090,DbGate Helper (GPU),215548864,0.732404833
2,dbgate,13.223,query,62822,11520953256748,DbGate,118720264,1.010378458
2,dbgate,13.223,query,62831,11520972325193,DbGate Helper (Renderer),107841048,1.075918958
2,dbgate,13.223,query,62835,11520982908591,DbGate Helper,51938528,0.347246583
2,dbgate,13.223,query,62833,11520981025077,DbGate Helper,51709176,0.320470917
2,dbgate,13.223,query,62836,11520982979669,DbGate Helper,51627232,0.340755875
2,dbgate,13.223,query,62902,11521263988808,DbGate Helper,38503576,0.163410917
2,dbgate,13.223,query,62846,11520988123757,com.apple.SafariPlatformSupport,9650800,0.107393667
2,dbgate,13.223,query,62825,11520963227055,DbGate Helper,8012640,0.068879042
2,dbgate,13.478,query,62824,11520963081090,DbGate Helper (GPU),234243008,0.762793458
2,dbgate,13.478,query,62822,11520953256748,DbGate,119703304,1.035814875
2,dbgate,13.478,query,62831,11520972325193,DbGate Helper (Renderer),119440920,1.157688250
2,dbgate,13.478,query,62902,11521263988808,DbGate Helper,58180856,0.373255417
2,dbgate,13.478,query,62835,11520982908591,DbGate Helper,51938528,0.347246583
2,dbgate,13.478,query,62833,11520981025077,DbGate Helper,51709176,0.320470917
2,dbgate,13.478,query,62836,11520982979669,DbGate Helper,51627232,0.340755875
2,dbgate,13.478,query,62846,11520988123757,com.apple.SafariPlatformSupport,9650800,0.107393667
2,dbgate,13.478,query,62825,11520963227055,DbGate Helper,8012640,0.068879042
2,dbgate,13.733,query,62824,11520963081090,DbGate Helper (GPU),233882560,0.781839375
2,dbgate,13.733,query,62831,11520972325193,DbGate Helper (Renderer),120489496,1.196078667
2,dbgate,13.733,query,62822,11520953256748,DbGate,119768840,1.037379042
2,dbgate,13.733,query,62902,11521263988808,DbGate Helper,58180856,0.373423500
2,dbgate,13.733,query,62835,11520982908591,DbGate Helper,51938528,0.347354750
2,dbgate,13.733,query,62833,11520981025077,DbGate Helper,51709176,0.320563208
2,dbgate,13.733,query,62836,11520982979669,DbGate Helper,51627232,0.340844042
2,dbgate,13.733,query,62846,11520988123757,com.apple.SafariPlatformSupport,9650800,0.107393667
2,dbgate,13.733,query,62825,11520963227055,DbGate Helper,8012640,0.068879042
2,dbgate,13.988,query,62824,11520963081090,DbGate Helper (GPU),233898944,0.790559625
2,dbgate,13.988,query,62831,11520972325193,DbGate Helper (Renderer),120489496,1.206856083
2,dbgate,13.988,query,62822,11520953256748,DbGate,119768840,1.037379042
2,dbgate,13.988,query,62902,11521263988808,DbGate Helper,58180856,0.373423500
2,dbgate,13.988,query,62835,11520982908591,DbGate Helper,51938528,0.347354750
2,dbgate,13.988,query,62833,11520981025077,DbGate Helper,51709176,0.320563208
2,dbgate,13.988,query,62836,11520982979669,DbGate Helper,51627232,0.340844042
2,dbgate,13.988,query,62846,11520988123757,com.apple.SafariPlatformSupport,9650800,0.107393667
2,dbgate,13.988,query,62825,11520963227055,DbGate Helper,8012640,0.068879042
2,dbgate,14.240,query,62824,11520963081090,DbGate Helper (GPU),244728792,0.859640958
2,dbgate,14.240,query,62831,11520972325193,DbGate Helper (Renderer),126453272,1.382416958
2,dbgate,14.240,query,62822,11520953256748,DbGate,119785224,1.056480917
2,dbgate,14.240,query,62902,11521263988808,DbGate Helper,58180856,0.373423500
2,dbgate,14.240,query,62835,11520982908591,DbGate Helper,51938528,0.347354750
2,dbgate,14.240,query,62833,11520981025077,DbGate Helper,51709176,0.320563208
2,dbgate,14.240,query,62836,11520982979669,DbGate Helper,51627232,0.340844042
2,dbgate,14.240,query,62846,11520988123757,com.apple.SafariPlatformSupport,9650800,0.107393667
2,dbgate,14.240,query,62825,11520963227055,DbGate Helper,7734112,0.069062333
2,dbgate,14.492,query,62824,11520963081090,DbGate Helper (GPU),251937800,0.959429000
2,dbgate,14.492,query,62831,11520972325193,DbGate Helper (Renderer),129418800,1.492377042
2,dbgate,14.492,query,62822,11520953256748,DbGate,119785224,1.070737333
2,dbgate,14.492,query,62902,11521263988808,DbGate Helper,58180856,0.373757500
2,dbgate,14.492,query,62835,11520982908591,DbGate Helper,51938528,0.347354750
2,dbgate,14.492,query,62833,11520981025077,DbGate Helper,51709176,0.320563208
2,dbgate,14.492,query,62836,11520982979669,DbGate Helper,51627232,0.340844042
2,dbgate,14.492,query,62846,11520988123757,com.apple.SafariPlatformSupport,9650800,0.107393667
2,dbgate,14.492,query,62825,11520963227055,DbGate Helper,7734112,0.069062333
2,dbgate,14.743,query,62824,11520963081090,DbGate Helper (GPU),255820832,1.067208875
2,dbgate,14.743,query,62831,11520972325193,DbGate Helper (Renderer),135890480,1.614798542
2,dbgate,14.743,query,62822,11520953256748,DbGate,119785224,1.085940250
2,dbgate,14.743,query,62902,11521263988808,DbGate Helper,58180856,0.373757500
2,dbgate,14.743,query,62835,11520982908591,DbGate Helper,51938528,0.347443125
2,dbgate,14.743,query,62833,11520981025077,DbGate Helper,51709176,0.320639208
2,dbgate,14.743,query,62836,11520982979669,DbGate Helper,51627232,0.340928083
2,dbgate,14.743,query,62846,11520988123757,com.apple.SafariPlatformSupport,9650800,0.107393667
2,dbgate,14.743,query,62825,11520963227055,DbGate Helper,7734112,0.069062333
2,dbgate,14.998,query,62824,11520963081090,DbGate Helper (GPU),258343968,1.164984125
2,dbgate,14.998,query,62831,11520972325193,DbGate Helper (Renderer),141592112,1.775872708
2,dbgate,14.998,query,62822,11520953256748,DbGate,119785224,1.100221500
2,dbgate,14.998,query,62902,11521263988808,DbGate Helper,58180856,0.373757500
2,dbgate,14.998,query,62835,11520982908591,DbGate Helper,51938528,0.347443125
2,dbgate,14.998,query,62833,11520981025077,DbGate Helper,51709176,0.320639208
2,dbgate,14.998,query,62836,11520982979669,DbGate Helper,51627232,0.340928083
2,dbgate,14.998,query,62846,11520988123757,com.apple.SafariPlatformSupport,9650800,0.107393667
2,dbgate,14.998,query,62825,11520963227055,DbGate Helper,7734112,0.069062333
2,dbgate,15.252,query,62824,11520963081090,DbGate Helper (GPU),260162592,1.258956042
2,dbgate,15.252,query,62831,11520972325193,DbGate Helper (Renderer),143132208,1.899792208
2,dbgate,15.252,query,62822,11520953256748,DbGate,119785224,1.113322667
2,dbgate,15.252,query,62902,11521263988808,DbGate Helper,58180856,0.373757500
2,dbgate,15.252,query,62835,11520982908591,DbGate Helper,51938528,0.347443125
2,dbgate,15.252,query,62833,11520981025077,DbGate Helper,51709176,0.320639208
2,dbgate,15.252,query,62836,11520982979669,DbGate Helper,51627232,0.340928083
2,dbgate,15.252,query,62846,11520988123757,com.apple.SafariPlatformSupport,9650800,0.107393667
2,dbgate,15.252,query,62825,11520963227055,DbGate Helper,7734112,0.069062333
2,dbgate,15.507,query,62824,11520963081090,DbGate Helper (GPU),263062560,1.354626750
2,dbgate,15.507,query,62831,11520972325193,DbGate Helper (Renderer),143263280,1.997083583
2,dbgate,15.507,query,62822,11520953256748,DbGate,119785224,1.126436083
2,dbgate,15.507,query,62902,11521263988808,DbGate Helper,58180856,0.373873500
2,dbgate,15.507,query,62835,11520982908591,DbGate Helper,51938528,0.347443125
2,dbgate,15.507,query,62833,11520981025077,DbGate Helper,51709176,0.320639208
2,dbgate,15.507,query,62836,11520982979669,DbGate Helper,51627232,0.340928083
2,dbgate,15.507,query,62846,11520988123757,com.apple.SafariPlatformSupport,9650800,0.107393667
2,dbgate,15.507,query,62825,11520963227055,DbGate Helper,7734112,0.069062333
2,dbgate,15.759,query,62824,11520963081090,DbGate Helper (GPU),263078944,1.426974667
2,dbgate,15.759,query,62831,11520972325193,DbGate Helper (Renderer),144344648,2.075952583
2,dbgate,15.759,query,62822,11520953256748,DbGate,119785224,1.140134958
2,dbgate,15.759,query,62902,11521263988808,DbGate Helper,58180856,0.373873500
2,dbgate,15.759,query,62835,11520982908591,DbGate Helper,51938528,0.347497500
2,dbgate,15.759,query,62833,11520981025077,DbGate Helper,51709176,0.320760333
2,dbgate,15.759,query,62836,11520982979669,DbGate Helper,51627232,0.341012833
2,dbgate,15.759,query,62846,11520988123757,com.apple.SafariPlatformSupport,9650800,0.107393667
2,dbgate,15.759,query,62825,11520963227055,DbGate Helper,7734112,0.069062333
2,dbgate,16.014,query,62824,11520963081090,DbGate Helper (GPU),264160288,1.519620750
2,dbgate,16.014,query,62831,11520972325193,DbGate Helper (Renderer),149571144,2.175577750
2,dbgate,16.014,query,62822,11520953256748,DbGate,119785224,1.150514000
2,dbgate,16.014,query,62902,11521263988808,DbGate Helper,58180856,0.373873500
2,dbgate,16.014,query,62835,11520982908591,DbGate Helper,51938528,0.347497500
2,dbgate,16.014,query,62833,11520981025077,DbGate Helper,51709176,0.320760333
2,dbgate,16.014,query,62836,11520982979669,DbGate Helper,51627232,0.341012833
2,dbgate,16.014,query,62846,11520988123757,com.apple.SafariPlatformSupport,9650800,0.107393667
2,dbgate,16.014,query,62825,11520963227055,DbGate Helper,7734112,0.069062333
2,dbgate,16.265,query,62824,11520963081090,DbGate Helper (GPU),264193056,1.600130875
2,dbgate,16.265,query,62831,11520972325193,DbGate Helper (Renderer),154535520,2.250450208
2,dbgate,16.265,query,62822,11520953256748,DbGate,119785224,1.163199792
2,dbgate,16.265,query,62902,11521263988808,DbGate Helper,58180856,0.373873500
2,dbgate,16.265,query,62835,11520982908591,DbGate Helper,51938528,0.347497500
2,dbgate,16.265,query,62833,11520981025077,DbGate Helper,51709176,0.320760333
2,dbgate,16.265,query,62836,11520982979669,DbGate Helper,51627232,0.341012833
2,dbgate,16.265,query,62846,11520988123757,com.apple.SafariPlatformSupport,9650800,0.107393667
2,dbgate,16.265,query,62825,11520963227055,DbGate Helper,7734112,0.069062333
2,dbgate,16.517,query,62824,11520963081090,DbGate Helper (GPU),264193056,1.640350708
2,dbgate,16.517,query,62831,11520972325193,DbGate Helper (Renderer),160908896,2.335675208
2,dbgate,16.517,query,62822,11520953256748,DbGate,119817992,1.180402875
2,dbgate,16.517,query,62902,11521263988808,DbGate Helper,58180856,0.374273417
2,dbgate,16.517,query,62835,11520982908591,DbGate Helper,51938528,0.347497500
2,dbgate,16.517,query,62833,11520981025077,DbGate Helper,51709176,0.320760333
2,dbgate,16.517,query,62836,11520982979669,DbGate Helper,51627232,0.341012833
2,dbgate,16.517,query,62846,11520988123757,com.apple.SafariPlatformSupport,9650800,0.107393667
2,dbgate,16.517,query,62825,11520963227055,DbGate Helper,7734112,0.069062333
2,dbgate,16.773,query,62824,11520963081090,DbGate Helper (GPU),264209440,1.683870875
2,dbgate,16.773,query,62831,11520972325193,DbGate Helper (Renderer),166692448,2.421692750
2,dbgate,16.773,query,62822,11520953256748,DbGate,119817992,1.194608292
2,dbgate,16.773,query,62902,11521263988808,DbGate Helper,58180856,0.374273417
2,dbgate,16.773,query,62835,11520982908591,DbGate Helper,51938528,0.347577417
2,dbgate,16.773,query,62833,11520981025077,DbGate Helper,51709176,0.320870708
2,dbgate,16.773,query,62836,11520982979669,DbGate Helper,51627232,0.341107042
2,dbgate,16.773,query,62846,11520988123757,com.apple.SafariPlatformSupport,9618032,0.107458708
2,dbgate,16.773,query,62825,11520963227055,DbGate Helper,7734112,0.069062333
2,dbgate,17.028,query,62824,11520963081090,DbGate Helper (GPU),264045600,1.719043542
2,dbgate,17.028,query,62831,11520972325193,DbGate Helper (Renderer),169346656,2.488736208
2,dbgate,17.028,query,62822,11520953256748,DbGate,119834376,1.206618625
2,dbgate,17.028,query,62902,11521263988808,DbGate Helper,58180856,0.374273417
2,dbgate,17.028,query,62835,11520982908591,DbGate Helper,51938528,0.347577417
2,dbgate,17.028,query,62833,11520981025077,DbGate Helper,51709176,0.320870708
2,dbgate,17.028,query,62836,11520982979669,DbGate Helper,51627232,0.341107042
2,dbgate,17.028,query,62846,11520988123757,com.apple.SafariPlatformSupport,9618032,0.107458708
2,dbgate,17.028,query,62825,11520963227055,DbGate Helper,7734112,0.069062333
2,dbgate,17.282,query,62824,11520963081090,DbGate Helper (GPU),264012832,1.765806083
2,dbgate,17.282,query,62831,11520972325193,DbGate Helper (Renderer),173311584,2.573206042
2,dbgate,17.282,query,62822,11520953256748,DbGate,119834376,1.223128083
2,dbgate,17.282,query,62902,11521263988808,DbGate Helper,58180856,0.374273417
2,dbgate,17.282,query,62835,11520982908591,DbGate Helper,51938528,0.347577417
2,dbgate,17.282,query,62833,11520981025077,DbGate Helper,51709176,0.320870708
2,dbgate,17.282,query,62836,11520982979669,DbGate Helper,51627232,0.341107042
2,dbgate,17.282,query,62846,11520988123757,com.apple.SafariPlatformSupport,10257008,0.107458708
2,dbgate,17.282,query,62825,11520963227055,DbGate Helper,7734112,0.069062333
2,dbgate,17.536,query,62824,11520963081090,DbGate Helper (GPU),264012832,1.812610875
2,dbgate,17.536,query,62831,11520972325193,DbGate Helper (Renderer),177096288,2.657841792
2,dbgate,17.536,query,62822,11520953256748,DbGate,119834376,1.238828000
2,dbgate,17.536,query,62902,11521263988808,DbGate Helper,58180856,0.374446458
2,dbgate,17.536,query,62835,11520982908591,DbGate Helper,51938528,0.347577417
2,dbgate,17.536,query,62833,11520981025077,DbGate Helper,51709176,0.321002708
2,dbgate,17.536,query,62836,11520982979669,DbGate Helper,51627232,0.341107042
2,dbgate,17.536,query,62846,11520988123757,com.apple.SafariPlatformSupport,10257008,0.107458708
2,dbgate,17.536,query,62825,11520963227055,DbGate Helper,7734112,0.069062333
2,dbgate,17.788,query,62824,11520963081090,DbGate Helper (GPU),264012832,1.842043208
2,dbgate,17.788,query,62831,11520972325193,DbGate Helper (Renderer),178882144,2.706270292
2,dbgate,17.788,query,62822,11520953256748,DbGate,119834376,1.249060417
2,dbgate,17.788,query,62902,11521263988808,DbGate Helper,58180856,0.374446458
2,dbgate,17.788,query,62835,11520982908591,DbGate Helper,51938528,0.347684708
2,dbgate,17.788,query,62833,11520981025077,DbGate Helper,51709176,0.321002708
2,dbgate,17.788,query,62836,11520982979669,DbGate Helper,51627232,0.341270500
2,dbgate,17.788,query,62846,11520988123757,com.apple.SafariPlatformSupport,10257008,0.107458708
2,dbgate,17.788,query,62825,11520963227055,DbGate Helper,7734112,0.069062333
2,dbgate,18.043,query,62824,11520963081090,DbGate Helper (GPU),234439712,1.890518000
2,dbgate,18.043,query,62831,11520972325193,DbGate Helper (Renderer),183043680,2.796543375
2,dbgate,18.043,query,62822,11520953256748,DbGate,119834376,1.266262833
2,dbgate,18.043,query,62902,11521263988808,DbGate Helper,58180856,0.374446458
2,dbgate,18.043,query,62835,11520982908591,DbGate Helper,51938528,0.347684708
2,dbgate,18.043,query,62833,11520981025077,DbGate Helper,51709176,0.321002708
2,dbgate,18.043,query,62836,11520982979669,DbGate Helper,51627232,0.341270500
2,dbgate,18.043,query,62846,11520988123757,com.apple.SafariPlatformSupport,10830448,0.107458708
2,dbgate,18.043,query,62825,11520963227055,DbGate Helper,7734112,0.069062333
2,dbgate,18.298,query,62824,11520963081090,DbGate Helper (GPU),234325024,1.938144458
2,dbgate,18.298,query,62831,11520972325193,DbGate Helper (Renderer),186697312,2.879244208
2,dbgate,18.298,query,62822,11520953256748,DbGate,119834376,1.283768625
2,dbgate,18.298,query,62902,11521263988808,DbGate Helper,58098936,0.374571833
2,dbgate,18.298,query,62835,11520982908591,DbGate Helper,51938528,0.347684708
2,dbgate,18.298,query,62833,11520981025077,DbGate Helper,51709176,0.321002708
2,dbgate,18.298,query,62836,11520982979669,DbGate Helper,51627232,0.341270500
2,dbgate,18.298,query,62846,11520988123757,com.apple.SafariPlatformSupport,11272816,0.107458708
2,dbgate,18.298,query,62825,11520963227055,DbGate Helper,7734112,0.069062333
2,dbgate,18.553,query,62824,11520963081090,DbGate Helper (GPU),190956576,1.975419750
2,dbgate,18.553,query,62831,11520972325193,DbGate Helper (Renderer),189417080,2.942480083
2,dbgate,18.553,query,62822,11520953256748,DbGate,119834376,1.297035917
2,dbgate,18.553,query,62902,11521263988808,DbGate Helper,58098936,0.374900958
2,dbgate,18.553,query,62835,11520982908591,DbGate Helper,51938528,0.347684708
2,dbgate,18.553,query,62833,11520981025077,DbGate Helper,51709176,0.321157500
2,dbgate,18.553,query,62836,11520982979669,DbGate Helper,51627232,0.341270500
2,dbgate,18.553,query,62846,11520988123757,com.apple.SafariPlatformSupport,11272816,0.107458708
2,dbgate,18.553,query,62825,11520963227055,DbGate Helper,7734112,0.069062333
2,dbgate,18.806,query,62831,11520972325193,DbGate Helper (Renderer),195249784,3.028319083
2,dbgate,18.806,query,62824,11520963081090,DbGate Helper (GPU),172557344,2.022261542
2,dbgate,18.806,query,62822,11520953256748,DbGate,119834376,1.314573500
2,dbgate,18.806,query,62902,11521263988808,DbGate Helper,58098936,0.374900958
2,dbgate,18.806,query,62835,11520982908591,DbGate Helper,51938528,0.347779000
2,dbgate,18.806,query,62833,11520981025077,DbGate Helper,51709176,0.321157500
2,dbgate,18.806,query,62836,11520982979669,DbGate Helper,51627232,0.341431208
2,dbgate,18.806,query,62846,11520988123757,com.apple.SafariPlatformSupport,11272816,0.107458708
2,dbgate,18.806,query,62825,11520963227055,DbGate Helper,7734112,0.069062333
2,dbgate,19.059,query,62831,11520972325193,DbGate Helper (Renderer),197920376,3.103665583
2,dbgate,19.059,query,62824,11520963081090,DbGate Helper (GPU),172557344,2.064116375
2,dbgate,19.059,query,62822,11520953256748,DbGate,119834376,1.330576500
2,dbgate,19.059,query,62902,11521263988808,DbGate Helper,58098936,0.374900958
2,dbgate,19.059,query,62835,11520982908591,DbGate Helper,51938528,0.347779000
2,dbgate,19.059,query,62833,11520981025077,DbGate Helper,51709176,0.321157500
2,dbgate,19.059,query,62836,11520982979669,DbGate Helper,51627232,0.341431208
2,dbgate,19.059,query,62846,11520988123757,com.apple.SafariPlatformSupport,11272816,0.107458708
2,dbgate,19.059,query,62825,11520963227055,DbGate Helper,7734112,0.069062333
2,dbgate,19.312,query,62831,11520972325193,DbGate Helper (Renderer),199198328,3.134788792
2,dbgate,19.312,query,62824,11520963081090,DbGate Helper (GPU),172491808,2.085163208
2,dbgate,19.312,query,62822,11520953256748,DbGate,119834376,1.336437875
2,dbgate,19.312,query,62902,11521263988808,DbGate Helper,58098936,0.374900958
2,dbgate,19.312,query,62835,11520982908591,DbGate Helper,51938528,0.347779000
2,dbgate,19.312,query,62833,11520981025077,DbGate Helper,51709176,0.321157500
2,dbgate,19.312,query,62836,11520982979669,DbGate Helper,51627232,0.341431208
2,dbgate,19.312,query,62846,11520988123757,com.apple.SafariPlatformSupport,11272816,0.107458708
2,dbgate,19.312,query,62825,11520963227055,DbGate Helper,7734112,0.069062333
2,dbgate,19.568,after-query,62831,11520972325193,DbGate Helper (Renderer),199198328,3.146865375
2,dbgate,19.568,after-query,62824,11520963081090,DbGate Helper (GPU),159024160,2.094504875
2,dbgate,19.568,after-query,62822,11520953256748,DbGate,119834376,1.337953750
2,dbgate,19.568,after-query,62902,11521263988808,DbGate Helper,58098936,0.375324208
2,dbgate,19.568,after-query,62835,11520982908591,DbGate Helper,51938528,0.347779000
2,dbgate,19.568,after-query,62833,11520981025077,DbGate Helper,51709176,0.321458458
2,dbgate,19.568,after-query,62836,11520982979669,DbGate Helper,51627232,0.341431208
2,dbgate,19.568,after-query,62846,11520988123757,com.apple.SafariPlatformSupport,11272816,0.107458708
2,dbgate,19.568,after-query,62825,11520963227055,DbGate Helper,7734112,0.069062333
2,dbgate,19.822,after-query,62831,11520972325193,DbGate Helper (Renderer),199198328,3.154707167
2,dbgate,19.822,after-query,62824,11520963081090,DbGate Helper (GPU),158467104,2.103062875
2,dbgate,19.822,after-query,62822,11520953256748,DbGate,119834376,1.338544792
2,dbgate,19.822,after-query,62902,11521263988808,DbGate Helper,58098936,0.375324208
2,dbgate,19.822,after-query,62835,11520982908591,DbGate Helper,51938528,0.348025458
2,dbgate,19.822,after-query,62833,11520981025077,DbGate Helper,51709176,0.321458458
2,dbgate,19.822,after-query,62836,11520982979669,DbGate Helper,51627232,0.341687917
2,dbgate,19.822,after-query,62846,11520988123757,com.apple.SafariPlatformSupport,11272816,0.107458708
2,dbgate,19.822,after-query,62825,11520963227055,DbGate Helper,7734112,0.069062333
2,dbgate,20.077,after-query,62831,11520972325193,DbGate Helper (Renderer),199198328,3.163440625
2,dbgate,20.077,after-query,62824,11520963081090,DbGate Helper (GPU),158483488,2.112121000
2,dbgate,20.077,after-query,62822,11520953256748,DbGate,119834376,1.338544792
2,dbgate,20.077,after-query,62902,11521263988808,DbGate Helper,58098936,0.375324208
2,dbgate,20.077,after-query,62835,11520982908591,DbGate Helper,51938528,0.348025458
2,dbgate,20.077,after-query,62833,11520981025077,DbGate Helper,51709176,0.321458458
2,dbgate,20.077,after-query,62836,11520982979669,DbGate Helper,51627232,0.341687917
2,dbgate,20.077,after-query,62846,11520988123757,com.apple.SafariPlatformSupport,11272816,0.107458708
2,dbgate,20.077,after-query,62825,11520963227055,DbGate Helper,7734112,0.069062333
2,dbgate,20.333,after-query,62831,11520972325193,DbGate Helper (Renderer),199198328,3.171077167
2,dbgate,20.333,after-query,62824,11520963081090,DbGate Helper (GPU),158467104,2.119618875
2,dbgate,20.333,after-query,62822,11520953256748,DbGate,119834376,1.338959458
2,dbgate,20.333,after-query,62902,11521263988808,DbGate Helper,58098936,0.375614625
2,dbgate,20.333,after-query,62835,11520982908591,DbGate Helper,51938528,0.348025458
2,dbgate,20.333,after-query,62833,11520981025077,DbGate Helper,51709176,0.321458458
2,dbgate,20.333,after-query,62836,11520982979669,DbGate Helper,51627232,0.341687917
2,dbgate,20.333,after-query,62846,11520988123757,com.apple.SafariPlatformSupport,11272816,0.107458708
2,dbgate,20.333,after-query,62825,11520963227055,DbGate Helper,7734112,0.069062333
2,dbgate,20.588,after-query,62831,11520972325193,DbGate Helper (Renderer),199198328,3.178105417
2,dbgate,20.588,after-query,62824,11520963081090,DbGate Helper (GPU),153224224,2.126115333
2,dbgate,20.588,after-query,62822,11520953256748,DbGate,119834376,1.339635000
2,dbgate,20.588,after-query,62902,11521263988808,DbGate Helper,58098936,0.375614625
2,dbgate,20.588,after-query,62835,11520982908591,DbGate Helper,51938528,0.348025458
2,dbgate,20.588,after-query,62833,11520981025077,DbGate Helper,51709176,0.321791792
2,dbgate,20.588,after-query,62836,11520982979669,DbGate Helper,51627232,0.341687917
2,dbgate,20.588,after-query,62846,11520988123757,com.apple.SafariPlatformSupport,11272816,0.107458708
2,dbgate,20.588,after-query,62825,11520963227055,DbGate Helper,7734112,0.069062333
2,dbgate,20.843,after-query,62831,11520972325193,DbGate Helper (Renderer),199214712,3.186704083
2,dbgate,20.843,after-query,62824,11520963081090,DbGate Helper (GPU),153191456,2.136230583
2,dbgate,20.843,after-query,62822,11520953256748,DbGate,119834376,1.340181208
2,dbgate,20.843,after-query,62902,11521263988808,DbGate Helper,58098936,0.375614625
2,dbgate,20.843,after-query,62835,11520982908591,DbGate Helper,51938528,0.348289250
2,dbgate,20.843,after-query,62833,11520981025077,DbGate Helper,51709176,0.321791792
2,dbgate,20.843,after-query,62836,11520982979669,DbGate Helper,51627232,0.341940750
2,dbgate,20.843,after-query,62846,11520988123757,com.apple.SafariPlatformSupport,11272816,0.107458708
2,dbgate,20.843,after-query,62825,11520963227055,DbGate Helper,7734112,0.069062333
2,dbgate,21.099,after-query,62831,11520972325193,DbGate Helper (Renderer),198755936,3.195278500
2,dbgate,21.099,after-query,62824,11520963081090,DbGate Helper (GPU),133628936,2.150038750
2,dbgate,21.099,after-query,62822,11520953256748,DbGate,119834376,1.340373750
2,dbgate,21.099,after-query,62902,11521263988808,DbGate Helper,58098936,0.375614625
2,dbgate,21.099,after-query,62835,11520982908591,DbGate Helper,51938528,0.348289250
2,dbgate,21.099,after-query,62833,11520981025077,DbGate Helper,51709176,0.321791792
2,dbgate,21.099,after-query,62836,11520982979669,DbGate Helper,51627232,0.341940750
2,dbgate,21.099,after-query,62846,11520988123757,com.apple.SafariPlatformSupport,11272816,0.107458708
2,dbgate,21.099,after-query,62825,11520963227055,DbGate Helper,7734112,0.069062333
2,dbgate,21.354,after-query,62831,11520972325193,DbGate Helper (Renderer),198755936,3.205796083
2,dbgate,21.354,after-query,62824,11520963081090,DbGate Helper (GPU),133612552,2.157116167
2,dbgate,21.354,after-query,62822,11520953256748,DbGate,119834376,1.342169000
2,dbgate,21.354,after-query,62902,11521263988808,DbGate Helper,58115320,0.376409333
2,dbgate,21.354,after-query,62835,11520982908591,DbGate Helper,51938528,0.348289250
2,dbgate,21.354,after-query,62833,11520981025077,DbGate Helper,51709176,0.321791792
2,dbgate,21.354,after-query,62836,11520982979669,DbGate Helper,51692768,0.342562417
2,dbgate,21.354,after-query,62846,11520988123757,com.apple.SafariPlatformSupport,11272816,0.107458708
2,dbgate,21.354,after-query,62825,11520963227055,DbGate Helper,7734112,0.069062333
2,dbgate,21.609,after-query,62831,11520972325193,DbGate Helper (Renderer),198772320,3.213369083
2,dbgate,21.609,after-query,62824,11520963081090,DbGate Helper (GPU),131744776,2.165575000
2,dbgate,21.609,after-query,62822,11520953256748,DbGate,119834376,1.343374917
2,dbgate,21.609,after-query,62902,11521263988808,DbGate Helper,58115320,0.376409333
2,dbgate,21.609,after-query,62835,11520982908591,DbGate Helper,51938528,0.348634625
2,dbgate,21.609,after-query,62833,11520981025077,DbGate Helper,51709176,0.322209250
2,dbgate,21.609,after-query,62836,11520982979669,DbGate Helper,51692768,0.342781792
2,dbgate,21.609,after-query,62846,11520988123757,com.apple.SafariPlatformSupport,11272816,0.107458708
2,dbgate,21.609,after-query,62825,11520963227055,DbGate Helper,7734112,0.069062333
2,dbgate,21.864,after-query,62831,11520972325193,DbGate Helper (Renderer),198772320,3.222116667
2,dbgate,21.864,after-query,62824,11520963081090,DbGate Helper (GPU),131744776,2.174881875
2,dbgate,21.864,after-query,62822,11520953256748,DbGate,119736072,1.344089292
2,dbgate,21.864,after-query,62902,11521263988808,DbGate Helper,58115320,0.376409333
2,dbgate,21.864,after-query,62835,11520982908591,DbGate Helper,51938528,0.348634625
2,dbgate,21.864,after-query,62833,11520981025077,DbGate Helper,51709176,0.322209250
2,dbgate,21.864,after-query,62836,11520982979669,DbGate Helper,51692768,0.342781792
2,dbgate,21.864,after-query,62846,11520988123757,com.apple.SafariPlatformSupport,11272816,0.107458708
2,dbgate,21.864,after-query,62825,11520963227055,DbGate Helper,7734112,0.069062333
2,dbgate,22.120,after-query,62831,11520972325193,DbGate Helper (Renderer),198772320,3.229728125
2,dbgate,22.120,after-query,62824,11520963081090,DbGate Helper (GPU),131728392,2.183328208
2,dbgate,22.120,after-query,62822,11520953256748,DbGate,119736072,1.344089292
2,dbgate,22.120,after-query,62902,11521263988808,DbGate Helper,58115320,0.376409333
2,dbgate,22.120,after-query,62835,11520982908591,DbGate Helper,51938528,0.348634625
2,dbgate,22.120,after-query,62833,11520981025077,DbGate Helper,51709176,0.322209250
2,dbgate,22.120,after-query,62836,11520982979669,DbGate Helper,51692768,0.342781792
2,dbgate,22.120,after-query,62846,11520988123757,com.apple.SafariPlatformSupport,11272816,0.107458708
2,dbgate,22.120,after-query,62825,11520963227055,DbGate Helper,7734112,0.069062333
2,dbgate,22.375,after-query,62831,11520972325193,DbGate Helper (Renderer),198772320,3.239163167
2,dbgate,22.375,after-query,62824,11520963081090,DbGate Helper (GPU),131712008,2.191875208
2,dbgate,22.375,after-query,62822,11520953256748,DbGate,119736072,1.344694625
2,dbgate,22.375,after-query,62902,11521263988808,DbGate Helper,58115320,0.376962208
2,dbgate,22.375,after-query,62835,11520982908591,DbGate Helper,51938528,0.348634625
2,dbgate,22.375,after-query,62833,11520981025077,DbGate Helper,51709176,0.322209250
2,dbgate,22.375,after-query,62836,11520982979669,DbGate Helper,51692768,0.342781792
2,dbgate,22.375,after-query,62846,11520988123757,com.apple.SafariPlatformSupport,11272816,0.107458708
2,dbgate,22.375,after-query,62825,11520963227055,DbGate Helper,7734112,0.069062333
2,dbgate,22.630,after-query,62831,11520972325193,DbGate Helper (Renderer),198772320,3.248478208
2,dbgate,22.630,after-query,62824,11520963081090,DbGate Helper (GPU),131728392,2.200258250
2,dbgate,22.630,after-query,62822,11520953256748,DbGate,119736072,1.345965167
2,dbgate,22.630,after-query,62902,11521263988808,DbGate Helper,58115320,0.376962208
2,dbgate,22.630,after-query,62835,11520982908591,DbGate Helper,51938528,0.348928375
2,dbgate,22.630,after-query,62833,11520981025077,DbGate Helper,51709176,0.322498208
2,dbgate,22.630,after-query,62836,11520982979669,DbGate Helper,51692768,0.342966792
2,dbgate,22.630,after-query,62846,11520988123757,com.apple.SafariPlatformSupport,11272816,0.107458708
2,dbgate,22.630,after-query,62825,11520963227055,DbGate Helper,7734112,0.069062333
2,dbgate,22.884,after-query,62831,11520972325193,DbGate Helper (Renderer),198772320,3.257363833
2,dbgate,22.884,after-query,62824,11520963081090,DbGate Helper (GPU),131712008,2.208908875
2,dbgate,22.884,after-query,62822,11520953256748,DbGate,119736072,1.345965167
2,dbgate,22.884,after-query,62902,11521263988808,DbGate Helper,58115320,0.376962208
2,dbgate,22.884,after-query,62835,11520982908591,DbGate Helper,51938528,0.348928375
2,dbgate,22.884,after-query,62833,11520981025077,DbGate Helper,51709176,0.322498208
2,dbgate,22.884,after-query,62836,11520982979669,DbGate Helper,51692768,0.342966792
2,dbgate,22.884,after-query,62846,11520988123757,com.apple.SafariPlatformSupport,11272816,0.107458708
2,dbgate,22.884,after-query,62825,11520963227055,DbGate Helper,7734112,0.069062333
2,dbgate,23.135,after-query,62831,11520972325193,DbGate Helper (Renderer),198772320,3.264418750
2,dbgate,23.135,after-query,62824,11520963081090,DbGate Helper (GPU),131695624,2.217027208
2,dbgate,23.135,after-query,62822,11520953256748,DbGate,119736072,1.345965167
2,dbgate,23.135,after-query,62902,11521263988808,DbGate Helper,58115320,0.376962208
2,dbgate,23.135,after-query,62835,11520982908591,DbGate Helper,51938528,0.348928375
2,dbgate,23.135,after-query,62833,11520981025077,DbGate Helper,51709176,0.322498208
2,dbgate,23.135,after-query,62836,11520982979669,DbGate Helper,51692768,0.342966792
2,dbgate,23.135,after-query,62846,11520988123757,com.apple.SafariPlatformSupport,11272816,0.107458708
2,dbgate,23.135,after-query,62825,11520963227055,DbGate Helper,7734112,0.069062333
2,dbgate,23.391,after-query,62831,11520972325193,DbGate Helper (Renderer),198788704,3.272124708
2,dbgate,23.391,after-query,62824,11520963081090,DbGate Helper (GPU),131679240,2.224104000
2,dbgate,23.391,after-query,62822,11520953256748,DbGate,119736072,1.346668875
2,dbgate,23.391,after-query,62902,11521263988808,DbGate Helper,58115320,0.377938375
2,dbgate,23.391,after-query,62835,11520982908591,DbGate Helper,51938528,0.348928375
2,dbgate,23.391,after-query,62833,11520981025077,DbGate Helper,51709176,0.322498208
2,dbgate,23.391,after-query,62836,11520982979669,DbGate Helper,51692768,0.342966792
2,dbgate,23.391,after-query,62846,11520988123757,com.apple.SafariPlatformSupport,11272816,0.107458708
2,dbgate,23.391,after-query,62825,11520963227055,DbGate Helper,7734112,0.069062333
2,dbgate,23.642,after-query,62831,11520972325193,DbGate Helper (Renderer),198805088,3.280850417
2,dbgate,23.642,after-query,62824,11520963081090,DbGate Helper (GPU),131695624,2.232731250
2,dbgate,23.642,after-query,62822,11520953256748,DbGate,119736072,1.348300083
2,dbgate,23.642,after-query,62902,11521263988808,DbGate Helper,58115320,0.377938375
2,dbgate,23.642,after-query,62835,11520982908591,DbGate Helper,51938528,0.349250792
2,dbgate,23.642,after-query,62833,11520981025077,DbGate Helper,51709176,0.322783583
2,dbgate,23.642,after-query,62836,11520982979669,DbGate Helper,51692768,0.343203458
2,dbgate,23.642,after-query,62846,11520988123757,com.apple.SafariPlatformSupport,11272816,0.107458708
2,dbgate,23.642,after-query,62825,11520963227055,DbGate Helper,7734112,0.069062333
2,dbgate,23.898,after-query,62831,11520972325193,DbGate Helper (Renderer),198805088,3.288480583
2,dbgate,23.898,after-query,62824,11520963081090,DbGate Helper (GPU),131679240,2.240502250
2,dbgate,23.898,after-query,62822,11520953256748,DbGate,119736072,1.348300083
2,dbgate,23.898,after-query,62902,11521263988808,DbGate Helper,58115320,0.377938375
2,dbgate,23.898,after-query,62835,11520982908591,DbGate Helper,51938528,0.349250792
2,dbgate,23.898,after-query,62833,11520981025077,DbGate Helper,51709176,0.322783583
2,dbgate,23.898,after-query,62836,11520982979669,DbGate Helper,51692768,0.343203458
2,dbgate,23.898,after-query,62846,11520988123757,com.apple.SafariPlatformSupport,11272816,0.107458708
2,dbgate,23.898,after-query,62825,11520963227055,DbGate Helper,7734112,0.069062333
2,dbgate,24.152,after-query,62831,11520972325193,DbGate Helper (Renderer),198805088,3.295850500
2,dbgate,24.152,after-query,62824,11520963081090,DbGate Helper (GPU),131695624,2.248423792
2,dbgate,24.152,after-query,62822,11520953256748,DbGate,119736072,1.348300083
2,dbgate,24.152,after-query,62902,11521263988808,DbGate Helper,58115320,0.377938375
2,dbgate,24.152,after-query,62835,11520982908591,DbGate Helper,51938528,0.349250792
2,dbgate,24.152,after-query,62833,11520981025077,DbGate Helper,51709176,0.322783583
2,dbgate,24.152,after-query,62836,11520982979669,DbGate Helper,51692768,0.343203458
2,dbgate,24.152,after-query,62846,11520988123757,com.apple.SafariPlatformSupport,11534960,0.107458708
2,dbgate,24.152,after-query,62825,11520963227055,DbGate Helper,7734112,0.069062333
2,pgpad,0.254,launch,62994,11521807344123,pgpad-tauri,18269144,0.136901875
2,pgpad,0.254,launch,62995,11521812210105,com.apple.WebKit.GPU,1638712,0.007404292
2,pgpad,0.509,settle,62994,11521807344123,pgpad-tauri,29901856,0.319131750
2,pgpad,0.509,settle,62997,11521812518450,com.apple.WebKit.Networking,6570488,0.022420042
2,pgpad,0.509,settle,62995,11521812210105,com.apple.WebKit.GPU,5620240,0.031991333
2,pgpad,0.509,settle,62998,11521812581297,com.apple.WebKit.WebContent,5210592,0.031521458
2,pgpad,0.763,settle,62994,11521807344123,pgpad-tauri,30229536,0.366630000
2,pgpad,0.763,settle,62997,11521812518450,com.apple.WebKit.Networking,7045648,0.028685875
2,pgpad,0.763,settle,62998,11521812581297,com.apple.WebKit.WebContent,6341184,0.065373000
2,pgpad,0.763,settle,62995,11521812210105,com.apple.WebKit.GPU,5587472,0.032070583
2,pgpad,1.014,settle,62998,11521812581297,com.apple.WebKit.WebContent,145851088,0.259034167
2,pgpad,1.014,settle,62995,11521812210105,com.apple.WebKit.GPU,45138736,0.099524375
2,pgpad,1.014,settle,62994,11521807344123,pgpad-tauri,33293368,0.389654083
2,pgpad,1.014,settle,62997,11521812518450,com.apple.WebKit.Networking,7062032,0.030266167
2,pgpad,1.014,settle,63001,11521828209751,com.apple.audio.SandboxHelper,5472760,0.022148875
2,pgpad,1.269,settle,62998,11521812581297,com.apple.WebKit.WebContent,145818320,0.259690042
2,pgpad,1.269,settle,62995,11521812210105,com.apple.WebKit.GPU,44925744,0.099599833
2,pgpad,1.269,settle,62994,11521807344123,pgpad-tauri,33096760,0.391477958
2,pgpad,1.269,settle,62997,11521812518450,com.apple.WebKit.Networking,7062032,0.030316250
2,pgpad,1.269,settle,63001,11521828209751,com.apple.audio.SandboxHelper,5472760,0.022148875
2,pgpad,1.524,settle,62998,11521812581297,com.apple.WebKit.WebContent,142312144,0.264187500
2,pgpad,1.524,settle,62995,11521812210105,com.apple.WebKit.GPU,44876592,0.100124375
2,pgpad,1.524,settle,62994,11521807344123,pgpad-tauri,32867384,0.393483292
2,pgpad,1.524,settle,62997,11521812518450,com.apple.WebKit.Networking,6734352,0.031195208
2,pgpad,1.524,settle,63001,11521828209751,com.apple.audio.SandboxHelper,5472760,0.022148875
2,pgpad,1.779,settle,62998,11521812581297,com.apple.WebKit.WebContent,139821776,0.266185083
2,pgpad,1.779,settle,62995,11521812210105,com.apple.WebKit.GPU,44679984,0.100830292
2,pgpad,1.779,settle,62994,11521807344123,pgpad-tauri,32441400,0.394333667
2,pgpad,1.779,settle,62997,11521812518450,com.apple.WebKit.Networking,6504976,0.031403792
2,pgpad,1.779,settle,63001,11521828209751,com.apple.audio.SandboxHelper,5472760,0.022148875
2,pgpad,2.035,settle,62998,11521812581297,com.apple.WebKit.WebContent,139543248,0.284450458
2,pgpad,2.035,settle,62995,11521812210105,com.apple.WebKit.GPU,44614448,0.101209333
2,pgpad,2.035,settle,62994,11521807344123,pgpad-tauri,32408632,0.395922917
2,pgpad,2.035,settle,62997,11521812518450,com.apple.WebKit.Networking,6160912,0.031870417
2,pgpad,2.035,settle,63001,11521828209751,com.apple.audio.SandboxHelper,5456376,0.022468458
2,pgpad,2.290,settle,62998,11521812581297,com.apple.WebKit.WebContent,97174224,0.286485000
2,pgpad,2.290,settle,62994,11521807344123,pgpad-tauri,31704120,0.396374292
2,pgpad,2.290,settle,62995,11521812210105,com.apple.WebKit.GPU,17269552,0.104743875
2,pgpad,2.290,settle,62997,11521812518450,com.apple.WebKit.Networking,6078992,0.032148792
2,pgpad,2.290,settle,63001,11521828209751,com.apple.audio.SandboxHelper,5456376,0.022468458
2,pgpad,2.545,settle,62998,11521812581297,com.apple.WebKit.WebContent,96928464,0.286963542
2,pgpad,2.545,settle,62994,11521807344123,pgpad-tauri,31360056,0.396849375
2,pgpad,2.545,settle,62995,11521812210105,com.apple.WebKit.GPU,16728880,0.105179083
2,pgpad,2.545,settle,62997,11521812518450,com.apple.WebKit.Networking,6078992,0.032297917
2,pgpad,2.545,settle,63001,11521828209751,com.apple.audio.SandboxHelper,5456376,0.022468458
2,pgpad,2.800,settle,62998,11521812581297,com.apple.WebKit.WebContent,96781008,0.287586292
2,pgpad,2.800,settle,62994,11521807344123,pgpad-tauri,31360056,0.396849375
2,pgpad,2.800,settle,62995,11521812210105,com.apple.WebKit.GPU,16728880,0.105263458
2,pgpad,2.800,settle,62997,11521812518450,com.apple.WebKit.Networking,6078992,0.032336667
2,pgpad,2.800,settle,63001,11521828209751,com.apple.audio.SandboxHelper,5456376,0.022468458
2,pgpad,3.056,settle,62998,11521812581297,com.apple.WebKit.WebContent,96781008,0.287796917
2,pgpad,3.056,settle,62994,11521807344123,pgpad-tauri,31360056,0.396849375
2,pgpad,3.056,settle,62995,11521812210105,com.apple.WebKit.GPU,16712496,0.105475000
2,pgpad,3.056,settle,62997,11521812518450,com.apple.WebKit.Networking,6078992,0.032336667
2,pgpad,3.056,settle,63001,11521828209751,com.apple.audio.SandboxHelper,5456376,0.022468458
2,pgpad,3.311,settle,62998,11521812581297,com.apple.WebKit.WebContent,96600784,0.288250458
2,pgpad,3.311,settle,62994,11521807344123,pgpad-tauri,31360056,0.396903750
2,pgpad,3.311,settle,62995,11521812210105,com.apple.WebKit.GPU,16712496,0.105601167
2,pgpad,3.311,settle,62997,11521812518450,com.apple.WebKit.Networking,6078992,0.032336667
2,pgpad,3.311,settle,63001,11521828209751,com.apple.audio.SandboxHelper,5456376,0.022468458
2,pgpad,3.566,settle,62998,11521812581297,com.apple.WebKit.WebContent,96551632,0.288535625
2,pgpad,3.566,settle,62994,11521807344123,pgpad-tauri,31360056,0.396903750
2,pgpad,3.566,settle,62995,11521812210105,com.apple.WebKit.GPU,16696112,0.105713458
2,pgpad,3.566,settle,62997,11521812518450,com.apple.WebKit.Networking,6078992,0.032336667
2,pgpad,3.566,settle,63001,11521828209751,com.apple.audio.SandboxHelper,5456376,0.022468458
2,pgpad,3.819,settle,62998,11521812581297,com.apple.WebKit.WebContent,96551632,0.288535625
2,pgpad,3.819,settle,62994,11521807344123,pgpad-tauri,31360056,0.397090708
2,pgpad,3.819,settle,62995,11521812210105,com.apple.WebKit.GPU,16696112,0.105889125
2,pgpad,3.819,settle,62997,11521812518450,com.apple.WebKit.Networking,6078992,0.032336667
2,pgpad,3.819,settle,63001,11521828209751,com.apple.audio.SandboxHelper,5456376,0.022468458
2,pgpad,4.074,settle,62998,11521812581297,com.apple.WebKit.WebContent,96551632,0.288642625
2,pgpad,4.074,settle,62994,11521807344123,pgpad-tauri,31360056,0.397322417
2,pgpad,4.074,settle,62995,11521812210105,com.apple.WebKit.GPU,16696112,0.105889125
2,pgpad,4.074,settle,62997,11521812518450,com.apple.WebKit.Networking,6078992,0.032336667
2,pgpad,4.074,settle,63001,11521828209751,com.apple.audio.SandboxHelper,5456376,0.022468458
2,pgpad,4.329,settle,62998,11521812581297,com.apple.WebKit.WebContent,96551632,0.288642625
2,pgpad,4.329,settle,62994,11521807344123,pgpad-tauri,31360056,0.397525083
2,pgpad,4.329,settle,62995,11521812210105,com.apple.WebKit.GPU,16696112,0.105889125
2,pgpad,4.329,settle,62997,11521812518450,com.apple.WebKit.Networking,6078992,0.032336667
2,pgpad,4.329,settle,63001,11521828209751,com.apple.audio.SandboxHelper,5456376,0.022468458
2,pgpad,4.580,settle,62998,11521812581297,com.apple.WebKit.WebContent,96551632,0.288642625
2,pgpad,4.580,settle,62994,11521807344123,pgpad-tauri,31360056,0.397799250
2,pgpad,4.580,settle,62995,11521812210105,com.apple.WebKit.GPU,16696112,0.105889125
2,pgpad,4.580,settle,62997,11521812518450,com.apple.WebKit.Networking,6078992,0.032336667
2,pgpad,4.580,settle,63001,11521828209751,com.apple.audio.SandboxHelper,5456376,0.022468458
2,pgpad,4.835,settle,62998,11521812581297,com.apple.WebKit.WebContent,96551632,0.288642625
2,pgpad,4.835,settle,62994,11521807344123,pgpad-tauri,31360056,0.397799250
2,pgpad,4.835,settle,62995,11521812210105,com.apple.WebKit.GPU,16696112,0.105889125
2,pgpad,4.835,settle,62997,11521812518450,com.apple.WebKit.Networking,6078992,0.032336667
2,pgpad,4.835,settle,63001,11521828209751,com.apple.audio.SandboxHelper,5456376,0.022468458
2,pgpad,5.090,settle,62998,11521812581297,com.apple.WebKit.WebContent,96551632,0.288642625
2,pgpad,5.090,settle,62994,11521807344123,pgpad-tauri,31360056,0.397799250
2,pgpad,5.090,settle,62995,11521812210105,com.apple.WebKit.GPU,16696112,0.105889125
2,pgpad,5.090,settle,62997,11521812518450,com.apple.WebKit.Networking,6078992,0.032336667
2,pgpad,5.090,settle,63001,11521828209751,com.apple.audio.SandboxHelper,5456376,0.022468458
2,pgpad,5.346,settle,62998,11521812581297,com.apple.WebKit.WebContent,96551632,0.288642625
2,pgpad,5.346,settle,62994,11521807344123,pgpad-tauri,31179832,0.398862208
2,pgpad,5.346,settle,62995,11521812210105,com.apple.WebKit.GPU,16696112,0.105889125
2,pgpad,5.346,settle,62997,11521812518450,com.apple.WebKit.Networking,6029840,0.038187167
2,pgpad,5.346,settle,63001,11521828209751,com.apple.audio.SandboxHelper,5456376,0.022468458
2,pgpad,5.597,query,62998,11521812581297,com.apple.WebKit.WebContent,96551632,0.288642625
2,pgpad,5.597,query,62994,11521807344123,pgpad-tauri,31179832,0.399469458
2,pgpad,5.597,query,62995,11521812210105,com.apple.WebKit.GPU,16696112,0.105918542
2,pgpad,5.597,query,62997,11521812518450,com.apple.WebKit.Networking,6029840,0.038274750
2,pgpad,5.597,query,63001,11521828209751,com.apple.audio.SandboxHelper,5456376,0.022468458
2,pgpad,5.849,query,62998,11521812581297,com.apple.WebKit.WebContent,96551632,0.288733792
2,pgpad,5.849,query,62994,11521807344123,pgpad-tauri,31130680,0.399649458
2,pgpad,5.849,query,62995,11521812210105,com.apple.WebKit.GPU,16696112,0.105918542
2,pgpad,5.849,query,62997,11521812518450,com.apple.WebKit.Networking,6029840,0.038374250
2,pgpad,5.849,query,63001,11521828209751,com.apple.audio.SandboxHelper,5456376,0.022468458
2,pgpad,6.102,query,62998,11521812581297,com.apple.WebKit.WebContent,96551632,0.288837750
2,pgpad,6.102,query,62994,11521807344123,pgpad-tauri,31130680,0.399649458
2,pgpad,6.102,query,62995,11521812210105,com.apple.WebKit.GPU,16696112,0.105918542
2,pgpad,6.102,query,62997,11521812518450,com.apple.WebKit.Networking,5947920,0.038611375
2,pgpad,6.102,query,63001,11521828209751,com.apple.audio.SandboxHelper,5456376,0.022468458
2,pgpad,6.353,query,62998,11521812581297,com.apple.WebKit.WebContent,96535248,0.288954333
2,pgpad,6.353,query,62994,11521807344123,pgpad-tauri,31130680,0.399649458
2,pgpad,6.353,query,62995,11521812210105,com.apple.WebKit.GPU,16696112,0.105918542
2,pgpad,6.353,query,62997,11521812518450,com.apple.WebKit.Networking,5947920,0.038740708
2,pgpad,6.353,query,63001,11521828209751,com.apple.audio.SandboxHelper,5390840,0.022538250
2,pgpad,6.607,query,62998,11521812581297,com.apple.WebKit.WebContent,96535248,0.288954333
2,pgpad,6.607,query,62994,11521807344123,pgpad-tauri,31130680,0.399649458
2,pgpad,6.607,query,62995,11521812210105,com.apple.WebKit.GPU,16696112,0.105918542
2,pgpad,6.607,query,62997,11521812518450,com.apple.WebKit.Networking,5947920,0.038950125
2,pgpad,6.607,query,63001,11521828209751,com.apple.audio.SandboxHelper,5390840,0.022538250
2,pgpad,6.863,query,62998,11521812581297,com.apple.WebKit.WebContent,96486096,0.289151458
2,pgpad,6.863,query,62994,11521807344123,pgpad-tauri,31130680,0.399649458
2,pgpad,6.863,query,62995,11521812210105,com.apple.WebKit.GPU,16696112,0.105918542
2,pgpad,6.863,query,62997,11521812518450,com.apple.WebKit.Networking,5947920,0.039075875
2,pgpad,6.863,query,63001,11521828209751,com.apple.audio.SandboxHelper,5390840,0.022538250
2,pgpad,7.116,query,62998,11521812581297,com.apple.WebKit.WebContent,96486096,0.289255542
2,pgpad,7.116,query,62994,11521807344123,pgpad-tauri,31130680,0.399649458
2,pgpad,7.116,query,62995,11521812210105,com.apple.WebKit.GPU,16696112,0.105918542
2,pgpad,7.116,query,62997,11521812518450,com.apple.WebKit.Networking,5947920,0.039075875
2,pgpad,7.116,query,63001,11521828209751,com.apple.audio.SandboxHelper,5390840,0.022538250
2,pgpad,7.371,query,62998,11521812581297,com.apple.WebKit.WebContent,96486096,0.289255542
2,pgpad,7.371,query,62994,11521807344123,pgpad-tauri,31130680,0.399649458
2,pgpad,7.371,query,62995,11521812210105,com.apple.WebKit.GPU,16565040,0.106040083
2,pgpad,7.371,query,62997,11521812518450,com.apple.WebKit.Networking,5947920,0.039075875
2,pgpad,7.371,query,63001,11521828209751,com.apple.audio.SandboxHelper,5390840,0.022538250
2,pgpad,7.626,query,62998,11521812581297,com.apple.WebKit.WebContent,96486096,0.289255542
2,pgpad,7.626,query,62994,11521807344123,pgpad-tauri,31130680,0.399649458
2,pgpad,7.626,query,62995,11521812210105,com.apple.WebKit.GPU,16565040,0.106040083
2,pgpad,7.626,query,62997,11521812518450,com.apple.WebKit.Networking,5947920,0.039075875
2,pgpad,7.626,query,63001,11521828209751,com.apple.audio.SandboxHelper,5390840,0.022538250
2,pgpad,7.879,query,62998,11521812581297,com.apple.WebKit.WebContent,96486096,0.289255542
2,pgpad,7.879,query,62994,11521807344123,pgpad-tauri,31130680,0.399649458
2,pgpad,7.879,query,62995,11521812210105,com.apple.WebKit.GPU,16565040,0.106040083
2,pgpad,7.879,query,62997,11521812518450,com.apple.WebKit.Networking,5947920,0.039075875
2,pgpad,7.879,query,63001,11521828209751,com.apple.audio.SandboxHelper,5390840,0.022538250
2,pgpad,8.132,query,62998,11521812581297,com.apple.WebKit.WebContent,96486096,0.289255542
2,pgpad,8.132,query,62994,11521807344123,pgpad-tauri,31130680,0.399649458
2,pgpad,8.132,query,62995,11521812210105,com.apple.WebKit.GPU,16565040,0.106040083
2,pgpad,8.132,query,62997,11521812518450,com.apple.WebKit.Networking,5947920,0.039075875
2,pgpad,8.132,query,63001,11521828209751,com.apple.audio.SandboxHelper,5390840,0.022538250
2,pgpad,8.386,query,62998,11521812581297,com.apple.WebKit.WebContent,96486096,0.289255542
2,pgpad,8.386,query,62994,11521807344123,pgpad-tauri,31130680,0.399649458
2,pgpad,8.386,query,62995,11521812210105,com.apple.WebKit.GPU,16565040,0.106040083
2,pgpad,8.386,query,62997,11521812518450,com.apple.WebKit.Networking,5947920,0.039075875
2,pgpad,8.386,query,63001,11521828209751,com.apple.audio.SandboxHelper,5390840,0.022538250
2,pgpad,8.641,query,62998,11521812581297,com.apple.WebKit.WebContent,96486096,0.289255542
2,pgpad,8.641,query,62994,11521807344123,pgpad-tauri,31130680,0.399649458
2,pgpad,8.641,query,62995,11521812210105,com.apple.WebKit.GPU,16565040,0.106104292
2,pgpad,8.641,query,62997,11521812518450,com.apple.WebKit.Networking,5947920,0.039075875
2,pgpad,8.641,query,63001,11521828209751,com.apple.audio.SandboxHelper,5390840,0.022538250
2,pgpad,8.894,query,62998,11521812581297,com.apple.WebKit.WebContent,96469712,0.294233000
2,pgpad,8.894,query,62994,11521807344123,pgpad-tauri,31048760,0.406063917
2,pgpad,8.894,query,62995,11521812210105,com.apple.WebKit.GPU,16565040,0.106104292
2,pgpad,8.894,query,62997,11521812518450,com.apple.WebKit.Networking,5947920,0.039075875
2,pgpad,8.894,query,63001,11521828209751,com.apple.audio.SandboxHelper,5390840,0.022538250
2,pgpad,9.149,query,62998,11521812581297,com.apple.WebKit.WebContent,96469712,0.295430250
2,pgpad,9.149,query,62994,11521807344123,pgpad-tauri,31081528,0.409468542
2,pgpad,9.149,query,62995,11521812210105,com.apple.WebKit.GPU,16565040,0.106104292
2,pgpad,9.149,query,62997,11521812518450,com.apple.WebKit.Networking,5947920,0.039075875
2,pgpad,9.149,query,63001,11521828209751,com.apple.audio.SandboxHelper,5390840,0.022538250
2,pgpad,9.404,query,62998,11521812581297,com.apple.WebKit.WebContent,96469712,0.295930250
2,pgpad,9.404,query,62994,11521807344123,pgpad-tauri,31065144,0.409754792
2,pgpad,9.404,query,62995,11521812210105,com.apple.WebKit.GPU,16565040,0.106104292
2,pgpad,9.404,query,62997,11521812518450,com.apple.WebKit.Networking,5947920,0.039075875
2,pgpad,9.404,query,63001,11521828209751,com.apple.audio.SandboxHelper,5390840,0.022538250
2,pgpad,9.660,query,62998,11521812581297,com.apple.WebKit.WebContent,96469712,0.296478708
2,pgpad,9.660,query,62994,11521807344123,pgpad-tauri,31065144,0.410050917
2,pgpad,9.660,query,62995,11521812210105,com.apple.WebKit.GPU,16565040,0.106104292
2,pgpad,9.660,query,62997,11521812518450,com.apple.WebKit.Networking,5947920,0.039075875
2,pgpad,9.660,query,63001,11521828209751,com.apple.audio.SandboxHelper,5390840,0.022538250
2,pgpad,9.912,query,62998,11521812581297,com.apple.WebKit.WebContent,96469712,0.296900333
2,pgpad,9.912,query,62994,11521807344123,pgpad-tauri,31065144,0.410277333
2,pgpad,9.912,query,62995,11521812210105,com.apple.WebKit.GPU,16565040,0.106104292
2,pgpad,9.912,query,62997,11521812518450,com.apple.WebKit.Networking,5947920,0.039075875
2,pgpad,9.912,query,63001,11521828209751,com.apple.audio.SandboxHelper,5390840,0.022538250
2,pgpad,10.162,query,62998,11521812581297,com.apple.WebKit.WebContent,96469712,0.297168042
2,pgpad,10.162,query,62994,11521807344123,pgpad-tauri,31065144,0.410535500
2,pgpad,10.162,query,62995,11521812210105,com.apple.WebKit.GPU,16565040,0.106104292
2,pgpad,10.162,query,62997,11521812518450,com.apple.WebKit.Networking,5947920,0.039075875
2,pgpad,10.162,query,63001,11521828209751,com.apple.audio.SandboxHelper,5390840,0.022538250
2,pgpad,10.418,query,62998,11521812581297,com.apple.WebKit.WebContent,96469712,0.297259125
2,pgpad,10.418,query,62994,11521807344123,pgpad-tauri,31048760,0.410900042
2,pgpad,10.418,query,62995,11521812210105,com.apple.WebKit.GPU,16565040,0.106104292
2,pgpad,10.418,query,62997,11521812518450,com.apple.WebKit.Networking,5898768,0.039172958
2,pgpad,10.418,query,63001,11521828209751,com.apple.audio.SandboxHelper,5390840,0.022538250
2,pgpad,10.673,query,62998,11521812581297,com.apple.WebKit.WebContent,147751632,0.314935292
2,pgpad,10.673,query,62995,11521812210105,com.apple.WebKit.GPU,35980080,0.117527042
2,pgpad,10.673,query,62994,11521807344123,pgpad-tauri,31179832,0.420369208
2,pgpad,10.673,query,62997,11521812518450,com.apple.WebKit.Networking,5898768,0.040309375
2,pgpad,10.673,query,63001,11521828209751,com.apple.audio.SandboxHelper,5390840,0.022538250
2,pgpad,10.927,query,62998,11521812581297,com.apple.WebKit.WebContent,200000208,0.367961208
2,pgpad,10.927,query,62995,11521812210105,com.apple.WebKit.GPU,40502160,0.164329917
2,pgpad,10.927,query,62994,11521807344123,pgpad-tauri,31622224,0.447682333
2,pgpad,10.927,query,62997,11521812518450,com.apple.WebKit.Networking,5898768,0.040358333
2,pgpad,10.927,query,63001,11521828209751,com.apple.audio.SandboxHelper,5390840,0.022538250
2,pgpad,11.179,query,62998,11521812581297,com.apple.WebKit.WebContent,199836368,0.370617000
2,pgpad,11.179,query,62995,11521812210105,com.apple.WebKit.GPU,40502160,0.166168083
2,pgpad,11.179,query,62994,11521807344123,pgpad-tauri,31605840,0.448871875
2,pgpad,11.179,query,62997,11521812518450,com.apple.WebKit.Networking,5866000,0.040573083
2,pgpad,11.179,query,63001,11521828209751,com.apple.audio.SandboxHelper,5390840,0.022538250
2,pgpad,11.434,query,62998,11521812581297,com.apple.WebKit.WebContent,199869136,0.372899875
2,pgpad,11.434,query,62995,11521812210105,com.apple.WebKit.GPU,40502160,0.166827042
2,pgpad,11.434,query,62994,11521807344123,pgpad-tauri,31605840,0.450573875
2,pgpad,11.434,query,62997,11521812518450,com.apple.WebKit.Networking,5866000,0.040770750
2,pgpad,11.434,query,63001,11521828209751,com.apple.audio.SandboxHelper,5390840,0.022538250
2,pgpad,11.689,query,62998,11521812581297,com.apple.WebKit.WebContent,199721680,0.374197542
2,pgpad,11.689,query,62995,11521812210105,com.apple.WebKit.GPU,40502160,0.167455083
2,pgpad,11.689,query,62994,11521807344123,pgpad-tauri,31589456,0.451169042
2,pgpad,11.689,query,62997,11521812518450,com.apple.WebKit.Networking,5866000,0.041016083
2,pgpad,11.689,query,63001,11521828209751,com.apple.audio.SandboxHelper,5390840,0.022538250
2,pgpad,11.946,query,62998,11521812581297,com.apple.WebKit.WebContent,149603024,0.404548000
2,pgpad,11.946,query,62995,11521812210105,com.apple.WebKit.GPU,43713424,0.177109667
2,pgpad,11.946,query,62994,11521807344123,pgpad-tauri,31720528,0.466611167
2,pgpad,11.946,query,62997,11521812518450,com.apple.WebKit.Networking,5882384,0.041898625
2,pgpad,11.946,query,63001,11521828209751,com.apple.audio.SandboxHelper,5390840,0.022538250
2,pgpad,12.201,query,62998,11521812581297,com.apple.WebKit.WebContent,149652176,0.411435042
2,pgpad,12.201,query,62995,11521812210105,com.apple.WebKit.GPU,43680656,0.177567375
2,pgpad,12.201,query,62994,11521807344123,pgpad-tauri,31851600,0.473358375
2,pgpad,12.201,query,63052,11522094049501,com.apple.SafariPlatformSupport,9650776,0.102738667
2,pgpad,12.201,query,62997,11521812518450,com.apple.WebKit.Networking,5882384,0.041974958
2,pgpad,12.201,query,63001,11521828209751,com.apple.audio.SandboxHelper,5390840,0.022538250
2,pgpad,12.452,query,62998,11521812581297,com.apple.WebKit.WebContent,162661072,0.418917000
2,pgpad,12.452,query,62995,11521812210105,com.apple.WebKit.GPU,43729808,0.179396125
2,pgpad,12.452,query,62994,11521807344123,pgpad-tauri,32392272,0.490074875
2,pgpad,12.452,query,63052,11522094049501,com.apple.SafariPlatformSupport,9667160,0.103986792
2,pgpad,12.452,query,62997,11521812518450,com.apple.WebKit.Networking,5882384,0.042030000
2,pgpad,12.452,query,63001,11521828209751,com.apple.audio.SandboxHelper,5390840,0.022538250
2,pgpad,12.707,query,62998,11521812581297,com.apple.WebKit.WebContent,163250896,0.439823167
2,pgpad,12.707,query,62995,11521812210105,com.apple.WebKit.GPU,43959184,0.181414417
2,pgpad,12.707,query,62994,11521807344123,pgpad-tauri,32638032,0.506268000
2,pgpad,12.707,query,63052,11522094049501,com.apple.SafariPlatformSupport,9667160,0.103986792
2,pgpad,12.707,query,62997,11521812518450,com.apple.WebKit.Networking,5882384,0.042171500
2,pgpad,12.707,query,63001,11521828209751,com.apple.audio.SandboxHelper,5390840,0.022538250
2,pgpad,12.961,query,62998,11521812581297,com.apple.WebKit.WebContent,163594960,0.443381333
2,pgpad,12.961,query,62995,11521812210105,com.apple.WebKit.GPU,52413352,0.188688417
2,pgpad,12.961,query,62994,11521807344123,pgpad-tauri,32703568,0.510070375
2,pgpad,12.961,query,63052,11522094049501,com.apple.SafariPlatformSupport,9667160,0.103986792
2,pgpad,12.961,query,62997,11521812518450,com.apple.WebKit.Networking,5882384,0.042319125
2,pgpad,12.961,query,63001,11521828209751,com.apple.audio.SandboxHelper,5390840,0.022538250
2,pgpad,13.212,query,62998,11521812581297,com.apple.WebKit.WebContent,163594960,0.445374625
2,pgpad,13.212,query,62995,11521812210105,com.apple.WebKit.GPU,52413352,0.189101125
2,pgpad,13.212,query,62994,11521807344123,pgpad-tauri,32703568,0.511359167
2,pgpad,13.212,query,63052,11522094049501,com.apple.SafariPlatformSupport,9667160,0.104295875
2,pgpad,13.212,query,62997,11521812518450,com.apple.WebKit.Networking,5882384,0.042445708
2,pgpad,13.212,query,63001,11521828209751,com.apple.audio.SandboxHelper,5390840,0.022538250
2,pgpad,13.467,query,62998,11521812581297,com.apple.WebKit.WebContent,162595536,0.457758000
2,pgpad,13.467,query,62995,11521812210105,com.apple.WebKit.GPU,52396968,0.195369833
2,pgpad,13.467,query,62994,11521807344123,pgpad-tauri,32719952,0.520149583
2,pgpad,13.467,query,63052,11522094049501,com.apple.SafariPlatformSupport,9667160,0.104295875
2,pgpad,13.467,query,62997,11521812518450,com.apple.WebKit.Networking,5882384,0.042490708
2,pgpad,13.467,query,63001,11521828209751,com.apple.audio.SandboxHelper,5390840,0.022538250
2,pgpad,13.723,query,62998,11521812581297,com.apple.WebKit.WebContent,162611920,0.472162583
2,pgpad,13.723,query,62995,11521812210105,com.apple.WebKit.GPU,52396968,0.197203833
2,pgpad,13.723,query,62994,11521807344123,pgpad-tauri,32719952,0.525952458
2,pgpad,13.723,query,63052,11522094049501,com.apple.SafariPlatformSupport,9667160,0.104295875
2,pgpad,13.723,query,62997,11521812518450,com.apple.WebKit.Networking,5882384,0.042490708
2,pgpad,13.723,query,63001,11521828209751,com.apple.audio.SandboxHelper,5390840,0.022538250
2,pgpad,13.977,query,62998,11521812581297,com.apple.WebKit.WebContent,124289744,0.473653375
2,pgpad,13.977,query,62995,11521812210105,com.apple.WebKit.GPU,49218472,0.198993125
2,pgpad,13.977,query,62994,11521807344123,pgpad-tauri,32670800,0.526587250
2,pgpad,13.977,query,63052,11522094049501,com.apple.SafariPlatformSupport,9667160,0.104295875
2,pgpad,13.977,query,62997,11521812518450,com.apple.WebKit.Networking,5882384,0.042490708
2,pgpad,13.977,query,63001,11521828209751,com.apple.audio.SandboxHelper,5390840,0.022538250
2,pgpad,14.228,query,62998,11521812581297,com.apple.WebKit.WebContent,204309248,0.651348417
2,pgpad,14.228,query,62995,11521812210105,com.apple.WebKit.GPU,53035968,0.213659583
2,pgpad,14.228,query,62994,11521807344123,pgpad-tauri,34653264,0.564960625
2,pgpad,14.228,query,63052,11522094049501,com.apple.SafariPlatformSupport,9667160,0.104475208
2,pgpad,14.228,query,62997,11521812518450,com.apple.WebKit.Networking,6226448,0.042490708
2,pgpad,14.228,query,63001,11521828209751,com.apple.audio.SandboxHelper,5390840,0.022538250
2,pgpad,14.483,query,62998,11521812581297,com.apple.WebKit.WebContent,239239936,0.681795625
2,pgpad,14.483,query,62995,11521812210105,com.apple.WebKit.GPU,59655128,0.230069500
2,pgpad,14.483,query,62994,11521807344123,pgpad-tauri,35128400,0.569064042
2,pgpad,14.483,query,63052,11522094049501,com.apple.SafariPlatformSupport,9667160,0.104475208
2,pgpad,14.483,query,62997,11521812518450,com.apple.WebKit.Networking,6455824,0.042490708
2,pgpad,14.483,query,63001,11521828209751,com.apple.audio.SandboxHelper,5390840,0.022538250
2,pgpad,14.738,query,62998,11521812581297,com.apple.WebKit.WebContent,239239936,0.683058625
2,pgpad,14.738,query,62995,11521812210105,com.apple.WebKit.GPU,54166488,0.230564833
2,pgpad,14.738,query,62994,11521807344123,pgpad-tauri,35128400,0.569767125
2,pgpad,14.738,query,63052,11522094049501,com.apple.SafariPlatformSupport,9667160,0.104475208
2,pgpad,14.738,query,62997,11521812518450,com.apple.WebKit.Networking,6455824,0.042490708
2,pgpad,14.738,query,63001,11521828209751,com.apple.audio.SandboxHelper,5390840,0.022538250
2,pgpad,14.993,query,62998,11521812581297,com.apple.WebKit.WebContent,235537152,0.690120500
2,pgpad,14.993,query,62995,11521812210105,com.apple.WebKit.GPU,54133720,0.231442500
2,pgpad,14.993,query,62994,11521807344123,pgpad-tauri,35030096,0.572503042
2,pgpad,14.993,query,63052,11522094049501,com.apple.SafariPlatformSupport,9667160,0.104475208
2,pgpad,14.993,query,62997,11521812518450,com.apple.WebKit.Networking,6455824,0.042490708
2,pgpad,14.993,query,63001,11521828209751,com.apple.audio.SandboxHelper,5390840,0.022538250
2,pgpad,15.248,query,62998,11521812581297,com.apple.WebKit.WebContent,235078400,0.690709708
2,pgpad,15.248,query,62995,11521812210105,com.apple.WebKit.GPU,54100952,0.231638667
2,pgpad,15.248,query,62994,11521807344123,pgpad-tauri,35013712,0.572691792
2,pgpad,15.248,query,63052,11522094049501,com.apple.SafariPlatformSupport,9667160,0.104475208
2,pgpad,15.248,query,62997,11521812518450,com.apple.WebKit.Networking,6455824,0.042490708
2,pgpad,15.248,query,63001,11521828209751,com.apple.audio.SandboxHelper,5390840,0.022538250
2,pgpad,15.504,query,62998,11521812581297,com.apple.WebKit.WebContent,170246912,0.698719500
2,pgpad,15.504,query,62995,11521812210105,com.apple.WebKit.GPU,40829912,0.233491625
2,pgpad,15.504,query,62994,11521807344123,pgpad-tauri,34948176,0.576107458
2,pgpad,15.504,query,63052,11522094049501,com.apple.SafariPlatformSupport,9667160,0.104475208
2,pgpad,15.504,query,62997,11521812518450,com.apple.WebKit.Networking,6455824,0.042490708
2,pgpad,15.504,query,63001,11521828209751,com.apple.audio.SandboxHelper,5390840,0.022538250
2,pgpad,15.759,query,62998,11521812581297,com.apple.WebKit.WebContent,169837312,0.700104750
2,pgpad,15.759,query,62994,11521807344123,pgpad-tauri,34899024,0.576664667
2,pgpad,15.759,query,62995,11521812210105,com.apple.WebKit.GPU,20939736,0.234657667
2,pgpad,15.759,query,63052,11522094049501,com.apple.SafariPlatformSupport,9667160,0.104475208
2,pgpad,15.759,query,62997,11521812518450,com.apple.WebKit.Networking,6455824,0.042490708
2,pgpad,15.759,query,63001,11521828209751,com.apple.audio.SandboxHelper,5390840,0.022538250
2,pgpad,16.014,query,62998,11521812581297,com.apple.WebKit.WebContent,169820928,0.707547292
2,pgpad,16.014,query,62994,11521807344123,pgpad-tauri,34899024,0.579863042
2,pgpad,16.014,query,62995,11521812210105,com.apple.WebKit.GPU,20939736,0.235331250
2,pgpad,16.014,query,63052,11522094049501,com.apple.SafariPlatformSupport,9667160,0.104475208
2,pgpad,16.014,query,62997,11521812518450,com.apple.WebKit.Networking,6455824,0.042490708
2,pgpad,16.014,query,63001,11521828209751,com.apple.audio.SandboxHelper,5390840,0.022538250
2,pgpad,16.269,query,62998,11521812581297,com.apple.WebKit.WebContent,229753600,0.728388375
2,pgpad,16.269,query,62995,11521812210105,com.apple.WebKit.GPU,51446744,0.253743750
2,pgpad,16.269,query,62994,11521807344123,pgpad-tauri,34899024,0.587919958
2,pgpad,16.269,query,63052,11522094049501,com.apple.SafariPlatformSupport,9667160,0.104567750
2,pgpad,16.269,query,62997,11521812518450,com.apple.WebKit.Networking,6455824,0.042490708
2,pgpad,16.269,query,63001,11521828209751,com.apple.audio.SandboxHelper,5390840,0.022538250
2,pgpad,16.524,query,62998,11521812581297,com.apple.WebKit.WebContent,269517568,0.767933042
2,pgpad,16.524,query,62995,11521812210105,com.apple.WebKit.GPU,51938288,0.280852750
2,pgpad,16.524,query,62994,11521807344123,pgpad-tauri,34899024,0.593815833
2,pgpad,16.524,query,63052,11522094049501,com.apple.SafariPlatformSupport,9667160,0.104567750
2,pgpad,16.524,query,62997,11521812518450,com.apple.WebKit.Networking,6455824,0.042490708
2,pgpad,16.524,query,63001,11521828209751,com.apple.audio.SandboxHelper,5390840,0.022538250
2,pgpad,16.779,query,62998,11521812581297,com.apple.WebKit.WebContent,269599488,0.783093375
2,pgpad,16.779,query,62995,11521812210105,com.apple.WebKit.GPU,52151280,0.291834625
2,pgpad,16.779,query,62994,11521807344123,pgpad-tauri,34899024,0.600326458
2,pgpad,16.779,query,63052,11522094049501,com.apple.SafariPlatformSupport,9667160,0.104567750
2,pgpad,16.779,query,62997,11521812518450,com.apple.WebKit.Networking,6504976,0.043357667
2,pgpad,16.779,query,63001,11521828209751,com.apple.audio.SandboxHelper,5390840,0.022538250
2,pgpad,17.034,query,62998,11521812581297,com.apple.WebKit.WebContent,270254848,0.824163333
2,pgpad,17.034,query,62995,11521812210105,com.apple.WebKit.GPU,52003824,0.315091333
2,pgpad,17.034,query,62994,11521807344123,pgpad-tauri,34899024,0.608019625
2,pgpad,17.034,query,63052,11522094049501,com.apple.SafariPlatformSupport,9667160,0.104567750
2,pgpad,17.034,query,62997,11521812518450,com.apple.WebKit.Networking,6504976,0.043514667
2,pgpad,17.034,query,63001,11521828209751,com.apple.audio.SandboxHelper,5390840,0.022538250
2,pgpad,17.289,query,62998,11521812581297,com.apple.WebKit.WebContent,270648064,0.856107083
2,pgpad,17.289,query,62995,11521812210105,com.apple.WebKit.GPU,57197552,0.326252208
2,pgpad,17.289,query,62994,11521807344123,pgpad-tauri,34899024,0.617119583
2,pgpad,17.289,query,63052,11522094049501,com.apple.SafariPlatformSupport,9667160,0.105288542
2,pgpad,17.289,query,62997,11521812518450,com.apple.WebKit.Networking,6504976,0.043583208
2,pgpad,17.289,query,63001,11521828209751,com.apple.audio.SandboxHelper,5390840,0.022538250
2,pgpad,17.545,query,62998,11521812581297,com.apple.WebKit.WebContent,270926592,0.884583625
2,pgpad,17.545,query,62995,11521812210105,com.apple.WebKit.GPU,56804336,0.356756458
2,pgpad,17.545,query,62994,11521807344123,pgpad-tauri,34915408,0.622442833
2,pgpad,17.545,query,63052,11522094049501,com.apple.SafariPlatformSupport,9667160,0.105288542
2,pgpad,17.545,query,62997,11521812518450,com.apple.WebKit.Networking,6504976,0.043760208
2,pgpad,17.545,query,63001,11521828209751,com.apple.audio.SandboxHelper,5390840,0.022538250
2,pgpad,17.800,query,62998,11521812581297,com.apple.WebKit.WebContent,276562688,0.887759083
2,pgpad,17.800,query,62995,11521812210105,com.apple.WebKit.GPU,57558000,0.357546083
2,pgpad,17.800,query,62994,11521807344123,pgpad-tauri,35013712,0.624835167
2,pgpad,17.800,query,63052,11522094049501,com.apple.SafariPlatformSupport,9667160,0.105288542
2,pgpad,17.800,query,62997,11521812518450,com.apple.WebKit.Networking,6701584,0.043918333
2,pgpad,17.800,query,63001,11521828209751,com.apple.audio.SandboxHelper,5390840,0.022538250
2,pgpad,18.053,query,62998,11521812581297,com.apple.WebKit.WebContent,277037824,0.922387500
2,pgpad,18.053,query,62995,11521812210105,com.apple.WebKit.GPU,64095216,0.377520208
2,pgpad,18.053,query,62994,11521807344123,pgpad-tauri,35030096,0.632103167
2,pgpad,18.053,query,63052,11522094049501,com.apple.SafariPlatformSupport,9667160,0.105288542
2,pgpad,18.053,query,62997,11521812518450,com.apple.WebKit.Networking,6652432,0.044024333
2,pgpad,18.053,query,63001,11521828209751,com.apple.audio.SandboxHelper,5390840,0.022538250
2,pgpad,18.308,after-query,62998,11521812581297,com.apple.WebKit.WebContent,264569600,0.933766250
2,pgpad,18.308,after-query,62995,11521812210105,com.apple.WebKit.GPU,52823024,0.392253750
2,pgpad,18.308,after-query,62994,11521807344123,pgpad-tauri,35144784,0.635305667
2,pgpad,18.308,after-query,63052,11522094049501,com.apple.SafariPlatformSupport,9667160,0.105288542
2,pgpad,18.308,after-query,62997,11521812518450,com.apple.WebKit.Networking,6750736,0.044089708
2,pgpad,18.308,after-query,63001,11521828209751,com.apple.audio.SandboxHelper,5390840,0.022538250
2,pgpad,18.561,after-query,62998,11521812581297,com.apple.WebKit.WebContent,264487680,0.936630917
2,pgpad,18.561,after-query,62995,11521812210105,com.apple.WebKit.GPU,52790256,0.392864542
2,pgpad,18.561,after-query,62994,11521807344123,pgpad-tauri,35079248,0.636933250
2,pgpad,18.561,after-query,63052,11522094049501,com.apple.SafariPlatformSupport,9667160,0.105288542
2,pgpad,18.561,after-query,62997,11521812518450,com.apple.WebKit.Networking,6750736,0.044089708
2,pgpad,18.561,after-query,63001,11521828209751,com.apple.audio.SandboxHelper,5390840,0.022538250
2,pgpad,18.815,after-query,62998,11521812581297,com.apple.WebKit.WebContent,263930624,0.937889042
2,pgpad,18.815,after-query,62995,11521812210105,com.apple.WebKit.GPU,52757488,0.393396250
2,pgpad,18.815,after-query,62994,11521807344123,pgpad-tauri,34997328,0.638061417
2,pgpad,18.815,after-query,63052,11522094049501,com.apple.SafariPlatformSupport,9667160,0.105288542
2,pgpad,18.815,after-query,62997,11521812518450,com.apple.WebKit.Networking,6750736,0.044089708
2,pgpad,18.815,after-query,63001,11521828209751,com.apple.audio.SandboxHelper,5390840,0.022538250
2,pgpad,19.066,after-query,62998,11521812581297,com.apple.WebKit.WebContent,263914240,0.938537042
2,pgpad,19.066,after-query,62995,11521812210105,com.apple.WebKit.GPU,51545072,0.394032708
2,pgpad,19.066,after-query,62994,11521807344123,pgpad-tauri,34800720,0.638495542
2,pgpad,19.066,after-query,63052,11522094049501,com.apple.SafariPlatformSupport,9667160,0.105288542
2,pgpad,19.066,after-query,62997,11521812518450,com.apple.WebKit.Networking,6750736,0.044089708
2,pgpad,19.066,after-query,63001,11521828209751,com.apple.audio.SandboxHelper,5390840,0.022538250
2,pgpad,19.321,after-query,62998,11521812581297,com.apple.WebKit.WebContent,178766592,0.939623000
2,pgpad,19.321,after-query,62994,11521807344123,pgpad-tauri,34817104,0.638961208
2,pgpad,19.321,after-query,62995,11521812210105,com.apple.WebKit.GPU,25166832,0.396451292
2,pgpad,19.321,after-query,63052,11522094049501,com.apple.SafariPlatformSupport,10306136,0.105288542
2,pgpad,19.321,after-query,62997,11521812518450,com.apple.WebKit.Networking,6783504,0.044089708
2,pgpad,19.321,after-query,63001,11521828209751,com.apple.audio.SandboxHelper,5390840,0.022538250
2,pgpad,19.576,after-query,62998,11521812581297,com.apple.WebKit.WebContent,178864896,0.940141292
2,pgpad,19.576,after-query,62994,11521807344123,pgpad-tauri,34669648,0.639297667
2,pgpad,19.576,after-query,62995,11521812210105,com.apple.WebKit.GPU,25248752,0.396581042
2,pgpad,19.576,after-query,63052,11522094049501,com.apple.SafariPlatformSupport,12075632,0.105727208
2,pgpad,19.576,after-query,62997,11521812518450,com.apple.WebKit.Networking,6783504,0.044089708
2,pgpad,19.576,after-query,63001,11521828209751,com.apple.audio.SandboxHelper,5390840,0.022538250
2,pgpad,19.831,after-query,62998,11521812581297,com.apple.WebKit.WebContent,178995968,0.940778083
2,pgpad,19.831,after-query,62994,11521807344123,pgpad-tauri,34669648,0.639436167
2,pgpad,19.831,after-query,62995,11521812210105,com.apple.WebKit.GPU,25265136,0.397005375
2,pgpad,19.831,after-query,63052,11522094049501,com.apple.SafariPlatformSupport,12075632,0.105727208
2,pgpad,19.831,after-query,62997,11521812518450,com.apple.WebKit.Networking,6783504,0.044089708
2,pgpad,19.831,after-query,63001,11521828209751,com.apple.audio.SandboxHelper,5390840,0.022538250
2,pgpad,20.086,after-query,62998,11521812581297,com.apple.WebKit.WebContent,178995968,0.941163792
2,pgpad,20.086,after-query,62994,11521807344123,pgpad-tauri,34669648,0.639482458
2,pgpad,20.086,after-query,62995,11521812210105,com.apple.WebKit.GPU,25314288,0.397102417
2,pgpad,20.086,after-query,63052,11522094049501,com.apple.SafariPlatformSupport,12075632,0.105727208
2,pgpad,20.086,after-query,62997,11521812518450,com.apple.WebKit.Networking,6783504,0.044089708
2,pgpad,20.086,after-query,63001,11521828209751,com.apple.audio.SandboxHelper,5390840,0.022538250
2,pgpad,20.341,after-query,62998,11521812581297,com.apple.WebKit.WebContent,178963200,0.941621125
2,pgpad,20.341,after-query,62994,11521807344123,pgpad-tauri,34669648,0.639482458
2,pgpad,20.341,after-query,62995,11521812210105,com.apple.WebKit.GPU,25215984,0.397672250
2,pgpad,20.341,after-query,63052,11522094049501,com.apple.SafariPlatformSupport,12075632,0.105727208
2,pgpad,20.341,after-query,62997,11521812518450,com.apple.WebKit.Networking,6783504,0.044089708
2,pgpad,20.341,after-query,63001,11521828209751,com.apple.audio.SandboxHelper,5390840,0.022538250
2,pgpad,20.596,after-query,62998,11521812581297,com.apple.WebKit.WebContent,178963200,0.941915125
2,pgpad,20.596,after-query,62994,11521807344123,pgpad-tauri,34669648,0.639482458
2,pgpad,20.596,after-query,62995,11521812210105,com.apple.WebKit.GPU,25199600,0.397794542
2,pgpad,20.596,after-query,63052,11522094049501,com.apple.SafariPlatformSupport,12075632,0.105727208
2,pgpad,20.596,after-query,62997,11521812518450,com.apple.WebKit.Networking,6783504,0.044089708
2,pgpad,20.596,after-query,63001,11521828209751,com.apple.audio.SandboxHelper,5390840,0.022538250
2,pgpad,20.849,after-query,62998,11521812581297,com.apple.WebKit.WebContent,178881280,0.942313125
2,pgpad,20.849,after-query,62994,11521807344123,pgpad-tauri,34653264,0.639672917
2,pgpad,20.849,after-query,62995,11521812210105,com.apple.WebKit.GPU,25199600,0.397794542
2,pgpad,20.849,after-query,63052,11522094049501,com.apple.SafariPlatformSupport,12075632,0.105727208
2,pgpad,20.849,after-query,62997,11521812518450,com.apple.WebKit.Networking,6783504,0.044089708
2,pgpad,20.849,after-query,63001,11521828209751,com.apple.audio.SandboxHelper,5390840,0.022538250
2,pgpad,21.105,after-query,62998,11521812581297,com.apple.WebKit.WebContent,178946816,0.945078417
2,pgpad,21.105,after-query,62994,11521807344123,pgpad-tauri,34653264,0.641346292
2,pgpad,21.105,after-query,62995,11521812210105,com.apple.WebKit.GPU,25199600,0.397794542
2,pgpad,21.105,after-query,63052,11522094049501,com.apple.SafariPlatformSupport,12075632,0.105727208
2,pgpad,21.105,after-query,62997,11521812518450,com.apple.WebKit.Networking,6783504,0.044089708
2,pgpad,21.105,after-query,63001,11521828209751,com.apple.audio.SandboxHelper,5390840,0.022538250
2,pgpad,21.360,after-query,62998,11521812581297,com.apple.WebKit.WebContent,178881280,0.945420417
2,pgpad,21.360,after-query,62994,11521807344123,pgpad-tauri,34653264,0.641550000
2,pgpad,21.360,after-query,62995,11521812210105,com.apple.WebKit.GPU,25199600,0.397794542
2,pgpad,21.360,after-query,63052,11522094049501,com.apple.SafariPlatformSupport,12075632,0.105727208
2,pgpad,21.360,after-query,62997,11521812518450,com.apple.WebKit.Networking,6783504,0.044089708
2,pgpad,21.360,after-query,63001,11521828209751,com.apple.audio.SandboxHelper,5390840,0.022538250
2,pgpad,21.610,after-query,62998,11521812581297,com.apple.WebKit.WebContent,178881280,0.945745000
2,pgpad,21.610,after-query,62994,11521807344123,pgpad-tauri,34653264,0.641985333
2,pgpad,21.610,after-query,62995,11521812210105,com.apple.WebKit.GPU,25199600,0.397794542
2,pgpad,21.610,after-query,63052,11522094049501,com.apple.SafariPlatformSupport,12075632,0.105727208
2,pgpad,21.610,after-query,62997,11521812518450,com.apple.WebKit.Networking,6783504,0.044089708
2,pgpad,21.610,after-query,63001,11521828209751,com.apple.audio.SandboxHelper,5390840,0.022538250
2,pgpad,21.865,after-query,62998,11521812581297,com.apple.WebKit.WebContent,178815744,0.946516792
2,pgpad,21.865,after-query,62994,11521807344123,pgpad-tauri,34653264,0.642256875
2,pgpad,21.865,after-query,62995,11521812210105,com.apple.WebKit.GPU,25199600,0.397794542
2,pgpad,21.865,after-query,63052,11522094049501,com.apple.SafariPlatformSupport,12059248,0.106234167
2,pgpad,21.865,after-query,62997,11521812518450,com.apple.WebKit.Networking,6783504,0.044089708
2,pgpad,21.865,after-query,63001,11521828209751,com.apple.audio.SandboxHelper,5390840,0.022538250
2,pgpad,22.117,after-query,62998,11521812581297,com.apple.WebKit.WebContent,178815744,0.946950875
2,pgpad,22.117,after-query,62994,11521807344123,pgpad-tauri,34653264,0.642635750
2,pgpad,22.117,after-query,62995,11521812210105,com.apple.WebKit.GPU,25199600,0.397794542
2,pgpad,22.117,after-query,63052,11522094049501,com.apple.SafariPlatformSupport,12059248,0.106234167
2,pgpad,22.117,after-query,62997,11521812518450,com.apple.WebKit.Networking,6783504,0.044089708
2,pgpad,22.117,after-query,63001,11521828209751,com.apple.audio.SandboxHelper,5390840,0.022538250
2,pgpad,22.372,after-query,62998,11521812581297,com.apple.WebKit.WebContent,178799360,0.947313542
2,pgpad,22.372,after-query,62994,11521807344123,pgpad-tauri,34604112,0.643249958
2,pgpad,22.372,after-query,62995,11521812210105,com.apple.WebKit.GPU,25199600,0.397794542
2,pgpad,22.372,after-query,63052,11522094049501,com.apple.SafariPlatformSupport,12059248,0.106234167
2,pgpad,22.372,after-query,62997,11521812518450,com.apple.WebKit.Networking,6734352,0.044254667
2,pgpad,22.372,after-query,63001,11521828209751,com.apple.audio.SandboxHelper,5390840,0.022538250
2,pgpad,22.626,after-query,62998,11521812581297,com.apple.WebKit.WebContent,178815744,0.947464417
2,pgpad,22.626,after-query,62994,11521807344123,pgpad-tauri,34604112,0.643466792
2,pgpad,22.626,after-query,62995,11521812210105,com.apple.WebKit.GPU,25199600,0.397794542
2,pgpad,22.626,after-query,63052,11522094049501,com.apple.SafariPlatformSupport,12059248,0.106234167
2,pgpad,22.626,after-query,62997,11521812518450,com.apple.WebKit.Networking,6734352,0.044254667
2,pgpad,22.626,after-query,63001,11521828209751,com.apple.audio.SandboxHelper,5390840,0.022538250
2,pgpad,22.881,after-query,62998,11521812581297,com.apple.WebKit.WebContent,178815744,0.947464417
2,pgpad,22.881,after-query,62994,11521807344123,pgpad-tauri,34587728,0.643676375
2,pgpad,22.881,after-query,62995,11521812210105,com.apple.WebKit.GPU,25199600,0.397794542
2,pgpad,22.881,after-query,63052,11522094049501,com.apple.SafariPlatformSupport,12059248,0.106234167
2,pgpad,22.881,after-query,62997,11521812518450,com.apple.WebKit.Networking,6734352,0.044254667
2,pgpad,22.881,after-query,63001,11521828209751,com.apple.audio.SandboxHelper,5390840,0.022538250
2,pgpad,23.137,after-query,62998,11521812581297,com.apple.WebKit.WebContent,178815744,0.947464417
2,pgpad,23.137,after-query,62994,11521807344123,pgpad-tauri,34587728,0.643748833
2,pgpad,23.137,after-query,62995,11521812210105,com.apple.WebKit.GPU,25199600,0.397794542
2,pgpad,23.137,after-query,63052,11522094049501,com.apple.SafariPlatformSupport,12059248,0.106234167
2,pgpad,23.137,after-query,62997,11521812518450,com.apple.WebKit.Networking,6734352,0.044254667
2,pgpad,23.137,after-query,63001,11521828209751,com.apple.audio.SandboxHelper,5390840,0.022538250
2,pgpad,23.390,after-query,62998,11521812581297,com.apple.WebKit.WebContent,178799360,0.947585417
2,pgpad,23.390,after-query,62994,11521807344123,pgpad-tauri,34587728,0.643748833
2,pgpad,23.390,after-query,62995,11521812210105,com.apple.WebKit.GPU,25199600,0.397794542
2,pgpad,23.390,after-query,63052,11522094049501,com.apple.SafariPlatformSupport,12059248,0.106234167
2,pgpad,23.390,after-query,62997,11521812518450,com.apple.WebKit.Networking,6734352,0.044254667
2,pgpad,23.390,after-query,63001,11521828209751,com.apple.audio.SandboxHelper,5390840,0.022538250
3,pgadmin,0.255,launch,63123,11522493764510,pgAdmin 4,8487872,0.100346250
3,pgadmin,0.507,launch,63123,11522493764510,pgAdmin 4,38946400,0.275770542
3,pgadmin,0.761,launch,63123,11522493764510,pgAdmin 4,53708528,0.416457042
3,pgadmin,0.761,launch,63128,11522507909353,pgAdmin 4 Helper (Renderer),20022448,0.086890125
3,pgadmin,0.761,launch,63126,11522505014500,pgAdmin 4 Helper,17810368,0.129861708
3,pgadmin,0.761,launch,63129,11522508771360,Python,16220568,0.070496708
3,pgadmin,0.761,launch,63127,11522505096563,pgAdmin 4 Helper,6849376,0.052068417
3,pgadmin,1.016,launch,63123,11522493764510,pgAdmin 4,55461616,0.425794500
3,pgadmin,1.016,launch,63126,11522505014500,pgAdmin 4 Helper,46384088,0.149198458
3,pgadmin,1.016,launch,63129,11522508771360,Python,30917064,0.289993875
3,pgadmin,1.016,launch,63128,11522507909353,pgAdmin 4 Helper (Renderer),20022448,0.087338167
3,pgadmin,1.016,launch,63127,11522505096563,pgAdmin 4 Helper,6849376,0.052068417
3,pgadmin,1.271,launch,63123,11522493764510,pgAdmin 4,55461616,0.426150083
3,pgadmin,1.271,launch,63126,11522505014500,pgAdmin 4 Helper,46384088,0.149198458
3,pgadmin,1.271,launch,63129,11522508771360,Python,41222600,0.514279208
3,pgadmin,1.271,launch,63128,11522507909353,pgAdmin 4 Helper (Renderer),20038832,0.087393250
3,pgadmin,1.271,launch,63127,11522505096563,pgAdmin 4 Helper,6849376,0.052068417
3,pgadmin,1.526,launch,63123,11522493764510,pgAdmin 4,55510768,0.428631250
3,pgadmin,1.526,launch,63129,11522508771360,Python,50528712,0.744544875
3,pgadmin,1.526,launch,63126,11522505014500,pgAdmin 4 Helper,46384088,0.149198458
3,pgadmin,1.526,launch,63128,11522507909353,pgAdmin 4 Helper (Renderer),20038832,0.087393250
3,pgadmin,1.526,launch,63127,11522505096563,pgAdmin 4 Helper,6849376,0.052068417
3,pgadmin,1.780,launch,63129,11522508771360,Python,62833120,0.961260375
3,pgadmin,1.780,launch,63123,11522493764510,pgAdmin 4,55510768,0.428893667
3,pgadmin,1.780,launch,63126,11522505014500,pgAdmin 4 Helper,46351320,0.149531250
3,pgadmin,1.780,launch,63128,11522507909353,pgAdmin 4 Helper (Renderer),20038832,0.087501167
3,pgadmin,1.780,launch,63127,11522505096563,pgAdmin 4 Helper,6947680,0.052992667
3,pgadmin,2.036,launch,63129,11522508771360,Python,79593976,1.202770500
3,pgadmin,2.036,launch,63123,11522493764510,pgAdmin 4,55510768,0.428893667
3,pgadmin,2.036,launch,63126,11522505014500,pgAdmin 4 Helper,44254168,0.149531250
3,pgadmin,2.036,launch,63128,11522507909353,pgAdmin 4 Helper (Renderer),20038832,0.087501167
3,pgadmin,2.036,launch,63127,11522505096563,pgAdmin 4 Helper,6947680,0.052992667
3,pgadmin,2.290,launch,63129,11522508771360,Python,90866168,1.433565458
3,pgadmin,2.290,launch,63123,11522493764510,pgAdmin 4,55559920,0.430973458
3,pgadmin,2.290,launch,63126,11522505014500,pgAdmin 4 Helper,44254168,0.149531250
3,pgadmin,2.290,launch,63128,11522507909353,pgAdmin 4 Helper (Renderer),20038832,0.087501167
3,pgadmin,2.290,launch,63127,11522505096563,pgAdmin 4 Helper,6947680,0.052992667
3,pgadmin,2.546,launch,63129,11522508771360,Python,100909560,1.670129958
3,pgadmin,2.546,launch,63123,11522493764510,pgAdmin 4,55559920,0.430973458
3,pgadmin,2.546,launch,63126,11522505014500,pgAdmin 4 Helper,44254168,0.149531250
3,pgadmin,2.546,launch,63128,11522507909353,pgAdmin 4 Helper (Renderer),20038832,0.087501167
3,pgadmin,2.546,launch,63127,11522505096563,pgAdmin 4 Helper,6947680,0.052992667
3,pgadmin,2.801,launch,63129,11522508771360,Python,111493672,1.893521875
3,pgadmin,2.801,launch,63123,11522493764510,pgAdmin 4,55559920,0.431000167
3,pgadmin,2.801,launch,63126,11522505014500,pgAdmin 4 Helper,26821592,0.150280708
3,pgadmin,2.801,launch,63138,11522555679813,Python,24363464,0.176160375
3,pgadmin,2.801,launch,63128,11522507909353,pgAdmin 4 Helper (Renderer),19940528,0.087623625
3,pgadmin,2.801,launch,63127,11522505096563,pgAdmin 4 Helper,6947680,0.052992667
3,pgadmin,3.056,launch,63129,11522508771360,Python,123830800,2.118297708
3,pgadmin,3.056,launch,63123,11522493764510,pgAdmin 4,55559920,0.431000167
3,pgadmin,3.056,launch,63126,11522505014500,pgAdmin 4 Helper,26821592,0.150280708
3,pgadmin,3.056,launch,63128,11522507909353,pgAdmin 4 Helper (Renderer),19940528,0.087623625
3,pgadmin,3.056,launch,63127,11522505096563,pgAdmin 4 Helper,6947680,0.052992667
3,pgadmin,3.307,launch,63129,11522508771360,Python,132497960,2.355663333
3,pgadmin,3.307,launch,63123,11522493764510,pgAdmin 4,55609072,0.432196958
3,pgadmin,3.307,launch,63126,11522505014500,pgAdmin 4 Helper,26821592,0.150280708
3,pgadmin,3.307,launch,63128,11522507909353,pgAdmin 4 Helper (Renderer),19940528,0.087623625
3,pgadmin,3.307,launch,63127,11522505096563,pgAdmin 4 Helper,6947680,0.052992667
3,pgadmin,3.558,launch,63129,11522508771360,Python,141312576,2.595976833
3,pgadmin,3.558,launch,63123,11522493764510,pgAdmin 4,55609072,0.432196958
3,pgadmin,3.558,launch,63126,11522505014500,pgAdmin 4 Helper,26821592,0.150280708
3,pgadmin,3.558,launch,63128,11522507909353,pgAdmin 4 Helper (Renderer),19940528,0.087623625
3,pgadmin,3.558,launch,63127,11522505096563,pgAdmin 4 Helper,6947680,0.052992667
3,pgadmin,3.813,launch,63129,11522508771360,Python,151880256,2.838608958
3,pgadmin,3.813,launch,63123,11522493764510,pgAdmin 4,55609072,0.432196958
3,pgadmin,3.813,launch,63126,11522505014500,pgAdmin 4 Helper,26821592,0.150307208
3,pgadmin,3.813,launch,63128,11522507909353,pgAdmin 4 Helper (Renderer),19940528,0.087623625
3,pgadmin,3.813,launch,63127,11522505096563,pgAdmin 4 Helper,6947680,0.052992667
3,pgadmin,4.068,launch,63129,11522508771360,Python,153010752,2.920801833
3,pgadmin,4.068,launch,63123,11522493764510,pgAdmin 4,55953136,0.432917167
3,pgadmin,4.068,launch,63126,11522505014500,pgAdmin 4 Helper,26821592,0.150307208
3,pgadmin,4.068,launch,63128,11522507909353,pgAdmin 4 Helper (Renderer),19940528,0.087623625
3,pgadmin,4.068,launch,63127,11522505096563,pgAdmin 4 Helper,6947680,0.052992667
3,pgadmin,4.323,launch,63129,11522508771360,Python,153453144,2.935169167
3,pgadmin,4.323,launch,63123,11522493764510,pgAdmin 4,58083056,0.471077375
3,pgadmin,4.323,launch,63126,11522505014500,pgAdmin 4 Helper,26887128,0.151634375
3,pgadmin,4.323,launch,63128,11522507909353,pgAdmin 4 Helper (Renderer),19940528,0.087797208
3,pgadmin,4.323,launch,63127,11522505096563,pgAdmin 4 Helper,6947680,0.052992667
3,pgadmin,4.578,settle,63129,11522508771360,Python,155107928,3.037961208
3,pgadmin,4.578,settle,63153,11522598585748,pgAdmin 4 Helper (Renderer),94864824,0.221292500
3,pgadmin,4.578,settle,63123,11522493764510,pgAdmin 4,59082480,0.522946500
3,pgadmin,4.578,settle,63126,11522505014500,pgAdmin 4 Helper,40076248,0.162378000
3,pgadmin,4.578,settle,63127,11522505096563,pgAdmin 4 Helper,8635256,0.157895167
3,pgadmin,4.834,settle,63129,11522508771360,Python,155615832,3.081334750
3,pgadmin,4.834,settle,63126,11522505014500,pgAdmin 4 Helper,123012056,0.173877375
3,pgadmin,4.834,settle,63153,11522598585748,pgAdmin 4 Helper (Renderer),106644992,0.477406625
3,pgadmin,4.834,settle,63123,11522493764510,pgAdmin 4,59180784,0.534239500
3,pgadmin,4.834,settle,63127,11522505096563,pgAdmin 4 Helper,8717176,0.173783792
3,pgadmin,5.089,settle,63129,11522508771360,Python,155632216,3.121305208
3,pgadmin,5.089,settle,63153,11522598585748,pgAdmin 4 Helper (Renderer),150341168,0.774214958
3,pgadmin,5.089,settle,63126,11522505014500,pgAdmin 4 Helper,124912600,0.180852333
3,pgadmin,5.089,settle,63123,11522493764510,pgAdmin 4,60720880,0.560868125
3,pgadmin,5.089,settle,63127,11522505096563,pgAdmin 4 Helper,8733560,0.179085042
3,pgadmin,5.341,settle,63126,11522505014500,pgAdmin 4 Helper,227214320,0.211527542
3,pgadmin,5.341,settle,63153,11522598585748,pgAdmin 4 Helper (Renderer),208307856,1.184462708
3,pgadmin,5.341,settle,63129,11522508771360,Python,158155520,3.186997542
3,pgadmin,5.341,settle,63123,11522493764510,pgAdmin 4,62359328,0.596771875
3,pgadmin,5.341,settle,63127,11522505096563,pgAdmin 4 Helper,8520568,0.193792125
3,pgadmin,5.596,settle,63126,11522505014500,pgAdmin 4 Helper,227247088,0.216009792
3,pgadmin,5.596,settle,63153,11522598585748,pgAdmin 4 Helper (Renderer),225855288,1.436824917
3,pgadmin,5.596,settle,63129,11522508771360,Python,158171904,3.191697208
3,pgadmin,5.596,settle,63123,11522493764510,pgAdmin 4,62424864,0.610240708
3,pgadmin,5.596,settle,63127,11522505096563,pgAdmin 4 Helper,8520568,0.197805750
3,pgadmin,5.851,settle,63153,11522598585748,pgAdmin 4 Helper (Renderer),242812752,1.642577542
3,pgadmin,5.851,settle,63126,11522505014500,pgAdmin 4 Helper,227296240,0.222470958
3,pgadmin,5.851,settle,63129,11522508771360,Python,158499584,3.208990208
3,pgadmin,5.851,settle,63123,11522493764510,pgAdmin 4,62687008,0.620028292
3,pgadmin,5.851,settle,63127,11522505096563,pgAdmin 4 Helper,8586104,0.202972542
3,pgadmin,6.106,settle,63126,11522505014500,pgAdmin 4 Helper,282493936,0.257651125
3,pgadmin,6.106,settle,63153,11522598585748,pgAdmin 4 Helper (Renderer),270452560,1.842246625
3,pgadmin,6.106,settle,63129,11522508771360,Python,159417136,3.259705583
3,pgadmin,6.106,settle,63123,11522493764510,pgAdmin 4,62768928,0.624277375
3,pgadmin,6.106,settle,63127,11522505096563,pgAdmin 4 Helper,8569720,0.210680500
3,pgadmin,6.357,settle,63126,11522505014500,pgAdmin 4 Helper,282510344,0.264051167
3,pgadmin,6.357,settle,63153,11522598585748,pgAdmin 4 Helper (Renderer),271009616,1.864566375
3,pgadmin,6.357,settle,63129,11522508771360,Python,159417136,3.259705583
3,pgadmin,6.357,settle,63123,11522493764510,pgAdmin 4,62965536,0.656436708
3,pgadmin,6.357,settle,63127,11522505096563,pgAdmin 4 Helper,8569720,0.210680500
3,pgadmin,6.608,settle,63126,11522505014500,pgAdmin 4 Helper,282510344,0.266592792
3,pgadmin,6.608,settle,63153,11522598585748,pgAdmin 4 Helper (Renderer),271828816,1.881175208
3,pgadmin,6.608,settle,63129,11522508771360,Python,159433520,3.265033167
3,pgadmin,6.608,settle,63123,11522493764510,pgAdmin 4,63047456,0.663316375
3,pgadmin,6.608,settle,63169,11522645935323,com.apple.SafariPlatformSupport,9568856,0.109429500
3,pgadmin,6.608,settle,63127,11522505096563,pgAdmin 4 Helper,8569720,0.212130583
3,pgadmin,6.863,settle,63126,11522505014500,pgAdmin 4 Helper,274760688,0.275273542
3,pgadmin,6.863,settle,63153,11522598585748,pgAdmin 4 Helper (Renderer),271910736,1.900884167
3,pgadmin,6.863,settle,63129,11522508771360,Python,159433520,3.265033167
3,pgadmin,6.863,settle,63123,11522493764510,pgAdmin 4,63047456,0.663735333
3,pgadmin,6.863,settle,63169,11522645935323,com.apple.SafariPlatformSupport,9585240,0.110953625
3,pgadmin,6.863,settle,63127,11522505096563,pgAdmin 4 Helper,8569720,0.212130583
3,pgadmin,7.119,settle,63126,11522505014500,pgAdmin 4 Helper,274744304,0.281654292
3,pgadmin,7.119,settle,63153,11522598585748,pgAdmin 4 Helper (Renderer),272009040,1.927030000
3,pgadmin,7.119,settle,63129,11522508771360,Python,159433520,3.265148042
3,pgadmin,7.119,settle,63123,11522493764510,pgAdmin 4,63047456,0.663735333
3,pgadmin,7.119,settle,63169,11522645935323,com.apple.SafariPlatformSupport,9585240,0.110953625
3,pgadmin,7.119,settle,63127,11522505096563,pgAdmin 4 Helper,8569720,0.212130583
3,pgadmin,7.374,settle,63153,11522598585748,pgAdmin 4 Helper (Renderer),272074576,1.952882875
3,pgadmin,7.374,settle,63126,11522505014500,pgAdmin 4 Helper,259556336,0.293546292
3,pgadmin,7.374,settle,63129,11522508771360,Python,159433520,3.265148042
3,pgadmin,7.374,settle,63123,11522493764510,pgAdmin 4,63047456,0.663735333
3,pgadmin,7.374,settle,63169,11522645935323,com.apple.SafariPlatformSupport,9585240,0.110953625
3,pgadmin,7.374,settle,63127,11522505096563,pgAdmin 4 Helper,8569720,0.212130583
3,pgadmin,7.626,settle,63153,11522598585748,pgAdmin 4 Helper (Renderer),272074576,1.981274833
3,pgadmin,7.626,settle,63126,11522505014500,pgAdmin 4 Helper,237798384,0.302864833
3,pgadmin,7.626,settle,63129,11522508771360,Python,159433520,3.265234500
3,pgadmin,7.626,settle,63123,11522493764510,pgAdmin 4,63047456,0.663894083
3,pgadmin,7.626,settle,63169,11522645935323,com.apple.SafariPlatformSupport,9585240,0.111149333
3,pgadmin,7.626,settle,63127,11522505096563,pgAdmin 4 Helper,8569720,0.212130583
3,pgadmin,7.881,settle,63153,11522598585748,pgAdmin 4 Helper (Renderer),272123728,2.006756583
3,pgadmin,7.881,settle,63126,11522505014500,pgAdmin 4 Helper,237798384,0.310708958
3,pgadmin,7.881,settle,63129,11522508771360,Python,159433520,3.265234500
3,pgadmin,7.881,settle,63123,11522493764510,pgAdmin 4,63047456,0.663894083
3,pgadmin,7.881,settle,63169,11522645935323,com.apple.SafariPlatformSupport,9585240,0.111149333
3,pgadmin,7.881,settle,63127,11522505096563,pgAdmin 4 Helper,8569720,0.212130583
3,pgadmin,8.137,settle,63153,11522598585748,pgAdmin 4 Helper (Renderer),275105616,2.047906875
3,pgadmin,8.137,settle,63126,11522505014500,pgAdmin 4 Helper,237798384,0.317783250
3,pgadmin,8.137,settle,63129,11522508771360,Python,159433520,3.274474000
3,pgadmin,8.137,settle,63123,11522493764510,pgAdmin 4,63047456,0.665169292
3,pgadmin,8.137,settle,63169,11522645935323,com.apple.SafariPlatformSupport,9585240,0.111149333
3,pgadmin,8.137,settle,63127,11522505096563,pgAdmin 4 Helper,8569720,0.216847042
3,pgadmin,8.392,settle,63153,11522598585748,pgAdmin 4 Helper (Renderer),275203920,2.078078500
3,pgadmin,8.392,settle,63126,11522505014500,pgAdmin 4 Helper,237782000,0.326624083
3,pgadmin,8.392,settle,63129,11522508771360,Python,159433520,3.274474000
3,pgadmin,8.392,settle,63123,11522493764510,pgAdmin 4,63047456,0.665238833
3,pgadmin,8.392,settle,63169,11522645935323,com.apple.SafariPlatformSupport,9585240,0.111149333
3,pgadmin,8.392,settle,63127,11522505096563,pgAdmin 4 Helper,8569720,0.216847042
3,pgadmin,8.647,settle,63153,11522598585748,pgAdmin 4 Helper (Renderer),275302224,2.107261583
3,pgadmin,8.647,settle,63126,11522505014500,pgAdmin 4 Helper,237798384,0.337679542
3,pgadmin,8.647,settle,63129,11522508771360,Python,159433520,3.274571500
3,pgadmin,8.647,settle,63123,11522493764510,pgAdmin 4,63047456,0.666792458
3,pgadmin,8.647,settle,63169,11522645935323,com.apple.SafariPlatformSupport,9585240,0.111358458
3,pgadmin,8.647,settle,63127,11522505096563,pgAdmin 4 Helper,8569720,0.216847042
3,pgadmin,8.898,settle,63153,11522598585748,pgAdmin 4 Helper (Renderer),275416912,2.134372000
3,pgadmin,8.898,settle,63126,11522505014500,pgAdmin 4 Helper,237798384,0.346061667
3,pgadmin,8.898,settle,63129,11522508771360,Python,159433520,3.274571500
3,pgadmin,8.898,settle,63123,11522493764510,pgAdmin 4,63047456,0.666792458
3,pgadmin,8.898,settle,63169,11522645935323,com.apple.SafariPlatformSupport,9585240,0.111358458
3,pgadmin,8.898,settle,63127,11522505096563,pgAdmin 4 Helper,8569720,0.216847042
3,pgadmin,9.153,settle,63153,11522598585748,pgAdmin 4 Helper (Renderer),275482448,2.154628208
3,pgadmin,9.153,settle,63126,11522505014500,pgAdmin 4 Helper,237798384,0.351492292
3,pgadmin,9.153,settle,63129,11522508771360,Python,159433520,3.274654000
3,pgadmin,9.153,settle,63123,11522493764510,pgAdmin 4,63047456,0.666792458
3,pgadmin,9.153,settle,63169,11522645935323,com.apple.SafariPlatformSupport,9585240,0.111358458
3,pgadmin,9.153,settle,63127,11522505096563,pgAdmin 4 Helper,8569720,0.216847042
3,pgadmin,9.407,settle,63153,11522598585748,pgAdmin 4 Helper (Renderer),275580752,2.184491042
3,pgadmin,9.407,settle,63126,11522505014500,pgAdmin 4 Helper,237782000,0.360887333
3,pgadmin,9.407,settle,63129,11522508771360,Python,159433520,3.274654000
3,pgadmin,9.407,settle,63123,11522493764510,pgAdmin 4,63047456,0.667086333
3,pgadmin,9.407,settle,63169,11522645935323,com.apple.SafariPlatformSupport,9585240,0.111641500
3,pgadmin,9.407,settle,63127,11522505096563,pgAdmin 4 Helper,8569720,0.216847042
3,pgadmin,9.662,query,63153,11522598585748,pgAdmin 4 Helper (Renderer),275646288,2.203399625
3,pgadmin,9.662,query,63126,11522505014500,pgAdmin 4 Helper,237782000,0.365735083
3,pgadmin,9.662,query,63129,11522508771360,Python,159433520,3.274692042
3,pgadmin,9.662,query,63123,11522493764510,pgAdmin 4,62981920,0.667440875
3,pgadmin,9.662,query,63169,11522645935323,com.apple.SafariPlatformSupport,9585240,0.111641500
3,pgadmin,9.662,query,63127,11522505096563,pgAdmin 4 Helper,8569720,0.217003750
3,pgadmin,9.917,query,63153,11522598585748,pgAdmin 4 Helper (Renderer),275728208,2.231255667
3,pgadmin,9.917,query,63126,11522505014500,pgAdmin 4 Helper,237765616,0.375913375
3,pgadmin,9.917,query,63129,11522508771360,Python,159433520,3.274692042
3,pgadmin,9.917,query,63123,11522493764510,pgAdmin 4,62981920,0.667440875
3,pgadmin,9.917,query,63169,11522645935323,com.apple.SafariPlatformSupport,9585240,0.111641500
3,pgadmin,9.917,query,63127,11522505096563,pgAdmin 4 Helper,8569720,0.217003750
3,pgadmin,10.173,query,63153,11522598585748,pgAdmin 4 Helper (Renderer),279988072,2.296495375
3,pgadmin,10.173,query,63126,11522505014500,pgAdmin 4 Helper,237782000,0.382238375
3,pgadmin,10.173,query,63129,11522508771360,Python,159433520,3.284243458
3,pgadmin,10.173,query,63123,11522493764510,pgAdmin 4,62981920,0.668665292
3,pgadmin,10.173,query,63169,11522645935323,com.apple.SafariPlatformSupport,9585240,0.111641500
3,pgadmin,10.173,query,63127,11522505096563,pgAdmin 4 Helper,8569720,0.221746625
3,pgadmin,10.428,query,63153,11522598585748,pgAdmin 4 Helper (Renderer),280151912,2.323423917
3,pgadmin,10.428,query,63126,11522505014500,pgAdmin 4 Helper,237749232,0.391358792
3,pgadmin,10.428,query,63129,11522508771360,Python,159433520,3.284243458
3,pgadmin,10.428,query,63123,11522493764510,pgAdmin 4,62981920,0.668665292
3,pgadmin,10.428,query,63169,11522645935323,com.apple.SafariPlatformSupport,9585240,0.111641500
3,pgadmin,10.428,query,63127,11522505096563,pgAdmin 4 Helper,8569720,0.221746625
3,pgadmin,10.682,query,63153,11522598585748,pgAdmin 4 Helper (Renderer),280299368,2.350805750
3,pgadmin,10.682,query,63126,11522505014500,pgAdmin 4 Helper,237765616,0.398929708
3,pgadmin,10.682,query,63129,11522508771360,Python,159417112,3.285410417
3,pgadmin,10.682,query,63123,11522493764510,pgAdmin 4,62981920,0.669029000
3,pgadmin,10.682,query,63169,11522645935323,com.apple.SafariPlatformSupport,9585240,0.111795958
3,pgadmin,10.682,query,63127,11522505096563,pgAdmin 4 Helper,8569720,0.221746625
3,pgadmin,10.937,query,63153,11522598585748,pgAdmin 4 Helper (Renderer),280430440,2.380627667
3,pgadmin,10.937,query,63126,11522505014500,pgAdmin 4 Helper,237749232,0.406552917
3,pgadmin,10.937,query,63129,11522508771360,Python,159417112,3.285410417
3,pgadmin,10.937,query,63123,11522493764510,pgAdmin 4,62981920,0.669029000
3,pgadmin,10.937,query,63169,11522645935323,com.apple.SafariPlatformSupport,9585240,0.111795958
3,pgadmin,10.937,query,63127,11522505096563,pgAdmin 4 Helper,8569720,0.221746625
3,pgadmin,11.193,query,63153,11522598585748,pgAdmin 4 Helper (Renderer),280594280,2.404064625
3,pgadmin,11.193,query,63129,11522508771360,Python,159417112,3.285451500
3,pgadmin,11.193,query,63126,11522505014500,pgAdmin 4 Helper,104563696,0.425455208
3,pgadmin,11.193,query,63123,11522493764510,pgAdmin 4,62900000,0.669462417
3,pgadmin,11.193,query,63169,11522645935323,com.apple.SafariPlatformSupport,9585240,0.111795958
3,pgadmin,11.193,query,63127,11522505096563,pgAdmin 4 Helper,8569720,0.221746625
3,pgadmin,11.448,query,63153,11522598585748,pgAdmin 4 Helper (Renderer),280725352,2.431273667
3,pgadmin,11.448,query,63129,11522508771360,Python,159417112,3.285451500
3,pgadmin,11.448,query,63126,11522505014500,pgAdmin 4 Helper,104547312,0.432552333
3,pgadmin,11.448,query,63123,11522493764510,pgAdmin 4,62900000,0.669685208
3,pgadmin,11.448,query,63169,11522645935323,com.apple.SafariPlatformSupport,9585240,0.111795958
3,pgadmin,11.448,query,63127,11522505096563,pgAdmin 4 Helper,8569720,0.221746625
3,pgadmin,11.703,query,63153,11522598585748,pgAdmin 4 Helper (Renderer),280856424,2.460277833
3,pgadmin,11.703,query,63129,11522508771360,Python,159417112,3.285557333
3,pgadmin,11.703,query,63126,11522505014500,pgAdmin 4 Helper,104547312,0.442220333
3,pgadmin,11.703,query,63123,11522493764510,pgAdmin 4,62883616,0.670657000
3,pgadmin,11.703,query,63169,11522645935323,com.apple.SafariPlatformSupport,9585240,0.112360458
3,pgadmin,11.703,query,63127,11522505096563,pgAdmin 4 Helper,8569720,0.221746625
3,pgadmin,11.957,query,63153,11522598585748,pgAdmin 4 Helper (Renderer),281003880,2.489514042
3,pgadmin,11.957,query,63129,11522508771360,Python,159417112,3.285557333
3,pgadmin,11.957,query,63126,11522505014500,pgAdmin 4 Helper,104530928,0.449522042
3,pgadmin,11.957,query,63123,11522493764510,pgAdmin 4,62883616,0.670657000
3,pgadmin,11.957,query,63169,11522645935323,com.apple.SafariPlatformSupport,9585240,0.112360458
3,pgadmin,11.957,query,63127,11522505096563,pgAdmin 4 Helper,8569720,0.221746625
3,pgadmin,12.211,query,63153,11522598585748,pgAdmin 4 Helper (Renderer),283821928,2.532255542
3,pgadmin,12.211,query,63129,11522508771360,Python,159417112,3.294654500
3,pgadmin,12.211,query,63126,11522505014500,pgAdmin 4 Helper,104563696,0.458424375
3,pgadmin,12.211,query,63123,11522493764510,pgAdmin 4,62883616,0.672132875
3,pgadmin,12.211,query,63169,11522645935323,com.apple.SafariPlatformSupport,9585240,0.112360458
3,pgadmin,12.211,query,63127,11522505096563,pgAdmin 4 Helper,8569720,0.227317417
3,pgadmin,12.466,query,63153,11522598585748,pgAdmin 4 Helper (Renderer),283969384,2.559897833
3,pgadmin,12.466,query,63129,11522508771360,Python,159417112,3.294654500
3,pgadmin,12.466,query,63126,11522505014500,pgAdmin 4 Helper,104547312,0.465319458
3,pgadmin,12.466,query,63123,11522493764510,pgAdmin 4,62883616,0.672132875
3,pgadmin,12.466,query,63169,11522645935323,com.apple.SafariPlatformSupport,9585240,0.112360458
3,pgadmin,12.466,query,63127,11522505096563,pgAdmin 4 Helper,8569720,0.227317417
3,pgadmin,12.718,query,63153,11522598585748,pgAdmin 4 Helper (Renderer),284100456,2.586918208
3,pgadmin,12.718,query,63129,11522508771360,Python,159417112,3.294757042
3,pgadmin,12.718,query,63126,11522505014500,pgAdmin 4 Helper,104563696,0.472917292
3,pgadmin,12.718,query,63123,11522493764510,pgAdmin 4,62883616,0.672192542
3,pgadmin,12.718,query,63169,11522645935323,com.apple.SafariPlatformSupport,9585240,0.112360458
3,pgadmin,12.718,query,63127,11522505096563,pgAdmin 4 Helper,8569720,0.227372750
3,pgadmin,12.973,query,63153,11522598585748,pgAdmin 4 Helper (Renderer),284264296,2.604637333
3,pgadmin,12.973,query,63129,11522508771360,Python,159417112,3.294757042
3,pgadmin,12.973,query,63126,11522505014500,pgAdmin 4 Helper,104530928,0.479006417
3,pgadmin,12.973,query,63123,11522493764510,pgAdmin 4,62883616,0.673475875
3,pgadmin,12.973,query,63169,11522645935323,com.apple.SafariPlatformSupport,9585240,0.112360458
3,pgadmin,12.973,query,63127,11522505096563,pgAdmin 4 Helper,8569720,0.227372750
3,pgadmin,13.224,query,63153,11522598585748,pgAdmin 4 Helper (Renderer),284411752,2.622047875
3,pgadmin,13.224,query,63129,11522508771360,Python,159417112,3.294817750
3,pgadmin,13.224,query,63126,11522505014500,pgAdmin 4 Helper,104547312,0.484377750
3,pgadmin,13.224,query,63123,11522493764510,pgAdmin 4,62883616,0.673475875
3,pgadmin,13.224,query,63169,11522645935323,com.apple.SafariPlatformSupport,9585240,0.112360458
3,pgadmin,13.224,query,63127,11522505096563,pgAdmin 4 Helper,8569720,0.227372750
3,pgadmin,13.479,query,63153,11522598585748,pgAdmin 4 Helper (Renderer),284542824,2.644322875
3,pgadmin,13.479,query,63129,11522508771360,Python,159417112,3.294909792
3,pgadmin,13.479,query,63126,11522505014500,pgAdmin 4 Helper,104547312,0.492546083
3,pgadmin,13.479,query,63123,11522493764510,pgAdmin 4,62883616,0.673475875
3,pgadmin,13.479,query,63169,11522645935323,com.apple.SafariPlatformSupport,9585240,0.112360458
3,pgadmin,13.479,query,63127,11522505096563,pgAdmin 4 Helper,8569720,0.227372750
3,pgadmin,13.734,query,63153,11522598585748,pgAdmin 4 Helper (Renderer),284690280,2.666770625
3,pgadmin,13.734,query,63129,11522508771360,Python,159417112,3.294909792
3,pgadmin,13.734,query,63126,11522505014500,pgAdmin 4 Helper,104563696,0.499584333
3,pgadmin,13.734,query,63123,11522493764510,pgAdmin 4,62883616,0.673475875
3,pgadmin,13.734,query,63169,11522645935323,com.apple.SafariPlatformSupport,9585240,0.112360458
3,pgadmin,13.734,query,63127,11522505096563,pgAdmin 4 Helper,8569720,0.227372750
3,pgadmin,13.989,query,63153,11522598585748,pgAdmin 4 Helper (Renderer),287508328,2.697811208
3,pgadmin,13.989,query,63129,11522508771360,Python,159433496,3.302177333
3,pgadmin,13.989,query,63126,11522505014500,pgAdmin 4 Helper,104563696,0.504711167
3,pgadmin,13.989,query,63123,11522493764510,pgAdmin 4,62883616,0.674248917
3,pgadmin,13.989,query,63169,11522645935323,com.apple.SafariPlatformSupport,9585264,0.112564208
3,pgadmin,13.989,query,63127,11522505096563,pgAdmin 4 Helper,8569720,0.230401250
3,pgadmin,14.241,query,63153,11522598585748,pgAdmin 4 Helper (Renderer),295126888,2.739261708
3,pgadmin,14.241,query,63129,11522508771360,Python,159433496,3.302177333
3,pgadmin,14.241,query,63126,11522505014500,pgAdmin 4 Helper,104530928,0.511294375
3,pgadmin,14.241,query,63123,11522493764510,pgAdmin 4,62883616,0.674248917
3,pgadmin,14.241,query,63169,11522645935323,com.apple.SafariPlatformSupport,9585264,0.112564208
3,pgadmin,14.241,query,63127,11522505096563,pgAdmin 4 Helper,8569720,0.230401250
3,pgadmin,14.496,query,63153,11522598585748,pgAdmin 4 Helper (Renderer),295274344,2.759677000
3,pgadmin,14.496,query,63129,11522508771360,Python,159433496,3.302265000
3,pgadmin,14.496,query,63126,11522505014500,pgAdmin 4 Helper,104530928,0.516459417
3,pgadmin,14.496,query,63123,11522493764510,pgAdmin 4,62883616,0.674443750
3,pgadmin,14.496,query,63169,11522645935323,com.apple.SafariPlatformSupport,9585264,0.112564208
3,pgadmin,14.496,query,63127,11522505096563,pgAdmin 4 Helper,8569720,0.230401250
3,pgadmin,14.751,query,63153,11522598585748,pgAdmin 4 Helper (Renderer),295421800,2.778536667
3,pgadmin,14.751,query,63129,11522508771360,Python,159433496,3.302265000
3,pgadmin,14.751,query,63126,11522505014500,pgAdmin 4 Helper,104547312,0.524195625
3,pgadmin,14.751,query,63123,11522493764510,pgAdmin 4,62883616,0.674613042
3,pgadmin,14.751,query,63169,11522645935323,com.apple.SafariPlatformSupport,9585264,0.112564208
3,pgadmin,14.751,query,63127,11522505096563,pgAdmin 4 Helper,8569720,0.230401250
3,pgadmin,15.006,query,63153,11522598585748,pgAdmin 4 Helper (Renderer),295585640,2.798368042
3,pgadmin,15.006,query,63129,11522508771360,Python,159433496,3.302326917
3,pgadmin,15.006,query,63126,11522505014500,pgAdmin 4 Helper,104547312,0.529210708
3,pgadmin,15.006,query,63123,11522493764510,pgAdmin 4,62883616,0.674655000
3,pgadmin,15.006,query,63169,11522645935323,com.apple.SafariPlatformSupport,9585264,0.112564208
3,pgadmin,15.006,query,63127,11522505096563,pgAdmin 4 Helper,8569720,0.230401250
3,pgadmin,15.257,query,63153,11522598585748,pgAdmin 4 Helper (Renderer),295749480,2.817834417
3,pgadmin,15.257,query,63129,11522508771360,Python,159433496,3.302326917
3,pgadmin,15.257,query,63126,11522505014500,pgAdmin 4 Helper,104530928,0.535420125
3,pgadmin,15.257,query,63123,11522493764510,pgAdmin 4,62883616,0.674655000
3,pgadmin,15.257,query,63169,11522645935323,com.apple.SafariPlatformSupport,9585264,0.112564208
3,pgadmin,15.257,query,63127,11522505096563,pgAdmin 4 Helper,8569720,0.230401250
3,pgadmin,15.512,query,63153,11522598585748,pgAdmin 4 Helper (Renderer),295896936,2.837975667
3,pgadmin,15.512,query,63129,11522508771360,Python,159433496,3.302378958
3,pgadmin,15.512,query,63126,11522505014500,pgAdmin 4 Helper,104530928,0.540652542
3,pgadmin,15.512,query,63123,11522493764510,pgAdmin 4,62883616,0.675639750
3,pgadmin,15.512,query,63169,11522645935323,com.apple.SafariPlatformSupport,9585264,0.112564208
3,pgadmin,15.512,query,63127,11522505096563,pgAdmin 4 Helper,8569720,0.230401250
3,pgadmin,15.765,query,63153,11522598585748,pgAdmin 4 Helper (Renderer),296290152,2.865092417
3,pgadmin,15.765,query,63129,11522508771360,Python,159433496,3.302378958
3,pgadmin,15.765,query,63126,11522505014500,pgAdmin 4 Helper,125912048,0.550172667
3,pgadmin,15.765,query,63123,11522493764510,pgAdmin 4,62949152,0.684486750
3,pgadmin,15.765,query,63169,11522645935323,com.apple.SafariPlatformSupport,9585264,0.112564208
3,pgadmin,15.765,query,63127,11522505096563,pgAdmin 4 Helper,8569720,0.230401250
3,pgadmin,16.019,query,63153,11522598585748,pgAdmin 4 Helper (Renderer),312395624,3.053986333
3,pgadmin,16.019,query,63126,11522505014500,pgAdmin 4 Helper,183075848,0.581567917
3,pgadmin,16.019,query,63129,11522508771360,Python,161334040,3.335200667
3,pgadmin,16.019,query,63123,11522493764510,pgAdmin 4,63522616,0.700425542
3,pgadmin,16.019,query,63169,11522645935323,com.apple.SafariPlatformSupport,9552496,0.112955667
3,pgadmin,16.019,query,63127,11522505096563,pgAdmin 4 Helper,8569720,0.236877042
3,pgadmin,16.274,query,63153,11522598585748,pgAdmin 4 Helper (Renderer),312641384,3.082703042
3,pgadmin,16.274,query,63126,11522505014500,pgAdmin 4 Helper,183731208,0.594947583
3,pgadmin,16.274,query,63129,11522508771360,Python,161268504,3.335296333
3,pgadmin,16.274,query,63123,11522493764510,pgAdmin 4,63522616,0.701517292
3,pgadmin,16.274,query,63169,11522645935323,com.apple.SafariPlatformSupport,9552496,0.112955667
3,pgadmin,16.274,query,63127,11522505096563,pgAdmin 4 Helper,8569720,0.236877042
3,pgadmin,16.529,query,63153,11522598585748,pgAdmin 4 Helper (Renderer),312723304,3.102745125
3,pgadmin,16.529,query,63126,11522505014500,pgAdmin 4 Helper,183731208,0.601496292
3,pgadmin,16.529,query,63129,11522508771360,Python,161268504,3.335397042
3,pgadmin,16.529,query,63123,11522493764510,pgAdmin 4,63522616,0.702517333
3,pgadmin,16.529,query,63169,11522645935323,com.apple.SafariPlatformSupport,9552496,0.112955667
3,pgadmin,16.529,query,63127,11522505096563,pgAdmin 4 Helper,8569720,0.236877042
3,pgadmin,16.782,query,63153,11522598585748,pgAdmin 4 Helper (Renderer),312805224,3.119416542
3,pgadmin,16.782,query,63126,11522505014500,pgAdmin 4 Helper,183731208,0.607037958
3,pgadmin,16.782,query,63129,11522508771360,Python,161268504,3.335397042
3,pgadmin,16.782,query,63123,11522493764510,pgAdmin 4,63522616,0.702517333
3,pgadmin,16.782,query,63169,11522645935323,com.apple.SafariPlatformSupport,9552496,0.112955667
3,pgadmin,16.782,query,63127,11522505096563,pgAdmin 4 Helper,8569720,0.236877042
3,pgadmin,17.037,query,63153,11522598585748,pgAdmin 4 Helper (Renderer),312887144,3.136241333
3,pgadmin,17.037,query,63126,11522505014500,pgAdmin 4 Helper,183731208,0.612781333
3,pgadmin,17.037,query,63129,11522508771360,Python,161268504,3.335463750
3,pgadmin,17.037,query,63123,11522493764510,pgAdmin 4,63555384,0.702898125
3,pgadmin,17.037,query,63169,11522645935323,com.apple.SafariPlatformSupport,9552496,0.113135292
3,pgadmin,17.037,query,63127,11522505096563,pgAdmin 4 Helper,8569720,0.236877042
3,pgadmin,17.291,query,63153,11522598585748,pgAdmin 4 Helper (Renderer),312969064,3.156036958
3,pgadmin,17.291,query,63126,11522505014500,pgAdmin 4 Helper,179405832,0.619324042
3,pgadmin,17.291,query,63129,11522508771360,Python,161268504,3.335463750
3,pgadmin,17.291,query,63123,11522493764510,pgAdmin 4,63555384,0.702898125
3,pgadmin,17.291,query,63169,11522645935323,com.apple.SafariPlatformSupport,9552496,0.113135292
3,pgadmin,17.291,query,63127,11522505096563,pgAdmin 4 Helper,8569720,0.236877042
3,pgadmin,17.546,query,63153,11522598585748,pgAdmin 4 Helper (Renderer),320620392,3.288057125
3,pgadmin,17.546,query,63126,11522505014500,pgAdmin 4 Helper,220562464,0.667095750
3,pgadmin,17.546,query,63129,11522508771360,Python,161268504,3.335544708
3,pgadmin,17.546,query,63123,11522493764510,pgAdmin 4,64210744,0.719590833
3,pgadmin,17.546,query,63169,11522645935323,com.apple.SafariPlatformSupport,9552496,0.113135292
3,pgadmin,17.546,query,63127,11522505096563,pgAdmin 4 Helper,8569720,0.236877042
3,pgadmin,17.800,query,63153,11522598585748,pgAdmin 4 Helper (Renderer),334956416,3.426320125
3,pgadmin,17.800,query,63126,11522505014500,pgAdmin 4 Helper,237192224,0.707934167
3,pgadmin,17.800,query,63129,11522508771360,Python,161268504,3.335544708
3,pgadmin,17.800,query,63123,11522493764510,pgAdmin 4,64767800,0.734894083
3,pgadmin,17.800,query,63169,11522645935323,com.apple.SafariPlatformSupport,9552496,0.113135292
3,pgadmin,17.800,query,63127,11522505096563,pgAdmin 4 Helper,8569720,0.236877042
3,pgadmin,18.055,query,63153,11522598585748,pgAdmin 4 Helper (Renderer),337889152,3.507010000
3,pgadmin,18.055,query,63126,11522505014500,pgAdmin 4 Helper,236192800,0.728121167
3,pgadmin,18.055,query,63129,11522508771360,Python,161268504,3.339602375
3,pgadmin,18.055,query,63123,11522493764510,pgAdmin 4,64767800,0.745710333
3,pgadmin,18.055,query,63169,11522645935323,com.apple.SafariPlatformSupport,9552496,0.113135292
3,pgadmin,18.055,query,63127,11522505096563,pgAdmin 4 Helper,8569720,0.238946542
3,pgadmin,18.308,query,63153,11522598585748,pgAdmin 4 Helper (Renderer),341755776,3.578818208
3,pgadmin,18.308,query,63126,11522505014500,pgAdmin 4 Helper,236225568,0.752719000
3,pgadmin,18.308,query,63129,11522508771360,Python,161268504,3.339602375
3,pgadmin,18.308,query,63123,11522493764510,pgAdmin 4,64767800,0.757013708
3,pgadmin,18.308,query,63169,11522645935323,com.apple.SafariPlatformSupport,9552496,0.113135292
3,pgadmin,18.308,query,63127,11522505096563,pgAdmin 4 Helper,8569720,0.238946542
3,pgadmin,18.563,query,63153,11522598585748,pgAdmin 4 Helper (Renderer),349620096,3.719076500
3,pgadmin,18.563,query,63126,11522505014500,pgAdmin 4 Helper,236225592,0.792776583
3,pgadmin,18.563,query,63129,11522508771360,Python,161268504,3.339670917
3,pgadmin,18.563,query,63123,11522493764510,pgAdmin 4,64816952,0.775255417
3,pgadmin,18.563,query,63169,11522645935323,com.apple.SafariPlatformSupport,9552496,0.113135292
3,pgadmin,18.563,query,63127,11522505096563,pgAdmin 4 Helper,8569720,0.238946542
3,pgadmin,18.817,query,63153,11522598585748,pgAdmin 4 Helper (Renderer),354142080,3.808868333
3,pgadmin,18.817,query,63126,11522505014500,pgAdmin 4 Helper,236241976,0.823978000
3,pgadmin,18.817,query,63129,11522508771360,Python,161268504,3.339670917
3,pgadmin,18.817,query,63123,11522493764510,pgAdmin 4,64816952,0.788434792
3,pgadmin,18.817,query,63169,11522645935323,com.apple.SafariPlatformSupport,9552496,0.113135292
3,pgadmin,18.817,query,63127,11522505096563,pgAdmin 4 Helper,8569720,0.238946542
3,pgadmin,19.071,query,63153,11522598585748,pgAdmin 4 Helper (Renderer),358336384,3.869470500
3,pgadmin,19.071,query,63126,11522505014500,pgAdmin 4 Helper,236225592,0.845464167
3,pgadmin,19.071,query,63129,11522508771360,Python,161268504,3.339708500
3,pgadmin,19.071,query,63123,11522493764510,pgAdmin 4,64833336,0.796339125
3,pgadmin,19.071,query,63169,11522645935323,com.apple.SafariPlatformSupport,9552496,0.113135292
3,pgadmin,19.071,query,63127,11522505096563,pgAdmin 4 Helper,8569720,0.238946542
3,pgadmin,19.322,query,63153,11522598585748,pgAdmin 4 Helper (Renderer),365184896,4.011048958
3,pgadmin,19.322,query,63126,11522505014500,pgAdmin 4 Helper,236848184,0.886491042
3,pgadmin,19.322,query,63129,11522508771360,Python,161268504,3.339708500
3,pgadmin,19.322,query,63123,11522493764510,pgAdmin 4,64833336,0.814395792
3,pgadmin,19.322,query,63169,11522645935323,com.apple.SafariPlatformSupport,9552496,0.113135292
3,pgadmin,19.322,query,63127,11522505096563,pgAdmin 4 Helper,8569720,0.238946542
3,pgadmin,19.577,query,63153,11522598585748,pgAdmin 4 Helper (Renderer),373114752,4.107284625
3,pgadmin,19.577,query,63126,11522505014500,pgAdmin 4 Helper,236848184,0.920179208
3,pgadmin,19.577,query,63129,11522508771360,Python,161268504,3.339742042
3,pgadmin,19.577,query,63123,11522493764510,pgAdmin 4,64915256,0.826771167
3,pgadmin,19.577,query,63169,11522645935323,com.apple.SafariPlatformSupport,9552496,0.113135292
3,pgadmin,19.577,query,63127,11522505096563,pgAdmin 4 Helper,8569720,0.238946542
3,pgadmin,19.832,query,63153,11522598585748,pgAdmin 4 Helper (Renderer),378570672,4.210949125
3,pgadmin,19.832,query,63126,11522505014500,pgAdmin 4 Helper,236848184,0.950038250
3,pgadmin,19.832,query,63129,11522508771360,Python,161268504,3.339742042
3,pgadmin,19.832,query,63123,11522493764510,pgAdmin 4,64931640,0.840717500
3,pgadmin,19.832,query,63169,11522645935323,com.apple.SafariPlatformSupport,9552496,0.113135292
3,pgadmin,19.832,query,63127,11522505096563,pgAdmin 4 Helper,8569720,0.238946542
3,pgadmin,20.087,query,63153,11522598585748,pgAdmin 4 Helper (Renderer),382388144,4.328247917
3,pgadmin,20.087,query,63126,11522505014500,pgAdmin 4 Helper,241583160,0.988878542
3,pgadmin,20.087,query,63129,11522508771360,Python,161268504,3.343942667
3,pgadmin,20.087,query,63123,11522493764510,pgAdmin 4,64931640,0.853760958
3,pgadmin,20.087,query,63169,11522645935323,com.apple.SafariPlatformSupport,9552496,0.113135292
3,pgadmin,20.087,query,63127,11522505096563,pgAdmin 4 Helper,8569720,0.240930542
3,pgadmin,20.342,query,63153,11522598585748,pgAdmin 4 Helper (Renderer),385927088,4.394078708
3,pgadmin,20.342,query,63126,11522505014500,pgAdmin 4 Helper,241583160,1.006417292
3,pgadmin,20.342,query,63129,11522508771360,Python,161268504,3.343942667
3,pgadmin,20.342,query,63123,11522493764510,pgAdmin 4,64964408,0.866169042
3,pgadmin,20.342,query,63169,11522645935323,com.apple.SafariPlatformSupport,9552496,0.113135292
3,pgadmin,20.342,query,63127,11522505096563,pgAdmin 4 Helper,8569720,0.240930542
3,pgadmin,20.594,query,63153,11522598585748,pgAdmin 4 Helper (Renderer),389679024,4.477364750
3,pgadmin,20.594,query,63126,11522505014500,pgAdmin 4 Helper,241632312,1.036049792
3,pgadmin,20.594,query,63129,11522508771360,Python,161268504,3.344004875
3,pgadmin,20.594,query,63123,11522493764510,pgAdmin 4,64964408,0.878717875
3,pgadmin,20.594,query,63169,11522645935323,com.apple.SafariPlatformSupport,9552496,0.113135292
3,pgadmin,20.594,query,63127,11522505096563,pgAdmin 4 Helper,8569720,0.240930542
3,pgadmin,20.849,query,63153,11522598585748,pgAdmin 4 Helper (Renderer),396134320,4.599254333
3,pgadmin,20.849,query,63126,11522505014500,pgAdmin 4 Helper,233473080,1.074203958
3,pgadmin,20.849,query,63129,11522508771360,Python,161268504,3.344004875
3,pgadmin,20.849,query,63123,11522493764510,pgAdmin 4,64997176,0.897111708
3,pgadmin,20.849,query,63169,11522645935323,com.apple.SafariPlatformSupport,9552496,0.113135292
3,pgadmin,20.849,query,63127,11522505096563,pgAdmin 4 Helper,8569720,0.240930542
3,pgadmin,21.100,query,63153,11522598585748,pgAdmin 4 Helper (Renderer),409208752,4.715114958
3,pgadmin,21.100,query,63126,11522505014500,pgAdmin 4 Helper,229229624,1.107403250
3,pgadmin,21.100,query,63129,11522508771360,Python,161268504,3.344042708
3,pgadmin,21.100,query,63123,11522493764510,pgAdmin 4,64997176,0.913033625
3,pgadmin,21.100,query,63169,11522645935323,com.apple.SafariPlatformSupport,9552496,0.113135292
3,pgadmin,21.100,query,63127,11522505096563,pgAdmin 4 Helper,8569720,0.240930542
3,pgadmin,21.355,query,63153,11522598585748,pgAdmin 4 Helper (Renderer),406980528,5.097844250
3,pgadmin,21.355,query,63126,11522505014500,pgAdmin 4 Helper,229000224,1.125857375
3,pgadmin,21.355,query,63129,11522508771360,Python,161268504,3.344042708
3,pgadmin,21.355,query,63123,11522493764510,pgAdmin 4,65029944,0.927695083
3,pgadmin,21.355,query,63169,11522645935323,com.apple.SafariPlatformSupport,9552496,0.113135292
3,pgadmin,21.355,query,63127,11522505096563,pgAdmin 4 Helper,8569720,0.240930542
3,pgadmin,21.610,query,63153,11522598585748,pgAdmin 4 Helper (Renderer),408471472,5.201575458
3,pgadmin,21.610,query,63126,11522505014500,pgAdmin 4 Helper,229000224,1.159187792
3,pgadmin,21.610,query,63129,11522508771360,Python,161268504,3.344070917
3,pgadmin,21.610,query,63123,11522493764510,pgAdmin 4,65668944,0.943350542
3,pgadmin,21.610,query,63169,11522645935323,com.apple.SafariPlatformSupport,9552496,0.113135292
3,pgadmin,21.610,query,63127,11522505096563,pgAdmin 4 Helper,8569720,0.240930542
3,pgadmin,21.866,query,63153,11522598585748,pgAdmin 4 Helper (Renderer),408389552,5.251153667
3,pgadmin,21.866,query,63126,11522505014500,pgAdmin 4 Helper,228983840,1.176001667
3,pgadmin,21.866,query,63129,11522508771360,Python,161268504,3.344070917
3,pgadmin,21.866,query,63123,11522493764510,pgAdmin 4,65685328,0.949979250
3,pgadmin,21.866,query,63169,11522645935323,com.apple.SafariPlatformSupport,9552496,0.113135292
3,pgadmin,21.866,query,63127,11522505096563,pgAdmin 4 Helper,8569720,0.241759833
3,pgadmin,22.120,query,63153,11522598585748,pgAdmin 4 Helper (Renderer),412141488,5.370048917
3,pgadmin,22.120,query,63126,11522505014500,pgAdmin 4 Helper,229000224,1.200730208
3,pgadmin,22.120,query,63129,11522508771360,Python,161268504,3.354630625
3,pgadmin,22.120,query,63123,11522493764510,pgAdmin 4,65701712,0.964281458
3,pgadmin,22.120,query,63169,11522645935323,com.apple.SafariPlatformSupport,9552496,0.113135292
3,pgadmin,22.120,query,63127,11522505096563,pgAdmin 4 Helper,8569720,0.245602792
3,pgadmin,22.376,query,63153,11522598585748,pgAdmin 4 Helper (Renderer),412993456,5.499893875
3,pgadmin,22.376,query,63126,11522505014500,pgAdmin 4 Helper,229000224,1.231531917
3,pgadmin,22.376,query,63129,11522508771360,Python,161268504,3.354685958
3,pgadmin,22.376,query,63123,11522493764510,pgAdmin 4,65718096,0.981301833
3,pgadmin,22.376,query,63169,11522645935323,com.apple.SafariPlatformSupport,9552496,0.113135292
3,pgadmin,22.376,query,63127,11522505096563,pgAdmin 4 Helper,8569720,0.245602792
3,pgadmin,22.630,query,63153,11522598585748,pgAdmin 4 Helper (Renderer),413009840,5.555251167
3,pgadmin,22.630,query,63126,11522505014500,pgAdmin 4 Helper,228934688,1.248668583
3,pgadmin,22.630,query,63129,11522508771360,Python,161268504,3.354685958
3,pgadmin,22.630,query,63123,11522493764510,pgAdmin 4,65718096,0.997136167
3,pgadmin,22.630,query,63169,11522645935323,com.apple.SafariPlatformSupport,9536112,0.113194000
3,pgadmin,22.630,query,63127,11522505096563,pgAdmin 4 Helper,8569720,0.245602792
3,pgadmin,22.885,query,63153,11522598585748,pgAdmin 4 Helper (Renderer),413009840,5.576764542
3,pgadmin,22.885,query,63126,11522505014500,pgAdmin 4 Helper,226460704,1.256907750
3,pgadmin,22.885,query,63129,11522508771360,Python,161268504,3.354787083
3,pgadmin,22.885,query,63123,11522493764510,pgAdmin 4,65718096,1.000309458
3,pgadmin,22.885,query,63169,11522645935323,com.apple.SafariPlatformSupport,9536112,0.113194000
3,pgadmin,22.885,query,63127,11522505096563,pgAdmin 4 Helper,8569720,0.245602792
3,pgadmin,23.140,after-query,63153,11522598585748,pgAdmin 4 Helper (Renderer),413009840,5.598173458
3,pgadmin,23.140,after-query,63126,11522505014500,pgAdmin 4 Helper,226460704,1.263572792
3,pgadmin,23.140,after-query,63129,11522508771360,Python,161268504,3.354787083
3,pgadmin,23.140,after-query,63123,11522493764510,pgAdmin 4,65718096,1.000708708
3,pgadmin,23.140,after-query,63169,11522645935323,com.apple.SafariPlatformSupport,9536112,0.113194000
3,pgadmin,23.140,after-query,63127,11522505096563,pgAdmin 4 Helper,8569720,0.245602792
3,pgadmin,23.395,after-query,63153,11522598585748,pgAdmin 4 Helper (Renderer),413009840,5.618872125
3,pgadmin,23.395,after-query,63126,11522505014500,pgAdmin 4 Helper,226460704,1.270342167
3,pgadmin,23.395,after-query,63129,11522508771360,Python,161268504,3.354894333
3,pgadmin,23.395,after-query,63123,11522493764510,pgAdmin 4,65718096,1.000708708
3,pgadmin,23.395,after-query,63169,11522645935323,com.apple.SafariPlatformSupport,9536112,0.113194000
3,pgadmin,23.395,after-query,63127,11522505096563,pgAdmin 4 Helper,8569720,0.245602792
3,pgadmin,23.650,after-query,63153,11522598585748,pgAdmin 4 Helper (Renderer),413009840,5.639673917
3,pgadmin,23.650,after-query,63126,11522505014500,pgAdmin 4 Helper,226460704,1.277214000
3,pgadmin,23.650,after-query,63129,11522508771360,Python,161268504,3.354894333
3,pgadmin,23.650,after-query,63123,11522493764510,pgAdmin 4,65718096,1.000708708
3,pgadmin,23.650,after-query,63169,11522645935323,com.apple.SafariPlatformSupport,9536112,0.113194000
3,pgadmin,23.650,after-query,63127,11522505096563,pgAdmin 4 Helper,8569720,0.245602792
3,pgadmin,23.901,after-query,63153,11522598585748,pgAdmin 4 Helper (Renderer),412731312,5.678758667
3,pgadmin,23.901,after-query,63126,11522505014500,pgAdmin 4 Helper,200246256,1.286382625
3,pgadmin,23.901,after-query,63129,11522508771360,Python,161268504,3.364288125
3,pgadmin,23.901,after-query,63123,11522493764510,pgAdmin 4,65718096,1.001858708
3,pgadmin,23.901,after-query,63169,11522645935323,com.apple.SafariPlatformSupport,9536112,0.113194000
3,pgadmin,23.901,after-query,63127,11522505096563,pgAdmin 4 Helper,8569720,0.249348667
3,pgadmin,24.156,after-query,63153,11522598585748,pgAdmin 4 Helper (Renderer),412731312,5.696096750
3,pgadmin,24.156,after-query,63126,11522505014500,pgAdmin 4 Helper,200213488,1.292378333
3,pgadmin,24.156,after-query,63129,11522508771360,Python,161268504,3.364288125
3,pgadmin,24.156,after-query,63123,11522493764510,pgAdmin 4,65718096,1.001858708
3,pgadmin,24.156,after-query,63169,11522645935323,com.apple.SafariPlatformSupport,9536112,0.113194000
3,pgadmin,24.156,after-query,63127,11522505096563,pgAdmin 4 Helper,8569720,0.249348667
3,pgadmin,24.411,after-query,63153,11522598585748,pgAdmin 4 Helper (Renderer),412731312,5.711459917
3,pgadmin,24.411,after-query,63126,11522505014500,pgAdmin 4 Helper,200213488,1.297952042
3,pgadmin,24.411,after-query,63129,11522508771360,Python,161268504,3.364393917
3,pgadmin,24.411,after-query,63123,11522493764510,pgAdmin 4,65718096,1.001858708
3,pgadmin,24.411,after-query,63169,11522645935323,com.apple.SafariPlatformSupport,9536112,0.113194000
3,pgadmin,24.411,after-query,63127,11522505096563,pgAdmin 4 Helper,8569720,0.249348667
3,pgadmin,24.666,after-query,63153,11522598585748,pgAdmin 4 Helper (Renderer),412731312,5.732200458
3,pgadmin,24.666,after-query,63126,11522505014500,pgAdmin 4 Helper,200213488,1.304903875
3,pgadmin,24.666,after-query,63129,11522508771360,Python,161268504,3.364393917
3,pgadmin,24.666,after-query,63123,11522493764510,pgAdmin 4,65750864,1.002519583
3,pgadmin,24.666,after-query,63169,11522645935323,com.apple.SafariPlatformSupport,9536112,0.113194000
3,pgadmin,24.666,after-query,63127,11522505096563,pgAdmin 4 Helper,8569720,0.249348667
3,pgadmin,24.922,after-query,63153,11522598585748,pgAdmin 4 Helper (Renderer),412731312,5.748018125
3,pgadmin,24.922,after-query,63126,11522505014500,pgAdmin 4 Helper,198607856,1.311196417
3,pgadmin,24.922,after-query,63129,11522508771360,Python,161268504,3.364450458
3,pgadmin,24.922,after-query,63123,11522493764510,pgAdmin 4,65750864,1.002591833
3,pgadmin,24.922,after-query,63169,11522645935323,com.apple.SafariPlatformSupport,9536112,0.113194000
3,pgadmin,24.922,after-query,63127,11522505096563,pgAdmin 4 Helper,8569720,0.249348667
3,pgadmin,25.177,after-query,63153,11522598585748,pgAdmin 4 Helper (Renderer),412731312,5.766627500
3,pgadmin,25.177,after-query,63126,11522505014500,pgAdmin 4 Helper,198607856,1.317677542
3,pgadmin,25.177,after-query,63129,11522508771360,Python,161268504,3.364450458
3,pgadmin,25.177,after-query,63123,11522493764510,pgAdmin 4,65750864,1.002591833
3,pgadmin,25.177,after-query,63169,11522645935323,com.apple.SafariPlatformSupport,9536112,0.113194000
3,pgadmin,25.177,after-query,63127,11522505096563,pgAdmin 4 Helper,8569720,0.249348667
3,pgadmin,25.432,after-query,63153,11522598585748,pgAdmin 4 Helper (Renderer),412731312,5.786585542
3,pgadmin,25.432,after-query,63126,11522505014500,pgAdmin 4 Helper,198607856,1.324069917
3,pgadmin,25.432,after-query,63129,11522508771360,Python,161268504,3.364542875
3,pgadmin,25.432,after-query,63123,11522493764510,pgAdmin 4,65750864,1.002591833
3,pgadmin,25.432,after-query,63169,11522645935323,com.apple.SafariPlatformSupport,9536112,0.113194000
3,pgadmin,25.432,after-query,63127,11522505096563,pgAdmin 4 Helper,8569720,0.249348667
3,pgadmin,25.687,after-query,63153,11522598585748,pgAdmin 4 Helper (Renderer),412731312,5.802814792
3,pgadmin,25.687,after-query,63126,11522505014500,pgAdmin 4 Helper,198624240,1.330172583
3,pgadmin,25.687,after-query,63129,11522508771360,Python,161268504,3.364542875
3,pgadmin,25.687,after-query,63123,11522493764510,pgAdmin 4,65750864,1.004645250
3,pgadmin,25.687,after-query,63169,11522645935323,com.apple.SafariPlatformSupport,9536112,0.113194000
3,pgadmin,25.687,after-query,63127,11522505096563,pgAdmin 4 Helper,8569720,0.249348667
3,pgadmin,25.943,after-query,63153,11522598585748,pgAdmin 4 Helper (Renderer),412731312,5.836913875
3,pgadmin,25.943,after-query,63126,11522505014500,pgAdmin 4 Helper,198624240,1.335758542
3,pgadmin,25.943,after-query,63129,11522508771360,Python,161268504,3.375260250
3,pgadmin,25.943,after-query,63123,11522493764510,pgAdmin 4,65750864,1.005765417
3,pgadmin,25.943,after-query,63169,11522645935323,com.apple.SafariPlatformSupport,9536112,0.113194000
3,pgadmin,25.943,after-query,63127,11522505096563,pgAdmin 4 Helper,8569720,0.254087250
3,pgadmin,26.196,after-query,63153,11522598585748,pgAdmin 4 Helper (Renderer),412731312,5.853924292
3,pgadmin,26.196,after-query,63126,11522505014500,pgAdmin 4 Helper,174801904,1.344205208
3,pgadmin,26.196,after-query,63129,11522508771360,Python,161268504,3.375260250
3,pgadmin,26.196,after-query,63123,11522493764510,pgAdmin 4,65750864,1.005765417
3,pgadmin,26.196,after-query,63169,11522645935323,com.apple.SafariPlatformSupport,9536112,0.113194000
3,pgadmin,26.196,after-query,63127,11522505096563,pgAdmin 4 Helper,8569720,0.254087250
3,pgadmin,26.451,after-query,63153,11522598585748,pgAdmin 4 Helper (Renderer),412747696,5.870503833
3,pgadmin,26.451,after-query,63126,11522505014500,pgAdmin 4 Helper,174801904,1.349859750
3,pgadmin,26.451,after-query,63129,11522508771360,Python,161268504,3.375347042
3,pgadmin,26.451,after-query,63123,11522493764510,pgAdmin 4,65750864,1.005957958
3,pgadmin,26.451,after-query,63169,11522645935323,com.apple.SafariPlatformSupport,9536112,0.113194000
3,pgadmin,26.451,after-query,63127,11522505096563,pgAdmin 4 Helper,8569720,0.254087250
3,pgadmin,26.706,after-query,63153,11522598585748,pgAdmin 4 Helper (Renderer),412764080,5.888021583
3,pgadmin,26.706,after-query,63126,11522505014500,pgAdmin 4 Helper,174801904,1.355770750
3,pgadmin,26.706,after-query,63129,11522508771360,Python,161268504,3.375347042
3,pgadmin,26.706,after-query,63123,11522493764510,pgAdmin 4,65701712,1.006110250
3,pgadmin,26.706,after-query,63169,11522645935323,com.apple.SafariPlatformSupport,9536112,0.113194000
3,pgadmin,26.706,after-query,63127,11522505096563,pgAdmin 4 Helper,8569720,0.254087250
3,pgadmin,26.960,after-query,63153,11522598585748,pgAdmin 4 Helper (Renderer),412764080,5.906760417
3,pgadmin,26.960,after-query,63126,11522505014500,pgAdmin 4 Helper,174801904,1.361900833
3,pgadmin,26.960,after-query,63129,11522508771360,Python,161268504,3.375439458
3,pgadmin,26.960,after-query,63123,11522493764510,pgAdmin 4,65701712,1.006110250
3,pgadmin,26.960,after-query,63169,11522645935323,com.apple.SafariPlatformSupport,9536112,0.113194000
3,pgadmin,26.960,after-query,63127,11522505096563,pgAdmin 4 Helper,8569720,0.254087250
3,pgadmin,27.212,after-query,63153,11522598585748,pgAdmin 4 Helper (Renderer),412780464,5.927635125
3,pgadmin,27.212,after-query,63126,11522505014500,pgAdmin 4 Helper,174801904,1.368473875
3,pgadmin,27.212,after-query,63129,11522508771360,Python,161268504,3.375439458
3,pgadmin,27.212,after-query,63123,11522493764510,pgAdmin 4,65701712,1.006110250
3,pgadmin,27.212,after-query,63169,11522645935323,com.apple.SafariPlatformSupport,9536112,0.113194000
3,pgadmin,27.212,after-query,63127,11522505096563,pgAdmin 4 Helper,8569720,0.254087250
3,pgadmin,27.467,after-query,63153,11522598585748,pgAdmin 4 Helper (Renderer),412780464,5.947060792
3,pgadmin,27.467,after-query,63126,11522505014500,pgAdmin 4 Helper,174801904,1.374867583
3,pgadmin,27.467,after-query,63129,11522508771360,Python,161268504,3.375532875
3,pgadmin,27.467,after-query,63123,11522493764510,pgAdmin 4,65701712,1.006110250
3,pgadmin,27.467,after-query,63169,11522645935323,com.apple.SafariPlatformSupport,9536112,0.113194000
3,pgadmin,27.467,after-query,63127,11522505096563,pgAdmin 4 Helper,8569720,0.254087250
3,dbgate,0.255,launch,63293,11523297405167,DbGate,9585528,0.104735750
3,dbgate,0.510,launch,63293,11523297405167,DbGate,40895952,0.295345833
3,dbgate,0.510,launch,63298,11523307618701,DbGate Helper,5997384,0.041674125
3,dbgate,0.510,launch,63297,11523307476878,DbGate Helper (GPU),5817136,0.048332375
3,dbgate,0.765,launch,63293,11523297405167,DbGate,64112128,0.462261333
3,dbgate,0.765,launch,63297,11523307476878,DbGate Helper (GPU),10863432,0.085040708
3,dbgate,0.765,launch,63298,11523307618701,DbGate Helper,5997384,0.041820750
3,dbgate,1.018,settle,63293,11523297405167,DbGate,88164080,0.603619833
3,dbgate,1.018,settle,63304,11523316661499,DbGate Helper (Renderer),82265360,0.179779167
3,dbgate,1.018,settle,63297,11523307476878,DbGate Helper (GPU),31081360,0.117834208
3,dbgate,1.018,settle,63298,11523307618701,DbGate Helper,6538080,0.046754292
3,dbgate,1.271,settle,63293,11523297405167,DbGate,110724848,0.753628708
3,dbgate,1.271,settle,63304,11523316661499,DbGate Helper (Renderer),82625904,0.373660208
3,dbgate,1.271,settle,63297,11523307476878,DbGate Helper (GPU),60900312,0.132278917
3,dbgate,1.271,settle,63306,11523325435847,DbGate Helper,12682320,0.061737042
3,dbgate,1.271,settle,63298,11523307618701,DbGate Helper,6538080,0.046754292
3,dbgate,1.521,settle,63297,11523307476878,DbGate Helper (GPU),230933536,0.211363667
3,dbgate,1.521,settle,63293,11523297405167,DbGate,119195376,0.847624042
3,dbgate,1.521,settle,63304,11523316661499,DbGate Helper (Renderer),105498112,0.552923958
3,dbgate,1.521,settle,63306,11523325435847,DbGate Helper,48022656,0.241395000
3,dbgate,1.521,settle,63308,11523327254777,DbGate Helper,41796760,0.201000500
3,dbgate,1.521,settle,63309,11523327327790,DbGate Helper,41763968,0.199247875
3,dbgate,1.521,settle,63298,11523307618701,DbGate Helper,7422816,0.053822833
3,dbgate,1.521,settle,63319,11523332270794,com.apple.SafariPlatformSupport,2851272,0.015938833
3,dbgate,1.774,settle,63297,11523307476878,DbGate Helper (GPU),231015456,0.221389708
3,dbgate,1.774,settle,63293,11523297405167,DbGate,119703280,0.863900458
3,dbgate,1.774,settle,63304,11523316661499,DbGate Helper (Renderer),105973248,0.574461000
3,dbgate,1.774,settle,63309,11523327327790,DbGate Helper,51856632,0.344697167
3,dbgate,1.774,settle,63308,11523327254777,DbGate Helper,51774736,0.342500125
3,dbgate,1.774,settle,63306,11523325435847,DbGate Helper,51774688,0.320931500
3,dbgate,1.774,settle,63319,11523332270794,com.apple.SafariPlatformSupport,9847384,0.108337458
3,dbgate,1.774,settle,63298,11523307618701,DbGate Helper,7422816,0.053822833
3,dbgate,2.024,settle,63297,11523307476878,DbGate Helper (GPU),230999072,0.234881708
3,dbgate,2.024,settle,63293,11523297405167,DbGate,121538288,0.871540042
3,dbgate,2.024,settle,63304,11523316661499,DbGate Helper (Renderer),106022400,0.584826292
3,dbgate,2.024,settle,63309,11523327327790,DbGate Helper,51856632,0.344761625
3,dbgate,2.024,settle,63308,11523327254777,DbGate Helper,51774736,0.342568042
3,dbgate,2.024,settle,63306,11523325435847,DbGate Helper,51774688,0.321043917
3,dbgate,2.024,settle,63319,11523332270794,com.apple.SafariPlatformSupport,9847384,0.108478917
3,dbgate,2.024,settle,63298,11523307618701,DbGate Helper,7848800,0.055715792
3,dbgate,2.280,settle,63297,11523307476878,DbGate Helper (GPU),231048224,0.252911458
3,dbgate,2.280,settle,63293,11523297405167,DbGate,121620208,0.882587083
3,dbgate,2.280,settle,63304,11523316661499,DbGate Helper (Renderer),106235392,0.605182667
3,dbgate,2.280,settle,63309,11523327327790,DbGate Helper,51856632,0.344761625
3,dbgate,2.280,settle,63308,11523327254777,DbGate Helper,51774736,0.342568042
3,dbgate,2.280,settle,63306,11523325435847,DbGate Helper,51774688,0.321043917
3,dbgate,2.280,settle,63319,11523332270794,com.apple.SafariPlatformSupport,9847384,0.108478917
3,dbgate,2.280,settle,63298,11523307618701,DbGate Helper,7996256,0.061868958
3,dbgate,2.535,settle,63297,11523307476878,DbGate Helper (GPU),231048224,0.259061125
3,dbgate,2.535,settle,63293,11523297405167,DbGate,118769392,0.892550417
3,dbgate,2.535,settle,63304,11523316661499,DbGate Helper (Renderer),106235392,0.611341167
3,dbgate,2.535,settle,63309,11523327327790,DbGate Helper,51856632,0.344761625
3,dbgate,2.535,settle,63308,11523327254777,DbGate Helper,51774736,0.342568042
3,dbgate,2.535,settle,63306,11523325435847,DbGate Helper,51774688,0.321043917
3,dbgate,2.535,settle,63319,11523332270794,com.apple.SafariPlatformSupport,9847384,0.108478917
3,dbgate,2.535,settle,63298,11523307618701,DbGate Helper,7996256,0.061868958
3,dbgate,2.789,settle,63297,11523307476878,DbGate Helper (GPU),222888992,0.263743167
3,dbgate,2.789,settle,63293,11523297405167,DbGate,118834928,0.893504667
3,dbgate,2.789,settle,63304,11523316661499,DbGate Helper (Renderer),106235392,0.616087292
3,dbgate,2.789,settle,63309,11523327327790,DbGate Helper,51856632,0.345196458
3,dbgate,2.789,settle,63308,11523327254777,DbGate Helper,51791120,0.342870333
3,dbgate,2.789,settle,63306,11523325435847,DbGate Helper,51774688,0.321421958
3,dbgate,2.789,settle,63319,11523332270794,com.apple.SafariPlatformSupport,9847384,0.108576208
3,dbgate,2.789,settle,63298,11523307618701,DbGate Helper,7996256,0.061868958
3,dbgate,3.045,settle,63297,11523307476878,DbGate Helper (GPU),222921760,0.273577917
3,dbgate,3.045,settle,63293,11523297405167,DbGate,118851312,0.895984958
3,dbgate,3.045,settle,63304,11523316661499,DbGate Helper (Renderer),106268160,0.626252000
3,dbgate,3.045,settle,63309,11523327327790,DbGate Helper,51856632,0.345196458
3,dbgate,3.045,settle,63308,11523327254777,DbGate Helper,51791120,0.342870333
3,dbgate,3.045,settle,63306,11523325435847,DbGate Helper,51774688,0.321421958
3,dbgate,3.045,settle,63319,11523332270794,com.apple.SafariPlatformSupport,9847384,0.108576208
3,dbgate,3.045,settle,63298,11523307618701,DbGate Helper,7996256,0.061868958
3,dbgate,3.300,settle,63297,11523307476878,DbGate Helper (GPU),222905376,0.281776167
3,dbgate,3.300,settle,63293,11523297405167,DbGate,118851312,0.895984958
3,dbgate,3.300,settle,63304,11523316661499,DbGate Helper (Renderer),106268160,0.633787542
3,dbgate,3.300,settle,63309,11523327327790,DbGate Helper,51856632,0.345196458
3,dbgate,3.300,settle,63308,11523327254777,DbGate Helper,51791120,0.342870333
3,dbgate,3.300,settle,63306,11523325435847,DbGate Helper,51774688,0.321421958
3,dbgate,3.300,settle,63319,11523332270794,com.apple.SafariPlatformSupport,9847384,0.108576208
3,dbgate,3.300,settle,63298,11523307618701,DbGate Helper,7996256,0.061868958
3,dbgate,3.555,settle,63297,11523307476878,DbGate Helper (GPU),218186784,0.291143875
3,dbgate,3.555,settle,63293,11523297405167,DbGate,118851312,0.896623583
3,dbgate,3.555,settle,63304,11523316661499,DbGate Helper (Renderer),106268160,0.642642250
3,dbgate,3.555,settle,63309,11523327327790,DbGate Helper,51856632,0.345196458
3,dbgate,3.555,settle,63308,11523327254777,DbGate Helper,51791120,0.342870333
3,dbgate,3.555,settle,63306,11523325435847,DbGate Helper,51774688,0.321777750
3,dbgate,3.555,settle,63319,11523332270794,com.apple.SafariPlatformSupport,9847384,0.108576208
3,dbgate,3.555,settle,63298,11523307618701,DbGate Helper,7996256,0.061868958
3,dbgate,3.806,settle,63297,11523307476878,DbGate Helper (GPU),208192544,0.297997542
3,dbgate,3.806,settle,63293,11523297405167,DbGate,118851312,0.897269792
3,dbgate,3.806,settle,63304,11523316661499,DbGate Helper (Renderer),106268160,0.648710208
3,dbgate,3.806,settle,63309,11523327327790,DbGate Helper,51856632,0.345537083
3,dbgate,3.806,settle,63308,11523327254777,DbGate Helper,51791120,0.343114292
3,dbgate,3.806,settle,63306,11523325435847,DbGate Helper,51774688,0.321777750
3,dbgate,3.806,settle,63319,11523332270794,com.apple.SafariPlatformSupport,9847384,0.108796958
3,dbgate,3.806,settle,63298,11523307618701,DbGate Helper,7996256,0.061868958
3,dbgate,4.062,settle,63297,11523307476878,DbGate Helper (GPU),197624792,0.310443167
3,dbgate,4.062,settle,63293,11523297405167,DbGate,118851312,0.897269792
3,dbgate,4.062,settle,63304,11523316661499,DbGate Helper (Renderer),106006016,0.657697792
3,dbgate,4.062,settle,63309,11523327327790,DbGate Helper,51856632,0.345537083
3,dbgate,4.062,settle,63308,11523327254777,DbGate Helper,51791120,0.343114292
3,dbgate,4.062,settle,63306,11523325435847,DbGate Helper,51774688,0.321777750
3,dbgate,4.062,settle,63319,11523332270794,com.apple.SafariPlatformSupport,9847384,0.108796958
3,dbgate,4.062,settle,63298,11523307618701,DbGate Helper,7996256,0.061868958
3,dbgate,4.313,settle,63297,11523307476878,DbGate Helper (GPU),197608408,0.318050292
3,dbgate,4.313,settle,63293,11523297405167,DbGate,118851312,0.897269792
3,dbgate,4.313,settle,63304,11523316661499,DbGate Helper (Renderer),106006016,0.664819333
3,dbgate,4.313,settle,63309,11523327327790,DbGate Helper,51856632,0.345537083
3,dbgate,4.313,settle,63308,11523327254777,DbGate Helper,51791120,0.343114292
3,dbgate,4.313,settle,63306,11523325435847,DbGate Helper,51774688,0.321777750
3,dbgate,4.313,settle,63319,11523332270794,com.apple.SafariPlatformSupport,9847384,0.108796958
3,dbgate,4.313,settle,63298,11523307618701,DbGate Helper,7996256,0.061868958
3,dbgate,4.568,settle,63297,11523307476878,DbGate Helper (GPU),197608408,0.325928708
3,dbgate,4.568,settle,63293,11523297405167,DbGate,118851312,0.897791458
3,dbgate,4.568,settle,63304,11523316661499,DbGate Helper (Renderer),106022400,0.671700542
3,dbgate,4.568,settle,63309,11523327327790,DbGate Helper,51856632,0.345537083
3,dbgate,4.568,settle,63308,11523327254777,DbGate Helper,51791120,0.343114292
3,dbgate,4.568,settle,63306,11523325435847,DbGate Helper,51774688,0.322160500
3,dbgate,4.568,settle,63319,11523332270794,com.apple.SafariPlatformSupport,9847384,0.108796958
3,dbgate,4.568,settle,63298,11523307618701,DbGate Helper,7996256,0.061868958
3,dbgate,4.824,settle,63297,11523307476878,DbGate Helper (GPU),197608408,0.332802958
3,dbgate,4.824,settle,63293,11523297405167,DbGate,118851312,0.898449000
3,dbgate,4.824,settle,63304,11523316661499,DbGate Helper (Renderer),106022400,0.679061875
3,dbgate,4.824,settle,63309,11523327327790,DbGate Helper,51856632,0.345740417
3,dbgate,4.824,settle,63308,11523327254777,DbGate Helper,51791120,0.343487500
3,dbgate,4.824,settle,63306,11523325435847,DbGate Helper,51774688,0.322160500
3,dbgate,4.824,settle,63319,11523332270794,com.apple.SafariPlatformSupport,9847384,0.108796958
3,dbgate,4.824,settle,63298,11523307618701,DbGate Helper,7996256,0.061868958
3,dbgate,5.079,settle,63297,11523307476878,DbGate Helper (GPU),197624792,0.344777042
3,dbgate,5.079,settle,63293,11523297405167,DbGate,118851312,0.899908958
3,dbgate,5.079,settle,63304,11523316661499,DbGate Helper (Renderer),106022400,0.689461167
3,dbgate,5.079,settle,63309,11523327327790,DbGate Helper,51856632,0.345740417
3,dbgate,5.079,settle,63308,11523327254777,DbGate Helper,51791120,0.343487500
3,dbgate,5.079,settle,63306,11523325435847,DbGate Helper,51774688,0.322160500
3,dbgate,5.079,settle,63319,11523332270794,com.apple.SafariPlatformSupport,9847384,0.108796958
3,dbgate,5.079,settle,63298,11523307618701,DbGate Helper,7996256,0.061868958
3,dbgate,5.331,settle,63297,11523307476878,DbGate Helper (GPU),197608408,0.352202667
3,dbgate,5.331,settle,63293,11523297405167,DbGate,118851312,0.899908958
3,dbgate,5.331,settle,63304,11523316661499,DbGate Helper (Renderer),106022400,0.696467167
3,dbgate,5.331,settle,63309,11523327327790,DbGate Helper,51856632,0.345740417
3,dbgate,5.331,settle,63308,11523327254777,DbGate Helper,51791120,0.343487500
3,dbgate,5.331,settle,63306,11523325435847,DbGate Helper,51774688,0.322160500
3,dbgate,5.331,settle,63319,11523332270794,com.apple.SafariPlatformSupport,9847384,0.108796958
3,dbgate,5.331,settle,63298,11523307618701,DbGate Helper,7996256,0.061868958
3,dbgate,5.587,settle,63297,11523307476878,DbGate Helper (GPU),197608408,0.362109708
3,dbgate,5.587,settle,63293,11523297405167,DbGate,118851312,0.901744875
3,dbgate,5.587,settle,63304,11523316661499,DbGate Helper (Renderer),106022400,0.706095042
3,dbgate,5.587,settle,63309,11523327327790,DbGate Helper,51856632,0.345966042
3,dbgate,5.587,settle,63308,11523327254777,DbGate Helper,51791120,0.343901000
3,dbgate,5.587,settle,63306,11523325435847,DbGate Helper,51774688,0.322578625
3,dbgate,5.587,settle,63319,11523332270794,com.apple.SafariPlatformSupport,9847384,0.108796958
3,dbgate,5.587,settle,63298,11523307618701,DbGate Helper,7947104,0.062074042
3,dbgate,5.840,settle,63297,11523307476878,DbGate Helper (GPU),197608408,0.368578083
3,dbgate,5.840,settle,63293,11523297405167,DbGate,118851312,0.901744875
3,dbgate,5.840,settle,63304,11523316661499,DbGate Helper (Renderer),106022400,0.712460542
3,dbgate,5.840,settle,63309,11523327327790,DbGate Helper,51856632,0.345966042
3,dbgate,5.840,settle,63308,11523327254777,DbGate Helper,51791120,0.343901000
3,dbgate,5.840,settle,63306,11523325435847,DbGate Helper,51774688,0.322578625
3,dbgate,5.840,settle,63319,11523332270794,com.apple.SafariPlatformSupport,9847384,0.108941208
3,dbgate,5.840,settle,63298,11523307618701,DbGate Helper,7947104,0.062074042
3,dbgate,6.095,query,63297,11523307476878,DbGate Helper (GPU),197624792,0.376025958
3,dbgate,6.095,query,63293,11523297405167,DbGate,118802184,0.902393250
3,dbgate,6.095,query,63304,11523316661499,DbGate Helper (Renderer),106022400,0.718482958
3,dbgate,6.095,query,63309,11523327327790,DbGate Helper,51856632,0.345966042
3,dbgate,6.095,query,63308,11523327254777,DbGate Helper,51791120,0.343901000
3,dbgate,6.095,query,63306,11523325435847,DbGate Helper,51774688,0.322578625
3,dbgate,6.095,query,63319,11523332270794,com.apple.SafariPlatformSupport,9847384,0.109054833
3,dbgate,6.095,query,63298,11523307618701,DbGate Helper,7947104,0.062074042
3,dbgate,6.349,query,63297,11523307476878,DbGate Helper (GPU),197608408,0.382059042
3,dbgate,6.349,query,63293,11523297405167,DbGate,118818568,0.903802625
3,dbgate,6.349,query,63304,11523316661499,DbGate Helper (Renderer),106022400,0.723540250
3,dbgate,6.349,query,63309,11523327327790,DbGate Helper,51856632,0.345966042
3,dbgate,6.349,query,63308,11523327254777,DbGate Helper,51791120,0.343901000
3,dbgate,6.349,query,63306,11523325435847,DbGate Helper,51774688,0.322578625
3,dbgate,6.349,query,63319,11523332270794,com.apple.SafariPlatformSupport,9847384,0.109054833
3,dbgate,6.349,query,63298,11523307618701,DbGate Helper,7947104,0.062074042
3,dbgate,6.601,query,63297,11523307476878,DbGate Helper (GPU),176325592,0.393116875
3,dbgate,6.601,query,63293,11523297405167,DbGate,118818568,0.906705875
3,dbgate,6.601,query,63304,11523316661499,DbGate Helper (Renderer),106038784,0.732427875
3,dbgate,6.601,query,63309,11523327327790,DbGate Helper,51791096,0.346220792
3,dbgate,6.601,query,63306,11523325435847,DbGate Helper,51741920,0.323298125
3,dbgate,6.601,query,63308,11523327254777,DbGate Helper,51725584,0.344229750
3,dbgate,6.601,query,63319,11523332270794,com.apple.SafariPlatformSupport,9847384,0.109054833
3,dbgate,6.601,query,63298,11523307618701,DbGate Helper,7947104,0.062074042
3,dbgate,6.856,query,63297,11523307476878,DbGate Helper (GPU),176325592,0.399873208
3,dbgate,6.856,query,63293,11523297405167,DbGate,118818568,0.907661583
3,dbgate,6.856,query,63304,11523316661499,DbGate Helper (Renderer),106038784,0.739071208
3,dbgate,6.856,query,63309,11523327327790,DbGate Helper,51791096,0.346220792
3,dbgate,6.856,query,63306,11523325435847,DbGate Helper,51741920,0.323298125
3,dbgate,6.856,query,63308,11523327254777,DbGate Helper,51725584,0.344229750
3,dbgate,6.856,query,63319,11523332270794,com.apple.SafariPlatformSupport,9847384,0.109397167
3,dbgate,6.856,query,63298,11523307618701,DbGate Helper,7947104,0.062074042
3,dbgate,7.110,query,63293,11523297405167,DbGate,118818568,0.907661583
3,dbgate,7.110,query,63297,11523307476878,DbGate Helper (GPU),117195736,0.415442833
3,dbgate,7.110,query,63304,11523316661499,DbGate Helper (Renderer),106038784,0.748210333
3,dbgate,7.110,query,63309,11523327327790,DbGate Helper,51791096,0.346220792
3,dbgate,7.110,query,63306,11523325435847,DbGate Helper,51741920,0.323298125
3,dbgate,7.110,query,63308,11523327254777,DbGate Helper,51725584,0.344229750
3,dbgate,7.110,query,63319,11523332270794,com.apple.SafariPlatformSupport,9798232,0.109580417
3,dbgate,7.110,query,63298,11523307618701,DbGate Helper,7947104,0.062074042
3,dbgate,7.365,query,63293,11523297405167,DbGate,118818568,0.907661583
3,dbgate,7.365,query,63304,11523316661499,DbGate Helper (Renderer),106038784,0.753669292
3,dbgate,7.365,query,63297,11523307476878,DbGate Helper (GPU),80069592,0.422822875
3,dbgate,7.365,query,63309,11523327327790,DbGate Helper,51791096,0.346220792
3,dbgate,7.365,query,63306,11523325435847,DbGate Helper,51741920,0.323298125
3,dbgate,7.365,query,63308,11523327254777,DbGate Helper,51725584,0.344229750
3,dbgate,7.365,query,63319,11523332270794,com.apple.SafariPlatformSupport,9798232,0.109580417
3,dbgate,7.365,query,63298,11523307618701,DbGate Helper,7947104,0.062074042
3,dbgate,7.620,query,63293,11523297405167,DbGate,118818568,0.908932458
3,dbgate,7.620,query,63304,11523316661499,DbGate Helper (Renderer),106038784,0.762773167
3,dbgate,7.620,query,63297,11523307476878,DbGate Helper (GPU),80069592,0.432664583
3,dbgate,7.620,query,63309,11523327327790,DbGate Helper,51791096,0.346652792
3,dbgate,7.620,query,63306,11523325435847,DbGate Helper,51741920,0.323742208
3,dbgate,7.620,query,63308,11523327254777,DbGate Helper,51725584,0.344983417
3,dbgate,7.620,query,63319,11523332270794,com.apple.SafariPlatformSupport,9798232,0.109580417
3,dbgate,7.620,query,63298,11523307618701,DbGate Helper,7947104,0.062074042
3,dbgate,7.875,query,63293,11523297405167,DbGate,118818568,0.908932458
3,dbgate,7.875,query,63304,11523316661499,DbGate Helper (Renderer),106055168,0.769561375
3,dbgate,7.875,query,63297,11523307476878,DbGate Helper (GPU),80085976,0.438393333
3,dbgate,7.875,query,63309,11523327327790,DbGate Helper,51791096,0.346652792
3,dbgate,7.875,query,63306,11523325435847,DbGate Helper,51741920,0.323742208
3,dbgate,7.875,query,63308,11523327254777,DbGate Helper,51725584,0.344983417
3,dbgate,7.875,query,63319,11523332270794,com.apple.SafariPlatformSupport,9798232,0.109580417
3,dbgate,7.875,query,63298,11523307618701,DbGate Helper,7947104,0.062074042
3,dbgate,8.133,query,63293,11523297405167,DbGate,118834952,0.910572375
3,dbgate,8.133,query,63304,11523316661499,DbGate Helper (Renderer),106055168,0.776137333
3,dbgate,8.133,query,63297,11523307476878,DbGate Helper (GPU),80085976,0.446906167
3,dbgate,8.133,query,63309,11523327327790,DbGate Helper,51791096,0.346652792
3,dbgate,8.133,query,63306,11523325435847,DbGate Helper,51741920,0.323742208
3,dbgate,8.133,query,63308,11523327254777,DbGate Helper,51725584,0.344983417
3,dbgate,8.133,query,63319,11523332270794,com.apple.SafariPlatformSupport,9798232,0.109580417
3,dbgate,8.133,query,63298,11523307618701,DbGate Helper,7947104,0.062074042
3,dbgate,8.388,query,63293,11523297405167,DbGate,118834952,0.910572375
3,dbgate,8.388,query,63304,11523316661499,DbGate Helper (Renderer),106055168,0.786175417
3,dbgate,8.388,query,63297,11523307476878,DbGate Helper (GPU),80085976,0.455368042
3,dbgate,8.388,query,63309,11523327327790,DbGate Helper,51791096,0.346652792
3,dbgate,8.388,query,63306,11523325435847,DbGate Helper,51741920,0.323742208
3,dbgate,8.388,query,63308,11523327254777,DbGate Helper,51725584,0.344983417
3,dbgate,8.388,query,63319,11523332270794,com.apple.SafariPlatformSupport,9798232,0.109580417
3,dbgate,8.388,query,63298,11523307618701,DbGate Helper,7947104,0.062074042
3,dbgate,8.643,query,63293,11523297405167,DbGate,118834952,0.912534292
3,dbgate,8.643,query,63304,11523316661499,DbGate Helper (Renderer),106055168,0.793632000
3,dbgate,8.643,query,63297,11523307476878,DbGate Helper (GPU),80069592,0.463839833
3,dbgate,8.643,query,63309,11523327327790,DbGate Helper,51791096,0.346926208
3,dbgate,8.643,query,63306,11523325435847,DbGate Helper,51741920,0.324119583
3,dbgate,8.643,query,63308,11523327254777,DbGate Helper,51725584,0.345395250
3,dbgate,8.643,query,63319,11523332270794,com.apple.SafariPlatformSupport,9798232,0.109580417
3,dbgate,8.643,query,63298,11523307618701,DbGate Helper,7947104,0.062074042
3,dbgate,8.898,query,63293,11523297405167,DbGate,118834952,0.912534292
3,dbgate,8.898,query,63304,11523316661499,DbGate Helper (Renderer),106055168,0.803117958
3,dbgate,8.898,query,63297,11523307476878,DbGate Helper (GPU),80085976,0.472272083
3,dbgate,8.898,query,63309,11523327327790,DbGate Helper,51791096,0.346926208
3,dbgate,8.898,query,63306,11523325435847,DbGate Helper,51741920,0.324119583
3,dbgate,8.898,query,63308,11523327254777,DbGate Helper,51725584,0.345395250
3,dbgate,8.898,query,63319,11523332270794,com.apple.SafariPlatformSupport,9798232,0.109580417
3,dbgate,8.898,query,63298,11523307618701,DbGate Helper,7947104,0.062074042
3,dbgate,9.153,query,63293,11523297405167,DbGate,118834952,0.912534292
3,dbgate,9.153,query,63304,11523316661499,DbGate Helper (Renderer),106055168,0.809892417
3,dbgate,9.153,query,63297,11523307476878,DbGate Helper (GPU),80069592,0.481145083
3,dbgate,9.153,query,63309,11523327327790,DbGate Helper,51791096,0.346926208
3,dbgate,9.153,query,63306,11523325435847,DbGate Helper,51741920,0.324119583
3,dbgate,9.153,query,63308,11523327254777,DbGate Helper,51725584,0.345395250
3,dbgate,9.153,query,63319,11523332270794,com.apple.SafariPlatformSupport,9798232,0.109580417
3,dbgate,9.153,query,63298,11523307618701,DbGate Helper,7947104,0.062074042
3,dbgate,9.406,query,63293,11523297405167,DbGate,118884104,0.913880250
3,dbgate,9.406,query,63304,11523316661499,DbGate Helper (Renderer),106071552,0.815796917
3,dbgate,9.406,query,63297,11523307476878,DbGate Helper (GPU),80053208,0.487179667
3,dbgate,9.406,query,63309,11523327327790,DbGate Helper,51791096,0.346926208
3,dbgate,9.406,query,63306,11523325435847,DbGate Helper,51741920,0.324119583
3,dbgate,9.406,query,63308,11523327254777,DbGate Helper,51725584,0.345395250
3,dbgate,9.406,query,63319,11523332270794,com.apple.SafariPlatformSupport,9798232,0.109580417
3,dbgate,9.406,query,63298,11523307618701,DbGate Helper,7947104,0.062074042
3,dbgate,9.661,query,63293,11523297405167,DbGate,118884104,0.915440208
3,dbgate,9.661,query,63304,11523316661499,DbGate Helper (Renderer),106071552,0.820637292
3,dbgate,9.661,query,63297,11523307476878,DbGate Helper (GPU),80036824,0.493674250
3,dbgate,9.661,query,63309,11523327327790,DbGate Helper,51791096,0.347539292
3,dbgate,9.661,query,63306,11523325435847,DbGate Helper,51741920,0.324695875
3,dbgate,9.661,query,63308,11523327254777,DbGate Helper,51725584,0.346110833
3,dbgate,9.661,query,63319,11523332270794,com.apple.SafariPlatformSupport,9798232,0.109580417
3,dbgate,9.661,query,63298,11523307618701,DbGate Helper,7947104,0.062074042
3,dbgate,9.916,query,63293,11523297405167,DbGate,118884104,0.915440208
3,dbgate,9.916,query,63304,11523316661499,DbGate Helper (Renderer),106071552,0.826777833
3,dbgate,9.916,query,63297,11523307476878,DbGate Helper (GPU),80053208,0.500419000
3,dbgate,9.916,query,63309,11523327327790,DbGate Helper,51791096,0.347539292
3,dbgate,9.916,query,63306,11523325435847,DbGate Helper,51741920,0.324695875
3,dbgate,9.916,query,63308,11523327254777,DbGate Helper,51725584,0.346110833
3,dbgate,9.916,query,63319,11523332270794,com.apple.SafariPlatformSupport,9798232,0.109580417
3,dbgate,9.916,query,63298,11523307618701,DbGate Helper,7947104,0.062074042
3,dbgate,10.171,query,63293,11523297405167,DbGate,118884104,0.915440208
3,dbgate,10.171,query,63304,11523316661499,DbGate Helper (Renderer),106071552,0.832692542
3,dbgate,10.171,query,63297,11523307476878,DbGate Helper (GPU),80036824,0.509887833
3,dbgate,10.171,query,63309,11523327327790,DbGate Helper,51791096,0.347539292
3,dbgate,10.171,query,63306,11523325435847,DbGate Helper,51741920,0.324695875
3,dbgate,10.171,query,63308,11523327254777,DbGate Helper,51725584,0.346110833
3,dbgate,10.171,query,63319,11523332270794,com.apple.SafariPlatformSupport,9798232,0.109580417
3,dbgate,10.171,query,63298,11523307618701,DbGate Helper,7947104,0.062074042
3,dbgate,10.422,query,63293,11523297405167,DbGate,118884104,0.915440208
3,dbgate,10.422,query,63304,11523316661499,DbGate Helper (Renderer),106071552,0.839601375
3,dbgate,10.422,query,63297,11523307476878,DbGate Helper (GPU),80053208,0.516686250
3,dbgate,10.422,query,63309,11523327327790,DbGate Helper,51791096,0.347539292
3,dbgate,10.422,query,63306,11523325435847,DbGate Helper,51741920,0.324695875
3,dbgate,10.422,query,63308,11523327254777,DbGate Helper,51725584,0.346110833
3,dbgate,10.422,query,63319,11523332270794,com.apple.SafariPlatformSupport,9798232,0.109580417
3,dbgate,10.422,query,63298,11523307618701,DbGate Helper,7947104,0.062074042
3,dbgate,10.673,query,63293,11523297405167,DbGate,118884104,0.917926542
3,dbgate,10.673,query,63304,11523316661499,DbGate Helper (Renderer),106071552,0.844464333
3,dbgate,10.673,query,63297,11523307476878,DbGate Helper (GPU),80036824,0.522635292
3,dbgate,10.673,query,63309,11523327327790,DbGate Helper,51791096,0.347838917
3,dbgate,10.673,query,63306,11523325435847,DbGate Helper,51741920,0.324984417
3,dbgate,10.673,query,63308,11523327254777,DbGate Helper,51725584,0.346300500
3,dbgate,10.673,query,63319,11523332270794,com.apple.SafariPlatformSupport,9798232,0.109580417
3,dbgate,10.673,query,63298,11523307618701,DbGate Helper,7947104,0.062074042
3,dbgate,10.924,query,63293,11523297405167,DbGate,118884104,0.918306500
3,dbgate,10.924,query,63304,11523316661499,DbGate Helper (Renderer),106071552,0.851899375
3,dbgate,10.924,query,63297,11523307476878,DbGate Helper (GPU),80053208,0.529308000
3,dbgate,10.924,query,63309,11523327327790,DbGate Helper,51791096,0.347838917
3,dbgate,10.924,query,63306,11523325435847,DbGate Helper,51741920,0.324984417
3,dbgate,10.924,query,63308,11523327254777,DbGate Helper,51725584,0.346300500
3,dbgate,10.924,query,63319,11523332270794,com.apple.SafariPlatformSupport,9798232,0.109580417
3,dbgate,10.924,query,63298,11523307618701,DbGate Helper,7947104,0.062074042
3,dbgate,11.179,query,63293,11523297405167,DbGate,118884104,0.918306500
3,dbgate,11.179,query,63304,11523316661499,DbGate Helper (Renderer),106071552,0.857090708
3,dbgate,11.179,query,63297,11523307476878,DbGate Helper (GPU),80036824,0.537103417
3,dbgate,11.179,query,63309,11523327327790,DbGate Helper,51791096,0.347838917
3,dbgate,11.179,query,63306,11523325435847,DbGate Helper,51741920,0.324984417
3,dbgate,11.179,query,63308,11523327254777,DbGate Helper,51725584,0.346300500
3,dbgate,11.179,query,63319,11523332270794,com.apple.SafariPlatformSupport,9798232,0.109580417
3,dbgate,11.179,query,63298,11523307618701,DbGate Helper,7947104,0.062074042
3,dbgate,11.431,query,63293,11523297405167,DbGate,118884104,0.918368792
3,dbgate,11.431,query,63304,11523316661499,DbGate Helper (Renderer),106087936,0.864933250
3,dbgate,11.431,query,63297,11523307476878,DbGate Helper (GPU),80053208,0.543625792
3,dbgate,11.431,query,63309,11523327327790,DbGate Helper,51791096,0.347838917
3,dbgate,11.431,query,63306,11523325435847,DbGate Helper,51741920,0.324984417
3,dbgate,11.431,query,63308,11523327254777,DbGate Helper,51725584,0.346300500
3,dbgate,11.431,query,63319,11523332270794,com.apple.SafariPlatformSupport,9781872,0.109900833
3,dbgate,11.431,query,63298,11523307618701,DbGate Helper,7947104,0.062074042
3,dbgate,11.685,query,63293,11523297405167,DbGate,118916872,0.920500625
3,dbgate,11.685,query,63304,11523316661499,DbGate Helper (Renderer),106087936,0.870125750
3,dbgate,11.685,query,63297,11523307476878,DbGate Helper (GPU),80036824,0.549886292
3,dbgate,11.685,query,63309,11523327327790,DbGate Helper,51791096,0.348315333
3,dbgate,11.685,query,63306,11523325435847,DbGate Helper,51741920,0.325480500
3,dbgate,11.685,query,63308,11523327254777,DbGate Helper,51725584,0.346581000
3,dbgate,11.685,query,63319,11523332270794,com.apple.SafariPlatformSupport,9781872,0.109900833
3,dbgate,11.685,query,63298,11523307618701,DbGate Helper,7947104,0.062074042
3,dbgate,11.938,query,63297,11523307476878,DbGate Helper (GPU),142164952,0.567926000
3,dbgate,11.938,query,63293,11523297405167,DbGate,119392008,0.947794583
3,dbgate,11.938,query,63304,11523316661499,DbGate Helper (Renderer),106350080,0.885018542
3,dbgate,11.938,query,63309,11523327327790,DbGate Helper,51791096,0.348315333
3,dbgate,11.938,query,63306,11523325435847,DbGate Helper,51741920,0.325480500
3,dbgate,11.938,query,63308,11523327254777,DbGate Helper,51725584,0.346581000
3,dbgate,11.938,query,63319,11523332270794,com.apple.SafariPlatformSupport,9781872,0.109900833
3,dbgate,11.938,query,63298,11523307618701,DbGate Helper,7947104,0.062074042
3,dbgate,12.194,query,63297,11523307476878,DbGate Helper (GPU),206160856,0.581522458
3,dbgate,12.194,query,63293,11523297405167,DbGate,121210632,0.988566208
3,dbgate,12.194,query,63304,11523316661499,DbGate Helper (Renderer),106874368,0.903289208
3,dbgate,12.194,query,63309,11523327327790,DbGate Helper,51791096,0.348315333
3,dbgate,12.194,query,63306,11523325435847,DbGate Helper,51741920,0.325480500
3,dbgate,12.194,query,63308,11523327254777,DbGate Helper,51725584,0.346581000
3,dbgate,12.194,query,63319,11523332270794,com.apple.SafariPlatformSupport,9781872,0.109900833
3,dbgate,12.194,query,63298,11523307618701,DbGate Helper,7635808,0.062605667
3,dbgate,12.449,query,63297,11523307476878,DbGate Helper (GPU),206144472,0.586838542
3,dbgate,12.449,query,63293,11523297405167,DbGate,121210632,0.990428000
3,dbgate,12.449,query,63304,11523316661499,DbGate Helper (Renderer),106874368,0.908347208
3,dbgate,12.449,query,63309,11523327327790,DbGate Helper,51791096,0.348315333
3,dbgate,12.449,query,63306,11523325435847,DbGate Helper,51741920,0.325480500
3,dbgate,12.449,query,63308,11523327254777,DbGate Helper,51725584,0.346581000
3,dbgate,12.449,query,63319,11523332270794,com.apple.SafariPlatformSupport,9781872,0.109900833
3,dbgate,12.449,query,63298,11523307618701,DbGate Helper,7635808,0.062605667
3,dbgate,12.701,query,63297,11523307476878,DbGate Helper (GPU),206734296,0.602505750
3,dbgate,12.701,query,63293,11523297405167,DbGate,121227016,1.000599292
3,dbgate,12.701,query,63304,11523316661499,DbGate Helper (Renderer),106989056,0.925767958
3,dbgate,12.701,query,63309,11523327327790,DbGate Helper,51791096,0.348514667
3,dbgate,12.701,query,63306,11523325435847,DbGate Helper,51741920,0.325792667
3,dbgate,12.701,query,63308,11523327254777,DbGate Helper,51725584,0.346897208
3,dbgate,12.701,query,63319,11523332270794,com.apple.SafariPlatformSupport,9781872,0.109900833
3,dbgate,12.701,query,63298,11523307618701,DbGate Helper,7635808,0.062605667
3,dbgate,12.956,query,63297,11523307476878,DbGate Helper (GPU),206390232,0.613736250
3,dbgate,12.956,query,63293,11523297405167,DbGate,121227016,1.001038125
3,dbgate,12.956,query,63304,11523316661499,DbGate Helper (Renderer),107185664,0.936697167
3,dbgate,12.956,query,63309,11523327327790,DbGate Helper,51791096,0.348514667
3,dbgate,12.956,query,63306,11523325435847,DbGate Helper,51741920,0.325792667
3,dbgate,12.956,query,63308,11523327254777,DbGate Helper,51725584,0.346897208
3,dbgate,12.956,query,63319,11523332270794,com.apple.SafariPlatformSupport,9781872,0.109900833
3,dbgate,12.956,query,63298,11523307618701,DbGate Helper,7635808,0.062678833
3,dbgate,13.211,query,63297,11523307476878,DbGate Helper (GPU),217760728,0.651204875
3,dbgate,13.211,query,63293,11523297405167,DbGate,121767688,1.026387500
3,dbgate,13.211,query,63304,11523316661499,DbGate Helper (Renderer),108873216,0.994907833
3,dbgate,13.211,query,63309,11523327327790,DbGate Helper,51791096,0.348514667
3,dbgate,13.211,query,63306,11523325435847,DbGate Helper,51741920,0.325792667
3,dbgate,13.211,query,63308,11523327254777,DbGate Helper,51725584,0.346897208
3,dbgate,13.211,query,63372,11523607959280,DbGate Helper,35341440,0.174073000
3,dbgate,13.211,query,63319,11523332270794,com.apple.SafariPlatformSupport,9781872,0.109900833
3,dbgate,13.211,query,63298,11523307618701,DbGate Helper,7635808,0.062678833
3,dbgate,13.466,query,63297,11523307476878,DbGate Helper (GPU),267617288,0.685939042
3,dbgate,13.466,query,63293,11523297405167,DbGate,122357512,1.051536083
3,dbgate,13.466,query,63304,11523316661499,DbGate Helper (Renderer),120292864,1.077762667
3,dbgate,13.466,query,63372,11523607959280,DbGate Helper,57722104,0.373826250
3,dbgate,13.466,query,63309,11523327327790,DbGate Helper,51791096,0.348514667
3,dbgate,13.466,query,63306,11523325435847,DbGate Helper,51741920,0.325792667
3,dbgate,13.466,query,63308,11523327254777,DbGate Helper,51725584,0.346897208
3,dbgate,13.466,query,63319,11523332270794,com.apple.SafariPlatformSupport,9798256,0.110230708
3,dbgate,13.466,query,63298,11523307618701,DbGate Helper,7635808,0.062678833
3,dbgate,13.722,query,63297,11523307476878,DbGate Helper (GPU),267813896,0.703197917
3,dbgate,13.722,query,63293,11523297405167,DbGate,122357512,1.052950292
3,dbgate,13.722,query,63304,11523316661499,DbGate Helper (Renderer),121521664,1.113318625
3,dbgate,13.722,query,63372,11523607959280,DbGate Helper,57722104,0.374052042
3,dbgate,13.722,query,63309,11523327327790,DbGate Helper,51791096,0.348618208
3,dbgate,13.722,query,63306,11523325435847,DbGate Helper,51741920,0.325915458
3,dbgate,13.722,query,63308,11523327254777,DbGate Helper,51725584,0.347025958
3,dbgate,13.722,query,63319,11523332270794,com.apple.SafariPlatformSupport,9798256,0.110230708
3,dbgate,13.722,query,63298,11523307618701,DbGate Helper,7635808,0.062678833
3,dbgate,13.973,query,63297,11523307476878,DbGate Helper (GPU),267813896,0.710831292
3,dbgate,13.973,query,63293,11523297405167,DbGate,122357512,1.052950292
3,dbgate,13.973,query,63304,11523316661499,DbGate Helper (Renderer),121521664,1.122210042
3,dbgate,13.973,query,63372,11523607959280,DbGate Helper,57722104,0.374052042
3,dbgate,13.973,query,63309,11523327327790,DbGate Helper,51791096,0.348618208
3,dbgate,13.973,query,63306,11523325435847,DbGate Helper,51741920,0.325915458
3,dbgate,13.973,query,63308,11523327254777,DbGate Helper,51725584,0.347025958
3,dbgate,13.973,query,63319,11523332270794,com.apple.SafariPlatformSupport,9798256,0.110230708
3,dbgate,13.973,query,63298,11523307618701,DbGate Helper,7635808,0.062678833
3,dbgate,14.224,query,63297,11523307476878,DbGate Helper (GPU),271533064,0.781960167
3,dbgate,14.224,query,63304,11523316661499,DbGate Helper (Renderer),127583744,1.303190750
3,dbgate,14.224,query,63293,11523297405167,DbGate,122423048,1.072322167
3,dbgate,14.224,query,63372,11523607959280,DbGate Helper,57722104,0.374052042
3,dbgate,14.224,query,63309,11523327327790,DbGate Helper,51791096,0.348618208
3,dbgate,14.224,query,63306,11523325435847,DbGate Helper,51741920,0.325915458
3,dbgate,14.224,query,63308,11523327254777,DbGate Helper,51725584,0.347025958
3,dbgate,14.224,query,63319,11523332270794,com.apple.SafariPlatformSupport,9798256,0.110230708
3,dbgate,14.224,query,63298,11523307618701,DbGate Helper,7635808,0.062786375
3,dbgate,14.480,query,63297,11523307476878,DbGate Helper (GPU),279168032,0.884486375
3,dbgate,14.480,query,63304,11523316661499,DbGate Helper (Renderer),130008600,1.418560458
3,dbgate,14.480,query,63293,11523297405167,DbGate,122357512,1.087668708
3,dbgate,14.480,query,63372,11523607959280,DbGate Helper,57722104,0.374288208
3,dbgate,14.480,query,63309,11523327327790,DbGate Helper,51791096,0.348618208
3,dbgate,14.480,query,63306,11523325435847,DbGate Helper,51741920,0.325915458
3,dbgate,14.480,query,63308,11523327254777,DbGate Helper,51725584,0.347025958
3,dbgate,14.480,query,63319,11523332270794,com.apple.SafariPlatformSupport,9798256,0.110485333
3,dbgate,14.480,query,63298,11523307618701,DbGate Helper,7635808,0.062786375
3,dbgate,14.735,query,63297,11523307476878,DbGate Helper (GPU),284640288,0.989295792
3,dbgate,14.735,query,63304,11523316661499,DbGate Helper (Renderer),136463896,1.539605958
3,dbgate,14.735,query,63293,11523297405167,DbGate,122357512,1.102988208
3,dbgate,14.735,query,63372,11523607959280,DbGate Helper,57722104,0.374288208
3,dbgate,14.735,query,63309,11523327327790,DbGate Helper,51791096,0.348692667
3,dbgate,14.735,query,63306,11523325435847,DbGate Helper,51741920,0.325994625
3,dbgate,14.735,query,63308,11523327254777,DbGate Helper,51725584,0.347130500
3,dbgate,14.735,query,63319,11523332270794,com.apple.SafariPlatformSupport,9798256,0.110485333
3,dbgate,14.735,query,63298,11523307618701,DbGate Helper,7635808,0.062786375
3,dbgate,14.989,query,63297,11523307476878,DbGate Helper (GPU),284443680,1.088910375
3,dbgate,14.989,query,63304,11523316661499,DbGate Helper (Renderer),142034480,1.643135833
3,dbgate,14.989,query,63293,11523297405167,DbGate,122357512,1.118064292
3,dbgate,14.989,query,63372,11523607959280,DbGate Helper,57722104,0.374288208
3,dbgate,14.989,query,63309,11523327327790,DbGate Helper,51791096,0.348692667
3,dbgate,14.989,query,63306,11523325435847,DbGate Helper,51741920,0.325994625
3,dbgate,14.989,query,63308,11523327254777,DbGate Helper,51725584,0.347130500
3,dbgate,14.989,query,63319,11523332270794,com.apple.SafariPlatformSupport,9798256,0.110485333
3,dbgate,14.989,query,63298,11523307618701,DbGate Helper,7635808,0.062786375
3,dbgate,15.244,query,63297,11523307476878,DbGate Helper (GPU),284476448,1.189352208
3,dbgate,15.244,query,63304,11523316661499,DbGate Helper (Renderer),148440648,1.833295042
3,dbgate,15.244,query,63293,11523297405167,DbGate,122423048,1.133486833
3,dbgate,15.244,query,63372,11523607959280,DbGate Helper,57722104,0.374288208
3,dbgate,15.244,query,63309,11523327327790,DbGate Helper,51791096,0.348692667
3,dbgate,15.244,query,63306,11523325435847,DbGate Helper,51741920,0.325994625
3,dbgate,15.244,query,63308,11523327254777,DbGate Helper,51725584,0.347130500
3,dbgate,15.244,query,63319,11523332270794,com.apple.SafariPlatformSupport,9798256,0.110485333
3,dbgate,15.244,query,63298,11523307618701,DbGate Helper,7635808,0.062786375
3,dbgate,15.498,query,63297,11523307476878,DbGate Helper (GPU),284492832,1.294628708
3,dbgate,15.498,query,63304,11523316661499,DbGate Helper (Renderer),148719176,1.940345833
3,dbgate,15.498,query,63293,11523297405167,DbGate,122439432,1.148347333
3,dbgate,15.498,query,63372,11523607959280,DbGate Helper,57722104,0.374405542
3,dbgate,15.498,query,63309,11523327327790,DbGate Helper,51791096,0.348692667
3,dbgate,15.498,query,63306,11523325435847,DbGate Helper,51741920,0.325994625
3,dbgate,15.498,query,63308,11523327254777,DbGate Helper,51725584,0.347130500
3,dbgate,15.498,query,63319,11523332270794,com.apple.SafariPlatformSupport,9798256,0.110485333
3,dbgate,15.498,query,63298,11523307618701,DbGate Helper,7635808,0.062786375
3,dbgate,15.753,query,63297,11523307476878,DbGate Helper (GPU),284492832,1.389783000
3,dbgate,15.753,query,63304,11523316661499,DbGate Helper (Renderer),148817480,2.029161042
3,dbgate,15.753,query,63293,11523297405167,DbGate,122488584,1.164584667
3,dbgate,15.753,query,63372,11523607959280,DbGate Helper,57722104,0.374405542
3,dbgate,15.753,query,63309,11523327327790,DbGate Helper,51791096,0.348767917
3,dbgate,15.753,query,63306,11523325435847,DbGate Helper,51741920,0.326100375
3,dbgate,15.753,query,63308,11523327254777,DbGate Helper,51725584,0.347220250
3,dbgate,15.753,query,63319,11523332270794,com.apple.SafariPlatformSupport,9798256,0.110485333
3,dbgate,15.753,query,63298,11523307618701,DbGate Helper,7635808,0.062786375
3,dbgate,16.006,query,63297,11523307476878,DbGate Helper (GPU),284443680,1.477238875
3,dbgate,16.006,query,63304,11523316661499,DbGate Helper (Renderer),148883016,2.116802583
3,dbgate,16.006,query,63293,11523297405167,DbGate,122488584,1.174803292
3,dbgate,16.006,query,63372,11523607959280,DbGate Helper,57722104,0.374405542
3,dbgate,16.006,query,63309,11523327327790,DbGate Helper,51791096,0.348767917
3,dbgate,16.006,query,63306,11523325435847,DbGate Helper,51741920,0.326100375
3,dbgate,16.006,query,63308,11523327254777,DbGate Helper,51725584,0.347220250
3,dbgate,16.006,query,63319,11523332270794,com.apple.SafariPlatformSupport,9798256,0.110485333
3,dbgate,16.006,query,63298,11523307618701,DbGate Helper,7635808,0.062786375
3,dbgate,16.260,query,63297,11523307476878,DbGate Helper (GPU),284656672,1.553848542
3,dbgate,16.260,query,63304,11523316661499,DbGate Helper (Renderer),150619720,2.194887458
3,dbgate,16.260,query,63293,11523297405167,DbGate,122488584,1.187316792
3,dbgate,16.260,query,63372,11523607959280,DbGate Helper,57722104,0.374405542
3,dbgate,16.260,query,63309,11523327327790,DbGate Helper,51791096,0.348767917
3,dbgate,16.260,query,63306,11523325435847,DbGate Helper,51741920,0.326100375
3,dbgate,16.260,query,63308,11523327254777,DbGate Helper,51725584,0.347220250
3,dbgate,16.260,query,63319,11523332270794,com.apple.SafariPlatformSupport,9798256,0.110485333
3,dbgate,16.260,query,63298,11523307618701,DbGate Helper,7635808,0.062786375
3,dbgate,16.515,query,63297,11523307476878,DbGate Helper (GPU),284656672,1.594590500
3,dbgate,16.515,query,63304,11523316661499,DbGate Helper (Renderer),154011208,2.278726625
3,dbgate,16.515,query,63293,11523297405167,DbGate,122521352,1.205518375
3,dbgate,16.515,query,63372,11523607959280,DbGate Helper,57722104,0.374788917
3,dbgate,16.515,query,63309,11523327327790,DbGate Helper,51791096,0.348767917
3,dbgate,16.515,query,63306,11523325435847,DbGate Helper,51741920,0.326100375
3,dbgate,16.515,query,63308,11523327254777,DbGate Helper,51725584,0.347220250
3,dbgate,16.515,query,63319,11523332270794,com.apple.SafariPlatformSupport,9798256,0.110485333
3,dbgate,16.515,query,63298,11523307618701,DbGate Helper,7635808,0.062786375
3,dbgate,16.769,query,63297,11523307476878,DbGate Helper (GPU),284656672,1.638044333
3,dbgate,16.769,query,63304,11523316661499,DbGate Helper (Renderer),157419080,2.357873917
3,dbgate,16.769,query,63293,11523297405167,DbGate,122521352,1.219493500
3,dbgate,16.769,query,63372,11523607959280,DbGate Helper,57722104,0.374788917
3,dbgate,16.769,query,63309,11523327327790,DbGate Helper,51791096,0.348845208
3,dbgate,16.769,query,63306,11523325435847,DbGate Helper,51741920,0.326255708
3,dbgate,16.769,query,63308,11523327254777,DbGate Helper,51725584,0.347315708
3,dbgate,16.769,query,63319,11523332270794,com.apple.SafariPlatformSupport,9798256,0.110485333
3,dbgate,16.769,query,63298,11523307618701,DbGate Helper,7635808,0.062786375
3,dbgate,17.024,query,63297,11523307476878,DbGate Helper (GPU),284574752,1.674584292
3,dbgate,17.024,query,63304,11523316661499,DbGate Helper (Renderer),160728648,2.428336083
3,dbgate,17.024,query,63293,11523297405167,DbGate,122521352,1.233390333
3,dbgate,17.024,query,63372,11523607959280,DbGate Helper,57722104,0.374788917
3,dbgate,17.024,query,63309,11523327327790,DbGate Helper,51791096,0.348845208
3,dbgate,17.024,query,63306,11523325435847,DbGate Helper,51741920,0.326255708
3,dbgate,17.024,query,63308,11523327254777,DbGate Helper,51725584,0.347315708
3,dbgate,17.024,query,63319,11523332270794,com.apple.SafariPlatformSupport,9798256,0.110485333
3,dbgate,17.024,query,63298,11523307618701,DbGate Helper,7635808,0.062786375
3,dbgate,17.279,query,63297,11523307476878,DbGate Helper (GPU),284541984,1.720234500
3,dbgate,17.279,query,63304,11523316661499,DbGate Helper (Renderer),165414472,2.515246375
3,dbgate,17.279,query,63293,11523297405167,DbGate,122521352,1.250417875
3,dbgate,17.279,query,63372,11523607959280,DbGate Helper,57722104,0.374788917
3,dbgate,17.279,query,63309,11523327327790,DbGate Helper,51791096,0.348845208
3,dbgate,17.279,query,63306,11523325435847,DbGate Helper,51741920,0.326255708
3,dbgate,17.279,query,63308,11523327254777,DbGate Helper,51725584,0.347315708
3,dbgate,17.279,query,63319,11523332270794,com.apple.SafariPlatformSupport,9798256,0.110485333
3,dbgate,17.279,query,63298,11523307618701,DbGate Helper,7635808,0.062786375
3,dbgate,17.531,query,63297,11523307476878,DbGate Helper (GPU),284541984,1.766995250
3,dbgate,17.531,query,63304,11523316661499,DbGate Helper (Renderer),171542088,2.609824833
3,dbgate,17.531,query,63293,11523297405167,DbGate,122521352,1.267707292
3,dbgate,17.531,query,63372,11523607959280,DbGate Helper,57722104,0.374980167
3,dbgate,17.531,query,63309,11523327327790,DbGate Helper,51791096,0.348845208
3,dbgate,17.531,query,63306,11523325435847,DbGate Helper,51741920,0.326255708
3,dbgate,17.531,query,63308,11523327254777,DbGate Helper,51725584,0.347315708
3,dbgate,17.531,query,63319,11523332270794,com.apple.SafariPlatformSupport,9798256,0.110485333
3,dbgate,17.531,query,63298,11523307618701,DbGate Helper,7635808,0.062786375
3,dbgate,17.781,query,63297,11523307476878,DbGate Helper (GPU),284541984,1.797169500
3,dbgate,17.781,query,63304,11523316661499,DbGate Helper (Renderer),173540936,2.664419500
3,dbgate,17.781,query,63293,11523297405167,DbGate,122521352,1.279587833
3,dbgate,17.781,query,63372,11523607959280,DbGate Helper,57722104,0.374980167
3,dbgate,17.781,query,63309,11523327327790,DbGate Helper,51791096,0.348923125
3,dbgate,17.781,query,63306,11523325435847,DbGate Helper,51741920,0.326369042
3,dbgate,17.781,query,63308,11523327254777,DbGate Helper,51725584,0.347420375
3,dbgate,17.781,query,63319,11523332270794,com.apple.SafariPlatformSupport,9798256,0.110485333
3,dbgate,17.781,query,63298,11523307618701,DbGate Helper,7635808,0.062786375
3,dbgate,18.036,query,63297,11523307476878,DbGate Helper (GPU),257459232,1.848241042
3,dbgate,18.036,query,63304,11523316661499,DbGate Helper (Renderer),177833544,2.761605667
3,dbgate,18.036,query,63293,11523297405167,DbGate,122521352,1.296987292
3,dbgate,18.036,query,63372,11523607959280,DbGate Helper,57722104,0.374980167
3,dbgate,18.036,query,63309,11523327327790,DbGate Helper,51791096,0.348923125
3,dbgate,18.036,query,63306,11523325435847,DbGate Helper,51741920,0.326369042
3,dbgate,18.036,query,63308,11523327254777,DbGate Helper,51725584,0.347420375
3,dbgate,18.036,query,63319,11523332270794,com.apple.SafariPlatformSupport,9798256,0.110485333
3,dbgate,18.036,query,63298,11523307618701,DbGate Helper,7635808,0.062786375
3,dbgate,18.288,query,63297,11523307476878,DbGate Helper (GPU),257311776,1.890731667
3,dbgate,18.288,query,63304,11523316661499,DbGate Helper (Renderer),181618248,2.833164750
3,dbgate,18.288,query,63293,11523297405167,DbGate,122521352,1.312495375
3,dbgate,18.288,query,63372,11523607959280,DbGate Helper,57722104,0.374980167
3,dbgate,18.288,query,63309,11523327327790,DbGate Helper,51791096,0.348923125
3,dbgate,18.288,query,63306,11523325435847,DbGate Helper,51741920,0.326369042
3,dbgate,18.288,query,63308,11523327254777,DbGate Helper,51725584,0.347420375
3,dbgate,18.288,query,63319,11523332270794,com.apple.SafariPlatformSupport,9798256,0.110485333
3,dbgate,18.288,query,63298,11523307618701,DbGate Helper,7635808,0.062786375
3,dbgate,18.540,query,63304,11523316661499,DbGate Helper (Renderer),184387144,2.894961667
3,dbgate,18.540,query,63297,11523307476878,DbGate Helper (GPU),177898528,1.930068250
3,dbgate,18.540,query,63293,11523297405167,DbGate,122554120,1.324750792
3,dbgate,18.540,query,63372,11523607959280,DbGate Helper,57656568,0.375431167
3,dbgate,18.540,query,63309,11523327327790,DbGate Helper,51791096,0.348923125
3,dbgate,18.540,query,63306,11523325435847,DbGate Helper,51741920,0.326369042
3,dbgate,18.540,query,63308,11523327254777,DbGate Helper,51725584,0.347420375
3,dbgate,18.540,query,63319,11523332270794,com.apple.SafariPlatformSupport,9798256,0.110485333
3,dbgate,18.540,query,63298,11523307618701,DbGate Helper,7635808,0.062786375
3,dbgate,18.793,query,63304,11523316661499,DbGate Helper (Renderer),188532320,2.979639375
3,dbgate,18.793,query,63297,11523307476878,DbGate Helper (GPU),167019552,1.980209792
3,dbgate,18.793,query,63293,11523297405167,DbGate,122554120,1.341605292
3,dbgate,18.793,query,63372,11523607959280,DbGate Helper,57656568,0.375431167
3,dbgate,18.793,query,63309,11523327327790,DbGate Helper,51791096,0.349009042
3,dbgate,18.793,query,63306,11523325435847,DbGate Helper,51741920,0.326521208
3,dbgate,18.793,query,63308,11523327254777,DbGate Helper,51725584,0.347555125
3,dbgate,18.793,query,63319,11523332270794,com.apple.SafariPlatformSupport,9798256,0.110485333
3,dbgate,18.793,query,63298,11523307618701,DbGate Helper,7635808,0.062786375
3,dbgate,19.047,query,63304,11523316661499,DbGate Helper (Renderer),191202912,3.046204583
3,dbgate,19.047,query,63297,11523307476878,DbGate Helper (GPU),167019552,2.020118708
3,dbgate,19.047,query,63293,11523297405167,DbGate,122554120,1.356381458
3,dbgate,19.047,query,63372,11523607959280,DbGate Helper,57656568,0.375431167
3,dbgate,19.047,query,63309,11523327327790,DbGate Helper,51791096,0.349009042
3,dbgate,19.047,query,63306,11523325435847,DbGate Helper,51741920,0.326521208
3,dbgate,19.047,query,63308,11523327254777,DbGate Helper,51725584,0.347555125
3,dbgate,19.047,query,63319,11523332270794,com.apple.SafariPlatformSupport,9798256,0.110485333
3,dbgate,19.047,query,63298,11523307618701,DbGate Helper,7635808,0.062786375
3,dbgate,19.302,query,63304,11523316661499,DbGate Helper (Renderer),192333408,3.080321833
3,dbgate,19.302,query,63297,11523307476878,DbGate Helper (GPU),166872096,2.041671708
3,dbgate,19.302,query,63293,11523297405167,DbGate,122554120,1.362977875
3,dbgate,19.302,query,63372,11523607959280,DbGate Helper,57656568,0.375431167
3,dbgate,19.302,query,63309,11523327327790,DbGate Helper,51791096,0.349009042
3,dbgate,19.302,query,63306,11523325435847,DbGate Helper,51741920,0.326521208
3,dbgate,19.302,query,63308,11523327254777,DbGate Helper,51725584,0.347555125
3,dbgate,19.302,query,63319,11523332270794,com.apple.SafariPlatformSupport,9798256,0.110485333
3,dbgate,19.302,query,63298,11523307618701,DbGate Helper,7635808,0.062786375
3,dbgate,19.557,after-query,63304,11523316661499,DbGate Helper (Renderer),192349792,3.092572667
3,dbgate,19.557,after-query,63297,11523307476878,DbGate Helper (GPU),166413344,2.050854042
3,dbgate,19.557,after-query,63293,11523297405167,DbGate,122554120,1.363844250
3,dbgate,19.557,after-query,63372,11523607959280,DbGate Helper,57656568,0.375830583
3,dbgate,19.557,after-query,63309,11523327327790,DbGate Helper,51791096,0.349009042
3,dbgate,19.557,after-query,63306,11523325435847,DbGate Helper,51741920,0.326521208
3,dbgate,19.557,after-query,63308,11523327254777,DbGate Helper,51725584,0.347555125
3,dbgate,19.557,after-query,63319,11523332270794,com.apple.SafariPlatformSupport,9798256,0.110485333
3,dbgate,19.557,after-query,63298,11523307618701,DbGate Helper,7635808,0.062786375
3,dbgate,19.813,after-query,63304,11523316661499,DbGate Helper (Renderer),192349792,3.103329000
3,dbgate,19.813,after-query,63297,11523307476878,DbGate Helper (GPU),165856288,2.061111125
3,dbgate,19.813,after-query,63293,11523297405167,DbGate,122554120,1.365159250
3,dbgate,19.813,after-query,63372,11523607959280,DbGate Helper,57656568,0.375830583
3,dbgate,19.813,after-query,63309,11523327327790,DbGate Helper,51791096,0.349207792
3,dbgate,19.813,after-query,63306,11523325435847,DbGate Helper,51741920,0.326807583
3,dbgate,19.813,after-query,63308,11523327254777,DbGate Helper,51725584,0.347853375
3,dbgate,19.813,after-query,63319,11523332270794,com.apple.SafariPlatformSupport,9798256,0.110485333
3,dbgate,19.813,after-query,63298,11523307618701,DbGate Helper,7635808,0.062786375
3,dbgate,20.068,after-query,63304,11523316661499,DbGate Helper (Renderer),192349792,3.113792583
3,dbgate,20.068,after-query,63297,11523307476878,DbGate Helper (GPU),163415072,2.070662000
3,dbgate,20.068,after-query,63293,11523297405167,DbGate,122554120,1.365159250
3,dbgate,20.068,after-query,63372,11523607959280,DbGate Helper,57656568,0.375830583
3,dbgate,20.068,after-query,63309,11523327327790,DbGate Helper,51791096,0.349207792
3,dbgate,20.068,after-query,63306,11523325435847,DbGate Helper,51741920,0.326807583
3,dbgate,20.068,after-query,63308,11523327254777,DbGate Helper,51725584,0.347853375
3,dbgate,20.068,after-query,63319,11523332270794,com.apple.SafariPlatformSupport,9765488,0.110775583
3,dbgate,20.068,after-query,63298,11523307618701,DbGate Helper,7635808,0.062786375
3,dbgate,20.323,after-query,63304,11523316661499,DbGate Helper (Renderer),192349792,3.121565250
3,dbgate,20.323,after-query,63297,11523307476878,DbGate Helper (GPU),158155808,2.077915000
3,dbgate,20.323,after-query,63293,11523297405167,DbGate,122554120,1.365665417
3,dbgate,20.323,after-query,63372,11523607959280,DbGate Helper,57656568,0.376212542
3,dbgate,20.323,after-query,63309,11523327327790,DbGate Helper,51791096,0.349207792
3,dbgate,20.323,after-query,63306,11523325435847,DbGate Helper,51741920,0.326807583
3,dbgate,20.323,after-query,63308,11523327254777,DbGate Helper,51725584,0.347853375
3,dbgate,20.323,after-query,63319,11523332270794,com.apple.SafariPlatformSupport,9765488,0.110775583
3,dbgate,20.323,after-query,63298,11523307618701,DbGate Helper,7635808,0.062786375
3,dbgate,20.578,after-query,63304,11523316661499,DbGate Helper (Renderer),192349792,3.127574625
3,dbgate,20.578,after-query,63297,11523307476878,DbGate Helper (GPU),158155808,2.083392458
3,dbgate,20.578,after-query,63293,11523297405167,DbGate,122554120,1.367215250
3,dbgate,20.578,after-query,63372,11523607959280,DbGate Helper,57705720,0.376388542
3,dbgate,20.578,after-query,63309,11523327327790,DbGate Helper,51840248,0.349419167
3,dbgate,20.578,after-query,63308,11523327254777,DbGate Helper,51774736,0.348130125
3,dbgate,20.578,after-query,63306,11523325435847,DbGate Helper,51758304,0.327225042
3,dbgate,20.578,after-query,63319,11523332270794,com.apple.SafariPlatformSupport,9765488,0.110775583
3,dbgate,20.578,after-query,63298,11523307618701,DbGate Helper,7635808,0.062786375
3,dbgate,20.834,after-query,63304,11523316661499,DbGate Helper (Renderer),192349792,3.136975000
3,dbgate,20.834,after-query,63297,11523307476878,DbGate Helper (GPU),158155808,2.093426625
3,dbgate,20.834,after-query,63293,11523297405167,DbGate,122554120,1.368147792
3,dbgate,20.834,after-query,63372,11523607959280,DbGate Helper,57705720,0.376388542
3,dbgate,20.834,after-query,63309,11523327327790,DbGate Helper,51840248,0.349627875
3,dbgate,20.834,after-query,63308,11523327254777,DbGate Helper,51774736,0.348464208
3,dbgate,20.834,after-query,63306,11523325435847,DbGate Helper,51758304,0.327225042
3,dbgate,20.834,after-query,63319,11523332270794,com.apple.SafariPlatformSupport,9765488,0.110775583
3,dbgate,20.834,after-query,63298,11523307618701,DbGate Helper,7635808,0.062786375
3,dbgate,21.089,after-query,63304,11523316661499,DbGate Helper (Renderer),191907400,3.144437042
3,dbgate,21.089,after-query,63297,11523307476878,DbGate Helper (GPU),140002336,2.105667750
3,dbgate,21.089,after-query,63293,11523297405167,DbGate,122554120,1.368292667
3,dbgate,21.089,after-query,63372,11523607959280,DbGate Helper,57705720,0.376388542
3,dbgate,21.089,after-query,63309,11523327327790,DbGate Helper,51840248,0.349627875
3,dbgate,21.089,after-query,63308,11523327254777,DbGate Helper,51774736,0.348464208
3,dbgate,21.089,after-query,63306,11523325435847,DbGate Helper,51758304,0.327225042
3,dbgate,21.089,after-query,63319,11523332270794,com.apple.SafariPlatformSupport,9765488,0.110775583
3,dbgate,21.089,after-query,63298,11523307618701,DbGate Helper,7635808,0.062786375
3,dbgate,21.344,after-query,63304,11523316661499,DbGate Helper (Renderer),191907400,3.156457833
3,dbgate,21.344,after-query,63297,11523307476878,DbGate Helper (GPU),139985952,2.113937750
3,dbgate,21.344,after-query,63293,11523297405167,DbGate,122570504,1.370388375
3,dbgate,21.344,after-query,63372,11523607959280,DbGate Helper,57722104,0.377165083
3,dbgate,21.344,after-query,63309,11523327327790,DbGate Helper,51905784,0.350164417
3,dbgate,21.344,after-query,63308,11523327254777,DbGate Helper,51774736,0.348464208
3,dbgate,21.344,after-query,63306,11523325435847,DbGate Helper,51758304,0.327225042
3,dbgate,21.344,after-query,63319,11523332270794,com.apple.SafariPlatformSupport,9765488,0.110775583
3,dbgate,21.344,after-query,63298,11523307618701,DbGate Helper,7635808,0.062786375
3,dbgate,21.599,after-query,63304,11523316661499,DbGate Helper (Renderer),191907400,3.163762417
3,dbgate,21.599,after-query,63297,11523307476878,DbGate Helper (GPU),139985952,2.120474917
3,dbgate,21.599,after-query,63293,11523297405167,DbGate,122570504,1.371147708
3,dbgate,21.599,after-query,63372,11523607959280,DbGate Helper,57722104,0.377165083
3,dbgate,21.599,after-query,63309,11523327327790,DbGate Helper,51905784,0.350265833
3,dbgate,21.599,after-query,63308,11523327254777,DbGate Helper,51774736,0.348553333
3,dbgate,21.599,after-query,63306,11523325435847,DbGate Helper,51758304,0.327632750
3,dbgate,21.599,after-query,63319,11523332270794,com.apple.SafariPlatformSupport,9765488,0.110775583
3,dbgate,21.599,after-query,63298,11523307618701,DbGate Helper,7635808,0.062786375
3,dbgate,21.854,after-query,63304,11523316661499,DbGate Helper (Renderer),191972936,3.171339750
3,dbgate,21.854,after-query,63297,11523307476878,DbGate Helper (GPU),137888800,2.132201125
3,dbgate,21.854,after-query,63293,11523297405167,DbGate,122504968,1.372535458
3,dbgate,21.854,after-query,63372,11523607959280,DbGate Helper,57722104,0.377165083
3,dbgate,21.854,after-query,63309,11523327327790,DbGate Helper,51905784,0.350386333
3,dbgate,21.854,after-query,63308,11523327254777,DbGate Helper,51774736,0.348697208
3,dbgate,21.854,after-query,63306,11523325435847,DbGate Helper,51758304,0.327632750
3,dbgate,21.854,after-query,63319,11523332270794,com.apple.SafariPlatformSupport,9765488,0.110775583
3,dbgate,21.854,after-query,63298,11523307618701,DbGate Helper,7635808,0.062786375
3,dbgate,22.109,after-query,63304,11523316661499,DbGate Helper (Renderer),191972936,3.178201917
3,dbgate,22.109,after-query,63297,11523307476878,DbGate Helper (GPU),137872416,2.140207208
3,dbgate,22.109,after-query,63293,11523297405167,DbGate,122504968,1.372535458
3,dbgate,22.109,after-query,63372,11523607959280,DbGate Helper,57722104,0.377165083
3,dbgate,22.109,after-query,63309,11523327327790,DbGate Helper,51905784,0.350386333
3,dbgate,22.109,after-query,63308,11523327254777,DbGate Helper,51774736,0.348697208
3,dbgate,22.109,after-query,63306,11523325435847,DbGate Helper,51758304,0.327632750
3,dbgate,22.109,after-query,63319,11523332270794,com.apple.SafariPlatformSupport,9765488,0.110775583
3,dbgate,22.109,after-query,63298,11523307618701,DbGate Helper,7635808,0.062786375
3,dbgate,22.365,after-query,63304,11523316661499,DbGate Helper (Renderer),191972936,3.186055583
3,dbgate,22.365,after-query,63297,11523307476878,DbGate Helper (GPU),137856032,2.147195542
3,dbgate,22.365,after-query,63293,11523297405167,DbGate,122504968,1.373139833
3,dbgate,22.365,after-query,63372,11523607959280,DbGate Helper,57722104,0.377639667
3,dbgate,22.365,after-query,63309,11523327327790,DbGate Helper,51905784,0.350386333
3,dbgate,22.365,after-query,63308,11523327254777,DbGate Helper,51774736,0.348697208
3,dbgate,22.365,after-query,63306,11523325435847,DbGate Helper,51758304,0.327632750
3,dbgate,22.365,after-query,63319,11523332270794,com.apple.SafariPlatformSupport,9765488,0.110775583
3,dbgate,22.365,after-query,63298,11523307618701,DbGate Helper,7635808,0.062786375
3,dbgate,22.620,after-query,63304,11523316661499,DbGate Helper (Renderer),191972936,3.195288958
3,dbgate,22.620,after-query,63297,11523307476878,DbGate Helper (GPU),137872416,2.155511333
3,dbgate,22.620,after-query,63293,11523297405167,DbGate,122504968,1.374404000
3,dbgate,22.620,after-query,63372,11523607959280,DbGate Helper,57722104,0.377639667
3,dbgate,22.620,after-query,63309,11523327327790,DbGate Helper,51905784,0.350573167
3,dbgate,22.620,after-query,63308,11523327254777,DbGate Helper,51774736,0.349006542
3,dbgate,22.620,after-query,63306,11523325435847,DbGate Helper,51758304,0.327932292
3,dbgate,22.620,after-query,63319,11523332270794,com.apple.SafariPlatformSupport,9765488,0.110775583
3,dbgate,22.620,after-query,63298,11523307618701,DbGate Helper,7635808,0.062786375
3,dbgate,22.875,after-query,63304,11523316661499,DbGate Helper (Renderer),191972936,3.202055167
3,dbgate,22.875,after-query,63297,11523307476878,DbGate Helper (GPU),137856032,2.162934708
3,dbgate,22.875,after-query,63293,11523297405167,DbGate,122504968,1.374404000
3,dbgate,22.875,after-query,63372,11523607959280,DbGate Helper,57722104,0.377639667
3,dbgate,22.875,after-query,63309,11523327327790,DbGate Helper,51905784,0.350573167
3,dbgate,22.875,after-query,63308,11523327254777,DbGate Helper,51774736,0.349006542
3,dbgate,22.875,after-query,63306,11523325435847,DbGate Helper,51758304,0.327932292
3,dbgate,22.875,after-query,63319,11523332270794,com.apple.SafariPlatformSupport,9765488,0.110775583
3,dbgate,22.875,after-query,63298,11523307618701,DbGate Helper,7635808,0.062786375
3,dbgate,23.131,after-query,63304,11523316661499,DbGate Helper (Renderer),191972936,3.209129500
3,dbgate,23.131,after-query,63297,11523307476878,DbGate Helper (GPU),137839648,2.170886042
3,dbgate,23.131,after-query,63293,11523297405167,DbGate,122504968,1.374404000
3,dbgate,23.131,after-query,63372,11523607959280,DbGate Helper,57722104,0.377639667
3,dbgate,23.131,after-query,63309,11523327327790,DbGate Helper,51905784,0.350573167
3,dbgate,23.131,after-query,63308,11523327254777,DbGate Helper,51774736,0.349006542
3,dbgate,23.131,after-query,63306,11523325435847,DbGate Helper,51758304,0.327932292
3,dbgate,23.131,after-query,63319,11523332270794,com.apple.SafariPlatformSupport,9765488,0.110775583
3,dbgate,23.131,after-query,63298,11523307618701,DbGate Helper,7635808,0.062786375
3,dbgate,23.386,after-query,63304,11523316661499,DbGate Helper (Renderer),192005704,3.217658375
3,dbgate,23.386,after-query,63297,11523307476878,DbGate Helper (GPU),137823264,2.178055292
3,dbgate,23.386,after-query,63293,11523297405167,DbGate,122504968,1.375005250
3,dbgate,23.386,after-query,63372,11523607959280,DbGate Helper,57722104,0.378690167
3,dbgate,23.386,after-query,63309,11523327327790,DbGate Helper,51905784,0.350573167
3,dbgate,23.386,after-query,63308,11523327254777,DbGate Helper,51774736,0.349006542
3,dbgate,23.386,after-query,63306,11523325435847,DbGate Helper,51758304,0.327932292
3,dbgate,23.386,after-query,63319,11523332270794,com.apple.SafariPlatformSupport,9765488,0.110775583
3,dbgate,23.386,after-query,63298,11523307618701,DbGate Helper,7635808,0.062786375
3,dbgate,23.641,after-query,63304,11523316661499,DbGate Helper (Renderer),192005704,3.225216125
3,dbgate,23.641,after-query,63297,11523307476878,DbGate Helper (GPU),124683296,2.188439833
3,dbgate,23.641,after-query,63293,11523297405167,DbGate,122504968,1.375921667
3,dbgate,23.641,after-query,63372,11523607959280,DbGate Helper,57722104,0.378690167
3,dbgate,23.641,after-query,63309,11523327327790,DbGate Helper,51905784,0.350708708
3,dbgate,23.641,after-query,63308,11523327254777,DbGate Helper,51774736,0.349193375
3,dbgate,23.641,after-query,63306,11523325435847,DbGate Helper,51758304,0.328120583
3,dbgate,23.641,after-query,63319,11523332270794,com.apple.SafariPlatformSupport,9765488,0.110775583
3,dbgate,23.641,after-query,63298,11523307618701,DbGate Helper,7635808,0.062786375
3,dbgate,23.896,after-query,63304,11523316661499,DbGate Helper (Renderer),192005704,3.233826458
3,dbgate,23.896,after-query,63297,11523307476878,DbGate Helper (GPU),124666912,2.197045542
3,dbgate,23.896,after-query,63293,11523297405167,DbGate,122504968,1.375921667
3,dbgate,23.896,after-query,63372,11523607959280,DbGate Helper,57722104,0.378690167
3,dbgate,23.896,after-query,63309,11523327327790,DbGate Helper,51905784,0.350708708
3,dbgate,23.896,after-query,63308,11523327254777,DbGate Helper,51774736,0.349193375
3,dbgate,23.896,after-query,63306,11523325435847,DbGate Helper,51758304,0.328120583
3,dbgate,23.896,after-query,63319,11523332270794,com.apple.SafariPlatformSupport,9765488,0.110775583
3,dbgate,23.896,after-query,63298,11523307618701,DbGate Helper,7635808,0.062786375
3,pgpad,0.253,launch,63470,11524151462639,pgpad-tauri,17204160,0.127685375
3,pgpad,0.503,settle,63470,11524151462639,pgpad-tauri,29803528,0.311282125
3,pgpad,0.503,settle,63473,11524156678336,com.apple.WebKit.Networking,6554104,0.024296000
3,pgpad,0.503,settle,63472,11524156349121,com.apple.WebKit.GPU,5636672,0.032854958
3,pgpad,0.503,settle,63474,11524156746643,com.apple.WebKit.WebContent,5243384,0.032430500
3,pgpad,0.758,settle,63470,11524151462639,pgpad-tauri,30098464,0.358252667
3,pgpad,0.758,settle,63473,11524156678336,com.apple.WebKit.Networking,7504400,0.030110750
3,pgpad,0.758,settle,63474,11524156746643,com.apple.WebKit.WebContent,6881856,0.067060292
3,pgpad,0.758,settle,63472,11524156349121,com.apple.WebKit.GPU,5931584,0.032919833
3,pgpad,1.014,settle,63474,11524156746643,com.apple.WebKit.WebContent,146785000,0.259531167
3,pgpad,1.014,settle,63472,11524156349121,com.apple.WebKit.GPU,38372168,0.097508458
3,pgpad,1.014,settle,63470,11524151462639,pgpad-tauri,33424488,0.382576208
3,pgpad,1.014,settle,63473,11524156678336,com.apple.WebKit.Networking,7569936,0.031831458
3,pgpad,1.014,settle,63477,11524171672776,com.apple.audio.SandboxHelper,5407224,0.021019875
3,pgpad,1.269,settle,63474,11524156746643,com.apple.WebKit.WebContent,146440936,0.260038917
3,pgpad,1.269,settle,63472,11524156349121,com.apple.WebKit.GPU,38372168,0.097595917
3,pgpad,1.269,settle,63470,11524151462639,pgpad-tauri,33244264,0.383665208
3,pgpad,1.269,settle,63473,11524156678336,com.apple.WebKit.Networking,7553552,0.031907792
3,pgpad,1.269,settle,63477,11524171672776,com.apple.audio.SandboxHelper,5407224,0.021019875
3,pgpad,1.524,settle,63474,11524156746643,com.apple.WebKit.WebContent,141443816,0.264079208
3,pgpad,1.524,settle,63472,11524156349121,com.apple.WebKit.GPU,38306632,0.098238958
3,pgpad,1.524,settle,63470,11524151462639,pgpad-tauri,33080424,0.385708792
3,pgpad,1.524,settle,63473,11524156678336,com.apple.WebKit.Networking,7291408,0.032632208
3,pgpad,1.524,settle,63477,11524171672776,com.apple.audio.SandboxHelper,5407224,0.021019875
3,pgpad,1.774,settle,63474,11524156746643,com.apple.WebKit.WebContent,138822376,0.280875542
3,pgpad,1.774,settle,63472,11524156349121,com.apple.WebKit.GPU,38290248,0.098929625
3,pgpad,1.774,settle,63470,11524151462639,pgpad-tauri,32687208,0.386466875
3,pgpad,1.774,settle,63473,11524156678336,com.apple.WebKit.Networking,6799888,0.032946542
3,pgpad,1.774,settle,63477,11524171672776,com.apple.audio.SandboxHelper,5407224,0.021019875
3,pgpad,2.025,settle,63474,11524156746643,com.apple.WebKit.WebContent,138543848,0.282469750
3,pgpad,2.025,settle,63472,11524156349121,com.apple.WebKit.GPU,38273864,0.099214208
3,pgpad,2.025,settle,63470,11524151462639,pgpad-tauri,32687208,0.387863000
3,pgpad,2.025,settle,63473,11524156678336,com.apple.WebKit.Networking,6799888,0.033209375
3,pgpad,2.025,settle,63477,11524171672776,com.apple.audio.SandboxHelper,5390840,0.021323750
3,pgpad,2.280,settle,63474,11524156746643,com.apple.WebKit.WebContent,97649384,0.284067500
3,pgpad,2.280,settle,63470,11524151462639,pgpad-tauri,31671400,0.388538333
3,pgpad,2.280,settle,63472,11524156349121,com.apple.WebKit.GPU,16892744,0.101496208
3,pgpad,2.280,settle,63473,11524156678336,com.apple.WebKit.Networking,6373904,0.033571000
3,pgpad,2.280,settle,63477,11524171672776,com.apple.audio.SandboxHelper,5390840,0.021323750
3,pgpad,2.532,settle,63474,11524156746643,com.apple.WebKit.WebContent,97403624,0.284538542
3,pgpad,2.532,settle,63470,11524151462639,pgpad-tauri,31507560,0.389056000
3,pgpad,2.532,settle,63472,11524156349121,com.apple.WebKit.GPU,16761672,0.101662833
3,pgpad,2.532,settle,63473,11524156678336,com.apple.WebKit.Networking,6373904,0.033770792
3,pgpad,2.532,settle,63477,11524171672776,com.apple.audio.SandboxHelper,5390840,0.021323750
3,pgpad,2.788,settle,63474,11524156746643,com.apple.WebKit.WebContent,97354472,0.285177083
3,pgpad,2.788,settle,63470,11524151462639,pgpad-tauri,31507560,0.389056000
3,pgpad,2.788,settle,63472,11524156349121,com.apple.WebKit.GPU,16761672,0.101896333
3,pgpad,2.788,settle,63473,11524156678336,com.apple.WebKit.Networking,6373904,0.033830875
3,pgpad,2.788,settle,63477,11524171672776,com.apple.audio.SandboxHelper,5390840,0.021323750
3,pgpad,3.040,settle,63474,11524156746643,com.apple.WebKit.WebContent,97354472,0.285612750
3,pgpad,3.040,settle,63470,11524151462639,pgpad-tauri,31507560,0.389056000
3,pgpad,3.040,settle,63472,11524156349121,com.apple.WebKit.GPU,16761672,0.102069292
3,pgpad,3.040,settle,63473,11524156678336,com.apple.WebKit.Networking,6373904,0.033830875
3,pgpad,3.040,settle,63477,11524171672776,com.apple.audio.SandboxHelper,5390840,0.021323750
3,pgpad,3.291,settle,63474,11524156746643,com.apple.WebKit.WebContent,97157864,0.286052125
3,pgpad,3.291,settle,63470,11524151462639,pgpad-tauri,31507560,0.389189667
3,pgpad,3.291,settle,63472,11524156349121,com.apple.WebKit.GPU,16728904,0.102350417
3,pgpad,3.291,settle,63473,11524156678336,com.apple.WebKit.Networking,6373904,0.033830875
3,pgpad,3.291,settle,63477,11524171672776,com.apple.audio.SandboxHelper,5390840,0.021323750
3,pgpad,3.547,settle,63474,11524156746643,com.apple.WebKit.WebContent,97141480,0.286551542
3,pgpad,3.547,settle,63470,11524151462639,pgpad-tauri,31507560,0.389189667
3,pgpad,3.547,settle,63472,11524156349121,com.apple.WebKit.GPU,16712520,0.102496542
3,pgpad,3.547,settle,63473,11524156678336,com.apple.WebKit.Networking,6373904,0.033830875
3,pgpad,3.547,settle,63477,11524171672776,com.apple.audio.SandboxHelper,5390840,0.021323750
3,pgpad,3.802,settle,63474,11524156746643,com.apple.WebKit.WebContent,97141480,0.286551542
3,pgpad,3.802,settle,63470,11524151462639,pgpad-tauri,31507560,0.389442083
3,pgpad,3.802,settle,63472,11524156349121,com.apple.WebKit.GPU,16712520,0.102560083
3,pgpad,3.802,settle,63473,11524156678336,com.apple.WebKit.Networking,6373904,0.033830875
3,pgpad,3.802,settle,63477,11524171672776,com.apple.audio.SandboxHelper,5390840,0.021323750
3,pgpad,4.057,settle,63474,11524156746643,com.apple.WebKit.WebContent,97141480,0.286631042
3,pgpad,4.057,settle,63470,11524151462639,pgpad-tauri,31507560,0.389595667
3,pgpad,4.057,settle,63472,11524156349121,com.apple.WebKit.GPU,16712520,0.102560083
3,pgpad,4.057,settle,63473,11524156678336,com.apple.WebKit.Networking,6373904,0.033830875
3,pgpad,4.057,settle,63477,11524171672776,com.apple.audio.SandboxHelper,5390840,0.021323750
3,pgpad,4.312,settle,63474,11524156746643,com.apple.WebKit.WebContent,97141480,0.286631042
3,pgpad,4.312,settle,63470,11524151462639,pgpad-tauri,31507560,0.389938208
3,pgpad,4.312,settle,63472,11524156349121,com.apple.WebKit.GPU,16712520,0.102560083
3,pgpad,4.312,settle,63473,11524156678336,com.apple.WebKit.Networking,6373904,0.033830875
3,pgpad,4.312,settle,63477,11524171672776,com.apple.audio.SandboxHelper,5390840,0.021323750
3,pgpad,4.568,settle,63474,11524156746643,com.apple.WebKit.WebContent,97141480,0.286631042
3,pgpad,4.568,settle,63470,11524151462639,pgpad-tauri,31507560,0.390212375
3,pgpad,4.568,settle,63472,11524156349121,com.apple.WebKit.GPU,16712520,0.102560083
3,pgpad,4.568,settle,63473,11524156678336,com.apple.WebKit.Networking,6373904,0.033830875
3,pgpad,4.568,settle,63477,11524171672776,com.apple.audio.SandboxHelper,5390840,0.021323750
3,pgpad,4.823,settle,63474,11524156746643,com.apple.WebKit.WebContent,97141480,0.286631042
3,pgpad,4.823,settle,63470,11524151462639,pgpad-tauri,31507560,0.390212375
3,pgpad,4.823,settle,63472,11524156349121,com.apple.WebKit.GPU,16712520,0.102560083
3,pgpad,4.823,settle,63473,11524156678336,com.apple.WebKit.Networking,6373904,0.033830875
3,pgpad,4.823,settle,63477,11524171672776,com.apple.audio.SandboxHelper,5390840,0.021323750
3,pgpad,5.078,settle,63474,11524156746643,com.apple.WebKit.WebContent,97141480,0.286631042
3,pgpad,5.078,settle,63470,11524151462639,pgpad-tauri,31507560,0.390212375
3,pgpad,5.078,settle,63472,11524156349121,com.apple.WebKit.GPU,16712520,0.102560083
3,pgpad,5.078,settle,63473,11524156678336,com.apple.WebKit.Networking,6373904,0.033830875
3,pgpad,5.078,settle,63477,11524171672776,com.apple.audio.SandboxHelper,5390840,0.021323750
3,pgpad,5.332,settle,63474,11524156746643,com.apple.WebKit.WebContent,97141480,0.286631042
3,pgpad,5.332,settle,63470,11524151462639,pgpad-tauri,31392872,0.390976125
3,pgpad,5.332,settle,63472,11524156349121,com.apple.WebKit.GPU,16712520,0.102560083
3,pgpad,5.332,settle,63473,11524156678336,com.apple.WebKit.Networking,6373904,0.033830875
3,pgpad,5.332,settle,63477,11524171672776,com.apple.audio.SandboxHelper,5390840,0.021323750
3,pgpad,5.585,query,63474,11524156746643,com.apple.WebKit.WebContent,97141480,0.286631042
3,pgpad,5.585,query,63470,11524151462639,pgpad-tauri,31392872,0.391792292
3,pgpad,5.585,query,63472,11524156349121,com.apple.WebKit.GPU,16712520,0.102603708
3,pgpad,5.585,query,63473,11524156678336,com.apple.WebKit.Networking,6423056,0.038577333
3,pgpad,5.585,query,63477,11524171672776,com.apple.audio.SandboxHelper,5390840,0.021323750
3,pgpad,5.840,query,63474,11524156746643,com.apple.WebKit.WebContent,97141480,0.286765208
3,pgpad,5.840,query,63470,11524151462639,pgpad-tauri,31343720,0.391898917
3,pgpad,5.840,query,63472,11524156349121,com.apple.WebKit.GPU,16712520,0.102603708
3,pgpad,5.840,query,63473,11524156678336,com.apple.WebKit.Networking,6373904,0.038737917
3,pgpad,5.840,query,63477,11524171672776,com.apple.audio.SandboxHelper,5390840,0.021323750
3,pgpad,6.091,query,63474,11524156746643,com.apple.WebKit.WebContent,97157864,0.286955000
3,pgpad,6.091,query,63470,11524151462639,pgpad-tauri,31343720,0.391898917
3,pgpad,6.091,query,63472,11524156349121,com.apple.WebKit.GPU,16712520,0.102603708
3,pgpad,6.091,query,63473,11524156678336,com.apple.WebKit.Networking,6373904,0.039089875
3,pgpad,6.091,query,63477,11524171672776,com.apple.audio.SandboxHelper,5390840,0.021323750
3,pgpad,6.346,query,63474,11524156746643,com.apple.WebKit.WebContent,97108712,0.287168333
3,pgpad,6.346,query,63470,11524151462639,pgpad-tauri,31343720,0.391898917
3,pgpad,6.346,query,63472,11524156349121,com.apple.WebKit.GPU,16712520,0.102603708
3,pgpad,6.346,query,63473,11524156678336,com.apple.WebKit.Networking,6291984,0.039396083
3,pgpad,6.346,query,63477,11524171672776,com.apple.audio.SandboxHelper,5325304,0.021432583
3,pgpad,6.600,query,63474,11524156746643,com.apple.WebKit.WebContent,97108712,0.287168333
3,pgpad,6.600,query,63470,11524151462639,pgpad-tauri,31343720,0.391898917
3,pgpad,6.600,query,63472,11524156349121,com.apple.WebKit.GPU,16712520,0.102603708
3,pgpad,6.600,query,63473,11524156678336,com.apple.WebKit.Networking,6291984,0.039668167
3,pgpad,6.600,query,63477,11524171672776,com.apple.audio.SandboxHelper,5325304,0.021432583
3,pgpad,6.855,query,63474,11524156746643,com.apple.WebKit.WebContent,97059560,0.287324083
3,pgpad,6.855,query,63470,11524151462639,pgpad-tauri,31343720,0.391898917
3,pgpad,6.855,query,63472,11524156349121,com.apple.WebKit.GPU,16712520,0.102603708
3,pgpad,6.855,query,63473,11524156678336,com.apple.WebKit.Networking,6259216,0.039946583
3,pgpad,6.855,query,63477,11524171672776,com.apple.audio.SandboxHelper,5325304,0.021432583
3,pgpad,7.110,query,63474,11524156746643,com.apple.WebKit.WebContent,97059560,0.287389667
3,pgpad,7.110,query,63470,11524151462639,pgpad-tauri,31343720,0.391898917
3,pgpad,7.110,query,63472,11524156349121,com.apple.WebKit.GPU,16712520,0.102603708
3,pgpad,7.110,query,63473,11524156678336,com.apple.WebKit.Networking,6259216,0.039989458
3,pgpad,7.110,query,63477,11524171672776,com.apple.audio.SandboxHelper,5325304,0.021432583
3,pgpad,7.365,query,63474,11524156746643,com.apple.WebKit.WebContent,97059560,0.287389667
3,pgpad,7.365,query,63470,11524151462639,pgpad-tauri,31343720,0.391898917
3,pgpad,7.365,query,63472,11524156349121,com.apple.WebKit.GPU,16712520,0.102603708
3,pgpad,7.365,query,63473,11524156678336,com.apple.WebKit.Networking,6259216,0.039989458
3,pgpad,7.365,query,63477,11524171672776,com.apple.audio.SandboxHelper,5325304,0.021432583
3,pgpad,7.616,query,63474,11524156746643,com.apple.WebKit.WebContent,97059560,0.287389667
3,pgpad,7.616,query,63470,11524151462639,pgpad-tauri,31343720,0.391898917
3,pgpad,7.616,query,63472,11524156349121,com.apple.WebKit.GPU,16597832,0.102679750
3,pgpad,7.616,query,63473,11524156678336,com.apple.WebKit.Networking,6259216,0.039989458
3,pgpad,7.616,query,63477,11524171672776,com.apple.audio.SandboxHelper,5325304,0.021432583
3,pgpad,7.871,query,63474,11524156746643,com.apple.WebKit.WebContent,97059560,0.287389667
3,pgpad,7.871,query,63470,11524151462639,pgpad-tauri,31343720,0.391898917
3,pgpad,7.871,query,63472,11524156349121,com.apple.WebKit.GPU,16597832,0.102679750
3,pgpad,7.871,query,63473,11524156678336,com.apple.WebKit.Networking,6259216,0.039989458
3,pgpad,7.871,query,63477,11524171672776,com.apple.audio.SandboxHelper,5325304,0.021432583
3,pgpad,8.125,query,63474,11524156746643,com.apple.WebKit.WebContent,97059560,0.287389667
3,pgpad,8.125,query,63470,11524151462639,pgpad-tauri,31343720,0.391898917
3,pgpad,8.125,query,63472,11524156349121,com.apple.WebKit.GPU,16597832,0.102679750
3,pgpad,8.125,query,63473,11524156678336,com.apple.WebKit.Networking,6259216,0.039989458
3,pgpad,8.125,query,63477,11524171672776,com.apple.audio.SandboxHelper,5325304,0.021432583
3,pgpad,8.380,query,63474,11524156746643,com.apple.WebKit.WebContent,97059560,0.287389667
3,pgpad,8.380,query,63470,11524151462639,pgpad-tauri,31343720,0.391898917
3,pgpad,8.380,query,63472,11524156349121,com.apple.WebKit.GPU,16597832,0.102679750
3,pgpad,8.380,query,63473,11524156678336,com.apple.WebKit.Networking,6259216,0.039989458
3,pgpad,8.380,query,63477,11524171672776,com.apple.audio.SandboxHelper,5325304,0.021432583
3,pgpad,8.633,query,63474,11524156746643,com.apple.WebKit.WebContent,97059560,0.287389667
3,pgpad,8.633,query,63470,11524151462639,pgpad-tauri,31343720,0.391898917
3,pgpad,8.633,query,63472,11524156349121,com.apple.WebKit.GPU,16597832,0.102740042
3,pgpad,8.633,query,63473,11524156678336,com.apple.WebKit.Networking,6259216,0.039989458
3,pgpad,8.633,query,63477,11524171672776,com.apple.audio.SandboxHelper,5325304,0.021432583
3,pgpad,8.883,query,63474,11524156746643,com.apple.WebKit.WebContent,96977640,0.288559167
3,pgpad,8.883,query,63470,11524151462639,pgpad-tauri,31261800,0.396576417
3,pgpad,8.883,query,63472,11524156349121,com.apple.WebKit.GPU,16597832,0.102740042
3,pgpad,8.883,query,63473,11524156678336,com.apple.WebKit.Networking,6259216,0.039989458
3,pgpad,8.883,query,63477,11524171672776,com.apple.audio.SandboxHelper,5325304,0.021432583
3,pgpad,9.134,query,63474,11524156746643,com.apple.WebKit.WebContent,97059560,0.293207750
3,pgpad,9.134,query,63470,11524151462639,pgpad-tauri,31310952,0.400198125
3,pgpad,9.134,query,63472,11524156349121,com.apple.WebKit.GPU,16597832,0.102740042
3,pgpad,9.134,query,63473,11524156678336,com.apple.WebKit.Networking,6259216,0.039989458
3,pgpad,9.134,query,63477,11524171672776,com.apple.audio.SandboxHelper,5325304,0.021432583
3,pgpad,9.388,query,63474,11524156746643,com.apple.WebKit.WebContent,97059560,0.293898750
3,pgpad,9.388,query,63470,11524151462639,pgpad-tauri,31310952,0.401185458
3,pgpad,9.388,query,63472,11524156349121,com.apple.WebKit.GPU,16597832,0.102740042
3,pgpad,9.388,query,63473,11524156678336,com.apple.WebKit.Networking,6259216,0.039989458
3,pgpad,9.388,query,63477,11524171672776,com.apple.audio.SandboxHelper,5325304,0.021432583
3,pgpad,9.641,query,63474,11524156746643,com.apple.WebKit.WebContent,97059560,0.294336792
3,pgpad,9.641,query,63470,11524151462639,pgpad-tauri,31310952,0.401547625
3,pgpad,9.641,query,63472,11524156349121,com.apple.WebKit.GPU,16597832,0.102740042
3,pgpad,9.641,query,63473,11524156678336,com.apple.WebKit.Networking,6259216,0.039989458
3,pgpad,9.641,query,63477,11524171672776,com.apple.audio.SandboxHelper,5325304,0.021432583
3,pgpad,9.896,query,63474,11524156746643,com.apple.WebKit.WebContent,97059560,0.294702250
3,pgpad,9.896,query,63470,11524151462639,pgpad-tauri,31310952,0.401804792
3,pgpad,9.896,query,63472,11524156349121,com.apple.WebKit.GPU,16597832,0.102740042
3,pgpad,9.896,query,63473,11524156678336,com.apple.WebKit.Networking,6259216,0.039989458
3,pgpad,9.896,query,63477,11524171672776,com.apple.audio.SandboxHelper,5325304,0.021432583
3,pgpad,10.149,query,63474,11524156746643,com.apple.WebKit.WebContent,97059560,0.294963708
3,pgpad,10.149,query,63470,11524151462639,pgpad-tauri,31310952,0.401995417
3,pgpad,10.149,query,63472,11524156349121,com.apple.WebKit.GPU,16597832,0.102740042
3,pgpad,10.149,query,63473,11524156678336,com.apple.WebKit.Networking,6259216,0.039989458
3,pgpad,10.149,query,63477,11524171672776,com.apple.audio.SandboxHelper,5325304,0.021432583
3,pgpad,10.404,query,63474,11524156746643,com.apple.WebKit.WebContent,97059560,0.295233125
3,pgpad,10.404,query,63470,11524151462639,pgpad-tauri,31310952,0.402195417
3,pgpad,10.404,query,63472,11524156349121,com.apple.WebKit.GPU,16597832,0.102740042
3,pgpad,10.404,query,63473,11524156678336,com.apple.WebKit.Networking,6259216,0.039989458
3,pgpad,10.404,query,63477,11524171672776,com.apple.audio.SandboxHelper,5325304,0.021432583
3,pgpad,10.658,query,63474,11524156746643,com.apple.WebKit.WebContent,148341504,0.304994917
3,pgpad,10.658,query,63472,11524156349121,com.apple.WebKit.GPU,38404936,0.112631042
3,pgpad,10.658,query,63470,11524151462639,pgpad-tauri,31294568,0.404558917
3,pgpad,10.658,query,63473,11524156678336,com.apple.WebKit.Networking,6210064,0.041006583
3,pgpad,10.658,query,63477,11524171672776,com.apple.audio.SandboxHelper,5325304,0.021432583
3,pgpad,10.913,query,63474,11524156746643,com.apple.WebKit.WebContent,200409856,0.359852500
3,pgpad,10.913,query,63472,11524156349121,com.apple.WebKit.GPU,43336616,0.143447500
3,pgpad,10.913,query,63470,11524151462639,pgpad-tauri,31868008,0.435238542
3,pgpad,10.913,query,63473,11524156678336,com.apple.WebKit.Networking,6210064,0.041069000
3,pgpad,10.913,query,63477,11524171672776,com.apple.audio.SandboxHelper,5325304,0.021432583
3,pgpad,11.168,query,63474,11524156746643,com.apple.WebKit.WebContent,200344320,0.364608458
3,pgpad,11.168,query,63472,11524156349121,com.apple.WebKit.GPU,43353000,0.152839875
3,pgpad,11.168,query,63470,11524151462639,pgpad-tauri,31851624,0.437196750
3,pgpad,11.168,query,63473,11524156678336,com.apple.WebKit.Networking,6210064,0.041202333
3,pgpad,11.168,query,63477,11524171672776,com.apple.audio.SandboxHelper,5325304,0.021432583
3,pgpad,11.423,query,63474,11524156746643,com.apple.WebKit.WebContent,200327936,0.366754167
3,pgpad,11.423,query,63472,11524156349121,com.apple.WebKit.GPU,43353000,0.154912500
3,pgpad,11.423,query,63470,11524151462639,pgpad-tauri,31818856,0.439159542
3,pgpad,11.423,query,63473,11524156678336,com.apple.WebKit.Networking,6160912,0.041415583
3,pgpad,11.423,query,63477,11524171672776,com.apple.audio.SandboxHelper,5325304,0.021432583
3,pgpad,11.679,query,63474,11524156746643,com.apple.WebKit.WebContent,200164096,0.368623458
3,pgpad,11.679,query,63472,11524156349121,com.apple.WebKit.GPU,43353000,0.155588458
3,pgpad,11.679,query,63470,11524151462639,pgpad-tauri,31786088,0.440114958
3,pgpad,11.679,query,63473,11524156678336,com.apple.WebKit.Networking,6160912,0.041550792
3,pgpad,11.679,query,63477,11524171672776,com.apple.audio.SandboxHelper,5325304,0.021432583
3,pgpad,11.934,query,63474,11524156746643,com.apple.WebKit.WebContent,200835840,0.394410417
3,pgpad,11.934,query,63472,11524156349121,com.apple.WebKit.GPU,43680680,0.165786208
3,pgpad,11.934,query,63470,11524151462639,pgpad-tauri,31818856,0.444816375
3,pgpad,11.934,query,63473,11524156678336,com.apple.WebKit.Networking,6160912,0.041794333
3,pgpad,11.934,query,63477,11524171672776,com.apple.audio.SandboxHelper,5325304,0.021432583
3,pgpad,12.186,query,63474,11524156746643,com.apple.WebKit.WebContent,150094592,0.408280125
3,pgpad,12.186,query,63472,11524156349121,com.apple.WebKit.GPU,43434920,0.166393125
3,pgpad,12.186,query,63470,11524151462639,pgpad-tauri,32048232,0.466144333
3,pgpad,12.186,query,63473,11524156678336,com.apple.WebKit.Networking,6160912,0.041912958
3,pgpad,12.186,query,63477,11524171672776,com.apple.audio.SandboxHelper,5325304,0.021432583
3,pgpad,12.186,query,63528,11524440315319,com.apple.SafariPlatformSupport,4735552,0.053318083
3,pgpad,12.441,query,63474,11524156746643,com.apple.WebKit.WebContent,163070720,0.414695708
3,pgpad,12.441,query,63472,11524156349121,com.apple.WebKit.GPU,43484072,0.167989375
3,pgpad,12.441,query,63470,11524151462639,pgpad-tauri,32703592,0.483168500
3,pgpad,12.441,query,63528,11524440315319,com.apple.SafariPlatformSupport,9732720,0.116734292
3,pgpad,12.441,query,63473,11524156678336,com.apple.WebKit.Networking,6160912,0.041912958
3,pgpad,12.441,query,63477,11524171672776,com.apple.audio.SandboxHelper,5325304,0.021432583
3,pgpad,12.694,query,63474,11524156746643,com.apple.WebKit.WebContent,163087104,0.416015583
3,pgpad,12.694,query,63472,11524156349121,com.apple.WebKit.GPU,43484072,0.168330542
3,pgpad,12.694,query,63470,11524151462639,pgpad-tauri,32687208,0.483813417
3,pgpad,12.694,query,63528,11524440315319,com.apple.SafariPlatformSupport,9732720,0.117178542
3,pgpad,12.694,query,63473,11524156678336,com.apple.WebKit.Networking,6160912,0.041912958
3,pgpad,12.694,query,63477,11524171672776,com.apple.audio.SandboxHelper,5325304,0.021432583
3,pgpad,12.949,query,63474,11524156746643,com.apple.WebKit.WebContent,163988224,0.433989333
3,pgpad,12.949,query,63472,11524156349121,com.apple.WebKit.GPU,45826984,0.175948875
3,pgpad,12.949,query,63470,11524151462639,pgpad-tauri,32900224,0.500535542
3,pgpad,12.949,query,63528,11524440315319,com.apple.SafariPlatformSupport,9732720,0.117178542
3,pgpad,12.949,query,63473,11524156678336,com.apple.WebKit.Networking,6160912,0.041912958
3,pgpad,12.949,query,63477,11524171672776,com.apple.audio.SandboxHelper,5325304,0.021432583
3,pgpad,13.204,query,63474,11524156746643,com.apple.WebKit.WebContent,163906304,0.435380583
3,pgpad,13.204,query,63472,11524156349121,com.apple.WebKit.GPU,45613992,0.176385083
3,pgpad,13.204,query,63470,11524151462639,pgpad-tauri,32883840,0.501283000
3,pgpad,13.204,query,63528,11524440315319,com.apple.SafariPlatformSupport,9732720,0.117178542
3,pgpad,13.204,query,63473,11524156678336,com.apple.WebKit.Networking,6160912,0.041912958
3,pgpad,13.204,query,63477,11524171672776,com.apple.audio.SandboxHelper,5325304,0.021432583
3,pgpad,13.460,query,63474,11524156746643,com.apple.WebKit.WebContent,162906880,0.445791125
3,pgpad,13.460,query,63472,11524156349121,com.apple.WebKit.GPU,45630376,0.182652875
3,pgpad,13.460,query,63470,11524151462639,pgpad-tauri,32932992,0.508011083
3,pgpad,13.460,query,63528,11524440315319,com.apple.SafariPlatformSupport,9732720,0.117363917
3,pgpad,13.460,query,63473,11524156678336,com.apple.WebKit.Networking,6160912,0.041912958
3,pgpad,13.460,query,63477,11524171672776,com.apple.audio.SandboxHelper,5325304,0.021432583
3,pgpad,13.715,query,63474,11524156746643,com.apple.WebKit.WebContent,163070720,0.463301333
3,pgpad,13.715,query,63472,11524156349121,com.apple.WebKit.GPU,45630376,0.184208167
3,pgpad,13.715,query,63470,11524151462639,pgpad-tauri,32932992,0.514996333
3,pgpad,13.715,query,63528,11524440315319,com.apple.SafariPlatformSupport,9732720,0.117363917
3,pgpad,13.715,query,63473,11524156678336,com.apple.WebKit.Networking,6160912,0.041912958
3,pgpad,13.715,query,63477,11524171672776,com.apple.audio.SandboxHelper,5325304,0.021432583
3,pgpad,13.970,query,63474,11524156746643,com.apple.WebKit.WebContent,163070720,0.465187833
3,pgpad,13.970,query,63472,11524156349121,com.apple.WebKit.GPU,45597608,0.186102458
3,pgpad,13.970,query,63470,11524151462639,pgpad-tauri,32916608,0.516016917
3,pgpad,13.970,query,63528,11524440315319,com.apple.SafariPlatformSupport,9732720,0.117363917
3,pgpad,13.970,query,63473,11524156678336,com.apple.WebKit.Networking,6160912,0.041912958
3,pgpad,13.970,query,63477,11524171672776,com.apple.audio.SandboxHelper,5325304,0.021432583
3,pgpad,14.222,query,63474,11524156746643,com.apple.WebKit.WebContent,124764928,0.465964708
3,pgpad,14.222,query,63472,11524156349121,com.apple.WebKit.GPU,43500456,0.186461333
3,pgpad,14.222,query,63470,11524151462639,pgpad-tauri,32916608,0.516244750
3,pgpad,14.222,query,63528,11524440315319,com.apple.SafariPlatformSupport,9732720,0.117363917
3,pgpad,14.222,query,63473,11524156678336,com.apple.WebKit.Networking,6160912,0.041912958
3,pgpad,14.222,query,63477,11524171672776,com.apple.audio.SandboxHelper,5325304,0.021432583
3,pgpad,14.474,query,63474,11524156746643,com.apple.WebKit.WebContent,249807664,0.699690917
3,pgpad,14.474,query,63472,11524156349121,com.apple.WebKit.GPU,53396440,0.219599250
3,pgpad,14.474,query,63470,11524151462639,pgpad-tauri,35030168,0.558548542
3,pgpad,14.474,query,63528,11524440315319,com.apple.SafariPlatformSupport,9732720,0.117543125
3,pgpad,14.474,query,63473,11524156678336,com.apple.WebKit.Networking,6226448,0.042710042
3,pgpad,14.474,query,63477,11524171672776,com.apple.audio.SandboxHelper,5325304,0.021432583
3,pgpad,14.729,query,63474,11524156746643,com.apple.WebKit.WebContent,249791280,0.700951167
3,pgpad,14.729,query,63472,11524156349121,com.apple.WebKit.GPU,53396440,0.219931708
3,pgpad,14.729,query,63470,11524151462639,pgpad-tauri,35013784,0.559300083
3,pgpad,14.729,query,63528,11524440315319,com.apple.SafariPlatformSupport,9732720,0.117543125
3,pgpad,14.729,query,63473,11524156678336,com.apple.WebKit.Networking,6226448,0.042807208
3,pgpad,14.729,query,63477,11524171672776,com.apple.audio.SandboxHelper,5325304,0.021432583
3,pgpad,14.981,query,63474,11524156746643,com.apple.WebKit.WebContent,247333680,0.709093458
3,pgpad,14.981,query,63472,11524156349121,com.apple.WebKit.GPU,51381208,0.220741625
3,pgpad,14.981,query,63470,11524151462639,pgpad-tauri,35046552,0.562296875
3,pgpad,14.981,query,63528,11524440315319,com.apple.SafariPlatformSupport,9732720,0.117543125
3,pgpad,14.981,query,63473,11524156678336,com.apple.WebKit.Networking,6291984,0.042938458
3,pgpad,14.981,query,63477,11524171672776,com.apple.audio.SandboxHelper,5325304,0.021432583
3,pgpad,15.232,query,63474,11524156746643,com.apple.WebKit.WebContent,246825776,0.710274292
3,pgpad,15.232,query,63472,11524156349121,com.apple.WebKit.GPU,51332056,0.221221292
3,pgpad,15.232,query,63470,11524151462639,pgpad-tauri,35013784,0.563040917
3,pgpad,15.232,query,63528,11524440315319,com.apple.SafariPlatformSupport,9732720,0.117543125
3,pgpad,15.232,query,63473,11524156678336,com.apple.WebKit.Networking,6291984,0.043190500
3,pgpad,15.232,query,63477,11524171672776,com.apple.audio.SandboxHelper,5325304,0.021432583
3,pgpad,15.487,query,63474,11524156746643,com.apple.WebKit.WebContent,244990768,0.717329542
3,pgpad,15.487,query,63472,11524156349121,com.apple.WebKit.GPU,51250136,0.222758375
3,pgpad,15.487,query,63470,11524151462639,pgpad-tauri,34997400,0.565615250
3,pgpad,15.487,query,63528,11524440315319,com.apple.SafariPlatformSupport,9732720,0.117543125
3,pgpad,15.487,query,63473,11524156678336,com.apple.WebKit.Networking,6291984,0.043464208
3,pgpad,15.487,query,63477,11524171672776,com.apple.audio.SandboxHelper,5325304,0.021432583
3,pgpad,15.742,query,63474,11524156746643,com.apple.WebKit.WebContent,180618032,0.719566708
3,pgpad,15.742,query,63472,11524156349121,com.apple.WebKit.GPU,40731608,0.223321208
3,pgpad,15.742,query,63470,11524151462639,pgpad-tauri,34931864,0.566824958
3,pgpad,15.742,query,63528,11524440315319,com.apple.SafariPlatformSupport,9732720,0.117543125
3,pgpad,15.742,query,63473,11524156678336,com.apple.WebKit.Networking,6291984,0.043669292
3,pgpad,15.742,query,63477,11524171672776,com.apple.audio.SandboxHelper,5325304,0.021432583
3,pgpad,15.998,query,63474,11524156746643,com.apple.WebKit.WebContent,184648496,0.720426542
3,pgpad,15.998,query,63470,11524151462639,pgpad-tauri,35030168,0.567101292
3,pgpad,15.998,query,63472,11524156349121,com.apple.WebKit.GPU,23118808,0.224068333
3,pgpad,15.998,query,63528,11524440315319,com.apple.SafariPlatformSupport,9732720,0.117543125
3,pgpad,15.998,query,63473,11524156678336,com.apple.WebKit.Networking,6439440,0.043669292
3,pgpad,15.998,query,63477,11524171672776,com.apple.audio.SandboxHelper,5325304,0.021432583
3,pgpad,16.253,query,63474,11524156746643,com.apple.WebKit.WebContent,185123632,0.726293000
3,pgpad,16.253,query,63470,11524151462639,pgpad-tauri,35013784,0.570222667
3,pgpad,16.253,query,63472,11524156349121,com.apple.WebKit.GPU,23348184,0.224866750
3,pgpad,16.253,query,63528,11524440315319,com.apple.SafariPlatformSupport,9732720,0.117543125
3,pgpad,16.253,query,63473,11524156678336,com.apple.WebKit.Networking,6439440,0.043669292
3,pgpad,16.253,query,63477,11524171672776,com.apple.audio.SandboxHelper,5325304,0.021432583
3,pgpad,16.508,query,63474,11524156746643,com.apple.WebKit.WebContent,285131568,0.779029708
3,pgpad,16.508,query,63472,11524156349121,com.apple.WebKit.GPU,47301616,0.250357167
3,pgpad,16.508,query,63470,11524151462639,pgpad-tauri,35161240,0.581979458
3,pgpad,16.508,query,63528,11524440315319,com.apple.SafariPlatformSupport,9732720,0.117703667
3,pgpad,16.508,query,63473,11524156678336,com.apple.WebKit.Networking,6439440,0.043669292
3,pgpad,16.508,query,63477,11524171672776,com.apple.audio.SandboxHelper,5325304,0.021432583
3,pgpad,16.760,query,63474,11524156746643,com.apple.WebKit.WebContent,285016880,0.783730458
3,pgpad,16.760,query,63472,11524156349121,com.apple.WebKit.GPU,47318024,0.260526625
3,pgpad,16.760,query,63470,11524151462639,pgpad-tauri,35144856,0.583967875
3,pgpad,16.760,query,63528,11524440315319,com.apple.SafariPlatformSupport,9732720,0.117703667
3,pgpad,16.760,query,63473,11524156678336,com.apple.WebKit.Networking,6439440,0.043669292
3,pgpad,16.760,query,63477,11524171672776,com.apple.audio.SandboxHelper,5325304,0.021432583
3,pgpad,17.015,query,63474,11524156746643,com.apple.WebKit.WebContent,286802736,0.833769083
3,pgpad,17.015,query,63472,11524156349121,com.apple.WebKit.GPU,50676744,0.286227208
3,pgpad,17.015,query,63470,11524151462639,pgpad-tauri,35177624,0.593575042
3,pgpad,17.015,query,63528,11524440315319,com.apple.SafariPlatformSupport,9732720,0.117703667
3,pgpad,17.015,query,63473,11524156678336,com.apple.WebKit.Networking,6504976,0.043669292
3,pgpad,17.015,query,63477,11524171672776,com.apple.audio.SandboxHelper,5325304,0.021432583
3,pgpad,17.266,query,63474,11524156746643,com.apple.WebKit.WebContent,287654704,0.836890125
3,pgpad,17.266,query,63472,11524156349121,com.apple.WebKit.GPU,50906120,0.296387917
3,pgpad,17.266,query,63470,11524151462639,pgpad-tauri,35144856,0.595893708
3,pgpad,17.266,query,63528,11524440315319,com.apple.SafariPlatformSupport,9732720,0.118447417
3,pgpad,17.266,query,63473,11524156678336,com.apple.WebKit.Networking,6636048,0.043669292
3,pgpad,17.266,query,63477,11524171672776,com.apple.audio.SandboxHelper,5325304,0.021432583
3,pgpad,17.521,query,63474,11524156746643,com.apple.WebKit.WebContent,289129264,0.880159083
3,pgpad,17.521,query,63472,11524156349121,com.apple.WebKit.GPU,51594248,0.320670000
3,pgpad,17.521,query,63470,11524151462639,pgpad-tauri,35210392,0.606345750
3,pgpad,17.521,query,63528,11524440315319,com.apple.SafariPlatformSupport,12026480,0.118447417
3,pgpad,17.521,query,63473,11524156678336,com.apple.WebKit.Networking,6652432,0.043669292
3,pgpad,17.521,query,63477,11524171672776,com.apple.audio.SandboxHelper,5325304,0.021432583
3,pgpad,17.776,query,63474,11524156746643,com.apple.WebKit.WebContent,289211184,0.881342667
3,pgpad,17.776,query,63472,11524156349121,com.apple.WebKit.GPU,51397640,0.320943208
3,pgpad,17.776,query,63470,11524151462639,pgpad-tauri,35177624,0.607155708
3,pgpad,17.776,query,63528,11524440315319,com.apple.SafariPlatformSupport,12141168,0.118447417
3,pgpad,17.776,query,63473,11524156678336,com.apple.WebKit.Networking,6652432,0.043669292
3,pgpad,17.776,query,63477,11524171672776,com.apple.audio.SandboxHelper,5325304,0.021432583
3,pgpad,18.031,query,63474,11524156746643,com.apple.WebKit.WebContent,289243952,0.892325125
3,pgpad,18.031,query,63472,11524156349121,com.apple.WebKit.GPU,53969928,0.331467375
3,pgpad,18.031,query,63470,11524151462639,pgpad-tauri,35161240,0.611806000
3,pgpad,18.031,query,63528,11524440315319,com.apple.SafariPlatformSupport,12141168,0.118447417
3,pgpad,18.031,query,63473,11524156678336,com.apple.WebKit.Networking,6652432,0.043669292
3,pgpad,18.031,query,63477,11524171672776,com.apple.audio.SandboxHelper,5325304,0.021432583
3,pgpad,18.286,after-query,63474,11524156746643,com.apple.WebKit.WebContent,289620784,0.936980500
3,pgpad,18.286,after-query,63472,11524156349121,com.apple.WebKit.GPU,56116232,0.353650208
3,pgpad,18.286,after-query,63470,11524151462639,pgpad-tauri,35144856,0.620512875
3,pgpad,18.286,after-query,63528,11524440315319,com.apple.SafariPlatformSupport,12141168,0.118447417
3,pgpad,18.286,after-query,63473,11524156678336,com.apple.WebKit.Networking,6652432,0.043669292
3,pgpad,18.286,after-query,63477,11524171672776,com.apple.audio.SandboxHelper,5325304,0.021432583
3,pgpad,18.540,after-query,63474,11524156746643,com.apple.WebKit.WebContent,275841840,0.938513500
3,pgpad,18.540,after-query,63472,11524156349121,com.apple.WebKit.GPU,55723016,0.354491750
3,pgpad,18.540,after-query,63470,11524151462639,pgpad-tauri,35144856,0.621271292
3,pgpad,18.540,after-query,63528,11524440315319,com.apple.SafariPlatformSupport,12141168,0.118447417
3,pgpad,18.540,after-query,63473,11524156678336,com.apple.WebKit.Networking,6652432,0.043669292
3,pgpad,18.540,after-query,63477,11524171672776,com.apple.audio.SandboxHelper,5325304,0.021432583
3,pgpad,18.793,after-query,63474,11524156746643,com.apple.WebKit.WebContent,275809072,0.939969458
3,pgpad,18.793,after-query,63472,11524156349121,com.apple.WebKit.GPU,55657480,0.354839292
3,pgpad,18.793,after-query,63470,11524151462639,pgpad-tauri,35062936,0.623013792
3,pgpad,18.793,after-query,63528,11524440315319,com.apple.SafariPlatformSupport,12141168,0.118447417
3,pgpad,18.793,after-query,63473,11524156678336,com.apple.WebKit.Networking,6652432,0.043669292
3,pgpad,18.793,after-query,63477,11524171672776,com.apple.audio.SandboxHelper,5325304,0.021432583
3,pgpad,19.048,after-query,63474,11524156746643,com.apple.WebKit.WebContent,275301168,0.940906042
3,pgpad,19.048,after-query,63472,11524156349121,com.apple.WebKit.GPU,55608328,0.355280750
3,pgpad,19.048,after-query,63470,11524151462639,pgpad-tauri,35046552,0.623330750
3,pgpad,19.048,after-query,63528,11524440315319,com.apple.SafariPlatformSupport,12141168,0.118447417
3,pgpad,19.048,after-query,63473,11524156678336,com.apple.WebKit.Networking,6652432,0.043669292
3,pgpad,19.048,after-query,63477,11524171672776,com.apple.audio.SandboxHelper,5325304,0.021432583
3,pgpad,19.303,after-query,63474,11524156746643,com.apple.WebKit.WebContent,189809456,0.941588583
3,pgpad,19.303,after-query,63472,11524156349121,com.apple.WebKit.GPU,42812424,0.357031458
3,pgpad,19.303,after-query,63470,11524151462639,pgpad-tauri,34866328,0.623703042
3,pgpad,19.303,after-query,63528,11524440315319,com.apple.SafariPlatformSupport,12092016,0.118705875
3,pgpad,19.303,after-query,63473,11524156678336,com.apple.WebKit.Networking,6652432,0.043669292
3,pgpad,19.303,after-query,63477,11524171672776,com.apple.audio.SandboxHelper,5325304,0.021432583
3,pgpad,19.557,after-query,63474,11524156746643,com.apple.WebKit.WebContent,189793072,0.942042333
3,pgpad,19.557,after-query,63470,11524151462639,pgpad-tauri,34718872,0.623892292
3,pgpad,19.557,after-query,63472,11524156349121,com.apple.WebKit.GPU,22807560,0.357749083
3,pgpad,19.557,after-query,63528,11524440315319,com.apple.SafariPlatformSupport,12092016,0.118705875
3,pgpad,19.557,after-query,63473,11524156678336,com.apple.WebKit.Networking,6652432,0.043669292
3,pgpad,19.557,after-query,63477,11524171672776,com.apple.audio.SandboxHelper,5325304,0.021432583
3,pgpad,19.813,after-query,63474,11524156746643,com.apple.WebKit.WebContent,189776688,0.942327542
3,pgpad,19.813,after-query,63470,11524151462639,pgpad-tauri,34718872,0.623977583
3,pgpad,19.813,after-query,63472,11524156349121,com.apple.WebKit.GPU,22807560,0.357935833
3,pgpad,19.813,after-query,63528,11524440315319,com.apple.SafariPlatformSupport,12092016,0.118705875
3,pgpad,19.813,after-query,63473,11524156678336,com.apple.WebKit.Networking,6652432,0.043669292
3,pgpad,19.813,after-query,63477,11524171672776,com.apple.audio.SandboxHelper,5325304,0.021432583
3,pgpad,20.068,after-query,63474,11524156746643,com.apple.WebKit.WebContent,189776688,0.942764792
3,pgpad,20.068,after-query,63470,11524151462639,pgpad-tauri,34718872,0.623977583
3,pgpad,20.068,after-query,63472,11524156349121,com.apple.WebKit.GPU,22807560,0.358125833
3,pgpad,20.068,after-query,63528,11524440315319,com.apple.SafariPlatformSupport,12092016,0.118705875
3,pgpad,20.068,after-query,63473,11524156678336,com.apple.WebKit.Networking,6652432,0.043669292
3,pgpad,20.068,after-query,63477,11524171672776,com.apple.audio.SandboxHelper,5325304,0.021432583
3,pgpad,20.323,after-query,63474,11524156746643,com.apple.WebKit.WebContent,189743920,0.942764792
3,pgpad,20.323,after-query,63470,11524151462639,pgpad-tauri,34718872,0.624024750
3,pgpad,20.323,after-query,63472,11524156349121,com.apple.WebKit.GPU,22807560,0.358413542
3,pgpad,20.323,after-query,63528,11524440315319,com.apple.SafariPlatformSupport,12092016,0.118705875
3,pgpad,20.323,after-query,63473,11524156678336,com.apple.WebKit.Networking,6652432,0.043669292
3,pgpad,20.323,after-query,63477,11524171672776,com.apple.audio.SandboxHelper,5325304,0.021432583
3,pgpad,20.574,after-query,63474,11524156746643,com.apple.WebKit.WebContent,189743920,0.942764792
3,pgpad,20.574,after-query,63470,11524151462639,pgpad-tauri,34718872,0.624024750
3,pgpad,20.574,after-query,63472,11524156349121,com.apple.WebKit.GPU,22725640,0.358854292
3,pgpad,20.574,after-query,63528,11524440315319,com.apple.SafariPlatformSupport,12092016,0.118705875
3,pgpad,20.574,after-query,63473,11524156678336,com.apple.WebKit.Networking,6652432,0.043669292
3,pgpad,20.574,after-query,63477,11524171672776,com.apple.audio.SandboxHelper,5325304,0.021432583
3,pgpad,20.829,after-query,63474,11524156746643,com.apple.WebKit.WebContent,189743920,0.942859000
3,pgpad,20.829,after-query,63470,11524151462639,pgpad-tauri,34702488,0.624247458
3,pgpad,20.829,after-query,63472,11524156349121,com.apple.WebKit.GPU,22725640,0.358915875
3,pgpad,20.829,after-query,63528,11524440315319,com.apple.SafariPlatformSupport,12092016,0.118705875
3,pgpad,20.829,after-query,63473,11524156678336,com.apple.WebKit.Networking,6652432,0.043669292
3,pgpad,20.829,after-query,63477,11524171672776,com.apple.audio.SandboxHelper,5325304,0.021432583
3,pgpad,21.081,after-query,63474,11524156746643,com.apple.WebKit.WebContent,189694768,0.947452125
3,pgpad,21.081,after-query,63470,11524151462639,pgpad-tauri,34702488,0.626377250
3,pgpad,21.081,after-query,63472,11524156349121,com.apple.WebKit.GPU,22725640,0.358915875
3,pgpad,21.081,after-query,63528,11524440315319,com.apple.SafariPlatformSupport,12092016,0.118705875
3,pgpad,21.081,after-query,63473,11524156678336,com.apple.WebKit.Networking,6652432,0.043669292
3,pgpad,21.081,after-query,63477,11524171672776,com.apple.audio.SandboxHelper,5325304,0.021432583
3,pgpad,21.333,after-query,63474,11524156746643,com.apple.WebKit.WebContent,189694768,0.947786375
3,pgpad,21.333,after-query,63470,11524151462639,pgpad-tauri,34702488,0.626670917
3,pgpad,21.333,after-query,63472,11524156349121,com.apple.WebKit.GPU,22725640,0.358915875
3,pgpad,21.333,after-query,63528,11524440315319,com.apple.SafariPlatformSupport,12092016,0.118705875
3,pgpad,21.333,after-query,63473,11524156678336,com.apple.WebKit.Networking,6652432,0.043669292
3,pgpad,21.333,after-query,63477,11524171672776,com.apple.audio.SandboxHelper,5325304,0.021432583
3,pgpad,21.588,after-query,63474,11524156746643,com.apple.WebKit.WebContent,189645616,0.948455292
3,pgpad,21.588,after-query,63470,11524151462639,pgpad-tauri,34702488,0.626983958
3,pgpad,21.588,after-query,63472,11524156349121,com.apple.WebKit.GPU,22725640,0.358915875
3,pgpad,21.588,after-query,63528,11524440315319,com.apple.SafariPlatformSupport,12092016,0.118705875
3,pgpad,21.588,after-query,63473,11524156678336,com.apple.WebKit.Networking,6652432,0.043669292
3,pgpad,21.588,after-query,63477,11524171672776,com.apple.audio.SandboxHelper,5325304,0.021432583
3,pgpad,21.841,after-query,63474,11524156746643,com.apple.WebKit.WebContent,189645616,0.948876167
3,pgpad,21.841,after-query,63470,11524151462639,pgpad-tauri,34702488,0.627488208
3,pgpad,21.841,after-query,63472,11524156349121,com.apple.WebKit.GPU,22725640,0.358915875
3,pgpad,21.841,after-query,63528,11524440315319,com.apple.SafariPlatformSupport,12092016,0.118705875
3,pgpad,21.841,after-query,63473,11524156678336,com.apple.WebKit.Networking,6652432,0.043669292
3,pgpad,21.841,after-query,63477,11524171672776,com.apple.audio.SandboxHelper,5325304,0.021432583
3,pgpad,22.096,after-query,63474,11524156746643,com.apple.WebKit.WebContent,189645616,0.949302167
3,pgpad,22.096,after-query,63470,11524151462639,pgpad-tauri,34702488,0.627774375
3,pgpad,22.096,after-query,63472,11524156349121,com.apple.WebKit.GPU,22725640,0.358915875
3,pgpad,22.096,after-query,63528,11524440315319,com.apple.SafariPlatformSupport,12075632,0.119091083
3,pgpad,22.096,after-query,63473,11524156678336,com.apple.WebKit.Networking,6652432,0.043669292
3,pgpad,22.096,after-query,63477,11524171672776,com.apple.audio.SandboxHelper,5325304,0.021432583
3,pgpad,22.349,after-query,63474,11524156746643,com.apple.WebKit.WebContent,189645616,0.949599000
3,pgpad,22.349,after-query,63470,11524151462639,pgpad-tauri,34702488,0.627949917
3,pgpad,22.349,after-query,63472,11524156349121,com.apple.WebKit.GPU,22725640,0.358915875
3,pgpad,22.349,after-query,63528,11524440315319,com.apple.SafariPlatformSupport,12075632,0.119091083
3,pgpad,22.349,after-query,63473,11524156678336,com.apple.WebKit.Networking,6652432,0.043669292
3,pgpad,22.349,after-query,63477,11524171672776,com.apple.audio.SandboxHelper,5325304,0.021432583
3,pgpad,22.605,after-query,63474,11524156746643,com.apple.WebKit.WebContent,189645616,0.949711583
3,pgpad,22.605,after-query,63470,11524151462639,pgpad-tauri,34653336,0.628422708
3,pgpad,22.605,after-query,63472,11524156349121,com.apple.WebKit.GPU,22725640,0.358915875
3,pgpad,22.605,after-query,63528,11524440315319,com.apple.SafariPlatformSupport,12075632,0.119091083
3,pgpad,22.605,after-query,63473,11524156678336,com.apple.WebKit.Networking,6652432,0.043669292
3,pgpad,22.605,after-query,63477,11524171672776,com.apple.audio.SandboxHelper,5325304,0.021432583
3,pgpad,22.858,after-query,63474,11524156746643,com.apple.WebKit.WebContent,189645616,0.949819667
3,pgpad,22.858,after-query,63470,11524151462639,pgpad-tauri,34653336,0.628422708
3,pgpad,22.858,after-query,63472,11524156349121,com.apple.WebKit.GPU,22725640,0.358915875
3,pgpad,22.858,after-query,63528,11524440315319,com.apple.SafariPlatformSupport,12075632,0.119091083
3,pgpad,22.858,after-query,63473,11524156678336,com.apple.WebKit.Networking,6652432,0.043669292
3,pgpad,22.858,after-query,63477,11524171672776,com.apple.audio.SandboxHelper,5325304,0.021432583
3,pgpad,23.110,after-query,63474,11524156746643,com.apple.WebKit.WebContent,189645616,0.949819667
3,pgpad,23.110,after-query,63470,11524151462639,pgpad-tauri,34653336,0.628422708
3,pgpad,23.110,after-query,63472,11524156349121,com.apple.WebKit.GPU,22725640,0.358915875
3,pgpad,23.110,after-query,63528,11524440315319,com.apple.SafariPlatformSupport,12075632,0.119091083
3,pgpad,23.110,after-query,63473,11524156678336,com.apple.WebKit.Networking,6652432,0.043669292
3,pgpad,23.110,after-query,63477,11524171672776,com.apple.audio.SandboxHelper,5325304,0.021432583
3,pgpad,23.365,after-query,63474,11524156746643,com.apple.WebKit.WebContent,189645616,0.949819667
3,pgpad,23.365,after-query,63470,11524151462639,pgpad-tauri,34653336,0.628422708
3,pgpad,23.365,after-query,63472,11524156349121,com.apple.WebKit.GPU,22725640,0.358915875
3,pgpad,23.365,after-query,63528,11524440315319,com.apple.SafariPlatformSupport,12075632,0.119091083
3,pgpad,23.365,after-query,63473,11524156678336,com.apple.WebKit.Networking,6652432,0.043669292
3,pgpad,23.365,after-query,63477,11524171672776,com.apple.audio.SandboxHelper,5325304,0.021432583
3,pgpad,23.620,after-query,63474,11524156746643,com.apple.WebKit.WebContent,189629232,0.949912792
3,pgpad,23.620,after-query,63470,11524151462639,pgpad-tauri,34653336,0.628422708
3,pgpad,23.620,after-query,63472,11524156349121,com.apple.WebKit.GPU,22594568,0.359180833
3,pgpad,23.620,after-query,63528,11524440315319,com.apple.SafariPlatformSupport,12075632,0.119091083
3,pgpad,23.620,after-query,63473,11524156678336,com.apple.WebKit.Networking,6652432,0.043669292
3,pgpad,23.620,after-query,63477,11524171672776,com.apple.audio.SandboxHelper,5325304,0.021432583
3,dbeaver,0.251,launch,63591,11524839807658,dbeaver,17154936,0.099983458
3,dbeaver,0.504,launch,63591,11524839807658,dbeaver,60556224,0.491558417
3,dbeaver,0.758,launch,63591,11524839807658,dbeaver,104940576,1.089811000
3,dbeaver,1.013,launch,63591,11524839807658,dbeaver,133727312,1.636152458
3,dbeaver,1.264,launch,63591,11524839807658,dbeaver,157320272,2.278341958
3,dbeaver,1.514,launch,63591,11524839807658,dbeaver,177440064,2.886516417
3,dbeaver,1.770,launch,63591,11524839807658,dbeaver,212010352,3.767292458
3,dbeaver,2.025,launch,63591,11524839807658,dbeaver,250594696,4.236063125
3,dbeaver,2.280,launch,63591,11524839807658,dbeaver,268961160,4.796507875
3,dbeaver,2.535,launch,63591,11524839807658,dbeaver,279577992,5.568906167
3,dbeaver,2.790,launch,63591,11524839807658,dbeaver,289097096,6.445418667
3,dbeaver,3.045,launch,63591,11524839807658,dbeaver,320275896,7.384984708
3,dbeaver,3.300,launch,63591,11524839807658,dbeaver,330450360,8.144965833
3,dbeaver,3.552,launch,63591,11524839807658,dbeaver,343918488,8.652517333
3,dbeaver,3.807,settle,63591,11524839807658,dbeaver,839338096,9.223277750
3,dbeaver,3.807,settle,63609,11524928300059,com.apple.SafariPlatformSupport,3572240,0.028727500
3,dbeaver,4.058,settle,63591,11524839807658,dbeaver,831080560,9.999858542
3,dbeaver,4.058,settle,63609,11524928300059,com.apple.SafariPlatformSupport,9749080,0.118528958
3,dbeaver,4.313,settle,63591,11524839807658,dbeaver,996690032,10.677723375
3,dbeaver,4.313,settle,63609,11524928300059,com.apple.SafariPlatformSupport,9749080,0.118693375
3,dbeaver,4.568,settle,63591,11524839807658,dbeaver,1060407408,10.954356667
3,dbeaver,4.568,settle,63609,11524928300059,com.apple.SafariPlatformSupport,9749080,0.118693375
3,dbeaver,4.823,settle,63591,11524839807658,dbeaver,1055754352,11.555977417
3,dbeaver,4.823,settle,63609,11524928300059,com.apple.SafariPlatformSupport,11354712,0.118693375
3,dbeaver,5.078,settle,63591,11524839807658,dbeaver,995444848,11.641221292
3,dbeaver,5.078,settle,63609,11524928300059,com.apple.SafariPlatformSupport,11354712,0.118838708
3,dbeaver,5.333,settle,63591,11524839807658,dbeaver,965609584,11.672115750
3,dbeaver,5.333,settle,63609,11524928300059,com.apple.SafariPlatformSupport,11354712,0.118838708
3,dbeaver,5.585,settle,63591,11524839807658,dbeaver,854657136,11.692348333
3,dbeaver,5.585,settle,63609,11524928300059,com.apple.SafariPlatformSupport,11354712,0.118838708
3,dbeaver,5.835,settle,63591,11524839807658,dbeaver,776210544,11.706824333
3,dbeaver,5.835,settle,63609,11524928300059,com.apple.SafariPlatformSupport,11485784,0.118838708
3,dbeaver,6.090,settle,63591,11524839807658,dbeaver,711411824,11.721174208
3,dbeaver,6.090,settle,63609,11524928300059,com.apple.SafariPlatformSupport,11666008,0.119162417
3,dbeaver,6.344,settle,63591,11524839807658,dbeaver,711411824,11.727892708
3,dbeaver,6.344,settle,63609,11524928300059,com.apple.SafariPlatformSupport,11928152,0.119162417
3,dbeaver,6.600,settle,63591,11524839807658,dbeaver,711411824,11.746888292
3,dbeaver,6.600,settle,63609,11524928300059,com.apple.SafariPlatformSupport,11928152,0.119162417
3,dbeaver,6.852,settle,63591,11524839807658,dbeaver,711428208,11.753391875
3,dbeaver,6.852,settle,63609,11524928300059,com.apple.SafariPlatformSupport,11928152,0.119162417
3,dbeaver,7.108,settle,63591,11524839807658,dbeaver,711428208,11.777282625
3,dbeaver,7.108,settle,63609,11524928300059,com.apple.SafariPlatformSupport,11928152,0.119162417
3,dbeaver,7.363,settle,63591,11524839807658,dbeaver,711428208,11.784776917
3,dbeaver,7.363,settle,63609,11524928300059,com.apple.SafariPlatformSupport,11928152,0.119162417
3,dbeaver,7.618,settle,63591,11524839807658,dbeaver,711428208,11.803427958
3,dbeaver,7.618,settle,63609,11524928300059,com.apple.SafariPlatformSupport,11928152,0.119162417
3,dbeaver,7.872,settle,63591,11524839807658,dbeaver,711428208,11.807923708
3,dbeaver,7.872,settle,63609,11524928300059,com.apple.SafariPlatformSupport,11928152,0.119162417
3,dbeaver,8.128,settle,63591,11524839807658,dbeaver,711428208,11.829065292
3,dbeaver,8.128,settle,63609,11524928300059,com.apple.SafariPlatformSupport,11928152,0.119370833
3,dbeaver,8.383,settle,63591,11524839807658,dbeaver,711428208,11.840852708
3,dbeaver,8.383,settle,63609,11524928300059,com.apple.SafariPlatformSupport,11928152,0.119370833
3,dbeaver,8.636,settle,63591,11524839807658,dbeaver,711346288,11.856354833
3,dbeaver,8.636,settle,63609,11524928300059,com.apple.SafariPlatformSupport,11928152,0.119370833
3,dbeaver,8.890,query,63591,11524839807658,dbeaver,711346288,11.861534208
3,dbeaver,8.890,query,63609,11524928300059,com.apple.SafariPlatformSupport,11928152,0.119852333
3,dbeaver,9.143,query,63591,11524839807658,dbeaver,711116912,11.869997708
3,dbeaver,9.143,query,63609,11524928300059,com.apple.SafariPlatformSupport,11928152,0.119852333
3,dbeaver,9.397,query,63591,11524839807658,dbeaver,711116912,11.880447417
3,dbeaver,9.397,query,63609,11524928300059,com.apple.SafariPlatformSupport,11928152,0.119852333
3,dbeaver,9.653,query,63591,11524839807658,dbeaver,710936688,11.890448625
3,dbeaver,9.653,query,63609,11524928300059,com.apple.SafariPlatformSupport,11928152,0.119852333
3,dbeaver,9.908,query,63591,11524839807658,dbeaver,710936688,11.901775083
3,dbeaver,9.908,query,63609,11524928300059,com.apple.SafariPlatformSupport,11928152,0.119852333
3,dbeaver,10.160,query,63591,11524839807658,dbeaver,710936688,11.908438792
3,dbeaver,10.160,query,63609,11524928300059,com.apple.SafariPlatformSupport,11977304,0.119852333
3,dbeaver,10.415,query,63591,11524839807658,dbeaver,710936688,11.922684500
3,dbeaver,10.415,query,63609,11524928300059,com.apple.SafariPlatformSupport,11977304,0.119852333
3,dbeaver,10.671,query,63591,11524839807658,dbeaver,710936688,11.929992458
3,dbeaver,10.671,query,63609,11524928300059,com.apple.SafariPlatformSupport,11977304,0.119852333
3,dbeaver,10.926,query,63591,11524839807658,dbeaver,710936688,11.946199708
3,dbeaver,10.926,query,63609,11524928300059,com.apple.SafariPlatformSupport,11977304,0.119852333
3,dbeaver,11.182,query,63591,11524839807658,dbeaver,710936688,11.954437583
3,dbeaver,11.182,query,63609,11524928300059,com.apple.SafariPlatformSupport,11960920,0.120300958
3,dbeaver,11.435,query,63591,11524839807658,dbeaver,710936688,11.967995375
3,dbeaver,11.435,query,63609,11524928300059,com.apple.SafariPlatformSupport,11960920,0.120300958
3,dbeaver,11.690,query,63591,11524839807658,dbeaver,710953072,11.978732917
3,dbeaver,11.690,query,63609,11524928300059,com.apple.SafariPlatformSupport,11960920,0.120300958
3,dbeaver,11.945,query,63591,11524839807658,dbeaver,710953072,11.989348833
3,dbeaver,11.945,query,63609,11524928300059,com.apple.SafariPlatformSupport,11960920,0.120300958
3,dbeaver,12.200,query,63591,11524839807658,dbeaver,710969456,12.001175083
3,dbeaver,12.200,query,63609,11524928300059,com.apple.SafariPlatformSupport,11960920,0.120300958
3,dbeaver,12.455,query,63591,11524839807658,dbeaver,710969456,12.007875667
3,dbeaver,12.455,query,63609,11524928300059,com.apple.SafariPlatformSupport,11960920,0.120300958
3,dbeaver,12.710,query,63591,11524839807658,dbeaver,710969456,12.016701917
3,dbeaver,12.710,query,63609,11524928300059,com.apple.SafariPlatformSupport,11960920,0.120300958
3,dbeaver,12.960,query,63591,11524839807658,dbeaver,710985840,12.022353125
3,dbeaver,12.960,query,63609,11524928300059,com.apple.SafariPlatformSupport,11960920,0.120300958
3,dbeaver,13.215,query,63591,11524839807658,dbeaver,710985840,12.029794417
3,dbeaver,13.215,query,63609,11524928300059,com.apple.SafariPlatformSupport,11960920,0.120300958
3,dbeaver,13.470,query,63591,11524839807658,dbeaver,710985840,12.037086167
3,dbeaver,13.470,query,63609,11524928300059,com.apple.SafariPlatformSupport,11960920,0.120300958
3,dbeaver,13.725,query,63591,11524839807658,dbeaver,710985840,12.046442667
3,dbeaver,13.725,query,63609,11524928300059,com.apple.SafariPlatformSupport,11960920,0.120300958
3,dbeaver,13.976,query,63591,11524839807658,dbeaver,711166040,12.072069708
3,dbeaver,13.976,query,63609,11524928300059,com.apple.SafariPlatformSupport,11960920,0.120300958
3,dbeaver,14.227,query,63591,11524839807658,dbeaver,711116840,12.083392625
3,dbeaver,14.227,query,63609,11524928300059,com.apple.SafariPlatformSupport,11960920,0.120300958
3,dbeaver,14.482,query,63591,11524839807658,dbeaver,749979688,12.154128333
3,dbeaver,14.482,query,63609,11524928300059,com.apple.SafariPlatformSupport,11944536,0.120578000
3,dbeaver,14.738,query,63591,11524839807658,dbeaver,792004648,12.222815083
3,dbeaver,14.738,query,63609,11524928300059,com.apple.SafariPlatformSupport,11944536,0.120578000
3,dbeaver,14.992,query,63591,11524839807658,dbeaver,792315944,12.378800583
3,dbeaver,14.992,query,63609,11524928300059,com.apple.SafariPlatformSupport,11944536,0.120578000
3,dbeaver,15.244,query,63591,11524839807658,dbeaver,751306792,12.405919833
3,dbeaver,15.244,query,63609,11524928300059,com.apple.SafariPlatformSupport,11944536,0.120578000
3,dbeaver,15.499,query,63591,11524839807658,dbeaver,751306792,12.430619667
3,dbeaver,15.499,query,63609,11524928300059,com.apple.SafariPlatformSupport,11944536,0.120578000
3,dbeaver,15.754,query,63591,11524839807658,dbeaver,751470632,12.471880875
3,dbeaver,15.754,query,63609,11524928300059,com.apple.SafariPlatformSupport,11944536,0.120578000
3,dbeaver,16.009,query,63591,11524839807658,dbeaver,711067688,12.485985125
3,dbeaver,16.009,query,63609,11524928300059,com.apple.SafariPlatformSupport,11944536,0.120578000
3,dbeaver,16.264,query,63591,11524839807658,dbeaver,711067688,12.493217250
3,dbeaver,16.264,query,63609,11524928300059,com.apple.SafariPlatformSupport,11944536,0.120578000
3,dbeaver,16.519,query,63591,11524839807658,dbeaver,710379560,12.513210625
3,dbeaver,16.519,query,63609,11524928300059,com.apple.SafariPlatformSupport,11944536,0.120578000
3,dbeaver,16.775,query,63591,11524839807658,dbeaver,807454760,13.030251250
3,dbeaver,16.775,query,63609,11524928300059,com.apple.SafariPlatformSupport,11944536,0.120578000
3,dbeaver,17.030,query,63591,11524839807658,dbeaver,970508328,13.766193958
3,dbeaver,17.030,query,63609,11524928300059,com.apple.SafariPlatformSupport,11944536,0.120578000
3,dbeaver,17.285,query,63591,11524839807658,dbeaver,976144424,14.305470542
3,dbeaver,17.285,query,63609,11524928300059,com.apple.SafariPlatformSupport,11944536,0.120578000
3,dbeaver,17.537,query,63591,11524839807658,dbeaver,983894080,14.434369250
3,dbeaver,17.537,query,63609,11524928300059,com.apple.SafariPlatformSupport,11944536,0.120578000
3,dbeaver,17.792,query,63591,11524839807658,dbeaver,920832064,14.521088042
3,dbeaver,17.792,query,63609,11524928300059,com.apple.SafariPlatformSupport,11944536,0.120578000
3,dbeaver,18.044,query,63591,11524839807658,dbeaver,920832064,14.530778458
3,dbeaver,18.044,query,63609,11524928300059,com.apple.SafariPlatformSupport,11944536,0.120578000
3,dbeaver,18.295,query,63591,11524839807658,dbeaver,866125912,14.570672833
3,dbeaver,18.295,query,63609,11524928300059,com.apple.SafariPlatformSupport,11944536,0.120578000
3,dbeaver,18.549,query,63591,11524839807658,dbeaver,735807576,14.704697375
3,dbeaver,18.549,query,63609,11524928300059,com.apple.SafariPlatformSupport,11944536,0.120578000
3,dbeaver,18.802,query,63591,11524839807658,dbeaver,735987800,14.796096667
3,dbeaver,18.802,query,63609,11524928300059,com.apple.SafariPlatformSupport,11944536,0.120578000
3,dbeaver,19.055,query,63591,11524839807658,dbeaver,729532504,14.901587958
3,dbeaver,19.055,query,63609,11524928300059,com.apple.SafariPlatformSupport,11944536,0.120578000
3,dbeaver,19.308,query,63591,11524839807658,dbeaver,741034072,15.014702875
3,dbeaver,19.308,query,63609,11524928300059,com.apple.SafariPlatformSupport,11862616,0.120674083
3,dbeaver,19.561,query,63591,11524839807658,dbeaver,740968536,15.097113667
3,dbeaver,19.561,query,63609,11524928300059,com.apple.SafariPlatformSupport,11862616,0.120674083
3,dbeaver,19.817,query,63591,11524839807658,dbeaver,741017688,15.199588208
3,dbeaver,19.817,query,63609,11524928300059,com.apple.SafariPlatformSupport,11862616,0.120674083
3,dbeaver,20.071,query,63591,11524839807658,dbeaver,741148760,15.373489292
3,dbeaver,20.071,query,63609,11524928300059,com.apple.SafariPlatformSupport,11862616,0.120674083
3,dbeaver,20.327,query,63591,11524839807658,dbeaver,741263448,15.462945750
3,dbeaver,20.327,query,63609,11524928300059,com.apple.SafariPlatformSupport,11862616,0.120674083
3,dbeaver,20.582,query,63591,11524839807658,dbeaver,739330112,15.600652417
3,dbeaver,20.582,query,63609,11524928300059,com.apple.SafariPlatformSupport,11862616,0.120674083
3,dbeaver,20.833,query,63591,11524839807658,dbeaver,739362880,15.666882625
3,dbeaver,20.833,query,63609,11524928300059,com.apple.SafariPlatformSupport,11862616,0.120674083
3,dbeaver,21.086,query,63591,11524839807658,dbeaver,847611968,15.876579625
3,dbeaver,21.086,query,63609,11524928300059,com.apple.SafariPlatformSupport,11862616,0.120674083
3,dbeaver,21.341,query,63591,11524839807658,dbeaver,847218752,15.941190333
3,dbeaver,21.341,query,63609,11524928300059,com.apple.SafariPlatformSupport,11879000,0.120674083
3,dbeaver,21.596,query,63591,11524839807658,dbeaver,845121600,16.042452750
3,dbeaver,21.596,query,63609,11524928300059,com.apple.SafariPlatformSupport,11879000,0.120674083
3,dbeaver,21.851,query,63591,11524839807658,dbeaver,840960064,16.075982750
3,dbeaver,21.851,query,63609,11524928300059,com.apple.SafariPlatformSupport,11879000,0.120674083
3,dbeaver,22.104,query,63591,11524839807658,dbeaver,840927296,16.148059625
3,dbeaver,22.104,query,63609,11524928300059,com.apple.SafariPlatformSupport,11879000,0.120674083
3,dbeaver,22.356,query,63591,11524839807658,dbeaver,732186688,16.201815792
3,dbeaver,22.356,query,63609,11524928300059,com.apple.SafariPlatformSupport,11879000,0.120674083
3,dbeaver,22.610,after-query,63591,11524839807658,dbeaver,732186688,16.208919917
3,dbeaver,22.610,after-query,63609,11524928300059,com.apple.SafariPlatformSupport,11879000,0.120674083
3,dbeaver,22.866,after-query,63591,11524839807658,dbeaver,732137536,16.221670208
3,dbeaver,22.866,after-query,63609,11524928300059,com.apple.SafariPlatformSupport,11879000,0.120674083
3,dbeaver,23.121,after-query,63591,11524839807658,dbeaver,729712704,16.231075500
3,dbeaver,23.121,after-query,63609,11524928300059,com.apple.SafariPlatformSupport,11879000,0.120674083
3,dbeaver,23.376,after-query,63591,11524839807658,dbeaver,718391360,16.245065000
3,dbeaver,23.376,after-query,63609,11524928300059,com.apple.SafariPlatformSupport,11879000,0.120674083
3,dbeaver,23.632,after-query,63591,11524839807658,dbeaver,718407744,16.254893292
3,dbeaver,23.632,after-query,63609,11524928300059,com.apple.SafariPlatformSupport,11879000,0.120674083
3,dbeaver,23.887,after-query,63591,11524839807658,dbeaver,718424128,16.266864917
3,dbeaver,23.887,after-query,63609,11524928300059,com.apple.SafariPlatformSupport,11879000,0.120674083
3,dbeaver,24.142,after-query,63591,11524839807658,dbeaver,718325824,16.272326500
3,dbeaver,24.142,after-query,63609,11524928300059,com.apple.SafariPlatformSupport,11879000,0.120674083
3,dbeaver,24.394,after-query,63591,11524839807658,dbeaver,718325824,16.284880625
3,dbeaver,24.394,after-query,63609,11524928300059,com.apple.SafariPlatformSupport,11879000,0.120674083
3,dbeaver,24.648,after-query,63591,11524839807658,dbeaver,718374976,16.299061292
3,dbeaver,24.648,after-query,63609,11524928300059,com.apple.SafariPlatformSupport,11879000,0.120674083
3,dbeaver,24.903,after-query,63591,11524839807658,dbeaver,718374976,16.312635958
3,dbeaver,24.903,after-query,63609,11524928300059,com.apple.SafariPlatformSupport,11879000,0.120674083
3,dbeaver,25.159,after-query,63591,11524839807658,dbeaver,718374976,16.319016417
3,dbeaver,25.159,after-query,63609,11524928300059,com.apple.SafariPlatformSupport,11879000,0.120674083
3,dbeaver,25.414,after-query,63591,11524839807658,dbeaver,718374976,16.328654792
3,dbeaver,25.414,after-query,63609,11524928300059,com.apple.SafariPlatformSupport,11879000,0.120674083
3,dbeaver,25.669,after-query,63591,11524839807658,dbeaver,718424128,16.345573125
3,dbeaver,25.669,after-query,63609,11524928300059,com.apple.SafariPlatformSupport,11879000,0.120674083
3,dbeaver,25.925,after-query,63591,11524839807658,dbeaver,718424128,16.353266375
3,dbeaver,25.925,after-query,63609,11524928300059,com.apple.SafariPlatformSupport,11879000,0.120674083
3,dbeaver,26.175,after-query,63591,11524839807658,dbeaver,718129192,16.363703542
3,dbeaver,26.175,after-query,63609,11524928300059,com.apple.SafariPlatformSupport,11977304,0.120674083
3,dbeaver,26.429,after-query,63591,11524839807658,dbeaver,718129192,16.370659208
3,dbeaver,26.429,after-query,63609,11524928300059,com.apple.SafariPlatformSupport,11977304,0.120674083
3,dbeaver,26.684,after-query,63591,11524839807658,dbeaver,718129192,16.382297500
3,dbeaver,26.684,after-query,63609,11524928300059,com.apple.SafariPlatformSupport,11977304,0.120674083
3,dbeaver,26.940,after-query,63591,11524839807658,dbeaver,718129192,16.396129375
3,dbeaver,26.940,after-query,63609,11524928300059,com.apple.SafariPlatformSupport,11977304,0.120674083
4,dbgate,0.254,launch,63733,11525624041671,DbGate,7766928,0.094731125
4,dbgate,0.509,launch,63733,11525624041671,DbGate,39634408,0.278602792
4,dbgate,0.509,launch,63735,11525634354520,DbGate Helper (GPU),6423152,0.028716333
4,dbgate,0.509,launch,63736,11525634495369,DbGate Helper,1769928,0.023061958
4,dbgate,0.764,launch,63733,11525624041671,DbGate,64718360,0.403591333
4,dbgate,0.764,launch,63735,11525634354520,DbGate Helper (GPU),10830664,0.086503708
4,dbgate,0.764,launch,63736,11525634495369,DbGate Helper,6013744,0.042662292
4,dbgate,1.019,settle,63733,11525624041671,DbGate,88164104,0.601633792
4,dbgate,1.019,settle,63742,11525644190677,DbGate Helper (Renderer),49235216,0.125811542
4,dbgate,1.019,settle,63735,11525634354520,DbGate Helper (GPU),13058912,0.104952167
4,dbgate,1.019,settle,63736,11525634495369,DbGate Helper,6538056,0.047839583
4,dbgate,1.274,settle,63733,11525624041671,DbGate,110315272,0.728921750
4,dbgate,1.274,settle,63742,11525644190677,DbGate Helper (Renderer),76891528,0.340557250
4,dbgate,1.274,settle,63735,11525634354520,DbGate Helper (GPU),54789008,0.131911958
4,dbgate,1.274,settle,63736,11525634495369,DbGate Helper,6538056,0.047839583
4,dbgate,1.274,settle,63744,11525652722347,DbGate Helper,3719816,0.028736708
4,dbgate,1.528,settle,63735,11525634354520,DbGate Helper (GPU),229802992,0.212732208
4,dbgate,1.528,settle,63733,11525624041671,DbGate,116705032,0.821075750
4,dbgate,1.528,settle,63742,11525644190677,DbGate Helper (Renderer),106481176,0.552629167
4,dbgate,1.528,settle,63744,11525652722347,DbGate Helper,41141400,0.187903292
4,dbgate,1.528,settle,63747,11525654581345,DbGate Helper,39060632,0.153208625
4,dbgate,1.528,settle,63746,11525654509417,DbGate Helper,35275904,0.158292000
4,dbgate,1.528,settle,63736,11525634495369,DbGate Helper,7275336,0.053799000
4,dbgate,1.528,settle,63755,11525659303402,com.apple.SafariPlatformSupport,1491280,0.008946708
4,dbgate,1.783,settle,63735,11525634354520,DbGate Helper (GPU),229901296,0.226058500
4,dbgate,1.783,settle,63733,11525624041671,DbGate,118785800,0.845250833
4,dbgate,1.783,settle,63742,11525644190677,DbGate Helper (Renderer),107136536,0.578776125
4,dbgate,1.783,settle,63747,11525654581345,DbGate Helper,52151568,0.343565625
4,dbgate,1.783,settle,63744,11525652722347,DbGate Helper,51594512,0.336126750
4,dbgate,1.783,settle,63746,11525654509417,DbGate Helper,51561720,0.350146083
4,dbgate,1.783,settle,63755,11525659303402,com.apple.SafariPlatformSupport,9765488,0.118197875
4,dbgate,1.783,settle,63736,11525634495369,DbGate Helper,7734088,0.056103542
4,dbgate,2.038,settle,63735,11525634354520,DbGate Helper (GPU),229901296,0.243899500
4,dbgate,2.038,settle,63733,11525624041671,DbGate,118818568,0.850006792
4,dbgate,2.038,settle,63742,11525644190677,DbGate Helper (Renderer),107185688,0.592455625
4,dbgate,2.038,settle,63747,11525654581345,DbGate Helper,52151568,0.343735875
4,dbgate,2.038,settle,63744,11525652722347,DbGate Helper,51594512,0.336274458
4,dbgate,2.038,settle,63746,11525654509417,DbGate Helper,51561720,0.350307292
4,dbgate,2.038,settle,63755,11525659303402,com.apple.SafariPlatformSupport,9765488,0.118407375
4,dbgate,2.038,settle,63736,11525634495369,DbGate Helper,7734088,0.056103542
4,dbgate,2.293,settle,63735,11525634354520,DbGate Helper (GPU),229934064,0.271067042
4,dbgate,2.293,settle,63733,11525624041671,DbGate,118867720,0.854469958
4,dbgate,2.293,settle,63742,11525644190677,DbGate Helper (Renderer),107349528,0.619700208
4,dbgate,2.293,settle,63747,11525654581345,DbGate Helper,52151568,0.343735875
4,dbgate,2.293,settle,63744,11525652722347,DbGate Helper,51594512,0.336274458
4,dbgate,2.293,settle,63746,11525654509417,DbGate Helper,51561720,0.350307292
4,dbgate,2.293,settle,63755,11525659303402,com.apple.SafariPlatformSupport,9765488,0.118407375
4,dbgate,2.293,settle,63736,11525634495369,DbGate Helper,7848776,0.058572875
4,dbgate,2.545,settle,63735,11525634354520,DbGate Helper (GPU),229934064,0.295636000
4,dbgate,2.545,settle,63733,11525624041671,DbGate,118933256,0.862351875
4,dbgate,2.545,settle,63742,11525644190677,DbGate Helper (Renderer),107349528,0.639962500
4,dbgate,2.545,settle,63747,11525654581345,DbGate Helper,52151568,0.343735875
4,dbgate,2.545,settle,63744,11525652722347,DbGate Helper,51594512,0.336274458
4,dbgate,2.545,settle,63746,11525654509417,DbGate Helper,51561720,0.350307292
4,dbgate,2.545,settle,63755,11525659303402,com.apple.SafariPlatformSupport,9765488,0.118407375
4,dbgate,2.545,settle,63736,11525634495369,DbGate Helper,7914312,0.061762750
4,dbgate,2.800,settle,63735,11525634354520,DbGate Helper (GPU),227066864,0.317562208
4,dbgate,2.800,settle,63733,11525624041671,DbGate,119146248,0.887920958
4,dbgate,2.800,settle,63742,11525644190677,DbGate Helper (Renderer),107431448,0.666173250
4,dbgate,2.800,settle,63747,11525654581345,DbGate Helper,52167952,0.344241375
4,dbgate,2.800,settle,63744,11525652722347,DbGate Helper,51594512,0.337057792
4,dbgate,2.800,settle,63746,11525654509417,DbGate Helper,51561720,0.350871542
4,dbgate,2.800,settle,63755,11525659303402,com.apple.SafariPlatformSupport,9765488,0.118494792
4,dbgate,2.800,settle,63736,11525634495369,DbGate Helper,7996232,0.071171125
4,dbgate,3.053,settle,63735,11525634354520,DbGate Helper (GPU),227066864,0.326755583
4,dbgate,3.053,settle,63733,11525624041671,DbGate,119146248,0.893150542
4,dbgate,3.053,settle,63742,11525644190677,DbGate Helper (Renderer),107447832,0.681168333
4,dbgate,3.053,settle,63747,11525654581345,DbGate Helper,52167952,0.344241375
4,dbgate,3.053,settle,63744,11525652722347,DbGate Helper,51594512,0.337057792
4,dbgate,3.053,settle,63746,11525654509417,DbGate Helper,51561720,0.350871542
4,dbgate,3.053,settle,63755,11525659303402,com.apple.SafariPlatformSupport,9765488,0.118494792
4,dbgate,3.053,settle,63736,11525634495369,DbGate Helper,7996232,0.071171125
4,dbgate,3.308,settle,63735,11525634354520,DbGate Helper (GPU),227050480,0.334065708
4,dbgate,3.308,settle,63733,11525624041671,DbGate,119228168,0.908188208
4,dbgate,3.308,settle,63742,11525644190677,DbGate Helper (Renderer),107447832,0.689069333
4,dbgate,3.308,settle,63747,11525654581345,DbGate Helper,52167952,0.344241375
4,dbgate,3.308,settle,63744,11525652722347,DbGate Helper,51594512,0.337057792
4,dbgate,3.308,settle,63746,11525654509417,DbGate Helper,51561720,0.350871542
4,dbgate,3.308,settle,63755,11525659303402,com.apple.SafariPlatformSupport,9765488,0.118494792
4,dbgate,3.308,settle,63736,11525634495369,DbGate Helper,7996232,0.071171125
4,dbgate,3.563,settle,63735,11525634354520,DbGate Helper (GPU),227066864,0.342651708
4,dbgate,3.563,settle,63733,11525624041671,DbGate,119228168,0.918859750
4,dbgate,3.563,settle,63742,11525644190677,DbGate Helper (Renderer),107464216,0.706495250
4,dbgate,3.563,settle,63747,11525654581345,DbGate Helper,52167952,0.344241375
4,dbgate,3.563,settle,63744,11525652722347,DbGate Helper,51594512,0.337057792
4,dbgate,3.563,settle,63746,11525654509417,DbGate Helper,51561720,0.350871542
4,dbgate,3.563,settle,63755,11525659303402,com.apple.SafariPlatformSupport,9765488,0.118494792
4,dbgate,3.563,settle,63736,11525634495369,DbGate Helper,7996232,0.071171125
4,dbgate,3.818,settle,63735,11525634354520,DbGate Helper (GPU),227066864,0.349892583
4,dbgate,3.818,settle,63733,11525624041671,DbGate,119228168,0.919689792
4,dbgate,3.818,settle,63742,11525644190677,DbGate Helper (Renderer),107464216,0.714386458
4,dbgate,3.818,settle,63747,11525654581345,DbGate Helper,52167952,0.344476417
4,dbgate,3.818,settle,63744,11525652722347,DbGate Helper,51594512,0.337300333
4,dbgate,3.818,settle,63746,11525654509417,DbGate Helper,51561720,0.351101750
4,dbgate,3.818,settle,63755,11525659303402,com.apple.SafariPlatformSupport,9765488,0.118726625
4,dbgate,3.818,settle,63736,11525634495369,DbGate Helper,7996232,0.071171125
4,dbgate,4.073,settle,63735,11525634354520,DbGate Helper (GPU),203916248,0.360976667
4,dbgate,4.073,settle,63733,11525624041671,DbGate,119244552,0.922151167
4,dbgate,4.073,settle,63742,11525644190677,DbGate Helper (Renderer),107202072,0.724471125
4,dbgate,4.073,settle,63747,11525654581345,DbGate Helper,52167952,0.344476417
4,dbgate,4.073,settle,63744,11525652722347,DbGate Helper,51594512,0.337300333
4,dbgate,4.073,settle,63746,11525654509417,DbGate Helper,51561720,0.351101750
4,dbgate,4.073,settle,63755,11525659303402,com.apple.SafariPlatformSupport,9765488,0.118726625
4,dbgate,4.073,settle,63736,11525634495369,DbGate Helper,7996232,0.071171125
4,dbgate,4.329,settle,63735,11525634354520,DbGate Helper (GPU),203899864,0.369679542
4,dbgate,4.329,settle,63733,11525624041671,DbGate,119244552,0.922151167
4,dbgate,4.329,settle,63742,11525644190677,DbGate Helper (Renderer),107202072,0.731933250
4,dbgate,4.329,settle,63747,11525654581345,DbGate Helper,52167952,0.344476417
4,dbgate,4.329,settle,63744,11525652722347,DbGate Helper,51594512,0.337300333
4,dbgate,4.329,settle,63746,11525654509417,DbGate Helper,51561720,0.351101750
4,dbgate,4.329,settle,63755,11525659303402,com.apple.SafariPlatformSupport,9765488,0.118726625
4,dbgate,4.329,settle,63736,11525634495369,DbGate Helper,7996232,0.071171125
4,dbgate,4.579,settle,63735,11525634354520,DbGate Helper (GPU),203899864,0.379287250
4,dbgate,4.579,settle,63733,11525624041671,DbGate,119244552,0.922151167
4,dbgate,4.579,settle,63742,11525644190677,DbGate Helper (Renderer),107202072,0.741271292
4,dbgate,4.579,settle,63747,11525654581345,DbGate Helper,52167952,0.344476417
4,dbgate,4.579,settle,63744,11525652722347,DbGate Helper,51594512,0.337300333
4,dbgate,4.579,settle,63746,11525654509417,DbGate Helper,51561720,0.351101750
4,dbgate,4.579,settle,63755,11525659303402,com.apple.SafariPlatformSupport,9765488,0.118726625
4,dbgate,4.579,settle,63736,11525634495369,DbGate Helper,7996232,0.071171125
4,dbgate,4.834,settle,63735,11525634354520,DbGate Helper (GPU),199099352,0.385873583
4,dbgate,4.834,settle,63733,11525624041671,DbGate,119244552,0.923298833
4,dbgate,4.834,settle,63742,11525644190677,DbGate Helper (Renderer),107202072,0.747567542
4,dbgate,4.834,settle,63747,11525654581345,DbGate Helper,52167952,0.344830750
4,dbgate,4.834,settle,63744,11525652722347,DbGate Helper,51594512,0.337661917
4,dbgate,4.834,settle,63746,11525654509417,DbGate Helper,51561720,0.351360417
4,dbgate,4.834,settle,63755,11525659303402,com.apple.SafariPlatformSupport,9765488,0.118726625
4,dbgate,4.834,settle,63736,11525634495369,DbGate Helper,7996232,0.071171125
4,dbgate,5.089,settle,63735,11525634354520,DbGate Helper (GPU),199115736,0.396669542
4,dbgate,5.089,settle,63733,11525624041671,DbGate,119244552,0.924818417
4,dbgate,5.089,settle,63742,11525644190677,DbGate Helper (Renderer),107202072,0.757425417
4,dbgate,5.089,settle,63747,11525654581345,DbGate Helper,52167952,0.344830750
4,dbgate,5.089,settle,63744,11525652722347,DbGate Helper,51594512,0.337661917
4,dbgate,5.089,settle,63746,11525654509417,DbGate Helper,51561720,0.351360417
4,dbgate,5.089,settle,63755,11525659303402,com.apple.SafariPlatformSupport,9765488,0.118726625
4,dbgate,5.089,settle,63736,11525634495369,DbGate Helper,7996232,0.071171125
4,dbgate,5.344,settle,63735,11525634354520,DbGate Helper (GPU),199099352,0.403901292
4,dbgate,5.344,settle,63733,11525624041671,DbGate,119244552,0.924818417
4,dbgate,5.344,settle,63742,11525644190677,DbGate Helper (Renderer),107202072,0.763274000
4,dbgate,5.344,settle,63747,11525654581345,DbGate Helper,52167952,0.344830750
4,dbgate,5.344,settle,63744,11525652722347,DbGate Helper,51594512,0.337661917
4,dbgate,5.344,settle,63746,11525654509417,DbGate Helper,51561720,0.351360417
4,dbgate,5.344,settle,63755,11525659303402,com.apple.SafariPlatformSupport,9765488,0.118726625
4,dbgate,5.344,settle,63736,11525634495369,DbGate Helper,7996232,0.071171125
4,dbgate,5.600,settle,63735,11525634354520,DbGate Helper (GPU),199099352,0.413817042
4,dbgate,5.600,settle,63733,11525624041671,DbGate,119244552,0.925791375
4,dbgate,5.600,settle,63742,11525644190677,DbGate Helper (Renderer),107202072,0.772059375
4,dbgate,5.600,settle,63747,11525654581345,DbGate Helper,52167952,0.344830750
4,dbgate,5.600,settle,63744,11525652722347,DbGate Helper,51594512,0.337953250
4,dbgate,5.600,settle,63746,11525654509417,DbGate Helper,51561720,0.351360417
4,dbgate,5.600,settle,63755,11525659303402,com.apple.SafariPlatformSupport,9765488,0.118726625
4,dbgate,5.600,settle,63736,11525634495369,DbGate Helper,7996232,0.071294917
4,dbgate,5.854,settle,63735,11525634354520,DbGate Helper (GPU),199099352,0.420845958
4,dbgate,5.854,settle,63733,11525624041671,DbGate,119244552,0.926422458
4,dbgate,5.854,settle,63742,11525644190677,DbGate Helper (Renderer),107202072,0.779198208
4,dbgate,5.854,settle,63747,11525654581345,DbGate Helper,52167952,0.345170583
4,dbgate,5.854,settle,63744,11525652722347,DbGate Helper,51594512,0.337953250
4,dbgate,5.854,settle,63746,11525654509417,DbGate Helper,51561720,0.351692250
4,dbgate,5.854,settle,63755,11525659303402,com.apple.SafariPlatformSupport,9765488,0.118886042
4,dbgate,5.854,settle,63736,11525634495369,DbGate Helper,7947080,0.071403042
4,dbgate,6.108,query,63735,11525634354520,DbGate Helper (GPU),199115736,0.429235042
4,dbgate,6.108,query,63733,11525624041671,DbGate,119244552,0.926838750
4,dbgate,6.108,query,63742,11525644190677,DbGate Helper (Renderer),107218456,0.787220875
4,dbgate,6.108,query,63747,11525654581345,DbGate Helper,52167952,0.345170583
4,dbgate,6.108,query,63744,11525652722347,DbGate Helper,51594512,0.337953250
4,dbgate,6.108,query,63746,11525654509417,DbGate Helper,51561720,0.351692250
4,dbgate,6.108,query,63755,11525659303402,com.apple.SafariPlatformSupport,9765488,0.119072208
4,dbgate,6.108,query,63736,11525634495369,DbGate Helper,7947080,0.071403042
4,dbgate,6.363,query,63735,11525634354520,DbGate Helper (GPU),199099352,0.435619500
4,dbgate,6.363,query,63733,11525624041671,DbGate,119244552,0.927961167
4,dbgate,6.363,query,63742,11525644190677,DbGate Helper (Renderer),107218456,0.792213000
4,dbgate,6.363,query,63747,11525654581345,DbGate Helper,52167952,0.345170583
4,dbgate,6.363,query,63744,11525652722347,DbGate Helper,51594512,0.337953250
4,dbgate,6.363,query,63746,11525654509417,DbGate Helper,51561720,0.351692250
4,dbgate,6.363,query,63755,11525659303402,com.apple.SafariPlatformSupport,9765488,0.119072208
4,dbgate,6.363,query,63736,11525634495369,DbGate Helper,7947080,0.071403042
4,dbgate,6.618,query,63735,11525634354520,DbGate Helper (GPU),177816536,0.448698667
4,dbgate,6.618,query,63733,11525624041671,DbGate,119244552,0.929908417
4,dbgate,6.618,query,63742,11525644190677,DbGate Helper (Renderer),107234840,0.803310917
4,dbgate,6.618,query,63747,11525654581345,DbGate Helper,52167952,0.345170583
4,dbgate,6.618,query,63744,11525652722347,DbGate Helper,51610896,0.338986792
4,dbgate,6.618,query,63746,11525654509417,DbGate Helper,51561720,0.351692250
4,dbgate,6.618,query,63755,11525659303402,com.apple.SafariPlatformSupport,9765488,0.119072208
4,dbgate,6.618,query,63736,11525634495369,DbGate Helper,7947080,0.071403042
4,dbgate,6.873,query,63735,11525634354520,DbGate Helper (GPU),177816536,0.454538583
4,dbgate,6.873,query,63733,11525624041671,DbGate,119244552,0.931159875
4,dbgate,6.873,query,63742,11525644190677,DbGate Helper (Renderer),107234840,0.808832625
4,dbgate,6.873,query,63747,11525654581345,DbGate Helper,52053264,0.345783500
4,dbgate,6.873,query,63744,11525652722347,DbGate Helper,51496208,0.339099708
4,dbgate,6.873,query,63746,11525654509417,DbGate Helper,51496184,0.352211875
4,dbgate,6.873,query,63755,11525659303402,com.apple.SafariPlatformSupport,9765488,0.119573917
4,dbgate,6.873,query,63736,11525634495369,DbGate Helper,7947080,0.071403042
4,dbgate,7.124,query,63735,11525634354520,DbGate Helper (GPU),118686680,0.471559833
4,dbgate,7.124,query,63733,11525624041671,DbGate,116164360,0.932428958
4,dbgate,7.124,query,63742,11525644190677,DbGate Helper (Renderer),107234840,0.817773000
4,dbgate,7.124,query,63747,11525654581345,DbGate Helper,52053264,0.345783500
4,dbgate,7.124,query,63744,11525652722347,DbGate Helper,51496208,0.339099708
4,dbgate,7.124,query,63746,11525654509417,DbGate Helper,51496184,0.352211875
4,dbgate,7.124,query,63755,11525659303402,com.apple.SafariPlatformSupport,9765488,0.119573917
4,dbgate,7.124,query,63736,11525634495369,DbGate Helper,7947080,0.071403042
4,dbgate,7.379,query,63733,11525624041671,DbGate,116164360,0.932428958
4,dbgate,7.379,query,63735,11525634354520,DbGate Helper (GPU),113230808,0.479446667
4,dbgate,7.379,query,63742,11525644190677,DbGate Helper (Renderer),107234840,0.824154125
4,dbgate,7.379,query,63747,11525654581345,DbGate Helper,52053264,0.345783500
4,dbgate,7.379,query,63744,11525652722347,DbGate Helper,51496208,0.339099708
4,dbgate,7.379,query,63746,11525654509417,DbGate Helper,51496184,0.352211875
4,dbgate,7.379,query,63755,11525659303402,com.apple.SafariPlatformSupport,9765488,0.119573917
4,dbgate,7.379,query,63736,11525634495369,DbGate Helper,7947080,0.071403042
4,dbgate,7.635,query,63733,11525624041671,DbGate,116164360,0.933116500
4,dbgate,7.635,query,63735,11525634354520,DbGate Helper (GPU),113230808,0.488573667
4,dbgate,7.635,query,63742,11525644190677,DbGate Helper (Renderer),107234840,0.832674417
4,dbgate,7.635,query,63747,11525654581345,DbGate Helper,52053264,0.345783500
4,dbgate,7.635,query,63744,11525652722347,DbGate Helper,51496208,0.339616208
4,dbgate,7.635,query,63746,11525654509417,DbGate Helper,51496184,0.352211875
4,dbgate,7.635,query,63755,11525659303402,com.apple.SafariPlatformSupport,9765488,0.119573917
4,dbgate,7.635,query,63736,11525634495369,DbGate Helper,7947080,0.071403042
4,dbgate,7.889,query,63733,11525624041671,DbGate,116164360,0.933724917
4,dbgate,7.889,query,63742,11525644190677,DbGate Helper (Renderer),107234840,0.839687833
4,dbgate,7.889,query,63735,11525634354520,DbGate Helper (GPU),81560536,0.499017208
4,dbgate,7.889,query,63747,11525654581345,DbGate Helper,52069648,0.346593042
4,dbgate,7.889,query,63744,11525652722347,DbGate Helper,51496208,0.339616208
4,dbgate,7.889,query,63746,11525654509417,DbGate Helper,51496184,0.352818792
4,dbgate,7.889,query,63755,11525659303402,com.apple.SafariPlatformSupport,9765488,0.119573917
4,dbgate,7.889,query,63736,11525634495369,DbGate Helper,7947080,0.071403042
4,dbgate,8.144,query,63733,11525624041671,DbGate,116164360,0.933724917
4,dbgate,8.144,query,63742,11525644190677,DbGate Helper (Renderer),107234840,0.849586833
4,dbgate,8.144,query,63735,11525634354520,DbGate Helper (GPU),81576920,0.509716792
4,dbgate,8.144,query,63747,11525654581345,DbGate Helper,52069648,0.346593042
4,dbgate,8.144,query,63744,11525652722347,DbGate Helper,51496208,0.339616208
4,dbgate,8.144,query,63746,11525654509417,DbGate Helper,51496184,0.352818792
4,dbgate,8.144,query,63755,11525659303402,com.apple.SafariPlatformSupport,9765488,0.119573917
4,dbgate,8.144,query,63736,11525634495369,DbGate Helper,7947080,0.071403042
4,dbgate,8.399,query,63733,11525624041671,DbGate,116164360,0.933724917
4,dbgate,8.399,query,63742,11525644190677,DbGate Helper (Renderer),107234840,0.856411833
4,dbgate,8.399,query,63735,11525634354520,DbGate Helper (GPU),81560536,0.516908542
4,dbgate,8.399,query,63747,11525654581345,DbGate Helper,52069648,0.346593042
4,dbgate,8.399,query,63744,11525652722347,DbGate Helper,51496208,0.339616208
4,dbgate,8.399,query,63746,11525654509417,DbGate Helper,51496184,0.352818792
4,dbgate,8.399,query,63755,11525659303402,com.apple.SafariPlatformSupport,9765488,0.119573917
4,dbgate,8.399,query,63736,11525634495369,DbGate Helper,7947080,0.071403042
4,dbgate,8.653,query,63733,11525624041671,DbGate,116213512,0.936268000
4,dbgate,8.653,query,63742,11525644190677,DbGate Helper (Renderer),107234840,0.864814333
4,dbgate,8.653,query,63735,11525634354520,DbGate Helper (GPU),81560536,0.526820958
4,dbgate,8.653,query,63747,11525654581345,DbGate Helper,52069648,0.346947667
4,dbgate,8.653,query,63744,11525652722347,DbGate Helper,51496208,0.339897542
4,dbgate,8.653,query,63746,11525654509417,DbGate Helper,51496184,0.353168875
4,dbgate,8.653,query,63755,11525659303402,com.apple.SafariPlatformSupport,9765488,0.119573917
4,dbgate,8.653,query,63736,11525634495369,DbGate Helper,7947080,0.071403042
4,dbgate,8.908,query,63733,11525624041671,DbGate,116246280,0.939546750
4,dbgate,8.908,query,63742,11525644190677,DbGate Helper (Renderer),107234840,0.872047625
4,dbgate,8.908,query,63735,11525634354520,DbGate Helper (GPU),81527768,0.532600958
4,dbgate,8.908,query,63747,11525654581345,DbGate Helper,52069648,0.346947667
4,dbgate,8.908,query,63744,11525652722347,DbGate Helper,51496208,0.339897542
4,dbgate,8.908,query,63746,11525654509417,DbGate Helper,51496184,0.353168875
4,dbgate,8.908,query,63755,11525659303402,com.apple.SafariPlatformSupport,9749104,0.119946833
4,dbgate,8.908,query,63736,11525634495369,DbGate Helper,7947080,0.071403042
4,dbgate,9.164,query,63733,11525624041671,DbGate,116246280,0.939546750
4,dbgate,9.164,query,63742,11525644190677,DbGate Helper (Renderer),107234840,0.879036833
4,dbgate,9.164,query,63735,11525634354520,DbGate Helper (GPU),81544152,0.541858625
4,dbgate,9.164,query,63747,11525654581345,DbGate Helper,52069648,0.346947667
4,dbgate,9.164,query,63744,11525652722347,DbGate Helper,51496208,0.339897542
4,dbgate,9.164,query,63746,11525654509417,DbGate Helper,51496184,0.353168875
4,dbgate,9.164,query,63755,11525659303402,com.apple.SafariPlatformSupport,9749104,0.119946833
4,dbgate,9.164,query,63736,11525634495369,DbGate Helper,7947080,0.071403042
4,dbgate,9.414,query,63733,11525624041671,DbGate,116246280,0.940984083
4,dbgate,9.414,query,63742,11525644190677,DbGate Helper (Renderer),107234840,0.884985292
4,dbgate,9.414,query,63735,11525634354520,DbGate Helper (GPU),81527768,0.547335333
4,dbgate,9.414,query,63747,11525654581345,DbGate Helper,52069648,0.346947667
4,dbgate,9.414,query,63744,11525652722347,DbGate Helper,51496208,0.339897542
4,dbgate,9.414,query,63746,11525654509417,DbGate Helper,51496184,0.353168875
4,dbgate,9.414,query,63755,11525659303402,com.apple.SafariPlatformSupport,9749104,0.119946833
4,dbgate,9.414,query,63736,11525634495369,DbGate Helper,7947080,0.071403042
4,dbgate,9.666,query,63733,11525624041671,DbGate,116246280,0.942115375
4,dbgate,9.666,query,63742,11525644190677,DbGate Helper (Renderer),107234840,0.891240625
4,dbgate,9.666,query,63735,11525634354520,DbGate Helper (GPU),81527768,0.556418250
4,dbgate,9.666,query,63747,11525654581345,DbGate Helper,52069648,0.347660167
4,dbgate,9.666,query,63746,11525654509417,DbGate Helper,51512568,0.353846792
4,dbgate,9.666,query,63744,11525652722347,DbGate Helper,51496208,0.340600708
4,dbgate,9.666,query,63755,11525659303402,com.apple.SafariPlatformSupport,9749104,0.119946833
4,dbgate,9.666,query,63736,11525634495369,DbGate Helper,7947080,0.071403042
4,dbgate,9.918,query,63733,11525624041671,DbGate,116246280,0.942115375
4,dbgate,9.918,query,63742,11525644190677,DbGate Helper (Renderer),107234840,0.897962208
4,dbgate,9.918,query,63735,11525634354520,DbGate Helper (GPU),81544152,0.562775833
4,dbgate,9.918,query,63747,11525654581345,DbGate Helper,52069648,0.347660167
4,dbgate,9.918,query,63746,11525654509417,DbGate Helper,51512568,0.353846792
4,dbgate,9.918,query,63744,11525652722347,DbGate Helper,51496208,0.340600708
4,dbgate,9.918,query,63755,11525659303402,com.apple.SafariPlatformSupport,9749104,0.119946833
4,dbgate,9.918,query,63736,11525634495369,DbGate Helper,7947080,0.071403042
4,dbgate,10.170,query,63733,11525624041671,DbGate,116246280,0.942115375
4,dbgate,10.170,query,63742,11525644190677,DbGate Helper (Renderer),107234840,0.903797208
4,dbgate,10.170,query,63735,11525634354520,DbGate Helper (GPU),81544152,0.570708000
4,dbgate,10.170,query,63747,11525654581345,DbGate Helper,52069648,0.347660167
4,dbgate,10.170,query,63746,11525654509417,DbGate Helper,51512568,0.353846792
4,dbgate,10.170,query,63744,11525652722347,DbGate Helper,51496208,0.340600708
4,dbgate,10.170,query,63755,11525659303402,com.apple.SafariPlatformSupport,9749104,0.119946833
4,dbgate,10.170,query,63736,11525634495369,DbGate Helper,7947080,0.071403042
4,dbgate,10.426,query,63733,11525624041671,DbGate,116246280,0.942115375
4,dbgate,10.426,query,63742,11525644190677,DbGate Helper (Renderer),107234840,0.909750417
4,dbgate,10.426,query,63735,11525634354520,DbGate Helper (GPU),81544152,0.576962792
4,dbgate,10.426,query,63747,11525654581345,DbGate Helper,52069648,0.347660167
4,dbgate,10.426,query,63746,11525654509417,DbGate Helper,51512568,0.353846792
4,dbgate,10.426,query,63744,11525652722347,DbGate Helper,51496208,0.340600708
4,dbgate,10.426,query,63755,11525659303402,com.apple.SafariPlatformSupport,9749104,0.119946833
4,dbgate,10.426,query,63736,11525634495369,DbGate Helper,7947080,0.071403042
4,dbgate,10.679,query,63733,11525624041671,DbGate,116246280,0.944735667
4,dbgate,10.679,query,63742,11525644190677,DbGate Helper (Renderer),107234840,0.914134167
4,dbgate,10.679,query,63735,11525634354520,DbGate Helper (GPU),81527768,0.583054708
4,dbgate,10.679,query,63747,11525654581345,DbGate Helper,52069648,0.347894333
4,dbgate,10.679,query,63746,11525654509417,DbGate Helper,51512568,0.353998333
4,dbgate,10.679,query,63744,11525652722347,DbGate Helper,51496208,0.340870042
4,dbgate,10.679,query,63755,11525659303402,com.apple.SafariPlatformSupport,9749104,0.119946833
4,dbgate,10.679,query,63736,11525634495369,DbGate Helper,7947080,0.071403042
4,dbgate,10.934,query,63733,11525624041671,DbGate,116246280,0.944735667
4,dbgate,10.934,query,63742,11525644190677,DbGate Helper (Renderer),107234840,0.920685042
4,dbgate,10.934,query,63735,11525634354520,DbGate Helper (GPU),81527768,0.588897542
4,dbgate,10.934,query,63747,11525654581345,DbGate Helper,52069648,0.347894333
4,dbgate,10.934,query,63746,11525654509417,DbGate Helper,51512568,0.353998333
4,dbgate,10.934,query,63744,11525652722347,DbGate Helper,51496208,0.340870042
4,dbgate,10.934,query,63755,11525659303402,com.apple.SafariPlatformSupport,9749104,0.119946833
4,dbgate,10.934,query,63736,11525634495369,DbGate Helper,7947080,0.071403042
4,dbgate,11.189,query,63733,11525624041671,DbGate,116246280,0.945186375
4,dbgate,11.189,query,63742,11525644190677,DbGate Helper (Renderer),107234840,0.926259917
4,dbgate,11.189,query,63735,11525634354520,DbGate Helper (GPU),81527768,0.596779292
4,dbgate,11.189,query,63747,11525654581345,DbGate Helper,52069648,0.347894333
4,dbgate,11.189,query,63746,11525654509417,DbGate Helper,51512568,0.353998333
4,dbgate,11.189,query,63744,11525652722347,DbGate Helper,51496208,0.340870042
4,dbgate,11.189,query,63755,11525659303402,com.apple.SafariPlatformSupport,9716336,0.120033458
4,dbgate,11.189,query,63736,11525634495369,DbGate Helper,7947080,0.071403042
4,dbgate,11.440,query,63733,11525624041671,DbGate,116246280,0.945242375
4,dbgate,11.440,query,63742,11525644190677,DbGate Helper (Renderer),107267608,0.933511667
4,dbgate,11.440,query,63735,11525634354520,DbGate Helper (GPU),81544152,0.602852083
4,dbgate,11.440,query,63747,11525654581345,DbGate Helper,52069648,0.347894333
4,dbgate,11.440,query,63746,11525654509417,DbGate Helper,51512568,0.353998333
4,dbgate,11.440,query,63744,11525652722347,DbGate Helper,51496208,0.340870042
4,dbgate,11.440,query,63755,11525659303402,com.apple.SafariPlatformSupport,9716336,0.120033458
4,dbgate,11.440,query,63736,11525634495369,DbGate Helper,7947080,0.071403042
4,dbgate,11.692,query,63733,11525624041671,DbGate,116246280,0.946544542
4,dbgate,11.692,query,63742,11525644190677,DbGate Helper (Renderer),107267608,0.939354375
4,dbgate,11.692,query,63735,11525634354520,DbGate Helper (GPU),81527768,0.610203958
4,dbgate,11.692,query,63747,11525654581345,DbGate Helper,52069648,0.348283375
4,dbgate,11.692,query,63746,11525654509417,DbGate Helper,51512568,0.354428792
4,dbgate,11.692,query,63744,11525652722347,DbGate Helper,51496208,0.341408833
4,dbgate,11.692,query,63755,11525659303402,com.apple.SafariPlatformSupport,9716336,0.120033458
4,dbgate,11.692,query,63736,11525634495369,DbGate Helper,7947080,0.071403042
4,dbgate,11.945,query,63735,11525634354520,DbGate Helper (GPU),143934424,0.625900042
4,dbgate,11.945,query,63733,11525624041671,DbGate,116705032,0.970378458
4,dbgate,11.945,query,63742,11525644190677,DbGate Helper (Renderer),107513368,0.952643292
4,dbgate,11.945,query,63747,11525654581345,DbGate Helper,52069648,0.348283375
4,dbgate,11.945,query,63746,11525654509417,DbGate Helper,51512568,0.354428792
4,dbgate,11.945,query,63744,11525652722347,DbGate Helper,51496208,0.341408833
4,dbgate,11.945,query,63755,11525659303402,com.apple.SafariPlatformSupport,9716336,0.120033458
4,dbgate,11.945,query,63736,11525634495369,DbGate Helper,7947080,0.071403042
4,dbgate,12.200,query,63735,11525634354520,DbGate Helper (GPU),143918040,0.633817625
4,dbgate,12.200,query,63733,11525624041671,DbGate,117442312,0.987868625
4,dbgate,12.200,query,63742,11525644190677,DbGate Helper (Renderer),107529752,0.961057500
4,dbgate,12.200,query,63747,11525654581345,DbGate Helper,52069648,0.348283375
4,dbgate,12.200,query,63746,11525654509417,DbGate Helper,51512568,0.354428792
4,dbgate,12.200,query,63744,11525652722347,DbGate Helper,51496208,0.341408833
4,dbgate,12.200,query,63755,11525659303402,com.apple.SafariPlatformSupport,9716336,0.120033458
4,dbgate,12.200,query,63736,11525634495369,DbGate Helper,7947080,0.071403042
4,dbgate,12.454,query,63735,11525634354520,DbGate Helper (GPU),198214616,0.644344208
4,dbgate,12.454,query,63733,11525624041671,DbGate,118654728,1.019012500
4,dbgate,12.454,query,63742,11525644190677,DbGate Helper (Renderer),108054040,0.976179792
4,dbgate,12.454,query,63747,11525654581345,DbGate Helper,52069648,0.348283375
4,dbgate,12.454,query,63746,11525654509417,DbGate Helper,51512568,0.354428792
4,dbgate,12.454,query,63744,11525652722347,DbGate Helper,51496208,0.341408833
4,dbgate,12.454,query,63755,11525659303402,com.apple.SafariPlatformSupport,9716336,0.120033458
4,dbgate,12.454,query,63736,11525634495369,DbGate Helper,7947080,0.071810750
4,dbgate,12.709,query,63735,11525634354520,DbGate Helper (GPU),199427032,0.655776542
4,dbgate,12.709,query,63733,11525624041671,DbGate,118654728,1.026171708
4,dbgate,12.709,query,63742,11525644190677,DbGate Helper (Renderer),108135960,0.995660125
4,dbgate,12.709,query,63747,11525654581345,DbGate Helper,52069648,0.348518583
4,dbgate,12.709,query,63746,11525654509417,DbGate Helper,51512568,0.354609042
4,dbgate,12.709,query,63744,11525652722347,DbGate Helper,51496208,0.341783792
4,dbgate,12.709,query,63755,11525659303402,com.apple.SafariPlatformSupport,9716336,0.120033458
4,dbgate,12.709,query,63736,11525634495369,DbGate Helper,7947080,0.071810750
4,dbgate,12.962,query,63735,11525634354520,DbGate Helper (GPU),198771672,0.669752708
4,dbgate,12.962,query,63733,11525624041671,DbGate,118671112,1.028007583
4,dbgate,12.962,query,63742,11525644190677,DbGate Helper (Renderer),108135960,1.003621125
4,dbgate,12.962,query,63747,11525654581345,DbGate Helper,52069648,0.348518583
4,dbgate,12.962,query,63746,11525654509417,DbGate Helper,51512568,0.354609042
4,dbgate,12.962,query,63744,11525652722347,DbGate Helper,51496208,0.341783792
4,dbgate,12.962,query,63755,11525659303402,com.apple.SafariPlatformSupport,9716336,0.120033458
4,dbgate,12.962,query,63736,11525634495369,DbGate Helper,7947080,0.071893417
4,dbgate,13.214,query,63735,11525634354520,DbGate Helper (GPU),217285592,0.709067958
4,dbgate,13.214,query,63733,11525624041671,DbGate,119310088,1.047058208
4,dbgate,13.214,query,63742,11525644190677,DbGate Helper (Renderer),109856280,1.059312000
4,dbgate,13.214,query,63747,11525654581345,DbGate Helper,52069648,0.348518583
4,dbgate,13.214,query,63746,11525654509417,DbGate Helper,51512568,0.354609042
4,dbgate,13.214,query,63744,11525652722347,DbGate Helper,51496208,0.341783792
4,dbgate,13.214,query,63810,11525936092671,DbGate Helper,36766848,0.150269708
4,dbgate,13.214,query,63755,11525659303402,com.apple.SafariPlatformSupport,9716336,0.120033458
4,dbgate,13.214,query,63736,11525634495369,DbGate Helper,7947080,0.071893417
4,dbgate,13.465,query,63735,11525634354520,DbGate Helper (GPU),218956760,0.721211500
4,dbgate,13.465,query,63733,11525624041671,DbGate,120047368,1.066032042
4,dbgate,13.465,query,63742,11525644190677,DbGate Helper (Renderer),115967512,1.115907375
4,dbgate,13.465,query,63810,11525936092671,DbGate Helper,57656568,0.366924292
4,dbgate,13.465,query,63747,11525654581345,DbGate Helper,52069648,0.348518583
4,dbgate,13.465,query,63746,11525654509417,DbGate Helper,51512568,0.354609042
4,dbgate,13.465,query,63744,11525652722347,DbGate Helper,51496208,0.341783792
4,dbgate,13.465,query,63755,11525659303402,com.apple.SafariPlatformSupport,9716336,0.120033458
4,dbgate,13.465,query,63736,11525634495369,DbGate Helper,7947080,0.071893417
4,dbgate,13.720,query,63735,11525634354520,DbGate Helper (GPU),235488216,0.757425708
4,dbgate,13.720,query,63742,11525644190677,DbGate Helper (Renderer),122193432,1.176347750
4,dbgate,13.720,query,63733,11525624041671,DbGate,120260360,1.072937167
4,dbgate,13.720,query,63810,11525936092671,DbGate Helper,57656568,0.367189875
4,dbgate,13.720,query,63747,11525654581345,DbGate Helper,52069648,0.348648083
4,dbgate,13.720,query,63746,11525654509417,DbGate Helper,51512568,0.354737083
4,dbgate,13.720,query,63744,11525652722347,DbGate Helper,51496208,0.341922125
4,dbgate,13.720,query,63755,11525659303402,com.apple.SafariPlatformSupport,9716336,0.120033458
4,dbgate,13.720,query,63736,11525634495369,DbGate Helper,7947080,0.071893417
4,dbgate,13.971,query,63735,11525634354520,DbGate Helper (GPU),235471832,0.765162750
4,dbgate,13.971,query,63742,11525644190677,DbGate Helper (Renderer),122193432,1.184628708
4,dbgate,13.971,query,63733,11525624041671,DbGate,120260360,1.072937167
4,dbgate,13.971,query,63810,11525936092671,DbGate Helper,57656568,0.367189875
4,dbgate,13.971,query,63747,11525654581345,DbGate Helper,52069648,0.348648083
4,dbgate,13.971,query,63746,11525654509417,DbGate Helper,51512568,0.354737083
4,dbgate,13.971,query,63744,11525652722347,DbGate Helper,51496208,0.341922125
4,dbgate,13.971,query,63755,11525659303402,com.apple.SafariPlatformSupport,9716336,0.120033458
4,dbgate,13.971,query,63736,11525634495369,DbGate Helper,7947080,0.071893417
4,dbgate,14.226,query,63735,11525634354520,DbGate Helper (GPU),236012504,0.799193875
4,dbgate,14.226,query,63742,11525644190677,DbGate Helper (Renderer),126748184,1.278272000
4,dbgate,14.226,query,63733,11525624041671,DbGate,120276744,1.085270375
4,dbgate,14.226,query,63810,11525936092671,DbGate Helper,57656568,0.367189875
4,dbgate,14.226,query,63747,11525654581345,DbGate Helper,52069648,0.348648083
4,dbgate,14.226,query,63746,11525654509417,DbGate Helper,51512568,0.354737083
4,dbgate,14.226,query,63744,11525652722347,DbGate Helper,51496208,0.341922125
4,dbgate,14.226,query,63755,11525659303402,com.apple.SafariPlatformSupport,9716336,0.120033458
4,dbgate,14.226,query,63736,11525634495369,DbGate Helper,7947080,0.071893417
4,dbgate,14.479,query,63735,11525634354520,DbGate Helper (GPU),252118000,0.913773708
4,dbgate,14.479,query,63742,11525644190677,DbGate Helper (Renderer),129271320,1.453097542
4,dbgate,14.479,query,63733,11525624041671,DbGate,120276744,1.101064750
4,dbgate,14.479,query,63810,11525936092671,DbGate Helper,57656568,0.367502250
4,dbgate,14.479,query,63747,11525654581345,DbGate Helper,52069648,0.348648083
4,dbgate,14.479,query,63746,11525654509417,DbGate Helper,51512568,0.354737083
4,dbgate,14.479,query,63744,11525652722347,DbGate Helper,51496208,0.341922125
4,dbgate,14.479,query,63755,11525659303402,com.apple.SafariPlatformSupport,9650800,0.120161500
4,dbgate,14.479,query,63736,11525634495369,DbGate Helper,7635784,0.072097792
4,dbgate,14.729,query,63735,11525634354520,DbGate Helper (GPU),254706672,1.019450792
4,dbgate,14.729,query,63742,11525644190677,DbGate Helper (Renderer),134055448,1.622688250
4,dbgate,14.729,query,63733,11525624041671,DbGate,120276744,1.117013625
4,dbgate,14.729,query,63810,11525936092671,DbGate Helper,57656568,0.367502250
4,dbgate,14.729,query,63747,11525654581345,DbGate Helper,52069648,0.348796083
4,dbgate,14.729,query,63746,11525654509417,DbGate Helper,51512568,0.354894083
4,dbgate,14.729,query,63744,11525652722347,DbGate Helper,51496208,0.342036750
4,dbgate,14.729,query,63755,11525659303402,com.apple.SafariPlatformSupport,9650800,0.120161500
4,dbgate,14.729,query,63736,11525634495369,DbGate Helper,7635784,0.072097792
4,dbgate,14.985,query,63735,11525634354520,DbGate Helper (GPU),254755824,1.122230250
4,dbgate,14.985,query,63742,11525644190677,DbGate Helper (Renderer),134284824,1.730938042
4,dbgate,14.985,query,63733,11525624041671,DbGate,120276744,1.132270833
4,dbgate,14.985,query,63810,11525936092671,DbGate Helper,57656568,0.367502250
4,dbgate,14.985,query,63747,11525654581345,DbGate Helper,52069648,0.348796083
4,dbgate,14.985,query,63746,11525654509417,DbGate Helper,51512568,0.354894083
4,dbgate,14.985,query,63744,11525652722347,DbGate Helper,51496208,0.342036750
4,dbgate,14.985,query,63755,11525659303402,com.apple.SafariPlatformSupport,9650800,0.120161500
4,dbgate,14.985,query,63736,11525634495369,DbGate Helper,7635784,0.072097792
4,dbgate,15.240,query,63735,11525634354520,DbGate Helper (GPU),255034352,1.228182792
4,dbgate,15.240,query,63742,11525644190677,DbGate Helper (Renderer),138528280,1.859409333
4,dbgate,15.240,query,63733,11525624041671,DbGate,120276744,1.146460667
4,dbgate,15.240,query,63810,11525936092671,DbGate Helper,57656568,0.367502250
4,dbgate,15.240,query,63747,11525654581345,DbGate Helper,52069648,0.348796083
4,dbgate,15.240,query,63746,11525654509417,DbGate Helper,51512568,0.354894083
4,dbgate,15.240,query,63744,11525652722347,DbGate Helper,51496208,0.342036750
4,dbgate,15.240,query,63755,11525659303402,com.apple.SafariPlatformSupport,9650800,0.120161500
4,dbgate,15.240,query,63736,11525634495369,DbGate Helper,7635784,0.072097792
4,dbgate,15.493,query,63735,11525634354520,DbGate Helper (GPU),256639984,1.332814208
4,dbgate,15.493,query,63742,11525644190677,DbGate Helper (Renderer),145524272,1.986236833
4,dbgate,15.493,query,63733,11525624041671,DbGate,120276744,1.159779333
4,dbgate,15.493,query,63810,11525936092671,DbGate Helper,57656568,0.367618667
4,dbgate,15.493,query,63747,11525654581345,DbGate Helper,52069648,0.348796083
4,dbgate,15.493,query,63746,11525654509417,DbGate Helper,51512568,0.354894083
4,dbgate,15.493,query,63744,11525652722347,DbGate Helper,51496208,0.342036750
4,dbgate,15.493,query,63755,11525659303402,com.apple.SafariPlatformSupport,9650800,0.120161500
4,dbgate,15.493,query,63736,11525634495369,DbGate Helper,7635784,0.072097792
4,dbgate,15.748,query,63735,11525634354520,DbGate Helper (GPU),256984048,1.435892000
4,dbgate,15.748,query,63742,11525644190677,DbGate Helper (Renderer),149702192,2.086118708
4,dbgate,15.748,query,63733,11525624041671,DbGate,120276744,1.176750375
4,dbgate,15.748,query,63810,11525936092671,DbGate Helper,57656568,0.367618667
4,dbgate,15.748,query,63747,11525654581345,DbGate Helper,52069648,0.348858500
4,dbgate,15.748,query,63746,11525654509417,DbGate Helper,51512568,0.354987250
4,dbgate,15.748,query,63744,11525652722347,DbGate Helper,51496208,0.342137000
4,dbgate,15.748,query,63755,11525659303402,com.apple.SafariPlatformSupport,9650800,0.120161500
4,dbgate,15.748,query,63736,11525634495369,DbGate Helper,7635784,0.072097792
4,dbgate,16.004,query,63735,11525634354520,DbGate Helper (GPU),260555760,1.515222250
4,dbgate,16.004,query,63742,11525644190677,DbGate Helper (Renderer),154076720,2.179821125
4,dbgate,16.004,query,63733,11525624041671,DbGate,120276744,1.186768042
4,dbgate,16.004,query,63810,11525936092671,DbGate Helper,57656568,0.367618667
4,dbgate,16.004,query,63747,11525654581345,DbGate Helper,52069648,0.348858500
4,dbgate,16.004,query,63746,11525654509417,DbGate Helper,51512568,0.354987250
4,dbgate,16.004,query,63744,11525652722347,DbGate Helper,51496208,0.342137000
4,dbgate,16.004,query,63755,11525659303402,com.apple.SafariPlatformSupport,9650800,0.120161500
4,dbgate,16.004,query,63736,11525634495369,DbGate Helper,7635784,0.072097792
4,dbgate,16.259,query,63735,11525634354520,DbGate Helper (GPU),260867056,1.609992833
4,dbgate,16.259,query,63742,11525644190677,DbGate Helper (Renderer),158828080,2.260002542
4,dbgate,16.259,query,63733,11525624041671,DbGate,120276744,1.199785625
4,dbgate,16.259,query,63810,11525936092671,DbGate Helper,57656568,0.367618667
4,dbgate,16.259,query,63747,11525654581345,DbGate Helper,52069648,0.348858500
4,dbgate,16.259,query,63746,11525654509417,DbGate Helper,51512568,0.354987250
4,dbgate,16.259,query,63744,11525652722347,DbGate Helper,51496208,0.342137000
4,dbgate,16.259,query,63755,11525659303402,com.apple.SafariPlatformSupport,9650800,0.120161500
4,dbgate,16.259,query,63736,11525634495369,DbGate Helper,7635784,0.072097792
4,dbgate,16.512,query,63735,11525634354520,DbGate Helper (GPU),263324680,1.653306667
4,dbgate,16.512,query,63742,11525644190677,DbGate Helper (Renderer),163022384,2.329242750
4,dbgate,16.512,query,63733,11525624041671,DbGate,120293128,1.214549750
4,dbgate,16.512,query,63810,11525936092671,DbGate Helper,57656568,0.367928792
4,dbgate,16.512,query,63747,11525654581345,DbGate Helper,52069648,0.348858500
4,dbgate,16.512,query,63746,11525654509417,DbGate Helper,51512568,0.354987250
4,dbgate,16.512,query,63744,11525652722347,DbGate Helper,51496208,0.342137000
4,dbgate,16.512,query,63755,11525659303402,com.apple.SafariPlatformSupport,9650800,0.120161500
4,dbgate,16.512,query,63736,11525634495369,DbGate Helper,7635784,0.072097792
4,dbgate,16.763,query,63735,11525634354520,DbGate Helper (GPU),263324680,1.696308250
4,dbgate,16.763,query,63742,11525644190677,DbGate Helper (Renderer),167839280,2.411065917
4,dbgate,16.763,query,63733,11525624041671,DbGate,120325896,1.230712708
4,dbgate,16.763,query,63810,11525936092671,DbGate Helper,57656568,0.367928792
4,dbgate,16.763,query,63747,11525654581345,DbGate Helper,52069648,0.348926792
4,dbgate,16.763,query,63746,11525654509417,DbGate Helper,51512568,0.355078708
4,dbgate,16.763,query,63744,11525652722347,DbGate Helper,51496208,0.342234125
4,dbgate,16.763,query,63755,11525659303402,com.apple.SafariPlatformSupport,9650800,0.120161500
4,dbgate,16.763,query,63736,11525634495369,DbGate Helper,7635784,0.072097792
4,dbgate,17.018,query,63735,11525634354520,DbGate Helper (GPU),263193608,1.737762750
4,dbgate,17.018,query,63742,11525644190677,DbGate Helper (Renderer),172115528,2.492011083
4,dbgate,17.018,query,63733,11525624041671,DbGate,120342280,1.245156375
4,dbgate,17.018,query,63810,11525936092671,DbGate Helper,57656568,0.367928792
4,dbgate,17.018,query,63747,11525654581345,DbGate Helper,52069648,0.348926792
4,dbgate,17.018,query,63746,11525654509417,DbGate Helper,51512568,0.355078708
4,dbgate,17.018,query,63744,11525652722347,DbGate Helper,51496208,0.342234125
4,dbgate,17.018,query,63755,11525659303402,com.apple.SafariPlatformSupport,9650800,0.120161500
4,dbgate,17.018,query,63736,11525634495369,DbGate Helper,7635784,0.072097792
4,dbgate,17.270,query,63735,11525634354520,DbGate Helper (GPU),263160840,1.771743333
4,dbgate,17.270,query,63742,11525644190677,DbGate Helper (Renderer),173655624,2.647151583
4,dbgate,17.270,query,63733,11525624041671,DbGate,120342280,1.258994000
4,dbgate,17.270,query,63810,11525936092671,DbGate Helper,57656568,0.367928792
4,dbgate,17.270,query,63747,11525654581345,DbGate Helper,52069648,0.348926792
4,dbgate,17.270,query,63746,11525654509417,DbGate Helper,51512568,0.355078708
4,dbgate,17.270,query,63744,11525652722347,DbGate Helper,51496208,0.342234125
4,dbgate,17.270,query,63755,11525659303402,com.apple.SafariPlatformSupport,9650800,0.120161500
4,dbgate,17.270,query,63736,11525634495369,DbGate Helper,7635784,0.072097792
4,dbgate,17.525,query,63735,11525634354520,DbGate Helper (GPU),263160840,1.816857875
4,dbgate,17.525,query,63742,11525644190677,DbGate Helper (Renderer),173819464,2.729158333
4,dbgate,17.525,query,63733,11525624041671,DbGate,120342280,1.274447250
4,dbgate,17.525,query,63810,11525936092671,DbGate Helper,57656568,0.368061583
4,dbgate,17.525,query,63747,11525654581345,DbGate Helper,52069648,0.348926792
4,dbgate,17.525,query,63746,11525654509417,DbGate Helper,51512568,0.355078708
4,dbgate,17.525,query,63744,11525652722347,DbGate Helper,51496208,0.342234125
4,dbgate,17.525,query,63755,11525659303402,com.apple.SafariPlatformSupport,9650800,0.120161500
4,dbgate,17.525,query,63736,11525634495369,DbGate Helper,7635784,0.072097792
4,dbgate,17.779,query,63735,11525634354520,DbGate Helper (GPU),263160840,1.845422875
4,dbgate,17.779,query,63742,11525644190677,DbGate Helper (Renderer),173852232,2.775135250
4,dbgate,17.779,query,63733,11525624041671,DbGate,120342280,1.285764042
4,dbgate,17.779,query,63810,11525936092671,DbGate Helper,57656568,0.368061583
4,dbgate,17.779,query,63747,11525654581345,DbGate Helper,52069648,0.349025250
4,dbgate,17.779,query,63746,11525654509417,DbGate Helper,51512568,0.355228833
4,dbgate,17.779,query,63744,11525652722347,DbGate Helper,51496208,0.342389958
4,dbgate,17.779,query,63755,11525659303402,com.apple.SafariPlatformSupport,9650800,0.120161500
4,dbgate,17.779,query,63736,11525634495369,DbGate Helper,7635784,0.072097792
4,dbgate,18.034,query,63735,11525634354520,DbGate Helper (GPU),236127240,1.898564875
4,dbgate,18.034,query,63742,11525644190677,DbGate Helper (Renderer),173901384,2.867204917
4,dbgate,18.034,query,63733,11525624041671,DbGate,120342280,1.301835458
4,dbgate,18.034,query,63810,11525936092671,DbGate Helper,57656568,0.368061583
4,dbgate,18.034,query,63747,11525654581345,DbGate Helper,52069648,0.349025250
4,dbgate,18.034,query,63746,11525654509417,DbGate Helper,51512568,0.355228833
4,dbgate,18.034,query,63744,11525652722347,DbGate Helper,51496208,0.342389958
4,dbgate,18.034,query,63755,11525659303402,com.apple.SafariPlatformSupport,9650800,0.120161500
4,dbgate,18.034,query,63736,11525634495369,DbGate Helper,7635784,0.072097792
4,dbgate,18.286,query,63735,11525634354520,DbGate Helper (GPU),235930632,1.944480708
4,dbgate,18.286,query,63742,11525644190677,DbGate Helper (Renderer),173901384,2.941502625
4,dbgate,18.286,query,63733,11525624041671,DbGate,120358664,1.316642917
4,dbgate,18.286,query,63810,11525936092671,DbGate Helper,57656568,0.368061583
4,dbgate,18.286,query,63747,11525654581345,DbGate Helper,52069648,0.349025250
4,dbgate,18.286,query,63746,11525654509417,DbGate Helper,51512568,0.355228833
4,dbgate,18.286,query,63744,11525652722347,DbGate Helper,51496208,0.342389958
4,dbgate,18.286,query,63755,11525659303402,com.apple.SafariPlatformSupport,9650800,0.120161500
4,dbgate,18.286,query,63736,11525634495369,DbGate Helper,7635784,0.072097792
4,dbgate,18.541,query,63735,11525634354520,DbGate Helper (GPU),216531976,1.978600625
4,dbgate,18.541,query,63742,11525644190677,DbGate Helper (Renderer),173934152,2.998391667
4,dbgate,18.541,query,63733,11525624041671,DbGate,120342280,1.328877917
4,dbgate,18.541,query,63810,11525936092671,DbGate Helper,57656568,0.368393792
4,dbgate,18.541,query,63747,11525654581345,DbGate Helper,52069648,0.349025250
4,dbgate,18.541,query,63746,11525654509417,DbGate Helper,51512568,0.355228833
4,dbgate,18.541,query,63744,11525652722347,DbGate Helper,51496208,0.342389958
4,dbgate,18.541,query,63755,11525659303402,com.apple.SafariPlatformSupport,9650800,0.120161500
4,dbgate,18.541,query,63736,11525634495369,DbGate Helper,7635784,0.072097792
4,dbgate,18.793,query,63742,11525644190677,DbGate Helper (Renderer),174687816,3.095028667
4,dbgate,18.793,query,63735,11525634354520,DbGate Helper (GPU),170132488,2.033438792
4,dbgate,18.793,query,63733,11525624041671,DbGate,120358664,1.347614125
4,dbgate,18.793,query,63810,11525936092671,DbGate Helper,57591032,0.368566708
4,dbgate,18.793,query,63747,11525654581345,DbGate Helper,52069648,0.349191708
4,dbgate,18.793,query,63746,11525654509417,DbGate Helper,51512568,0.355368667
4,dbgate,18.793,query,63744,11525652722347,DbGate Helper,51496208,0.342548500
4,dbgate,18.793,query,63755,11525659303402,com.apple.SafariPlatformSupport,9650800,0.120161500
4,dbgate,18.793,query,63736,11525634495369,DbGate Helper,7635784,0.072097792
4,dbgate,19.046,query,63742,11525644190677,DbGate Helper (Renderer),175081032,3.162538750
4,dbgate,19.046,query,63735,11525634354520,DbGate Helper (GPU),170132488,2.073578500
4,dbgate,19.046,query,63733,11525624041671,DbGate,120358664,1.362243833
4,dbgate,19.046,query,63810,11525936092671,DbGate Helper,57591032,0.368566708
4,dbgate,19.046,query,63747,11525654581345,DbGate Helper,52069648,0.349191708
4,dbgate,19.046,query,63746,11525654509417,DbGate Helper,51512568,0.355368667
4,dbgate,19.046,query,63744,11525652722347,DbGate Helper,51496208,0.342548500
4,dbgate,19.046,query,63755,11525659303402,com.apple.SafariPlatformSupport,9650800,0.120161500
4,dbgate,19.046,query,63736,11525634495369,DbGate Helper,7668552,0.072360375
4,dbgate,19.301,query,63742,11525644190677,DbGate Helper (Renderer),175359560,3.213598375
4,dbgate,19.301,query,63735,11525634354520,DbGate Helper (GPU),170132488,2.104171833
4,dbgate,19.301,query,63733,11525624041671,DbGate,120358664,1.372877375
4,dbgate,19.301,query,63810,11525936092671,DbGate Helper,57591032,0.368566708
4,dbgate,19.301,query,63747,11525654581345,DbGate Helper,52069648,0.349191708
4,dbgate,19.301,query,63746,11525654509417,DbGate Helper,51512568,0.355368667
4,dbgate,19.301,query,63744,11525652722347,DbGate Helper,51496208,0.342548500
4,dbgate,19.301,query,63755,11525659303402,com.apple.SafariPlatformSupport,9650800,0.120161500
4,dbgate,19.301,query,63736,11525634495369,DbGate Helper,7668552,0.072360375
4,dbgate,19.554,after-query,63742,11525644190677,DbGate Helper (Renderer),175359560,3.224299833
4,dbgate,19.554,after-query,63735,11525634354520,DbGate Helper (GPU),158581768,2.113747792
4,dbgate,19.554,after-query,63733,11525624041671,DbGate,120358664,1.374867250
4,dbgate,19.554,after-query,63810,11525936092671,DbGate Helper,57591032,0.369003083
4,dbgate,19.554,after-query,63747,11525654581345,DbGate Helper,52069648,0.349191708
4,dbgate,19.554,after-query,63746,11525654509417,DbGate Helper,51512568,0.355368667
4,dbgate,19.554,after-query,63744,11525652722347,DbGate Helper,51496208,0.342548500
4,dbgate,19.554,after-query,63755,11525659303402,com.apple.SafariPlatformSupport,9650800,0.120161500
4,dbgate,19.554,after-query,63736,11525634495369,DbGate Helper,7668552,0.072360375
4,dbgate,19.809,after-query,63742,11525644190677,DbGate Helper (Renderer),175359560,3.235750083
4,dbgate,19.809,after-query,63735,11525634354520,DbGate Helper (GPU),158041096,2.123833833
4,dbgate,19.809,after-query,63733,11525624041671,DbGate,120358664,1.376130000
4,dbgate,19.809,after-query,63810,11525936092671,DbGate Helper,57591032,0.369003083
4,dbgate,19.809,after-query,63747,11525654581345,DbGate Helper,52069648,0.349375750
4,dbgate,19.809,after-query,63746,11525654509417,DbGate Helper,51512568,0.355621250
4,dbgate,19.809,after-query,63744,11525652722347,DbGate Helper,51496208,0.342865208
4,dbgate,19.809,after-query,63755,11525659303402,com.apple.SafariPlatformSupport,9650800,0.120161500
4,dbgate,19.809,after-query,63736,11525634495369,DbGate Helper,7668552,0.072360375
4,dbgate,20.060,after-query,63742,11525644190677,DbGate Helper (Renderer),175359560,3.243889167
4,dbgate,20.060,after-query,63735,11525634354520,DbGate Helper (GPU),155567112,2.131194375
4,dbgate,20.060,after-query,63733,11525624041671,DbGate,120358664,1.376130000
4,dbgate,20.060,after-query,63810,11525936092671,DbGate Helper,57591032,0.369003083
4,dbgate,20.060,after-query,63747,11525654581345,DbGate Helper,52069648,0.349375750
4,dbgate,20.060,after-query,63746,11525654509417,DbGate Helper,51512568,0.355621250
4,dbgate,20.060,after-query,63744,11525652722347,DbGate Helper,51496208,0.342865208
4,dbgate,20.060,after-query,63755,11525659303402,com.apple.SafariPlatformSupport,9650800,0.120161500
4,dbgate,20.060,after-query,63736,11525634495369,DbGate Helper,7668552,0.072360375
4,dbgate,20.315,after-query,63742,11525644190677,DbGate Helper (Renderer),175359560,3.252532250
4,dbgate,20.315,after-query,63735,11525634354520,DbGate Helper (GPU),150340616,2.140643958
4,dbgate,20.315,after-query,63733,11525624041671,DbGate,120358664,1.376130000
4,dbgate,20.315,after-query,63810,11525936092671,DbGate Helper,57591032,0.369003083
4,dbgate,20.315,after-query,63747,11525654581345,DbGate Helper,52069648,0.349375750
4,dbgate,20.315,after-query,63746,11525654509417,DbGate Helper,51512568,0.355621250
4,dbgate,20.315,after-query,63744,11525652722347,DbGate Helper,51496208,0.342865208
4,dbgate,20.315,after-query,63755,11525659303402,com.apple.SafariPlatformSupport,9650800,0.120161500
4,dbgate,20.315,after-query,63736,11525634495369,DbGate Helper,7668552,0.072360375
4,dbgate,20.568,after-query,63742,11525644190677,DbGate Helper (Renderer),175375944,3.260133125
4,dbgate,20.568,after-query,63735,11525634354520,DbGate Helper (GPU),150340616,2.147759333
4,dbgate,20.568,after-query,63733,11525624041671,DbGate,120358664,1.376649542
4,dbgate,20.568,after-query,63810,11525936092671,DbGate Helper,57591032,0.369377417
4,dbgate,20.568,after-query,63747,11525654581345,DbGate Helper,52069648,0.349375750
4,dbgate,20.568,after-query,63746,11525654509417,DbGate Helper,51512568,0.355621250
4,dbgate,20.568,after-query,63744,11525652722347,DbGate Helper,51496208,0.342865208
4,dbgate,20.568,after-query,63755,11525659303402,com.apple.SafariPlatformSupport,9650800,0.120161500
4,dbgate,20.568,after-query,63736,11525634495369,DbGate Helper,7668552,0.072360375
4,dbgate,20.819,after-query,63742,11525644190677,DbGate Helper (Renderer),175392328,3.268992333
4,dbgate,20.819,after-query,63735,11525634354520,DbGate Helper (GPU),150357000,2.157457333
4,dbgate,20.819,after-query,63733,11525624041671,DbGate,120358664,1.377889792
4,dbgate,20.819,after-query,63810,11525936092671,DbGate Helper,57591032,0.369377417
4,dbgate,20.819,after-query,63747,11525654581345,DbGate Helper,52069648,0.349550333
4,dbgate,20.819,after-query,63746,11525654509417,DbGate Helper,51512568,0.355906542
4,dbgate,20.819,after-query,63744,11525652722347,DbGate Helper,51496208,0.343198625
4,dbgate,20.819,after-query,63755,11525659303402,com.apple.SafariPlatformSupport,9650800,0.120161500
4,dbgate,20.819,after-query,63736,11525634495369,DbGate Helper,7668552,0.072360375
4,dbgate,21.075,after-query,63742,11525644190677,DbGate Helper (Renderer),174835272,3.276221292
4,dbgate,21.075,after-query,63735,11525634354520,DbGate Helper (GPU),133088264,2.168692000
4,dbgate,21.075,after-query,63733,11525624041671,DbGate,120358664,1.377889792
4,dbgate,21.075,after-query,63810,11525936092671,DbGate Helper,57591032,0.369377417
4,dbgate,21.075,after-query,63747,11525654581345,DbGate Helper,52069648,0.349550333
4,dbgate,21.075,after-query,63746,11525654509417,DbGate Helper,51512568,0.355906542
4,dbgate,21.075,after-query,63744,11525652722347,DbGate Helper,51496208,0.343198625
4,dbgate,21.075,after-query,63755,11525659303402,com.apple.SafariPlatformSupport,9650800,0.120161500
4,dbgate,21.075,after-query,63736,11525634495369,DbGate Helper,7668552,0.072360375
4,dbgate,21.330,after-query,63742,11525644190677,DbGate Helper (Renderer),174851656,3.287108000
4,dbgate,21.330,after-query,63735,11525634354520,DbGate Helper (GPU),133055496,2.177944000
4,dbgate,21.330,after-query,63733,11525624041671,DbGate,120358664,1.379204417
4,dbgate,21.330,after-query,63810,11525936092671,DbGate Helper,57591032,0.369377417
4,dbgate,21.330,after-query,63747,11525654581345,DbGate Helper,52135184,0.350032417
4,dbgate,21.330,after-query,63746,11525654509417,DbGate Helper,51512568,0.355906542
4,dbgate,21.330,after-query,63744,11525652722347,DbGate Helper,51496208,0.343198625
4,dbgate,21.330,after-query,63755,11525659303402,com.apple.SafariPlatformSupport,9650800,0.120161500
4,dbgate,21.330,after-query,63736,11525634495369,DbGate Helper,7668552,0.072360375
4,dbgate,21.582,after-query,63742,11525644190677,DbGate Helper (Renderer),174868040,3.295518375
4,dbgate,21.582,after-query,63735,11525634354520,DbGate Helper (GPU),133055496,2.185101708
4,dbgate,21.582,after-query,63733,11525624041671,DbGate,120358664,1.379929875
4,dbgate,21.582,after-query,63810,11525936092671,DbGate Helper,57591032,0.370155583
4,dbgate,21.582,after-query,63747,11525654581345,DbGate Helper,52135184,0.350032417
4,dbgate,21.582,after-query,63746,11525654509417,DbGate Helper,51512568,0.355906542
4,dbgate,21.582,after-query,63744,11525652722347,DbGate Helper,51496208,0.343198625
4,dbgate,21.582,after-query,63755,11525659303402,com.apple.SafariPlatformSupport,9650800,0.120161500
4,dbgate,21.582,after-query,63736,11525634495369,DbGate Helper,7668552,0.072360375
4,dbgate,21.835,after-query,63742,11525644190677,DbGate Helper (Renderer),174884424,3.301820292
4,dbgate,21.835,after-query,63735,11525634354520,DbGate Helper (GPU),131204104,2.194283792
4,dbgate,21.835,after-query,63733,11525624041671,DbGate,120358664,1.380626583
4,dbgate,21.835,after-query,63810,11525936092671,DbGate Helper,57591032,0.370155583
4,dbgate,21.835,after-query,63747,11525654581345,DbGate Helper,52135184,0.350211708
4,dbgate,21.835,after-query,63746,11525654509417,DbGate Helper,51512568,0.356177583
4,dbgate,21.835,after-query,63744,11525652722347,DbGate Helper,51496208,0.343439083
4,dbgate,21.835,after-query,63755,11525659303402,com.apple.SafariPlatformSupport,12042864,0.120161500
4,dbgate,21.835,after-query,63736,11525634495369,DbGate Helper,7668552,0.072360375
4,dbgate,22.090,after-query,63742,11525644190677,DbGate Helper (Renderer),174884424,3.309461333
4,dbgate,22.090,after-query,63735,11525634354520,DbGate Helper (GPU),131171336,2.202871708
4,dbgate,22.090,after-query,63733,11525624041671,DbGate,120309512,1.381197417
4,dbgate,22.090,after-query,63810,11525936092671,DbGate Helper,57591032,0.370155583
4,dbgate,22.090,after-query,63747,11525654581345,DbGate Helper,52135184,0.350211708
4,dbgate,22.090,after-query,63746,11525654509417,DbGate Helper,51512568,0.356177583
4,dbgate,22.090,after-query,63744,11525652722347,DbGate Helper,51496208,0.343439083
4,dbgate,22.090,after-query,63755,11525659303402,com.apple.SafariPlatformSupport,12042864,0.120161500
4,dbgate,22.090,after-query,63736,11525634495369,DbGate Helper,7668552,0.072360375
4,dbgate,22.345,after-query,63742,11525644190677,DbGate Helper (Renderer),174884424,3.317938208
4,dbgate,22.345,after-query,63735,11525634354520,DbGate Helper (GPU),131154952,2.211348875
4,dbgate,22.345,after-query,63733,11525624041671,DbGate,120309512,1.381197417
4,dbgate,22.345,after-query,63810,11525936092671,DbGate Helper,57591032,0.370155583
4,dbgate,22.345,after-query,63747,11525654581345,DbGate Helper,52135184,0.350211708
4,dbgate,22.345,after-query,63746,11525654509417,DbGate Helper,51512568,0.356177583
4,dbgate,22.345,after-query,63744,11525652722347,DbGate Helper,51496208,0.343439083
4,dbgate,22.345,after-query,63755,11525659303402,com.apple.SafariPlatformSupport,12042864,0.120161500
4,dbgate,22.345,after-query,63736,11525634495369,DbGate Helper,7668552,0.072360375
4,dbgate,22.600,after-query,63742,11525644190677,DbGate Helper (Renderer),174884424,3.324975208
4,dbgate,22.600,after-query,63735,11525634354520,DbGate Helper (GPU),131154952,2.217870375
4,dbgate,22.600,after-query,63733,11525624041671,DbGate,120309512,1.381753042
4,dbgate,22.600,after-query,63810,11525936092671,DbGate Helper,57591032,0.370624708
4,dbgate,22.600,after-query,63747,11525654581345,DbGate Helper,52135184,0.350211708
4,dbgate,22.600,after-query,63746,11525654509417,DbGate Helper,51512568,0.356177583
4,dbgate,22.600,after-query,63744,11525652722347,DbGate Helper,51496208,0.343439083
4,dbgate,22.600,after-query,63755,11525659303402,com.apple.SafariPlatformSupport,12042864,0.120161500
4,dbgate,22.600,after-query,63736,11525634495369,DbGate Helper,7668552,0.072360375
4,dbgate,22.855,after-query,63742,11525644190677,DbGate Helper (Renderer),174884424,3.333400333
4,dbgate,22.855,after-query,63735,11525634354520,DbGate Helper (GPU),131122184,2.227577917
4,dbgate,22.855,after-query,63733,11525624041671,DbGate,120309512,1.382869750
4,dbgate,22.855,after-query,63810,11525936092671,DbGate Helper,57591032,0.370624708
4,dbgate,22.855,after-query,63747,11525654581345,DbGate Helper,52135184,0.350381875
4,dbgate,22.855,after-query,63746,11525654509417,DbGate Helper,51512568,0.356447125
4,dbgate,22.855,after-query,63744,11525652722347,DbGate Helper,51496208,0.343713833
4,dbgate,22.855,after-query,63755,11525659303402,com.apple.SafariPlatformSupport,12042864,0.120161500
4,dbgate,22.855,after-query,63736,11525634495369,DbGate Helper,7668552,0.072360375
4,dbgate,23.108,after-query,63742,11525644190677,DbGate Helper (Renderer),174884424,3.342389292
4,dbgate,23.108,after-query,63735,11525634354520,DbGate Helper (GPU),131138568,2.236613125
4,dbgate,23.108,after-query,63733,11525624041671,DbGate,120309512,1.382869750
4,dbgate,23.108,after-query,63810,11525936092671,DbGate Helper,57591032,0.370624708
4,dbgate,23.108,after-query,63747,11525654581345,DbGate Helper,52135184,0.350381875
4,dbgate,23.108,after-query,63746,11525654509417,DbGate Helper,51512568,0.356447125
4,dbgate,23.108,after-query,63744,11525652722347,DbGate Helper,51496208,0.343713833
4,dbgate,23.108,after-query,63755,11525659303402,com.apple.SafariPlatformSupport,12042864,0.120161500
4,dbgate,23.108,after-query,63736,11525634495369,DbGate Helper,7668552,0.072360375
4,dbgate,23.362,after-query,63742,11525644190677,DbGate Helper (Renderer),174884424,3.350754958
4,dbgate,23.362,after-query,63735,11525634354520,DbGate Helper (GPU),131122184,2.245015417
4,dbgate,23.362,after-query,63733,11525624041671,DbGate,120309512,1.382869750
4,dbgate,23.362,after-query,63810,11525936092671,DbGate Helper,57591032,0.370624708
4,dbgate,23.362,after-query,63747,11525654581345,DbGate Helper,52135184,0.350381875
4,dbgate,23.362,after-query,63746,11525654509417,DbGate Helper,51512568,0.356447125
4,dbgate,23.362,after-query,63744,11525652722347,DbGate Helper,51496208,0.343713833
4,dbgate,23.362,after-query,63755,11525659303402,com.apple.SafariPlatformSupport,12042864,0.120161500
4,dbgate,23.362,after-query,63736,11525634495369,DbGate Helper,7668552,0.072360375
4,dbgate,23.617,after-query,63742,11525644190677,DbGate Helper (Renderer),174900808,3.357977917
4,dbgate,23.617,after-query,63735,11525634354520,DbGate Helper (GPU),131122184,2.251051208
4,dbgate,23.617,after-query,63733,11525624041671,DbGate,120309512,1.383743625
4,dbgate,23.617,after-query,63810,11525936092671,DbGate Helper,57591032,0.371448250
4,dbgate,23.617,after-query,63747,11525654581345,DbGate Helper,52135184,0.350381875
4,dbgate,23.617,after-query,63746,11525654509417,DbGate Helper,51512568,0.356447125
4,dbgate,23.617,after-query,63744,11525652722347,DbGate Helper,51496208,0.343904833
4,dbgate,23.617,after-query,63755,11525659303402,com.apple.SafariPlatformSupport,12042864,0.120161500
4,dbgate,23.617,after-query,63736,11525634495369,DbGate Helper,7668552,0.072360375
4,dbgate,23.872,after-query,63742,11525644190677,DbGate Helper (Renderer),174900808,3.364995917
4,dbgate,23.872,after-query,63735,11525634354520,DbGate Helper (GPU),131122184,2.259520042
4,dbgate,23.872,after-query,63733,11525624041671,DbGate,120309512,1.384313708
4,dbgate,23.872,after-query,63810,11525936092671,DbGate Helper,57591032,0.371448250
4,dbgate,23.872,after-query,63747,11525654581345,DbGate Helper,52135184,0.350495583
4,dbgate,23.872,after-query,63746,11525654509417,DbGate Helper,51512568,0.356640375
4,dbgate,23.872,after-query,63744,11525652722347,DbGate Helper,51496208,0.343904833
4,dbgate,23.872,after-query,63755,11525659303402,com.apple.SafariPlatformSupport,12042864,0.120161500
4,dbgate,23.872,after-query,63736,11525634495369,DbGate Helper,7668552,0.072360375
4,dbgate,24.125,after-query,63742,11525644190677,DbGate Helper (Renderer),174900808,3.371771750
4,dbgate,24.125,after-query,63735,11525634354520,DbGate Helper (GPU),131138568,2.266864583
4,dbgate,24.125,after-query,63733,11525624041671,DbGate,120227592,1.384509250
4,dbgate,24.125,after-query,63810,11525936092671,DbGate Helper,57591032,0.371448250
4,dbgate,24.125,after-query,63747,11525654581345,DbGate Helper,52135184,0.350495583
4,dbgate,24.125,after-query,63746,11525654509417,DbGate Helper,51512568,0.356640375
4,dbgate,24.125,after-query,63744,11525652722347,DbGate Helper,51496208,0.343904833
4,dbgate,24.125,after-query,63755,11525659303402,com.apple.SafariPlatformSupport,12042864,0.120161500
4,dbgate,24.125,after-query,63736,11525634495369,DbGate Helper,7619400,0.072512167
4,pgpad,0.251,launch,63908,11526480101455,pgpad-tauri,17449944,0.127331333
4,pgpad,0.251,launch,63909,11526484779330,xpcproxy,49176,0.003175500
4,pgpad,0.506,settle,63908,11526480101455,pgpad-tauri,30147616,0.307278125
4,pgpad,0.506,settle,63911,11526485112926,com.apple.WebKit.Networking,6554104,0.021725958
4,pgpad,0.506,settle,63909,11526484779330,com.apple.WebKit.GPU,5653008,0.031772125
4,pgpad,0.506,settle,63912,11526485180258,com.apple.WebKit.WebContent,5243384,0.031738542
4,pgpad,0.761,settle,63908,11526480101455,pgpad-tauri,30393376,0.348032000
4,pgpad,0.761,settle,63912,11526485180258,com.apple.WebKit.WebContent,9994936,0.080190542
4,pgpad,0.761,settle,63911,11526485112926,com.apple.WebKit.Networking,7094800,0.027242667
4,pgpad,0.761,settle,63909,11526484779330,com.apple.WebKit.GPU,5636624,0.031842042
4,pgpad,1.014,settle,63912,11526485180258,com.apple.WebKit.WebContent,146440960,0.258027917
4,pgpad,1.014,settle,63909,11526484779330,com.apple.WebKit.GPU,44188464,0.100316333
4,pgpad,1.014,settle,63908,11526480101455,pgpad-tauri,33539176,0.372203792
4,pgpad,1.014,settle,63911,11526485112926,com.apple.WebKit.Networking,6914576,0.028938792
4,pgpad,1.014,settle,63916,11526500229246,com.apple.audio.SandboxHelper,5505528,0.020790333
4,pgpad,1.269,settle,63912,11526485180258,com.apple.WebKit.WebContent,146440960,0.258468375
4,pgpad,1.269,settle,63909,11526484779330,com.apple.WebKit.GPU,44188464,0.100456583
4,pgpad,1.269,settle,63908,11526480101455,pgpad-tauri,33342568,0.373885333
4,pgpad,1.269,settle,63911,11526485112926,com.apple.WebKit.Networking,6914576,0.029038292
4,pgpad,1.269,settle,63916,11526500229246,com.apple.audio.SandboxHelper,5505528,0.020790333
4,pgpad,1.523,settle,63912,11526485180258,com.apple.WebKit.WebContent,141460224,0.263941917
4,pgpad,1.523,settle,63909,11526484779330,com.apple.WebKit.GPU,44090160,0.101183708
4,pgpad,1.523,settle,63908,11526480101455,pgpad-tauri,33277032,0.376280875
4,pgpad,1.523,settle,63911,11526485112926,com.apple.WebKit.Networking,6554128,0.029935583
4,pgpad,1.523,settle,63916,11526500229246,com.apple.audio.SandboxHelper,5505528,0.020790333
4,pgpad,1.774,settle,63912,11526485180258,com.apple.WebKit.WebContent,138593024,0.279918708
4,pgpad,1.774,settle,63909,11526484779330,com.apple.WebKit.GPU,43991856,0.101644125
4,pgpad,1.774,settle,63908,11526480101455,pgpad-tauri,32719976,0.377376542
4,pgpad,1.774,settle,63911,11526485112926,com.apple.WebKit.Networking,6291984,0.030150333
4,pgpad,1.774,settle,63916,11526500229246,com.apple.audio.SandboxHelper,5505528,0.020790333
4,pgpad,2.025,settle,63912,11526485180258,com.apple.WebKit.WebContent,137822976,0.282047667
4,pgpad,2.025,settle,63909,11526484779330,com.apple.WebKit.GPU,44499760,0.101999000
4,pgpad,2.025,settle,63908,11526480101455,pgpad-tauri,32638056,0.378368833
4,pgpad,2.025,settle,63911,11526485112926,com.apple.WebKit.Networking,6783504,0.030334375
4,pgpad,2.025,settle,63916,11526500229246,com.apple.audio.SandboxHelper,5489144,0.020994167
4,pgpad,2.279,settle,63912,11526485180258,com.apple.WebKit.WebContent,97452800,0.283197667
4,pgpad,2.279,settle,63908,11526480101455,pgpad-tauri,31917160,0.378767958
4,pgpad,2.279,settle,63909,11526484779330,com.apple.WebKit.GPU,17810224,0.103846000
4,pgpad,2.279,settle,63911,11526485112926,com.apple.WebKit.Networking,6455824,0.030580375
4,pgpad,2.279,settle,63916,11526500229246,com.apple.audio.SandboxHelper,5489144,0.020994167
4,pgpad,2.535,settle,63912,11526485180258,com.apple.WebKit.WebContent,97108736,0.284000583
4,pgpad,2.535,settle,63908,11526480101455,pgpad-tauri,31704168,0.379077208
4,pgpad,2.535,settle,63909,11526484779330,com.apple.WebKit.GPU,17302320,0.104310708
4,pgpad,2.535,settle,63911,11526485112926,com.apple.WebKit.Networking,6439440,0.030877542
4,pgpad,2.535,settle,63916,11526500229246,com.apple.audio.SandboxHelper,5489144,0.020994167
4,pgpad,2.790,settle,63912,11526485180258,com.apple.WebKit.WebContent,96994048,0.284681625
4,pgpad,2.790,settle,63908,11526480101455,pgpad-tauri,31704168,0.379077208
4,pgpad,2.790,settle,63909,11526484779330,com.apple.WebKit.GPU,17285936,0.104500042
4,pgpad,2.790,settle,63911,11526485112926,com.apple.WebKit.Networking,6439440,0.030929583
4,pgpad,2.790,settle,63916,11526500229246,com.apple.audio.SandboxHelper,5489144,0.020994167
4,pgpad,3.045,settle,63912,11526485180258,com.apple.WebKit.WebContent,97239808,0.284877625
4,pgpad,3.045,settle,63908,11526480101455,pgpad-tauri,31704168,0.379077208
4,pgpad,3.045,settle,63909,11526484779330,com.apple.WebKit.GPU,17253168,0.104732125
4,pgpad,3.045,settle,63911,11526485112926,com.apple.WebKit.Networking,6472208,0.030929583
4,pgpad,3.045,settle,63916,11526500229246,com.apple.audio.SandboxHelper,5489144,0.020994167
4,pgpad,3.300,settle,63912,11526485180258,com.apple.WebKit.WebContent,97108736,0.285399000
4,pgpad,3.300,settle,63908,11526480101455,pgpad-tauri,31704168,0.379145458
4,pgpad,3.300,settle,63909,11526484779330,com.apple.WebKit.GPU,17253168,0.104846750
4,pgpad,3.300,settle,63911,11526485112926,com.apple.WebKit.Networking,6472208,0.030929583
4,pgpad,3.300,settle,63916,11526500229246,com.apple.audio.SandboxHelper,5489144,0.020994167
4,pgpad,3.555,settle,63912,11526485180258,com.apple.WebKit.WebContent,97075968,0.285621292
4,pgpad,3.555,settle,63908,11526480101455,pgpad-tauri,31704168,0.379145458
4,pgpad,3.555,settle,63909,11526484779330,com.apple.WebKit.GPU,17236784,0.105002625
4,pgpad,3.555,settle,63911,11526485112926,com.apple.WebKit.Networking,6472208,0.030929583
4,pgpad,3.555,settle,63916,11526500229246,com.apple.audio.SandboxHelper,5489144,0.020994167
4,pgpad,3.809,settle,63912,11526485180258,com.apple.WebKit.WebContent,97075968,0.285621292
4,pgpad,3.809,settle,63908,11526480101455,pgpad-tauri,31704168,0.379423125
4,pgpad,3.809,settle,63909,11526484779330,com.apple.WebKit.GPU,17236784,0.105073333
4,pgpad,3.809,settle,63911,11526485112926,com.apple.WebKit.Networking,6472208,0.030929583
4,pgpad,3.809,settle,63916,11526500229246,com.apple.audio.SandboxHelper,5489144,0.020994167
4,pgpad,4.062,settle,63912,11526485180258,com.apple.WebKit.WebContent,97075968,0.285727667
4,pgpad,4.062,settle,63908,11526480101455,pgpad-tauri,31704168,0.379813000
4,pgpad,4.062,settle,63909,11526484779330,com.apple.WebKit.GPU,17236784,0.105073333
4,pgpad,4.062,settle,63911,11526485112926,com.apple.WebKit.Networking,6472208,0.030929583
4,pgpad,4.062,settle,63916,11526500229246,com.apple.audio.SandboxHelper,5489144,0.020994167
4,pgpad,4.317,settle,63912,11526485180258,com.apple.WebKit.WebContent,97075968,0.285727667
4,pgpad,4.317,settle,63908,11526480101455,pgpad-tauri,31704168,0.380091667
4,pgpad,4.317,settle,63909,11526484779330,com.apple.WebKit.GPU,17236784,0.105073333
4,pgpad,4.317,settle,63911,11526485112926,com.apple.WebKit.Networking,6472208,0.030929583
4,pgpad,4.317,settle,63916,11526500229246,com.apple.audio.SandboxHelper,5489144,0.020994167
4,pgpad,4.573,settle,63912,11526485180258,com.apple.WebKit.WebContent,97075968,0.285727667
4,pgpad,4.573,settle,63908,11526480101455,pgpad-tauri,31704168,0.380285167
4,pgpad,4.573,settle,63909,11526484779330,com.apple.WebKit.GPU,17236784,0.105073333
4,pgpad,4.573,settle,63911,11526485112926,com.apple.WebKit.Networking,6472208,0.030929583
4,pgpad,4.573,settle,63916,11526500229246,com.apple.audio.SandboxHelper,5489144,0.020994167
4,pgpad,4.828,settle,63912,11526485180258,com.apple.WebKit.WebContent,97075968,0.285727667
4,pgpad,4.828,settle,63908,11526480101455,pgpad-tauri,31704168,0.380285167
4,pgpad,4.828,settle,63909,11526484779330,com.apple.WebKit.GPU,17236784,0.105073333
4,pgpad,4.828,settle,63911,11526485112926,com.apple.WebKit.Networking,6472208,0.030929583
4,pgpad,4.828,settle,63916,11526500229246,com.apple.audio.SandboxHelper,5489144,0.020994167
4,pgpad,5.081,settle,63912,11526485180258,com.apple.WebKit.WebContent,97075968,0.285727667
4,pgpad,5.081,settle,63908,11526480101455,pgpad-tauri,31704168,0.380285167
4,pgpad,5.081,settle,63909,11526484779330,com.apple.WebKit.GPU,17236784,0.105073333
4,pgpad,5.081,settle,63911,11526485112926,com.apple.WebKit.Networking,6472208,0.030929583
4,pgpad,5.081,settle,63916,11526500229246,com.apple.audio.SandboxHelper,5489144,0.020994167
4,pgpad,5.335,settle,63912,11526485180258,com.apple.WebKit.WebContent,97075968,0.285727667
4,pgpad,5.335,settle,63908,11526480101455,pgpad-tauri,31704168,0.380756708
4,pgpad,5.335,settle,63909,11526484779330,com.apple.WebKit.GPU,17236784,0.105073333
4,pgpad,5.335,settle,63911,11526485112926,com.apple.WebKit.Networking,6472208,0.030929583
4,pgpad,5.335,settle,63916,11526500229246,com.apple.audio.SandboxHelper,5489144,0.020994167
4,pgpad,5.588,query,63912,11526485180258,com.apple.WebKit.WebContent,97075968,0.285727667
4,pgpad,5.588,query,63908,11526480101455,pgpad-tauri,31409256,0.382316250
4,pgpad,5.588,query,63909,11526484779330,com.apple.WebKit.GPU,17236784,0.105106292
4,pgpad,5.588,query,63911,11526485112926,com.apple.WebKit.Networking,6570512,0.036320417
4,pgpad,5.588,query,63916,11526500229246,com.apple.audio.SandboxHelper,5489144,0.020994167
4,pgpad,5.842,query,63912,11526485180258,com.apple.WebKit.WebContent,97075968,0.285813292
4,pgpad,5.842,query,63908,11526480101455,pgpad-tauri,31409256,0.382316250
4,pgpad,5.842,query,63909,11526484779330,com.apple.WebKit.GPU,17236784,0.105106292
4,pgpad,5.842,query,63911,11526485112926,com.apple.WebKit.Networking,6554128,0.036422375
4,pgpad,5.842,query,63916,11526500229246,com.apple.audio.SandboxHelper,5489144,0.020994167
4,pgpad,6.095,query,63912,11526485180258,com.apple.WebKit.WebContent,97075968,0.285992875
4,pgpad,6.095,query,63908,11526480101455,pgpad-tauri,31409256,0.382316250
4,pgpad,6.095,query,63909,11526484779330,com.apple.WebKit.GPU,17236784,0.105106292
4,pgpad,6.095,query,63911,11526485112926,com.apple.WebKit.Networking,6504976,0.036920250
4,pgpad,6.095,query,63916,11526500229246,com.apple.audio.SandboxHelper,5439992,0.021137583
4,pgpad,6.350,query,63912,11526485180258,com.apple.WebKit.WebContent,97075968,0.285992875
4,pgpad,6.350,query,63908,11526480101455,pgpad-tauri,31409256,0.382316250
4,pgpad,6.350,query,63909,11526484779330,com.apple.WebKit.GPU,17236784,0.105106292
4,pgpad,6.350,query,63911,11526485112926,com.apple.WebKit.Networking,6472208,0.037118750
4,pgpad,6.350,query,63916,11526500229246,com.apple.audio.SandboxHelper,5439992,0.021137583
4,pgpad,6.604,query,63912,11526485180258,com.apple.WebKit.WebContent,96977664,0.286174250
4,pgpad,6.604,query,63908,11526480101455,pgpad-tauri,31409256,0.382316250
4,pgpad,6.604,query,63909,11526484779330,com.apple.WebKit.GPU,17236784,0.105106292
4,pgpad,6.604,query,63911,11526485112926,com.apple.WebKit.Networking,6472208,0.037381375
4,pgpad,6.604,query,63916,11526500229246,com.apple.audio.SandboxHelper,5439992,0.021137583
4,pgpad,6.857,query,63912,11526485180258,com.apple.WebKit.WebContent,96977664,0.286286458
4,pgpad,6.857,query,63908,11526480101455,pgpad-tauri,31409256,0.382316250
4,pgpad,6.857,query,63909,11526484779330,com.apple.WebKit.GPU,17236784,0.105106292
4,pgpad,6.857,query,63911,11526485112926,com.apple.WebKit.Networking,6390288,0.037701958
4,pgpad,6.857,query,63916,11526500229246,com.apple.audio.SandboxHelper,5439992,0.021137583
4,pgpad,7.112,query,63912,11526485180258,com.apple.WebKit.WebContent,96977664,0.286286458
4,pgpad,7.112,query,63908,11526480101455,pgpad-tauri,31409256,0.382316250
4,pgpad,7.112,query,63909,11526484779330,com.apple.WebKit.GPU,17236784,0.105106292
4,pgpad,7.112,query,63911,11526485112926,com.apple.WebKit.Networking,6390288,0.037701958
4,pgpad,7.112,query,63916,11526500229246,com.apple.audio.SandboxHelper,5439992,0.021137583
4,pgpad,7.367,query,63912,11526485180258,com.apple.WebKit.WebContent,96977664,0.286286458
4,pgpad,7.367,query,63908,11526480101455,pgpad-tauri,31409256,0.382316250
4,pgpad,7.367,query,63909,11526484779330,com.apple.WebKit.GPU,17236784,0.105106292
4,pgpad,7.367,query,63911,11526485112926,com.apple.WebKit.Networking,6390288,0.037701958
4,pgpad,7.367,query,63916,11526500229246,com.apple.audio.SandboxHelper,5439992,0.021137583
4,pgpad,7.623,query,63912,11526485180258,com.apple.WebKit.WebContent,96977664,0.286286458
4,pgpad,7.623,query,63908,11526480101455,pgpad-tauri,31409256,0.382316250
4,pgpad,7.623,query,63909,11526484779330,com.apple.WebKit.GPU,17187632,0.105210958
4,pgpad,7.623,query,63911,11526485112926,com.apple.WebKit.Networking,6390288,0.037701958
4,pgpad,7.623,query,63916,11526500229246,com.apple.audio.SandboxHelper,5439992,0.021137583
4,pgpad,7.876,query,63912,11526485180258,com.apple.WebKit.WebContent,96977664,0.286286458
4,pgpad,7.876,query,63908,11526480101455,pgpad-tauri,31409256,0.382316250
4,pgpad,7.876,query,63909,11526484779330,com.apple.WebKit.GPU,17187632,0.105210958
4,pgpad,7.876,query,63911,11526485112926,com.apple.WebKit.Networking,6390288,0.037701958
4,pgpad,7.876,query,63916,11526500229246,com.apple.audio.SandboxHelper,5439992,0.021137583
4,pgpad,8.131,query,63912,11526485180258,com.apple.WebKit.WebContent,96977664,0.286286458
4,pgpad,8.131,query,63908,11526480101455,pgpad-tauri,31409256,0.382316250
4,pgpad,8.131,query,63909,11526484779330,com.apple.WebKit.GPU,17187632,0.105210958
4,pgpad,8.131,query,63911,11526485112926,com.apple.WebKit.Networking,6390288,0.037701958
4,pgpad,8.131,query,63916,11526500229246,com.apple.audio.SandboxHelper,5439992,0.021137583
4,pgpad,8.386,query,63912,11526485180258,com.apple.WebKit.WebContent,96977664,0.286286458
4,pgpad,8.386,query,63908,11526480101455,pgpad-tauri,31409256,0.382316250
4,pgpad,8.386,query,63909,11526484779330,com.apple.WebKit.GPU,17187632,0.105210958
4,pgpad,8.386,query,63911,11526485112926,com.apple.WebKit.Networking,6390288,0.037701958
4,pgpad,8.386,query,63916,11526500229246,com.apple.audio.SandboxHelper,5439992,0.021137583
4,pgpad,8.641,query,63912,11526485180258,com.apple.WebKit.WebContent,96977664,0.286286458
4,pgpad,8.641,query,63908,11526480101455,pgpad-tauri,31409256,0.382316250
4,pgpad,8.641,query,63909,11526484779330,com.apple.WebKit.GPU,17187632,0.105288875
4,pgpad,8.641,query,63911,11526485112926,com.apple.WebKit.Networking,6390288,0.037701958
4,pgpad,8.641,query,63916,11526500229246,com.apple.audio.SandboxHelper,5439992,0.021137583
4,pgpad,8.896,query,63912,11526485180258,com.apple.WebKit.WebContent,96879360,0.287368208
4,pgpad,8.896,query,63908,11526480101455,pgpad-tauri,31310952,0.386837167
4,pgpad,8.896,query,63909,11526484779330,com.apple.WebKit.GPU,17187632,0.105288875
4,pgpad,8.896,query,63911,11526485112926,com.apple.WebKit.Networking,6390288,0.037701958
4,pgpad,8.896,query,63916,11526500229246,com.apple.audio.SandboxHelper,5439992,0.021137583
4,pgpad,9.151,query,63912,11526485180258,com.apple.WebKit.WebContent,96994048,0.291728958
4,pgpad,9.151,query,63908,11526480101455,pgpad-tauri,31343720,0.390741458
4,pgpad,9.151,query,63909,11526484779330,com.apple.WebKit.GPU,17187632,0.105288875
4,pgpad,9.151,query,63911,11526485112926,com.apple.WebKit.Networking,6390288,0.037701958
4,pgpad,9.151,query,63916,11526500229246,com.apple.audio.SandboxHelper,5439992,0.021137583
4,pgpad,9.403,query,63912,11526485180258,com.apple.WebKit.WebContent,96977664,0.292657042
4,pgpad,9.403,query,63908,11526480101455,pgpad-tauri,31310952,0.392110708
4,pgpad,9.403,query,63909,11526484779330,com.apple.WebKit.GPU,17187632,0.105288875
4,pgpad,9.403,query,63911,11526485112926,com.apple.WebKit.Networking,6390288,0.037701958
4,pgpad,9.403,query,63916,11526500229246,com.apple.audio.SandboxHelper,5439992,0.021137583
4,pgpad,9.658,query,63912,11526485180258,com.apple.WebKit.WebContent,96961280,0.293086083
4,pgpad,9.658,query,63908,11526480101455,pgpad-tauri,31310952,0.392393000
4,pgpad,9.658,query,63909,11526484779330,com.apple.WebKit.GPU,17187632,0.105288875
4,pgpad,9.658,query,63911,11526485112926,com.apple.WebKit.Networking,6390288,0.037701958
4,pgpad,9.658,query,63916,11526500229246,com.apple.audio.SandboxHelper,5439992,0.021137583
4,pgpad,9.912,query,63912,11526485180258,com.apple.WebKit.WebContent,96961280,0.293561958
4,pgpad,9.912,query,63908,11526480101455,pgpad-tauri,31310952,0.392645208
4,pgpad,9.912,query,63909,11526484779330,com.apple.WebKit.GPU,17187632,0.105288875
4,pgpad,9.912,query,63911,11526485112926,com.apple.WebKit.Networking,6390288,0.037701958
4,pgpad,9.912,query,63916,11526500229246,com.apple.audio.SandboxHelper,5439992,0.021137583
4,pgpad,10.167,query,63912,11526485180258,com.apple.WebKit.WebContent,96961280,0.293895250
4,pgpad,10.167,query,63908,11526480101455,pgpad-tauri,31310952,0.392873917
4,pgpad,10.167,query,63909,11526484779330,com.apple.WebKit.GPU,17187632,0.105288875
4,pgpad,10.167,query,63911,11526485112926,com.apple.WebKit.Networking,6390288,0.037701958
4,pgpad,10.167,query,63916,11526500229246,com.apple.audio.SandboxHelper,5439992,0.021137583
4,pgpad,10.422,query,63912,11526485180258,com.apple.WebKit.WebContent,96961280,0.294181625
4,pgpad,10.422,query,63908,11526480101455,pgpad-tauri,31294568,0.393158750
4,pgpad,10.422,query,63909,11526484779330,com.apple.WebKit.GPU,17187632,0.105288875
4,pgpad,10.422,query,63911,11526485112926,com.apple.WebKit.Networking,6390288,0.037701958
4,pgpad,10.422,query,63916,11526500229246,com.apple.audio.SandboxHelper,5439992,0.021137583
4,pgpad,10.676,query,63912,11526485180258,com.apple.WebKit.WebContent,148243200,0.305384083
4,pgpad,10.676,query,63909,11526484779330,com.apple.WebKit.GPU,43926320,0.116879542
4,pgpad,10.676,query,63908,11526480101455,pgpad-tauri,31392872,0.399085250
4,pgpad,10.676,query,63911,11526485112926,com.apple.WebKit.Networking,6341136,0.039141333
4,pgpad,10.676,query,63916,11526500229246,com.apple.audio.SandboxHelper,5439992,0.021137583
4,pgpad,10.931,query,63912,11526485180258,com.apple.WebKit.WebContent,149275392,0.363826542
4,pgpad,10.931,query,63909,11526484779330,com.apple.WebKit.GPU,51249968,0.144435875
4,pgpad,10.931,query,63908,11526480101455,pgpad-tauri,31687784,0.423371333
4,pgpad,10.931,query,63911,11526485112926,com.apple.WebKit.Networking,6341136,0.039184542
4,pgpad,10.931,query,63916,11526500229246,com.apple.audio.SandboxHelper,5439992,0.021137583
4,pgpad,11.184,query,63912,11526485180258,com.apple.WebKit.WebContent,149078784,0.366380500
4,pgpad,11.184,query,63909,11526484779330,com.apple.WebKit.GPU,44303152,0.145021083
4,pgpad,11.184,query,63908,11526480101455,pgpad-tauri,31638632,0.425788500
4,pgpad,11.184,query,63911,11526485112926,com.apple.WebKit.Networking,6308368,0.039364667
4,pgpad,11.184,query,63916,11526500229246,com.apple.audio.SandboxHelper,5439992,0.021137583
4,pgpad,11.439,query,63912,11526485180258,com.apple.WebKit.WebContent,149062400,0.368033292
4,pgpad,11.439,query,63909,11526484779330,com.apple.WebKit.GPU,44303152,0.145402667
4,pgpad,11.439,query,63908,11526480101455,pgpad-tauri,31655016,0.427110875
4,pgpad,11.439,query,63911,11526485112926,com.apple.WebKit.Networking,6308368,0.039539833
4,pgpad,11.439,query,63916,11526500229246,com.apple.audio.SandboxHelper,5439992,0.021137583
4,pgpad,11.694,query,63912,11526485180258,com.apple.WebKit.WebContent,148898560,0.369502667
4,pgpad,11.694,query,63909,11526484779330,com.apple.WebKit.GPU,44286768,0.145932208
4,pgpad,11.694,query,63908,11526480101455,pgpad-tauri,31622248,0.427769417
4,pgpad,11.694,query,63911,11526485112926,com.apple.WebKit.Networking,6308368,0.039652292
4,pgpad,11.694,query,63916,11526500229246,com.apple.audio.SandboxHelper,5439992,0.021137583
4,pgpad,11.949,query,63912,11526485180258,com.apple.WebKit.WebContent,149521152,0.387475500
4,pgpad,11.949,query,63909,11526484779330,com.apple.WebKit.GPU,41435952,0.153791458
4,pgpad,11.949,query,63908,11526480101455,pgpad-tauri,31638632,0.431496833
4,pgpad,11.949,query,63911,11526485112926,com.apple.WebKit.Networking,6308368,0.040219333
4,pgpad,11.949,query,63916,11526500229246,com.apple.audio.SandboxHelper,5439992,0.021137583
4,pgpad,12.204,query,63912,11526485180258,com.apple.WebKit.WebContent,149881600,0.404193167
4,pgpad,12.204,query,63909,11526484779330,com.apple.WebKit.GPU,41403184,0.154624000
4,pgpad,12.204,query,63908,11526480101455,pgpad-tauri,31868008,0.456550042
4,pgpad,12.204,query,63911,11526485112926,com.apple.WebKit.Networking,6423056,0.040308625
4,pgpad,12.204,query,63973,11526769211138,com.apple.SafariPlatformSupport,6226472,0.066302750
4,pgpad,12.204,query,63916,11526500229246,com.apple.audio.SandboxHelper,5439992,0.021137583
4,pgpad,12.458,query,63912,11526485180258,com.apple.WebKit.WebContent,165659392,0.410990083
4,pgpad,12.458,query,63909,11526484779330,com.apple.WebKit.GPU,43041608,0.158233167
4,pgpad,12.458,query,63908,11526480101455,pgpad-tauri,32605288,0.473681792
4,pgpad,12.458,query,63973,11526769211138,com.apple.SafariPlatformSupport,9699928,0.108371375
4,pgpad,12.458,query,63911,11526485112926,com.apple.WebKit.Networking,6603280,0.040346208
4,pgpad,12.458,query,63916,11526500229246,com.apple.audio.SandboxHelper,5439992,0.021137583
4,pgpad,12.710,query,63912,11526485180258,com.apple.WebKit.WebContent,165511936,0.412110167
4,pgpad,12.710,query,63909,11526484779330,com.apple.WebKit.GPU,42910536,0.158591500
4,pgpad,12.710,query,63908,11526480101455,pgpad-tauri,32588904,0.474291167
4,pgpad,12.710,query,63973,11526769211138,com.apple.SafariPlatformSupport,9699928,0.108597667
4,pgpad,12.710,query,63911,11526485112926,com.apple.WebKit.Networking,6603280,0.040489542
4,pgpad,12.710,query,63916,11526500229246,com.apple.audio.SandboxHelper,5439992,0.021137583
4,pgpad,12.962,query,63912,11526485180258,com.apple.WebKit.WebContent,167019264,0.436225375
4,pgpad,12.962,query,63909,11526484779330,com.apple.WebKit.GPU,46072648,0.166898000
4,pgpad,12.962,query,63908,11526480101455,pgpad-tauri,32867432,0.491888125
4,pgpad,12.962,query,63973,11526769211138,com.apple.SafariPlatformSupport,9699928,0.108597667
4,pgpad,12.962,query,63911,11526485112926,com.apple.WebKit.Networking,6603280,0.040549250
4,pgpad,12.962,query,63916,11526500229246,com.apple.audio.SandboxHelper,5439992,0.021137583
4,pgpad,13.216,query,63912,11526485180258,com.apple.WebKit.WebContent,166953728,0.437758875
4,pgpad,13.216,query,63909,11526484779330,com.apple.WebKit.GPU,46072648,0.167258625
4,pgpad,13.216,query,63908,11526480101455,pgpad-tauri,32851048,0.493011958
4,pgpad,13.216,query,63973,11526769211138,com.apple.SafariPlatformSupport,9699928,0.108597667
4,pgpad,13.216,query,63911,11526485112926,com.apple.WebKit.Networking,6586896,0.040822417
4,pgpad,13.216,query,63916,11526500229246,com.apple.audio.SandboxHelper,5439992,0.021137583
4,pgpad,13.467,query,63912,11526485180258,com.apple.WebKit.WebContent,166298368,0.447318750
4,pgpad,13.467,query,63909,11526484779330,com.apple.WebKit.GPU,45859656,0.172380625
4,pgpad,13.467,query,63908,11526480101455,pgpad-tauri,32883816,0.499122083
4,pgpad,13.467,query,63973,11526769211138,com.apple.SafariPlatformSupport,9699928,0.108742042
4,pgpad,13.467,query,63911,11526485112926,com.apple.WebKit.Networking,6586896,0.040852958
4,pgpad,13.467,query,63916,11526500229246,com.apple.audio.SandboxHelper,5439992,0.021137583
4,pgpad,13.720,query,63912,11526485180258,com.apple.WebKit.WebContent,166363904,0.469114583
4,pgpad,13.720,query,63909,11526484779330,com.apple.WebKit.GPU,45859656,0.175534750
4,pgpad,13.720,query,63908,11526480101455,pgpad-tauri,32900200,0.508270500
4,pgpad,13.720,query,63973,11526769211138,com.apple.SafariPlatformSupport,9699928,0.108742042
4,pgpad,13.720,query,63911,11526485112926,com.apple.WebKit.Networking,6586896,0.040852958
4,pgpad,13.720,query,63916,11526500229246,com.apple.audio.SandboxHelper,5439992,0.021137583
4,pgpad,13.976,query,63912,11526485180258,com.apple.WebKit.WebContent,128041728,0.470992083
4,pgpad,13.976,query,63909,11526484779330,com.apple.WebKit.GPU,42664776,0.177156417
4,pgpad,13.976,query,63908,11526480101455,pgpad-tauri,32883816,0.509274375
4,pgpad,13.976,query,63973,11526769211138,com.apple.SafariPlatformSupport,9699928,0.108742042
4,pgpad,13.976,query,63911,11526485112926,com.apple.WebKit.Networking,6586896,0.040852958
4,pgpad,13.976,query,63916,11526500229246,com.apple.audio.SandboxHelper,5439992,0.021137583
4,pgpad,14.229,query,63912,11526485180258,com.apple.WebKit.WebContent,127746816,0.471839292
4,pgpad,14.229,query,63909,11526484779330,com.apple.WebKit.GPU,42648392,0.177523625
4,pgpad,14.229,query,63908,11526480101455,pgpad-tauri,32752744,0.509853958
4,pgpad,14.229,query,63973,11526769211138,com.apple.SafariPlatformSupport,9699928,0.108742042
4,pgpad,14.229,query,63911,11526485112926,com.apple.WebKit.Networking,6586896,0.040852958
4,pgpad,14.229,query,63916,11526500229246,com.apple.audio.SandboxHelper,5439992,0.021137583
4,pgpad,14.481,query,63912,11526485180258,com.apple.WebKit.WebContent,305890096,0.708988250
4,pgpad,14.481,query,63909,11526484779330,com.apple.WebKit.GPU,52462504,0.230250458
4,pgpad,14.481,query,63908,11526480101455,pgpad-tauri,35226752,0.553168042
4,pgpad,14.481,query,63973,11526769211138,com.apple.SafariPlatformSupport,9699928,0.108947750
4,pgpad,14.481,query,63911,11526485112926,com.apple.WebKit.Networking,6603280,0.040852958
4,pgpad,14.481,query,63916,11526500229246,com.apple.audio.SandboxHelper,5439992,0.021137583
4,pgpad,14.736,query,63912,11526485180258,com.apple.WebKit.WebContent,305677104,0.710280000
4,pgpad,14.736,query,63909,11526484779330,com.apple.WebKit.GPU,52609960,0.232108333
4,pgpad,14.736,query,63908,11526480101455,pgpad-tauri,35275904,0.553865583
4,pgpad,14.736,query,63973,11526769211138,com.apple.SafariPlatformSupport,9699928,0.108947750
4,pgpad,14.736,query,63911,11526485112926,com.apple.WebKit.Networking,6603280,0.040852958
4,pgpad,14.736,query,63916,11526500229246,com.apple.audio.SandboxHelper,5439992,0.021137583
4,pgpad,14.991,query,63912,11526485180258,com.apple.WebKit.WebContent,303416112,0.717629833
4,pgpad,14.991,query,63909,11526484779330,com.apple.WebKit.GPU,44876712,0.233206250
4,pgpad,14.991,query,63908,11526480101455,pgpad-tauri,35259520,0.556746667
4,pgpad,14.991,query,63973,11526769211138,com.apple.SafariPlatformSupport,9699928,0.108947750
4,pgpad,14.991,query,63911,11526485112926,com.apple.WebKit.Networking,6603280,0.040852958
4,pgpad,14.991,query,63916,11526500229246,com.apple.audio.SandboxHelper,5439992,0.021137583
4,pgpad,15.246,query,63912,11526485180258,com.apple.WebKit.WebContent,301482800,0.719335833
4,pgpad,15.246,query,63909,11526484779330,com.apple.WebKit.GPU,44860328,0.233460125
4,pgpad,15.246,query,63908,11526480101455,pgpad-tauri,35144832,0.557303250
4,pgpad,15.246,query,63973,11526769211138,com.apple.SafariPlatformSupport,9699928,0.108947750
4,pgpad,15.246,query,63911,11526485112926,com.apple.WebKit.Networking,6603280,0.040852958
4,pgpad,15.246,query,63916,11526500229246,com.apple.audio.SandboxHelper,5439992,0.021137583
4,pgpad,15.502,query,63912,11526485180258,com.apple.WebKit.WebContent,190087984,0.726535333
4,pgpad,15.502,query,63908,11526480101455,pgpad-tauri,35193984,0.560128875
4,pgpad,15.502,query,63909,11526484779330,com.apple.WebKit.GPU,32179112,0.235978250
4,pgpad,15.502,query,63973,11526769211138,com.apple.SafariPlatformSupport,9699928,0.108947750
4,pgpad,15.502,query,63911,11526485112926,com.apple.WebKit.Networking,6603280,0.040852958
4,pgpad,15.502,query,63916,11526500229246,com.apple.audio.SandboxHelper,5439992,0.021137583
4,pgpad,15.757,query,63912,11526485180258,com.apple.WebKit.WebContent,184746800,0.728835083
4,pgpad,15.757,query,63908,11526480101455,pgpad-tauri,34997376,0.561322000
4,pgpad,15.757,query,63909,11526484779330,com.apple.WebKit.GPU,21906344,0.236856458
4,pgpad,15.757,query,63973,11526769211138,com.apple.SafariPlatformSupport,9699928,0.108947750
4,pgpad,15.757,query,63911,11526485112926,com.apple.WebKit.Networking,6603280,0.040852958
4,pgpad,15.757,query,63916,11526500229246,com.apple.audio.SandboxHelper,5439992,0.021137583
4,pgpad,16.012,query,63912,11526485180258,com.apple.WebKit.WebContent,184746800,0.729630417
4,pgpad,16.012,query,63908,11526480101455,pgpad-tauri,34997376,0.561725625
4,pgpad,16.012,query,63909,11526484779330,com.apple.WebKit.GPU,21906344,0.237159208
4,pgpad,16.012,query,63973,11526769211138,com.apple.SafariPlatformSupport,9699928,0.108947750
4,pgpad,16.012,query,63911,11526485112926,com.apple.WebKit.Networking,6603280,0.040852958
4,pgpad,16.012,query,63916,11526500229246,com.apple.audio.SandboxHelper,5439992,0.021137583
4,pgpad,16.265,query,63912,11526485180258,com.apple.WebKit.WebContent,184730416,0.737799875
4,pgpad,16.265,query,63908,11526480101455,pgpad-tauri,34980992,0.565123000
4,pgpad,16.265,query,63909,11526484779330,com.apple.WebKit.GPU,21906344,0.238063917
4,pgpad,16.265,query,63973,11526769211138,com.apple.SafariPlatformSupport,9699928,0.108947750
4,pgpad,16.265,query,63911,11526485112926,com.apple.WebKit.Networking,6603280,0.040852958
4,pgpad,16.265,query,63916,11526500229246,com.apple.audio.SandboxHelper,5439992,0.021137583
4,pgpad,16.520,query,63912,11526485180258,com.apple.WebKit.WebContent,284574512,0.789294333
4,pgpad,16.520,query,63909,11526484779330,com.apple.WebKit.GPU,56001472,0.275196708
4,pgpad,16.520,query,63908,11526480101455,pgpad-tauri,35128448,0.576439000
4,pgpad,16.520,query,63973,11526769211138,com.apple.SafariPlatformSupport,9699928,0.109063875
4,pgpad,16.520,query,63911,11526485112926,com.apple.WebKit.Networking,6603280,0.040852958
4,pgpad,16.520,query,63916,11526500229246,com.apple.audio.SandboxHelper,5439992,0.021137583
4,pgpad,16.770,query,63912,11526485180258,com.apple.WebKit.WebContent,284574512,0.791788875
4,pgpad,16.770,query,63909,11526484779330,com.apple.WebKit.GPU,55657408,0.281032250
4,pgpad,16.770,query,63908,11526480101455,pgpad-tauri,35112064,0.578264000
4,pgpad,16.770,query,63973,11526769211138,com.apple.SafariPlatformSupport,10519128,0.109063875
4,pgpad,16.770,query,63911,11526485112926,com.apple.WebKit.Networking,6603280,0.040852958
4,pgpad,16.770,query,63916,11526500229246,com.apple.audio.SandboxHelper,5439992,0.021137583
4,pgpad,17.026,query,63912,11526485180258,com.apple.WebKit.WebContent,285360944,0.842979542
4,pgpad,17.026,query,63909,11526484779330,com.apple.WebKit.GPU,56329152,0.304690000
4,pgpad,17.026,query,63908,11526480101455,pgpad-tauri,35095680,0.588826000
4,pgpad,17.026,query,63973,11526769211138,com.apple.SafariPlatformSupport,10535512,0.109063875
4,pgpad,17.026,query,63911,11526485112926,com.apple.WebKit.Networking,6603280,0.041670333
4,pgpad,17.026,query,63916,11526500229246,com.apple.audio.SandboxHelper,5439992,0.021137583
4,pgpad,17.281,query,63912,11526485180258,com.apple.WebKit.WebContent,285328176,0.845493917
4,pgpad,17.281,query,63909,11526484779330,com.apple.WebKit.GPU,55919552,0.311375083
4,pgpad,17.281,query,63908,11526480101455,pgpad-tauri,35030144,0.591050833
4,pgpad,17.281,query,63973,11526769211138,com.apple.SafariPlatformSupport,10535512,0.109590750
4,pgpad,17.281,query,63911,11526485112926,com.apple.WebKit.Networking,6603280,0.041784083
4,pgpad,17.281,query,63916,11526500229246,com.apple.audio.SandboxHelper,5439992,0.021137583
4,pgpad,17.535,query,63912,11526485180258,com.apple.WebKit.WebContent,285999920,0.896963125
4,pgpad,17.535,query,63909,11526484779330,com.apple.WebKit.GPU,62096320,0.341994208
4,pgpad,17.535,query,63908,11526480101455,pgpad-tauri,35030144,0.600825458
4,pgpad,17.535,query,63973,11526769211138,com.apple.SafariPlatformSupport,10535536,0.109818208
4,pgpad,17.535,query,63911,11526485112926,com.apple.WebKit.Networking,6603280,0.041864583
4,pgpad,17.535,query,63916,11526500229246,com.apple.audio.SandboxHelper,5439992,0.021137583
4,pgpad,17.790,query,63912,11526485180258,com.apple.WebKit.WebContent,285983536,0.900159750
4,pgpad,17.790,query,63909,11526484779330,com.apple.WebKit.GPU,55935936,0.346625542
4,pgpad,17.790,query,63908,11526480101455,pgpad-tauri,35013760,0.603365542
4,pgpad,17.790,query,63973,11526769211138,com.apple.SafariPlatformSupport,10535536,0.109818208
4,pgpad,17.790,query,63911,11526485112926,com.apple.WebKit.Networking,6603280,0.041985375
4,pgpad,17.790,query,63916,11526500229246,com.apple.audio.SandboxHelper,5439992,0.021137583
4,pgpad,18.045,query,63912,11526485180258,com.apple.WebKit.WebContent,285967152,0.909901917
4,pgpad,18.045,query,63909,11526484779330,com.apple.WebKit.GPU,62030784,0.357499333
4,pgpad,18.045,query,63908,11526480101455,pgpad-tauri,34980992,0.606733042
4,pgpad,18.045,query,63973,11526769211138,com.apple.SafariPlatformSupport,11567728,0.109818208
4,pgpad,18.045,query,63911,11526485112926,com.apple.WebKit.Networking,6603280,0.042205125
4,pgpad,18.045,query,63916,11526500229246,com.apple.audio.SandboxHelper,5439992,0.021137583
4,pgpad,18.300,query,63912,11526485180258,com.apple.WebKit.WebContent,286327600,0.950594583
4,pgpad,18.300,query,63909,11526484779330,com.apple.WebKit.GPU,55968704,0.381778042
4,pgpad,18.300,query,63908,11526480101455,pgpad-tauri,34997376,0.616096625
4,pgpad,18.300,query,63973,11526769211138,com.apple.SafariPlatformSupport,11567728,0.109818208
4,pgpad,18.300,query,63911,11526485112926,com.apple.WebKit.Networking,6603280,0.042281500
4,pgpad,18.300,query,63916,11526500229246,com.apple.audio.SandboxHelper,5439992,0.021137583
4,pgpad,18.551,after-query,63912,11526485180258,com.apple.WebKit.WebContent,272597808,0.952009958
4,pgpad,18.551,after-query,63909,11526484779330,com.apple.WebKit.GPU,45908928,0.383115542
4,pgpad,18.551,after-query,63908,11526480101455,pgpad-tauri,34931840,0.616898708
4,pgpad,18.551,after-query,63973,11526769211138,com.apple.SafariPlatformSupport,11567728,0.109818208
4,pgpad,18.551,after-query,63911,11526485112926,com.apple.WebKit.Networking,6603280,0.042346750
4,pgpad,18.551,after-query,63916,11526500229246,com.apple.audio.SandboxHelper,5439992,0.021137583
4,pgpad,18.806,after-query,63912,11526485180258,com.apple.WebKit.WebContent,272597808,0.953905250
4,pgpad,18.806,after-query,63909,11526484779330,com.apple.WebKit.GPU,45876160,0.383509958
4,pgpad,18.806,after-query,63908,11526480101455,pgpad-tauri,34931840,0.618579250
4,pgpad,18.806,after-query,63973,11526769211138,com.apple.SafariPlatformSupport,11567728,0.109818208
4,pgpad,18.806,after-query,63911,11526485112926,com.apple.WebKit.Networking,6603280,0.042346750
4,pgpad,18.806,after-query,63916,11526500229246,com.apple.audio.SandboxHelper,5439992,0.021137583
4,pgpad,19.061,after-query,63912,11526485180258,com.apple.WebKit.WebContent,272188208,0.954855958
4,pgpad,19.061,after-query,63909,11526484779330,com.apple.WebKit.GPU,44827584,0.384263167
4,pgpad,19.061,after-query,63908,11526480101455,pgpad-tauri,34931840,0.618985167
4,pgpad,19.061,after-query,63973,11526769211138,com.apple.SafariPlatformSupport,11567728,0.109818208
4,pgpad,19.061,after-query,63911,11526485112926,com.apple.WebKit.Networking,6603280,0.042346750
4,pgpad,19.061,after-query,63916,11526500229246,com.apple.audio.SandboxHelper,5439992,0.021137583
4,pgpad,19.316,after-query,63912,11526485180258,com.apple.WebKit.WebContent,246104880,0.956042958
4,pgpad,19.316,after-query,63909,11526484779330,com.apple.WebKit.GPU,44565440,0.385684250
4,pgpad,19.316,after-query,63908,11526480101455,pgpad-tauri,34718848,0.619607958
4,pgpad,19.316,after-query,63973,11526769211138,com.apple.SafariPlatformSupport,11567728,0.109818208
4,pgpad,19.316,after-query,63911,11526485112926,com.apple.WebKit.Networking,6603280,0.042346750
4,pgpad,19.316,after-query,63916,11526500229246,com.apple.audio.SandboxHelper,5439992,0.021137583
4,pgpad,19.571,after-query,63912,11526485180258,com.apple.WebKit.WebContent,186696496,0.956395625
4,pgpad,19.571,after-query,63908,11526480101455,pgpad-tauri,34604160,0.620093125
4,pgpad,19.571,after-query,63909,11526484779330,com.apple.WebKit.GPU,22512576,0.386440667
4,pgpad,19.571,after-query,63973,11526769211138,com.apple.SafariPlatformSupport,11567728,0.109818208
4,pgpad,19.571,after-query,63911,11526485112926,com.apple.WebKit.Networking,6603280,0.042346750
4,pgpad,19.571,after-query,63916,11526500229246,com.apple.audio.SandboxHelper,5439992,0.021137583
4,pgpad,19.826,after-query,63912,11526485180258,com.apple.WebKit.WebContent,186696496,0.956918583
4,pgpad,19.826,after-query,63908,11526480101455,pgpad-tauri,34604160,0.620197125
4,pgpad,19.826,after-query,63909,11526484779330,com.apple.WebKit.GPU,22512576,0.386648458
4,pgpad,19.826,after-query,63973,11526769211138,com.apple.SafariPlatformSupport,11567728,0.109818208
4,pgpad,19.826,after-query,63911,11526485112926,com.apple.WebKit.Networking,6603280,0.042346750
4,pgpad,19.826,after-query,63916,11526500229246,com.apple.audio.SandboxHelper,5439992,0.021137583
4,pgpad,20.078,after-query,63912,11526485180258,com.apple.WebKit.WebContent,186680112,0.957367792
4,pgpad,20.078,after-query,63908,11526480101455,pgpad-tauri,34604160,0.620197125
4,pgpad,20.078,after-query,63909,11526484779330,com.apple.WebKit.GPU,22512576,0.386958333
4,pgpad,20.078,after-query,63973,11526769211138,com.apple.SafariPlatformSupport,11567728,0.109818208
4,pgpad,20.078,after-query,63911,11526485112926,com.apple.WebKit.Networking,6603280,0.042346750
4,pgpad,20.078,after-query,63916,11526500229246,com.apple.audio.SandboxHelper,5439992,0.021137583
4,pgpad,20.333,after-query,63912,11526485180258,com.apple.WebKit.WebContent,186647344,0.957367792
4,pgpad,20.333,after-query,63908,11526480101455,pgpad-tauri,34604160,0.620237875
4,pgpad,20.333,after-query,63909,11526484779330,com.apple.WebKit.GPU,22447040,0.387313958
4,pgpad,20.333,after-query,63973,11526769211138,com.apple.SafariPlatformSupport,11567728,0.109818208
4,pgpad,20.333,after-query,63911,11526485112926,com.apple.WebKit.Networking,6603280,0.042346750
4,pgpad,20.333,after-query,63916,11526500229246,com.apple.audio.SandboxHelper,5439992,0.021137583
4,pgpad,20.586,after-query,63912,11526485180258,com.apple.WebKit.WebContent,186647344,0.957367792
4,pgpad,20.586,after-query,63908,11526480101455,pgpad-tauri,34604160,0.620237875
4,pgpad,20.586,after-query,63909,11526484779330,com.apple.WebKit.GPU,22447040,0.387637292
4,pgpad,20.586,after-query,63973,11526769211138,com.apple.SafariPlatformSupport,11567728,0.109818208
4,pgpad,20.586,after-query,63911,11526485112926,com.apple.WebKit.Networking,6603280,0.042346750
4,pgpad,20.586,after-query,63916,11526500229246,com.apple.audio.SandboxHelper,5439992,0.021137583
4,pgpad,20.841,after-query,63912,11526485180258,com.apple.WebKit.WebContent,186647344,0.957427958
4,pgpad,20.841,after-query,63908,11526480101455,pgpad-tauri,34587776,0.620355208
4,pgpad,20.841,after-query,63909,11526484779330,com.apple.WebKit.GPU,22447040,0.387733542
4,pgpad,20.841,after-query,63973,11526769211138,com.apple.SafariPlatformSupport,11567728,0.109818208
4,pgpad,20.841,after-query,63911,11526485112926,com.apple.WebKit.Networking,6603280,0.042346750
4,pgpad,20.841,after-query,63916,11526500229246,com.apple.audio.SandboxHelper,5439992,0.021137583
4,pgpad,21.092,after-query,63912,11526485180258,com.apple.WebKit.WebContent,186598192,0.962056792
4,pgpad,21.092,after-query,63908,11526480101455,pgpad-tauri,34587776,0.622659333
4,pgpad,21.092,after-query,63909,11526484779330,com.apple.WebKit.GPU,22447040,0.387733542
4,pgpad,21.092,after-query,63973,11526769211138,com.apple.SafariPlatformSupport,11567728,0.109818208
4,pgpad,21.092,after-query,63911,11526485112926,com.apple.WebKit.Networking,6603280,0.042346750
4,pgpad,21.092,after-query,63916,11526500229246,com.apple.audio.SandboxHelper,5439992,0.021137583
4,pgpad,21.347,after-query,63912,11526485180258,com.apple.WebKit.WebContent,186598192,0.962502708
4,pgpad,21.347,after-query,63908,11526480101455,pgpad-tauri,34587776,0.623003500
4,pgpad,21.347,after-query,63909,11526484779330,com.apple.WebKit.GPU,22447040,0.387733542
4,pgpad,21.347,after-query,63973,11526769211138,com.apple.SafariPlatformSupport,11567728,0.109818208
4,pgpad,21.347,after-query,63911,11526485112926,com.apple.WebKit.Networking,6603280,0.042346750
4,pgpad,21.347,after-query,63916,11526500229246,com.apple.audio.SandboxHelper,5439992,0.021137583
4,pgpad,21.602,after-query,63912,11526485180258,com.apple.WebKit.WebContent,186549040,0.962775958
4,pgpad,21.602,after-query,63908,11526480101455,pgpad-tauri,34587776,0.623181833
4,pgpad,21.602,after-query,63909,11526484779330,com.apple.WebKit.GPU,22447040,0.387733542
4,pgpad,21.602,after-query,63973,11526769211138,com.apple.SafariPlatformSupport,11518576,0.109937750
4,pgpad,21.602,after-query,63911,11526485112926,com.apple.WebKit.Networking,6603280,0.042346750
4,pgpad,21.602,after-query,63916,11526500229246,com.apple.audio.SandboxHelper,5439992,0.021137583
4,pgpad,21.857,after-query,63912,11526485180258,com.apple.WebKit.WebContent,186549040,0.963236833
4,pgpad,21.857,after-query,63908,11526480101455,pgpad-tauri,34587776,0.623713375
4,pgpad,21.857,after-query,63909,11526484779330,com.apple.WebKit.GPU,22447040,0.387733542
4,pgpad,21.857,after-query,63973,11526769211138,com.apple.SafariPlatformSupport,11518576,0.109937750
4,pgpad,21.857,after-query,63911,11526485112926,com.apple.WebKit.Networking,6603280,0.042346750
4,pgpad,21.857,after-query,63916,11526500229246,com.apple.audio.SandboxHelper,5439992,0.021137583
4,pgpad,22.113,after-query,63912,11526485180258,com.apple.WebKit.WebContent,186549040,0.963538792
4,pgpad,22.113,after-query,63908,11526480101455,pgpad-tauri,34587776,0.623883167
4,pgpad,22.113,after-query,63909,11526484779330,com.apple.WebKit.GPU,22447040,0.387733542
4,pgpad,22.113,after-query,63973,11526769211138,com.apple.SafariPlatformSupport,11600496,0.109937750
4,pgpad,22.113,after-query,63911,11526485112926,com.apple.WebKit.Networking,6603280,0.042346750
4,pgpad,22.113,after-query,63916,11526500229246,com.apple.audio.SandboxHelper,5439992,0.021137583
4,pgpad,22.368,after-query,63912,11526485180258,com.apple.WebKit.WebContent,186549040,0.963882833
4,pgpad,22.368,after-query,63908,11526480101455,pgpad-tauri,34587776,0.624092083
4,pgpad,22.368,after-query,63909,11526484779330,com.apple.WebKit.GPU,22447040,0.387733542
4,pgpad,22.368,after-query,63973,11526769211138,com.apple.SafariPlatformSupport,11600496,0.109937750
4,pgpad,22.368,after-query,63911,11526485112926,com.apple.WebKit.Networking,6603280,0.042346750
4,pgpad,22.368,after-query,63916,11526500229246,com.apple.audio.SandboxHelper,5439992,0.021137583
4,pgpad,22.619,after-query,63912,11526485180258,com.apple.WebKit.WebContent,186549040,0.963952042
4,pgpad,22.619,after-query,63908,11526480101455,pgpad-tauri,34587776,0.624245583
4,pgpad,22.619,after-query,63909,11526484779330,com.apple.WebKit.GPU,22447040,0.387733542
4,pgpad,22.619,after-query,63973,11526769211138,com.apple.SafariPlatformSupport,11600496,0.109937750
4,pgpad,22.619,after-query,63911,11526485112926,com.apple.WebKit.Networking,6603280,0.042346750
4,pgpad,22.619,after-query,63916,11526500229246,com.apple.audio.SandboxHelper,5439992,0.021137583
4,pgpad,22.874,after-query,63912,11526485180258,com.apple.WebKit.WebContent,186549040,0.964057792
4,pgpad,22.874,after-query,63908,11526480101455,pgpad-tauri,34587776,0.624245583
4,pgpad,22.874,after-query,63909,11526484779330,com.apple.WebKit.GPU,22447040,0.387733542
4,pgpad,22.874,after-query,63973,11526769211138,com.apple.SafariPlatformSupport,11600496,0.109937750
4,pgpad,22.874,after-query,63911,11526485112926,com.apple.WebKit.Networking,6603280,0.042346750
4,pgpad,22.874,after-query,63916,11526500229246,com.apple.audio.SandboxHelper,5439992,0.021137583
4,pgpad,23.128,after-query,63912,11526485180258,com.apple.WebKit.WebContent,186549040,0.964057792
4,pgpad,23.128,after-query,63908,11526480101455,pgpad-tauri,34587776,0.624245583
4,pgpad,23.128,after-query,63909,11526484779330,com.apple.WebKit.GPU,22447040,0.387733542
4,pgpad,23.128,after-query,63973,11526769211138,com.apple.SafariPlatformSupport,11600496,0.109937750
4,pgpad,23.128,after-query,63911,11526485112926,com.apple.WebKit.Networking,6603280,0.042346750
4,pgpad,23.128,after-query,63916,11526500229246,com.apple.audio.SandboxHelper,5439992,0.021137583
4,pgpad,23.383,after-query,63912,11526485180258,com.apple.WebKit.WebContent,186549040,0.964057792
4,pgpad,23.383,after-query,63908,11526480101455,pgpad-tauri,34587776,0.624245583
4,pgpad,23.383,after-query,63909,11526484779330,com.apple.WebKit.GPU,22447040,0.387733542
4,pgpad,23.383,after-query,63973,11526769211138,com.apple.SafariPlatformSupport,11600496,0.109937750
4,pgpad,23.383,after-query,63911,11526485112926,com.apple.WebKit.Networking,6603280,0.042346750
4,pgpad,23.383,after-query,63916,11526500229246,com.apple.audio.SandboxHelper,5439992,0.021137583
4,pgpad,23.634,after-query,63912,11526485180258,com.apple.WebKit.WebContent,187614000,0.964175583
4,pgpad,23.634,after-query,63908,11526480101455,pgpad-tauri,34555008,0.624511417
4,pgpad,23.634,after-query,63909,11526484779330,com.apple.WebKit.GPU,22610880,0.387859375
4,pgpad,23.634,after-query,63973,11526769211138,com.apple.SafariPlatformSupport,11993712,0.109937750
4,pgpad,23.634,after-query,63911,11526485112926,com.apple.WebKit.Networking,6603280,0.042346750
4,pgpad,23.634,after-query,63916,11526500229246,com.apple.audio.SandboxHelper,5439992,0.021137583
