run,app,t_seconds,phase,pid,start_mach_ticks,name,footprint_bytes,cpu_seconds
1,pgpad,0.255,launch,64961,11550261498238,pgpad-tauri,19530736,0.144981625
1,pgpad,0.255,launch,64962,11550266207221,com.apple.WebKit.GPU,4129200,0.012334292
1,pgpad,0.255,launch,64963,11550266499347,com.apple.WebKit.Networking,1638712,0.006295625
1,pgpad,0.255,launch,64964,11550266569160,com.apple.WebKit.WebContent,557248,0.004767917
1,pgpad,0.510,settle,64961,11550261498238,pgpad-tauri,29754400,0.313563833
1,pgpad,0.510,settle,64963,11550266499347,com.apple.WebKit.Networking,6521336,0.021857417
1,pgpad,0.510,settle,64962,11550266207221,com.apple.WebKit.GPU,5669392,0.030342458
1,pgpad,0.510,settle,64964,11550266569160,com.apple.WebKit.WebContent,5194208,0.031091417
1,pgpad,0.761,settle,64961,11550261498238,pgpad-tauri,30475320,0.361593833
1,pgpad,0.761,settle,64964,11550266569160,com.apple.WebKit.WebContent,10732192,0.095537750
1,pgpad,0.761,settle,64963,11550266499347,com.apple.WebKit.Networking,7029264,0.027598333
1,pgpad,0.761,settle,64962,11550266207221,com.apple.WebKit.GPU,5653008,0.030398833
1,pgpad,1.016,settle,64964,11550266569160,com.apple.WebKit.WebContent,145916624,0.256802583
1,pgpad,1.016,settle,64962,11550266207221,com.apple.WebKit.GPU,41911112,0.097331500
1,pgpad,1.016,settle,64961,11550261498238,pgpad-tauri,33276984,0.379629083
1,pgpad,1.016,settle,64963,11550266499347,com.apple.WebKit.Networking,6849040,0.028894583
1,pgpad,1.016,settle,64968,11550281400638,com.apple.audio.SandboxHelper,5505552,0.021244208
1,pgpad,1.267,settle,64964,11550266569160,com.apple.WebKit.WebContent,145916624,0.257296125
1,pgpad,1.267,settle,64962,11550266207221,com.apple.WebKit.GPU,41911112,0.097424458
1,pgpad,1.267,settle,64961,11550261498238,pgpad-tauri,33096760,0.381366375
1,pgpad,1.267,settle,64963,11550266499347,com.apple.WebKit.Networking,6849040,0.029005125
1,pgpad,1.267,settle,64968,11550281400638,com.apple.audio.SandboxHelper,5505552,0.021244208
1,pgpad,1.517,settle,64964,11550266569160,com.apple.WebKit.WebContent,140427984,0.262746875
1,pgpad,1.517,settle,64962,11550266207221,com.apple.WebKit.GPU,41829192,0.098186833
1,pgpad,1.517,settle,64961,11550261498238,pgpad-tauri,33047608,0.383406333
1,pgpad,1.517,settle,64963,11550266499347,com.apple.WebKit.Networking,6455824,0.029760167
1,pgpad,1.517,settle,64968,11550281400638,com.apple.audio.SandboxHelper,5505552,0.021244208
1,pgpad,1.768,settle,64964,11550266569160,com.apple.WebKit.WebContent,139084496,0.278410750
1,pgpad,1.768,settle,64962,11550266207221,com.apple.WebKit.GPU,41730888,0.098604458
1,pgpad,1.768,settle,64961,11550261498238,pgpad-tauri,32588856,0.384305125
1,pgpad,1.768,settle,64963,11550266499347,com.apple.WebKit.Networking,6078992,0.030048500
1,pgpad,1.768,settle,64968,11550281400638,com.apple.audio.SandboxHelper,5505552,0.021244208
1,pgpad,2.023,settle,64964,11550266569160,com.apple.WebKit.WebContent,138822352,0.280597625
1,pgpad,2.023,settle,64961,11550261498238,pgpad-tauri,32572472,0.385129833
1,pgpad,2.023,settle,64962,11550266207221,com.apple.WebKit.GPU,17613640,0.099619083
1,pgpad,2.023,settle,64963,11550266499347,com.apple.WebKit.Networking,5849616,0.030259750
1,pgpad,2.023,settle,64968,11550281400638,com.apple.audio.SandboxHelper,5489168,0.021491000
1,pgpad,2.278,settle,64964,11550266569160,com.apple.WebKit.WebContent,97256144,0.282118792
1,pgpad,2.278,settle,64961,11550261498238,pgpad-tauri,31687736,0.385652083
1,pgpad,2.278,settle,64962,11550266207221,com.apple.WebKit.GPU,16597832,0.101045500
1,pgpad,2.278,settle,64963,11550266499347,com.apple.WebKit.Networking,5849616,0.030423958
1,pgpad,2.278,settle,64968,11550281400638,com.apple.audio.SandboxHelper,5489168,0.021491000
1,pgpad,2.533,settle,64964,11550266569160,com.apple.WebKit.WebContent,96813776,0.282754583
1,pgpad,2.533,settle,64961,11550261498238,pgpad-tauri,31589432,0.386000625
1,pgpad,2.533,settle,64962,11550266207221,com.apple.WebKit.GPU,16597832,0.101201250
1,pgpad,2.533,settle,64963,11550266499347,com.apple.WebKit.Networking,5833232,0.030743458
1,pgpad,2.533,settle,64968,11550281400638,com.apple.audio.SandboxHelper,5489168,0.021491000
1,pgpad,2.788,settle,64964,11550266569160,com.apple.WebKit.WebContent,96797392,0.283352875
1,pgpad,2.788,settle,64961,11550261498238,pgpad-tauri,31474744,0.386361375
1,pgpad,2.788,settle,64962,11550266207221,com.apple.WebKit.GPU,16597832,0.101366083
1,pgpad,2.788,settle,64963,11550266499347,com.apple.WebKit.Networking,5833232,0.030743458
1,pgpad,2.788,settle,64968,11550281400638,com.apple.audio.SandboxHelper,5489168,0.021491000
1,pgpad,3.043,settle,64964,11550266569160,com.apple.WebKit.WebContent,96797392,0.283603792
1,pgpad,3.043,settle,64961,11550261498238,pgpad-tauri,31474744,0.386426500
1,pgpad,3.043,settle,64962,11550266207221,com.apple.WebKit.GPU,16565064,0.101603917
1,pgpad,3.043,settle,64963,11550266499347,com.apple.WebKit.Networking,5833232,0.030743458
1,pgpad,3.043,settle,64968,11550281400638,com.apple.audio.SandboxHelper,5489168,0.021491000
1,pgpad,3.298,settle,64964,11550266569160,com.apple.WebKit.WebContent,96453328,0.284118542
1,pgpad,3.298,settle,64961,11550261498238,pgpad-tauri,31474744,0.386456958
1,pgpad,3.298,settle,64962,11550266207221,com.apple.WebKit.GPU,16565064,0.101758917
1,pgpad,3.298,settle,64963,11550266499347,com.apple.WebKit.Networking,5833232,0.030743458
1,pgpad,3.298,settle,64968,11550281400638,com.apple.audio.SandboxHelper,5489168,0.021491000
1,pgpad,3.554,settle,64964,11550266569160,com.apple.WebKit.WebContent,96404176,0.284515250
1,pgpad,3.554,settle,64961,11550261498238,pgpad-tauri,31474744,0.386456958
1,pgpad,3.554,settle,64962,11550266207221,com.apple.WebKit.GPU,16565064,0.101909333
1,pgpad,3.554,settle,64963,11550266499347,com.apple.WebKit.Networking,5833232,0.030743458
1,pgpad,3.554,settle,64968,11550281400638,com.apple.audio.SandboxHelper,5489168,0.021491000
1,pgpad,3.809,settle,64964,11550266569160,com.apple.WebKit.WebContent,96404176,0.284515250
1,pgpad,3.809,settle,64961,11550261498238,pgpad-tauri,31474744,0.386672083
1,pgpad,3.809,settle,64962,11550266207221,com.apple.WebKit.GPU,16565064,0.102007708
1,pgpad,3.809,settle,64963,11550266499347,com.apple.WebKit.Networking,5833232,0.030743458
1,pgpad,3.809,settle,64968,11550281400638,com.apple.audio.SandboxHelper,5489168,0.021491000
1,pgpad,4.064,settle,64964,11550266569160,com.apple.WebKit.WebContent,96404176,0.284574958
1,pgpad,4.064,settle,64961,11550261498238,pgpad-tauri,31474744,0.386827375
1,pgpad,4.064,settle,64962,11550266207221,com.apple.WebKit.GPU,16565064,0.102007708
1,pgpad,4.064,settle,64963,11550266499347,com.apple.WebKit.Networking,5833232,0.030743458
1,pgpad,4.064,settle,64968,11550281400638,com.apple.audio.SandboxHelper,5489168,0.021491000
1,pgpad,4.319,settle,64964,11550266569160,com.apple.WebKit.WebContent,96404176,0.284574958
1,pgpad,4.319,settle,64961,11550261498238,pgpad-tauri,31474744,0.387070042
1,pgpad,4.319,settle,64962,11550266207221,com.apple.WebKit.GPU,16565064,0.102007708
1,pgpad,4.319,settle,64963,11550266499347,com.apple.WebKit.Networking,5833232,0.030743458
1,pgpad,4.319,settle,64968,11550281400638,com.apple.audio.SandboxHelper,5489168,0.021491000
1,pgpad,4.574,settle,64964,11550266569160,com.apple.WebKit.WebContent,96404176,0.284574958
1,pgpad,4.574,settle,64961,11550261498238,pgpad-tauri,31474744,0.387245958
1,pgpad,4.574,settle,64962,11550266207221,com.apple.WebKit.GPU,16565064,0.102007708
1,pgpad,4.574,settle,64963,11550266499347,com.apple.WebKit.Networking,5833232,0.030743458
1,pgpad,4.574,settle,64968,11550281400638,com.apple.audio.SandboxHelper,5489168,0.021491000
1,pgpad,4.828,settle,64964,11550266569160,com.apple.WebKit.WebContent,96404176,0.284574958
1,pgpad,4.828,settle,64961,11550261498238,pgpad-tauri,31474744,0.387245958
1,pgpad,4.828,settle,64962,11550266207221,com.apple.WebKit.GPU,16565064,0.102007708
1,pgpad,4.828,settle,64963,11550266499347,com.apple.WebKit.Networking,5833232,0.030743458
1,pgpad,4.828,settle,64968,11550281400638,com.apple.audio.SandboxHelper,5489168,0.021491000
1,pgpad,5.083,settle,64964,11550266569160,com.apple.WebKit.WebContent,96404176,0.284574958
1,pgpad,5.083,settle,64961,11550261498238,pgpad-tauri,31474744,0.387245958
1,pgpad,5.083,settle,64962,11550266207221,com.apple.WebKit.GPU,16565064,0.102007708
1,pgpad,5.083,settle,64963,11550266499347,com.apple.WebKit.Networking,5833232,0.030743458
1,pgpad,5.083,settle,64968,11550281400638,com.apple.audio.SandboxHelper,5489168,0.021491000
1,pgpad,5.338,settle,64964,11550266569160,com.apple.WebKit.WebContent,96404176,0.284574958
1,pgpad,5.338,settle,64961,11550261498238,pgpad-tauri,31474744,0.387830917
1,pgpad,5.338,settle,64962,11550266207221,com.apple.WebKit.GPU,16565064,0.102007708
1,pgpad,5.338,settle,64963,11550266499347,com.apple.WebKit.Networking,5833232,0.034365792
1,pgpad,5.338,settle,64968,11550281400638,com.apple.audio.SandboxHelper,5489168,0.021491000
1,pgpad,5.593,query,64964,11550266569160,com.apple.WebKit.WebContent,96404176,0.284574958
1,pgpad,5.593,query,64961,11550261498238,pgpad-tauri,31294520,0.388885708
1,pgpad,5.593,query,64962,11550266207221,com.apple.WebKit.GPU,16565064,0.102043167
1,pgpad,5.593,query,64963,11550266499347,com.apple.WebKit.Networking,5784080,0.034565583
1,pgpad,5.593,query,64968,11550281400638,com.apple.audio.SandboxHelper,5489168,0.021491000
1,pgpad,5.848,query,64964,11550266569160,com.apple.WebKit.WebContent,96404176,0.284662375
1,pgpad,5.848,query,64961,11550261498238,pgpad-tauri,31294520,0.388885708
1,pgpad,5.848,query,64962,11550266207221,com.apple.WebKit.GPU,16565064,0.102043167
1,pgpad,5.848,query,64963,11550266499347,com.apple.WebKit.Networking,5784080,0.034769167
1,pgpad,5.848,query,64968,11550281400638,com.apple.audio.SandboxHelper,5489168,0.021491000
1,pgpad,6.104,query,64964,11550266569160,com.apple.WebKit.WebContent,96355024,0.284924542
1,pgpad,6.104,query,64961,11550261498238,pgpad-tauri,31245368,0.389168333
1,pgpad,6.104,query,64962,11550266207221,com.apple.WebKit.GPU,16565064,0.102043167
1,pgpad,6.104,query,64963,11550266499347,com.apple.WebKit.Networking,5751312,0.035250292
1,pgpad,6.104,query,64968,11550281400638,com.apple.audio.SandboxHelper,5423632,0.021563042
1,pgpad,6.359,query,64964,11550266569160,com.apple.WebKit.WebContent,96355024,0.284924542
1,pgpad,6.359,query,64961,11550261498238,pgpad-tauri,31245368,0.389168333
1,pgpad,6.359,query,64962,11550266207221,com.apple.WebKit.GPU,16565064,0.102043167
1,pgpad,6.359,query,64963,11550266499347,com.apple.WebKit.Networking,5718544,0.035400167
1,pgpad,6.359,query,64968,11550281400638,com.apple.audio.SandboxHelper,5423632,0.021563042
1,pgpad,6.614,query,64964,11550266569160,com.apple.WebKit.WebContent,96305872,0.285058292
1,pgpad,6.614,query,64961,11550261498238,pgpad-tauri,31245368,0.389168333
1,pgpad,6.614,query,64962,11550266207221,com.apple.WebKit.GPU,16565064,0.102043167
1,pgpad,6.614,query,64963,11550266499347,com.apple.WebKit.Networking,5718544,0.035753042
1,pgpad,6.614,query,64968,11550281400638,com.apple.audio.SandboxHelper,5423632,0.021563042
1,pgpad,6.868,query,64964,11550266569160,com.apple.WebKit.WebContent,96305872,0.285124667
1,pgpad,6.868,query,64961,11550261498238,pgpad-tauri,31245368,0.389168333
1,pgpad,6.868,query,64962,11550266207221,com.apple.WebKit.GPU,16565064,0.102043167
1,pgpad,6.868,query,64963,11550266499347,com.apple.WebKit.Networking,5718544,0.035940000
1,pgpad,6.868,query,64968,11550281400638,com.apple.audio.SandboxHelper,5423632,0.021563042
1,pgpad,7.119,query,64964,11550266569160,com.apple.WebKit.WebContent,96305872,0.285124667
1,pgpad,7.119,query,64961,11550261498238,pgpad-tauri,31245368,0.389168333
1,pgpad,7.119,query,64962,11550266207221,com.apple.WebKit.GPU,16565064,0.102043167
1,pgpad,7.119,query,64963,11550266499347,com.apple.WebKit.Networking,5718544,0.035940000
1,pgpad,7.119,query,64968,11550281400638,com.apple.audio.SandboxHelper,5423632,0.021563042
1,pgpad,7.370,query,64964,11550266569160,com.apple.WebKit.WebContent,96305872,0.285124667
1,pgpad,7.370,query,64961,11550261498238,pgpad-tauri,31245368,0.389168333
1,pgpad,7.370,query,64962,11550266207221,com.apple.WebKit.GPU,16515912,0.102207292
1,pgpad,7.370,query,64963,11550266499347,com.apple.WebKit.Networking,5718544,0.035940000
1,pgpad,7.370,query,64968,11550281400638,com.apple.audio.SandboxHelper,5423632,0.021563042
1,pgpad,7.625,query,64964,11550266569160,com.apple.WebKit.WebContent,96305872,0.285124667
1,pgpad,7.625,query,64961,11550261498238,pgpad-tauri,31245368,0.389168333
1,pgpad,7.625,query,64962,11550266207221,com.apple.WebKit.GPU,16515912,0.102207292
1,pgpad,7.625,query,64963,11550266499347,com.apple.WebKit.Networking,5718544,0.035940000
1,pgpad,7.625,query,64968,11550281400638,com.apple.audio.SandboxHelper,5423632,0.021563042
1,pgpad,7.876,query,64964,11550266569160,com.apple.WebKit.WebContent,96305872,0.285124667
1,pgpad,7.876,query,64961,11550261498238,pgpad-tauri,31245368,0.389168333
1,pgpad,7.876,query,64962,11550266207221,com.apple.WebKit.GPU,16515912,0.102207292
1,pgpad,7.876,query,64963,11550266499347,com.apple.WebKit.Networking,5718544,0.035940000
1,pgpad,7.876,query,64968,11550281400638,com.apple.audio.SandboxHelper,5423632,0.021563042
1,pgpad,8.130,query,64964,11550266569160,com.apple.WebKit.WebContent,96305872,0.285124667
1,pgpad,8.130,query,64961,11550261498238,pgpad-tauri,31245368,0.389168333
1,pgpad,8.130,query,64962,11550266207221,com.apple.WebKit.GPU,16515912,0.102207292
1,pgpad,8.130,query,64963,11550266499347,com.apple.WebKit.Networking,5718544,0.035940000
1,pgpad,8.130,query,64968,11550281400638,com.apple.audio.SandboxHelper,5423632,0.021563042
1,pgpad,8.383,query,64964,11550266569160,com.apple.WebKit.WebContent,96305872,0.285124667
1,pgpad,8.383,query,64961,11550261498238,pgpad-tauri,31245368,0.389168333
1,pgpad,8.383,query,64962,11550266207221,com.apple.WebKit.GPU,16515912,0.102207292
1,pgpad,8.383,query,64963,11550266499347,com.apple.WebKit.Networking,5718544,0.035940000
1,pgpad,8.383,query,64968,11550281400638,com.apple.audio.SandboxHelper,5423632,0.021563042
1,pgpad,8.637,query,64964,11550266569160,com.apple.WebKit.WebContent,96305872,0.285124667
1,pgpad,8.637,query,64961,11550261498238,pgpad-tauri,31245368,0.389168333
1,pgpad,8.637,query,64962,11550266207221,com.apple.WebKit.GPU,16515912,0.102259875
1,pgpad,8.637,query,64963,11550266499347,com.apple.WebKit.Networking,5718544,0.035940000
1,pgpad,8.637,query,64968,11550281400638,com.apple.audio.SandboxHelper,5423632,0.021563042
1,pgpad,8.892,query,64964,11550266569160,com.apple.WebKit.WebContent,96223952,0.286226542
1,pgpad,8.892,query,64961,11550261498238,pgpad-tauri,31147064,0.395257167
1,pgpad,8.892,query,64962,11550266207221,com.apple.WebKit.GPU,16515912,0.102259875
1,pgpad,8.892,query,64963,11550266499347,com.apple.WebKit.Networking,5718544,0.035940000
1,pgpad,8.892,query,64968,11550281400638,com.apple.audio.SandboxHelper,5423632,0.021563042
1,pgpad,9.145,query,64964,11550266569160,com.apple.WebKit.WebContent,96305872,0.290866708
1,pgpad,9.145,query,64961,11550261498238,pgpad-tauri,31147064,0.399029417
1,pgpad,9.145,query,64962,11550266207221,com.apple.WebKit.GPU,16515912,0.102259875
1,pgpad,9.145,query,64963,11550266499347,com.apple.WebKit.Networking,5718544,0.035940000
1,pgpad,9.145,query,64968,11550281400638,com.apple.audio.SandboxHelper,5423632,0.021563042
1,pgpad,9.400,query,64964,11550266569160,com.apple.WebKit.WebContent,96305872,0.291298125
1,pgpad,9.400,query,64961,11550261498238,pgpad-tauri,31147064,0.399595792
1,pgpad,9.400,query,64962,11550266207221,com.apple.WebKit.GPU,16515912,0.102259875
1,pgpad,9.400,query,64963,11550266499347,com.apple.WebKit.Networking,5718544,0.035940000
1,pgpad,9.400,query,64968,11550281400638,com.apple.audio.SandboxHelper,5423632,0.021563042
1,pgpad,9.655,query,64964,11550266569160,com.apple.WebKit.WebContent,96305872,0.291802208
1,pgpad,9.655,query,64961,11550261498238,pgpad-tauri,31147064,0.399918000
1,pgpad,9.655,query,64962,11550266207221,com.apple.WebKit.GPU,16515912,0.102259875
1,pgpad,9.655,query,64963,11550266499347,com.apple.WebKit.Networking,5718544,0.035940000
1,pgpad,9.655,query,64968,11550281400638,com.apple.audio.SandboxHelper,5423632,0.021563042
1,pgpad,9.910,query,64964,11550266569160,com.apple.WebKit.WebContent,96305872,0.292004958
1,pgpad,9.910,query,64961,11550261498238,pgpad-tauri,31147064,0.400046167
1,pgpad,9.910,query,64962,11550266207221,com.apple.WebKit.GPU,16515912,0.102259875
1,pgpad,9.910,query,64963,11550266499347,com.apple.WebKit.Networking,5718544,0.035940000
1,pgpad,9.910,query,64968,11550281400638,com.apple.audio.SandboxHelper,5423632,0.021563042
1,pgpad,10.165,query,64964,11550266569160,com.apple.WebKit.WebContent,96305872,0.292528667
1,pgpad,10.165,query,64961,11550261498238,pgpad-tauri,31130680,0.400511333
1,pgpad,10.165,query,64962,11550266207221,com.apple.WebKit.GPU,16515912,0.102259875
1,pgpad,10.165,query,64963,11550266499347,com.apple.WebKit.Networking,5718544,0.035940000
1,pgpad,10.165,query,64968,11550281400638,com.apple.audio.SandboxHelper,5423632,0.021563042
1,pgpad,10.419,query,64964,11550266569160,com.apple.WebKit.WebContent,96305872,0.292650750
1,pgpad,10.419,query,64961,11550261498238,pgpad-tauri,31130680,0.400599833
1,pgpad,10.419,query,64962,11550266207221,com.apple.WebKit.GPU,16515912,0.102259875
1,pgpad,10.419,query,64963,11550266499347,com.apple.WebKit.Networking,5718544,0.035940000
1,pgpad,10.419,query,64968,11550281400638,com.apple.audio.SandboxHelper,5423632,0.021563042
1,pgpad,10.674,query,64964,11550266569160,com.apple.WebKit.WebContent,147604200,0.307050292
1,pgpad,10.674,query,64962,11550266207221,com.apple.WebKit.GPU,35767112,0.114651333
1,pgpad,10.674,query,64961,11550261498238,pgpad-tauri,31179832,0.406625083
1,pgpad,10.674,query,64963,11550266499347,com.apple.WebKit.Networking,5669392,0.037327917
1,pgpad,10.674,query,64968,11550281400638,com.apple.audio.SandboxHelper,5423632,0.021563042
1,pgpad,10.929,query,64964,11550266569160,com.apple.WebKit.WebContent,199672552,0.364539500
1,pgpad,10.929,query,64962,11550266207221,com.apple.WebKit.GPU,47448976,0.154645542
1,pgpad,10.929,query,64961,11550261498238,pgpad-tauri,31523920,0.433696000
1,pgpad,10.929,query,64963,11550266499347,com.apple.WebKit.Networking,5669392,0.037404125
1,pgpad,10.929,query,64968,11550281400638,com.apple.audio.SandboxHelper,5423632,0.021563042
1,pgpad,11.183,query,64964,11550266569160,com.apple.WebKit.WebContent,199623400,0.365885417
1,pgpad,11.183,query,64962,11550266207221,com.apple.WebKit.GPU,46465936,0.154926625
1,pgpad,11.183,query,64961,11550261498238,pgpad-tauri,31507536,0.434829333
1,pgpad,11.183,query,64963,11550266499347,com.apple.WebKit.Networking,5669392,0.037502917
1,pgpad,11.183,query,64968,11550281400638,com.apple.audio.SandboxHelper,5423632,0.021563042
1,pgpad,11.439,query,64964,11550266569160,com.apple.WebKit.WebContent,199607016,0.368027333
1,pgpad,11.439,query,64962,11550266207221,com.apple.WebKit.GPU,46465936,0.156377250
1,pgpad,11.439,query,64961,11550261498238,pgpad-tauri,31474768,0.436838417
1,pgpad,11.439,query,64963,11550266499347,com.apple.WebKit.Networking,5620240,0.037793583
1,pgpad,11.439,query,64968,11550281400638,com.apple.audio.SandboxHelper,5423632,0.021563042
1,pgpad,11.694,query,64964,11550266569160,com.apple.WebKit.WebContent,199475944,0.368982625
1,pgpad,11.694,query,64962,11550266207221,com.apple.WebKit.GPU,46465936,0.156683917
1,pgpad,11.694,query,64961,11550261498238,pgpad-tauri,31474768,0.437254625
1,pgpad,11.694,query,64963,11550266499347,com.apple.WebKit.Networking,5620240,0.038022792
1,pgpad,11.694,query,64968,11550281400638,com.apple.audio.SandboxHelper,5423632,0.021563042
1,pgpad,11.949,query,64964,11550266569160,com.apple.WebKit.WebContent,149209832,0.400470875
1,pgpad,11.949,query,64962,11550266207221,com.apple.WebKit.GPU,47317904,0.167683000
1,pgpad,11.949,query,64961,11550261498238,pgpad-tauri,31589456,0.451042542
1,pgpad,11.949,query,64963,11550266499347,com.apple.WebKit.Networking,5620240,0.038690333
1,pgpad,11.949,query,64968,11550281400638,com.apple.audio.SandboxHelper,5423632,0.021563042
1,pgpad,12.204,query,64964,11550266569160,com.apple.WebKit.WebContent,149209832,0.412068875
1,pgpad,12.204,query,64962,11550266207221,com.apple.WebKit.GPU,47285136,0.168223500
1,pgpad,12.204,query,64961,11550261498238,pgpad-tauri,31736912,0.464833042
1,pgpad,12.204,query,65020,11550549591689,com.apple.SafariPlatformSupport,9699928,0.108568208
1,pgpad,12.204,query,64963,11550266499347,com.apple.WebKit.Networking,5620240,0.038747333
1,pgpad,12.204,query,64968,11550281400638,com.apple.audio.SandboxHelper,5423632,0.021563042
1,pgpad,12.456,query,64964,11550266569160,com.apple.WebKit.WebContent,162136808,0.420772083
1,pgpad,12.456,query,64962,11550266207221,com.apple.WebKit.GPU,47334288,0.169857042
1,pgpad,12.456,query,64961,11550261498238,pgpad-tauri,32293968,0.480024583
1,pgpad,12.456,query,65020,11550549591689,com.apple.SafariPlatformSupport,9716312,0.110366250
1,pgpad,12.456,query,64963,11550266499347,com.apple.WebKit.Networking,5620240,0.038823208
1,pgpad,12.456,query,64968,11550281400638,com.apple.audio.SandboxHelper,5423632,0.021563042
1,pgpad,12.708,query,64964,11550266569160,com.apple.WebKit.WebContent,162136808,0.421982042
1,pgpad,12.708,query,64962,11550266207221,com.apple.WebKit.GPU,39846800,0.170723958
1,pgpad,12.708,query,64961,11550261498238,pgpad-tauri,32277584,0.480652917
1,pgpad,12.708,query,65020,11550549591689,com.apple.SafariPlatformSupport,9716312,0.110366250
1,pgpad,12.708,query,64963,11550266499347,com.apple.WebKit.Networking,5620240,0.038977375
1,pgpad,12.708,query,64968,11550281400638,com.apple.audio.SandboxHelper,5423632,0.021563042
1,pgpad,12.960,query,64964,11550266569160,com.apple.WebKit.WebContent,163005160,0.440813625
1,pgpad,12.960,query,64962,11550266207221,com.apple.WebKit.GPU,39912336,0.175711333
1,pgpad,12.960,query,64961,11550261498238,pgpad-tauri,32539728,0.497129167
1,pgpad,12.960,query,65020,11550549591689,com.apple.SafariPlatformSupport,9716312,0.110366250
1,pgpad,12.960,query,64963,11550266499347,com.apple.WebKit.Networking,5620240,0.039158833
1,pgpad,12.960,query,64968,11550281400638,com.apple.audio.SandboxHelper,5423632,0.021563042
1,pgpad,13.214,query,64964,11550266569160,com.apple.WebKit.WebContent,163005160,0.442207417
1,pgpad,13.214,query,64962,11550266207221,com.apple.WebKit.GPU,39912336,0.176572917
1,pgpad,13.214,query,64961,11550261498238,pgpad-tauri,32523344,0.498135583
1,pgpad,13.214,query,65020,11550549591689,com.apple.SafariPlatformSupport,9716312,0.110366250
1,pgpad,13.214,query,64963,11550266499347,com.apple.WebKit.Networking,5620240,0.039375750
1,pgpad,13.214,query,64968,11550281400638,com.apple.audio.SandboxHelper,5423632,0.021563042
1,pgpad,13.468,query,64964,11550266569160,com.apple.WebKit.WebContent,162054888,0.455527833
1,pgpad,13.468,query,64962,11550266207221,com.apple.WebKit.GPU,39895952,0.183324667
1,pgpad,13.468,query,64961,11550261498238,pgpad-tauri,32556112,0.505940875
1,pgpad,13.468,query,65020,11550549591689,com.apple.SafariPlatformSupport,9716312,0.110593250
1,pgpad,13.468,query,64963,11550266499347,com.apple.WebKit.Networking,5620240,0.039417625
1,pgpad,13.468,query,64968,11550281400638,com.apple.audio.SandboxHelper,5423632,0.021563042
1,pgpad,13.723,query,64964,11550266569160,com.apple.WebKit.WebContent,162136808,0.473968708
1,pgpad,13.723,query,64962,11550266207221,com.apple.WebKit.GPU,39781264,0.184772042
1,pgpad,13.723,query,64961,11550261498238,pgpad-tauri,32556112,0.512884625
1,pgpad,13.723,query,65020,11550549591689,com.apple.SafariPlatformSupport,9716312,0.110593250
1,pgpad,13.723,query,64963,11550266499347,com.apple.WebKit.Networking,5620240,0.039417625
1,pgpad,13.723,query,64968,11550281400638,com.apple.audio.SandboxHelper,5423632,0.021563042
1,pgpad,13.979,query,64964,11550266569160,com.apple.WebKit.WebContent,123831016,0.474964708
1,pgpad,13.979,query,64962,11550266207221,com.apple.WebKit.GPU,36619152,0.186000417
1,pgpad,13.979,query,64961,11550261498238,pgpad-tauri,32523344,0.513480500
1,pgpad,13.979,query,65020,11550549591689,com.apple.SafariPlatformSupport,9716312,0.110593250
1,pgpad,13.979,query,64963,11550266499347,com.apple.WebKit.Networking,5620240,0.039417625
1,pgpad,13.979,query,64968,11550281400638,com.apple.audio.SandboxHelper,5423632,0.021563042
1,pgpad,14.230,query,64964,11550266569160,com.apple.WebKit.WebContent,123880168,0.487302458
1,pgpad,14.230,query,64962,11550266207221,com.apple.WebKit.GPU,36619152,0.186803583
1,pgpad,14.230,query,64961,11550261498238,pgpad-tauri,32539728,0.518827208
1,pgpad,14.230,query,65020,11550549591689,com.apple.SafariPlatformSupport,9716312,0.110681167
1,pgpad,14.230,query,64963,11550266499347,com.apple.WebKit.Networking,5620240,0.039417625
1,pgpad,14.230,query,64968,11550281400638,com.apple.audio.SandboxHelper,5423632,0.021563042
1,pgpad,14.485,query,64964,11550266569160,com.apple.WebKit.WebContent,247218944,0.693478917
1,pgpad,14.485,query,64962,11550266207221,com.apple.WebKit.GPU,57000920,0.217683375
1,pgpad,14.485,query,64961,11550261498238,pgpad-tauri,34473040,0.554978333
1,pgpad,14.485,query,65020,11550549591689,com.apple.SafariPlatformSupport,9716312,0.110701458
1,pgpad,14.485,query,64963,11550266499347,com.apple.WebKit.Networking,5620240,0.039417625
1,pgpad,14.485,query,64968,11550281400638,com.apple.audio.SandboxHelper,5423632,0.021563042
1,pgpad,14.740,query,64964,11550266569160,com.apple.WebKit.WebContent,247022336,0.694682292
1,pgpad,14.740,query,64962,11550266207221,com.apple.WebKit.GPU,56984536,0.218146083
1,pgpad,14.740,query,64961,11550261498238,pgpad-tauri,34456656,0.555732708
1,pgpad,14.740,query,65020,11550549591689,com.apple.SafariPlatformSupport,9716312,0.110701458
1,pgpad,14.740,query,64963,11550266499347,com.apple.WebKit.Networking,5620240,0.039417625
1,pgpad,14.740,query,64968,11550281400638,com.apple.audio.SandboxHelper,5423632,0.021563042
1,pgpad,14.992,query,64964,11550266569160,com.apple.WebKit.WebContent,241419008,0.704433083
1,pgpad,14.992,query,64962,11550266207221,com.apple.WebKit.GPU,56951768,0.219058750
1,pgpad,14.992,query,64961,11550261498238,pgpad-tauri,34456656,0.559332917
1,pgpad,14.992,query,65020,11550549591689,com.apple.SafariPlatformSupport,9716312,0.110701458
1,pgpad,14.992,query,64963,11550266499347,com.apple.WebKit.Networking,5620240,0.039417625
1,pgpad,14.992,query,64968,11550281400638,com.apple.audio.SandboxHelper,5423632,0.021563042
1,pgpad,15.244,query,64964,11550266569160,com.apple.WebKit.WebContent,241173248,0.705629167
1,pgpad,15.244,query,64962,11550266207221,com.apple.WebKit.GPU,56951768,0.219505083
1,pgpad,15.244,query,64961,11550261498238,pgpad-tauri,34440272,0.559783208
1,pgpad,15.244,query,65020,11550549591689,com.apple.SafariPlatformSupport,9716312,0.110701458
1,pgpad,15.244,query,64963,11550266499347,com.apple.WebKit.Networking,5620240,0.039417625
1,pgpad,15.244,query,64968,11550281400638,com.apple.audio.SandboxHelper,5423632,0.021563042
1,pgpad,15.499,query,64964,11550266569160,com.apple.WebKit.WebContent,240354048,0.712395458
1,pgpad,15.499,query,64962,11550266207221,com.apple.WebKit.GPU,56869848,0.221404583
1,pgpad,15.499,query,64961,11550261498238,pgpad-tauri,34440272,0.562415667
1,pgpad,15.499,query,65020,11550549591689,com.apple.SafariPlatformSupport,9716312,0.110701458
1,pgpad,15.499,query,64963,11550266499347,com.apple.WebKit.Networking,5620240,0.039417625
1,pgpad,15.499,query,64968,11550281400638,com.apple.audio.SandboxHelper,5423632,0.021563042
1,pgpad,15.750,query,64964,11550266569160,com.apple.WebKit.WebContent,178389760,0.714282417
1,pgpad,15.750,query,64961,11550261498238,pgpad-tauri,34391120,0.563106083
1,pgpad,15.750,query,64962,11550266207221,com.apple.WebKit.GPU,23299032,0.222762292
1,pgpad,15.750,query,65020,11550549591689,com.apple.SafariPlatformSupport,9716312,0.110701458
1,pgpad,15.750,query,64963,11550266499347,com.apple.WebKit.Networking,5620240,0.039417625
1,pgpad,15.750,query,64968,11550281400638,com.apple.audio.SandboxHelper,5423632,0.021563042
1,pgpad,16.005,query,64964,11550266569160,com.apple.WebKit.WebContent,178389760,0.716920667
1,pgpad,16.005,query,64961,11550261498238,pgpad-tauri,34407504,0.564254458
1,pgpad,16.005,query,64962,11550266207221,com.apple.WebKit.GPU,23299032,0.223137458
1,pgpad,16.005,query,65020,11550549591689,com.apple.SafariPlatformSupport,9716312,0.110701458
1,pgpad,16.005,query,64963,11550266499347,com.apple.WebKit.Networking,5620240,0.039417625
1,pgpad,16.005,query,64968,11550281400638,com.apple.audio.SandboxHelper,5423632,0.021563042
1,pgpad,16.259,query,64964,11550266569160,com.apple.WebKit.WebContent,238273280,0.734171583
1,pgpad,16.259,query,64962,11550266207221,com.apple.WebKit.GPU,43287512,0.240743458
1,pgpad,16.259,query,64961,11550261498238,pgpad-tauri,34407504,0.569301000
1,pgpad,16.259,query,65020,11550549591689,com.apple.SafariPlatformSupport,9716312,0.110701458
1,pgpad,16.259,query,64963,11550266499347,com.apple.WebKit.Networking,5620240,0.039955167
1,pgpad,16.259,query,64968,11550281400638,com.apple.audio.SandboxHelper,5423632,0.021563042
1,pgpad,16.510,query,64964,11550266569160,com.apple.WebKit.WebContent,278053632,0.775139958
1,pgpad,16.510,query,64962,11550266207221,com.apple.WebKit.GPU,44418032,0.265987917
1,pgpad,16.510,query,64961,11550261498238,pgpad-tauri,34440272,0.578120000
1,pgpad,16.510,query,65020,11550549591689,com.apple.SafariPlatformSupport,9716312,0.110880042
1,pgpad,16.510,query,64963,11550266499347,com.apple.WebKit.Networking,5620240,0.040024333
1,pgpad,16.510,query,64968,11550281400638,com.apple.audio.SandboxHelper,5423632,0.021563042
1,pgpad,16.765,query,64964,11550266569160,com.apple.WebKit.WebContent,278135552,0.785431458
1,pgpad,16.765,query,64962,11550266207221,com.apple.WebKit.GPU,49234928,0.277431833
1,pgpad,16.765,query,64961,11550261498238,pgpad-tauri,34440272,0.582770000
1,pgpad,16.765,query,65020,11550549591689,com.apple.SafariPlatformSupport,9716312,0.110880042
1,pgpad,16.765,query,64963,11550266499347,com.apple.WebKit.Networking,5620240,0.040174917
1,pgpad,16.765,query,64968,11550281400638,com.apple.audio.SandboxHelper,5423632,0.021563042
1,pgpad,17.016,query,64964,11550266569160,com.apple.WebKit.WebContent,278758144,0.827230583
1,pgpad,17.016,query,64962,11550266207221,com.apple.WebKit.GPU,49480688,0.300171917
1,pgpad,17.016,query,64961,11550261498238,pgpad-tauri,34456656,0.591538000
1,pgpad,17.016,query,65020,11550549591689,com.apple.SafariPlatformSupport,9716312,0.110880042
1,pgpad,17.016,query,64963,11550266499347,com.apple.WebKit.Networking,5620240,0.040285250
1,pgpad,17.016,query,64968,11550281400638,com.apple.audio.SandboxHelper,5423632,0.021563042
1,pgpad,17.267,query,64964,11550266569160,com.apple.WebKit.WebContent,278840064,0.837201042
1,pgpad,17.267,query,64962,11550266207221,com.apple.WebKit.GPU,49480688,0.310441125
1,pgpad,17.267,query,64961,11550261498238,pgpad-tauri,34456656,0.595673333
1,pgpad,17.267,query,65020,11550549591689,com.apple.SafariPlatformSupport,9716312,0.111307125
1,pgpad,17.267,query,64963,11550266499347,com.apple.WebKit.Networking,5620240,0.040401625
1,pgpad,17.267,query,64968,11550281400638,com.apple.audio.SandboxHelper,5423632,0.021563042
1,pgpad,17.519,query,64964,11550266569160,com.apple.WebKit.WebContent,279511808,0.881079500
1,pgpad,17.519,query,64962,11550266207221,com.apple.WebKit.GPU,50086896,0.339434708
1,pgpad,17.519,query,64961,11550261498238,pgpad-tauri,34473040,0.604618208
1,pgpad,17.519,query,65020,11550549591689,com.apple.SafariPlatformSupport,9716336,0.111510250
1,pgpad,17.519,query,64963,11550266499347,com.apple.WebKit.Networking,5620240,0.040501125
1,pgpad,17.519,query,64968,11550281400638,com.apple.audio.SandboxHelper,5423632,0.021563042
1,pgpad,17.774,query,64964,11550266569160,com.apple.WebKit.WebContent,279511808,0.882562917
1,pgpad,17.774,query,64962,11550266207221,com.apple.WebKit.GPU,49464304,0.339769458
1,pgpad,17.774,query,64961,11550261498238,pgpad-tauri,34440272,0.605588292
1,pgpad,17.774,query,65020,11550549591689,com.apple.SafariPlatformSupport,9716336,0.111510250
1,pgpad,17.774,query,64963,11550266499347,com.apple.WebKit.Networking,5620240,0.040633333
1,pgpad,17.774,query,64968,11550281400638,com.apple.audio.SandboxHelper,5423632,0.021563042
1,pgpad,18.028,query,64964,11550266569160,com.apple.WebKit.WebContent,279544576,0.895132833
1,pgpad,18.028,query,64962,11550266207221,com.apple.WebKit.GPU,49529840,0.350891000
1,pgpad,18.028,query,64961,11550261498238,pgpad-tauri,34407504,0.612016167
1,pgpad,18.028,query,65020,11550549591689,com.apple.SafariPlatformSupport,9716336,0.111510250
1,pgpad,18.028,query,64963,11550266499347,com.apple.WebKit.Networking,5620240,0.040633333
1,pgpad,18.028,query,64968,11550281400638,com.apple.audio.SandboxHelper,5423632,0.021563042
1,pgpad,18.281,after-query,64964,11550266569160,com.apple.WebKit.WebContent,266142464,0.934271500
1,pgpad,18.281,after-query,64962,11550266207221,com.apple.WebKit.GPU,49497072,0.377107750
1,pgpad,18.281,after-query,64961,11550261498238,pgpad-tauri,34407504,0.619396333
1,pgpad,18.281,after-query,65020,11550549591689,com.apple.SafariPlatformSupport,9716336,0.111510250
1,pgpad,18.281,after-query,64963,11550266499347,com.apple.WebKit.Networking,5620240,0.040633333
1,pgpad,18.281,after-query,64968,11550281400638,com.apple.audio.SandboxHelper,5423632,0.021563042
1,pgpad,18.535,after-query,64964,11550266569160,com.apple.WebKit.WebContent,266142464,0.935778208
1,pgpad,18.535,after-query,64962,11550266207221,com.apple.WebKit.GPU,44876784,0.377837833
1,pgpad,18.535,after-query,64961,11550261498238,pgpad-tauri,34358352,0.620120208
1,pgpad,18.535,after-query,65020,11550549591689,com.apple.SafariPlatformSupport,9716336,0.111510250
1,pgpad,18.535,after-query,64963,11550266499347,com.apple.WebKit.Networking,5620240,0.040633333
1,pgpad,18.535,after-query,64968,11550281400638,com.apple.audio.SandboxHelper,5423632,0.021563042
1,pgpad,18.790,after-query,64964,11550266569160,com.apple.WebKit.WebContent,266109696,0.937914042
1,pgpad,18.790,after-query,64962,11550266207221,com.apple.WebKit.GPU,44876784,0.378395667
1,pgpad,18.790,after-query,64961,11550261498238,pgpad-tauri,34227280,0.622036125
1,pgpad,18.790,after-query,65020,11550549591689,com.apple.SafariPlatformSupport,9716336,0.111510250
1,pgpad,18.790,after-query,64963,11550266499347,com.apple.WebKit.Networking,5620240,0.040633333
1,pgpad,18.790,after-query,64968,11550281400638,com.apple.audio.SandboxHelper,5423632,0.021563042
1,pgpad,19.042,after-query,64964,11550266569160,com.apple.WebKit.WebContent,265782016,0.939023708
1,pgpad,19.042,after-query,64962,11550266207221,com.apple.WebKit.GPU,44876784,0.378738042
1,pgpad,19.042,after-query,64961,11550261498238,pgpad-tauri,34227280,0.622318542
1,pgpad,19.042,after-query,65020,11550549591689,com.apple.SafariPlatformSupport,9716336,0.111510250
1,pgpad,19.042,after-query,64963,11550266499347,com.apple.WebKit.Networking,5620240,0.040633333
1,pgpad,19.042,after-query,64968,11550281400638,com.apple.audio.SandboxHelper,5423632,0.021563042
1,pgpad,19.292,after-query,64964,11550266569160,com.apple.WebKit.WebContent,265765632,0.939907750
1,pgpad,19.292,after-query,64962,11550266207221,com.apple.WebKit.GPU,43303920,0.380518792
1,pgpad,19.292,after-query,64961,11550261498238,pgpad-tauri,34227280,0.622732917
1,pgpad,19.292,after-query,65020,11550549591689,com.apple.SafariPlatformSupport,9716336,0.111510250
1,pgpad,19.292,after-query,64963,11550266499347,com.apple.WebKit.Networking,5620240,0.040633333
1,pgpad,19.292,after-query,64968,11550281400638,com.apple.audio.SandboxHelper,5423632,0.021563042
1,pgpad,19.543,after-query,64964,11550266569160,com.apple.WebKit.WebContent,180306688,0.940178917
1,pgpad,19.543,after-query,64961,11550261498238,pgpad-tauri,34178128,0.623008375
1,pgpad,19.543,after-query,64962,11550266207221,com.apple.WebKit.GPU,21070832,0.382753208
1,pgpad,19.543,after-query,65020,11550549591689,com.apple.SafariPlatformSupport,9716336,0.111510250
1,pgpad,19.543,after-query,64963,11550266499347,com.apple.WebKit.Networking,5620240,0.040633333
1,pgpad,19.543,after-query,64968,11550281400638,com.apple.audio.SandboxHelper,5423632,0.021563042
1,pgpad,19.797,after-query,64964,11550266569160,com.apple.WebKit.WebContent,180290304,0.940564542
1,pgpad,19.797,after-query,64961,11550261498238,pgpad-tauri,34178128,0.623080667
1,pgpad,19.797,after-query,64962,11550266207221,com.apple.WebKit.GPU,21070832,0.383028083
1,pgpad,19.797,after-query,65020,11550549591689,com.apple.SafariPlatformSupport,9716336,0.111510250
1,pgpad,19.797,after-query,64963,11550266499347,com.apple.WebKit.Networking,5620240,0.040633333
1,pgpad,19.797,after-query,64968,11550281400638,com.apple.audio.SandboxHelper,5423632,0.021563042
1,pgpad,20.052,after-query,64964,11550266569160,com.apple.WebKit.WebContent,180273920,0.941135375
1,pgpad,20.052,after-query,64961,11550261498238,pgpad-tauri,34178128,0.623080667
1,pgpad,20.052,after-query,64962,11550266207221,com.apple.WebKit.GPU,21070832,0.383181500
1,pgpad,20.052,after-query,65020,11550549591689,com.apple.SafariPlatformSupport,9716336,0.111510250
1,pgpad,20.052,after-query,64963,11550266499347,com.apple.WebKit.Networking,5620240,0.040633333
1,pgpad,20.052,after-query,64968,11550281400638,com.apple.audio.SandboxHelper,5423632,0.021563042
1,pgpad,20.307,after-query,64964,11550266569160,com.apple.WebKit.WebContent,180241152,0.941135375
1,pgpad,20.307,after-query,64961,11550261498238,pgpad-tauri,34178128,0.623148375
1,pgpad,20.307,after-query,64962,11550266207221,com.apple.WebKit.GPU,21070832,0.383507000
1,pgpad,20.307,after-query,65020,11550549591689,com.apple.SafariPlatformSupport,9716336,0.111510250
1,pgpad,20.307,after-query,64963,11550266499347,com.apple.WebKit.Networking,5620240,0.040633333
1,pgpad,20.307,after-query,64968,11550281400638,com.apple.audio.SandboxHelper,5423632,0.021563042
1,pgpad,20.562,after-query,64964,11550266569160,com.apple.WebKit.WebContent,180241152,0.941135375
1,pgpad,20.562,after-query,64961,11550261498238,pgpad-tauri,34178128,0.623148375
1,pgpad,20.562,after-query,64962,11550266207221,com.apple.WebKit.GPU,21005296,0.383937500
1,pgpad,20.562,after-query,65020,11550549591689,com.apple.SafariPlatformSupport,9716336,0.111510250
1,pgpad,20.562,after-query,64963,11550266499347,com.apple.WebKit.Networking,5620240,0.040633333
1,pgpad,20.562,after-query,64968,11550281400638,com.apple.audio.SandboxHelper,5423632,0.021563042
1,pgpad,20.816,after-query,64964,11550266569160,com.apple.WebKit.WebContent,180241152,0.941241208
1,pgpad,20.816,after-query,64961,11550261498238,pgpad-tauri,34161744,0.623385333
1,pgpad,20.816,after-query,64962,11550266207221,com.apple.WebKit.GPU,21005296,0.384024542
1,pgpad,20.816,after-query,65020,11550549591689,com.apple.SafariPlatformSupport,9716336,0.111510250
1,pgpad,20.816,after-query,64963,11550266499347,com.apple.WebKit.Networking,5620240,0.040633333
1,pgpad,20.816,after-query,64968,11550281400638,com.apple.audio.SandboxHelper,5423632,0.021563042
1,pgpad,21.069,after-query,64964,11550266569160,com.apple.WebKit.WebContent,180290304,0.944617208
1,pgpad,21.069,after-query,64961,11550261498238,pgpad-tauri,34161744,0.625867417
1,pgpad,21.069,after-query,64962,11550266207221,com.apple.WebKit.GPU,21005296,0.384024542
1,pgpad,21.069,after-query,65020,11550549591689,com.apple.SafariPlatformSupport,9716336,0.111510250
1,pgpad,21.069,after-query,64963,11550266499347,com.apple.WebKit.Networking,5620240,0.040633333
1,pgpad,21.069,after-query,64968,11550281400638,com.apple.audio.SandboxHelper,5423632,0.021563042
1,pgpad,21.324,after-query,64964,11550266569160,com.apple.WebKit.WebContent,180290304,0.945044708
1,pgpad,21.324,after-query,64961,11550261498238,pgpad-tauri,34161744,0.626076958
1,pgpad,21.324,after-query,64962,11550266207221,com.apple.WebKit.GPU,21005296,0.384024542
1,pgpad,21.324,after-query,65020,11550549591689,com.apple.SafariPlatformSupport,9716336,0.111510250
1,pgpad,21.324,after-query,64963,11550266499347,com.apple.WebKit.Networking,5620240,0.040633333
1,pgpad,21.324,after-query,64968,11550281400638,com.apple.audio.SandboxHelper,5423632,0.021563042
1,pgpad,21.579,after-query,64964,11550266569160,com.apple.WebKit.WebContent,180290304,0.945325875
1,pgpad,21.579,after-query,64961,11550261498238,pgpad-tauri,34161744,0.626257417
1,pgpad,21.579,after-query,64962,11550266207221,com.apple.WebKit.GPU,21005296,0.384024542
1,pgpad,21.579,after-query,65020,11550549591689,com.apple.SafariPlatformSupport,9716336,0.111510250
1,pgpad,21.579,after-query,64963,11550266499347,com.apple.WebKit.Networking,5620240,0.040633333
1,pgpad,21.579,after-query,64968,11550281400638,com.apple.audio.SandboxHelper,5423632,0.021563042
1,pgpad,21.834,after-query,64964,11550266569160,com.apple.WebKit.WebContent,180290304,0.946104458
1,pgpad,21.834,after-query,64961,11550261498238,pgpad-tauri,34161744,0.626498875
1,pgpad,21.834,after-query,64962,11550266207221,com.apple.WebKit.GPU,21005296,0.384024542
1,pgpad,21.834,after-query,65020,11550549591689,com.apple.SafariPlatformSupport,9683568,0.111860333
1,pgpad,21.834,after-query,64963,11550266499347,com.apple.WebKit.Networking,5603856,0.040783000
1,pgpad,21.834,after-query,64968,11550281400638,com.apple.audio.SandboxHelper,5423632,0.021563042
1,pgpad,22.085,after-query,64964,11550266569160,com.apple.WebKit.WebContent,180290304,0.946352833
1,pgpad,22.085,after-query,64961,11550261498238,pgpad-tauri,34161744,0.626848750
1,pgpad,22.085,after-query,64962,11550266207221,com.apple.WebKit.GPU,21005296,0.384024542
1,pgpad,22.085,after-query,65020,11550549591689,com.apple.SafariPlatformSupport,9683568,0.111860333
1,pgpad,22.085,after-query,64963,11550266499347,com.apple.WebKit.Networking,5603856,0.040783000
1,pgpad,22.085,after-query,64968,11550281400638,com.apple.audio.SandboxHelper,5423632,0.021563042
1,pgpad,22.340,after-query,64964,11550266569160,com.apple.WebKit.WebContent,180273920,0.946812542
1,pgpad,22.340,after-query,64961,11550261498238,pgpad-tauri,34161744,0.627172833
1,pgpad,22.340,after-query,64962,11550266207221,com.apple.WebKit.GPU,21005296,0.384024542
1,pgpad,22.340,after-query,65020,11550549591689,com.apple.SafariPlatformSupport,9683568,0.111860333
1,pgpad,22.340,after-query,64963,11550266499347,com.apple.WebKit.Networking,5603856,0.040783000
1,pgpad,22.340,after-query,64968,11550281400638,com.apple.audio.SandboxHelper,5423632,0.021563042
1,pgpad,22.595,after-query,64964,11550266569160,com.apple.WebKit.WebContent,180273920,0.946812542
1,pgpad,22.595,after-query,64961,11550261498238,pgpad-tauri,34161744,0.627321792
1,pgpad,22.595,after-query,64962,11550266207221,com.apple.WebKit.GPU,21005296,0.384024542
1,pgpad,22.595,after-query,65020,11550549591689,com.apple.SafariPlatformSupport,9683568,0.111860333
1,pgpad,22.595,after-query,64963,11550266499347,com.apple.WebKit.Networking,5603856,0.040783000
1,pgpad,22.595,after-query,64968,11550281400638,com.apple.audio.SandboxHelper,5423632,0.021563042
1,pgpad,22.849,after-query,64964,11550266569160,com.apple.WebKit.WebContent,180192000,0.947249667
1,pgpad,22.849,after-query,64961,11550261498238,pgpad-tauri,34161744,0.627321792
1,pgpad,22.849,after-query,64962,11550266207221,com.apple.WebKit.GPU,21005296,0.384024542
1,pgpad,22.849,after-query,65020,11550549591689,com.apple.SafariPlatformSupport,9683568,0.111860333
1,pgpad,22.849,after-query,64963,11550266499347,com.apple.WebKit.Networking,5603856,0.040783000
1,pgpad,22.849,after-query,64968,11550281400638,com.apple.audio.SandboxHelper,5423632,0.021563042
1,pgpad,23.104,after-query,64964,11550266569160,com.apple.WebKit.WebContent,180192000,0.947249667
1,pgpad,23.104,after-query,64961,11550261498238,pgpad-tauri,34161744,0.627321792
1,pgpad,23.104,after-query,64962,11550266207221,com.apple.WebKit.GPU,21005296,0.384024542
1,pgpad,23.104,after-query,65020,11550549591689,com.apple.SafariPlatformSupport,9683568,0.111860333
1,pgpad,23.104,after-query,64963,11550266499347,com.apple.WebKit.Networking,5603856,0.040783000
1,pgpad,23.104,after-query,64968,11550281400638,com.apple.audio.SandboxHelper,5423632,0.021563042
1,pgpad,23.359,after-query,64964,11550266569160,com.apple.WebKit.WebContent,180142848,0.947469708
1,pgpad,23.359,after-query,64961,11550261498238,pgpad-tauri,34112592,0.627663042
1,pgpad,23.359,after-query,64962,11550266207221,com.apple.WebKit.GPU,20874224,0.384202292
1,pgpad,23.359,after-query,65020,11550549591689,com.apple.SafariPlatformSupport,9683568,0.111860333
1,pgpad,23.359,after-query,64963,11550266499347,com.apple.WebKit.Networking,5603856,0.040783000
1,pgpad,23.359,after-query,64968,11550281400638,com.apple.audio.SandboxHelper,5423632,0.021563042
1,pgpad,23.610,after-query,64964,11550266569160,com.apple.WebKit.WebContent,180142848,0.947469708
1,pgpad,23.610,after-query,64961,11550261498238,pgpad-tauri,34112592,0.627663042
1,pgpad,23.610,after-query,64962,11550266207221,com.apple.WebKit.GPU,20874224,0.384256792
1,pgpad,23.610,after-query,65020,11550549591689,com.apple.SafariPlatformSupport,9683568,0.111860333
1,pgpad,23.610,after-query,64963,11550266499347,com.apple.WebKit.Networking,5603856,0.040783000
1,pgpad,23.610,after-query,64968,11550281400638,com.apple.audio.SandboxHelper,5423632,0.021563042
1,dbeaver,0.254,launch,65085,11550949024749,dbeaver,22676368,0.126195500
1,dbeaver,0.510,launch,65085,11550949024749,dbeaver,68912088,0.594405833
1,dbeaver,0.765,launch,65085,11550949024749,dbeaver,114951200,1.172998000
1,dbeaver,1.017,launch,65085,11550949024749,dbeaver,139559992,1.702986500
1,dbeaver,1.272,launch,65085,11550949024749,dbeaver,160302160,2.360600875
1,dbeaver,1.528,launch,65085,11550949024749,dbeaver,181781872,2.971996750
1,dbeaver,1.779,launch,65085,11550949024749,dbeaver,216237496,3.697362292
1,dbeaver,2.034,launch,65085,11550949024749,dbeaver,250054096,4.231645500
1,dbeaver,2.289,launch,65085,11550949024749,dbeaver,263718352,4.907714958
1,dbeaver,2.540,launch,65085,11550949024749,dbeaver,277104080,5.733874250
1,dbeaver,2.793,launch,65085,11550949024749,dbeaver,296699368,6.692656333
1,dbeaver,3.048,launch,65085,11550949024749,dbeaver,314492416,7.442966250
1,dbeaver,3.303,launch,65085,11550949024749,dbeaver,320915112,8.108602417
1,dbeaver,3.559,launch,65085,11550949024749,dbeaver,519243816,8.764301750
1,dbeaver,3.811,settle,65085,11550949024749,dbeaver,806209624,9.282228000
1,dbeaver,3.811,settle,65101,11551034573595,com.apple.SafariPlatformSupport,9257584,0.108788125
1,dbeaver,4.066,settle,65085,11550949024749,dbeaver,872007768,10.043418125
1,dbeaver,4.066,settle,65101,11551034573595,com.apple.SafariPlatformSupport,9863792,0.121417875
1,dbeaver,4.321,settle,65085,11550949024749,dbeaver,935872600,10.431216750
1,dbeaver,4.321,settle,65101,11551034573595,com.apple.SafariPlatformSupport,9863792,0.121417875
1,dbeaver,4.576,settle,65085,11550949024749,dbeaver,999770200,11.225897500
1,dbeaver,4.576,settle,65101,11551034573595,com.apple.SafariPlatformSupport,9863792,0.121417875
1,dbeaver,4.831,settle,65085,11550949024749,dbeaver,995510360,11.286804833
1,dbeaver,4.831,settle,65101,11551034573595,com.apple.SafariPlatformSupport,9863792,0.121530833
1,dbeaver,5.082,settle,65085,11550949024749,dbeaver,915195992,11.333965667
1,dbeaver,5.082,settle,65101,11551034573595,com.apple.SafariPlatformSupport,9863792,0.121530833
1,dbeaver,5.335,settle,65085,11550949024749,dbeaver,805324888,11.371101083
1,dbeaver,5.335,settle,65101,11551034573595,com.apple.SafariPlatformSupport,9863792,0.121530833
1,dbeaver,5.590,settle,65085,11550949024749,dbeaver,765347928,11.376504417
1,dbeaver,5.590,settle,65101,11551034573595,com.apple.SafariPlatformSupport,9863792,0.121530833
1,dbeaver,5.846,settle,65085,11550949024749,dbeaver,706332760,11.388145375
1,dbeaver,5.846,settle,65101,11551034573595,com.apple.SafariPlatformSupport,9863792,0.121687833
1,dbeaver,6.101,settle,65085,11550949024749,dbeaver,699926616,11.395513333
1,dbeaver,6.101,settle,65101,11551034573595,com.apple.SafariPlatformSupport,9863792,0.121740833
1,dbeaver,6.354,settle,65085,11550949024749,dbeaver,699926616,11.418440292
1,dbeaver,6.354,settle,65101,11551034573595,com.apple.SafariPlatformSupport,9863792,0.121740833
1,dbeaver,6.609,settle,65085,11550949024749,dbeaver,699926616,11.427908958
1,dbeaver,6.609,settle,65101,11551034573595,com.apple.SafariPlatformSupport,9863792,0.121740833
1,dbeaver,6.864,settle,65085,11550949024749,dbeaver,699926616,11.436743000
1,dbeaver,6.864,settle,65101,11551034573595,com.apple.SafariPlatformSupport,9863792,0.121740833
1,dbeaver,7.119,settle,65085,11550949024749,dbeaver,699959384,11.449336542
1,dbeaver,7.119,settle,65101,11551034573595,com.apple.SafariPlatformSupport,9863792,0.121740833
1,dbeaver,7.375,settle,65085,11550949024749,dbeaver,699959384,11.459793000
1,dbeaver,7.375,settle,65101,11551034573595,com.apple.SafariPlatformSupport,9863792,0.121740833
1,dbeaver,7.630,settle,65085,11550949024749,dbeaver,699975768,11.474256833
1,dbeaver,7.630,settle,65101,11551034573595,com.apple.SafariPlatformSupport,9863792,0.121740833
1,dbeaver,7.885,settle,65085,11550949024749,dbeaver,700090456,11.497608375
1,dbeaver,7.885,settle,65101,11551034573595,com.apple.SafariPlatformSupport,9863792,0.121876292
1,dbeaver,8.136,settle,65085,11550949024749,dbeaver,700090456,11.510210833
1,dbeaver,8.136,settle,65101,11551034573595,com.apple.SafariPlatformSupport,10273392,0.121876292
1,dbeaver,8.391,settle,65085,11550949024749,dbeaver,700041304,11.519427917
1,dbeaver,8.391,settle,65101,11551034573595,com.apple.SafariPlatformSupport,10273392,0.121876292
1,dbeaver,8.641,settle,65085,11550949024749,dbeaver,699893848,11.535046750
1,dbeaver,8.641,settle,65101,11551034573595,com.apple.SafariPlatformSupport,11502192,0.121876292
1,dbeaver,8.897,query,65085,11550949024749,dbeaver,699844696,11.540117583
1,dbeaver,8.897,query,65101,11551034573595,com.apple.SafariPlatformSupport,11534960,0.122292583
1,dbeaver,9.152,query,65085,11550949024749,dbeaver,699730008,11.555035458
1,dbeaver,9.152,query,65101,11551034573595,com.apple.SafariPlatformSupport,11534960,0.122292583
1,dbeaver,9.403,query,65085,11550949024749,dbeaver,699762776,11.575188958
1,dbeaver,9.403,query,65101,11551034573595,com.apple.SafariPlatformSupport,11518576,0.122523792
1,dbeaver,9.658,query,65085,11550949024749,dbeaver,699762776,11.582211625
1,dbeaver,9.658,query,65101,11551034573595,com.apple.SafariPlatformSupport,11518576,0.122523792
1,dbeaver,9.913,query,65085,11550949024749,dbeaver,699762776,11.590967458
1,dbeaver,9.913,query,65101,11551034573595,com.apple.SafariPlatformSupport,11518576,0.122523792
1,dbeaver,10.163,query,65085,11550949024749,dbeaver,699762776,11.596368875
1,dbeaver,10.163,query,65101,11551034573595,com.apple.SafariPlatformSupport,11518576,0.122523792
1,dbeaver,10.418,query,65085,11550949024749,dbeaver,699762776,11.606928750
1,dbeaver,10.418,query,65101,11551034573595,com.apple.SafariPlatformSupport,11518576,0.122523792
1,dbeaver,10.674,query,65085,11550949024749,dbeaver,699762776,11.613979250
1,dbeaver,10.674,query,65101,11551034573595,com.apple.SafariPlatformSupport,11518576,0.122523792
1,dbeaver,10.929,query,65085,11550949024749,dbeaver,699762776,11.627975917
1,dbeaver,10.929,query,65101,11551034573595,com.apple.SafariPlatformSupport,11518576,0.122523792
1,dbeaver,11.184,query,65085,11550949024749,dbeaver,699762776,11.632515083
1,dbeaver,11.184,query,65101,11551034573595,com.apple.SafariPlatformSupport,11518576,0.122523792
1,dbeaver,11.439,query,65085,11550949024749,dbeaver,699762776,11.649112417
1,dbeaver,11.439,query,65101,11551034573595,com.apple.SafariPlatformSupport,11518576,0.122523792
1,dbeaver,11.695,query,65085,11550949024749,dbeaver,699795544,11.660364375
1,dbeaver,11.695,query,65101,11551034573595,com.apple.SafariPlatformSupport,11518576,0.122523792
1,dbeaver,11.950,query,65085,11550949024749,dbeaver,699795544,11.673871708
1,dbeaver,11.950,query,65101,11551034573595,com.apple.SafariPlatformSupport,11518576,0.122523792
1,dbeaver,12.201,query,65085,11550949024749,dbeaver,699828312,11.680837000
1,dbeaver,12.201,query,65101,11551034573595,com.apple.SafariPlatformSupport,11518576,0.122523792
1,dbeaver,12.456,query,65085,11550949024749,dbeaver,699828312,11.690866167
1,dbeaver,12.456,query,65101,11551034573595,com.apple.SafariPlatformSupport,11518576,0.122523792
1,dbeaver,12.711,query,65085,11550949024749,dbeaver,699844696,11.702969458
1,dbeaver,12.711,query,65101,11551034573595,com.apple.SafariPlatformSupport,11518576,0.122523792
1,dbeaver,12.966,query,65085,11550949024749,dbeaver,699844696,11.709854792
1,dbeaver,12.966,query,65101,11551034573595,com.apple.SafariPlatformSupport,11518576,0.122523792
1,dbeaver,13.221,query,65085,11550949024749,dbeaver,699844696,11.718059667
1,dbeaver,13.221,query,65101,11551034573595,com.apple.SafariPlatformSupport,11518576,0.122523792
1,dbeaver,13.476,query,65085,11550949024749,dbeaver,699844696,11.726082125
1,dbeaver,13.476,query,65101,11551034573595,com.apple.SafariPlatformSupport,11518576,0.122523792
1,dbeaver,13.730,query,65085,11550949024749,dbeaver,699828288,11.738662208
1,dbeaver,13.730,query,65101,11551034573595,com.apple.SafariPlatformSupport,11518576,0.122523792
1,dbeaver,13.985,query,65085,11550949024749,dbeaver,699926592,11.763424125
1,dbeaver,13.985,query,65101,11551034573595,com.apple.SafariPlatformSupport,11469424,0.122670625
1,dbeaver,14.239,query,65085,11550949024749,dbeaver,738773056,11.828548792
1,dbeaver,14.239,query,65101,11551034573595,com.apple.SafariPlatformSupport,11469424,0.122670625
1,dbeaver,14.494,query,65085,11550949024749,dbeaver,738723904,11.850983542
1,dbeaver,14.494,query,65101,11551034573595,com.apple.SafariPlatformSupport,11387504,0.122905292
1,dbeaver,14.749,query,65085,11550949024749,dbeaver,780257344,11.953999083
1,dbeaver,14.749,query,65101,11551034573595,com.apple.SafariPlatformSupport,11387504,0.122905292
1,dbeaver,15.004,query,65085,11550949024749,dbeaver,781043776,12.072484667
1,dbeaver,15.004,query,65101,11551034573595,com.apple.SafariPlatformSupport,11387504,0.122905292
1,dbeaver,15.260,query,65085,11550949024749,dbeaver,740902976,12.098586917
1,dbeaver,15.260,query,65101,11551034573595,com.apple.SafariPlatformSupport,11387504,0.122905292
1,dbeaver,15.511,query,65085,11550949024749,dbeaver,741066816,12.129156417
1,dbeaver,15.511,query,65101,11551034573595,com.apple.SafariPlatformSupport,11387504,0.122905292
1,dbeaver,15.766,query,65085,11550949024749,dbeaver,741197888,12.160254458
1,dbeaver,15.766,query,65101,11551034573595,com.apple.SafariPlatformSupport,11387504,0.122905292
1,dbeaver,16.019,query,65085,11550949024749,dbeaver,700139584,12.176666083
1,dbeaver,16.019,query,65101,11551034573595,com.apple.SafariPlatformSupport,11387504,0.122905292
1,dbeaver,16.274,query,65085,11550949024749,dbeaver,700139584,12.186928167
1,dbeaver,16.274,query,65101,11551034573595,com.apple.SafariPlatformSupport,11387504,0.122905292
1,dbeaver,16.530,query,65085,11550949024749,dbeaver,786384960,12.355952125
1,dbeaver,16.530,query,65101,11551034573595,com.apple.SafariPlatformSupport,11387504,0.122905292
1,dbeaver,16.785,query,65085,11550949024749,dbeaver,843696216,13.099218208
1,dbeaver,16.785,query,65101,11551034573595,com.apple.SafariPlatformSupport,11387504,0.122905292
1,dbeaver,17.040,query,65085,11550949024749,dbeaver,857868400,13.765788250
1,dbeaver,17.040,query,65101,11551034573595,com.apple.SafariPlatformSupport,11387504,0.122905292
1,dbeaver,17.294,query,65085,11550949024749,dbeaver,900794480,13.993264125
1,dbeaver,17.294,query,65101,11551034573595,com.apple.SafariPlatformSupport,11387504,0.122905292
1,dbeaver,17.549,query,65085,11550949024749,dbeaver,900024432,14.123553750
1,dbeaver,17.549,query,65101,11551034573595,com.apple.SafariPlatformSupport,11387504,0.122905292
1,dbeaver,17.804,query,65085,11550949024749,dbeaver,856950896,14.142014875
1,dbeaver,17.804,query,65101,11551034573595,com.apple.SafariPlatformSupport,11387504,0.122905292
1,dbeaver,18.060,query,65085,11550949024749,dbeaver,856967280,14.166518750
1,dbeaver,18.060,query,65101,11551034573595,com.apple.SafariPlatformSupport,11387504,0.122905292
1,dbeaver,18.315,query,65085,11550949024749,dbeaver,868698248,14.291194875
1,dbeaver,18.315,query,65101,11551034573595,com.apple.SafariPlatformSupport,11387504,0.122905292
1,dbeaver,18.565,query,65085,11550949024749,dbeaver,723896456,14.359550000
1,dbeaver,18.565,query,65101,11551034573595,com.apple.SafariPlatformSupport,11387504,0.122905292
1,dbeaver,18.817,query,65085,11550949024749,dbeaver,724174984,14.486337375
1,dbeaver,18.817,query,65101,11551034573595,com.apple.SafariPlatformSupport,11387504,0.122905292
1,dbeaver,19.072,query,65085,11550949024749,dbeaver,718899336,14.565409583
1,dbeaver,19.072,query,65101,11551034573595,com.apple.SafariPlatformSupport,11387504,0.122905292
1,dbeaver,19.324,query,65085,11550949024749,dbeaver,730220680,14.654076833
1,dbeaver,19.324,query,65101,11551034573595,com.apple.SafariPlatformSupport,11387504,0.122905292
1,dbeaver,19.579,query,65085,11550949024749,dbeaver,730269832,14.735032625
1,dbeaver,19.579,query,65101,11551034573595,com.apple.SafariPlatformSupport,11387504,0.122905292
1,dbeaver,19.835,query,65085,11550949024749,dbeaver,730663048,14.921034083
1,dbeaver,19.835,query,65101,11551034573595,com.apple.SafariPlatformSupport,11387504,0.122905292
1,dbeaver,20.090,query,65085,11550949024749,dbeaver,730859656,15.049066000
1,dbeaver,20.090,query,65101,11551034573595,com.apple.SafariPlatformSupport,11387504,0.122905292
1,dbeaver,20.345,query,65085,11550949024749,dbeaver,730957960,15.191364917
1,dbeaver,20.345,query,65101,11551034573595,com.apple.SafariPlatformSupport,11387504,0.122905292
1,dbeaver,20.596,query,65085,11550949024749,dbeaver,717572232,15.233312875
1,dbeaver,20.596,query,65101,11551034573595,com.apple.SafariPlatformSupport,11387504,0.122905292
1,dbeaver,20.851,query,65085,11550949024749,dbeaver,717621384,15.328912958
1,dbeaver,20.851,query,65101,11551034573595,com.apple.SafariPlatformSupport,11387504,0.122905292
1,dbeaver,21.106,query,65085,11550949024749,dbeaver,837634184,15.534446000
1,dbeaver,21.106,query,65101,11551034573595,com.apple.SafariPlatformSupport,11387504,0.122905292
1,dbeaver,21.356,query,65085,11550949024749,dbeaver,835586184,15.609654250
1,dbeaver,21.356,query,65101,11551034573595,com.apple.SafariPlatformSupport,11387504,0.122905292
1,dbeaver,21.608,query,65085,11550949024749,dbeaver,831408264,15.669852458
1,dbeaver,21.608,query,65101,11551034573595,com.apple.SafariPlatformSupport,11387504,0.122905292
1,dbeaver,21.863,query,65085,11550949024749,dbeaver,831506568,15.744390000
1,dbeaver,21.863,query,65101,11551034573595,com.apple.SafariPlatformSupport,11387504,0.122905292
1,dbeaver,22.118,query,65085,11550949024749,dbeaver,722733192,15.803867708
1,dbeaver,22.118,query,65101,11551034573595,com.apple.SafariPlatformSupport,11387504,0.122905292
1,dbeaver,22.374,query,65085,11550949024749,dbeaver,722782344,15.831324667
1,dbeaver,22.374,query,65101,11551034573595,com.apple.SafariPlatformSupport,11387504,0.122905292
1,dbeaver,22.624,after-query,65085,11550949024749,dbeaver,722782344,15.838959125
1,dbeaver,22.624,after-query,65101,11551034573595,com.apple.SafariPlatformSupport,11387504,0.122905292
1,dbeaver,22.879,after-query,65085,11550949024749,dbeaver,720308360,15.857725333
1,dbeaver,22.879,after-query,65101,11551034573595,com.apple.SafariPlatformSupport,11387504,0.122905292
1,dbeaver,23.135,after-query,65085,11550949024749,dbeaver,720308360,15.865464292
1,dbeaver,23.135,after-query,65101,11551034573595,com.apple.SafariPlatformSupport,11387504,0.122905292
1,dbeaver,23.390,after-query,65085,11550949024749,dbeaver,709036168,15.885397417
1,dbeaver,23.390,after-query,65101,11551034573595,com.apple.SafariPlatformSupport,11387504,0.122905292
1,dbeaver,23.645,after-query,65085,11550949024749,dbeaver,709036168,15.891467875
1,dbeaver,23.645,after-query,65101,11551034573595,com.apple.SafariPlatformSupport,11387504,0.122905292
1,dbeaver,23.900,after-query,65085,11550949024749,dbeaver,708937864,15.903845000
1,dbeaver,23.900,after-query,65101,11551034573595,com.apple.SafariPlatformSupport,11387504,0.122905292
1,dbeaver,24.151,after-query,65085,11550949024749,dbeaver,708937864,15.910722500
1,dbeaver,24.151,after-query,65101,11551034573595,com.apple.SafariPlatformSupport,11387504,0.122905292
1,dbeaver,24.406,after-query,65085,11550949024749,dbeaver,708937864,15.922267958
1,dbeaver,24.406,after-query,65101,11551034573595,com.apple.SafariPlatformSupport,11387504,0.122905292
1,dbeaver,24.661,after-query,65085,11550949024749,dbeaver,708937864,15.930416542
1,dbeaver,24.661,after-query,65101,11551034573595,com.apple.SafariPlatformSupport,11387504,0.122905292
1,dbeaver,24.916,after-query,65085,11550949024749,dbeaver,708970632,15.953151625
1,dbeaver,24.916,after-query,65101,11551034573595,com.apple.SafariPlatformSupport,11387504,0.122905292
1,dbeaver,25.169,after-query,65085,11550949024749,dbeaver,708970632,15.959171792
1,dbeaver,25.169,after-query,65101,11551034573595,com.apple.SafariPlatformSupport,11387504,0.122905292
1,dbeaver,25.424,after-query,65085,11550949024749,dbeaver,708987016,15.970786708
1,dbeaver,25.424,after-query,65101,11551034573595,com.apple.SafariPlatformSupport,11387504,0.122905292
1,dbeaver,25.679,after-query,65085,11550949024749,dbeaver,708855944,15.980569000
1,dbeaver,25.679,after-query,65101,11551034573595,com.apple.SafariPlatformSupport,11387504,0.122905292
1,dbeaver,25.935,after-query,65085,11550949024749,dbeaver,708561032,15.990074750
1,dbeaver,25.935,after-query,65101,11551034573595,com.apple.SafariPlatformSupport,11387504,0.122905292
1,dbeaver,26.190,after-query,65085,11550949024749,dbeaver,708413576,16.001496042
1,dbeaver,26.190,after-query,65101,11551034573595,com.apple.SafariPlatformSupport,11453040,0.122905292
1,dbeaver,26.440,after-query,65085,11550949024749,dbeaver,708413576,16.007902417
1,dbeaver,26.440,after-query,65101,11551034573595,com.apple.SafariPlatformSupport,11911792,0.122905292
1,dbeaver,26.695,after-query,65085,11550949024749,dbeaver,708446344,16.027727583
1,dbeaver,26.695,after-query,65101,11551034573595,com.apple.SafariPlatformSupport,11911792,0.122905292
1,pgadmin,0.252,launch,65222,11551728686630,pgAdmin 4,8979416,0.106182375
1,pgadmin,0.506,launch,65222,11551728686630,pgAdmin 4,40420984,0.288124167
1,pgadmin,0.506,launch,65225,11551739539080,pgAdmin 4 Helper,327872,0.015114708
1,pgadmin,0.506,launch,65226,11551739621083,pgAdmin 4 Helper,311488,0.012311250
1,pgadmin,0.760,launch,65222,11551728686630,pgAdmin 4,53806856,0.417180833
1,pgadmin,0.760,launch,65225,11551739539080,pgAdmin 4 Helper,39470064,0.148844875
1,pgadmin,0.760,launch,65228,11551742524323,pgAdmin 4 Helper (Renderer),20006064,0.087819250
1,pgadmin,0.760,launch,65229,11551743350435,Python,16630192,0.085836167
1,pgadmin,0.760,launch,65226,11551739621083,pgAdmin 4 Helper,6800248,0.052347333
1,pgadmin,1.014,launch,65222,11551728686630,pgAdmin 4,55428872,0.425588875
1,pgadmin,1.014,launch,65225,11551739539080,pgAdmin 4 Helper,41599984,0.150753583
1,pgadmin,1.014,launch,65229,11551743350435,Python,31080904,0.309011542
1,pgadmin,1.014,launch,65228,11551742524323,pgAdmin 4 Helper (Renderer),20006064,0.088253333
1,pgadmin,1.014,launch,65226,11551739621083,pgAdmin 4 Helper,6800248,0.052347333
1,pgadmin,1.265,launch,65222,11551728686630,pgAdmin 4,55428872,0.425896250
1,pgadmin,1.265,launch,65225,11551739539080,pgAdmin 4 Helper,41599984,0.150753583
1,pgadmin,1.265,launch,65229,11551743350435,Python,41337288,0.528083625
1,pgadmin,1.265,launch,65228,11551742524323,pgAdmin 4 Helper (Renderer),20022448,0.088300708
1,pgadmin,1.265,launch,65226,11551739621083,pgAdmin 4 Helper,6800248,0.052347333
1,pgadmin,1.520,launch,65222,11551728686630,pgAdmin 4,55494408,0.428069250
1,pgadmin,1.520,launch,65229,11551743350435,Python,50627016,0.756249250
1,pgadmin,1.520,launch,65225,11551739539080,pgAdmin 4 Helper,41599984,0.150753583
1,pgadmin,1.520,launch,65228,11551742524323,pgAdmin 4 Helper (Renderer),20022448,0.088300708
1,pgadmin,1.520,launch,65226,11551739621083,pgAdmin 4 Helper,6800248,0.052347333
1,pgadmin,1.776,launch,65229,11551743350435,Python,64684512,0.979161167
1,pgadmin,1.776,launch,65222,11551728686630,pgAdmin 4,55494408,0.428325375
1,pgadmin,1.776,launch,65225,11551739539080,pgAdmin 4 Helper,41583600,0.151134292
1,pgadmin,1.776,launch,65228,11551742524323,pgAdmin 4 Helper (Renderer),20022448,0.088415583
1,pgadmin,1.776,launch,65226,11551739621083,pgAdmin 4 Helper,6882168,0.053254667
1,pgadmin,2.031,launch,65229,11551743350435,Python,79675896,1.216713042
1,pgadmin,2.031,launch,65222,11551728686630,pgAdmin 4,55494408,0.428325375
1,pgadmin,2.031,launch,65225,11551739539080,pgAdmin 4 Helper,40535024,0.151134292
1,pgadmin,2.031,launch,65228,11551742524323,pgAdmin 4 Helper (Renderer),20022448,0.088415583
1,pgadmin,2.031,launch,65226,11551739621083,pgAdmin 4 Helper,6882168,0.053254667
1,pgadmin,2.286,launch,65229,11551743350435,Python,92160504,1.445246875
1,pgadmin,2.286,launch,65222,11551728686630,pgAdmin 4,55510792,0.430299667
1,pgadmin,2.286,launch,65225,11551739539080,pgAdmin 4 Helper,40535024,0.151134292
1,pgadmin,2.286,launch,65228,11551742524323,pgAdmin 4 Helper (Renderer),20022448,0.088415583
1,pgadmin,2.286,launch,65226,11551739621083,pgAdmin 4 Helper,6882168,0.053254667
1,pgadmin,2.537,launch,65229,11551743350435,Python,100811256,1.677615417
1,pgadmin,2.537,launch,65222,11551728686630,pgAdmin 4,55510792,0.430299667
1,pgadmin,2.537,launch,65225,11551739539080,pgAdmin 4 Helper,40535024,0.151134292
1,pgadmin,2.537,launch,65228,11551742524323,pgAdmin 4 Helper (Renderer),20022448,0.088415583
1,pgadmin,2.537,launch,65226,11551739621083,pgAdmin 4 Helper,6882168,0.053254667
1,pgadmin,2.792,launch,65229,11551743350435,Python,111493672,1.906612875
1,pgadmin,2.792,launch,65222,11551728686630,pgAdmin 4,55510792,0.430322458
1,pgadmin,2.792,launch,65241,11551789987922,Python,27328968,0.194805375
1,pgadmin,2.792,launch,65225,11551739539080,pgAdmin 4 Helper,25756656,0.152030583
1,pgadmin,2.792,launch,65228,11551742524323,pgAdmin 4 Helper (Renderer),19924144,0.088551042
1,pgadmin,2.792,launch,65226,11551739621083,pgAdmin 4 Helper,6882168,0.053254667
1,pgadmin,3.045,launch,65229,11551743350435,Python,125305384,2.129438250
1,pgadmin,3.045,launch,65222,11551728686630,pgAdmin 4,55510792,0.430322458
1,pgadmin,3.045,launch,65225,11551739539080,pgAdmin 4 Helper,25756656,0.152030583
1,pgadmin,3.045,launch,65228,11551742524323,pgAdmin 4 Helper (Renderer),19924144,0.088551042
1,pgadmin,3.045,launch,65226,11551739621083,pgAdmin 4 Helper,6882168,0.053254667
1,pgadmin,3.298,launch,65229,11551743350435,Python,132678184,2.366965708
1,pgadmin,3.298,launch,65222,11551728686630,pgAdmin 4,55559944,0.431483250
1,pgadmin,3.298,launch,65225,11551739539080,pgAdmin 4 Helper,25756656,0.152030583
1,pgadmin,3.298,launch,65228,11551742524323,pgAdmin 4 Helper (Renderer),19924144,0.088551042
1,pgadmin,3.298,launch,65226,11551739621083,pgAdmin 4 Helper,6882168,0.053254667
1,pgadmin,3.549,launch,65229,11551743350435,Python,142049856,2.610826625
1,pgadmin,3.549,launch,65222,11551728686630,pgAdmin 4,55559944,0.431483250
1,pgadmin,3.549,launch,65225,11551739539080,pgAdmin 4 Helper,25756656,0.152030583
1,pgadmin,3.549,launch,65228,11551742524323,pgAdmin 4 Helper (Renderer),19924144,0.088551042
1,pgadmin,3.549,launch,65226,11551739621083,pgAdmin 4 Helper,6882168,0.053254667
1,pgadmin,3.799,launch,65229,11551743350435,Python,151831104,2.845174542
1,pgadmin,3.799,launch,65222,11551728686630,pgAdmin 4,55559944,0.431483250
1,pgadmin,3.799,launch,65225,11551739539080,pgAdmin 4 Helper,25756656,0.152053000
1,pgadmin,3.799,launch,65228,11551742524323,pgAdmin 4 Helper (Renderer),19924144,0.088551042
1,pgadmin,3.799,launch,65226,11551739621083,pgAdmin 4 Helper,6882168,0.053254667
1,pgadmin,4.053,launch,65229,11551743350435,Python,152683072,2.930215792
1,pgadmin,4.053,launch,65222,11551728686630,pgAdmin 4,55985928,0.432964875
1,pgadmin,4.053,launch,65225,11551739539080,pgAdmin 4 Helper,25756656,0.152053000
1,pgadmin,4.053,launch,65228,11551742524323,pgAdmin 4 Helper (Renderer),19924144,0.088551042
1,pgadmin,4.053,launch,65226,11551739621083,pgAdmin 4 Helper,6882168,0.053254667
1,pgadmin,4.308,launch,65229,11551743350435,Python,153092696,2.945307458
1,pgadmin,4.308,launch,65222,11551728686630,pgAdmin 4,58132232,0.468611250
1,pgadmin,4.308,launch,65225,11551739539080,pgAdmin 4 Helper,25773040,0.153508000
1,pgadmin,4.308,launch,65228,11551742524323,pgAdmin 4 Helper (Renderer),19924144,0.088723083
1,pgadmin,4.308,launch,65226,11551739621083,pgAdmin 4 Helper,6882168,0.053254667
1,pgadmin,4.562,settle,65229,11551743350435,Python,155026032,3.058635333
1,pgadmin,4.562,settle,65254,11551833771542,pgAdmin 4 Helper (Renderer),76678488,0.191117208
1,pgadmin,4.562,settle,65222,11551728686630,pgAdmin 4,59066120,0.533094042
1,pgadmin,4.562,settle,65225,11551739539080,pgAdmin 4 Helper,39076848,0.166672625
1,pgadmin,4.562,settle,65226,11551739621083,pgAdmin 4 Helper,10453880,0.170104833
1,pgadmin,4.815,settle,65229,11551743350435,Python,155435608,3.106486375
1,pgadmin,4.815,settle,65225,11551739539080,pgAdmin 4 Helper,129696752,0.183983958
1,pgadmin,4.815,settle,65254,11551833771542,pgAdmin 4 Helper (Renderer),105252280,0.450169958
1,pgadmin,4.815,settle,65222,11551728686630,pgAdmin 4,59180808,0.546984083
1,pgadmin,4.815,settle,65226,11551739621083,pgAdmin 4 Helper,8176504,0.193374458
1,pgadmin,5.070,settle,65229,11551743350435,Python,155451992,3.146225375
1,pgadmin,5.070,settle,65254,11551833771542,pgAdmin 4 Helper (Renderer),146523576,0.743066083
1,pgadmin,5.070,settle,65225,11551739539080,pgAdmin 4 Helper,132318192,0.187131875
1,pgadmin,5.070,settle,65222,11551728686630,pgAdmin 4,60655368,0.574037708
1,pgadmin,5.070,settle,65226,11551739621083,pgAdmin 4 Helper,8192888,0.198636583
1,pgadmin,5.325,settle,65225,11551739539080,pgAdmin 4 Helper,231212016,0.217856417
1,pgadmin,5.325,settle,65254,11551833771542,pgAdmin 4 Helper (Renderer),223430168,1.156640583
1,pgadmin,5.325,settle,65229,11551743350435,Python,158008040,3.213003458
1,pgadmin,5.325,settle,65222,11551728686630,pgAdmin 4,62293816,0.603994708
1,pgadmin,5.325,settle,65226,11551739621083,pgAdmin 4 Helper,8422264,0.214909333
1,pgadmin,5.581,settle,65254,11551833771542,pgAdmin 4 Helper (Renderer),234686168,1.408844292
1,pgadmin,5.581,settle,65225,11551739539080,pgAdmin 4 Helper,231212016,0.219451375
1,pgadmin,5.581,settle,65229,11551743350435,Python,158057192,3.214953250
1,pgadmin,5.581,settle,65222,11551728686630,pgAdmin 4,62293816,0.611777750
1,pgadmin,5.581,settle,65226,11551739621083,pgAdmin 4 Helper,8422264,0.214952042
1,pgadmin,5.836,settle,65254,11551833771542,pgAdmin 4 Helper (Renderer),237537032,1.608097500
1,pgadmin,5.836,settle,65225,11551739539080,pgAdmin 4 Helper,232211464,0.228427792
1,pgadmin,5.836,settle,65229,11551743350435,Python,158466816,3.237315625
1,pgadmin,5.836,settle,65222,11551728686630,pgAdmin 4,62687032,0.634763917
1,pgadmin,5.836,settle,65226,11551739621083,pgAdmin 4 Helper,8438648,0.224328792
1,pgadmin,6.089,settle,65225,11551739539080,pgAdmin 4 Helper,293733408,0.262136750
1,pgadmin,6.089,settle,65254,11551833771542,pgAdmin 4 Helper (Renderer),269666080,1.846564208
1,pgadmin,6.089,settle,65229,11551743350435,Python,159548232,3.288862833
1,pgadmin,6.089,settle,65222,11551728686630,pgAdmin 4,62719800,0.638901750
1,pgadmin,6.089,settle,65226,11551739621083,pgAdmin 4 Helper,8455032,0.232282083
1,pgadmin,6.340,settle,65225,11551739539080,pgAdmin 4 Helper,293749816,0.269301750
1,pgadmin,6.340,settle,65254,11551833771542,pgAdmin 4 Helper (Renderer),270370592,1.869692750
1,pgadmin,6.340,settle,65229,11551743350435,Python,159548232,3.288862833
1,pgadmin,6.340,settle,65222,11551728686630,pgAdmin 4,62965560,0.661975708
1,pgadmin,6.340,settle,65226,11551739621083,pgAdmin 4 Helper,8455032,0.232282083
1,pgadmin,6.596,settle,65225,11551739539080,pgAdmin 4 Helper,293749816,0.272482042
1,pgadmin,6.596,settle,65254,11551833771542,pgAdmin 4 Helper (Renderer),271304480,1.886869292
1,pgadmin,6.596,settle,65229,11551743350435,Python,159548232,3.293050458
1,pgadmin,6.596,settle,65222,11551728686630,pgAdmin 4,63047480,0.675967125
1,pgadmin,6.596,settle,65277,11551881519645,com.apple.SafariPlatformSupport,9798256,0.111756792
1,pgadmin,6.596,settle,65226,11551739621083,pgAdmin 4 Helper,8455032,0.233305792
1,pgadmin,6.851,settle,65225,11551739539080,pgAdmin 4 Helper,286016544,0.278752208
1,pgadmin,6.851,settle,65254,11551833771542,pgAdmin 4 Helper (Renderer),271370016,1.901562125
1,pgadmin,6.851,settle,65229,11551743350435,Python,159548232,3.293050458
1,pgadmin,6.851,settle,65222,11551728686630,pgAdmin 4,63047480,0.675967125
1,pgadmin,6.851,settle,65277,11551881519645,com.apple.SafariPlatformSupport,9814640,0.113620375
1,pgadmin,6.851,settle,65226,11551739621083,pgAdmin 4 Helper,8455032,0.233305792
1,pgadmin,7.106,settle,65225,11551739539080,pgAdmin 4 Helper,285983776,0.285823583
1,pgadmin,7.106,settle,65254,11551833771542,pgAdmin 4 Helper (Renderer),271501088,1.930937667
1,pgadmin,7.106,settle,65229,11551743350435,Python,159548232,3.293150458
1,pgadmin,7.106,settle,65222,11551728686630,pgAdmin 4,63063864,0.676472417
1,pgadmin,7.106,settle,65277,11551881519645,com.apple.SafariPlatformSupport,9814640,0.113620375
1,pgadmin,7.106,settle,65226,11551739621083,pgAdmin 4 Helper,8455032,0.233305792
1,pgadmin,7.361,settle,65254,11551833771542,pgAdmin 4 Helper (Renderer),271566624,1.961161917
1,pgadmin,7.361,settle,65225,11551739539080,pgAdmin 4 Helper,270763040,0.297239208
1,pgadmin,7.361,settle,65229,11551743350435,Python,159548232,3.293150458
1,pgadmin,7.361,settle,65222,11551728686630,pgAdmin 4,63063864,0.676472417
1,pgadmin,7.361,settle,65277,11551881519645,com.apple.SafariPlatformSupport,9814640,0.113620375
1,pgadmin,7.361,settle,65226,11551739621083,pgAdmin 4 Helper,8455032,0.233305792
1,pgadmin,7.617,settle,65254,11551833771542,pgAdmin 4 Helper (Renderer),271550240,1.994434333
1,pgadmin,7.617,settle,65225,11551739539080,pgAdmin 4 Helper,247514144,0.309112417
1,pgadmin,7.617,settle,65229,11551743350435,Python,159548232,3.293234875
1,pgadmin,7.617,settle,65222,11551728686630,pgAdmin 4,63063864,0.676663458
1,pgadmin,7.617,settle,65277,11551881519645,com.apple.SafariPlatformSupport,9814640,0.113823792
1,pgadmin,7.617,settle,65226,11551739621083,pgAdmin 4 Helper,8455032,0.233305792
1,pgadmin,7.870,settle,65254,11551833771542,pgAdmin 4 Helper (Renderer),271632160,2.018691792
1,pgadmin,7.870,settle,65225,11551739539080,pgAdmin 4 Helper,247514144,0.316681375
1,pgadmin,7.870,settle,65229,11551743350435,Python,159548232,3.293234875
1,pgadmin,7.870,settle,65222,11551728686630,pgAdmin 4,63063864,0.676663458
1,pgadmin,7.870,settle,65277,11551881519645,com.apple.SafariPlatformSupport,9814640,0.113823792
1,pgadmin,7.870,settle,65226,11551739621083,pgAdmin 4 Helper,8455032,0.233305792
1,pgadmin,8.125,settle,65254,11551833771542,pgAdmin 4 Helper (Renderer),274466616,2.061432750
1,pgadmin,8.125,settle,65225,11551739539080,pgAdmin 4 Helper,247514144,0.323234292
1,pgadmin,8.125,settle,65229,11551743350435,Python,159548232,3.302895875
1,pgadmin,8.125,settle,65222,11551728686630,pgAdmin 4,63063864,0.677903667
1,pgadmin,8.125,settle,65277,11551881519645,com.apple.SafariPlatformSupport,9814640,0.113823792
1,pgadmin,8.125,settle,65226,11551739621083,pgAdmin 4 Helper,8455032,0.238020833
1,pgadmin,8.380,settle,65254,11551833771542,pgAdmin 4 Helper (Renderer),274564920,2.083547792
1,pgadmin,8.380,settle,65225,11551739539080,pgAdmin 4 Helper,247497760,0.329650208
1,pgadmin,8.380,settle,65229,11551743350435,Python,159548232,3.302895875
1,pgadmin,8.380,settle,65222,11551728686630,pgAdmin 4,63063864,0.677903667
1,pgadmin,8.380,settle,65277,11551881519645,com.apple.SafariPlatformSupport,9814640,0.113823792
1,pgadmin,8.380,settle,65226,11551739621083,pgAdmin 4 Helper,8455032,0.238020833
1,pgadmin,8.632,settle,65254,11551833771542,pgAdmin 4 Helper (Renderer),274679608,2.109065792
1,pgadmin,8.632,settle,65225,11551739539080,pgAdmin 4 Helper,247530528,0.340101250
1,pgadmin,8.632,settle,65229,11551743350435,Python,159548232,3.302964208
1,pgadmin,8.632,settle,65222,11551728686630,pgAdmin 4,63063864,0.679492542
1,pgadmin,8.632,settle,65277,11551881519645,com.apple.SafariPlatformSupport,9814640,0.113931250
1,pgadmin,8.632,settle,65226,11551739621083,pgAdmin 4 Helper,8455032,0.238020833
1,pgadmin,8.886,settle,65254,11551833771542,pgAdmin 4 Helper (Renderer),274794296,2.130984583
1,pgadmin,8.886,settle,65225,11551739539080,pgAdmin 4 Helper,247514144,0.347709958
1,pgadmin,8.886,settle,65229,11551743350435,Python,159548232,3.302964208
1,pgadmin,8.886,settle,65222,11551728686630,pgAdmin 4,63063864,0.679492542
1,pgadmin,8.886,settle,65277,11551881519645,com.apple.SafariPlatformSupport,9814640,0.113996083
1,pgadmin,8.886,settle,65226,11551739621083,pgAdmin 4 Helper,8455032,0.238020833
1,pgadmin,9.140,settle,65254,11551833771542,pgAdmin 4 Helper (Renderer),274876216,2.157604958
1,pgadmin,9.140,settle,65225,11551739539080,pgAdmin 4 Helper,247514144,0.354279500
1,pgadmin,9.140,settle,65229,11551743350435,Python,159548232,3.303069083
1,pgadmin,9.140,settle,65222,11551728686630,pgAdmin 4,63063864,0.679492542
1,pgadmin,9.140,settle,65277,11551881519645,com.apple.SafariPlatformSupport,9814640,0.113996083
1,pgadmin,9.140,settle,65226,11551739621083,pgAdmin 4 Helper,8455032,0.238020833
1,pgadmin,9.395,settle,65254,11551833771542,pgAdmin 4 Helper (Renderer),274990904,2.187130625
1,pgadmin,9.395,settle,65225,11551739539080,pgAdmin 4 Helper,247514144,0.363644708
1,pgadmin,9.395,settle,65229,11551743350435,Python,159548232,3.303069083
1,pgadmin,9.395,settle,65222,11551728686630,pgAdmin 4,63063864,0.679492542
1,pgadmin,9.395,settle,65277,11551881519645,com.apple.SafariPlatformSupport,9814640,0.113996083
1,pgadmin,9.395,settle,65226,11551739621083,pgAdmin 4 Helper,8455032,0.238020833
1,pgadmin,9.646,query,65254,11551833771542,pgAdmin 4 Helper (Renderer),275056440,2.206840708
1,pgadmin,9.646,query,65225,11551739539080,pgAdmin 4 Helper,247497760,0.368735042
1,pgadmin,9.646,query,65229,11551743350435,Python,159548232,3.303104833
1,pgadmin,9.646,query,65222,11551728686630,pgAdmin 4,63063864,0.679748417
1,pgadmin,9.646,query,65277,11551881519645,com.apple.SafariPlatformSupport,9814640,0.114217042
1,pgadmin,9.646,query,65226,11551739621083,pgAdmin 4 Helper,8455032,0.238020833
1,pgadmin,9.902,query,65254,11551833771542,pgAdmin 4 Helper (Renderer),275138360,2.232955125
1,pgadmin,9.902,query,65225,11551739539080,pgAdmin 4 Helper,247481376,0.379599833
1,pgadmin,9.902,query,65229,11551743350435,Python,159548232,3.303104833
1,pgadmin,9.902,query,65222,11551728686630,pgAdmin 4,63014712,0.679908125
1,pgadmin,9.902,query,65277,11551881519645,com.apple.SafariPlatformSupport,9814640,0.114217042
1,pgadmin,9.902,query,65226,11551739621083,pgAdmin 4 Helper,8455032,0.238020833
1,pgadmin,10.157,query,65254,11551833771542,pgAdmin 4 Helper (Renderer),279824184,2.293860458
1,pgadmin,10.157,query,65225,11551739539080,pgAdmin 4 Helper,247481376,0.384264583
1,pgadmin,10.157,query,65229,11551743350435,Python,159548232,3.313542500
1,pgadmin,10.157,query,65222,11551728686630,pgAdmin 4,63014712,0.681144542
1,pgadmin,10.157,query,65277,11551881519645,com.apple.SafariPlatformSupport,9814640,0.114217042
1,pgadmin,10.157,query,65226,11551739621083,pgAdmin 4 Helper,8455032,0.242737458
1,pgadmin,10.409,query,65254,11551833771542,pgAdmin 4 Helper (Renderer),279971640,2.324492625
1,pgadmin,10.409,query,65225,11551739539080,pgAdmin 4 Helper,247497760,0.394058708
1,pgadmin,10.409,query,65229,11551743350435,Python,159531848,3.313616292
1,pgadmin,10.409,query,65222,11551728686630,pgAdmin 4,63014712,0.681144542
1,pgadmin,10.409,query,65277,11551881519645,com.apple.SafariPlatformSupport,9814640,0.114217042
1,pgadmin,10.409,query,65226,11551739621083,pgAdmin 4 Helper,8455032,0.242737458
1,pgadmin,10.661,query,65254,11551833771542,pgAdmin 4 Helper (Renderer),280119096,2.352176250
1,pgadmin,10.661,query,65225,11551739539080,pgAdmin 4 Helper,247464992,0.401542417
1,pgadmin,10.661,query,65229,11551743350435,Python,159531848,3.313737958
1,pgadmin,10.661,query,65222,11551728686630,pgAdmin 4,63014712,0.681398625
1,pgadmin,10.661,query,65277,11551881519645,com.apple.SafariPlatformSupport,9814640,0.114217042
1,pgadmin,10.661,query,65226,11551739621083,pgAdmin 4 Helper,8455032,0.242737458
1,pgadmin,10.913,query,65254,11551833771542,pgAdmin 4 Helper (Renderer),280299320,2.379981333
1,pgadmin,10.913,query,65225,11551739539080,pgAdmin 4 Helper,247464992,0.409621458
1,pgadmin,10.913,query,65229,11551743350435,Python,159564616,3.314422833
1,pgadmin,10.913,query,65222,11551728686630,pgAdmin 4,63014712,0.681406875
1,pgadmin,10.913,query,65277,11551881519645,com.apple.SafariPlatformSupport,9814640,0.114436500
1,pgadmin,10.913,query,65226,11551739621083,pgAdmin 4 Helper,8455032,0.242737458
1,pgadmin,11.168,query,65254,11551833771542,pgAdmin 4 Helper (Renderer),280463160,2.406677375
1,pgadmin,11.168,query,65229,11551743350435,Python,159564616,3.314525708
1,pgadmin,11.168,query,65225,11551739539080,pgAdmin 4 Helper,104514592,0.433958708
1,pgadmin,11.168,query,65222,11551728686630,pgAdmin 4,62965560,0.681762042
1,pgadmin,11.168,query,65277,11551881519645,com.apple.SafariPlatformSupport,9814640,0.114436500
1,pgadmin,11.168,query,65226,11551739621083,pgAdmin 4 Helper,8455032,0.242737458
1,pgadmin,11.422,query,65254,11551833771542,pgAdmin 4 Helper (Renderer),280594232,2.435669042
1,pgadmin,11.422,query,65229,11551743350435,Python,159564616,3.314525708
1,pgadmin,11.422,query,65225,11551739539080,pgAdmin 4 Helper,104514592,0.443000708
1,pgadmin,11.422,query,65222,11551728686630,pgAdmin 4,62883640,0.682598917
1,pgadmin,11.422,query,65277,11551881519645,com.apple.SafariPlatformSupport,9814640,0.114436500
1,pgadmin,11.422,query,65226,11551739621083,pgAdmin 4 Helper,8455032,0.242737458
1,pgadmin,11.674,query,65254,11551833771542,pgAdmin 4 Helper (Renderer),280741688,2.462699625
1,pgadmin,11.674,query,65229,11551743350435,Python,159564616,3.314619375
1,pgadmin,11.674,query,65225,11551739539080,pgAdmin 4 Helper,104498208,0.451621417
1,pgadmin,11.674,query,65222,11551728686630,pgAdmin 4,62883640,0.683236292
1,pgadmin,11.674,query,65277,11551881519645,com.apple.SafariPlatformSupport,9814640,0.115309750
1,pgadmin,11.674,query,65226,11551739621083,pgAdmin 4 Helper,8455032,0.242737458
1,pgadmin,11.929,query,65254,11551833771542,pgAdmin 4 Helper (Renderer),280889144,2.489218583
1,pgadmin,11.929,query,65229,11551743350435,Python,159564616,3.314619375
1,pgadmin,11.929,query,65225,11551739539080,pgAdmin 4 Helper,104498208,0.459720917
1,pgadmin,11.929,query,65222,11551728686630,pgAdmin 4,62883640,0.683236292
1,pgadmin,11.929,query,65277,11551881519645,com.apple.SafariPlatformSupport,9814640,0.115309750
1,pgadmin,11.929,query,65226,11551739621083,pgAdmin 4 Helper,8455032,0.242737458
1,pgadmin,12.182,query,65254,11551833771542,pgAdmin 4 Helper (Renderer),283707192,2.527861667
1,pgadmin,12.182,query,65229,11551743350435,Python,159564616,3.324285333
1,pgadmin,12.182,query,65225,11551739539080,pgAdmin 4 Helper,104498208,0.464961167
1,pgadmin,12.182,query,65222,11551728686630,pgAdmin 4,62883640,0.684401958
1,pgadmin,12.182,query,65277,11551881519645,com.apple.SafariPlatformSupport,9798256,0.115839500
1,pgadmin,12.182,query,65226,11551739621083,pgAdmin 4 Helper,8455032,0.247734958
1,pgadmin,12.435,query,65254,11551833771542,pgAdmin 4 Helper (Renderer),283838264,2.553420792
1,pgadmin,12.435,query,65229,11551743350435,Python,159564616,3.324285333
1,pgadmin,12.435,query,65225,11551739539080,pgAdmin 4 Helper,104514592,0.474794917
1,pgadmin,12.435,query,65222,11551728686630,pgAdmin 4,62883640,0.684401958
1,pgadmin,12.435,query,65277,11551881519645,com.apple.SafariPlatformSupport,9798256,0.115839500
1,pgadmin,12.435,query,65226,11551739621083,pgAdmin 4 Helper,8455032,0.247734958
1,pgadmin,12.690,query,65254,11551833771542,pgAdmin 4 Helper (Renderer),284018488,2.576445875
1,pgadmin,12.690,query,65229,11551743350435,Python,159564616,3.324412292
1,pgadmin,12.690,query,65225,11551739539080,pgAdmin 4 Helper,104514592,0.480538833
1,pgadmin,12.690,query,65222,11551728686630,pgAdmin 4,62883640,0.684465750
1,pgadmin,12.690,query,65277,11551881519645,com.apple.SafariPlatformSupport,9798256,0.115839500
1,pgadmin,12.690,query,65226,11551739621083,pgAdmin 4 Helper,8455032,0.247786708
1,pgadmin,12.945,query,65254,11551833771542,pgAdmin 4 Helper (Renderer),284149560,2.595268792
1,pgadmin,12.945,query,65229,11551743350435,Python,159564616,3.324412292
1,pgadmin,12.945,query,65225,11551739539080,pgAdmin 4 Helper,104498208,0.487627625
1,pgadmin,12.945,query,65222,11551728686630,pgAdmin 4,62900024,0.685835333
1,pgadmin,12.945,query,65277,11551881519645,com.apple.SafariPlatformSupport,9798256,0.115839500
1,pgadmin,12.945,query,65226,11551739621083,pgAdmin 4 Helper,8455032,0.247786708
1,pgadmin,13.200,query,65254,11551833771542,pgAdmin 4 Helper (Renderer),284297016,2.620248583
1,pgadmin,13.200,query,65229,11551743350435,Python,159564616,3.324491250
1,pgadmin,13.200,query,65225,11551739539080,pgAdmin 4 Helper,104514592,0.495306125
1,pgadmin,13.200,query,65222,11551728686630,pgAdmin 4,62900024,0.685835333
1,pgadmin,13.200,query,65277,11551881519645,com.apple.SafariPlatformSupport,9798256,0.115839500
1,pgadmin,13.200,query,65226,11551739621083,pgAdmin 4 Helper,8455032,0.247786708
1,pgadmin,13.455,query,65254,11551833771542,pgAdmin 4 Helper (Renderer),284428088,2.642452375
1,pgadmin,13.455,query,65229,11551743350435,Python,159564616,3.324491250
1,pgadmin,13.455,query,65225,11551739539080,pgAdmin 4 Helper,104530976,0.503117417
1,pgadmin,13.455,query,65222,11551728686630,pgAdmin 4,62900024,0.685835333
1,pgadmin,13.455,query,65277,11551881519645,com.apple.SafariPlatformSupport,9798256,0.115839500
1,pgadmin,13.455,query,65226,11551739621083,pgAdmin 4 Helper,8455032,0.247786708
1,pgadmin,13.707,query,65254,11551833771542,pgAdmin 4 Helper (Renderer),284575544,2.661858333
1,pgadmin,13.707,query,65229,11551743350435,Python,159564616,3.324568083
1,pgadmin,13.707,query,65225,11551739539080,pgAdmin 4 Helper,104530976,0.508934750
1,pgadmin,13.707,query,65222,11551728686630,pgAdmin 4,62900024,0.685835333
1,pgadmin,13.707,query,65277,11551881519645,com.apple.SafariPlatformSupport,9798256,0.115839500
1,pgadmin,13.707,query,65226,11551739621083,pgAdmin 4 Helper,8455032,0.247786708
1,pgadmin,13.962,query,65254,11551833771542,pgAdmin 4 Helper (Renderer),284755768,2.681284792
1,pgadmin,13.962,query,65229,11551743350435,Python,159564616,3.324568083
1,pgadmin,13.962,query,65225,11551739539080,pgAdmin 4 Helper,104514592,0.514544500
1,pgadmin,13.962,query,65222,11551728686630,pgAdmin 4,62900024,0.685835333
1,pgadmin,13.962,query,65277,11551881519645,com.apple.SafariPlatformSupport,9798256,0.115839500
1,pgadmin,13.962,query,65226,11551739621083,pgAdmin 4 Helper,8455032,0.247786708
1,pgadmin,14.215,query,65254,11551833771542,pgAdmin 4 Helper (Renderer),295175992,2.745326333
1,pgadmin,14.215,query,65229,11551743350435,Python,159564616,3.333290125
1,pgadmin,14.215,query,65225,11551739539080,pgAdmin 4 Helper,104530976,0.522655667
1,pgadmin,14.215,query,65222,11551728686630,pgAdmin 4,62900024,0.686799250
1,pgadmin,14.215,query,65277,11551881519645,com.apple.SafariPlatformSupport,9798256,0.115839500
1,pgadmin,14.215,query,65226,11551739621083,pgAdmin 4 Helper,8455032,0.251653000
1,pgadmin,14.470,query,65254,11551833771542,pgAdmin 4 Helper (Renderer),295323448,2.769232167
1,pgadmin,14.470,query,65229,11551743350435,Python,159564616,3.333290125
1,pgadmin,14.470,query,65225,11551739539080,pgAdmin 4 Helper,104498208,0.529201750
1,pgadmin,14.470,query,65222,11551728686630,pgAdmin 4,62900024,0.686799250
1,pgadmin,14.470,query,65277,11551881519645,com.apple.SafariPlatformSupport,9798256,0.115839500
1,pgadmin,14.470,query,65226,11551739621083,pgAdmin 4 Helper,8455032,0.251653000
1,pgadmin,14.725,query,65254,11551833771542,pgAdmin 4 Helper (Renderer),295487288,2.792274875
1,pgadmin,14.725,query,65229,11551743350435,Python,159564616,3.333407875
1,pgadmin,14.725,query,65225,11551739539080,pgAdmin 4 Helper,104530976,0.539093375
1,pgadmin,14.725,query,65222,11551728686630,pgAdmin 4,62900024,0.687190042
1,pgadmin,14.725,query,65277,11551881519645,com.apple.SafariPlatformSupport,9798256,0.115839500
1,pgadmin,14.725,query,65226,11551739621083,pgAdmin 4 Helper,8455032,0.251653000
1,pgadmin,14.980,query,65254,11551833771542,pgAdmin 4 Helper (Renderer),295601976,2.812188958
1,pgadmin,14.980,query,65229,11551743350435,Python,159564616,3.333407875
1,pgadmin,14.980,query,65225,11551739539080,pgAdmin 4 Helper,104514592,0.544876667
1,pgadmin,14.980,query,65222,11551728686630,pgAdmin 4,62900024,0.687265708
1,pgadmin,14.980,query,65277,11551881519645,com.apple.SafariPlatformSupport,9798256,0.115839500
1,pgadmin,14.980,query,65226,11551739621083,pgAdmin 4 Helper,8455032,0.251653000
1,pgadmin,15.232,query,65254,11551833771542,pgAdmin 4 Helper (Renderer),295765816,2.835695583
1,pgadmin,15.232,query,65229,11551743350435,Python,159564616,3.333480292
1,pgadmin,15.232,query,65225,11551739539080,pgAdmin 4 Helper,104530976,0.552078042
1,pgadmin,15.232,query,65222,11551728686630,pgAdmin 4,62900024,0.687265708
1,pgadmin,15.232,query,65277,11551881519645,com.apple.SafariPlatformSupport,9798256,0.115839500
1,pgadmin,15.232,query,65226,11551739621083,pgAdmin 4 Helper,8455032,0.251653000
1,pgadmin,15.484,query,65254,11551833771542,pgAdmin 4 Helper (Renderer),295929656,2.853725167
1,pgadmin,15.484,query,65229,11551743350435,Python,159564616,3.333480292
1,pgadmin,15.484,query,65225,11551739539080,pgAdmin 4 Helper,104498208,0.556854500
1,pgadmin,15.484,query,65222,11551728686630,pgAdmin 4,62900024,0.688044875
1,pgadmin,15.484,query,65277,11551881519645,com.apple.SafariPlatformSupport,9798256,0.115839500
1,pgadmin,15.484,query,65226,11551739621083,pgAdmin 4 Helper,8455032,0.251653000
1,pgadmin,15.739,query,65254,11551833771542,pgAdmin 4 Helper (Renderer),296060728,2.875620917
1,pgadmin,15.739,query,65229,11551743350435,Python,159564616,3.333543875
1,pgadmin,15.739,query,65225,11551739539080,pgAdmin 4 Helper,104514592,0.563050000
1,pgadmin,15.739,query,65222,11551728686630,pgAdmin 4,62900024,0.689925500
1,pgadmin,15.739,query,65277,11551881519645,com.apple.SafariPlatformSupport,9798256,0.115839500
1,pgadmin,15.739,query,65226,11551739621083,pgAdmin 4 Helper,8455032,0.251653000
1,pgadmin,15.990,query,65254,11551833771542,pgAdmin 4 Helper (Renderer),314328888,3.257321583
1,pgadmin,15.990,query,65225,11551739539080,pgAdmin 4 Helper,165676064,0.594430250
1,pgadmin,15.990,query,65229,11551743350435,Python,161317680,3.365494125
1,pgadmin,15.990,query,65222,11551728686630,pgAdmin 4,63489848,0.711276833
1,pgadmin,15.990,query,65277,11551881519645,com.apple.SafariPlatformSupport,9732720,0.116237708
1,pgadmin,15.990,query,65226,11551739621083,pgAdmin 4 Helper,8455032,0.257787250
1,pgadmin,16.243,query,65254,11551833771542,pgAdmin 4 Helper (Renderer),314378040,3.281890292
1,pgadmin,16.243,query,65225,11551739539080,pgAdmin 4 Helper,166331424,0.606600167
1,pgadmin,16.243,query,65229,11551743350435,Python,161317680,3.365494125
1,pgadmin,16.243,query,65222,11551728686630,pgAdmin 4,63489848,0.712528250
1,pgadmin,16.243,query,65277,11551881519645,com.apple.SafariPlatformSupport,9732720,0.116237708
1,pgadmin,16.243,query,65226,11551739621083,pgAdmin 4 Helper,8455032,0.257787250
1,pgadmin,16.499,query,65254,11551833771542,pgAdmin 4 Helper (Renderer),314378040,3.303703500
1,pgadmin,16.499,query,65225,11551739539080,pgAdmin 4 Helper,166331424,0.613018000
1,pgadmin,16.499,query,65229,11551743350435,Python,161317680,3.365603042
1,pgadmin,16.499,query,65222,11551728686630,pgAdmin 4,63489848,0.713546542
1,pgadmin,16.499,query,65277,11551881519645,com.apple.SafariPlatformSupport,9732720,0.116237708
1,pgadmin,16.499,query,65226,11551739621083,pgAdmin 4 Helper,8455032,0.257787250
1,pgadmin,16.754,query,65254,11551833771542,pgAdmin 4 Helper (Renderer),314378040,3.322447292
1,pgadmin,16.754,query,65225,11551739539080,pgAdmin 4 Helper,166331424,0.619551125
1,pgadmin,16.754,query,65229,11551743350435,Python,161317680,3.365603042
1,pgadmin,16.754,query,65222,11551728686630,pgAdmin 4,63489848,0.713546542
1,pgadmin,16.754,query,65277,11551881519645,com.apple.SafariPlatformSupport,9732720,0.116237708
1,pgadmin,16.754,query,65226,11551739621083,pgAdmin 4 Helper,8455032,0.257787250
1,pgadmin,17.004,query,65254,11551833771542,pgAdmin 4 Helper (Renderer),314378040,3.337789083
1,pgadmin,17.004,query,65225,11551739539080,pgAdmin 4 Helper,164234272,0.624609542
1,pgadmin,17.004,query,65229,11551743350435,Python,161317680,3.365690250
1,pgadmin,17.004,query,65222,11551728686630,pgAdmin 4,63522616,0.714026083
1,pgadmin,17.004,query,65277,11551881519645,com.apple.SafariPlatformSupport,9732720,0.116333917
1,pgadmin,17.004,query,65226,11551739621083,pgAdmin 4 Helper,8455032,0.257787250
1,pgadmin,17.255,query,65254,11551833771542,pgAdmin 4 Helper (Renderer),314378040,3.354883583
1,pgadmin,17.255,query,65225,11551739539080,pgAdmin 4 Helper,162006048,0.630520375
1,pgadmin,17.255,query,65229,11551743350435,Python,161317680,3.365690250
1,pgadmin,17.255,query,65222,11551728686630,pgAdmin 4,63522616,0.714026083
1,pgadmin,17.255,query,65277,11551881519645,com.apple.SafariPlatformSupport,9732720,0.116333917
1,pgadmin,17.255,query,65226,11551739621083,pgAdmin 4 Helper,8455032,0.257787250
1,pgadmin,17.510,query,65254,11551833771542,pgAdmin 4 Helper (Renderer),316049208,3.474702875
1,pgadmin,17.510,query,65225,11551739539080,pgAdmin 4 Helper,248792096,0.672847375
1,pgadmin,17.510,query,65229,11551743350435,Python,161317680,3.365780583
1,pgadmin,17.510,query,65222,11551728686630,pgAdmin 4,64145208,0.729408042
1,pgadmin,17.510,query,65277,11551881519645,com.apple.SafariPlatformSupport,9732720,0.116333917
1,pgadmin,17.510,query,65226,11551739621083,pgAdmin 4 Helper,8455032,0.257787250
1,pgadmin,17.764,query,65254,11551833771542,pgAdmin 4 Helper (Renderer),318867256,3.607472500
1,pgadmin,17.764,query,65225,11551739539080,pgAdmin 4 Helper,249676856,0.715531625
1,pgadmin,17.764,query,65229,11551743350435,Python,161317680,3.365780583
1,pgadmin,17.764,query,65222,11551728686630,pgAdmin 4,64767800,0.744803042
1,pgadmin,17.764,query,65277,11551881519645,com.apple.SafariPlatformSupport,9732720,0.116333917
1,pgadmin,17.764,query,65226,11551739621083,pgAdmin 4 Helper,8455032,0.257787250
1,pgadmin,18.019,query,65254,11551833771542,pgAdmin 4 Helper (Renderer),320128824,3.705839000
1,pgadmin,18.019,query,65225,11551739539080,pgAdmin 4 Helper,248661048,0.733676917
1,pgadmin,18.019,query,65229,11551743350435,Python,161317680,3.370249167
1,pgadmin,18.019,query,65222,11551728686630,pgAdmin 4,64767800,0.754625833
1,pgadmin,18.019,query,65277,11551881519645,com.apple.SafariPlatformSupport,9732720,0.116333917
1,pgadmin,18.019,query,65226,11551739621083,pgAdmin 4 Helper,8455032,0.259963292
1,pgadmin,18.274,query,65254,11551833771542,pgAdmin 4 Helper (Renderer),323749688,3.787019917
1,pgadmin,18.274,query,65225,11551739539080,pgAdmin 4 Helper,248677408,0.760521042
1,pgadmin,18.274,query,65229,11551743350435,Python,161317680,3.370249167
1,pgadmin,18.274,query,65222,11551728686630,pgAdmin 4,64784184,0.766499833
1,pgadmin,18.274,query,65277,11551881519645,com.apple.SafariPlatformSupport,9732720,0.116333917
1,pgadmin,18.274,query,65226,11551739621083,pgAdmin 4 Helper,8455032,0.259963292
1,pgadmin,18.530,query,65254,11551833771542,pgAdmin 4 Helper (Renderer),331777872,3.939479917
1,pgadmin,18.530,query,65225,11551739539080,pgAdmin 4 Helper,248693816,0.796506625
1,pgadmin,18.530,query,65229,11551743350435,Python,161317680,3.370293792
1,pgadmin,18.530,query,65222,11551728686630,pgAdmin 4,64816952,0.781446042
1,pgadmin,18.530,query,65277,11551881519645,com.apple.SafariPlatformSupport,9732720,0.116333917
1,pgadmin,18.530,query,65226,11551739621083,pgAdmin 4 Helper,8455032,0.259963292
1,pgadmin,18.782,query,65254,11551833771542,pgAdmin 4 Helper (Renderer),335398736,4.022298958
1,pgadmin,18.782,query,65225,11551739539080,pgAdmin 4 Helper,248710200,0.823532042
1,pgadmin,18.782,query,65229,11551743350435,Python,161317680,3.370293792
1,pgadmin,18.782,query,65222,11551728686630,pgAdmin 4,64816952,0.793130833
1,pgadmin,18.782,query,65277,11551881519645,com.apple.SafariPlatformSupport,9732720,0.116333917
1,pgadmin,18.782,query,65226,11551739621083,pgAdmin 4 Helper,8455032,0.259963292
1,pgadmin,19.036,query,65254,11551833771542,pgAdmin 4 Helper (Renderer),340576080,4.106531833
1,pgadmin,19.036,query,65225,11551739539080,pgAdmin 4 Helper,248677432,0.854008375
1,pgadmin,19.036,query,65229,11551743350435,Python,161317680,3.370350542
1,pgadmin,19.036,query,65222,11551728686630,pgAdmin 4,64833336,0.803716208
1,pgadmin,19.036,query,65277,11551881519645,com.apple.SafariPlatformSupport,9732720,0.116333917
1,pgadmin,19.036,query,65226,11551739621083,pgAdmin 4 Helper,8455032,0.259963292
1,pgadmin,19.289,query,65254,11551833771542,pgAdmin 4 Helper (Renderer),344491856,4.230983333
1,pgadmin,19.289,query,65225,11551739539080,pgAdmin 4 Helper,249234488,0.893933333
1,pgadmin,19.289,query,65229,11551743350435,Python,161317680,3.370350542
1,pgadmin,19.289,query,65222,11551728686630,pgAdmin 4,64833336,0.823007125
1,pgadmin,19.289,query,65277,11551881519645,com.apple.SafariPlatformSupport,9732720,0.116333917
1,pgadmin,19.289,query,65226,11551739621083,pgAdmin 4 Helper,8455032,0.259963292
1,pgadmin,19.544,query,65254,11551833771542,pgAdmin 4 Helper (Renderer),352913232,4.344233083
1,pgadmin,19.544,query,65225,11551739539080,pgAdmin 4 Helper,249234488,0.934392958
1,pgadmin,19.544,query,65229,11551743350435,Python,161317680,3.370390167
1,pgadmin,19.544,query,65222,11551728686630,pgAdmin 4,64915256,0.837310000
1,pgadmin,19.544,query,65277,11551881519645,com.apple.SafariPlatformSupport,9732720,0.116333917
1,pgadmin,19.544,query,65226,11551739621083,pgAdmin 4 Helper,8455032,0.259963292
1,pgadmin,19.798,query,65254,11551833771542,pgAdmin 4 Helper (Renderer),355813200,4.427321583
1,pgadmin,19.798,query,65225,11551739539080,pgAdmin 4 Helper,249234488,0.958532292
1,pgadmin,19.798,query,65229,11551743350435,Python,161317680,3.370390167
1,pgadmin,19.798,query,65222,11551728686630,pgAdmin 4,64915256,0.848257917
1,pgadmin,19.798,query,65277,11551881519645,com.apple.SafariPlatformSupport,9732720,0.116333917
1,pgadmin,19.798,query,65226,11551739621083,pgAdmin 4 Helper,8455032,0.259963292
1,pgadmin,20.053,query,65254,11551833771542,pgAdmin 4 Helper (Renderer),363398992,4.549033417
1,pgadmin,20.053,query,65225,11551739539080,pgAdmin 4 Helper,249234488,0.998978500
1,pgadmin,20.053,query,65229,11551743350435,Python,161317680,3.374634917
1,pgadmin,20.053,query,65222,11551728686630,pgAdmin 4,64931640,0.862945208
1,pgadmin,20.053,query,65277,11551881519645,com.apple.SafariPlatformSupport,9732720,0.116333917
1,pgadmin,20.053,query,65226,11551739621083,pgAdmin 4 Helper,8455032,0.262048667
1,pgadmin,20.307,query,65254,11551833771542,pgAdmin 4 Helper (Renderer),365889360,4.626031708
1,pgadmin,20.307,query,65225,11551739539080,pgAdmin 4 Helper,249234488,1.019505458
1,pgadmin,20.307,query,65229,11551743350435,Python,161317680,3.374634917
1,pgadmin,20.307,query,65222,11551728686630,pgAdmin 4,64964408,0.876739625
1,pgadmin,20.307,query,65277,11551881519645,com.apple.SafariPlatformSupport,9732720,0.116333917
1,pgadmin,20.307,query,65226,11551739621083,pgAdmin 4 Helper,8455032,0.262048667
1,pgadmin,20.562,query,65254,11551833771542,pgAdmin 4 Helper (Renderer),369280872,4.711770958
1,pgadmin,20.562,query,65225,11551739539080,pgAdmin 4 Helper,249234488,1.050240708
1,pgadmin,20.562,query,65229,11551743350435,Python,161317680,3.374701458
1,pgadmin,20.562,query,65222,11551728686630,pgAdmin 4,64964408,0.892367167
1,pgadmin,20.562,query,65277,11551881519645,com.apple.SafariPlatformSupport,9732720,0.116333917
1,pgadmin,20.562,query,65226,11551739621083,pgAdmin 4 Helper,8455032,0.262048667
1,pgadmin,20.816,query,65254,11551833771542,pgAdmin 4 Helper (Renderer),373524328,4.822240375
1,pgadmin,20.816,query,65225,11551739539080,pgAdmin 4 Helper,243762232,1.082173167
1,pgadmin,20.816,query,65229,11551743350435,Python,161317680,3.374701458
1,pgadmin,20.816,query,65222,11551728686630,pgAdmin 4,64997176,0.909055125
1,pgadmin,20.816,query,65277,11551881519645,com.apple.SafariPlatformSupport,9732720,0.116333917
1,pgadmin,20.816,query,65226,11551739621083,pgAdmin 4 Helper,8455032,0.262048667
1,pgadmin,21.070,query,65254,11551833771542,pgAdmin 4 Helper (Renderer),378849128,4.939148958
1,pgadmin,21.070,query,65225,11551739539080,pgAdmin 4 Helper,239518776,1.115786750
1,pgadmin,21.070,query,65229,11551743350435,Python,161317680,3.374757083
1,pgadmin,21.070,query,65222,11551728686630,pgAdmin 4,64915256,0.925485125
1,pgadmin,21.070,query,65277,11551881519645,com.apple.SafariPlatformSupport,9732720,0.116333917
1,pgadmin,21.070,query,65226,11551739621083,pgAdmin 4 Helper,8455032,0.262048667
1,pgadmin,21.323,query,65254,11551833771542,pgAdmin 4 Helper (Renderer),376932200,5.013591292
1,pgadmin,21.323,query,65225,11551739539080,pgAdmin 4 Helper,239305784,1.134127792
1,pgadmin,21.323,query,65229,11551743350435,Python,161317680,3.374757083
1,pgadmin,21.323,query,65222,11551728686630,pgAdmin 4,64915256,0.937999958
1,pgadmin,21.323,query,65277,11551881519645,com.apple.SafariPlatformSupport,9732720,0.116333917
1,pgadmin,21.323,query,65226,11551739621083,pgAdmin 4 Helper,8455032,0.262048667
1,pgadmin,21.578,query,65254,11551833771542,pgAdmin 4 Helper (Renderer),383715176,5.126441542
1,pgadmin,21.578,query,65225,11551739539080,pgAdmin 4 Helper,239305784,1.172883333
1,pgadmin,21.578,query,65229,11551743350435,Python,161317680,3.374810042
1,pgadmin,21.578,query,65222,11551728686630,pgAdmin 4,64948024,0.956788083
1,pgadmin,21.578,query,65277,11551881519645,com.apple.SafariPlatformSupport,9732720,0.116333917
1,pgadmin,21.578,query,65226,11551739621083,pgAdmin 4 Helper,8455032,0.262048667
1,pgadmin,21.834,query,65254,11551833771542,pgAdmin 4 Helper (Renderer),386647912,5.184197958
1,pgadmin,21.834,query,65225,11551739539080,pgAdmin 4 Helper,239289400,1.191041542
1,pgadmin,21.834,query,65229,11551743350435,Python,161317680,3.374810042
1,pgadmin,21.834,query,65222,11551728686630,pgAdmin 4,64948024,0.965060750
1,pgadmin,21.834,query,65277,11551881519645,com.apple.SafariPlatformSupport,9732720,0.116333917
1,pgadmin,21.834,query,65226,11551739621083,pgAdmin 4 Helper,8455032,0.262048667
1,pgadmin,22.087,query,65254,11551833771542,pgAdmin 4 Helper (Renderer),389826408,5.289532458
1,pgadmin,22.087,query,65225,11551739539080,pgAdmin 4 Helper,238470200,1.219467917
1,pgadmin,22.087,query,65229,11551743350435,Python,161317680,3.381938208
1,pgadmin,22.087,query,65222,11551728686630,pgAdmin 4,64948024,0.981868958
1,pgadmin,22.087,query,65277,11551881519645,com.apple.SafariPlatformSupport,9732720,0.116333917
1,pgadmin,22.087,query,65226,11551739621083,pgAdmin 4 Helper,8455032,0.265980042
1,pgadmin,22.339,query,65254,11551833771542,pgAdmin 4 Helper (Renderer),394741608,5.416966500
1,pgadmin,22.339,query,65225,11551739539080,pgAdmin 4 Helper,238470200,1.251128042
1,pgadmin,22.339,query,65229,11551743350435,Python,161317680,3.381938208
1,pgadmin,22.339,query,65222,11551728686630,pgAdmin 4,64948024,1.000319208
1,pgadmin,22.339,query,65277,11551881519645,com.apple.SafariPlatformSupport,9699952,0.116489208
1,pgadmin,22.339,query,65226,11551739621083,pgAdmin 4 Helper,8455032,0.265980042
1,pgadmin,22.592,query,65254,11551833771542,pgAdmin 4 Helper (Renderer),396052328,5.466022292
1,pgadmin,22.592,query,65225,11551739539080,pgAdmin 4 Helper,233456696,1.267539542
1,pgadmin,22.592,query,65229,11551743350435,Python,161317680,3.381980208
1,pgadmin,22.592,query,65222,11551728686630,pgAdmin 4,64948024,1.009912625
1,pgadmin,22.592,query,65277,11551881519645,com.apple.SafariPlatformSupport,9699952,0.116489208
1,pgadmin,22.592,query,65226,11551739621083,pgAdmin 4 Helper,8455032,0.265980042
1,pgadmin,22.844,query,65254,11551833771542,pgAdmin 4 Helper (Renderer),396642152,5.495705125
1,pgadmin,22.844,query,65225,11551739539080,pgAdmin 4 Helper,226247736,1.277950167
1,pgadmin,22.844,query,65229,11551743350435,Python,161317680,3.381980208
1,pgadmin,22.844,query,65222,11551728686630,pgAdmin 4,64948024,1.015231458
1,pgadmin,22.844,query,65277,11551881519645,com.apple.SafariPlatformSupport,9699952,0.116489208
1,pgadmin,22.844,query,65226,11551739621083,pgAdmin 4 Helper,8455032,0.265980042
1,pgadmin,23.099,after-query,65254,11551833771542,pgAdmin 4 Helper (Renderer),396740456,5.518155333
1,pgadmin,23.099,after-query,65225,11551739539080,pgAdmin 4 Helper,226247736,1.285158000
1,pgadmin,23.099,after-query,65229,11551743350435,Python,161317680,3.382070042
1,pgadmin,23.099,after-query,65222,11551728686630,pgAdmin 4,64948024,1.015954125
1,pgadmin,23.099,after-query,65277,11551881519645,com.apple.SafariPlatformSupport,9699952,0.116489208
1,pgadmin,23.099,after-query,65226,11551739621083,pgAdmin 4 Helper,8455032,0.265980042
1,pgadmin,23.354,after-query,65254,11551833771542,pgAdmin 4 Helper (Renderer),396789608,5.539343792
1,pgadmin,23.354,after-query,65225,11551739539080,pgAdmin 4 Helper,226247736,1.292099458
1,pgadmin,23.354,after-query,65229,11551743350435,Python,161317680,3.382178625
1,pgadmin,23.354,after-query,65222,11551728686630,pgAdmin 4,64948024,1.016306250
1,pgadmin,23.354,after-query,65277,11551881519645,com.apple.SafariPlatformSupport,9699952,0.116489208
1,pgadmin,23.354,after-query,65226,11551739621083,pgAdmin 4 Helper,8455032,0.265980042
1,pgadmin,23.610,after-query,65254,11551833771542,pgAdmin 4 Helper (Renderer),396887912,5.559043875
1,pgadmin,23.610,after-query,65225,11551739539080,pgAdmin 4 Helper,226247736,1.298405417
1,pgadmin,23.610,after-query,65229,11551743350435,Python,161317680,3.382178625
1,pgadmin,23.610,after-query,65222,11551728686630,pgAdmin 4,64948024,1.016306250
1,pgadmin,23.610,after-query,65277,11551881519645,com.apple.SafariPlatformSupport,9699952,0.116489208
1,pgadmin,23.610,after-query,65226,11551739621083,pgAdmin 4 Helper,8455032,0.265980042
1,pgadmin,23.865,after-query,65254,11551833771542,pgAdmin 4 Helper (Renderer),396953448,5.598665667
1,pgadmin,23.865,after-query,65225,11551739539080,pgAdmin 4 Helper,200066080,1.308024167
1,pgadmin,23.865,after-query,65229,11551743350435,Python,161317680,3.391845000
1,pgadmin,23.865,after-query,65222,11551728686630,pgAdmin 4,64948024,1.017443375
1,pgadmin,23.865,after-query,65277,11551881519645,com.apple.SafariPlatformSupport,9699952,0.116489208
1,pgadmin,23.865,after-query,65226,11551739621083,pgAdmin 4 Helper,8455032,0.270838917
1,pgadmin,24.120,after-query,65254,11551833771542,pgAdmin 4 Helper (Renderer),397018984,5.612074458
1,pgadmin,24.120,after-query,65225,11551739539080,pgAdmin 4 Helper,200066080,1.312693583
1,pgadmin,24.120,after-query,65229,11551743350435,Python,161317680,3.391845000
1,pgadmin,24.120,after-query,65222,11551728686630,pgAdmin 4,64948024,1.017443375
1,pgadmin,24.120,after-query,65277,11551881519645,com.apple.SafariPlatformSupport,9699952,0.116489208
1,pgadmin,24.120,after-query,65226,11551739621083,pgAdmin 4 Helper,8455032,0.270838917
1,pgadmin,24.375,after-query,65254,11551833771542,pgAdmin 4 Helper (Renderer),397100904,5.631791042
1,pgadmin,24.375,after-query,65225,11551739539080,pgAdmin 4 Helper,200066080,1.319303458
1,pgadmin,24.375,after-query,65229,11551743350435,Python,161317680,3.391942833
1,pgadmin,24.375,after-query,65222,11551728686630,pgAdmin 4,64948024,1.017443375
1,pgadmin,24.375,after-query,65277,11551881519645,com.apple.SafariPlatformSupport,9699952,0.116489208
1,pgadmin,24.375,after-query,65226,11551739621083,pgAdmin 4 Helper,8455032,0.270838917
1,pgadmin,24.631,after-query,65254,11551833771542,pgAdmin 4 Helper (Renderer),397166440,5.652847792
1,pgadmin,24.631,after-query,65225,11551739539080,pgAdmin 4 Helper,200066080,1.326213500
1,pgadmin,24.631,after-query,65229,11551743350435,Python,161317680,3.391942833
1,pgadmin,24.631,after-query,65222,11551728686630,pgAdmin 4,64980792,1.018110875
1,pgadmin,24.631,after-query,65277,11551881519645,com.apple.SafariPlatformSupport,9699952,0.116489208
1,pgadmin,24.631,after-query,65226,11551739621083,pgAdmin 4 Helper,8455032,0.270838917
1,pgadmin,24.883,after-query,65254,11551833771542,pgAdmin 4 Helper (Renderer),397231976,5.671939667
1,pgadmin,24.883,after-query,65225,11551739539080,pgAdmin 4 Helper,188990496,1.334756917
1,pgadmin,24.883,after-query,65229,11551743350435,Python,161317680,3.392000625
1,pgadmin,24.883,after-query,65222,11551728686630,pgAdmin 4,64980792,1.018190583
1,pgadmin,24.883,after-query,65277,11551881519645,com.apple.SafariPlatformSupport,9699952,0.116489208
1,pgadmin,24.883,after-query,65226,11551739621083,pgAdmin 4 Helper,8455032,0.270838917
1,pgadmin,25.139,after-query,65254,11551833771542,pgAdmin 4 Helper (Renderer),397313896,5.691525667
1,pgadmin,25.139,after-query,65225,11551739539080,pgAdmin 4 Helper,188990496,1.341227375
1,pgadmin,25.139,after-query,65229,11551743350435,Python,161317680,3.392000625
1,pgadmin,25.139,after-query,65222,11551728686630,pgAdmin 4,64980792,1.018190583
1,pgadmin,25.139,after-query,65277,11551881519645,com.apple.SafariPlatformSupport,9699952,0.116489208
1,pgadmin,25.139,after-query,65226,11551739621083,pgAdmin 4 Helper,8455032,0.270838917
1,pgadmin,25.394,after-query,65254,11551833771542,pgAdmin 4 Helper (Renderer),397395816,5.712940292
1,pgadmin,25.394,after-query,65225,11551739539080,pgAdmin 4 Helper,188990496,1.347968333
1,pgadmin,25.394,after-query,65229,11551743350435,Python,161317680,3.392100833
1,pgadmin,25.394,after-query,65222,11551728686630,pgAdmin 4,64980792,1.018190583
1,pgadmin,25.394,after-query,65277,11551881519645,com.apple.SafariPlatformSupport,9699952,0.116489208
1,pgadmin,25.394,after-query,65226,11551739621083,pgAdmin 4 Helper,8455032,0.270838917
1,pgadmin,25.649,after-query,65254,11551833771542,pgAdmin 4 Helper (Renderer),397444968,5.733555958
1,pgadmin,25.649,after-query,65225,11551739539080,pgAdmin 4 Helper,189006880,1.354608667
1,pgadmin,25.649,after-query,65229,11551743350435,Python,161317680,3.392100833
1,pgadmin,25.649,after-query,65222,11551728686630,pgAdmin 4,64980792,1.019990750
1,pgadmin,25.649,after-query,65277,11551881519645,com.apple.SafariPlatformSupport,9699952,0.116489208
1,pgadmin,25.649,after-query,65226,11551739621083,pgAdmin 4 Helper,8455032,0.270838917
1,pgadmin,25.904,after-query,65254,11551833771542,pgAdmin 4 Helper (Renderer),397838184,5.776906958
1,pgadmin,25.904,after-query,65225,11551739539080,pgAdmin 4 Helper,189006880,1.360413792
1,pgadmin,25.904,after-query,65229,11551743350435,Python,161334064,3.402929250
1,pgadmin,25.904,after-query,65222,11551728686630,pgAdmin 4,64980792,1.021279000
1,pgadmin,25.904,after-query,65277,11551881519645,com.apple.SafariPlatformSupport,9699952,0.116489208
1,pgadmin,25.904,after-query,65226,11551739621083,pgAdmin 4 Helper,8455032,0.275466667
1,pgadmin,26.159,after-query,65254,11551833771542,pgAdmin 4 Helper (Renderer),397903720,5.793769833
1,pgadmin,26.159,after-query,65225,11551739539080,pgAdmin 4 Helper,174654496,1.368210500
1,pgadmin,26.159,after-query,65229,11551743350435,Python,161334064,3.402929250
1,pgadmin,26.159,after-query,65222,11551728686630,pgAdmin 4,64980792,1.021279000
1,pgadmin,26.159,after-query,65277,11551881519645,com.apple.SafariPlatformSupport,9699952,0.116489208
1,pgadmin,26.159,after-query,65226,11551739621083,pgAdmin 4 Helper,8455032,0.275466667
1,pgadmin,26.414,after-query,65254,11551833771542,pgAdmin 4 Helper (Renderer),397952872,5.810441792
1,pgadmin,26.414,after-query,65225,11551739539080,pgAdmin 4 Helper,174654496,1.374124792
1,pgadmin,26.414,after-query,65229,11551743350435,Python,161334064,3.403018500
1,pgadmin,26.414,after-query,65222,11551728686630,pgAdmin 4,64980792,1.021514917
1,pgadmin,26.414,after-query,65277,11551881519645,com.apple.SafariPlatformSupport,9699952,0.116489208
1,pgadmin,26.414,after-query,65226,11551739621083,pgAdmin 4 Helper,8455032,0.275466667
1,pgadmin,26.669,after-query,65254,11551833771542,pgAdmin 4 Helper (Renderer),398018408,5.829189208
1,pgadmin,26.669,after-query,65225,11551739539080,pgAdmin 4 Helper,174654496,1.380745333
1,pgadmin,26.669,after-query,65229,11551743350435,Python,161334064,3.403018500
1,pgadmin,26.669,after-query,65222,11551728686630,pgAdmin 4,64948024,1.021871958
1,pgadmin,26.669,after-query,65277,11551881519645,com.apple.SafariPlatformSupport,9699952,0.116489208
1,pgadmin,26.669,after-query,65226,11551739621083,pgAdmin 4 Helper,8455032,0.275466667
1,pgadmin,26.923,after-query,65254,11551833771542,pgAdmin 4 Helper (Renderer),398100328,5.851287917
1,pgadmin,26.923,after-query,65225,11551739539080,pgAdmin 4 Helper,174654496,1.387811583
1,pgadmin,26.923,after-query,65229,11551743350435,Python,161334064,3.403114667
1,pgadmin,26.923,after-query,65222,11551728686630,pgAdmin 4,64948024,1.021871958
1,pgadmin,26.923,after-query,65277,11551881519645,com.apple.SafariPlatformSupport,9699952,0.116489208
1,pgadmin,26.923,after-query,65226,11551739621083,pgAdmin 4 Helper,8455032,0.275466667
1,pgadmin,27.179,after-query,65254,11551833771542,pgAdmin 4 Helper (Renderer),398165864,5.872696500
1,pgadmin,27.179,after-query,65225,11551739539080,pgAdmin 4 Helper,174654496,1.394789583
1,pgadmin,27.179,after-query,65229,11551743350435,Python,161334064,3.403114667
1,pgadmin,27.179,after-query,65222,11551728686630,pgAdmin 4,64948024,1.021871958
1,pgadmin,27.179,after-query,65277,11551881519645,com.apple.SafariPlatformSupport,9699952,0.116489208
1,pgadmin,27.179,after-query,65226,11551739621083,pgAdmin 4 Helper,8455032,0.275466667
1,pgadmin,27.436,after-query,65254,11551833771542,pgAdmin 4 Helper (Renderer),398231400,5.894288500
1,pgadmin,27.436,after-query,65225,11551739539080,pgAdmin 4 Helper,174654496,1.401782042
1,pgadmin,27.436,after-query,65229,11551743350435,Python,161334064,3.403205792
1,pgadmin,27.436,after-query,65222,11551728686630,pgAdmin 4,64948024,1.021871958
1,pgadmin,27.436,after-query,65277,11551881519645,com.apple.SafariPlatformSupport,9699952,0.116489208
1,pgadmin,27.436,after-query,65226,11551739621083,pgAdmin 4 Helper,8455032,0.275466667
1,dbgate,0.253,launch,65394,11552532965907,DbGate,8471440,0.097142958
1,dbgate,0.508,launch,65394,11552532965907,DbGate,39863832,0.279348375
1,dbgate,0.508,launch,65396,11552543265559,DbGate Helper (GPU),6668888,0.033226125
1,dbgate,0.508,launch,65397,11552543416335,DbGate Helper,4014704,0.025877542
1,dbgate,0.764,launch,65394,11552532965907,DbGate,62801456,0.439428958
1,dbgate,0.764,launch,65396,11552543265559,DbGate Helper (GPU),10830664,0.087039958
1,dbgate,0.764,launch,65397,11552543416335,DbGate Helper,6112048,0.043563292
1,dbgate,1.014,settle,65394,11552532965907,DbGate,88344304,0.609942208
1,dbgate,1.014,settle,65403,11552552893438,DbGate Helper (Renderer),49267960,0.123793542
1,dbgate,1.014,settle,65396,11552543265559,DbGate Helper (GPU),12649312,0.103072458
1,dbgate,1.014,settle,65397,11552543416335,DbGate Helper,6603592,0.048510958
1,dbgate,1.270,settle,65394,11552532965907,DbGate,110462704,0.732940667
1,dbgate,1.270,settle,65403,11552552893438,DbGate Helper (Renderer),76940680,0.361701792
1,dbgate,1.270,settle,65396,11552543265559,DbGate Helper (GPU),57230224,0.132243083
1,dbgate,1.270,settle,65397,11552543416335,DbGate Helper,6603592,0.048510958
1,dbgate,1.270,settle,65407,11552561717691,DbGate Helper,3670688,0.027372500
1,dbgate,1.525,settle,65396,11552543265559,DbGate Helper (GPU),238126064,0.213947875
1,dbgate,1.525,settle,65394,11552532965907,DbGate,116918024,0.827326375
1,dbgate,1.525,settle,65403,11552552893438,DbGate Helper (Renderer),101484032,0.554710083
1,dbgate,1.525,settle,65407,11552561717691,DbGate Helper,44549248,0.223343542
1,dbgate,1.525,settle,65410,11552563682124,DbGate Helper,35308720,0.158257042
1,dbgate,1.525,settle,65409,11552563601740,DbGate Helper,35243136,0.160397542
1,dbgate,1.525,settle,65397,11552543416335,DbGate Helper,7504712,0.055552875
1,dbgate,1.780,settle,65396,11552543265559,DbGate Helper (GPU),238224368,0.226802500
1,dbgate,1.780,settle,65394,11552532965907,DbGate,119359240,0.853895250
1,dbgate,1.780,settle,65403,11552552893438,DbGate Helper (Renderer),102368768,0.579178708
1,dbgate,1.780,settle,65410,11552563682124,DbGate Helper,51905832,0.344798208
1,dbgate,1.780,settle,65407,11552561717691,DbGate Helper,51873016,0.322304500
1,dbgate,1.780,settle,65409,11552563601740,DbGate Helper,51791096,0.345724208
1,dbgate,1.780,settle,65421,11552568799454,com.apple.SafariPlatformSupport,9781848,0.103149333
1,dbgate,1.780,settle,65397,11552543416335,DbGate Helper,7816008,0.056949125
1,dbgate,2.035,settle,65396,11552543265559,DbGate Helper (GPU),238224368,0.242704625
1,dbgate,2.035,settle,65394,11552532965907,DbGate,119342856,0.860009917
1,dbgate,2.035,settle,65403,11552552893438,DbGate Helper (Renderer),102385152,0.591011708
1,dbgate,2.035,settle,65410,11552563682124,DbGate Helper,51905832,0.344919667
1,dbgate,2.035,settle,65407,11552561717691,DbGate Helper,51873016,0.322468208
1,dbgate,2.035,settle,65409,11552563601740,DbGate Helper,51791096,0.345856833
1,dbgate,2.035,settle,65421,11552568799454,com.apple.SafariPlatformSupport,9781848,0.103949708
1,dbgate,2.035,settle,65397,11552543416335,DbGate Helper,7979848,0.059031667
1,dbgate,2.290,settle,65396,11552543265559,DbGate Helper (GPU),245777392,0.259706583
1,dbgate,2.290,settle,65394,11552532965907,DbGate,119621384,0.882061375
1,dbgate,2.290,settle,65403,11552552893438,DbGate Helper (Renderer),102680064,0.608431917
1,dbgate,2.290,settle,65410,11552563682124,DbGate Helper,51905832,0.344919667
1,dbgate,2.290,settle,65407,11552561717691,DbGate Helper,51873016,0.322468208
1,dbgate,2.290,settle,65409,11552563601740,DbGate Helper,51791096,0.345856833
1,dbgate,2.290,settle,65421,11552568799454,com.apple.SafariPlatformSupport,9781848,0.103949708
1,dbgate,2.290,settle,65397,11552543416335,DbGate Helper,8061768,0.067588083
1,dbgate,2.545,settle,65396,11552543265559,DbGate Helper (GPU),245793776,0.267544083
1,dbgate,2.545,settle,65394,11552532965907,DbGate,116377352,0.883799250
1,dbgate,2.545,settle,65403,11552552893438,DbGate Helper (Renderer),102712832,0.617111458
1,dbgate,2.545,settle,65410,11552563682124,DbGate Helper,51905832,0.344919667
1,dbgate,2.545,settle,65407,11552561717691,DbGate Helper,51873016,0.322468208
1,dbgate,2.545,settle,65409,11552563601740,DbGate Helper,51791096,0.345856833
1,dbgate,2.545,settle,65421,11552568799454,com.apple.SafariPlatformSupport,9781848,0.103949708
1,dbgate,2.545,settle,65397,11552543416335,DbGate Helper,8061768,0.067588083
1,dbgate,2.800,settle,65396,11552543265559,DbGate Helper (GPU),235619312,0.274932542
1,dbgate,2.800,settle,65394,11552532965907,DbGate,116492040,0.887729250
1,dbgate,2.800,settle,65403,11552552893438,DbGate Helper (Renderer),102729216,0.624585708
1,dbgate,2.800,settle,65410,11552563682124,DbGate Helper,51922216,0.345300458
1,dbgate,2.800,settle,65407,11552561717691,DbGate Helper,51873016,0.323273042
1,dbgate,2.800,settle,65409,11552563601740,DbGate Helper,51791096,0.346313292
1,dbgate,2.800,settle,65421,11552568799454,com.apple.SafariPlatformSupport,9781848,0.104183792
1,dbgate,2.800,settle,65397,11552543416335,DbGate Helper,8061768,0.067588083
1,dbgate,3.056,settle,65396,11552543265559,DbGate Helper (GPU),235652080,0.285455583
1,dbgate,3.056,settle,65394,11552532965907,DbGate,116492040,0.887729250
1,dbgate,3.056,settle,65403,11552552893438,DbGate Helper (Renderer),102745600,0.635805667
1,dbgate,3.056,settle,65410,11552563682124,DbGate Helper,51922216,0.345300458
1,dbgate,3.056,settle,65407,11552561717691,DbGate Helper,51873016,0.323273042
1,dbgate,3.056,settle,65409,11552563601740,DbGate Helper,51791096,0.346313292
1,dbgate,3.056,settle,65421,11552568799454,com.apple.SafariPlatformSupport,9781848,0.104183792
1,dbgate,3.056,settle,65397,11552543416335,DbGate Helper,8061768,0.067588083
1,dbgate,3.311,settle,65396,11552543265559,DbGate Helper (GPU),235635696,0.293761292
1,dbgate,3.311,settle,65394,11552532965907,DbGate,116492040,0.887729250
1,dbgate,3.311,settle,65403,11552552893438,DbGate Helper (Renderer),102745600,0.643380250
1,dbgate,3.311,settle,65410,11552563682124,DbGate Helper,51922216,0.345300458
1,dbgate,3.311,settle,65407,11552561717691,DbGate Helper,51873016,0.323273042
1,dbgate,3.311,settle,65409,11552563601740,DbGate Helper,51791096,0.346313292
1,dbgate,3.311,settle,65421,11552568799454,com.apple.SafariPlatformSupport,9781848,0.104183792
1,dbgate,3.311,settle,65397,11552543416335,DbGate Helper,8061768,0.067588083
1,dbgate,3.566,settle,65396,11552543265559,DbGate Helper (GPU),231064560,0.304406833
1,dbgate,3.566,settle,65394,11552532965907,DbGate,116508424,0.888588042
1,dbgate,3.566,settle,65403,11552552893438,DbGate Helper (Renderer),102794752,0.653582875
1,dbgate,3.566,settle,65410,11552563682124,DbGate Helper,51922216,0.345300458
1,dbgate,3.566,settle,65407,11552561717691,DbGate Helper,51873016,0.323625708
1,dbgate,3.566,settle,65409,11552563601740,DbGate Helper,51791096,0.346313292
1,dbgate,3.566,settle,65421,11552568799454,com.apple.SafariPlatformSupport,9781848,0.104183792
1,dbgate,3.566,settle,65397,11552543416335,DbGate Helper,8061768,0.067588083
1,dbgate,3.822,settle,65396,11552543265559,DbGate Helper (GPU),221053936,0.312071167
1,dbgate,3.822,settle,65394,11552532965907,DbGate,116508424,0.889289333
1,dbgate,3.822,settle,65403,11552552893438,DbGate Helper (Renderer),102794752,0.660663250
1,dbgate,3.822,settle,65410,11552563682124,DbGate Helper,51922216,0.345505000
1,dbgate,3.822,settle,65407,11552561717691,DbGate Helper,51873016,0.323625708
1,dbgate,3.822,settle,65409,11552563601740,DbGate Helper,51791096,0.346658292
1,dbgate,3.822,settle,65421,11552568799454,com.apple.SafariPlatformSupport,9781848,0.104398917
1,dbgate,3.822,settle,65397,11552543416335,DbGate Helper,8061768,0.067588083
1,dbgate,4.073,settle,65396,11552543265559,DbGate Helper (GPU),210043864,0.326599542
1,dbgate,4.073,settle,65394,11552532965907,DbGate,116508424,0.889289333
1,dbgate,4.073,settle,65403,11552552893438,DbGate Helper (Renderer),102581760,0.671463250
1,dbgate,4.073,settle,65410,11552563682124,DbGate Helper,51922216,0.345505000
1,dbgate,4.073,settle,65407,11552561717691,DbGate Helper,51873016,0.323625708
1,dbgate,4.073,settle,65409,11552563601740,DbGate Helper,51791096,0.346658292
1,dbgate,4.073,settle,65421,11552568799454,com.apple.SafariPlatformSupport,9781848,0.104398917
1,dbgate,4.073,settle,65397,11552543416335,DbGate Helper,8061768,0.067588083
1,dbgate,4.328,settle,65396,11552543265559,DbGate Helper (GPU),210027480,0.333887917
1,dbgate,4.328,settle,65394,11552532965907,DbGate,116508424,0.889289333
1,dbgate,4.328,settle,65403,11552552893438,DbGate Helper (Renderer),102581760,0.677432208
1,dbgate,4.328,settle,65410,11552563682124,DbGate Helper,51922216,0.345505000
1,dbgate,4.328,settle,65407,11552561717691,DbGate Helper,51873016,0.323625708
1,dbgate,4.328,settle,65409,11552563601740,DbGate Helper,51791096,0.346658292
1,dbgate,4.328,settle,65421,11552568799454,com.apple.SafariPlatformSupport,9781848,0.104398917
1,dbgate,4.328,settle,65397,11552543416335,DbGate Helper,8061768,0.067588083
1,dbgate,4.579,settle,65396,11552543265559,DbGate Helper (GPU),210043864,0.343519500
1,dbgate,4.579,settle,65394,11552532965907,DbGate,116508424,0.889667250
1,dbgate,4.579,settle,65403,11552552893438,DbGate Helper (Renderer),102581760,0.686405292
1,dbgate,4.579,settle,65410,11552563682124,DbGate Helper,51922216,0.345505000
1,dbgate,4.579,settle,65407,11552561717691,DbGate Helper,51873016,0.323890625
1,dbgate,4.579,settle,65409,11552563601740,DbGate Helper,51791096,0.346658292
1,dbgate,4.579,settle,65421,11552568799454,com.apple.SafariPlatformSupport,9781848,0.104398917
1,dbgate,4.579,settle,65397,11552543416335,DbGate Helper,8061768,0.067588083
1,dbgate,4.834,settle,65396,11552543265559,DbGate Helper (GPU),210027480,0.349891917
1,dbgate,4.834,settle,65394,11552532965907,DbGate,116508424,0.890420833
1,dbgate,4.834,settle,65403,11552552893438,DbGate Helper (Renderer),102581760,0.692242125
1,dbgate,4.834,settle,65410,11552563682124,DbGate Helper,51922216,0.345809542
1,dbgate,4.834,settle,65407,11552561717691,DbGate Helper,51873016,0.323890625
1,dbgate,4.834,settle,65409,11552563601740,DbGate Helper,51791096,0.346996083
1,dbgate,4.834,settle,65421,11552568799454,com.apple.SafariPlatformSupport,9781848,0.104398917
1,dbgate,4.834,settle,65397,11552543416335,DbGate Helper,8061768,0.067588083
1,dbgate,5.090,settle,65396,11552543265559,DbGate Helper (GPU),210043864,0.362045792
1,dbgate,5.090,settle,65394,11552532965907,DbGate,116508424,0.892462792
1,dbgate,5.090,settle,65403,11552552893438,DbGate Helper (Renderer),102581760,0.702729000
1,dbgate,5.090,settle,65410,11552563682124,DbGate Helper,51922216,0.345809542
1,dbgate,5.090,settle,65407,11552561717691,DbGate Helper,51873016,0.323890625
1,dbgate,5.090,settle,65409,11552563601740,DbGate Helper,51791096,0.346996083
1,dbgate,5.090,settle,65421,11552568799454,com.apple.SafariPlatformSupport,9781848,0.104398917
1,dbgate,5.090,settle,65397,11552543416335,DbGate Helper,8061768,0.067588083
1,dbgate,5.345,settle,65396,11552543265559,DbGate Helper (GPU),210027480,0.370321625
1,dbgate,5.345,settle,65394,11552532965907,DbGate,116508424,0.892462792
1,dbgate,5.345,settle,65403,11552552893438,DbGate Helper (Renderer),102581760,0.709630708
1,dbgate,5.345,settle,65410,11552563682124,DbGate Helper,51922216,0.345809542
1,dbgate,5.345,settle,65407,11552561717691,DbGate Helper,51873016,0.323890625
1,dbgate,5.345,settle,65409,11552563601740,DbGate Helper,51791096,0.346996083
1,dbgate,5.345,settle,65421,11552568799454,com.apple.SafariPlatformSupport,9781848,0.104398917
1,dbgate,5.345,settle,65397,11552543416335,DbGate Helper,8061768,0.067588083
1,dbgate,5.600,settle,65396,11552543265559,DbGate Helper (GPU),210027480,0.378801917
1,dbgate,5.600,settle,65394,11552532965907,DbGate,116508424,0.893011083
1,dbgate,5.600,settle,65403,11552552893438,DbGate Helper (Renderer),102581760,0.717681958
1,dbgate,5.600,settle,65410,11552563682124,DbGate Helper,51922216,0.345809542
1,dbgate,5.600,settle,65407,11552561717691,DbGate Helper,51873016,0.324038875
1,dbgate,5.600,settle,65409,11552563601740,DbGate Helper,51791096,0.346996083
1,dbgate,5.600,settle,65421,11552568799454,com.apple.SafariPlatformSupport,9781848,0.104398917
1,dbgate,5.600,settle,65397,11552543416335,DbGate Helper,8012616,0.067735875
1,dbgate,5.855,settle,65396,11552543265559,DbGate Helper (GPU),210027480,0.385701333
1,dbgate,5.855,settle,65394,11552532965907,DbGate,116508424,0.893408375
1,dbgate,5.855,settle,65403,11552552893438,DbGate Helper (Renderer),102581760,0.724380208
1,dbgate,5.855,settle,65410,11552563682124,DbGate Helper,51922216,0.346036250
1,dbgate,5.855,settle,65407,11552561717691,DbGate Helper,51873016,0.324038875
1,dbgate,5.855,settle,65409,11552563601740,DbGate Helper,51791096,0.347226083
1,dbgate,5.855,settle,65421,11552568799454,com.apple.SafariPlatformSupport,9781848,0.104577375
1,dbgate,5.855,settle,65397,11552543416335,DbGate Helper,8012616,0.067735875
1,dbgate,6.110,query,65396,11552543265559,DbGate Helper (GPU),210043864,0.393831167
1,dbgate,6.110,query,65394,11552532965907,DbGate,116459272,0.894293542
1,dbgate,6.110,query,65403,11552552893438,DbGate Helper (Renderer),102565376,0.732451500
1,dbgate,6.110,query,65410,11552563682124,DbGate Helper,51922216,0.346036250
1,dbgate,6.110,query,65407,11552561717691,DbGate Helper,51873016,0.324038875
1,dbgate,6.110,query,65409,11552563601740,DbGate Helper,51791096,0.347226083
1,dbgate,6.110,query,65421,11552568799454,com.apple.SafariPlatformSupport,9781848,0.104751375
1,dbgate,6.110,query,65397,11552543416335,DbGate Helper,8012616,0.067735875
1,dbgate,6.365,query,65396,11552543265559,DbGate Helper (GPU),210027480,0.399663208
1,dbgate,6.365,query,65394,11552532965907,DbGate,116475656,0.895717875
1,dbgate,6.365,query,65403,11552552893438,DbGate Helper (Renderer),102581760,0.737526667
1,dbgate,6.365,query,65410,11552563682124,DbGate Helper,51922216,0.346036250
1,dbgate,6.365,query,65407,11552561717691,DbGate Helper,51873016,0.324038875
1,dbgate,6.365,query,65409,11552563601740,DbGate Helper,51791096,0.347226083
1,dbgate,6.365,query,65421,11552568799454,com.apple.SafariPlatformSupport,9781848,0.104751375
1,dbgate,6.365,query,65397,11552543416335,DbGate Helper,8012616,0.067735875
1,dbgate,6.620,query,65396,11552543265559,DbGate Helper (GPU),172983256,0.416757417
1,dbgate,6.620,query,65394,11552532965907,DbGate,116410120,0.898001667
1,dbgate,6.620,query,65403,11552552893438,DbGate Helper (Renderer),102614528,0.749634833
1,dbgate,6.620,query,65410,11552563682124,DbGate Helper,51840296,0.346121667
1,dbgate,6.620,query,65407,11552561717691,DbGate Helper,51823864,0.325324708
1,dbgate,6.620,query,65409,11552563601740,DbGate Helper,51725560,0.347318333
1,dbgate,6.620,query,65421,11552568799454,com.apple.SafariPlatformSupport,9781848,0.104751375
1,dbgate,6.620,query,65397,11552543416335,DbGate Helper,8012616,0.067735875
1,dbgate,6.873,query,65396,11552543265559,DbGate Helper (GPU),172983256,0.423558500
1,dbgate,6.873,query,65394,11552532965907,DbGate,116410120,0.898577000
1,dbgate,6.873,query,65403,11552552893438,DbGate Helper (Renderer),102614528,0.756708542
1,dbgate,6.873,query,65410,11552563682124,DbGate Helper,51840296,0.346530417
1,dbgate,6.873,query,65407,11552561717691,DbGate Helper,51823864,0.325324708
1,dbgate,6.873,query,65409,11552563601740,DbGate Helper,51725560,0.347539083
1,dbgate,6.873,query,65421,11552568799454,com.apple.SafariPlatformSupport,9781848,0.105286292
1,dbgate,6.873,query,65397,11552543416335,DbGate Helper,8012616,0.067735875
1,dbgate,7.128,query,65396,11552543265559,DbGate Helper (GPU),121242584,0.439467500
1,dbgate,7.128,query,65394,11552532965907,DbGate,116410120,0.899650125
1,dbgate,7.128,query,65403,11552552893438,DbGate Helper (Renderer),102614528,0.766456583
1,dbgate,7.128,query,65410,11552563682124,DbGate Helper,51840296,0.346530417
1,dbgate,7.128,query,65407,11552561717691,DbGate Helper,51823864,0.325324708
1,dbgate,7.128,query,65409,11552563601740,DbGate Helper,51725560,0.347539083
1,dbgate,7.128,query,65421,11552568799454,com.apple.SafariPlatformSupport,9781848,0.105286292
1,dbgate,7.128,query,65397,11552543416335,DbGate Helper,8012616,0.067735875
1,dbgate,7.382,query,65394,11552532965907,DbGate,116410120,0.899650125
1,dbgate,7.382,query,65403,11552552893438,DbGate Helper (Renderer),102614528,0.773061708
1,dbgate,7.382,query,65396,11552543265559,DbGate Helper (GPU),82035672,0.450661833
1,dbgate,7.382,query,65410,11552563682124,DbGate Helper,51840296,0.346530417
1,dbgate,7.382,query,65407,11552561717691,DbGate Helper,51823864,0.325324708
1,dbgate,7.382,query,65409,11552563601740,DbGate Helper,51725560,0.347539083
1,dbgate,7.382,query,65421,11552568799454,com.apple.SafariPlatformSupport,9781848,0.105286292
1,dbgate,7.382,query,65397,11552543416335,DbGate Helper,8012616,0.067735875
1,dbgate,7.637,query,65394,11552532965907,DbGate,116426504,0.902527292
1,dbgate,7.637,query,65403,11552552893438,DbGate Helper (Renderer),102614528,0.781722375
1,dbgate,7.637,query,65396,11552543265559,DbGate Helper (GPU),82035672,0.459960125
1,dbgate,7.637,query,65410,11552563682124,DbGate Helper,51840296,0.346530417
1,dbgate,7.637,query,65407,11552561717691,DbGate Helper,51823864,0.325766458
1,dbgate,7.637,query,65409,11552563601740,DbGate Helper,51725560,0.347539083
1,dbgate,7.637,query,65421,11552568799454,com.apple.SafariPlatformSupport,9781848,0.105286292
1,dbgate,7.637,query,65397,11552543416335,DbGate Helper,8012616,0.067735875
1,dbgate,7.893,query,65394,11552532965907,DbGate,116426504,0.903035417
1,dbgate,7.893,query,65403,11552552893438,DbGate Helper (Renderer),102614528,0.787760667
1,dbgate,7.893,query,65396,11552543265559,DbGate Helper (GPU),82035672,0.466178708
1,dbgate,7.893,query,65410,11552563682124,DbGate Helper,51840296,0.347197667
1,dbgate,7.893,query,65407,11552561717691,DbGate Helper,51823864,0.325766458
1,dbgate,7.893,query,65409,11552563601740,DbGate Helper,51741944,0.348193625
1,dbgate,7.893,query,65421,11552568799454,com.apple.SafariPlatformSupport,9781848,0.105286292
1,dbgate,7.893,query,65397,11552543416335,DbGate Helper,8012616,0.067735875
1,dbgate,8.144,query,65394,11552532965907,DbGate,116426504,0.903035417
1,dbgate,8.144,query,65403,11552552893438,DbGate Helper (Renderer),102614528,0.796720125
1,dbgate,8.144,query,65396,11552543265559,DbGate Helper (GPU),82052056,0.476105875
1,dbgate,8.144,query,65410,11552563682124,DbGate Helper,51840296,0.347197667
1,dbgate,8.144,query,65407,11552561717691,DbGate Helper,51823864,0.325766458
1,dbgate,8.144,query,65409,11552563601740,DbGate Helper,51741944,0.348193625
1,dbgate,8.144,query,65421,11552568799454,com.apple.SafariPlatformSupport,9781848,0.105286292
1,dbgate,8.144,query,65397,11552543416335,DbGate Helper,8012616,0.067735875
1,dbgate,8.398,query,65394,11552532965907,DbGate,116426504,0.903035417
1,dbgate,8.398,query,65403,11552552893438,DbGate Helper (Renderer),102614528,0.803533333
1,dbgate,8.398,query,65396,11552543265559,DbGate Helper (GPU),82035672,0.483562667
1,dbgate,8.398,query,65410,11552563682124,DbGate Helper,51840296,0.347197667
1,dbgate,8.398,query,65407,11552561717691,DbGate Helper,51823864,0.325766458
1,dbgate,8.398,query,65409,11552563601740,DbGate Helper,51741944,0.348193625
1,dbgate,8.398,query,65421,11552568799454,com.apple.SafariPlatformSupport,9781848,0.105286292
1,dbgate,8.398,query,65397,11552543416335,DbGate Helper,8012616,0.067735875
1,dbgate,8.653,query,65394,11552532965907,DbGate,116426504,0.904643667
1,dbgate,8.653,query,65403,11552552893438,DbGate Helper (Renderer),102614528,0.812043083
1,dbgate,8.653,query,65396,11552543265559,DbGate Helper (GPU),82035672,0.492228750
1,dbgate,8.653,query,65410,11552563682124,DbGate Helper,51840296,0.347547917
1,dbgate,8.653,query,65407,11552561717691,DbGate Helper,51823864,0.326161917
1,dbgate,8.653,query,65409,11552563601740,DbGate Helper,51741944,0.348540417
1,dbgate,8.653,query,65421,11552568799454,com.apple.SafariPlatformSupport,9781848,0.105286292
1,dbgate,8.653,query,65397,11552543416335,DbGate Helper,8012616,0.067735875
1,dbgate,8.909,query,65394,11552532965907,DbGate,116426504,0.904643667
1,dbgate,8.909,query,65403,11552552893438,DbGate Helper (Renderer),102614528,0.820678083
1,dbgate,8.909,query,65396,11552543265559,DbGate Helper (GPU),82052056,0.499585542
1,dbgate,8.909,query,65410,11552563682124,DbGate Helper,51840296,0.347547917
1,dbgate,8.909,query,65407,11552561717691,DbGate Helper,51823864,0.326161917
1,dbgate,8.909,query,65409,11552563601740,DbGate Helper,51741944,0.348540417
1,dbgate,8.909,query,65421,11552568799454,com.apple.SafariPlatformSupport,9798256,0.105718000
1,dbgate,8.909,query,65397,11552543416335,DbGate Helper,8012616,0.067735875
1,dbgate,9.159,query,65394,11552532965907,DbGate,116426504,0.904643667
1,dbgate,9.159,query,65403,11552552893438,DbGate Helper (Renderer),102614528,0.827888042
1,dbgate,9.159,query,65396,11552543265559,DbGate Helper (GPU),82052056,0.509114917
1,dbgate,9.159,query,65410,11552563682124,DbGate Helper,51840296,0.347547917
1,dbgate,9.159,query,65407,11552561717691,DbGate Helper,51823864,0.326161917
1,dbgate,9.159,query,65409,11552563601740,DbGate Helper,51741944,0.348540417
1,dbgate,9.159,query,65421,11552568799454,com.apple.SafariPlatformSupport,9798256,0.105718000
1,dbgate,9.159,query,65397,11552543416335,DbGate Helper,8012616,0.067735875
1,dbgate,9.413,query,65394,11552532965907,DbGate,116475656,0.905926042
1,dbgate,9.413,query,65403,11552552893438,DbGate Helper (Renderer),102614528,0.833796542
1,dbgate,9.413,query,65396,11552543265559,DbGate Helper (GPU),82002904,0.514711417
1,dbgate,9.413,query,65410,11552563682124,DbGate Helper,51840296,0.347547917
1,dbgate,9.413,query,65407,11552561717691,DbGate Helper,51823864,0.326161917
1,dbgate,9.413,query,65409,11552563601740,DbGate Helper,51741944,0.348540417
1,dbgate,9.413,query,65421,11552568799454,com.apple.SafariPlatformSupport,9798256,0.105718000
1,dbgate,9.413,query,65397,11552543416335,DbGate Helper,8012616,0.067735875
1,dbgate,9.664,query,65394,11552532965907,DbGate,116475656,0.906946833
1,dbgate,9.664,query,65403,11552552893438,DbGate Helper (Renderer),102614528,0.839561083
1,dbgate,9.664,query,65396,11552543265559,DbGate Helper (GPU),82002904,0.523135083
1,dbgate,9.664,query,65410,11552563682124,DbGate Helper,51840296,0.348112958
1,dbgate,9.664,query,65407,11552561717691,DbGate Helper,51823864,0.326967958
1,dbgate,9.664,query,65409,11552563601740,DbGate Helper,51741944,0.349100958
1,dbgate,9.664,query,65421,11552568799454,com.apple.SafariPlatformSupport,9798256,0.105718000
1,dbgate,9.664,query,65397,11552543416335,DbGate Helper,8012616,0.067735875
1,dbgate,9.920,query,65394,11552532965907,DbGate,116475656,0.906946833
1,dbgate,9.920,query,65403,11552552893438,DbGate Helper (Renderer),102630912,0.847631083
1,dbgate,9.920,query,65396,11552543265559,DbGate Helper (GPU),82019288,0.530643292
1,dbgate,9.920,query,65410,11552563682124,DbGate Helper,51840296,0.348112958
1,dbgate,9.920,query,65407,11552561717691,DbGate Helper,51823864,0.326967958
1,dbgate,9.920,query,65409,11552563601740,DbGate Helper,51741944,0.349100958
1,dbgate,9.920,query,65421,11552568799454,com.apple.SafariPlatformSupport,9798256,0.105718000
1,dbgate,9.920,query,65397,11552543416335,DbGate Helper,8012616,0.067735875
1,dbgate,10.175,query,65394,11552532965907,DbGate,116475656,0.906946833
1,dbgate,10.175,query,65403,11552552893438,DbGate Helper (Renderer),102630912,0.853085667
1,dbgate,10.175,query,65396,11552543265559,DbGate Helper (GPU),82019288,0.538433000
1,dbgate,10.175,query,65410,11552563682124,DbGate Helper,51840296,0.348112958
1,dbgate,10.175,query,65407,11552561717691,DbGate Helper,51823864,0.326967958
1,dbgate,10.175,query,65409,11552563601740,DbGate Helper,51741944,0.349100958
1,dbgate,10.175,query,65421,11552568799454,com.apple.SafariPlatformSupport,9798256,0.105718000
1,dbgate,10.175,query,65397,11552543416335,DbGate Helper,8012616,0.067735875
1,dbgate,10.430,query,65394,11552532965907,DbGate,116475656,0.906946833
1,dbgate,10.430,query,65403,11552552893438,DbGate Helper (Renderer),102630912,0.859386375
1,dbgate,10.430,query,65396,11552543265559,DbGate Helper (GPU),82019288,0.545369708
1,dbgate,10.430,query,65410,11552563682124,DbGate Helper,51840296,0.348112958
1,dbgate,10.430,query,65407,11552561717691,DbGate Helper,51823864,0.326967958
1,dbgate,10.430,query,65409,11552563601740,DbGate Helper,51741944,0.349100958
1,dbgate,10.430,query,65421,11552568799454,com.apple.SafariPlatformSupport,9798256,0.105718000
1,dbgate,10.430,query,65397,11552543416335,DbGate Helper,8012616,0.067735875
1,dbgate,10.681,query,65394,11552532965907,DbGate,116475656,0.909853333
1,dbgate,10.681,query,65403,11552552893438,DbGate Helper (Renderer),102630912,0.865546792
1,dbgate,10.681,query,65396,11552543265559,DbGate Helper (GPU),82002904,0.553614917
1,dbgate,10.681,query,65410,11552563682124,DbGate Helper,51840296,0.348436292
1,dbgate,10.681,query,65407,11552561717691,DbGate Helper,51823864,0.327221833
1,dbgate,10.681,query,65409,11552563601740,DbGate Helper,51741944,0.349330000
1,dbgate,10.681,query,65421,11552568799454,com.apple.SafariPlatformSupport,9798256,0.105718000
1,dbgate,10.681,query,65397,11552543416335,DbGate Helper,8012616,0.067735875
1,dbgate,10.936,query,65394,11552532965907,DbGate,116475656,0.910028958
1,dbgate,10.936,query,65403,11552552893438,DbGate Helper (Renderer),102630912,0.871351125
1,dbgate,10.936,query,65396,11552543265559,DbGate Helper (GPU),82019288,0.559833042
1,dbgate,10.936,query,65410,11552563682124,DbGate Helper,51840296,0.348436292
1,dbgate,10.936,query,65407,11552561717691,DbGate Helper,51823864,0.327221833
1,dbgate,10.936,query,65409,11552563601740,DbGate Helper,51741944,0.349330000
1,dbgate,10.936,query,65421,11552568799454,com.apple.SafariPlatformSupport,9798256,0.105718000
1,dbgate,10.936,query,65397,11552543416335,DbGate Helper,8012616,0.067735875
1,dbgate,11.191,query,65394,11552532965907,DbGate,116475656,0.910263167
1,dbgate,11.191,query,65403,11552552893438,DbGate Helper (Renderer),102630912,0.875758333
1,dbgate,11.191,query,65396,11552543265559,DbGate Helper (GPU),82002904,0.567849583
1,dbgate,11.191,query,65410,11552563682124,DbGate Helper,51840296,0.348436292
1,dbgate,11.191,query,65407,11552561717691,DbGate Helper,51823864,0.327221833
1,dbgate,11.191,query,65409,11552563601740,DbGate Helper,51741944,0.349330000
1,dbgate,11.191,query,65421,11552568799454,com.apple.SafariPlatformSupport,9798256,0.105718000
1,dbgate,11.191,query,65397,11552543416335,DbGate Helper,8012616,0.067735875
1,dbgate,11.446,query,65394,11552532965907,DbGate,116475656,0.910305083
1,dbgate,11.446,query,65403,11552552893438,DbGate Helper (Renderer),102647296,0.884077167
1,dbgate,11.446,query,65396,11552543265559,DbGate Helper (GPU),82019288,0.575166375
1,dbgate,11.446,query,65410,11552563682124,DbGate Helper,51840296,0.348436292
1,dbgate,11.446,query,65407,11552561717691,DbGate Helper,51823864,0.327221833
1,dbgate,11.446,query,65409,11552563601740,DbGate Helper,51741944,0.349330000
1,dbgate,11.446,query,65421,11552568799454,com.apple.SafariPlatformSupport,9798256,0.105718000
1,dbgate,11.446,query,65397,11552543416335,DbGate Helper,8012616,0.067735875
1,dbgate,11.701,query,65394,11552532965907,DbGate,116475656,0.911569375
1,dbgate,11.701,query,65403,11552552893438,DbGate Helper (Renderer),102647296,0.888357167
1,dbgate,11.701,query,65396,11552543265559,DbGate Helper (GPU),82002904,0.580899875
1,dbgate,11.701,query,65410,11552563682124,DbGate Helper,51840296,0.348753958
1,dbgate,11.701,query,65407,11552561717691,DbGate Helper,51823864,0.327665083
1,dbgate,11.701,query,65409,11552563601740,DbGate Helper,51741944,0.349722042
1,dbgate,11.701,query,65421,11552568799454,com.apple.SafariPlatformSupport,9798256,0.105718000
1,dbgate,11.701,query,65397,11552543416335,DbGate Helper,8012616,0.067735875
1,dbgate,11.956,query,65396,11552543265559,DbGate Helper (GPU),143901656,0.596125917
1,dbgate,11.956,query,65394,11552532965907,DbGate,116950792,0.937517958
1,dbgate,11.956,query,65403,11552552893438,DbGate Helper (Renderer),103024128,0.903044500
1,dbgate,11.956,query,65410,11552563682124,DbGate Helper,51840296,0.348753958
1,dbgate,11.956,query,65407,11552561717691,DbGate Helper,51823864,0.327665083
1,dbgate,11.956,query,65409,11552563601740,DbGate Helper,51741944,0.349722042
1,dbgate,11.956,query,65421,11552568799454,com.apple.SafariPlatformSupport,9798256,0.105718000
1,dbgate,11.956,query,65397,11552543416335,DbGate Helper,8012616,0.067735875
1,dbgate,12.207,query,65396,11552543265559,DbGate Helper (GPU),143885272,0.602863042
1,dbgate,12.207,query,65394,11552532965907,DbGate,118834952,0.975999750
1,dbgate,12.207,query,65403,11552552893438,DbGate Helper (Renderer),103056896,0.910152792
1,dbgate,12.207,query,65410,11552563682124,DbGate Helper,51840296,0.348753958
1,dbgate,12.207,query,65407,11552561717691,DbGate Helper,51823864,0.327665083
1,dbgate,12.207,query,65409,11552563601740,DbGate Helper,51741944,0.349722042
1,dbgate,12.207,query,65421,11552568799454,com.apple.SafariPlatformSupport,9798256,0.105718000
1,dbgate,12.207,query,65397,11552543416335,DbGate Helper,8012616,0.067735875
1,dbgate,12.460,query,65396,11552543265559,DbGate Helper (GPU),197493720,0.614302875
1,dbgate,12.460,query,65394,11552532965907,DbGate,118933256,0.982899458
1,dbgate,12.460,query,65403,11552552893438,DbGate Helper (Renderer),104220160,0.926411625
1,dbgate,12.460,query,65410,11552563682124,DbGate Helper,51840296,0.348753958
1,dbgate,12.460,query,65407,11552561717691,DbGate Helper,51823864,0.327665083
1,dbgate,12.460,query,65409,11552563601740,DbGate Helper,51741944,0.349722042
1,dbgate,12.460,query,65421,11552568799454,com.apple.SafariPlatformSupport,9798256,0.105718000
1,dbgate,12.460,query,65397,11552543416335,DbGate Helper,8012616,0.068011417
1,dbgate,12.715,query,65396,11552543265559,DbGate Helper (GPU),198067160,0.627670833
1,dbgate,12.715,query,65394,11552532965907,DbGate,118949640,0.988705458
1,dbgate,12.715,query,65403,11552552893438,DbGate Helper (Renderer),104449536,0.941723125
1,dbgate,12.715,query,65410,11552563682124,DbGate Helper,51840296,0.348924792
1,dbgate,12.715,query,65407,11552561717691,DbGate Helper,51823864,0.327990042
1,dbgate,12.715,query,65409,11552563601740,DbGate Helper,51741944,0.349891458
1,dbgate,12.715,query,65421,11552568799454,com.apple.SafariPlatformSupport,9798256,0.105718000
1,dbgate,12.715,query,65397,11552543416335,DbGate Helper,8012616,0.068011417
1,dbgate,12.970,query,65396,11552543265559,DbGate Helper (GPU),198067160,0.639781000
1,dbgate,12.970,query,65394,11552532965907,DbGate,118949640,0.990220042
1,dbgate,12.970,query,65403,11552552893438,DbGate Helper (Renderer),104678912,0.956533583
1,dbgate,12.970,query,65410,11552563682124,DbGate Helper,51840296,0.348924792
1,dbgate,12.970,query,65407,11552561717691,DbGate Helper,51823864,0.327990042
1,dbgate,12.970,query,65409,11552563601740,DbGate Helper,51741944,0.349891458
1,dbgate,12.970,query,65421,11552568799454,com.apple.SafariPlatformSupport,9798256,0.105718000
1,dbgate,12.970,query,65397,11552543416335,DbGate Helper,8012616,0.068137125
1,dbgate,13.220,query,65396,11552543265559,DbGate Helper (GPU),217514968,0.677288167
1,dbgate,13.220,query,65394,11552532965907,DbGate,119670536,1.018291958
1,dbgate,13.220,query,65403,11552552893438,DbGate Helper (Renderer),107382272,1.016246167
1,dbgate,13.220,query,65410,11552563682124,DbGate Helper,51840296,0.348924792
1,dbgate,13.220,query,65407,11552561717691,DbGate Helper,51823864,0.327990042
1,dbgate,13.220,query,65409,11552563601740,DbGate Helper,51741944,0.349891458
1,dbgate,13.220,query,65477,11552844712430,DbGate Helper,38438040,0.168757292
1,dbgate,13.220,query,65421,11552568799454,com.apple.SafariPlatformSupport,9798256,0.105718000
1,dbgate,13.220,query,65397,11552543416335,DbGate Helper,8012616,0.068137125
1,dbgate,13.471,query,65396,11552543265559,DbGate Helper (GPU),223724504,0.699025000
1,dbgate,13.471,query,65403,11552552893438,DbGate Helper (Renderer),122390016,1.134409667
1,dbgate,13.471,query,65394,11552532965907,DbGate,120669960,1.043630542
1,dbgate,13.471,query,65477,11552844712430,DbGate Helper,57853200,0.373239583
1,dbgate,13.471,query,65410,11552563682124,DbGate Helper,51840296,0.348924792
1,dbgate,13.471,query,65407,11552561717691,DbGate Helper,51823864,0.327990042
1,dbgate,13.471,query,65409,11552563601740,DbGate Helper,51741944,0.349891458
1,dbgate,13.471,query,65421,11552568799454,com.apple.SafariPlatformSupport,9798256,0.105718000
1,dbgate,13.471,query,65397,11552543416335,DbGate Helper,8012616,0.068137125
1,dbgate,13.726,query,65396,11552543265559,DbGate Helper (GPU),237831152,0.723029292
1,dbgate,13.726,query,65403,11552552893438,DbGate Helper (Renderer),123618816,1.188942875
1,dbgate,13.726,query,65394,11552532965907,DbGate,120735496,1.046754250
1,dbgate,13.726,query,65477,11552844712430,DbGate Helper,57853200,0.373464958
1,dbgate,13.726,query,65410,11552563682124,DbGate Helper,51840296,0.349034542
1,dbgate,13.726,query,65407,11552561717691,DbGate Helper,51823864,0.328125500
1,dbgate,13.726,query,65409,11552563601740,DbGate Helper,51741944,0.350049708
1,dbgate,13.726,query,65421,11552568799454,com.apple.SafariPlatformSupport,9798256,0.105718000
1,dbgate,13.726,query,65397,11552543416335,DbGate Helper,7701320,0.068711083
1,dbgate,13.980,query,65396,11552543265559,DbGate Helper (GPU),237814768,0.731033792
1,dbgate,13.980,query,65403,11552552893438,DbGate Helper (Renderer),123618816,1.196769542
1,dbgate,13.980,query,65394,11552532965907,DbGate,120735496,1.046754250
1,dbgate,13.980,query,65477,11552844712430,DbGate Helper,57853200,0.373464958
1,dbgate,13.980,query,65410,11552563682124,DbGate Helper,51840296,0.349034542
1,dbgate,13.980,query,65407,11552561717691,DbGate Helper,51823864,0.328125500
1,dbgate,13.980,query,65409,11552563601740,DbGate Helper,51741944,0.350049708
1,dbgate,13.980,query,65421,11552568799454,com.apple.SafariPlatformSupport,9798256,0.105718000
1,dbgate,13.980,query,65397,11552543416335,DbGate Helper,7701320,0.068711083
1,dbgate,14.233,query,65396,11552543265559,DbGate Helper (GPU),238666736,0.771401583
1,dbgate,14.233,query,65403,11552552893438,DbGate Helper (Renderer),124896768,1.282384917
1,dbgate,14.233,query,65394,11552532965907,DbGate,120751880,1.063886417
1,dbgate,14.233,query,65477,11552844712430,DbGate Helper,57853200,0.373464958
1,dbgate,14.233,query,65410,11552563682124,DbGate Helper,51840296,0.349034542
1,dbgate,14.233,query,65407,11552561717691,DbGate Helper,51823864,0.328125500
1,dbgate,14.233,query,65409,11552563601740,DbGate Helper,51741944,0.350049708
1,dbgate,14.233,query,65421,11552568799454,com.apple.SafariPlatformSupport,9798256,0.105718000
1,dbgate,14.233,query,65397,11552543416335,DbGate Helper,7701320,0.068711083
1,dbgate,14.486,query,65396,11552543265559,DbGate Helper (GPU),254706696,0.892945458
1,dbgate,14.486,query,65403,11552552893438,DbGate Helper (Renderer),130631168,1.403197125
1,dbgate,14.486,query,65394,11552532965907,DbGate,120719112,1.079516125
1,dbgate,14.486,query,65477,11552844712430,DbGate Helper,57853200,0.373704667
1,dbgate,14.486,query,65410,11552563682124,DbGate Helper,51840296,0.349034542
1,dbgate,14.486,query,65407,11552561717691,DbGate Helper,51823864,0.328125500
1,dbgate,14.486,query,65409,11552563601740,DbGate Helper,51741944,0.350049708
1,dbgate,14.486,query,65421,11552568799454,com.apple.SafariPlatformSupport,9798256,0.105718000
1,dbgate,14.486,query,65397,11552543416335,DbGate Helper,7701320,0.068711083
1,dbgate,14.741,query,65396,11552543265559,DbGate Helper (GPU),260408352,1.004013917
1,dbgate,14.741,query,65403,11552552893438,DbGate Helper (Renderer),137741824,1.528482292
1,dbgate,14.741,query,65394,11552532965907,DbGate,120719112,1.095109333
1,dbgate,14.741,query,65477,11552844712430,DbGate Helper,57853200,0.373704667
1,dbgate,14.741,query,65410,11552563682124,DbGate Helper,51840296,0.349102083
1,dbgate,14.741,query,65407,11552561717691,DbGate Helper,51823864,0.328218792
1,dbgate,14.741,query,65409,11552563601740,DbGate Helper,51741944,0.350139458
1,dbgate,14.741,query,65421,11552568799454,com.apple.SafariPlatformSupport,9798256,0.105718000
1,dbgate,14.741,query,65397,11552543416335,DbGate Helper,7701320,0.068711083
1,dbgate,14.997,query,65396,11552543265559,DbGate Helper (GPU),260260896,1.107177333
1,dbgate,14.997,query,65403,11552552893438,DbGate Helper (Renderer),145491504,1.636297542
1,dbgate,14.997,query,65394,11552532965907,DbGate,120719112,1.110467875
1,dbgate,14.997,query,65477,11552844712430,DbGate Helper,57853200,0.373704667
1,dbgate,14.997,query,65410,11552563682124,DbGate Helper,51840296,0.349102083
1,dbgate,14.997,query,65407,11552561717691,DbGate Helper,51823864,0.328218792
1,dbgate,14.997,query,65409,11552563601740,DbGate Helper,51741944,0.350139458
1,dbgate,14.997,query,65421,11552568799454,com.apple.SafariPlatformSupport,9798256,0.105718000
1,dbgate,14.997,query,65397,11552543416335,DbGate Helper,7701320,0.068711083
1,dbgate,15.252,query,65396,11552543265559,DbGate Helper (GPU),260703264,1.207364875
1,dbgate,15.252,query,65403,11552552893438,DbGate Helper (Renderer),158336560,1.842281750
1,dbgate,15.252,query,65394,11552532965907,DbGate,120719112,1.125411708
1,dbgate,15.252,query,65477,11552844712430,DbGate Helper,57853200,0.373704667
1,dbgate,15.252,query,65410,11552563682124,DbGate Helper,51840296,0.349102083
1,dbgate,15.252,query,65407,11552561717691,DbGate Helper,51823864,0.328218792
1,dbgate,15.252,query,65409,11552563601740,DbGate Helper,51741944,0.350139458
1,dbgate,15.252,query,65421,11552568799454,com.apple.SafariPlatformSupport,9798256,0.105718000
1,dbgate,15.252,query,65397,11552543416335,DbGate Helper,7701320,0.068711083
1,dbgate,15.507,query,65396,11552543265559,DbGate Helper (GPU),260719648,1.309097542
1,dbgate,15.507,query,65403,11552552893438,DbGate Helper (Renderer),158549552,1.957765792
1,dbgate,15.507,query,65394,11552532965907,DbGate,120719112,1.139236833
1,dbgate,15.507,query,65477,11552844712430,DbGate Helper,57853200,0.373843042
1,dbgate,15.507,query,65410,11552563682124,DbGate Helper,51840296,0.349102083
1,dbgate,15.507,query,65407,11552561717691,DbGate Helper,51823864,0.328218792
1,dbgate,15.507,query,65409,11552563601740,DbGate Helper,51741944,0.350139458
1,dbgate,15.507,query,65421,11552568799454,com.apple.SafariPlatformSupport,9798256,0.105718000
1,dbgate,15.507,query,65397,11552543416335,DbGate Helper,7701320,0.068711083
1,dbgate,15.761,query,65396,11552543265559,DbGate Helper (GPU),261669944,1.395032208
1,dbgate,15.761,query,65403,11552552893438,DbGate Helper (Renderer),158565936,2.043318333
1,dbgate,15.761,query,65394,11552532965907,DbGate,120719112,1.155375458
1,dbgate,15.761,query,65477,11552844712430,DbGate Helper,57853200,0.373843042
1,dbgate,15.761,query,65410,11552563682124,DbGate Helper,51840296,0.349159542
1,dbgate,15.761,query,65407,11552561717691,DbGate Helper,51823864,0.328316750
1,dbgate,15.761,query,65409,11552563601740,DbGate Helper,51741944,0.350223167
1,dbgate,15.761,query,65421,11552568799454,com.apple.SafariPlatformSupport,9798256,0.105718000
1,dbgate,15.761,query,65397,11552543416335,DbGate Helper,7701320,0.068711083
1,dbgate,16.017,query,65396,11552543265559,DbGate Helper (GPU),265487416,1.482945417
1,dbgate,16.017,query,65403,11552552893438,DbGate Helper (Renderer),158647856,2.143723583
1,dbgate,16.017,query,65394,11552532965907,DbGate,120719112,1.166298125
1,dbgate,16.017,query,65477,11552844712430,DbGate Helper,57853200,0.373843042
1,dbgate,16.017,query,65410,11552563682124,DbGate Helper,51840296,0.349159542
1,dbgate,16.017,query,65407,11552561717691,DbGate Helper,51823864,0.328316750
1,dbgate,16.017,query,65409,11552563601740,DbGate Helper,51741944,0.350223167
1,dbgate,16.017,query,65421,11552568799454,com.apple.SafariPlatformSupport,9798256,0.105718000
1,dbgate,16.017,query,65397,11552543416335,DbGate Helper,7701320,0.068711083
1,dbgate,16.270,query,65396,11552543265559,DbGate Helper (GPU),268141624,1.571824833
1,dbgate,16.270,query,65403,11552552893438,DbGate Helper (Renderer),158877232,2.217986500
1,dbgate,16.270,query,65394,11552532965907,DbGate,120719112,1.178019958
1,dbgate,16.270,query,65477,11552844712430,DbGate Helper,57853200,0.373843042
1,dbgate,16.270,query,65410,11552563682124,DbGate Helper,51840296,0.349159542
1,dbgate,16.270,query,65407,11552561717691,DbGate Helper,51823864,0.328316750
1,dbgate,16.270,query,65409,11552563601740,DbGate Helper,51741944,0.350223167
1,dbgate,16.270,query,65421,11552568799454,com.apple.SafariPlatformSupport,9798256,0.105718000
1,dbgate,16.270,query,65397,11552543416335,DbGate Helper,7701320,0.068711083
1,dbgate,16.525,query,65396,11552543265559,DbGate Helper (GPU),268141624,1.610521875
1,dbgate,16.525,query,65403,11552552893438,DbGate Helper (Renderer),159155760,2.294037667
1,dbgate,16.525,query,65394,11552532965907,DbGate,120751880,1.195730583
1,dbgate,16.525,query,65477,11552844712430,DbGate Helper,57853200,0.374236667
1,dbgate,16.525,query,65410,11552563682124,DbGate Helper,51840296,0.349159542
1,dbgate,16.525,query,65407,11552561717691,DbGate Helper,51823864,0.328316750
1,dbgate,16.525,query,65409,11552563601740,DbGate Helper,51741944,0.350223167
1,dbgate,16.525,query,65421,11552568799454,com.apple.SafariPlatformSupport,9798256,0.105718000
1,dbgate,16.525,query,65397,11552543416335,DbGate Helper,7701320,0.068711083
1,dbgate,16.777,query,65396,11552543265559,DbGate Helper (GPU),268141624,1.659041250
1,dbgate,16.777,query,65403,11552552893438,DbGate Helper (Renderer),162514480,2.388041250
1,dbgate,16.777,query,65394,11552532965907,DbGate,120817416,1.213042375
1,dbgate,16.777,query,65477,11552844712430,DbGate Helper,57853200,0.374236667
1,dbgate,16.777,query,65410,11552563682124,DbGate Helper,51840296,0.349256875
1,dbgate,16.777,query,65407,11552561717691,DbGate Helper,51823864,0.328430750
1,dbgate,16.777,query,65409,11552563601740,DbGate Helper,51741944,0.350323167
1,dbgate,16.777,query,65421,11552568799454,com.apple.SafariPlatformSupport,9798256,0.105718000
1,dbgate,16.777,query,65397,11552543416335,DbGate Helper,7701320,0.068711083
1,dbgate,17.032,query,65396,11552543265559,DbGate Helper (GPU),268026936,1.697072750
1,dbgate,17.032,query,65403,11552552893438,DbGate Helper (Renderer),166118960,2.455350083
1,dbgate,17.032,query,65394,11552532965907,DbGate,120833800,1.225459375
1,dbgate,17.032,query,65477,11552844712430,DbGate Helper,57853200,0.374236667
1,dbgate,17.032,query,65410,11552563682124,DbGate Helper,51840296,0.349256875
1,dbgate,17.032,query,65407,11552561717691,DbGate Helper,51823864,0.328430750
1,dbgate,17.032,query,65409,11552563601740,DbGate Helper,51741944,0.350323167
1,dbgate,17.032,query,65421,11552568799454,com.apple.SafariPlatformSupport,9798256,0.105718000
1,dbgate,17.032,query,65397,11552543416335,DbGate Helper,7701320,0.068711083
1,dbgate,17.286,query,65396,11552543265559,DbGate Helper (GPU),267994168,1.739098583
1,dbgate,17.286,query,65403,11552552893438,DbGate Helper (Renderer),169805360,2.538789417
1,dbgate,17.286,query,65394,11552532965907,DbGate,120833800,1.241567792
1,dbgate,17.286,query,65477,11552844712430,DbGate Helper,57853200,0.374236667
1,dbgate,17.286,query,65410,11552563682124,DbGate Helper,51840296,0.349256875
1,dbgate,17.286,query,65407,11552561717691,DbGate Helper,51823864,0.328430750
1,dbgate,17.286,query,65409,11552563601740,DbGate Helper,51741944,0.350323167
1,dbgate,17.286,query,65421,11552568799454,com.apple.SafariPlatformSupport,9798256,0.105718000
1,dbgate,17.286,query,65397,11552543416335,DbGate Helper,7701320,0.068711083
1,dbgate,17.541,query,65396,11552543265559,DbGate Helper (GPU),267994168,1.782883875
1,dbgate,17.541,query,65403,11552552893438,DbGate Helper (Renderer),174245424,2.614368792
1,dbgate,17.541,query,65394,11552532965907,DbGate,120833800,1.257174500
1,dbgate,17.541,query,65477,11552844712430,DbGate Helper,57853200,0.374358708
1,dbgate,17.541,query,65410,11552563682124,DbGate Helper,51840296,0.349256875
1,dbgate,17.541,query,65407,11552561717691,DbGate Helper,51823864,0.328430750
1,dbgate,17.541,query,65409,11552563601740,DbGate Helper,51741944,0.350323167
1,dbgate,17.541,query,65421,11552568799454,com.apple.SafariPlatformSupport,9798256,0.105718000
1,dbgate,17.541,query,65397,11552543416335,DbGate Helper,7701320,0.068711083
1,dbgate,17.794,query,65396,11552543265559,DbGate Helper (GPU),267994168,1.814211000
1,dbgate,17.794,query,65403,11552552893438,DbGate Helper (Renderer),176653872,2.672289333
1,dbgate,17.794,query,65394,11552532965907,DbGate,120850184,1.269785417
1,dbgate,17.794,query,65477,11552844712430,DbGate Helper,57853200,0.374358708
1,dbgate,17.794,query,65410,11552563682124,DbGate Helper,51840296,0.349406833
1,dbgate,17.794,query,65407,11552561717691,DbGate Helper,51823864,0.328540333
1,dbgate,17.794,query,65409,11552563601740,DbGate Helper,51741944,0.350475500
1,dbgate,17.794,query,65421,11552568799454,com.apple.SafariPlatformSupport,9798256,0.105718000
1,dbgate,17.794,query,65397,11552543416335,DbGate Helper,7701320,0.068711083
1,dbgate,18.049,query,65396,11552543265559,DbGate Helper (GPU),236028984,1.858486208
1,dbgate,18.049,query,65403,11552552893438,DbGate Helper (Renderer),181225008,2.749355125
1,dbgate,18.049,query,65394,11552532965907,DbGate,120833800,1.284169417
1,dbgate,18.049,query,65477,11552844712430,DbGate Helper,57853200,0.374358708
1,dbgate,18.049,query,65410,11552563682124,DbGate Helper,51840296,0.349406833
1,dbgate,18.049,query,65407,11552561717691,DbGate Helper,51823864,0.328540333
1,dbgate,18.049,query,65409,11552563601740,DbGate Helper,51741944,0.350475500
1,dbgate,18.049,query,65421,11552568799454,com.apple.SafariPlatformSupport,9798256,0.105718000
1,dbgate,18.049,query,65397,11552543416335,DbGate Helper,7701320,0.068711083
1,dbgate,18.302,query,65396,11552543265559,DbGate Helper (GPU),235832376,1.906121292
1,dbgate,18.302,query,65403,11552552893438,DbGate Helper (Renderer),185058864,2.831964458
1,dbgate,18.302,query,65394,11552532965907,DbGate,120850184,1.301370125
1,dbgate,18.302,query,65477,11552844712430,DbGate Helper,57853200,0.374358708
1,dbgate,18.302,query,65410,11552563682124,DbGate Helper,51840296,0.349406833
1,dbgate,18.302,query,65407,11552561717691,DbGate Helper,51823864,0.328540333
1,dbgate,18.302,query,65409,11552563601740,DbGate Helper,51741944,0.350475500
1,dbgate,18.302,query,65421,11552568799454,com.apple.SafariPlatformSupport,9798256,0.105718000
1,dbgate,18.302,query,65397,11552543416335,DbGate Helper,7701320,0.068711083
1,dbgate,18.555,query,65396,11552543265559,DbGate Helper (GPU),188564536,1.941671333
1,dbgate,18.555,query,65403,11552552893438,DbGate Helper (Renderer),187450928,2.890729500
1,dbgate,18.555,query,65394,11552532965907,DbGate,120850184,1.313762917
1,dbgate,18.555,query,65477,11552844712430,DbGate Helper,57804048,0.374802750
1,dbgate,18.555,query,65410,11552563682124,DbGate Helper,51840296,0.349406833
1,dbgate,18.555,query,65407,11552561717691,DbGate Helper,51823864,0.328540333
1,dbgate,18.555,query,65409,11552563601740,DbGate Helper,51741944,0.350475500
1,dbgate,18.555,query,65421,11552568799454,com.apple.SafariPlatformSupport,9798256,0.105718000
1,dbgate,18.555,query,65397,11552543416335,DbGate Helper,7701320,0.068711083
1,dbgate,18.805,query,65403,11552552893438,DbGate Helper (Renderer),192284208,2.980042958
1,dbgate,18.805,query,65396,11552543265559,DbGate Helper (GPU),170165304,1.990816625
1,dbgate,18.805,query,65394,11552532965907,DbGate,120850184,1.332269292
1,dbgate,18.805,query,65477,11552844712430,DbGate Helper,57804048,0.374802750
1,dbgate,18.805,query,65410,11552563682124,DbGate Helper,51840296,0.349540583
1,dbgate,18.805,query,65407,11552561717691,DbGate Helper,51823864,0.328667000
1,dbgate,18.805,query,65409,11552563601740,DbGate Helper,51741944,0.350571208
1,dbgate,18.805,query,65421,11552568799454,com.apple.SafariPlatformSupport,9798256,0.105718000
1,dbgate,18.805,query,65397,11552543416335,DbGate Helper,7701320,0.068711083
1,dbgate,19.060,query,65403,11552552893438,DbGate Helper (Renderer),195528240,3.052693083
1,dbgate,19.060,query,65396,11552543265559,DbGate Helper (GPU),170165304,2.032837250
1,dbgate,19.060,query,65394,11552532965907,DbGate,120850184,1.346604875
1,dbgate,19.060,query,65477,11552844712430,DbGate Helper,57804048,0.374802750
1,dbgate,19.060,query,65410,11552563682124,DbGate Helper,51840296,0.349540583
1,dbgate,19.060,query,65407,11552561717691,DbGate Helper,51823864,0.328667000
1,dbgate,19.060,query,65409,11552563601740,DbGate Helper,51741944,0.350571208
1,dbgate,19.060,query,65421,11552568799454,com.apple.SafariPlatformSupport,9798256,0.105718000
1,dbgate,19.060,query,65397,11552543416335,DbGate Helper,7701320,0.068711083
1,dbgate,19.312,query,65403,11552552893438,DbGate Helper (Renderer),197707336,3.097253208
1,dbgate,19.312,query,65396,11552543265559,DbGate Helper (GPU),170099768,2.059890083
1,dbgate,19.312,query,65394,11552532965907,DbGate,120850184,1.355965958
1,dbgate,19.312,query,65477,11552844712430,DbGate Helper,57804048,0.374802750
1,dbgate,19.312,query,65410,11552563682124,DbGate Helper,51840296,0.349540583
1,dbgate,19.312,query,65407,11552561717691,DbGate Helper,51823864,0.328667000
1,dbgate,19.312,query,65409,11552563601740,DbGate Helper,51741944,0.350571208
1,dbgate,19.312,query,65421,11552568799454,com.apple.SafariPlatformSupport,9798256,0.105718000
1,dbgate,19.312,query,65397,11552543416335,DbGate Helper,7701320,0.068711083
1,dbgate,19.567,after-query,65403,11552552893438,DbGate Helper (Renderer),197723720,3.108790208
1,dbgate,19.567,after-query,65396,11552543265559,DbGate Helper (GPU),158549048,2.069717833
1,dbgate,19.567,after-query,65394,11552532965907,DbGate,120850184,1.357561292
1,dbgate,19.567,after-query,65477,11552844712430,DbGate Helper,57804048,0.375302917
1,dbgate,19.567,after-query,65410,11552563682124,DbGate Helper,51840296,0.349540583
1,dbgate,19.567,after-query,65407,11552561717691,DbGate Helper,51823864,0.328667000
1,dbgate,19.567,after-query,65409,11552563601740,DbGate Helper,51741944,0.350571208
1,dbgate,19.567,after-query,65421,11552568799454,com.apple.SafariPlatformSupport,9732720,0.106430708
1,dbgate,19.567,after-query,65397,11552543416335,DbGate Helper,7701320,0.068711083
1,dbgate,19.822,after-query,65403,11552552893438,DbGate Helper (Renderer),197723720,3.120251042
1,dbgate,19.822,after-query,65396,11552543265559,DbGate Helper (GPU),158008376,2.080237042
1,dbgate,19.822,after-query,65394,11552532965907,DbGate,120850184,1.358677417
1,dbgate,19.822,after-query,65477,11552844712430,DbGate Helper,57804048,0.375302917
1,dbgate,19.822,after-query,65410,11552563682124,DbGate Helper,51840296,0.349763417
1,dbgate,19.822,after-query,65407,11552561717691,DbGate Helper,51823864,0.328853917
1,dbgate,19.822,after-query,65409,11552563601740,DbGate Helper,51741944,0.350941208
1,dbgate,19.822,after-query,65421,11552568799454,com.apple.SafariPlatformSupport,9732720,0.106430708
1,dbgate,19.822,after-query,65397,11552543416335,DbGate Helper,7701320,0.068711083
1,dbgate,20.078,after-query,65403,11552552893438,DbGate Helper (Renderer),197723720,3.130543458
1,dbgate,20.078,after-query,65396,11552543265559,DbGate Helper (GPU),158008376,2.089785167
1,dbgate,20.078,after-query,65394,11552532965907,DbGate,120850184,1.358677417
1,dbgate,20.078,after-query,65477,11552844712430,DbGate Helper,57804048,0.375302917
1,dbgate,20.078,after-query,65410,11552563682124,DbGate Helper,51840296,0.349763417
1,dbgate,20.078,after-query,65407,11552561717691,DbGate Helper,51823864,0.328853917
1,dbgate,20.078,after-query,65409,11552563601740,DbGate Helper,51741944,0.350941208
1,dbgate,20.078,after-query,65421,11552568799454,com.apple.SafariPlatformSupport,9732720,0.106430708
1,dbgate,20.078,after-query,65397,11552543416335,DbGate Helper,7701320,0.068711083
1,dbgate,20.328,after-query,65403,11552552893438,DbGate Helper (Renderer),197723720,3.139747750
1,dbgate,20.328,after-query,65396,11552543265559,DbGate Helper (GPU),155534392,2.098863792
1,dbgate,20.328,after-query,65394,11552532965907,DbGate,120850184,1.358677417
1,dbgate,20.328,after-query,65477,11552844712430,DbGate Helper,57804048,0.375302917
1,dbgate,20.328,after-query,65410,11552563682124,DbGate Helper,51840296,0.349763417
1,dbgate,20.328,after-query,65407,11552561717691,DbGate Helper,51823864,0.328853917
1,dbgate,20.328,after-query,65409,11552563601740,DbGate Helper,51741944,0.350941208
1,dbgate,20.328,after-query,65421,11552568799454,com.apple.SafariPlatformSupport,9732720,0.106430708
1,dbgate,20.328,after-query,65397,11552543416335,DbGate Helper,7701320,0.068711083
1,dbgate,20.579,after-query,65403,11552552893438,DbGate Helper (Renderer),197740104,3.147052208
1,dbgate,20.579,after-query,65396,11552543265559,DbGate Helper (GPU),151340088,2.105317500
1,dbgate,20.579,after-query,65394,11552532965907,DbGate,120850184,1.359181125
1,dbgate,20.579,after-query,65477,11552844712430,DbGate Helper,57804048,0.375653708
1,dbgate,20.579,after-query,65410,11552563682124,DbGate Helper,51840296,0.349763417
1,dbgate,20.579,after-query,65407,11552561717691,DbGate Helper,51823864,0.328853917
1,dbgate,20.579,after-query,65409,11552563601740,DbGate Helper,51741944,0.350941208
1,dbgate,20.579,after-query,65421,11552568799454,com.apple.SafariPlatformSupport,9732720,0.106430708
1,dbgate,20.579,after-query,65397,11552543416335,DbGate Helper,7701320,0.068711083
1,dbgate,20.832,after-query,65403,11552552893438,DbGate Helper (Renderer),197740104,3.153834333
1,dbgate,20.832,after-query,65396,11552543265559,DbGate Helper (GPU),151356472,2.113237458
1,dbgate,20.832,after-query,65394,11552532965907,DbGate,120850184,1.360183167
1,dbgate,20.832,after-query,65477,11552844712430,DbGate Helper,57804048,0.375653708
1,dbgate,20.832,after-query,65410,11552563682124,DbGate Helper,51823912,0.349906292
1,dbgate,20.832,after-query,65407,11552561717691,DbGate Helper,51823864,0.329015125
1,dbgate,20.832,after-query,65409,11552563601740,DbGate Helper,51741944,0.351149500
1,dbgate,20.832,after-query,65421,11552568799454,com.apple.SafariPlatformSupport,9732720,0.106430708
1,dbgate,20.832,after-query,65397,11552543416335,DbGate Helper,7701320,0.068711083
1,dbgate,21.087,after-query,65403,11552552893438,DbGate Helper (Renderer),197297736,3.163473875
1,dbgate,21.087,after-query,65396,11552543265559,DbGate Helper (GPU),134202400,2.126311292
1,dbgate,21.087,after-query,65394,11552532965907,DbGate,120850184,1.360420875
1,dbgate,21.087,after-query,65477,11552844712430,DbGate Helper,57804048,0.375653708
1,dbgate,21.087,after-query,65410,11552563682124,DbGate Helper,51823912,0.349906292
1,dbgate,21.087,after-query,65407,11552561717691,DbGate Helper,51823864,0.329015125
1,dbgate,21.087,after-query,65409,11552563601740,DbGate Helper,51741944,0.351149500
1,dbgate,21.087,after-query,65421,11552568799454,com.apple.SafariPlatformSupport,9732720,0.106430708
1,dbgate,21.087,after-query,65397,11552543416335,DbGate Helper,7701320,0.068711083
1,dbgate,21.342,after-query,65403,11552552893438,DbGate Helper (Renderer),197330504,3.174184958
1,dbgate,21.342,after-query,65396,11552543265559,DbGate Helper (GPU),134186016,2.134184708
1,dbgate,21.342,after-query,65394,11552532965907,DbGate,120850184,1.361669083
1,dbgate,21.342,after-query,65477,11552844712430,DbGate Helper,57804048,0.375653708
1,dbgate,21.342,after-query,65410,11552563682124,DbGate Helper,51889448,0.350480833
1,dbgate,21.342,after-query,65407,11552561717691,DbGate Helper,51823864,0.329015125
1,dbgate,21.342,after-query,65409,11552563601740,DbGate Helper,51741944,0.351149500
1,dbgate,21.342,after-query,65421,11552568799454,com.apple.SafariPlatformSupport,9732720,0.106430708
1,dbgate,21.342,after-query,65397,11552543416335,DbGate Helper,7701320,0.068711083
1,dbgate,21.594,after-query,65403,11552552893438,DbGate Helper (Renderer),197330504,3.182315875
1,dbgate,21.594,after-query,65396,11552543265559,DbGate Helper (GPU),134186016,2.140851375
1,dbgate,21.594,after-query,65394,11552532965907,DbGate,120850184,1.363107083
1,dbgate,21.594,after-query,65477,11552844712430,DbGate Helper,57804048,0.376358625
1,dbgate,21.594,after-query,65410,11552563682124,DbGate Helper,51889448,0.350480833
1,dbgate,21.594,after-query,65407,11552561717691,DbGate Helper,51823864,0.329599917
1,dbgate,21.594,after-query,65409,11552563601740,DbGate Helper,51741944,0.351149500
1,dbgate,21.594,after-query,65421,11552568799454,com.apple.SafariPlatformSupport,9732720,0.106430708
1,dbgate,21.594,after-query,65397,11552543416335,DbGate Helper,7701320,0.068711083
1,dbgate,21.849,after-query,65403,11552552893438,DbGate Helper (Renderer),197396040,3.190700958
1,dbgate,21.849,after-query,65396,11552543265559,DbGate Helper (GPU),132318240,2.153858667
1,dbgate,21.849,after-query,65394,11552532965907,DbGate,120850184,1.363599583
1,dbgate,21.849,after-query,65477,11552844712430,DbGate Helper,57804048,0.376358625
1,dbgate,21.849,after-query,65410,11552563682124,DbGate Helper,51889448,0.350847625
1,dbgate,21.849,after-query,65407,11552561717691,DbGate Helper,51823864,0.329599917
1,dbgate,21.849,after-query,65409,11552563601740,DbGate Helper,51741944,0.351719792
1,dbgate,21.849,after-query,65421,11552568799454,com.apple.SafariPlatformSupport,9732720,0.106430708
1,dbgate,21.849,after-query,65397,11552543416335,DbGate Helper,7701320,0.068711083
1,dbgate,22.105,after-query,65403,11552552893438,DbGate Helper (Renderer),197396040,3.200480083
1,dbgate,22.105,after-query,65396,11552543265559,DbGate Helper (GPU),132301856,2.163790208
1,dbgate,22.105,after-query,65394,11552532965907,DbGate,120784648,1.364261917
1,dbgate,22.105,after-query,65477,11552844712430,DbGate Helper,57804048,0.376358625
1,dbgate,22.105,after-query,65410,11552563682124,DbGate Helper,51889448,0.350847625
1,dbgate,22.105,after-query,65407,11552561717691,DbGate Helper,51823864,0.329599917
1,dbgate,22.105,after-query,65409,11552563601740,DbGate Helper,51741944,0.351719792
1,dbgate,22.105,after-query,65421,11552568799454,com.apple.SafariPlatformSupport,9732720,0.106430708
1,dbgate,22.105,after-query,65397,11552543416335,DbGate Helper,7701320,0.068711083
1,dbgate,22.356,after-query,65403,11552552893438,DbGate Helper (Renderer),197396040,3.208732500
1,dbgate,22.356,after-query,65396,11552543265559,DbGate Helper (GPU),132285472,2.171618542
1,dbgate,22.356,after-query,65394,11552532965907,DbGate,120784648,1.364261917
1,dbgate,22.356,after-query,65477,11552844712430,DbGate Helper,57804048,0.376358625
1,dbgate,22.356,after-query,65410,11552563682124,DbGate Helper,51889448,0.350847625
1,dbgate,22.356,after-query,65407,11552561717691,DbGate Helper,51823864,0.329599917
1,dbgate,22.356,after-query,65409,11552563601740,DbGate Helper,51741944,0.351719792
1,dbgate,22.356,after-query,65421,11552568799454,com.apple.SafariPlatformSupport,9732720,0.106430708
1,dbgate,22.356,after-query,65397,11552543416335,DbGate Helper,7701320,0.068711083
1,dbgate,22.610,after-query,65403,11552552893438,DbGate Helper (Renderer),197396040,3.216430792
1,dbgate,22.610,after-query,65396,11552543265559,DbGate Helper (GPU),132285472,2.178328667
1,dbgate,22.610,after-query,65394,11552532965907,DbGate,120784648,1.365259917
1,dbgate,22.610,after-query,65477,11552844712430,DbGate Helper,57804048,0.376793208
1,dbgate,22.610,after-query,65410,11552563682124,DbGate Helper,51889448,0.350847625
1,dbgate,22.610,after-query,65407,11552561717691,DbGate Helper,51823864,0.329922208
1,dbgate,22.610,after-query,65409,11552563601740,DbGate Helper,51741944,0.351719792
1,dbgate,22.610,after-query,65421,11552568799454,com.apple.SafariPlatformSupport,9732720,0.106430708
1,dbgate,22.610,after-query,65397,11552543416335,DbGate Helper,7701320,0.068711083
1,dbgate,22.865,after-query,65403,11552552893438,DbGate Helper (Renderer),197396040,3.223655875
1,dbgate,22.865,after-query,65396,11552543265559,DbGate Helper (GPU),132285472,2.187000750
1,dbgate,22.865,after-query,65394,11552532965907,DbGate,120784648,1.365835875
1,dbgate,22.865,after-query,65477,11552844712430,DbGate Helper,57804048,0.376793208
1,dbgate,22.865,after-query,65410,11552563682124,DbGate Helper,51889448,0.351043625
1,dbgate,22.865,after-query,65407,11552561717691,DbGate Helper,51823864,0.329922208
1,dbgate,22.865,after-query,65409,11552563601740,DbGate Helper,51741944,0.351905042
1,dbgate,22.865,after-query,65421,11552568799454,com.apple.SafariPlatformSupport,9732720,0.106430708
1,dbgate,22.865,after-query,65397,11552543416335,DbGate Helper,7701320,0.068711083
1,dbgate,23.120,after-query,65403,11552552893438,DbGate Helper (Renderer),197396040,3.232338125
1,dbgate,23.120,after-query,65396,11552543265559,DbGate Helper (GPU),132269088,2.196604000
1,dbgate,23.120,after-query,65394,11552532965907,DbGate,120784648,1.365835875
1,dbgate,23.120,after-query,65477,11552844712430,DbGate Helper,57804048,0.376793208
1,dbgate,23.120,after-query,65410,11552563682124,DbGate Helper,51889448,0.351043625
1,dbgate,23.120,after-query,65407,11552561717691,DbGate Helper,51823864,0.329922208
1,dbgate,23.120,after-query,65409,11552563601740,DbGate Helper,51741944,0.351905042
1,dbgate,23.120,after-query,65421,11552568799454,com.apple.SafariPlatformSupport,9732720,0.106430708
1,dbgate,23.120,after-query,65397,11552543416335,DbGate Helper,7701320,0.068711083
1,dbgate,23.375,after-query,65403,11552552893438,DbGate Helper (Renderer),197428808,3.239482750
1,dbgate,23.375,after-query,65396,11552543265559,DbGate Helper (GPU),132252704,2.203729625
1,dbgate,23.375,after-query,65394,11552532965907,DbGate,120784648,1.366322000
1,dbgate,23.375,after-query,65477,11552844712430,DbGate Helper,57804048,0.377717542
1,dbgate,23.375,after-query,65410,11552563682124,DbGate Helper,51889448,0.351043625
1,dbgate,23.375,after-query,65407,11552561717691,DbGate Helper,51823864,0.329922208
1,dbgate,23.375,after-query,65409,11552563601740,DbGate Helper,51741944,0.351905042
1,dbgate,23.375,after-query,65421,11552568799454,com.apple.SafariPlatformSupport,9732720,0.106430708
1,dbgate,23.375,after-query,65397,11552543416335,DbGate Helper,7701320,0.068711083
1,dbgate,23.630,after-query,65403,11552552893438,DbGate Helper (Renderer),197445192,3.248251875
1,dbgate,23.630,after-query,65396,11552543265559,DbGate Helper (GPU),132252704,2.210856292
1,dbgate,23.630,after-query,65394,11552532965907,DbGate,120784648,1.366834917
1,dbgate,23.630,after-query,65477,11552844712430,DbGate Helper,57804048,0.377717542
1,dbgate,23.630,after-query,65410,11552563682124,DbGate Helper,51889448,0.351043625
1,dbgate,23.630,after-query,65407,11552561717691,DbGate Helper,51823864,0.330213917
1,dbgate,23.630,after-query,65409,11552563601740,DbGate Helper,51741944,0.351905042
1,dbgate,23.630,after-query,65421,11552568799454,com.apple.SafariPlatformSupport,9732720,0.106430708
1,dbgate,23.630,after-query,65397,11552543416335,DbGate Helper,7701320,0.068711083
1,dbgate,23.886,after-query,65403,11552552893438,DbGate Helper (Renderer),197445192,3.257588917
1,dbgate,23.886,after-query,65396,11552543265559,DbGate Helper (GPU),132252704,2.220972375
1,dbgate,23.886,after-query,65394,11552532965907,DbGate,120784648,1.367514333
1,dbgate,23.886,after-query,65477,11552844712430,DbGate Helper,57804048,0.377717542
1,dbgate,23.886,after-query,65410,11552563682124,DbGate Helper,51889448,0.351300458
1,dbgate,23.886,after-query,65407,11552561717691,DbGate Helper,51823864,0.330213917
1,dbgate,23.886,after-query,65409,11552563601740,DbGate Helper,51741944,0.352098500
1,dbgate,23.886,after-query,65421,11552568799454,com.apple.SafariPlatformSupport,9732720,0.106430708
1,dbgate,23.886,after-query,65397,11552543416335,DbGate Helper,7701320,0.068711083
1,dbgate,24.138,after-query,65403,11552552893438,DbGate Helper (Renderer),197445192,3.264593458
1,dbgate,24.138,after-query,65396,11552543265559,DbGate Helper (GPU),132269088,2.228251250
1,dbgate,24.138,after-query,65394,11552532965907,DbGate,120784648,1.367514333
1,dbgate,24.138,after-query,65477,11552844712430,DbGate Helper,57804048,0.377717542
1,dbgate,24.138,after-query,65410,11552563682124,DbGate Helper,51889448,0.351300458
1,dbgate,24.138,after-query,65407,11552561717691,DbGate Helper,51823864,0.330213917
1,dbgate,24.138,after-query,65409,11552563601740,DbGate Helper,51741944,0.352098500
1,dbgate,24.138,after-query,65421,11552568799454,com.apple.SafariPlatformSupport,9732720,0.106430708
1,dbgate,24.138,after-query,65397,11552543416335,DbGate Helper,7701320,0.068711083
2,dbeaver,0.251,launch,65568,11553388601658,dbeaver,22414248,0.124220333
2,dbeaver,0.506,launch,65568,11553388601658,dbeaver,68453360,0.580233375
2,dbeaver,0.761,launch,65568,11553388601658,dbeaver,114148408,1.165474667
2,dbeaver,1.016,launch,65568,11553388601658,dbeaver,138429496,1.711582667
2,dbeaver,1.271,launch,65568,11553388601658,dbeaver,162055248,2.391508958
2,dbeaver,1.524,launch,65568,11553388601658,dbeaver,182519128,2.960966417
2,dbeaver,1.779,launch,65568,11553388601658,dbeaver,219465144,3.679508167
2,dbeaver,2.034,launch,65568,11553388601658,dbeaver,252052920,4.239092042
2,dbeaver,2.290,launch,65568,11553388601658,dbeaver,265979320,4.919533208
2,dbeaver,2.545,launch,65568,11553388601658,dbeaver,282133944,5.864874167
2,dbeaver,2.800,launch,65568,11553388601658,dbeaver,297223632,6.870101583
2,dbeaver,3.055,launch,65568,11553388601658,dbeaver,311969232,7.555471500
2,dbeaver,3.310,launch,65568,11553388601658,dbeaver,320783944,8.214986708
2,dbeaver,3.562,launch,65568,11553388601658,dbeaver,515622928,8.894055167
2,dbeaver,3.817,settle,65568,11553388601658,dbeaver,796493912,9.447579667
2,dbeaver,3.817,settle,65584,11553474697437,com.apple.SafariPlatformSupport,8602224,0.099355458
2,dbeaver,4.073,settle,65568,11553388601658,dbeaver,896108632,10.220507750
2,dbeaver,4.073,settle,65584,11553474697437,com.apple.SafariPlatformSupport,9798256,0.124228958
2,dbeaver,4.325,settle,65568,11553388601658,dbeaver,937101400,10.564270625
2,dbeaver,4.325,settle,65584,11553474697437,com.apple.SafariPlatformSupport,9798256,0.124228958
2,dbeaver,4.580,settle,65568,11553388601658,dbeaver,1001932888,11.387967375
2,dbeaver,4.580,settle,65584,11553474697437,com.apple.SafariPlatformSupport,9798256,0.124228958
2,dbeaver,4.836,settle,65568,11553388601658,dbeaver,999639128,11.437060250
2,dbeaver,4.836,settle,65584,11553474697437,com.apple.SafariPlatformSupport,9798256,0.124228958
2,dbeaver,5.091,settle,65568,11553388601658,dbeaver,940623960,11.469348083
2,dbeaver,5.091,settle,65584,11553474697437,com.apple.SafariPlatformSupport,9798256,0.124449542
2,dbeaver,5.342,settle,65568,11553388601658,dbeaver,830343256,11.503987000
2,dbeaver,5.342,settle,65584,11553474697437,com.apple.SafariPlatformSupport,9798256,0.124449542
2,dbeaver,5.598,settle,65568,11553388601658,dbeaver,806127704,11.513297083
2,dbeaver,5.598,settle,65584,11553474697437,com.apple.SafariPlatformSupport,9798256,0.124449542
2,dbeaver,5.853,settle,65568,11553388601658,dbeaver,700762200,11.529105958
2,dbeaver,5.853,settle,65584,11553474697437,com.apple.SafariPlatformSupport,9798256,0.124621875
2,dbeaver,6.108,settle,65568,11553388601658,dbeaver,700762200,11.536008250
2,dbeaver,6.108,settle,65584,11553474697437,com.apple.SafariPlatformSupport,9798256,0.124716250
2,dbeaver,6.364,settle,65568,11553388601658,dbeaver,700778584,11.558513625
2,dbeaver,6.364,settle,65584,11553474697437,com.apple.SafariPlatformSupport,9798256,0.124716250
2,dbeaver,6.619,settle,65568,11553388601658,dbeaver,700778584,11.566090958
2,dbeaver,6.619,settle,65584,11553474697437,com.apple.SafariPlatformSupport,9798256,0.124716250
2,dbeaver,6.874,settle,65568,11553388601658,dbeaver,700778584,11.578576250
2,dbeaver,6.874,settle,65584,11553474697437,com.apple.SafariPlatformSupport,9798256,0.124716250
2,dbeaver,7.129,settle,65568,11553388601658,dbeaver,700794968,11.593225042
2,dbeaver,7.129,settle,65584,11553474697437,com.apple.SafariPlatformSupport,9798256,0.124716250
2,dbeaver,7.384,settle,65568,11553388601658,dbeaver,700794968,11.604447667
2,dbeaver,7.384,settle,65584,11553474697437,com.apple.SafariPlatformSupport,9798256,0.124716250
2,dbeaver,7.640,settle,65568,11553388601658,dbeaver,700811352,11.620273000
2,dbeaver,7.640,settle,65584,11553474697437,com.apple.SafariPlatformSupport,9798256,0.124716250
2,dbeaver,7.895,settle,65568,11553388601658,dbeaver,700811352,11.633117417
2,dbeaver,7.895,settle,65584,11553474697437,com.apple.SafariPlatformSupport,9798256,0.124979708
2,dbeaver,8.150,settle,65568,11553388601658,dbeaver,700811352,11.646772375
2,dbeaver,8.150,settle,65584,11553474697437,com.apple.SafariPlatformSupport,9798256,0.124979708
2,dbeaver,8.405,settle,65568,11553388601658,dbeaver,700811352,11.656068833
2,dbeaver,8.405,settle,65584,11553474697437,com.apple.SafariPlatformSupport,9798256,0.124979708
2,dbeaver,8.659,settle,65568,11553388601658,dbeaver,700663896,11.667022667
2,dbeaver,8.659,settle,65584,11553474697437,com.apple.SafariPlatformSupport,9798256,0.124979708
2,dbeaver,8.914,query,65568,11553388601658,dbeaver,700581976,11.676285167
2,dbeaver,8.914,query,65584,11553474697437,com.apple.SafariPlatformSupport,9798256,0.125421333
2,dbeaver,9.167,query,65568,11553388601658,dbeaver,700467288,11.690725875
2,dbeaver,9.167,query,65584,11553474697437,com.apple.SafariPlatformSupport,9798256,0.125421333
2,dbeaver,9.421,query,65568,11553388601658,dbeaver,700483672,11.706469500
2,dbeaver,9.421,query,65584,11553474697437,com.apple.SafariPlatformSupport,9798256,0.125421333
2,dbeaver,9.677,query,65568,11553388601658,dbeaver,700483672,11.713446917
2,dbeaver,9.677,query,65584,11553474697437,com.apple.SafariPlatformSupport,9798256,0.125421333
2,dbeaver,9.929,query,65568,11553388601658,dbeaver,700483672,11.726830125
2,dbeaver,9.929,query,65584,11553474697437,com.apple.SafariPlatformSupport,9798256,0.125421333
2,dbeaver,10.184,query,65568,11553388601658,dbeaver,700483672,11.733060000
2,dbeaver,10.184,query,65584,11553474697437,com.apple.SafariPlatformSupport,9798256,0.125421333
2,dbeaver,10.435,query,65568,11553388601658,dbeaver,700483672,11.742199458
2,dbeaver,10.435,query,65584,11553474697437,com.apple.SafariPlatformSupport,9798256,0.125421333
2,dbeaver,10.690,query,65568,11553388601658,dbeaver,700483672,11.749666667
2,dbeaver,10.690,query,65584,11553474697437,com.apple.SafariPlatformSupport,9798256,0.125421333
2,dbeaver,10.941,query,65568,11553388601658,dbeaver,700401752,11.768300125
2,dbeaver,10.941,query,65584,11553474697437,com.apple.SafariPlatformSupport,9798256,0.125421333
2,dbeaver,11.196,query,65568,11553388601658,dbeaver,700401752,11.774299500
2,dbeaver,11.196,query,65584,11553474697437,com.apple.SafariPlatformSupport,9781872,0.125803833
2,dbeaver,11.450,query,65568,11553388601658,dbeaver,700467288,11.790459417
2,dbeaver,11.450,query,65584,11553474697437,com.apple.SafariPlatformSupport,9781872,0.125803833
2,dbeaver,11.706,query,65568,11553388601658,dbeaver,700483672,11.800008292
2,dbeaver,11.706,query,65584,11553474697437,com.apple.SafariPlatformSupport,9781872,0.125803833
2,dbeaver,11.956,query,65568,11553388601658,dbeaver,700483672,11.816824958
2,dbeaver,11.956,query,65584,11553474697437,com.apple.SafariPlatformSupport,9781872,0.125803833
2,dbeaver,12.211,query,65568,11553388601658,dbeaver,700516440,11.824583458
2,dbeaver,12.211,query,65584,11553474697437,com.apple.SafariPlatformSupport,9781872,0.125803833
2,dbeaver,12.463,query,65568,11553388601658,dbeaver,700516440,11.831807250
2,dbeaver,12.463,query,65584,11553474697437,com.apple.SafariPlatformSupport,9781872,0.125803833
2,dbeaver,12.718,query,65568,11553388601658,dbeaver,700516440,11.843280542
2,dbeaver,12.718,query,65584,11553474697437,com.apple.SafariPlatformSupport,9781872,0.125803833
2,dbeaver,12.971,query,65568,11553388601658,dbeaver,700516440,11.850269958
2,dbeaver,12.971,query,65584,11553474697437,com.apple.SafariPlatformSupport,9781872,0.125803833
2,dbeaver,13.227,query,65568,11553388601658,dbeaver,700516440,11.859479458
2,dbeaver,13.227,query,65584,11553474697437,com.apple.SafariPlatformSupport,9781872,0.125803833
2,dbeaver,13.480,query,65568,11553388601658,dbeaver,700532824,11.865241333
2,dbeaver,13.480,query,65584,11553474697437,com.apple.SafariPlatformSupport,9781872,0.125803833
2,dbeaver,13.731,query,65568,11553388601658,dbeaver,700532824,11.873823208
2,dbeaver,13.731,query,65584,11553474697437,com.apple.SafariPlatformSupport,9781872,0.125803833
2,dbeaver,13.987,query,65568,11553388601658,dbeaver,700614720,11.905715000
2,dbeaver,13.987,query,65584,11553474697437,com.apple.SafariPlatformSupport,9781872,0.125803833
2,dbeaver,14.242,query,65568,11553388601658,dbeaver,701663248,11.969018833
2,dbeaver,14.242,query,65584,11553474697437,com.apple.SafariPlatformSupport,9781872,0.125803833
2,dbeaver,14.494,query,65568,11553388601658,dbeaver,701581328,11.982558292
2,dbeaver,14.494,query,65584,11553474697437,com.apple.SafariPlatformSupport,9781872,0.125803833
2,dbeaver,14.747,query,65568,11553388601658,dbeaver,739166224,12.066856208
2,dbeaver,14.747,query,65584,11553474697437,com.apple.SafariPlatformSupport,9781872,0.125803833
2,dbeaver,15.000,query,65568,11553388601658,dbeaver,781862928,12.211865500
2,dbeaver,15.000,query,65584,11553474697437,com.apple.SafariPlatformSupport,9781872,0.125803833
2,dbeaver,15.255,query,65568,11553388601658,dbeaver,741754896,12.234680292
2,dbeaver,15.255,query,65584,11553474697437,com.apple.SafariPlatformSupport,9781872,0.125803833
2,dbeaver,15.510,query,65568,11553388601658,dbeaver,741754896,12.247533750
2,dbeaver,15.510,query,65584,11553474697437,com.apple.SafariPlatformSupport,9781872,0.125803833
2,dbeaver,15.762,query,65568,11553388601658,dbeaver,742148112,12.291422125
2,dbeaver,15.762,query,65584,11553474697437,com.apple.SafariPlatformSupport,9781872,0.125803833
2,dbeaver,16.017,query,65568,11553388601658,dbeaver,701220880,12.304815000
2,dbeaver,16.017,query,65584,11553474697437,com.apple.SafariPlatformSupport,9781872,0.125803833
2,dbeaver,16.273,query,65568,11553388601658,dbeaver,701220880,12.316305208
2,dbeaver,16.273,query,65584,11553474697437,com.apple.SafariPlatformSupport,9781872,0.125803833
2,dbeaver,16.528,query,65568,11553388601658,dbeaver,824428560,12.452271542
2,dbeaver,16.528,query,65584,11553474697437,com.apple.SafariPlatformSupport,9781872,0.125803833
2,dbeaver,16.783,query,65568,11553388601658,dbeaver,988432424,13.154699833
2,dbeaver,16.783,query,65584,11553474697437,com.apple.SafariPlatformSupport,9716336,0.126197833
2,dbeaver,17.038,query,65568,11553388601658,dbeaver,910772288,13.887260792
2,dbeaver,17.038,query,65584,11553474697437,com.apple.SafariPlatformSupport,9716336,0.126197833
2,dbeaver,17.293,query,65568,11553388601658,dbeaver,942032936,14.158221958
2,dbeaver,17.293,query,65584,11553474697437,com.apple.SafariPlatformSupport,9716336,0.126197833
2,dbeaver,17.547,query,65568,11553388601658,dbeaver,941525032,14.283938542
2,dbeaver,17.547,query,65584,11553474697437,com.apple.SafariPlatformSupport,9716336,0.126197833
2,dbeaver,17.803,query,65568,11553388601658,dbeaver,858490920,14.308739458
2,dbeaver,17.803,query,65584,11553474697437,com.apple.SafariPlatformSupport,9716336,0.126197833
2,dbeaver,18.058,query,65568,11553388601658,dbeaver,858490920,14.331278917
2,dbeaver,18.058,query,65584,11553474697437,com.apple.SafariPlatformSupport,9716336,0.126197833
2,dbeaver,18.313,query,65568,11553388601658,dbeaver,810780736,14.443382750
2,dbeaver,18.313,query,65584,11553474697437,com.apple.SafariPlatformSupport,9716336,0.126197833
2,dbeaver,18.567,query,65568,11553388601658,dbeaver,725583936,14.527079917
2,dbeaver,18.567,query,65584,11553474697437,com.apple.SafariPlatformSupport,9716336,0.126197833
2,dbeaver,18.818,query,65568,11553388601658,dbeaver,725747776,14.642925208
2,dbeaver,18.818,query,65584,11553474697437,com.apple.SafariPlatformSupport,9716336,0.126197833
2,dbeaver,19.072,query,65568,11553388601658,dbeaver,720586816,14.736399208
2,dbeaver,19.072,query,65584,11553474697437,com.apple.SafariPlatformSupport,9716336,0.126197833
2,dbeaver,19.327,query,65568,11553388601658,dbeaver,720603200,14.822603750
2,dbeaver,19.327,query,65584,11553474697437,com.apple.SafariPlatformSupport,9716336,0.126197833
2,dbeaver,19.581,query,65568,11553388601658,dbeaver,720652352,14.893153958
2,dbeaver,19.581,query,65584,11553474697437,com.apple.SafariPlatformSupport,9716336,0.126197833
2,dbeaver,19.836,query,65568,11553388601658,dbeaver,720701504,15.072338542
2,dbeaver,19.836,query,65584,11553474697437,com.apple.SafariPlatformSupport,9716336,0.126197833
2,dbeaver,20.091,query,65568,11553388601658,dbeaver,720898112,15.193400083
2,dbeaver,20.091,query,65584,11553474697437,com.apple.SafariPlatformSupport,9716336,0.126197833
2,dbeaver,20.346,query,65568,11553388601658,dbeaver,720980032,15.351688083
2,dbeaver,20.346,query,65584,11553474697437,com.apple.SafariPlatformSupport,9716336,0.126197833
2,dbeaver,20.600,query,65568,11553388601658,dbeaver,718882880,15.396434583
2,dbeaver,20.600,query,65584,11553474697437,com.apple.SafariPlatformSupport,9716336,0.126197833
2,dbeaver,20.850,query,65568,11553388601658,dbeaver,718932032,15.476283625
2,dbeaver,20.850,query,65584,11553474697437,com.apple.SafariPlatformSupport,9716336,0.126197833
2,dbeaver,21.105,query,65568,11553388601658,dbeaver,839616576,15.690317250
2,dbeaver,21.105,query,65584,11553474697437,com.apple.SafariPlatformSupport,9716336,0.126197833
2,dbeaver,21.357,query,65568,11553388601658,dbeaver,837584960,15.763551333
2,dbeaver,21.357,query,65584,11553474697437,com.apple.SafariPlatformSupport,9716336,0.126197833
2,dbeaver,21.610,query,65568,11553388601658,dbeaver,837584960,15.828528417
2,dbeaver,21.610,query,65584,11553474697437,com.apple.SafariPlatformSupport,9716336,0.126197833
2,dbeaver,21.863,query,65568,11553388601658,dbeaver,833456192,15.893508167
2,dbeaver,21.863,query,65584,11553474697437,com.apple.SafariPlatformSupport,9716336,0.126197833
2,dbeaver,22.116,query,65568,11553388601658,dbeaver,833407040,15.962193417
2,dbeaver,22.116,query,65584,11553474697437,com.apple.SafariPlatformSupport,9716336,0.126197833
2,dbeaver,22.371,query,65568,11553388601658,dbeaver,724666432,15.992967750
2,dbeaver,22.371,query,65584,11553474697437,com.apple.SafariPlatformSupport,9716336,0.126197833
2,dbeaver,22.625,after-query,65568,11553388601658,dbeaver,724666432,16.001087167
2,dbeaver,22.625,after-query,65584,11553474697437,com.apple.SafariPlatformSupport,9716336,0.126197833
2,dbeaver,22.880,after-query,65568,11553388601658,dbeaver,722192448,16.016494750
2,dbeaver,22.880,after-query,65584,11553474697437,com.apple.SafariPlatformSupport,9716336,0.126197833
2,dbeaver,23.136,after-query,65568,11553388601658,dbeaver,722192448,16.024306125
2,dbeaver,23.136,after-query,65584,11553474697437,com.apple.SafariPlatformSupport,9716336,0.126197833
2,dbeaver,23.391,after-query,65568,11553388601658,dbeaver,710871104,16.038841875
2,dbeaver,23.391,after-query,65584,11553474697437,com.apple.SafariPlatformSupport,9716336,0.126197833
2,dbeaver,23.647,after-query,65568,11553388601658,dbeaver,710871104,16.045677917
2,dbeaver,23.647,after-query,65584,11553474697437,com.apple.SafariPlatformSupport,9716336,0.126197833
2,dbeaver,23.902,after-query,65568,11553388601658,dbeaver,710772800,16.056567500
2,dbeaver,23.902,after-query,65584,11553474697437,com.apple.SafariPlatformSupport,9716336,0.126197833
2,dbeaver,24.157,after-query,65568,11553388601658,dbeaver,710772800,16.061592958
2,dbeaver,24.157,after-query,65584,11553474697437,com.apple.SafariPlatformSupport,9716336,0.126197833
2,dbeaver,24.412,after-query,65568,11553388601658,dbeaver,710772800,16.073316833
2,dbeaver,24.412,after-query,65584,11553474697437,com.apple.SafariPlatformSupport,9716336,0.126197833
2,dbeaver,24.667,after-query,65568,11553388601658,dbeaver,710821952,16.088718125
2,dbeaver,24.667,after-query,65584,11553474697437,com.apple.SafariPlatformSupport,9716336,0.126197833
2,dbeaver,24.923,after-query,65568,11553388601658,dbeaver,710821952,16.101039500
2,dbeaver,24.923,after-query,65584,11553474697437,com.apple.SafariPlatformSupport,9716336,0.126197833
2,dbeaver,25.178,after-query,65568,11553388601658,dbeaver,710838336,16.107392875
2,dbeaver,25.178,after-query,65584,11553474697437,com.apple.SafariPlatformSupport,9716336,0.126197833
2,dbeaver,25.430,after-query,65568,11553388601658,dbeaver,710838336,16.114328625
2,dbeaver,25.430,after-query,65584,11553474697437,com.apple.SafariPlatformSupport,9716336,0.126197833
2,dbeaver,25.685,after-query,65568,11553388601658,dbeaver,710805568,16.124729500
2,dbeaver,25.685,after-query,65584,11553474697437,com.apple.SafariPlatformSupport,9716336,0.126197833
2,dbeaver,25.940,after-query,65568,11553388601658,dbeaver,710740032,16.134841542
2,dbeaver,25.940,after-query,65584,11553474697437,com.apple.SafariPlatformSupport,9716336,0.126197833
2,dbeaver,26.195,after-query,65568,11553388601658,dbeaver,710641728,16.146004750
2,dbeaver,26.195,after-query,65584,11553474697437,com.apple.SafariPlatformSupport,9716336,0.126197833
2,dbeaver,26.451,after-query,65568,11553388601658,dbeaver,710641728,16.155136875
2,dbeaver,26.451,after-query,65584,11553474697437,com.apple.SafariPlatformSupport,9716336,0.126197833
2,dbeaver,26.706,after-query,65568,11553388601658,dbeaver,710641728,16.166393625
2,dbeaver,26.706,after-query,65584,11553474697437,com.apple.SafariPlatformSupport,9716336,0.126197833
2,pgadmin,0.253,launch,65706,11554168920560,pgAdmin 4,8979440,0.100160625
2,pgadmin,0.507,launch,65706,11554168920560,pgAdmin 4,40191584,0.278605750
2,pgadmin,0.507,launch,65709,11554179658473,pgAdmin 4 Helper,311488,0.012116667
2,pgadmin,0.507,launch,65708,11554179583206,pgAdmin 4 Helper,311488,0.014380750
2,pgadmin,0.761,launch,65706,11554168920560,pgAdmin 4,53855960,0.408216542
2,pgadmin,0.761,launch,65708,11554179583206,pgAdmin 4 Helper,43680728,0.150917417
2,pgadmin,0.761,launch,65711,11554182500229,pgAdmin 4 Helper (Renderer),20120800,0.089047250
2,pgadmin,0.761,launch,65712,11554183357533,Python,16744880,0.087951083
2,pgadmin,0.761,launch,65709,11554179658473,pgAdmin 4 Helper,6718280,0.052088917
2,pgadmin,1.016,launch,65706,11554168920560,pgAdmin 4,54085336,0.413348042
2,pgadmin,1.016,launch,65708,11554179583206,pgAdmin 4 Helper,43647960,0.151764667
2,pgadmin,1.016,launch,65712,11554183357533,Python,31605192,0.312418458
2,pgadmin,1.016,launch,65711,11554182500229,pgAdmin 4 Helper (Renderer),20120800,0.089318875
2,pgadmin,1.016,launch,65709,11554179658473,pgAdmin 4 Helper,6718280,0.052088917
2,pgadmin,1.269,launch,65706,11554168920560,pgAdmin 4,54085336,0.413672375
2,pgadmin,1.269,launch,65708,11554179583206,pgAdmin 4 Helper,43647960,0.151764667
2,pgadmin,1.269,launch,65712,11554183357533,Python,41894344,0.535497333
2,pgadmin,1.269,launch,65711,11554182500229,pgAdmin 4 Helper (Renderer),20137184,0.089372583
2,pgadmin,1.269,launch,65709,11554179658473,pgAdmin 4 Helper,6718280,0.052088917
2,pgadmin,1.524,launch,65706,11554168920560,pgAdmin 4,55527128,0.417809958
2,pgadmin,1.524,launch,65712,11554183357533,Python,51151304,0.763458042
2,pgadmin,1.524,launch,65708,11554179583206,pgAdmin 4 Helper,43647960,0.151764667
2,pgadmin,1.524,launch,65711,11554182500229,pgAdmin 4 Helper (Renderer),20137184,0.089372583
2,pgadmin,1.524,launch,65709,11554179658473,pgAdmin 4 Helper,6718280,0.052088917
2,pgadmin,1.780,launch,65712,11554183357533,Python,62833120,0.982444458
2,pgadmin,1.780,launch,65706,11554168920560,pgAdmin 4,55527128,0.418060208
2,pgadmin,1.780,launch,65708,11554179583206,pgAdmin 4 Helper,42566616,0.152089083
2,pgadmin,1.780,launch,65711,11554182500229,pgAdmin 4 Helper (Renderer),20137184,0.089495042
2,pgadmin,1.780,launch,65709,11554179658473,pgAdmin 4 Helper,6849352,0.053027542
2,pgadmin,2.035,launch,65712,11554183357533,Python,78823928,1.222884875
2,pgadmin,2.035,launch,65706,11554168920560,pgAdmin 4,55527128,0.418060208
2,pgadmin,2.035,launch,65708,11554179583206,pgAdmin 4 Helper,41518040,0.152089083
2,pgadmin,2.035,launch,65711,11554182500229,pgAdmin 4 Helper (Renderer),20137184,0.089495042
2,pgadmin,2.035,launch,65709,11554179658473,pgAdmin 4 Helper,6849352,0.053027542
2,pgadmin,2.290,launch,65712,11554183357533,Python,89588216,1.457215333
2,pgadmin,2.290,launch,65706,11554168920560,pgAdmin 4,55559896,0.420049125
2,pgadmin,2.290,launch,65708,11554179583206,pgAdmin 4 Helper,41518040,0.152089083
2,pgadmin,2.290,launch,65711,11554182500229,pgAdmin 4 Helper (Renderer),20137184,0.089495042
2,pgadmin,2.290,launch,65709,11554179658473,pgAdmin 4 Helper,6849352,0.053027542
2,pgadmin,2.542,launch,65712,11554183357533,Python,99418640,1.690409042
2,pgadmin,2.542,launch,65706,11554168920560,pgAdmin 4,55559896,0.420049125
2,pgadmin,2.542,launch,65708,11554179583206,pgAdmin 4 Helper,41518040,0.152089083
2,pgadmin,2.542,launch,65711,11554182500229,pgAdmin 4 Helper (Renderer),20137184,0.089495042
2,pgadmin,2.542,launch,65709,11554179658473,pgAdmin 4 Helper,6849352,0.053027542
2,pgadmin,2.797,launch,65712,11554183357533,Python,108134952,1.915530750
2,pgadmin,2.797,launch,65706,11554168920560,pgAdmin 4,55559896,0.420071333
2,pgadmin,2.797,launch,65708,11554179583206,pgAdmin 4 Helper,26706904,0.152942167
2,pgadmin,2.797,launch,65721,11554230952496,Python,23445960,0.161556417
2,pgadmin,2.797,launch,65711,11554182500229,pgAdmin 4 Helper (Renderer),20038880,0.089613208
2,pgadmin,2.797,launch,65709,11554179658473,pgAdmin 4 Helper,6849352,0.053027542
2,pgadmin,3.052,launch,65712,11554183357533,Python,121373200,2.140454333
2,pgadmin,3.052,launch,65706,11554168920560,pgAdmin 4,55559896,0.420071333
2,pgadmin,3.052,launch,65708,11554179583206,pgAdmin 4 Helper,26706904,0.152942167
2,pgadmin,3.052,launch,65711,11554182500229,pgAdmin 4 Helper (Renderer),20038880,0.089613208
2,pgadmin,3.052,launch,65709,11554179658473,pgAdmin 4 Helper,6849352,0.053027542
2,pgadmin,3.307,launch,65712,11554183357533,Python,129106496,2.380345667
2,pgadmin,3.307,launch,65706,11554168920560,pgAdmin 4,55592664,0.421441792
2,pgadmin,3.307,launch,65708,11554179583206,pgAdmin 4 Helper,26706904,0.152942167
2,pgadmin,3.307,launch,65711,11554182500229,pgAdmin 4 Helper (Renderer),20038880,0.089613208
2,pgadmin,3.307,launch,65709,11554179658473,pgAdmin 4 Helper,6849352,0.053027542
2,pgadmin,3.562,launch,65712,11554183357533,Python,137642560,2.614700583
2,pgadmin,3.562,launch,65706,11554168920560,pgAdmin 4,55592664,0.421441792
2,pgadmin,3.562,launch,65708,11554179583206,pgAdmin 4 Helper,26706904,0.152942167
2,pgadmin,3.562,launch,65711,11554182500229,pgAdmin 4 Helper (Renderer),20038880,0.089613208
2,pgadmin,3.562,launch,65709,11554179658473,pgAdmin 4 Helper,6849352,0.053027542
2,pgadmin,3.813,launch,65712,11554183357533,Python,147407424,2.859154500
2,pgadmin,3.813,launch,65706,11554168920560,pgAdmin 4,55592664,0.421441792
2,pgadmin,3.813,launch,65708,11554179583206,pgAdmin 4 Helper,26706904,0.152962083
2,pgadmin,3.813,launch,65711,11554182500229,pgAdmin 4 Helper (Renderer),20038880,0.089613208
2,pgadmin,3.813,launch,65709,11554179658473,pgAdmin 4 Helper,6849352,0.053027542
2,pgadmin,4.068,launch,65712,11554183357533,Python,151650880,3.015562125
2,pgadmin,4.068,launch,65706,11554168920560,pgAdmin 4,55985880,0.422299083
2,pgadmin,4.068,launch,65708,11554179583206,pgAdmin 4 Helper,26706904,0.152962083
2,pgadmin,4.068,launch,65711,11554182500229,pgAdmin 4 Helper (Renderer),20038880,0.089613208
2,pgadmin,4.068,launch,65709,11554179658473,pgAdmin 4 Helper,6849352,0.053027542
2,pgadmin,4.323,launch,65712,11554183357533,Python,151798336,3.025139250
2,pgadmin,4.323,launch,65706,11554168920560,pgAdmin 4,59049688,0.475885083
2,pgadmin,4.323,launch,65708,11554179583206,pgAdmin 4 Helper,41960408,0.159952000
2,pgadmin,4.323,launch,65711,11554182500229,pgAdmin 4 Helper (Renderer),20251872,0.093338917
2,pgadmin,4.323,launch,65709,11554179658473,pgAdmin 4 Helper,6914888,0.066360208
2,pgadmin,4.323,launch,65732,11554271063866,pgAdmin 4 Helper (Renderer),311488,0.019465167
2,pgadmin,4.578,settle,65712,11554183357533,Python,153354816,3.135852792
2,pgadmin,4.578,settle,65734,11554272687513,pgAdmin 4 Helper (Renderer),68896184,0.250764958
2,pgadmin,4.578,settle,65706,11554168920560,pgAdmin 4,59164376,0.522773708
2,pgadmin,4.578,settle,65708,11554179583206,pgAdmin 4 Helper,32277464,0.168733042
2,pgadmin,4.578,settle,65709,11554179658473,pgAdmin 4 Helper,8340296,0.160863458
2,pgadmin,4.834,settle,65712,11554183357533,Python,153764416,3.181162333
2,pgadmin,4.834,settle,65708,11554179583206,pgAdmin 4 Helper,122012632,0.186294708
2,pgadmin,4.834,settle,65734,11554272687513,pgAdmin 4 Helper (Renderer),108856808,0.510536083
2,pgadmin,4.834,settle,65706,11554168920560,pgAdmin 4,59229912,0.534927000
2,pgadmin,4.834,settle,65709,11554179658473,pgAdmin 4 Helper,8192840,0.177787083
2,pgadmin,5.085,settle,65734,11554272687513,pgAdmin 4 Helper (Renderer),155141632,0.809934250
2,pgadmin,5.085,settle,65712,11554183357533,Python,153764416,3.221128250
2,pgadmin,5.085,settle,65708,11554179583206,pgAdmin 4 Helper,124601304,0.189546167
2,pgadmin,5.085,settle,65706,11554168920560,pgAdmin 4,60802776,0.563185250
2,pgadmin,5.085,settle,65709,11554179658473,pgAdmin 4 Helper,8209224,0.182959958
2,pgadmin,5.335,settle,65708,11554179583206,pgAdmin 4 Helper,225248264,0.219631250
2,pgadmin,5.335,settle,65734,11554272687513,pgAdmin 4 Helper (Renderer),196380280,1.204543750
2,pgadmin,5.335,settle,65712,11554183357533,Python,156271336,3.286379458
2,pgadmin,5.335,settle,65706,11554168920560,pgAdmin 4,67372784,0.595809667
2,pgadmin,5.335,settle,65709,11554179658473,pgAdmin 4 Helper,8356680,0.199752958
2,pgadmin,5.591,settle,65734,11554272687513,pgAdmin 4 Helper (Renderer),235980576,1.462660083
2,pgadmin,5.591,settle,65708,11554179583206,pgAdmin 4 Helper,225281032,0.223279750
2,pgadmin,5.591,settle,65712,11554183357533,Python,156336872,3.291201250
2,pgadmin,5.591,settle,65706,11554168920560,pgAdmin 4,62424816,0.614950792
2,pgadmin,5.591,settle,65709,11554179658473,pgAdmin 4 Helper,8422216,0.204032083
2,pgadmin,5.845,settle,65734,11554272687513,pgAdmin 4 Helper (Renderer),240355128,1.660385958
2,pgadmin,5.845,settle,65708,11554179583206,pgAdmin 4 Helper,225313800,0.230603458
2,pgadmin,5.845,settle,65712,11554183357533,Python,156926720,3.309791708
2,pgadmin,5.845,settle,65706,11554168920560,pgAdmin 4,62752496,0.625147792
2,pgadmin,5.845,settle,65709,11554179658473,pgAdmin 4 Helper,8504136,0.209509208
2,pgadmin,6.101,settle,65708,11554179583206,pgAdmin 4 Helper,274678840,0.267006292
2,pgadmin,6.101,settle,65734,11554272687513,pgAdmin 4 Helper (Renderer),270042960,1.886900917
2,pgadmin,6.101,settle,65712,11554183357533,Python,157926192,3.362957167
2,pgadmin,6.101,settle,65706,11554168920560,pgAdmin 4,62818032,0.630052167
2,pgadmin,6.101,settle,65709,11554179658473,pgAdmin 4 Helper,8487752,0.217525083
2,pgadmin,6.356,settle,65708,11554179583206,pgAdmin 4 Helper,274695224,0.273681792
2,pgadmin,6.356,settle,65734,11554272687513,pgAdmin 4 Helper (Renderer),270649168,1.911797917
2,pgadmin,6.356,settle,65712,11554183357533,Python,157926192,3.362957167
2,pgadmin,6.356,settle,65706,11554168920560,pgAdmin 4,63014640,0.663858042
2,pgadmin,6.356,settle,65709,11554179658473,pgAdmin 4 Helper,8487752,0.217525083
2,pgadmin,6.608,settle,65708,11554179583206,pgAdmin 4 Helper,274695224,0.276462917
2,pgadmin,6.608,settle,65734,11554272687513,pgAdmin 4 Helper (Renderer),271501136,1.930090333
2,pgadmin,6.608,settle,65712,11554183357533,Python,157926192,3.369542500
2,pgadmin,6.608,settle,65706,11554168920560,pgAdmin 4,63112944,0.671378083
2,pgadmin,6.608,settle,65753,11554321075804,com.apple.SafariPlatformSupport,9732720,0.117584958
2,pgadmin,6.608,settle,65709,11554179658473,pgAdmin 4 Helper,8487752,0.219177375
2,pgadmin,6.863,settle,65708,11554179583206,pgAdmin 4 Helper,274695224,0.282891708
2,pgadmin,6.863,settle,65734,11554272687513,pgAdmin 4 Helper (Renderer),271599440,1.945269417
2,pgadmin,6.863,settle,65712,11554183357533,Python,157926192,3.369542500
2,pgadmin,6.863,settle,65706,11554168920560,pgAdmin 4,63129328,0.671868625
2,pgadmin,6.863,settle,65753,11554321075804,com.apple.SafariPlatformSupport,9749104,0.119220250
2,pgadmin,6.863,settle,65709,11554179658473,pgAdmin 4 Helper,8487752,0.219177375
2,pgadmin,7.119,settle,65708,11554179583206,pgAdmin 4 Helper,272581688,0.290021375
2,pgadmin,7.119,settle,65734,11554272687513,pgAdmin 4 Helper (Renderer),271697744,1.975629458
2,pgadmin,7.119,settle,65712,11554183357533,Python,157926192,3.369649417
2,pgadmin,7.119,settle,65706,11554168920560,pgAdmin 4,63129328,0.671868625
2,pgadmin,7.119,settle,65753,11554321075804,com.apple.SafariPlatformSupport,9749104,0.119220250
2,pgadmin,7.119,settle,65709,11554179658473,pgAdmin 4 Helper,8487752,0.219177375
2,pgadmin,7.374,settle,65734,11554272687513,pgAdmin 4 Helper (Renderer),271779664,2.006670958
2,pgadmin,7.374,settle,65708,11554179583206,pgAdmin 4 Helper,259490872,0.302064500
2,pgadmin,7.374,settle,65712,11554183357533,Python,157926192,3.369649417
2,pgadmin,7.374,settle,65706,11554168920560,pgAdmin 4,63129328,0.671868625
2,pgadmin,7.374,settle,65753,11554321075804,com.apple.SafariPlatformSupport,9749104,0.119220250
2,pgadmin,7.374,settle,65709,11554179658473,pgAdmin 4 Helper,8487752,0.219177375
2,pgadmin,7.630,settle,65734,11554272687513,pgAdmin 4 Helper (Renderer),271746896,2.037103167
2,pgadmin,7.630,settle,65708,11554179583206,pgAdmin 4 Helper,240272440,0.313565292
2,pgadmin,7.630,settle,65712,11554183357533,Python,157926192,3.369766167
2,pgadmin,7.630,settle,65706,11554168920560,pgAdmin 4,63129328,0.672060792
2,pgadmin,7.630,settle,65753,11554321075804,com.apple.SafariPlatformSupport,9749104,0.119426875
2,pgadmin,7.630,settle,65709,11554179658473,pgAdmin 4 Helper,8487752,0.219177375
2,pgadmin,7.882,settle,65734,11554272687513,pgAdmin 4 Helper (Renderer),271828816,2.067906333
2,pgadmin,7.882,settle,65708,11554179583206,pgAdmin 4 Helper,240272440,0.322537500
2,pgadmin,7.882,settle,65712,11554183357533,Python,157926192,3.369766167
2,pgadmin,7.882,settle,65706,11554168920560,pgAdmin 4,63129328,0.672060792
2,pgadmin,7.882,settle,65753,11554321075804,com.apple.SafariPlatformSupport,9749104,0.119426875
2,pgadmin,7.882,settle,65709,11554179658473,pgAdmin 4 Helper,8487752,0.219177375
2,pgadmin,8.137,settle,65734,11554272687513,pgAdmin 4 Helper (Renderer),274777960,2.099339875
2,pgadmin,8.137,settle,65708,11554179583206,pgAdmin 4 Helper,240256056,0.328349958
2,pgadmin,8.137,settle,65712,11554183357533,Python,158188360,3.376984458
2,pgadmin,8.137,settle,65706,11554168920560,pgAdmin 4,63129328,0.672821083
2,pgadmin,8.137,settle,65753,11554321075804,com.apple.SafariPlatformSupport,9749104,0.119426875
2,pgadmin,8.137,settle,65709,11554179658473,pgAdmin 4 Helper,8487752,0.221980833
2,pgadmin,8.392,settle,65734,11554272687513,pgAdmin 4 Helper (Renderer),274859880,2.130444667
2,pgadmin,8.392,settle,65708,11554179583206,pgAdmin 4 Helper,240256056,0.337405917
2,pgadmin,8.392,settle,65712,11554183357533,Python,158188360,3.376984458
2,pgadmin,8.392,settle,65706,11554168920560,pgAdmin 4,63129328,0.672821083
2,pgadmin,8.392,settle,65753,11554321075804,com.apple.SafariPlatformSupport,9749104,0.119426875
2,pgadmin,8.392,settle,65709,11554179658473,pgAdmin 4 Helper,8487752,0.221980833
2,pgadmin,8.648,settle,65734,11554272687513,pgAdmin 4 Helper (Renderer),274990952,2.156953458
2,pgadmin,8.648,settle,65708,11554179583206,pgAdmin 4 Helper,240272440,0.348264417
2,pgadmin,8.648,settle,65712,11554183357533,Python,158188360,3.377053833
2,pgadmin,8.648,settle,65706,11554168920560,pgAdmin 4,63129328,0.674330958
2,pgadmin,8.648,settle,65753,11554321075804,com.apple.SafariPlatformSupport,9749104,0.119642417
2,pgadmin,8.648,settle,65709,11554179658473,pgAdmin 4 Helper,8487752,0.221980833
2,pgadmin,8.903,settle,65734,11554272687513,pgAdmin 4 Helper (Renderer),275072872,2.186284250
2,pgadmin,8.903,settle,65708,11554179583206,pgAdmin 4 Helper,240272440,0.357393250
2,pgadmin,8.903,settle,65712,11554183357533,Python,158188360,3.377053833
2,pgadmin,8.903,settle,65706,11554168920560,pgAdmin 4,63129328,0.674330958
2,pgadmin,8.903,settle,65753,11554321075804,com.apple.SafariPlatformSupport,9749104,0.119744292
2,pgadmin,8.903,settle,65709,11554179658473,pgAdmin 4 Helper,8487752,0.221980833
2,pgadmin,9.153,settle,65734,11554272687513,pgAdmin 4 Helper (Renderer),275171176,2.212797083
2,pgadmin,9.153,settle,65708,11554179583206,pgAdmin 4 Helper,240272440,0.363915167
2,pgadmin,9.153,settle,65712,11554183357533,Python,158188360,3.377150792
2,pgadmin,9.153,settle,65706,11554168920560,pgAdmin 4,63129328,0.674330958
2,pgadmin,9.153,settle,65753,11554321075804,com.apple.SafariPlatformSupport,9749104,0.119744292
2,pgadmin,9.153,settle,65709,11554179658473,pgAdmin 4 Helper,8487752,0.221980833
2,pgadmin,9.405,query,65734,11554272687513,pgAdmin 4 Helper (Renderer),275253096,2.235071083
2,pgadmin,9.405,query,65708,11554179583206,pgAdmin 4 Helper,240256056,0.371451708
2,pgadmin,9.405,query,65712,11554183357533,Python,158188360,3.377150792
2,pgadmin,9.405,query,65706,11554168920560,pgAdmin 4,63129328,0.674500750
2,pgadmin,9.405,query,65753,11554321075804,com.apple.SafariPlatformSupport,9749104,0.119867917
2,pgadmin,9.405,query,65709,11554179658473,pgAdmin 4 Helper,8487752,0.221980833
2,pgadmin,9.660,query,65734,11554272687513,pgAdmin 4 Helper (Renderer),275335016,2.253913083
2,pgadmin,9.660,query,65708,11554179583206,pgAdmin 4 Helper,240256056,0.376586000
2,pgadmin,9.660,query,65712,11554183357533,Python,158188360,3.377186958
2,pgadmin,9.660,query,65706,11554168920560,pgAdmin 4,63096560,0.674766750
2,pgadmin,9.660,query,65753,11554321075804,com.apple.SafariPlatformSupport,9749104,0.119867917
2,pgadmin,9.660,query,65709,11554179658473,pgAdmin 4 Helper,8487752,0.221980833
2,pgadmin,9.915,query,65734,11554272687513,pgAdmin 4 Helper (Renderer),275433320,2.278988125
2,pgadmin,9.915,query,65708,11554179583206,pgAdmin 4 Helper,240272440,0.386467000
2,pgadmin,9.915,query,65712,11554183357533,Python,158188360,3.377186958
2,pgadmin,9.915,query,65706,11554168920560,pgAdmin 4,63096560,0.674766750
2,pgadmin,9.915,query,65753,11554321075804,com.apple.SafariPlatformSupport,9749104,0.119867917
2,pgadmin,9.915,query,65709,11554179658473,pgAdmin 4 Helper,8487752,0.221980833
2,pgadmin,10.171,query,65734,11554272687513,pgAdmin 4 Helper (Renderer),279644008,2.339833083
2,pgadmin,10.171,query,65708,11554179583206,pgAdmin 4 Helper,240272440,0.391284708
2,pgadmin,10.171,query,65712,11554183357533,Python,158188360,3.386889208
2,pgadmin,10.171,query,65706,11554168920560,pgAdmin 4,63096560,0.675915042
2,pgadmin,10.171,query,65753,11554321075804,com.apple.SafariPlatformSupport,9749104,0.119867917
2,pgadmin,10.171,query,65709,11554179658473,pgAdmin 4 Helper,8487752,0.226975833
2,pgadmin,10.426,query,65734,11554272687513,pgAdmin 4 Helper (Renderer),279758696,2.368509667
2,pgadmin,10.426,query,65708,11554179583206,pgAdmin 4 Helper,240288824,0.401095125
2,pgadmin,10.426,query,65712,11554183357533,Python,158188360,3.386889208
2,pgadmin,10.426,query,65706,11554168920560,pgAdmin 4,63096560,0.675915042
2,pgadmin,10.426,query,65753,11554321075804,com.apple.SafariPlatformSupport,9749104,0.119867917
2,pgadmin,10.426,query,65709,11554179658473,pgAdmin 4 Helper,8487752,0.226975833
2,pgadmin,10.680,query,65734,11554272687513,pgAdmin 4 Helper (Renderer),279922536,2.395963917
2,pgadmin,10.680,query,65708,11554179583206,pgAdmin 4 Helper,240272440,0.409057625
2,pgadmin,10.680,query,65712,11554183357533,Python,158204744,3.387631125
2,pgadmin,10.680,query,65706,11554168920560,pgAdmin 4,63096560,0.676306958
2,pgadmin,10.680,query,65753,11554321075804,com.apple.SafariPlatformSupport,9749104,0.119867917
2,pgadmin,10.680,query,65709,11554179658473,pgAdmin 4 Helper,8487752,0.226975833
2,pgadmin,10.935,query,65734,11554272687513,pgAdmin 4 Helper (Renderer),280053608,2.425058417
2,pgadmin,10.935,query,65708,11554179583206,pgAdmin 4 Helper,240256056,0.416962583
2,pgadmin,10.935,query,65712,11554183357533,Python,158204744,3.387631125
2,pgadmin,10.935,query,65706,11554168920560,pgAdmin 4,63096560,0.676306958
2,pgadmin,10.935,query,65753,11554321075804,com.apple.SafariPlatformSupport,9749104,0.120047875
2,pgadmin,10.935,query,65709,11554179658473,pgAdmin 4 Helper,8487752,0.226975833
2,pgadmin,11.189,query,65734,11554272687513,pgAdmin 4 Helper (Renderer),280250216,2.455698292
2,pgadmin,11.189,query,65712,11554183357533,Python,158204744,3.387717917
2,pgadmin,11.189,query,65708,11554179583206,pgAdmin 4 Helper,107086904,0.442975375
2,pgadmin,11.189,query,65706,11554168920560,pgAdmin 4,63014640,0.676862875
2,pgadmin,11.189,query,65753,11554321075804,com.apple.SafariPlatformSupport,9749104,0.120047875
2,pgadmin,11.189,query,65709,11554179658473,pgAdmin 4 Helper,8487752,0.226975833
2,pgadmin,11.445,query,65734,11554272687513,pgAdmin 4 Helper (Renderer),280397672,2.484063875
2,pgadmin,11.445,query,65712,11554183357533,Python,158204744,3.387717917
2,pgadmin,11.445,query,65708,11554179583206,pgAdmin 4 Helper,107070520,0.450340125
2,pgadmin,11.445,query,65706,11554168920560,pgAdmin 4,63014640,0.677122042
2,pgadmin,11.445,query,65753,11554321075804,com.apple.SafariPlatformSupport,9749104,0.120047875
2,pgadmin,11.445,query,65709,11554179658473,pgAdmin 4 Helper,8487752,0.226975833
2,pgadmin,11.698,query,65734,11554272687513,pgAdmin 4 Helper (Renderer),280561512,2.511003292
2,pgadmin,11.698,query,65712,11554183357533,Python,158204744,3.387812667
2,pgadmin,11.698,query,65708,11554179583206,pgAdmin 4 Helper,107070520,0.460846708
2,pgadmin,11.698,query,65706,11554168920560,pgAdmin 4,62965488,0.678625000
2,pgadmin,11.698,query,65753,11554321075804,com.apple.SafariPlatformSupport,9732720,0.121112208
2,pgadmin,11.698,query,65709,11554179658473,pgAdmin 4 Helper,8487752,0.226975833
2,pgadmin,11.954,query,65734,11554272687513,pgAdmin 4 Helper (Renderer),280692584,2.536892000
2,pgadmin,11.954,query,65712,11554183357533,Python,158204744,3.387812667
2,pgadmin,11.954,query,65708,11554179583206,pgAdmin 4 Helper,107054136,0.467619500
2,pgadmin,11.954,query,65706,11554168920560,pgAdmin 4,62965488,0.678625000
2,pgadmin,11.954,query,65753,11554321075804,com.apple.SafariPlatformSupport,9732720,0.121112208
2,pgadmin,11.954,query,65709,11554179658473,pgAdmin 4 Helper,8487752,0.226975833
2,pgadmin,12.205,query,65734,11554272687513,pgAdmin 4 Helper (Renderer),283527016,2.574987250
2,pgadmin,12.205,query,65712,11554183357533,Python,158204744,3.393852792
2,pgadmin,12.205,query,65708,11554179583206,pgAdmin 4 Helper,107086904,0.475692875
2,pgadmin,12.205,query,65706,11554168920560,pgAdmin 4,62965488,0.679313583
2,pgadmin,12.205,query,65753,11554321075804,com.apple.SafariPlatformSupport,9732720,0.121112208
2,pgadmin,12.205,query,65709,11554179658473,pgAdmin 4 Helper,8487752,0.229761833
2,pgadmin,12.461,query,65734,11554272687513,pgAdmin 4 Helper (Renderer),283707240,2.600795875
2,pgadmin,12.461,query,65712,11554183357533,Python,158204744,3.393852792
2,pgadmin,12.461,query,65708,11554179583206,pgAdmin 4 Helper,107070520,0.482768792
2,pgadmin,12.461,query,65706,11554168920560,pgAdmin 4,62965488,0.679313583
2,pgadmin,12.461,query,65753,11554321075804,com.apple.SafariPlatformSupport,9732720,0.121112208
2,pgadmin,12.461,query,65709,11554179658473,pgAdmin 4 Helper,8487752,0.229761833
2,pgadmin,12.715,query,65734,11554272687513,pgAdmin 4 Helper (Renderer),283821928,2.626543958
2,pgadmin,12.715,query,65712,11554183357533,Python,158204744,3.393968750
2,pgadmin,12.715,query,65708,11554179583206,pgAdmin 4 Helper,107086904,0.489768583
2,pgadmin,12.715,query,65706,11554168920560,pgAdmin 4,62965488,0.679458667
2,pgadmin,12.715,query,65753,11554321075804,com.apple.SafariPlatformSupport,9732720,0.121112208
2,pgadmin,12.715,query,65709,11554179658473,pgAdmin 4 Helper,8487752,0.229823833
2,pgadmin,12.967,query,65734,11554272687513,pgAdmin 4 Helper (Renderer),284002152,2.648480458
2,pgadmin,12.967,query,65712,11554183357533,Python,158204744,3.393968750
2,pgadmin,12.967,query,65708,11554179583206,pgAdmin 4 Helper,107021368,0.497007583
2,pgadmin,12.967,query,65706,11554168920560,pgAdmin 4,62998256,0.680713250
2,pgadmin,12.967,query,65753,11554321075804,com.apple.SafariPlatformSupport,9732720,0.121112208
2,pgadmin,12.967,query,65709,11554179658473,pgAdmin 4 Helper,8487752,0.229823833
2,pgadmin,13.222,query,65734,11554272687513,pgAdmin 4 Helper (Renderer),284116840,2.671464417
2,pgadmin,13.222,query,65712,11554183357533,Python,158204744,3.394047333
2,pgadmin,13.222,query,65708,11554179583206,pgAdmin 4 Helper,107037752,0.504509542
2,pgadmin,13.222,query,65706,11554168920560,pgAdmin 4,62998256,0.680713250
2,pgadmin,13.222,query,65753,11554321075804,com.apple.SafariPlatformSupport,9732720,0.121112208
2,pgadmin,13.222,query,65709,11554179658473,pgAdmin 4 Helper,8487752,0.229823833
2,pgadmin,13.477,query,65734,11554272687513,pgAdmin 4 Helper (Renderer),284280680,2.691911167
2,pgadmin,13.477,query,65712,11554183357533,Python,158204744,3.394047333
2,pgadmin,13.477,query,65708,11554179583206,pgAdmin 4 Helper,107037752,0.511918958
2,pgadmin,13.477,query,65706,11554168920560,pgAdmin 4,62998256,0.680713250
2,pgadmin,13.477,query,65753,11554321075804,com.apple.SafariPlatformSupport,9732720,0.121112208
2,pgadmin,13.477,query,65709,11554179658473,pgAdmin 4 Helper,8487752,0.229823833
2,pgadmin,13.730,query,65734,11554272687513,pgAdmin 4 Helper (Renderer),284411752,2.710936125
2,pgadmin,13.730,query,65712,11554183357533,Python,158204744,3.394110458
2,pgadmin,13.730,query,65708,11554179583206,pgAdmin 4 Helper,107054136,0.517636333
2,pgadmin,13.730,query,65706,11554168920560,pgAdmin 4,62998256,0.680713250
2,pgadmin,13.730,query,65753,11554321075804,com.apple.SafariPlatformSupport,9732720,0.121112208
2,pgadmin,13.730,query,65709,11554179658473,pgAdmin 4 Helper,8487752,0.229823833
2,pgadmin,13.985,query,65734,11554272687513,pgAdmin 4 Helper (Renderer),284706664,2.736449292
2,pgadmin,13.985,query,65712,11554183357533,Python,158270304,3.402204708
2,pgadmin,13.985,query,65708,11554179583206,pgAdmin 4 Helper,107054136,0.524063708
2,pgadmin,13.985,query,65706,11554168920560,pgAdmin 4,62998256,0.681300458
2,pgadmin,13.985,query,65753,11554321075804,com.apple.SafariPlatformSupport,9732720,0.121112208
2,pgadmin,13.985,query,65709,11554179658473,pgAdmin 4 Helper,8487752,0.232357875
2,pgadmin,14.238,query,65734,11554272687513,pgAdmin 4 Helper (Renderer),296453992,2.980617292
2,pgadmin,14.238,query,65712,11554183357533,Python,158204744,3.402417417
2,pgadmin,14.238,query,65708,11554179583206,pgAdmin 4 Helper,107037752,0.529231667
2,pgadmin,14.238,query,65706,11554168920560,pgAdmin 4,62998256,0.681756792
2,pgadmin,14.238,query,65753,11554321075804,com.apple.SafariPlatformSupport,9732720,0.121112208
2,pgadmin,14.238,query,65709,11554179658473,pgAdmin 4 Helper,8487752,0.233394083
2,pgadmin,14.494,query,65734,11554272687513,pgAdmin 4 Helper (Renderer),296453992,3.001761833
2,pgadmin,14.494,query,65712,11554183357533,Python,158204744,3.402461375
2,pgadmin,14.494,query,65708,11554179583206,pgAdmin 4 Helper,107021368,0.534799500
2,pgadmin,14.494,query,65706,11554168920560,pgAdmin 4,62998256,0.681986000
2,pgadmin,14.494,query,65753,11554321075804,com.apple.SafariPlatformSupport,9732720,0.121112208
2,pgadmin,14.494,query,65709,11554179658473,pgAdmin 4 Helper,8487752,0.233394083
2,pgadmin,14.744,query,65734,11554272687513,pgAdmin 4 Helper (Renderer),296470376,3.021724125
2,pgadmin,14.744,query,65712,11554183357533,Python,158204744,3.402461375
2,pgadmin,14.744,query,65708,11554179583206,pgAdmin 4 Helper,107037752,0.543052125
2,pgadmin,14.744,query,65706,11554168920560,pgAdmin 4,62998256,0.682229208
2,pgadmin,14.744,query,65753,11554321075804,com.apple.SafariPlatformSupport,9732720,0.121112208
2,pgadmin,14.744,query,65709,11554179658473,pgAdmin 4 Helper,8487752,0.233394083
2,pgadmin,14.998,query,65734,11554272687513,pgAdmin 4 Helper (Renderer),296535912,3.044827000
2,pgadmin,14.998,query,65712,11554183357533,Python,158204744,3.402542042
2,pgadmin,14.998,query,65708,11554179583206,pgAdmin 4 Helper,107037752,0.549259708
2,pgadmin,14.998,query,65706,11554168920560,pgAdmin 4,62998256,0.682229208
2,pgadmin,14.998,query,65753,11554321075804,com.apple.SafariPlatformSupport,9732720,0.121112208
2,pgadmin,14.998,query,65709,11554179658473,pgAdmin 4 Helper,8487752,0.233394083
2,pgadmin,15.253,query,65734,11554272687513,pgAdmin 4 Helper (Renderer),296585064,3.067252125
2,pgadmin,15.253,query,65712,11554183357533,Python,158204744,3.402542042
2,pgadmin,15.253,query,65708,11554179583206,pgAdmin 4 Helper,107037752,0.556178292
2,pgadmin,15.253,query,65706,11554168920560,pgAdmin 4,62998256,0.682229208
2,pgadmin,15.253,query,65753,11554321075804,com.apple.SafariPlatformSupport,9732720,0.121112208
2,pgadmin,15.253,query,65709,11554179658473,pgAdmin 4 Helper,8487752,0.233394083
2,pgadmin,15.508,query,65734,11554272687513,pgAdmin 4 Helper (Renderer),296601448,3.092033792
2,pgadmin,15.508,query,65712,11554183357533,Python,158204744,3.402605458
2,pgadmin,15.508,query,65708,11554179583206,pgAdmin 4 Helper,107021368,0.562450000
2,pgadmin,15.508,query,65706,11554168920560,pgAdmin 4,62998256,0.683520333
2,pgadmin,15.508,query,65753,11554321075804,com.apple.SafariPlatformSupport,9732720,0.121112208
2,pgadmin,15.508,query,65709,11554179658473,pgAdmin 4 Helper,8487752,0.233394083
2,pgadmin,15.763,query,65734,11554272687513,pgAdmin 4 Helper (Renderer),297928552,3.144235000
2,pgadmin,15.763,query,65712,11554183357533,Python,158516064,3.408214417
2,pgadmin,15.763,query,65708,11554179583206,pgAdmin 4 Helper,133514296,0.573883667
2,pgadmin,15.763,query,65706,11554168920560,pgAdmin 4,62555888,0.698834750
2,pgadmin,15.763,query,65753,11554321075804,com.apple.SafariPlatformSupport,9732720,0.121112208
2,pgadmin,15.763,query,65709,11554179658473,pgAdmin 4 Helper,8487752,0.234648042
2,pgadmin,16.015,query,65734,11554272687513,pgAdmin 4 Helper (Renderer),300812136,3.297675167
2,pgadmin,16.015,query,65708,11554179583206,pgAdmin 4 Helper,173048888,0.603630792
2,pgadmin,16.015,query,65712,11554183357533,Python,159990576,3.440369167
2,pgadmin,16.015,query,65706,11554168920560,pgAdmin 4,63801072,0.708178083
2,pgadmin,16.015,query,65753,11554321075804,com.apple.SafariPlatformSupport,9732720,0.121468083
2,pgadmin,16.015,query,65709,11554179658473,pgAdmin 4 Helper,8487752,0.240514583
2,pgadmin,16.267,query,65734,11554272687513,pgAdmin 4 Helper (Renderer),300877672,3.321143500
2,pgadmin,16.267,query,65708,11554179583206,pgAdmin 4 Helper,173704248,0.613473625
2,pgadmin,16.267,query,65712,11554183357533,Python,159990576,3.440369167
2,pgadmin,16.267,query,65706,11554168920560,pgAdmin 4,63801072,0.709222875
2,pgadmin,16.267,query,65753,11554321075804,com.apple.SafariPlatformSupport,9732720,0.121468083
2,pgadmin,16.267,query,65709,11554179658473,pgAdmin 4 Helper,8487752,0.240514583
2,pgadmin,16.523,query,65734,11554272687513,pgAdmin 4 Helper (Renderer),300877672,3.344846583
2,pgadmin,16.523,query,65708,11554179583206,pgAdmin 4 Helper,173704248,0.621068250
2,pgadmin,16.523,query,65712,11554183357533,Python,159990576,3.440468000
2,pgadmin,16.523,query,65706,11554168920560,pgAdmin 4,63801072,0.709589417
2,pgadmin,16.523,query,65753,11554321075804,com.apple.SafariPlatformSupport,9732720,0.121468083
2,pgadmin,16.523,query,65709,11554179658473,pgAdmin 4 Helper,8487752,0.240514583
2,pgadmin,16.778,query,65734,11554272687513,pgAdmin 4 Helper (Renderer),300877672,3.365597417
2,pgadmin,16.778,query,65708,11554179583206,pgAdmin 4 Helper,173704248,0.628174250
2,pgadmin,16.778,query,65712,11554183357533,Python,159990576,3.440468000
2,pgadmin,16.778,query,65706,11554168920560,pgAdmin 4,63801072,0.709589417
2,pgadmin,16.778,query,65753,11554321075804,com.apple.SafariPlatformSupport,9732720,0.121468083
2,pgadmin,16.778,query,65709,11554179658473,pgAdmin 4 Helper,8487752,0.240514583
2,pgadmin,17.030,query,65734,11554272687513,pgAdmin 4 Helper (Renderer),300877672,3.385464167
2,pgadmin,17.030,query,65708,11554179583206,pgAdmin 4 Helper,173704248,0.634710667
2,pgadmin,17.030,query,65712,11554183357533,Python,159990576,3.440560083
2,pgadmin,17.030,query,65706,11554168920560,pgAdmin 4,63833840,0.710102250
2,pgadmin,17.030,query,65753,11554321075804,com.apple.SafariPlatformSupport,9732720,0.121673375
2,pgadmin,17.030,query,65709,11554179658473,pgAdmin 4 Helper,8487752,0.240514583
2,pgadmin,17.285,query,65734,11554272687513,pgAdmin 4 Helper (Renderer),300894056,3.403874625
2,pgadmin,17.285,query,65708,11554179583206,pgAdmin 4 Helper,171607096,0.640662500
2,pgadmin,17.285,query,65712,11554183357533,Python,159990576,3.440560083
2,pgadmin,17.285,query,65706,11554168920560,pgAdmin 4,63833840,0.710102250
2,pgadmin,17.285,query,65753,11554321075804,com.apple.SafariPlatformSupport,9732720,0.121673375
2,pgadmin,17.285,query,65709,11554179658473,pgAdmin 4 Helper,8487752,0.240514583
2,pgadmin,17.536,query,65734,11554272687513,pgAdmin 4 Helper (Renderer),306792296,3.576979958
2,pgadmin,17.536,query,65708,11554179583206,pgAdmin 4 Helper,230392888,0.694238083
2,pgadmin,17.536,query,65712,11554183357533,Python,159990576,3.440592000
2,pgadmin,17.536,query,65706,11554168920560,pgAdmin 4,64440048,0.727631792
2,pgadmin,17.536,query,65753,11554321075804,com.apple.SafariPlatformSupport,9732720,0.121673375
2,pgadmin,17.536,query,65709,11554179658473,pgAdmin 4 Helper,8487752,0.240514583
2,pgadmin,17.791,query,65734,11554272687513,pgAdmin 4 Helper (Renderer),318654312,3.726509417
2,pgadmin,17.791,query,65708,11554179583206,pgAdmin 4 Helper,232784976,0.733646792
2,pgadmin,17.791,query,65712,11554183357533,Python,159990576,3.440592000
2,pgadmin,17.791,query,65706,11554168920560,pgAdmin 4,62916336,0.743393583
2,pgadmin,17.791,query,65753,11554321075804,com.apple.SafariPlatformSupport,9732720,0.121673375
2,pgadmin,17.791,query,65709,11554179658473,pgAdmin 4 Helper,8487752,0.240514583
2,pgadmin,18.043,query,65734,11554272687513,pgAdmin 4 Helper (Renderer),321406824,3.799376917
2,pgadmin,18.043,query,65708,11554179583206,pgAdmin 4 Helper,231867448,0.751154458
2,pgadmin,18.043,query,65712,11554183357533,Python,160006960,3.446635833
2,pgadmin,18.043,query,65706,11554168920560,pgAdmin 4,62949104,0.754314500
2,pgadmin,18.043,query,65753,11554321075804,com.apple.SafariPlatformSupport,9732720,0.121673375
2,pgadmin,18.043,query,65709,11554179658473,pgAdmin 4 Helper,8487752,0.243019458
2,pgadmin,18.298,query,65734,11554272687513,pgAdmin 4 Helper (Renderer),324700008,3.877908458
2,pgadmin,18.298,query,65708,11554179583206,pgAdmin 4 Helper,236815416,0.773491917
2,pgadmin,18.298,query,65712,11554183357533,Python,160006960,3.446635833
2,pgadmin,18.298,query,65706,11554168920560,pgAdmin 4,62949104,0.764373000
2,pgadmin,18.298,query,65753,11554321075804,com.apple.SafariPlatformSupport,9732720,0.121673375
2,pgadmin,18.298,query,65709,11554179658473,pgAdmin 4 Helper,8487752,0.243019458
2,pgadmin,18.553,query,65734,11554272687513,pgAdmin 4 Helper (Renderer),331810688,4.021134250
2,pgadmin,18.553,query,65708,11554179583206,pgAdmin 4 Helper,236864568,0.814853542
2,pgadmin,18.553,query,65712,11554183357533,Python,160006960,3.446682875
2,pgadmin,18.553,query,65706,11554168920560,pgAdmin 4,62981872,0.781376708
2,pgadmin,18.553,query,65753,11554321075804,com.apple.SafariPlatformSupport,9732720,0.121673375
2,pgadmin,18.553,query,65709,11554179658473,pgAdmin 4 Helper,8487752,0.243019458
2,pgadmin,18.804,query,65734,11554272687513,pgAdmin 4 Helper (Renderer),337299328,4.122462125
2,pgadmin,18.804,query,65708,11554179583206,pgAdmin 4 Helper,236864568,0.848415208
2,pgadmin,18.804,query,65712,11554183357533,Python,160006960,3.446682875
2,pgadmin,18.804,query,65706,11554168920560,pgAdmin 4,62981872,0.794078667
2,pgadmin,18.804,query,65753,11554321075804,com.apple.SafariPlatformSupport,9732720,0.121673375
2,pgadmin,18.804,query,65709,11554179658473,pgAdmin 4 Helper,8487752,0.243019458
2,pgadmin,19.059,query,65734,11554272687513,pgAdmin 4 Helper (Renderer),340133760,4.169892458
2,pgadmin,19.059,query,65708,11554179583206,pgAdmin 4 Helper,237372472,0.872233750
2,pgadmin,19.059,query,65712,11554183357533,Python,160006960,3.446723375
2,pgadmin,19.059,query,65706,11554168920560,pgAdmin 4,62998256,0.800833292
2,pgadmin,19.059,query,65753,11554321075804,com.apple.SafariPlatformSupport,9732720,0.121673375
2,pgadmin,19.059,query,65709,11554179658473,pgAdmin 4 Helper,8487752,0.243019458
2,pgadmin,19.313,query,65734,11554272687513,pgAdmin 4 Helper (Renderer),347555736,4.313641833
2,pgadmin,19.313,query,65708,11554179583206,pgAdmin 4 Helper,237372472,0.911314500
2,pgadmin,19.313,query,65712,11554183357533,Python,160006960,3.446723375
2,pgadmin,19.313,query,65706,11554168920560,pgAdmin 4,63063792,0.821213208
2,pgadmin,19.313,query,65753,11554321075804,com.apple.SafariPlatformSupport,9732720,0.121673375
2,pgadmin,19.313,query,65709,11554179658473,pgAdmin 4 Helper,8487752,0.243019458
2,pgadmin,19.568,query,65734,11554272687513,pgAdmin 4 Helper (Renderer),354813848,4.406983125
2,pgadmin,19.568,query,65708,11554179583206,pgAdmin 4 Helper,237372472,0.942957125
2,pgadmin,19.568,query,65712,11554183357533,Python,160006960,3.446756750
2,pgadmin,19.568,query,65706,11554168920560,pgAdmin 4,63080176,0.831338292
2,pgadmin,19.568,query,65753,11554321075804,com.apple.SafariPlatformSupport,9732720,0.121673375
2,pgadmin,19.568,query,65709,11554179658473,pgAdmin 4 Helper,8487752,0.243019458
2,pgadmin,19.819,query,65734,11554272687513,pgAdmin 4 Helper (Renderer),360138648,4.512216167
2,pgadmin,19.819,query,65708,11554179583206,pgAdmin 4 Helper,237388856,0.975897042
2,pgadmin,19.819,query,65712,11554183357533,Python,160006960,3.446756750
2,pgadmin,19.819,query,65706,11554168920560,pgAdmin 4,63080176,0.846069500
2,pgadmin,19.819,query,65753,11554321075804,com.apple.SafariPlatformSupport,9732720,0.121673375
2,pgadmin,19.819,query,65709,11554179658473,pgAdmin 4 Helper,8487752,0.243019458
2,pgadmin,20.074,query,65734,11554272687513,pgAdmin 4 Helper (Renderer),367593392,4.631202708
2,pgadmin,20.074,query,65708,11554179583206,pgAdmin 4 Helper,242123832,1.015018500
2,pgadmin,20.074,query,65712,11554183357533,Python,160006960,3.451262125
2,pgadmin,20.074,query,65706,11554168920560,pgAdmin 4,63096560,0.859260208
2,pgadmin,20.074,query,65753,11554321075804,com.apple.SafariPlatformSupport,9732720,0.121673375
2,pgadmin,20.074,query,65709,11554179658473,pgAdmin 4 Helper,8487752,0.245369000
2,pgadmin,20.330,query,65734,11554272687513,pgAdmin 4 Helper (Renderer),370558896,4.695990083
2,pgadmin,20.330,query,65708,11554179583206,pgAdmin 4 Helper,242123832,1.032741667
2,pgadmin,20.330,query,65712,11554183357533,Python,160006960,3.451262125
2,pgadmin,20.330,query,65706,11554168920560,pgAdmin 4,63129328,0.870541917
2,pgadmin,20.330,query,65753,11554321075804,com.apple.SafariPlatformSupport,9732720,0.121673375
2,pgadmin,20.330,query,65709,11554179658473,pgAdmin 4 Helper,8487752,0.245369000
2,pgadmin,20.585,query,65734,11554272687513,pgAdmin 4 Helper (Renderer),374949808,4.787001375
2,pgadmin,20.585,query,65708,11554179583206,pgAdmin 4 Helper,242140216,1.061379292
2,pgadmin,20.585,query,65712,11554183357533,Python,160006960,3.451297833
2,pgadmin,20.585,query,65706,11554168920560,pgAdmin 4,63129328,0.885397792
2,pgadmin,20.585,query,65753,11554321075804,com.apple.SafariPlatformSupport,9732720,0.121673375
2,pgadmin,20.585,query,65709,11554179658473,pgAdmin 4 Helper,8487752,0.245369000
2,pgadmin,20.840,query,65734,11554272687513,pgAdmin 4 Helper (Renderer),388188080,4.912139167
2,pgadmin,20.840,query,65708,11554179583206,pgAdmin 4 Helper,236733496,1.095118083
2,pgadmin,20.840,query,65712,11554183357533,Python,160006960,3.451297833
2,pgadmin,20.840,query,65706,11554168920560,pgAdmin 4,63162096,0.899450292
2,pgadmin,20.840,query,65753,11554321075804,com.apple.SafariPlatformSupport,9732720,0.121673375
2,pgadmin,20.840,query,65709,11554179658473,pgAdmin 4 Helper,8487752,0.245369000
2,pgadmin,21.094,query,65734,11554272687513,pgAdmin 4 Helper (Renderer),393594800,5.020815667
2,pgadmin,21.094,query,65708,11554179583206,pgAdmin 4 Helper,232457272,1.125045000
2,pgadmin,21.094,query,65712,11554183357533,Python,160006960,3.451339083
2,pgadmin,21.094,query,65706,11554168920560,pgAdmin 4,63112944,0.915419708
2,pgadmin,21.094,query,65753,11554321075804,com.apple.SafariPlatformSupport,9667184,0.121802625
2,pgadmin,21.094,query,65709,11554179658473,pgAdmin 4 Helper,8487752,0.245369000
2,pgadmin,21.348,query,65734,11554272687513,pgAdmin 4 Helper (Renderer),387696560,5.328458000
2,pgadmin,21.348,query,65708,11554179583206,pgAdmin 4 Helper,232424504,1.145736167
2,pgadmin,21.348,query,65712,11554183357533,Python,160006960,3.451339083
2,pgadmin,21.348,query,65706,11554168920560,pgAdmin 4,63145712,0.927443000
2,pgadmin,21.348,query,65753,11554321075804,com.apple.SafariPlatformSupport,9667184,0.121802625
2,pgadmin,21.348,query,65709,11554179658473,pgAdmin 4 Helper,8487752,0.245369000
2,pgadmin,21.601,query,65734,11554272687513,pgAdmin 4 Helper (Renderer),389072816,5.432856708
2,pgadmin,21.601,query,65708,11554179583206,pgAdmin 4 Helper,232424504,1.182209292
2,pgadmin,21.601,query,65712,11554183357533,Python,160006960,3.451376167
2,pgadmin,21.601,query,65706,11554168920560,pgAdmin 4,63162096,0.940822500
2,pgadmin,21.601,query,65753,11554321075804,com.apple.SafariPlatformSupport,9667184,0.121802625
2,pgadmin,21.601,query,65709,11554179658473,pgAdmin 4 Helper,8487752,0.245369000
2,pgadmin,21.856,query,65734,11554272687513,pgAdmin 4 Helper (Renderer),389171120,5.470670667
2,pgadmin,21.856,query,65708,11554179583206,pgAdmin 4 Helper,232408120,1.194877333
2,pgadmin,21.856,query,65712,11554183357533,Python,160006960,3.451376167
2,pgadmin,21.856,query,65706,11554168920560,pgAdmin 4,63162096,0.946144833
2,pgadmin,21.856,query,65753,11554321075804,com.apple.SafariPlatformSupport,9667184,0.121802625
2,pgadmin,21.856,query,65709,11554179658473,pgAdmin 4 Helper,8487752,0.245369000
2,pgadmin,22.111,query,65734,11554272687513,pgAdmin 4 Helper (Renderer),389531568,5.618270917
2,pgadmin,22.111,query,65708,11554179583206,pgAdmin 4 Helper,232424504,1.225335458
2,pgadmin,22.111,query,65712,11554183357533,Python,160006960,3.457108333
2,pgadmin,22.111,query,65706,11554168920560,pgAdmin 4,63178480,0.966557792
2,pgadmin,22.111,query,65753,11554321075804,com.apple.SafariPlatformSupport,9667184,0.121802625
2,pgadmin,22.111,query,65709,11554179658473,pgAdmin 4 Helper,8487752,0.247846250
2,pgadmin,22.366,query,65734,11554272687513,pgAdmin 4 Helper (Renderer),390203312,5.721267000
2,pgadmin,22.366,query,65708,11554179583206,pgAdmin 4 Helper,232424504,1.251708583
2,pgadmin,22.366,query,65712,11554183357533,Python,160006960,3.457108333
2,pgadmin,22.366,query,65706,11554168920560,pgAdmin 4,63178480,0.980453750
2,pgadmin,22.366,query,65753,11554321075804,com.apple.SafariPlatformSupport,9667184,0.121802625
2,pgadmin,22.366,query,65709,11554179658473,pgAdmin 4 Helper,8487752,0.247846250
2,pgadmin,22.621,query,65734,11554272687513,pgAdmin 4 Helper (Renderer),390203312,5.777680625
2,pgadmin,22.621,query,65708,11554179583206,pgAdmin 4 Helper,232358968,1.270338208
2,pgadmin,22.621,query,65712,11554183357533,Python,160006960,3.457178292
2,pgadmin,22.621,query,65706,11554168920560,pgAdmin 4,63178480,0.994101792
2,pgadmin,22.621,query,65753,11554321075804,com.apple.SafariPlatformSupport,9667184,0.121802625
2,pgadmin,22.621,query,65709,11554179658473,pgAdmin 4 Helper,8487752,0.247846250
2,pgadmin,22.877,query,65734,11554272687513,pgAdmin 4 Helper (Renderer),390203312,5.796320208
2,pgadmin,22.877,query,65708,11554179583206,pgAdmin 4 Helper,229770296,1.277330792
2,pgadmin,22.877,query,65712,11554183357533,Python,160006960,3.457178292
2,pgadmin,22.877,query,65706,11554168920560,pgAdmin 4,63178480,0.996202375
2,pgadmin,22.877,query,65753,11554321075804,com.apple.SafariPlatformSupport,9667184,0.121802625
2,pgadmin,22.877,query,65709,11554179658473,pgAdmin 4 Helper,8487752,0.247846250
2,pgadmin,23.132,after-query,65734,11554272687513,pgAdmin 4 Helper (Renderer),390203312,5.816612250
2,pgadmin,23.132,after-query,65708,11554179583206,pgAdmin 4 Helper,229770296,1.284072292
2,pgadmin,23.132,after-query,65712,11554183357533,Python,160006960,3.457301167
2,pgadmin,23.132,after-query,65706,11554168920560,pgAdmin 4,63178480,0.996560708
2,pgadmin,23.132,after-query,65753,11554321075804,com.apple.SafariPlatformSupport,9667184,0.121802625
2,pgadmin,23.132,after-query,65709,11554179658473,pgAdmin 4 Helper,8487752,0.247846250
2,pgadmin,23.384,after-query,65734,11554272687513,pgAdmin 4 Helper (Renderer),390203312,5.833304958
2,pgadmin,23.384,after-query,65708,11554179583206,pgAdmin 4 Helper,229770296,1.289720917
2,pgadmin,23.384,after-query,65712,11554183357533,Python,160006960,3.457301167
2,pgadmin,23.384,after-query,65706,11554168920560,pgAdmin 4,63178480,0.996560708
2,pgadmin,23.384,after-query,65753,11554321075804,com.apple.SafariPlatformSupport,9667184,0.121802625
2,pgadmin,23.384,after-query,65709,11554179658473,pgAdmin 4 Helper,8487752,0.247846250
2,pgadmin,23.639,after-query,65734,11554272687513,pgAdmin 4 Helper (Renderer),390203312,5.852513917
2,pgadmin,23.639,after-query,65708,11554179583206,pgAdmin 4 Helper,227673144,1.296260750
2,pgadmin,23.639,after-query,65712,11554183357533,Python,160006960,3.457374500
2,pgadmin,23.639,after-query,65706,11554168920560,pgAdmin 4,63178480,0.996560708
2,pgadmin,23.639,after-query,65753,11554321075804,com.apple.SafariPlatformSupport,9667184,0.121802625
2,pgadmin,23.639,after-query,65709,11554179658473,pgAdmin 4 Helper,8487752,0.247846250
2,pgadmin,23.895,after-query,65734,11554272687513,pgAdmin 4 Helper (Renderer),389908376,5.870908542
2,pgadmin,23.895,after-query,65708,11554179583206,pgAdmin 4 Helper,202425400,1.306258750
2,pgadmin,23.895,after-query,65712,11554183357533,Python,160006960,3.457374500
2,pgadmin,23.895,after-query,65706,11554168920560,pgAdmin 4,63178480,0.996560708
2,pgadmin,23.895,after-query,65753,11554321075804,com.apple.SafariPlatformSupport,9667184,0.121802625
2,pgadmin,23.895,after-query,65709,11554179658473,pgAdmin 4 Helper,8487752,0.247846250
2,pgadmin,24.150,after-query,65734,11554272687513,pgAdmin 4 Helper (Renderer),389908376,5.906758833
2,pgadmin,24.150,after-query,65708,11554179583206,pgAdmin 4 Helper,202425400,1.311639542
2,pgadmin,24.150,after-query,65712,11554183357533,Python,160006960,3.468814417
2,pgadmin,24.150,after-query,65706,11554168920560,pgAdmin 4,63178480,0.997701542
2,pgadmin,24.150,after-query,65753,11554321075804,com.apple.SafariPlatformSupport,9667184,0.121802625
2,pgadmin,24.150,after-query,65709,11554179658473,pgAdmin 4 Helper,8487752,0.252367625
2,pgadmin,24.405,after-query,65734,11554272687513,pgAdmin 4 Helper (Renderer),389908376,5.927910667
2,pgadmin,24.405,after-query,65708,11554179583206,pgAdmin 4 Helper,202425400,1.318634500
2,pgadmin,24.405,after-query,65712,11554183357533,Python,160006960,3.468814417
2,pgadmin,24.405,after-query,65706,11554168920560,pgAdmin 4,63178480,0.997701542
2,pgadmin,24.405,after-query,65753,11554321075804,com.apple.SafariPlatformSupport,9667184,0.121802625
2,pgadmin,24.405,after-query,65709,11554179658473,pgAdmin 4 Helper,8487752,0.252367625
2,pgadmin,24.659,after-query,65734,11554272687513,pgAdmin 4 Helper (Renderer),389908376,5.945876708
2,pgadmin,24.659,after-query,65708,11554179583206,pgAdmin 4 Helper,202425400,1.325079292
2,pgadmin,24.659,after-query,65712,11554183357533,Python,160006960,3.468856875
2,pgadmin,24.659,after-query,65706,11554168920560,pgAdmin 4,63211248,0.998510792
2,pgadmin,24.659,after-query,65753,11554321075804,com.apple.SafariPlatformSupport,9667184,0.121802625
2,pgadmin,24.659,after-query,65709,11554179658473,pgAdmin 4 Helper,8487752,0.252367625
2,pgadmin,24.914,after-query,65734,11554272687513,pgAdmin 4 Helper (Renderer),389908376,5.967353667
2,pgadmin,24.914,after-query,65708,11554179583206,pgAdmin 4 Helper,200819768,1.332980250
2,pgadmin,24.914,after-query,65712,11554183357533,Python,160006960,3.468856875
2,pgadmin,24.914,after-query,65706,11554168920560,pgAdmin 4,63211248,0.998588708
2,pgadmin,24.914,after-query,65753,11554321075804,com.apple.SafariPlatformSupport,9667184,0.121802625
2,pgadmin,24.914,after-query,65709,11554179658473,pgAdmin 4 Helper,8487752,0.252367625
2,pgadmin,25.168,after-query,65734,11554272687513,pgAdmin 4 Helper (Renderer),389908376,5.987944500
2,pgadmin,25.168,after-query,65708,11554179583206,pgAdmin 4 Helper,200819768,1.339736917
2,pgadmin,25.168,after-query,65712,11554183357533,Python,160006960,3.468947625
2,pgadmin,25.168,after-query,65706,11554168920560,pgAdmin 4,63211248,0.998588708
2,pgadmin,25.168,after-query,65753,11554321075804,com.apple.SafariPlatformSupport,9667184,0.121802625
2,pgadmin,25.168,after-query,65709,11554179658473,pgAdmin 4 Helper,8487752,0.252367625
2,pgadmin,25.423,after-query,65734,11554272687513,pgAdmin 4 Helper (Renderer),389908376,6.008135042
2,pgadmin,25.423,after-query,65708,11554179583206,pgAdmin 4 Helper,200819768,1.346317000
2,pgadmin,25.423,after-query,65712,11554183357533,Python,160006960,3.468947625
2,pgadmin,25.423,after-query,65706,11554168920560,pgAdmin 4,63211248,0.998588708
2,pgadmin,25.423,after-query,65753,11554321075804,com.apple.SafariPlatformSupport,9667184,0.121802625
2,pgadmin,25.423,after-query,65709,11554179658473,pgAdmin 4 Helper,8487752,0.252367625
2,pgadmin,25.676,after-query,65734,11554272687513,pgAdmin 4 Helper (Renderer),389924760,6.028255667
2,pgadmin,25.676,after-query,65708,11554179583206,pgAdmin 4 Helper,200836152,1.353121125
2,pgadmin,25.676,after-query,65712,11554183357533,Python,160006960,3.469035708
2,pgadmin,25.676,after-query,65706,11554168920560,pgAdmin 4,63211248,1.000962625
2,pgadmin,25.676,after-query,65753,11554321075804,com.apple.SafariPlatformSupport,9667184,0.121802625
2,pgadmin,25.676,after-query,65709,11554179658473,pgAdmin 4 Helper,8487752,0.252367625
2,pgadmin,25.929,after-query,65734,11554272687513,pgAdmin 4 Helper (Renderer),389941144,6.048816667
2,pgadmin,25.929,after-query,65708,11554179583206,pgAdmin 4 Helper,200836152,1.359786000
2,pgadmin,25.929,after-query,65712,11554183357533,Python,160006960,3.469035708
2,pgadmin,25.929,after-query,65706,11554168920560,pgAdmin 4,63211248,1.000962625
2,pgadmin,25.929,after-query,65753,11554321075804,com.apple.SafariPlatformSupport,9667184,0.121802625
2,pgadmin,25.929,after-query,65709,11554179658473,pgAdmin 4 Helper,8487752,0.252367625
2,pgadmin,26.180,after-query,65734,11554272687513,pgAdmin 4 Helper (Renderer),390006680,6.084596667
2,pgadmin,26.180,after-query,65708,11554179583206,pgAdmin 4 Helper,186336312,1.365296708
2,pgadmin,26.180,after-query,65712,11554183357533,Python,160006960,3.478262667
2,pgadmin,26.180,after-query,65706,11554168920560,pgAdmin 4,63211248,1.002265375
2,pgadmin,26.180,after-query,65753,11554321075804,com.apple.SafariPlatformSupport,9667184,0.121802625
2,pgadmin,26.180,after-query,65709,11554179658473,pgAdmin 4 Helper,8487752,0.257212750
2,pgadmin,26.435,after-query,65734,11554272687513,pgAdmin 4 Helper (Renderer),390039448,6.104856667
2,pgadmin,26.435,after-query,65708,11554179583206,pgAdmin 4 Helper,186336312,1.372113708
2,pgadmin,26.435,after-query,65712,11554183357533,Python,160006960,3.478262667
2,pgadmin,26.435,after-query,65706,11554168920560,pgAdmin 4,63211248,1.002516625
2,pgadmin,26.435,after-query,65753,11554321075804,com.apple.SafariPlatformSupport,9667184,0.121802625
2,pgadmin,26.435,after-query,65709,11554179658473,pgAdmin 4 Helper,8487752,0.257212750
2,pgadmin,26.691,after-query,65734,11554272687513,pgAdmin 4 Helper (Renderer),390039448,6.124592500
2,pgadmin,26.691,after-query,65708,11554179583206,pgAdmin 4 Helper,186336312,1.378847583
2,pgadmin,26.691,after-query,65712,11554183357533,Python,160006960,3.478364417
2,pgadmin,26.691,after-query,65706,11554168920560,pgAdmin 4,63145712,1.003171208
2,pgadmin,26.691,after-query,65753,11554321075804,com.apple.SafariPlatformSupport,9667184,0.121802625
2,pgadmin,26.691,after-query,65709,11554179658473,pgAdmin 4 Helper,8487752,0.257212750
2,pgadmin,26.946,after-query,65734,11554272687513,pgAdmin 4 Helper (Renderer),390039448,6.144215792
2,pgadmin,26.946,after-query,65708,11554179583206,pgAdmin 4 Helper,186336312,1.385665375
2,pgadmin,26.946,after-query,65712,11554183357533,Python,160006960,3.478364417
2,pgadmin,26.946,after-query,65706,11554168920560,pgAdmin 4,63145712,1.003171208
2,pgadmin,26.946,after-query,65753,11554321075804,com.apple.SafariPlatformSupport,9667184,0.121802625
2,pgadmin,26.946,after-query,65709,11554179658473,pgAdmin 4 Helper,8487752,0.257212750
2,pgadmin,27.202,after-query,65734,11554272687513,pgAdmin 4 Helper (Renderer),390039448,6.165177958
2,pgadmin,27.202,after-query,65708,11554179583206,pgAdmin 4 Helper,186336312,1.392361542
2,pgadmin,27.202,after-query,65712,11554183357533,Python,160006960,3.478495042
2,pgadmin,27.202,after-query,65706,11554168920560,pgAdmin 4,63145712,1.003171208
2,pgadmin,27.202,after-query,65753,11554321075804,com.apple.SafariPlatformSupport,9667184,0.121802625
2,pgadmin,27.202,after-query,65709,11554179658473,pgAdmin 4 Helper,8487752,0.257212750
2,pgadmin,27.457,after-query,65734,11554272687513,pgAdmin 4 Helper (Renderer),390039448,6.185610708
2,pgadmin,27.457,after-query,65712,11554183357533,Python,160006960,3.478495042
2,pgadmin,27.457,after-query,65708,11554179583206,pgAdmin 4 Helper,157713464,1.401757000
2,pgadmin,27.457,after-query,65706,11554168920560,pgAdmin 4,63145712,1.003171208
2,pgadmin,27.457,after-query,65753,11554321075804,com.apple.SafariPlatformSupport,9667184,0.121802625
2,pgadmin,27.457,after-query,65709,11554179658473,pgAdmin 4 Helper,8487752,0.257212750
2,dbgate,0.253,launch,65868,11554971486527,DbGate,9290664,0.101842750
2,dbgate,0.504,launch,65868,11554971486527,DbGate,40470040,0.287388500
2,dbgate,0.504,launch,65870,11554981534413,DbGate Helper (GPU),5767960,0.041403042
2,dbgate,0.504,launch,65871,11554981675949,DbGate Helper,5309232,0.037775542
2,dbgate,0.760,launch,65868,11554971486527,DbGate,61785648,0.449201500
2,dbgate,0.760,launch,65870,11554981534413,DbGate Helper (GPU),10863432,0.085636167
2,dbgate,0.760,launch,65871,11554981675949,DbGate Helper,5997384,0.042581625
2,dbgate,1.010,settle,65868,11554971486527,DbGate,88180488,0.606791292
2,dbgate,1.010,settle,65877,11554990895186,DbGate Helper (Renderer),66389264,0.150769042
2,dbgate,1.010,settle,65870,11554981534413,DbGate Helper (GPU),12682080,0.101571750
2,dbgate,1.010,settle,65871,11554981675949,DbGate Helper,6538080,0.047294333
2,dbgate,1.265,settle,65868,11554971486527,DbGate,110708488,0.734390500
2,dbgate,1.265,settle,65877,11554990895186,DbGate Helper (Renderer),81544584,0.382370208
2,dbgate,1.265,settle,65870,11554981534413,DbGate Helper (GPU),63308688,0.132557958
2,dbgate,1.265,settle,65881,11554999668676,DbGate Helper,9339984,0.045816750
2,dbgate,1.265,settle,65871,11554981675949,DbGate Helper,6538080,0.047294333
2,dbgate,1.520,settle,65870,11554981534413,DbGate Helper (GPU),215237592,0.203390792
2,dbgate,1.520,settle,65868,11554971486527,DbGate,117344008,0.821655750
2,dbgate,1.520,settle,65877,11554990895186,DbGate Helper (Renderer),104285648,0.528607875
2,dbgate,1.520,settle,65881,11554999668676,DbGate Helper,48825472,0.249813417
2,dbgate,1.520,settle,65884,11555001557134,DbGate Helper,43353240,0.205066208
2,dbgate,1.520,settle,65883,11555001487779,DbGate Helper,43205736,0.208468833
2,dbgate,1.520,settle,65871,11554981675949,DbGate Helper,7390048,0.053250042
2,dbgate,1.520,settle,65894,11555006482927,com.apple.SafariPlatformSupport,2359704,0.012636917
2,dbgate,1.774,settle,65870,11554981534413,DbGate Helper (GPU),215352280,0.214124458
2,dbgate,1.774,settle,65868,11554971486527,DbGate,119310088,0.845075458
2,dbgate,1.774,settle,65877,11554990895186,DbGate Helper (Renderer),105727440,0.551582667
2,dbgate,1.774,settle,65884,11555001557134,DbGate Helper,52315384,0.339155792
2,dbgate,1.774,settle,65883,11555001487779,DbGate Helper,51791072,0.341829958
2,dbgate,1.774,settle,65881,11554999668676,DbGate Helper,51545336,0.320688208
2,dbgate,1.774,settle,65894,11555006482927,com.apple.SafariPlatformSupport,9765464,0.109018375
2,dbgate,1.774,settle,65871,11554981675949,DbGate Helper,7701344,0.054753542
2,dbgate,2.026,settle,65870,11554981534413,DbGate Helper (GPU),215335896,0.233335250
2,dbgate,2.026,settle,65868,11554971486527,DbGate,119277320,0.845881750
2,dbgate,2.026,settle,65877,11554990895186,DbGate Helper (Renderer),105776592,0.567349375
2,dbgate,2.026,settle,65884,11555001557134,DbGate Helper,52315384,0.339287875
2,dbgate,2.026,settle,65883,11555001487779,DbGate Helper,51791072,0.341962708
2,dbgate,2.026,settle,65881,11554999668676,DbGate Helper,51545336,0.320855583
2,dbgate,2.026,settle,65894,11555006482927,com.apple.SafariPlatformSupport,9765464,0.109515917
2,dbgate,2.026,settle,65871,11554981675949,DbGate Helper,7701344,0.054753542
2,dbgate,2.280,settle,65870,11554981534413,DbGate Helper (GPU),215385048,0.259862667
2,dbgate,2.280,settle,65868,11554971486527,DbGate,119310088,0.850838958
2,dbgate,2.280,settle,65877,11554990895186,DbGate Helper (Renderer),106071504,0.595102917
2,dbgate,2.280,settle,65884,11555001557134,DbGate Helper,52315384,0.339287875
2,dbgate,2.280,settle,65883,11555001487779,DbGate Helper,51791072,0.341962708
2,dbgate,2.280,settle,65881,11554999668676,DbGate Helper,51545336,0.320855583
2,dbgate,2.280,settle,65894,11555006482927,com.apple.SafariPlatformSupport,9765464,0.109515917
2,dbgate,2.280,settle,65871,11554981675949,DbGate Helper,7799648,0.057245583
2,dbgate,2.535,settle,65870,11554981534413,DbGate Helper (GPU),215385048,0.286212708
2,dbgate,2.535,settle,65868,11554971486527,DbGate,119359240,0.857667917
2,dbgate,2.535,settle,65877,11554990895186,DbGate Helper (Renderer),106071504,0.618261417
2,dbgate,2.535,settle,65884,11555001557134,DbGate Helper,52315384,0.339287875
2,dbgate,2.535,settle,65883,11555001487779,DbGate Helper,51791072,0.341962708
2,dbgate,2.535,settle,65881,11554999668676,DbGate Helper,51545336,0.321548417
2,dbgate,2.535,settle,65894,11555006482927,com.apple.SafariPlatformSupport,9765464,0.109515917
2,dbgate,2.535,settle,65871,11554981675949,DbGate Helper,7865184,0.060961417
2,dbgate,2.787,settle,65870,11554981534413,DbGate Helper (GPU),209732568,0.308423042
2,dbgate,2.787,settle,65868,11554971486527,DbGate,119637768,0.884725583
2,dbgate,2.787,settle,65877,11554990895186,DbGate Helper (Renderer),106120656,0.637019417
2,dbgate,2.787,settle,65884,11555001557134,DbGate Helper,52315384,0.339598208
2,dbgate,2.787,settle,65883,11555001487779,DbGate Helper,51791072,0.342362917
2,dbgate,2.787,settle,65881,11554999668676,DbGate Helper,51545336,0.321548417
2,dbgate,2.787,settle,65894,11555006482927,com.apple.SafariPlatformSupport,9765464,0.109624000
2,dbgate,2.787,settle,65871,11554981675949,DbGate Helper,7947104,0.069168667
2,dbgate,3.042,settle,65870,11554981534413,DbGate Helper (GPU),209732568,0.318422917
2,dbgate,3.042,settle,65868,11554971486527,DbGate,119637768,0.884725583
2,dbgate,3.042,settle,65877,11554990895186,DbGate Helper (Renderer),106153424,0.644488750
2,dbgate,3.042,settle,65884,11555001557134,DbGate Helper,52315384,0.339598208
2,dbgate,3.042,settle,65883,11555001487779,DbGate Helper,51791072,0.342362917
2,dbgate,3.042,settle,65881,11554999668676,DbGate Helper,51545336,0.321548417
2,dbgate,3.042,settle,65894,11555006482927,com.apple.SafariPlatformSupport,9765464,0.109624000
2,dbgate,3.042,settle,65871,11554981675949,DbGate Helper,7947104,0.069168667
2,dbgate,3.297,settle,65870,11554981534413,DbGate Helper (GPU),209716184,0.326057000
2,dbgate,3.297,settle,65868,11554971486527,DbGate,119637768,0.887841208
2,dbgate,3.297,settle,65877,11554990895186,DbGate Helper (Renderer),106153424,0.653128417
2,dbgate,3.297,settle,65884,11555001557134,DbGate Helper,52315384,0.339598208
2,dbgate,3.297,settle,65883,11555001487779,DbGate Helper,51791072,0.342362917
2,dbgate,3.297,settle,65881,11554999668676,DbGate Helper,51545336,0.321548417
2,dbgate,3.297,settle,65894,11555006482927,com.apple.SafariPlatformSupport,9765464,0.109624000
2,dbgate,3.297,settle,65871,11554981675949,DbGate Helper,7947104,0.069168667
2,dbgate,3.553,settle,65870,11554981534413,DbGate Helper (GPU),209732568,0.334407458
2,dbgate,3.553,settle,65868,11554971486527,DbGate,119637768,0.888200292
2,dbgate,3.553,settle,65877,11554990895186,DbGate Helper (Renderer),106153424,0.662399542
2,dbgate,3.553,settle,65884,11555001557134,DbGate Helper,52315384,0.339598208
2,dbgate,3.553,settle,65883,11555001487779,DbGate Helper,51791072,0.342362917
2,dbgate,3.553,settle,65881,11554999668676,DbGate Helper,51545336,0.321713958
2,dbgate,3.553,settle,65894,11555006482927,com.apple.SafariPlatformSupport,9765464,0.109624000
2,dbgate,3.553,settle,65871,11554981675949,DbGate Helper,7947104,0.069168667
2,dbgate,3.804,settle,65870,11554981534413,DbGate Helper (GPU),209716184,0.341599458
2,dbgate,3.804,settle,65868,11554971486527,DbGate,119637768,0.888761167
2,dbgate,3.804,settle,65877,11554990895186,DbGate Helper (Renderer),106153424,0.669664667
2,dbgate,3.804,settle,65884,11555001557134,DbGate Helper,52315384,0.339751000
2,dbgate,3.804,settle,65883,11555001487779,DbGate Helper,51791072,0.342507042
2,dbgate,3.804,settle,65881,11554999668676,DbGate Helper,51545336,0.321713958
2,dbgate,3.804,settle,65894,11555006482927,com.apple.SafariPlatformSupport,9765464,0.109838875
2,dbgate,3.804,settle,65871,11554981675949,DbGate Helper,7947104,0.069168667
2,dbgate,4.060,settle,65870,11554981534413,DbGate Helper (GPU),194331584,0.355758125
2,dbgate,4.060,settle,65868,11554971486527,DbGate,119637768,0.888761167
2,dbgate,4.060,settle,65877,11554990895186,DbGate Helper (Renderer),105989584,0.680808000
2,dbgate,4.060,settle,65884,11555001557134,DbGate Helper,52315384,0.339751000
2,dbgate,4.060,settle,65883,11555001487779,DbGate Helper,51791072,0.342507042
2,dbgate,4.060,settle,65881,11554999668676,DbGate Helper,51545336,0.321713958
2,dbgate,4.060,settle,65894,11555006482927,com.apple.SafariPlatformSupport,9765464,0.109838875
2,dbgate,4.060,settle,65871,11554981675949,DbGate Helper,7947104,0.069168667
2,dbgate,4.315,settle,65870,11554981534413,DbGate Helper (GPU),194315200,0.364173583
2,dbgate,4.315,settle,65868,11554971486527,DbGate,119637768,0.888761167
2,dbgate,4.315,settle,65877,11554990895186,DbGate Helper (Renderer),105989584,0.688515583
2,dbgate,4.315,settle,65884,11555001557134,DbGate Helper,52315384,0.339751000
2,dbgate,4.315,settle,65883,11555001487779,DbGate Helper,51791072,0.342507042
2,dbgate,4.315,settle,65881,11554999668676,DbGate Helper,51545336,0.321713958
2,dbgate,4.315,settle,65894,11555006482927,com.apple.SafariPlatformSupport,9765464,0.109838875
2,dbgate,4.315,settle,65871,11554981675949,DbGate Helper,7947104,0.069168667
2,dbgate,4.570,settle,65870,11554981534413,DbGate Helper (GPU),194315200,0.373716250
2,dbgate,4.570,settle,65868,11554971486527,DbGate,119637768,0.889860750
2,dbgate,4.570,settle,65877,11554990895186,DbGate Helper (Renderer),105989584,0.697425167
2,dbgate,4.570,settle,65884,11555001557134,DbGate Helper,52315384,0.339751000
2,dbgate,4.570,settle,65883,11555001487779,DbGate Helper,51791072,0.342898083
2,dbgate,4.570,settle,65881,11554999668676,DbGate Helper,51545336,0.322116333
2,dbgate,4.570,settle,65894,11555006482927,com.apple.SafariPlatformSupport,9765464,0.109838875
2,dbgate,4.570,settle,65871,11554981675949,DbGate Helper,7947104,0.069168667
2,dbgate,4.824,settle,65870,11554981534413,DbGate Helper (GPU),184320960,0.380640083
2,dbgate,4.824,settle,65868,11554971486527,DbGate,119637768,0.890051417
2,dbgate,4.824,settle,65877,11554990895186,DbGate Helper (Renderer),105989584,0.704270875
2,dbgate,4.824,settle,65884,11555001557134,DbGate Helper,52315384,0.339948875
2,dbgate,4.824,settle,65883,11555001487779,DbGate Helper,51791072,0.342898083
2,dbgate,4.824,settle,65881,11554999668676,DbGate Helper,51545336,0.322116333
2,dbgate,4.824,settle,65894,11555006482927,com.apple.SafariPlatformSupport,9765464,0.109838875
2,dbgate,4.824,settle,65871,11554981675949,DbGate Helper,7947104,0.069168667
2,dbgate,5.080,settle,65870,11554981534413,DbGate Helper (GPU),184337344,0.388573292
2,dbgate,5.080,settle,65868,11554971486527,DbGate,119637768,0.891332000
2,dbgate,5.080,settle,65877,11554990895186,DbGate Helper (Renderer),105989584,0.710448708
2,dbgate,5.080,settle,65884,11555001557134,DbGate Helper,52315384,0.339948875
2,dbgate,5.080,settle,65883,11555001487779,DbGate Helper,51791072,0.342898083
2,dbgate,5.080,settle,65881,11554999668676,DbGate Helper,51545336,0.322116333
2,dbgate,5.080,settle,65894,11555006482927,com.apple.SafariPlatformSupport,9765464,0.109838875
2,dbgate,5.080,settle,65871,11554981675949,DbGate Helper,7947104,0.069168667
2,dbgate,5.335,settle,65870,11554981534413,DbGate Helper (GPU),184320960,0.395195625
2,dbgate,5.335,settle,65868,11554971486527,DbGate,119654152,0.891769917
2,dbgate,5.335,settle,65877,11554990895186,DbGate Helper (Renderer),105989584,0.715919917
2,dbgate,5.335,settle,65884,11555001557134,DbGate Helper,52315384,0.339948875
2,dbgate,5.335,settle,65883,11555001487779,DbGate Helper,51791072,0.342898083
2,dbgate,5.335,settle,65881,11554999668676,DbGate Helper,51545336,0.322116333
2,dbgate,5.335,settle,65894,11555006482927,com.apple.SafariPlatformSupport,9814640,0.110984042
2,dbgate,5.335,settle,65871,11554981675949,DbGate Helper,7947104,0.069168667
2,dbgate,5.590,settle,65870,11554981534413,DbGate Helper (GPU),184337344,0.405420375
2,dbgate,5.590,settle,65868,11554971486527,DbGate,119654152,0.894100333
2,dbgate,5.590,settle,65877,11554990895186,DbGate Helper (Renderer),106005968,0.725475458
2,dbgate,5.590,settle,65884,11555001557134,DbGate Helper,52315384,0.340242583
2,dbgate,5.590,settle,65883,11555001487779,DbGate Helper,51791072,0.343249333
2,dbgate,5.590,settle,65881,11554999668676,DbGate Helper,51545336,0.322531542
2,dbgate,5.590,settle,65894,11555006482927,com.apple.SafariPlatformSupport,9814640,0.110984042
2,dbgate,5.590,settle,65871,11554981675949,DbGate Helper,7947104,0.069318833
2,dbgate,5.842,settle,65870,11554981534413,DbGate Helper (GPU),184288192,0.412142417
2,dbgate,5.842,settle,65868,11554971486527,DbGate,119654152,0.894100333
2,dbgate,5.842,settle,65877,11554990895186,DbGate Helper (Renderer),106005968,0.732101333
2,dbgate,5.842,settle,65884,11555001557134,DbGate Helper,52315384,0.340242583
2,dbgate,5.842,settle,65883,11555001487779,DbGate Helper,51791072,0.343249333
2,dbgate,5.842,settle,65881,11554999668676,DbGate Helper,51545336,0.322531542
2,dbgate,5.842,settle,65894,11555006482927,com.apple.SafariPlatformSupport,9814640,0.111144417
2,dbgate,5.842,settle,65871,11554981675949,DbGate Helper,7947104,0.069318833
2,dbgate,6.097,query,65870,11554981534413,DbGate Helper (GPU),184304576,0.419486833
2,dbgate,6.097,query,65868,11554971486527,DbGate,119621384,0.894633125
2,dbgate,6.097,query,65877,11554990895186,DbGate Helper (Renderer),106022352,0.738483625
2,dbgate,6.097,query,65884,11555001557134,DbGate Helper,52315384,0.340242583
2,dbgate,6.097,query,65883,11555001487779,DbGate Helper,51791072,0.343249333
2,dbgate,6.097,query,65881,11554999668676,DbGate Helper,51545336,0.322531542
2,dbgate,6.097,query,65894,11555006482927,com.apple.SafariPlatformSupport,9814640,0.111258625
2,dbgate,6.097,query,65871,11554981675949,DbGate Helper,7897952,0.069397167
2,dbgate,6.349,query,65870,11554981534413,DbGate Helper (GPU),184288192,0.425228167
2,dbgate,6.349,query,65868,11554971486527,DbGate,119621384,0.896188500
2,dbgate,6.349,query,65877,11554990895186,DbGate Helper (Renderer),106022352,0.743195667
2,dbgate,6.349,query,65884,11555001557134,DbGate Helper,52315384,0.340242583
2,dbgate,6.349,query,65883,11555001487779,DbGate Helper,51791072,0.343249333
2,dbgate,6.349,query,65881,11554999668676,DbGate Helper,51545336,0.322531542
2,dbgate,6.349,query,65894,11555006482927,com.apple.SafariPlatformSupport,9814640,0.111258625
2,dbgate,6.349,query,65871,11554981675949,DbGate Helper,7897952,0.069397167
2,dbgate,6.604,query,65870,11554981534413,DbGate Helper (GPU),162972608,0.438609875
2,dbgate,6.604,query,65868,11554971486527,DbGate,119621384,0.898872083
2,dbgate,6.604,query,65877,11554990895186,DbGate Helper (Renderer),106038736,0.754742875
2,dbgate,6.604,query,65884,11555001557134,DbGate Helper,52233464,0.340588875
2,dbgate,6.604,query,65883,11555001487779,DbGate Helper,51725536,0.343769542
2,dbgate,6.604,query,65881,11554999668676,DbGate Helper,51528952,0.323628000
2,dbgate,6.604,query,65894,11555006482927,com.apple.SafariPlatformSupport,9814640,0.111258625
2,dbgate,6.604,query,65871,11554981675949,DbGate Helper,7897952,0.069397167
2,dbgate,6.859,query,65870,11554981534413,DbGate Helper (GPU),162972608,0.445803333
2,dbgate,6.859,query,65868,11554971486527,DbGate,116492040,0.900303833
2,dbgate,6.859,query,65877,11554990895186,DbGate Helper (Renderer),106038736,0.762029500
2,dbgate,6.859,query,65884,11555001557134,DbGate Helper,52233464,0.340588875
2,dbgate,6.859,query,65883,11555001487779,DbGate Helper,51725536,0.343769542
2,dbgate,6.859,query,65881,11554999668676,DbGate Helper,51528952,0.323628000
2,dbgate,6.859,query,65894,11555006482927,com.apple.SafariPlatformSupport,9814640,0.111843250
2,dbgate,6.859,query,65871,11554981675949,DbGate Helper,7897952,0.069397167
2,dbgate,7.111,query,65870,11554981534413,DbGate Helper (GPU),118621120,0.460632042
2,dbgate,7.111,query,65868,11554971486527,DbGate,116492040,0.900303833
2,dbgate,7.111,query,65877,11554990895186,DbGate Helper (Renderer),106055120,0.771999750
2,dbgate,7.111,query,65884,11555001557134,DbGate Helper,52233464,0.340588875
2,dbgate,7.111,query,65883,11555001487779,DbGate Helper,51725536,0.343769542
2,dbgate,7.111,query,65881,11554999668676,DbGate Helper,51528952,0.323628000
2,dbgate,7.111,query,65894,11555006482927,com.apple.SafariPlatformSupport,9814640,0.111843250
2,dbgate,7.111,query,65871,11554981675949,DbGate Helper,7897952,0.069397167
2,dbgate,7.367,query,65868,11554971486527,DbGate,116492040,0.900303833
2,dbgate,7.367,query,65870,11554981534413,DbGate Helper (GPU),113165248,0.468804083
2,dbgate,7.367,query,65877,11554990895186,DbGate Helper (Renderer),106055120,0.779193167
2,dbgate,7.367,query,65884,11555001557134,DbGate Helper,52233464,0.340588875
2,dbgate,7.367,query,65883,11555001487779,DbGate Helper,51725536,0.343769542
2,dbgate,7.367,query,65881,11554999668676,DbGate Helper,51528952,0.323628000
2,dbgate,7.367,query,65894,11555006482927,com.apple.SafariPlatformSupport,9814640,0.111843250
2,dbgate,7.367,query,65871,11554981675949,DbGate Helper,7897952,0.069397167
2,dbgate,7.620,query,65868,11554971486527,DbGate,116492040,0.901521042
2,dbgate,7.620,query,65870,11554981534413,DbGate Helper (GPU),113165248,0.478508458
2,dbgate,7.620,query,65877,11554990895186,DbGate Helper (Renderer),106055120,0.787990167
2,dbgate,7.620,query,65884,11555001557134,DbGate Helper,52233464,0.341361208
2,dbgate,7.620,query,65883,11555001487779,DbGate Helper,51725536,0.344233792
2,dbgate,7.620,query,65881,11554999668676,DbGate Helper,51528952,0.324100417
2,dbgate,7.620,query,65894,11555006482927,com.apple.SafariPlatformSupport,9814640,0.111843250
2,dbgate,7.620,query,65871,11554981675949,DbGate Helper,7897952,0.069397167
2,dbgate,7.875,query,65868,11554971486527,DbGate,116492040,0.901521042
2,dbgate,7.875,query,65877,11554990895186,DbGate Helper (Renderer),106055120,0.796043667
2,dbgate,7.875,query,65870,11554981534413,DbGate Helper (GPU),81494976,0.488364833
2,dbgate,7.875,query,65884,11555001557134,DbGate Helper,52233464,0.341361208
2,dbgate,7.875,query,65883,11555001487779,DbGate Helper,51725536,0.344233792
2,dbgate,7.875,query,65881,11554999668676,DbGate Helper,51528952,0.324100417
2,dbgate,7.875,query,65894,11555006482927,com.apple.SafariPlatformSupport,9814640,0.111843250
2,dbgate,7.875,query,65871,11554981675949,DbGate Helper,7897952,0.069397167
2,dbgate,8.131,query,65868,11554971486527,DbGate,116492040,0.901521042
2,dbgate,8.131,query,65877,11554990895186,DbGate Helper (Renderer),106055120,0.803671917
2,dbgate,8.131,query,65870,11554981534413,DbGate Helper (GPU),81511360,0.498131833
2,dbgate,8.131,query,65884,11555001557134,DbGate Helper,52233464,0.341361208
2,dbgate,8.131,query,65883,11555001487779,DbGate Helper,51725536,0.344233792
2,dbgate,8.131,query,65881,11554999668676,DbGate Helper,51528952,0.324100417
2,dbgate,8.131,query,65894,11555006482927,com.apple.SafariPlatformSupport,9814640,0.111843250
2,dbgate,8.131,query,65871,11554981675949,DbGate Helper,7897952,0.069397167
2,dbgate,8.385,query,65868,11554971486527,DbGate,116492040,0.904772458
2,dbgate,8.385,query,65877,11554990895186,DbGate Helper (Renderer),106055120,0.811867750
2,dbgate,8.385,query,65870,11554981534413,DbGate Helper (GPU),81511360,0.506063000
2,dbgate,8.385,query,65884,11555001557134,DbGate Helper,52233464,0.341361208
2,dbgate,8.385,query,65883,11555001487779,DbGate Helper,51725536,0.344233792
2,dbgate,8.385,query,65881,11554999668676,DbGate Helper,51528952,0.324100417
2,dbgate,8.385,query,65894,11555006482927,com.apple.SafariPlatformSupport,9814640,0.111843250
2,dbgate,8.385,query,65871,11554981675949,DbGate Helper,7897952,0.069397167
2,dbgate,8.637,query,65868,11554971486527,DbGate,116492040,0.906515792
2,dbgate,8.637,query,65877,11554990895186,DbGate Helper (Renderer),106055120,0.818935750
2,dbgate,8.637,query,65870,11554981534413,DbGate Helper (GPU),81494976,0.515138500
2,dbgate,8.637,query,65884,11555001557134,DbGate Helper,52233464,0.341652792
2,dbgate,8.637,query,65883,11555001487779,DbGate Helper,51725536,0.344630917
2,dbgate,8.637,query,65881,11554999668676,DbGate Helper,51528952,0.324528250
2,dbgate,8.637,query,65894,11555006482927,com.apple.SafariPlatformSupport,9814640,0.111843250
2,dbgate,8.637,query,65871,11554981675949,DbGate Helper,7897952,0.069397167
2,dbgate,8.892,query,65868,11554971486527,DbGate,116492040,0.906515792
2,dbgate,8.892,query,65877,11554990895186,DbGate Helper (Renderer),106071504,0.828463875
2,dbgate,8.892,query,65870,11554981534413,DbGate Helper (GPU),81511360,0.523139542
2,dbgate,8.892,query,65884,11555001557134,DbGate Helper,52233464,0.341652792
2,dbgate,8.892,query,65883,11555001487779,DbGate Helper,51725536,0.344630917
2,dbgate,8.892,query,65881,11554999668676,DbGate Helper,51528952,0.324528250
2,dbgate,8.892,query,65894,11555006482927,com.apple.SafariPlatformSupport,9765488,0.112084583
2,dbgate,8.892,query,65871,11554981675949,DbGate Helper,7897952,0.069397167
2,dbgate,9.147,query,65868,11554971486527,DbGate,116492040,0.906515792
2,dbgate,9.147,query,65877,11554990895186,DbGate Helper (Renderer),106071504,0.835580458
2,dbgate,9.147,query,65870,11554981534413,DbGate Helper (GPU),81511360,0.532327833
2,dbgate,9.147,query,65884,11555001557134,DbGate Helper,52233464,0.341652792
2,dbgate,9.147,query,65883,11555001487779,DbGate Helper,51725536,0.344630917
2,dbgate,9.147,query,65881,11554999668676,DbGate Helper,51528952,0.324528250
2,dbgate,9.147,query,65894,11555006482927,com.apple.SafariPlatformSupport,9765488,0.112084583
2,dbgate,9.147,query,65871,11554981675949,DbGate Helper,7897952,0.069397167
2,dbgate,9.401,query,65868,11554971486527,DbGate,116590344,0.907881625
2,dbgate,9.401,query,65877,11554990895186,DbGate Helper (Renderer),106071504,0.842141500
2,dbgate,9.401,query,65870,11554981534413,DbGate Helper (GPU),81511360,0.539111500
2,dbgate,9.401,query,65884,11555001557134,DbGate Helper,52233464,0.341652792
2,dbgate,9.401,query,65883,11555001487779,DbGate Helper,51725536,0.344630917
2,dbgate,9.401,query,65881,11554999668676,DbGate Helper,51528952,0.324528250
2,dbgate,9.401,query,65894,11555006482927,com.apple.SafariPlatformSupport,9765488,0.112084583
2,dbgate,9.401,query,65871,11554981675949,DbGate Helper,7897952,0.069397167
2,dbgate,9.654,query,65868,11554971486527,DbGate,116590344,0.909032500
2,dbgate,9.654,query,65877,11554990895186,DbGate Helper (Renderer),106071504,0.846969458
2,dbgate,9.654,query,65870,11554981534413,DbGate Helper (GPU),81494976,0.545851958
2,dbgate,9.654,query,65884,11555001557134,DbGate Helper,52249848,0.342246125
2,dbgate,9.654,query,65883,11555001487779,DbGate Helper,51725536,0.345210750
2,dbgate,9.654,query,65881,11554999668676,DbGate Helper,51528952,0.325330875
2,dbgate,9.654,query,65894,11555006482927,com.apple.SafariPlatformSupport,9765488,0.112084583
2,dbgate,9.654,query,65871,11554981675949,DbGate Helper,7897952,0.069397167
2,dbgate,9.910,query,65868,11554971486527,DbGate,116590344,0.909032500
2,dbgate,9.910,query,65877,11554990895186,DbGate Helper (Renderer),106071504,0.852620750
2,dbgate,9.910,query,65870,11554981534413,DbGate Helper (GPU),81494976,0.551109583
2,dbgate,9.910,query,65884,11555001557134,DbGate Helper,52249848,0.342246125
2,dbgate,9.910,query,65883,11555001487779,DbGate Helper,51725536,0.345210750
2,dbgate,9.910,query,65881,11554999668676,DbGate Helper,51528952,0.325330875
2,dbgate,9.910,query,65894,11555006482927,com.apple.SafariPlatformSupport,9765488,0.112084583
2,dbgate,9.910,query,65871,11554981675949,DbGate Helper,7897952,0.069397167
2,dbgate,10.165,query,65868,11554971486527,DbGate,116590344,0.909032500
2,dbgate,10.165,query,65877,11554990895186,DbGate Helper (Renderer),106071504,0.857393667
2,dbgate,10.165,query,65870,11554981534413,DbGate Helper (GPU),81494976,0.557862417
2,dbgate,10.165,query,65884,11555001557134,DbGate Helper,52249848,0.342246125
2,dbgate,10.165,query,65883,11555001487779,DbGate Helper,51725536,0.345210750
2,dbgate,10.165,query,65881,11554999668676,DbGate Helper,51528952,0.325330875
2,dbgate,10.165,query,65894,11555006482927,com.apple.SafariPlatformSupport,9765488,0.112084583
2,dbgate,10.165,query,65871,11554981675949,DbGate Helper,7897952,0.069397167
2,dbgate,10.420,query,65868,11554971486527,DbGate,116590344,0.909032500
2,dbgate,10.420,query,65877,11554990895186,DbGate Helper (Renderer),106087888,0.863613750
2,dbgate,10.420,query,65870,11554981534413,DbGate Helper (GPU),81511360,0.564314042
2,dbgate,10.420,query,65884,11555001557134,DbGate Helper,52249848,0.342246125
2,dbgate,10.420,query,65883,11555001487779,DbGate Helper,51725536,0.345210750
2,dbgate,10.420,query,65881,11554999668676,DbGate Helper,51528952,0.325330875
2,dbgate,10.420,query,65894,11555006482927,com.apple.SafariPlatformSupport,9765488,0.112084583
2,dbgate,10.420,query,65871,11554981675949,DbGate Helper,7897952,0.069397167
2,dbgate,10.675,query,65868,11554971486527,DbGate,116590344,0.912000792
2,dbgate,10.675,query,65877,11554990895186,DbGate Helper (Renderer),106087888,0.868375292
2,dbgate,10.675,query,65870,11554981534413,DbGate Helper (GPU),81494976,0.570234500
2,dbgate,10.675,query,65884,11555001557134,DbGate Helper,52249848,0.342478750
2,dbgate,10.675,query,65883,11555001487779,DbGate Helper,51725536,0.345445083
2,dbgate,10.675,query,65881,11554999668676,DbGate Helper,51528952,0.325587292
2,dbgate,10.675,query,65894,11555006482927,com.apple.SafariPlatformSupport,9765488,0.112084583
2,dbgate,10.675,query,65871,11554981675949,DbGate Helper,7897952,0.069397167
2,dbgate,10.930,query,65868,11554971486527,DbGate,116590344,0.912726750
2,dbgate,10.930,query,65877,11554990895186,DbGate Helper (Renderer),106087888,0.874485292
2,dbgate,10.930,query,65870,11554981534413,DbGate Helper (GPU),81511360,0.576624792
2,dbgate,10.930,query,65884,11555001557134,DbGate Helper,52249848,0.342478750
2,dbgate,10.930,query,65883,11555001487779,DbGate Helper,51725536,0.345445083
2,dbgate,10.930,query,65881,11554999668676,DbGate Helper,51528952,0.325587292
2,dbgate,10.930,query,65894,11555006482927,com.apple.SafariPlatformSupport,9765488,0.112391083
2,dbgate,10.930,query,65871,11554981675949,DbGate Helper,7897952,0.069397167
2,dbgate,11.180,query,65868,11554971486527,DbGate,116590344,0.912726750
2,dbgate,11.180,query,65877,11554990895186,DbGate Helper (Renderer),106087888,0.879102208
2,dbgate,11.180,query,65870,11554981534413,DbGate Helper (GPU),81494976,0.584058250
2,dbgate,11.180,query,65884,11555001557134,DbGate Helper,52249848,0.342478750
2,dbgate,11.180,query,65883,11555001487779,DbGate Helper,51725536,0.345445083
2,dbgate,11.180,query,65881,11554999668676,DbGate Helper,51528952,0.325587292
2,dbgate,11.180,query,65894,11555006482927,com.apple.SafariPlatformSupport,9765488,0.112391083
2,dbgate,11.180,query,65871,11554981675949,DbGate Helper,7897952,0.069397167
2,dbgate,11.435,query,65868,11554971486527,DbGate,116590344,0.912778000
2,dbgate,11.435,query,65877,11554990895186,DbGate Helper (Renderer),106120656,0.889530875
2,dbgate,11.435,query,65870,11554981534413,DbGate Helper (GPU),81511360,0.591970167
2,dbgate,11.435,query,65884,11555001557134,DbGate Helper,52249848,0.342478750
2,dbgate,11.435,query,65883,11555001487779,DbGate Helper,51725536,0.345445083
2,dbgate,11.435,query,65881,11554999668676,DbGate Helper,51528952,0.325587292
2,dbgate,11.435,query,65894,11555006482927,com.apple.SafariPlatformSupport,9732720,0.112690625
2,dbgate,11.435,query,65871,11554981675949,DbGate Helper,7897952,0.069397167
2,dbgate,11.691,query,65868,11554971486527,DbGate,116590344,0.914118208
2,dbgate,11.691,query,65877,11554990895186,DbGate Helper (Renderer),106120656,0.894374167
2,dbgate,11.691,query,65870,11554981534413,DbGate Helper (GPU),81494976,0.598957292
2,dbgate,11.691,query,65884,11555001557134,DbGate Helper,52249848,0.342791333
2,dbgate,11.691,query,65883,11555001487779,DbGate Helper,51725536,0.346034708
2,dbgate,11.691,query,65881,11554999668676,DbGate Helper,51528952,0.326106208
2,dbgate,11.691,query,65894,11555006482927,com.apple.SafariPlatformSupport,9732720,0.112690625
2,dbgate,11.691,query,65871,11554981675949,DbGate Helper,7897952,0.069397167
2,dbgate,11.941,query,65870,11554981534413,DbGate Helper (GPU),143885248,0.613398250
2,dbgate,11.941,query,65868,11554971486527,DbGate,117065480,0.939442583
2,dbgate,11.941,query,65877,11554990895186,DbGate Helper (Renderer),106530280,0.908089083
2,dbgate,11.941,query,65884,11555001557134,DbGate Helper,52249848,0.342791333
2,dbgate,11.941,query,65883,11555001487779,DbGate Helper,51725536,0.346034708
2,dbgate,11.941,query,65881,11554999668676,DbGate Helper,51528952,0.326106208
2,dbgate,11.941,query,65894,11555006482927,com.apple.SafariPlatformSupport,9732720,0.112690625
2,dbgate,11.941,query,65871,11554981675949,DbGate Helper,7897952,0.069397167
2,dbgate,12.196,query,65870,11554981534413,DbGate Helper (GPU),143868864,0.619964125
2,dbgate,12.196,query,65868,11554971486527,DbGate,119064328,0.981482833
2,dbgate,12.196,query,65877,11554990895186,DbGate Helper (Renderer),106595816,0.916490250
2,dbgate,12.196,query,65884,11555001557134,DbGate Helper,52249848,0.342791333
2,dbgate,12.196,query,65883,11555001487779,DbGate Helper,51725536,0.346034708
2,dbgate,12.196,query,65881,11554999668676,DbGate Helper,51528952,0.326106208
2,dbgate,12.196,query,65894,11555006482927,com.apple.SafariPlatformSupport,9732720,0.112690625
2,dbgate,12.196,query,65871,11554981675949,DbGate Helper,7897952,0.069397167
2,dbgate,12.449,query,65870,11554981534413,DbGate Helper (GPU),205980608,0.633738208
2,dbgate,12.449,query,65868,11554971486527,DbGate,119080712,0.986749292
2,dbgate,12.449,query,65877,11554990895186,DbGate Helper (Renderer),107267560,0.934618625
2,dbgate,12.449,query,65884,11555001557134,DbGate Helper,52249848,0.342791333
2,dbgate,12.449,query,65883,11555001487779,DbGate Helper,51725536,0.346034708
2,dbgate,12.449,query,65881,11554999668676,DbGate Helper,51528952,0.326106208
2,dbgate,12.449,query,65894,11555006482927,com.apple.SafariPlatformSupport,9732720,0.112690625
2,dbgate,12.449,query,65871,11554981675949,DbGate Helper,7897952,0.069864250
2,dbgate,12.700,query,65870,11554981534413,DbGate Helper (GPU),206537664,0.646340500
2,dbgate,12.700,query,65868,11554971486527,DbGate,119097096,0.992686250
2,dbgate,12.700,query,65877,11554990895186,DbGate Helper (Renderer),107546088,0.949224833
2,dbgate,12.700,query,65884,11555001557134,DbGate Helper,52249848,0.342886417
2,dbgate,12.700,query,65883,11555001487779,DbGate Helper,51725536,0.346198583
2,dbgate,12.700,query,65881,11554999668676,DbGate Helper,51528952,0.326384500
2,dbgate,12.700,query,65894,11555006482927,com.apple.SafariPlatformSupport,9732720,0.112690625
2,dbgate,12.700,query,65871,11554981675949,DbGate Helper,7897952,0.069864250
2,dbgate,12.955,query,65870,11554981534413,DbGate Helper (GPU),206537664,0.658141708
2,dbgate,12.955,query,65868,11554971486527,DbGate,119097096,0.994046750
2,dbgate,12.955,query,65877,11554990895186,DbGate Helper (Renderer),107873768,0.965015167
2,dbgate,12.955,query,65884,11555001557134,DbGate Helper,52249848,0.342886417
2,dbgate,12.955,query,65883,11555001487779,DbGate Helper,51725536,0.346198583
2,dbgate,12.955,query,65881,11554999668676,DbGate Helper,51528952,0.326384500
2,dbgate,12.955,query,65894,11555006482927,com.apple.SafariPlatformSupport,9732720,0.112690625
2,dbgate,12.955,query,65871,11554981675949,DbGate Helper,7897952,0.069998167
2,dbgate,13.209,query,65870,11554981534413,DbGate Helper (GPU),218661824,0.695349708
2,dbgate,13.209,query,65868,11554971486527,DbGate,119670536,1.022675750
2,dbgate,13.209,query,65877,11554990895186,DbGate Helper (Renderer),113722880,1.089031333
2,dbgate,13.209,query,65884,11555001557134,DbGate Helper,52249848,0.342886417
2,dbgate,13.209,query,65883,11555001487779,DbGate Helper,51725536,0.346198583
2,dbgate,13.209,query,65881,11554999668676,DbGate Helper,51528952,0.326384500
2,dbgate,13.209,query,65947,11555283113763,DbGate Helper,35144808,0.169809792
2,dbgate,13.209,query,65894,11555006482927,com.apple.SafariPlatformSupport,9732720,0.112690625
2,dbgate,13.209,query,65871,11554981675949,DbGate Helper,7619424,0.070298958
2,dbgate,13.464,query,65870,11554981534413,DbGate Helper (GPU),223560640,0.717604042
2,dbgate,13.464,query,65877,11554990895186,DbGate Helper (Renderer),120882688,1.158406500
2,dbgate,13.464,query,65868,11554971486527,DbGate,120342280,1.045170125
2,dbgate,13.464,query,65947,11555283113763,DbGate Helper,57869536,0.365449875
2,dbgate,13.464,query,65884,11555001557134,DbGate Helper,52249848,0.342886417
2,dbgate,13.464,query,65883,11555001487779,DbGate Helper,51725536,0.346198583
2,dbgate,13.464,query,65881,11554999668676,DbGate Helper,51528952,0.326384500
2,dbgate,13.464,query,65894,11555006482927,com.apple.SafariPlatformSupport,9732720,0.112690625
2,dbgate,13.464,query,65871,11554981675949,DbGate Helper,7619424,0.070298958
2,dbgate,13.717,query,65870,11554981534413,DbGate Helper (GPU),256312280,0.743353958
2,dbgate,13.717,query,65877,11554990895186,DbGate Helper (Renderer),121980416,1.201000125
2,dbgate,13.717,query,65868,11554971486527,DbGate,120407816,1.046936000
2,dbgate,13.717,query,65947,11555283113763,DbGate Helper,57869536,0.365675750
2,dbgate,13.717,query,65884,11555001557134,DbGate Helper,52249848,0.343028958
2,dbgate,13.717,query,65883,11555001487779,DbGate Helper,51725536,0.346312708
2,dbgate,13.717,query,65881,11554999668676,DbGate Helper,51528952,0.326487958
2,dbgate,13.717,query,65894,11555006482927,com.apple.SafariPlatformSupport,9732720,0.112690625
2,dbgate,13.717,query,65871,11554981675949,DbGate Helper,7619424,0.070298958
2,dbgate,13.967,query,65870,11554981534413,DbGate Helper (GPU),256312280,0.750906417
2,dbgate,13.967,query,65877,11554990895186,DbGate Helper (Renderer),121980416,1.209205375
2,dbgate,13.967,query,65868,11554971486527,DbGate,120407816,1.046936000
2,dbgate,13.967,query,65947,11555283113763,DbGate Helper,57869536,0.365675750
2,dbgate,13.967,query,65884,11555001557134,DbGate Helper,52249848,0.343028958
2,dbgate,13.967,query,65883,11555001487779,DbGate Helper,51725536,0.346312708
2,dbgate,13.967,query,65881,11554999668676,DbGate Helper,51528952,0.326487958
2,dbgate,13.967,query,65894,11555006482927,com.apple.SafariPlatformSupport,9732720,0.112690625
2,dbgate,13.967,query,65871,11554981675949,DbGate Helper,7619424,0.070298958
2,dbgate,14.221,query,65870,11554981534413,DbGate Helper (GPU),257016792,0.791690042
2,dbgate,14.221,query,65877,11554990895186,DbGate Helper (Renderer),125748736,1.302490167
2,dbgate,14.221,query,65868,11554971486527,DbGate,120424200,1.063762167
2,dbgate,14.221,query,65947,11555283113763,DbGate Helper,57869536,0.365675750
2,dbgate,14.221,query,65884,11555001557134,DbGate Helper,52249848,0.343028958
2,dbgate,14.221,query,65883,11555001487779,DbGate Helper,51725536,0.346312708
2,dbgate,14.221,query,65881,11554999668676,DbGate Helper,51528952,0.326487958
2,dbgate,14.221,query,65894,11555006482927,com.apple.SafariPlatformSupport,9732720,0.112690625
2,dbgate,14.221,query,65871,11554981675949,DbGate Helper,7619424,0.070298958
2,dbgate,14.476,query,65870,11554981534413,DbGate Helper (GPU),278709256,0.909631250
2,dbgate,14.476,query,65877,11554990895186,DbGate Helper (Renderer),131810816,1.483874167
2,dbgate,14.476,query,65868,11554971486527,DbGate,120342280,1.079711375
2,dbgate,14.476,query,65947,11555283113763,DbGate Helper,57869536,0.366276042
2,dbgate,14.476,query,65884,11555001557134,DbGate Helper,52249848,0.343028958
2,dbgate,14.476,query,65883,11555001487779,DbGate Helper,51725536,0.346312708
2,dbgate,14.476,query,65881,11554999668676,DbGate Helper,51528952,0.326487958
2,dbgate,14.476,query,65894,11555006482927,com.apple.SafariPlatformSupport,9732720,0.112690625
2,dbgate,14.476,query,65871,11554981675949,DbGate Helper,7619424,0.070298958
2,dbgate,14.729,query,65870,11554981534413,DbGate Helper (GPU),279004168,1.015601042
2,dbgate,14.729,query,65877,11554990895186,DbGate Helper (Renderer),133252608,1.600644542
2,dbgate,14.729,query,65868,11554971486527,DbGate,120342280,1.094662125
2,dbgate,14.729,query,65947,11555283113763,DbGate Helper,57869536,0.366276042
2,dbgate,14.729,query,65884,11555001557134,DbGate Helper,52249848,0.343099458
2,dbgate,14.729,query,65883,11555001487779,DbGate Helper,51725536,0.346405417
2,dbgate,14.729,query,65881,11554999668676,DbGate Helper,51528952,0.326584125
2,dbgate,14.729,query,65894,11555006482927,com.apple.SafariPlatformSupport,9732720,0.112690625
2,dbgate,14.729,query,65871,11554981675949,DbGate Helper,7619424,0.070298958
2,dbgate,14.984,query,65870,11554981534413,DbGate Helper (GPU),280511496,1.124071042
2,dbgate,14.984,query,65877,11554990895186,DbGate Helper (Renderer),137610752,1.713471125
2,dbgate,14.984,query,65868,11554971486527,DbGate,120342280,1.110272333
2,dbgate,14.984,query,65947,11555283113763,DbGate Helper,57869536,0.366276042
2,dbgate,14.984,query,65884,11555001557134,DbGate Helper,52249848,0.343099458
2,dbgate,14.984,query,65883,11555001487779,DbGate Helper,51725536,0.346405417
2,dbgate,14.984,query,65881,11554999668676,DbGate Helper,51528952,0.326584125
2,dbgate,14.984,query,65894,11555006482927,com.apple.SafariPlatformSupport,9732720,0.112690625
2,dbgate,14.984,query,65871,11554981675949,DbGate Helper,7619424,0.070298958
2,dbgate,15.239,query,65870,11554981534413,DbGate Helper (GPU),281429000,1.229081708
2,dbgate,15.239,query,65877,11554990895186,DbGate Helper (Renderer),146163224,1.854582458
2,dbgate,15.239,query,65868,11554971486527,DbGate,120342280,1.125321667
2,dbgate,15.239,query,65947,11555283113763,DbGate Helper,57869536,0.366276042
2,dbgate,15.239,query,65884,11555001557134,DbGate Helper,52249848,0.343099458
2,dbgate,15.239,query,65883,11555001487779,DbGate Helper,51725536,0.346405417
2,dbgate,15.239,query,65881,11554999668676,DbGate Helper,51528952,0.326584125
2,dbgate,15.239,query,65894,11555006482927,com.apple.SafariPlatformSupport,9732720,0.112690625
2,dbgate,15.239,query,65871,11554981675949,DbGate Helper,7619424,0.070298958
2,dbgate,15.495,query,65870,11554981534413,DbGate Helper (GPU),281527304,1.331434792
2,dbgate,15.495,query,65877,11554990895186,DbGate Helper (Renderer),152766000,2.045048375
2,dbgate,15.495,query,65868,11554971486527,DbGate,120342280,1.138409958
2,dbgate,15.495,query,65947,11555283113763,DbGate Helper,57869536,0.366466750
2,dbgate,15.495,query,65884,11555001557134,DbGate Helper,52249848,0.343099458
2,dbgate,15.495,query,65883,11555001487779,DbGate Helper,51725536,0.346405417
2,dbgate,15.495,query,65881,11554999668676,DbGate Helper,51528952,0.326584125
2,dbgate,15.495,query,65894,11555006482927,com.apple.SafariPlatformSupport,9732720,0.112690625
2,dbgate,15.495,query,65871,11554981675949,DbGate Helper,7619424,0.070298958
2,dbgate,15.750,query,65870,11554981534413,DbGate Helper (GPU),281592840,1.436906792
2,dbgate,15.750,query,65877,11554990895186,DbGate Helper (Renderer),152831536,2.135505167
2,dbgate,15.750,query,65868,11554971486527,DbGate,120342280,1.154162042
2,dbgate,15.750,query,65947,11555283113763,DbGate Helper,57869536,0.366466750
2,dbgate,15.750,query,65884,11555001557134,DbGate Helper,52249848,0.343183542
2,dbgate,15.750,query,65883,11555001487779,DbGate Helper,51725536,0.346493333
2,dbgate,15.750,query,65881,11554999668676,DbGate Helper,51528952,0.326680958
2,dbgate,15.750,query,65894,11555006482927,com.apple.SafariPlatformSupport,9732720,0.112690625
2,dbgate,15.750,query,65871,11554981675949,DbGate Helper,7619424,0.070298958
2,dbgate,16.005,query,65870,11554981534413,DbGate Helper (GPU),284410888,1.513672583
2,dbgate,16.005,query,65877,11554990895186,DbGate Helper (Renderer),152995376,2.222792000
2,dbgate,16.005,query,65868,11554971486527,DbGate,120342280,1.163491833
2,dbgate,16.005,query,65947,11555283113763,DbGate Helper,57869536,0.366466750
2,dbgate,16.005,query,65884,11555001557134,DbGate Helper,52249848,0.343183542
2,dbgate,16.005,query,65883,11555001487779,DbGate Helper,51725536,0.346493333
2,dbgate,16.005,query,65881,11554999668676,DbGate Helper,51528952,0.326680958
2,dbgate,16.005,query,65894,11555006482927,com.apple.SafariPlatformSupport,9732720,0.112690625
2,dbgate,16.005,query,65871,11554981675949,DbGate Helper,7619424,0.070298958
2,dbgate,16.260,query,65870,11554981534413,DbGate Helper (GPU),284640264,1.604951583
2,dbgate,16.260,query,65877,11554990895186,DbGate Helper (Renderer),153126448,2.300102667
2,dbgate,16.260,query,65868,11554971486527,DbGate,120342280,1.176203250
2,dbgate,16.260,query,65947,11555283113763,DbGate Helper,57869536,0.366466750
2,dbgate,16.260,query,65884,11555001557134,DbGate Helper,52249848,0.343183542
2,dbgate,16.260,query,65883,11555001487779,DbGate Helper,51725536,0.346493333
2,dbgate,16.260,query,65881,11554999668676,DbGate Helper,51528952,0.326680958
2,dbgate,16.260,query,65894,11555006482927,com.apple.SafariPlatformSupport,9732720,0.112690625
2,dbgate,16.260,query,65871,11554981675949,DbGate Helper,7619424,0.070298958
2,dbgate,16.512,query,65870,11554981534413,DbGate Helper (GPU),284640264,1.646313375
2,dbgate,16.512,query,65877,11554990895186,DbGate Helper (Renderer),153552432,2.374905500
2,dbgate,16.512,query,65868,11554971486527,DbGate,120358664,1.193284833
2,dbgate,16.512,query,65947,11555283113763,DbGate Helper,57869536,0.366889583
2,dbgate,16.512,query,65884,11555001557134,DbGate Helper,52249848,0.343183542
2,dbgate,16.512,query,65883,11555001487779,DbGate Helper,51725536,0.346493333
2,dbgate,16.512,query,65881,11554999668676,DbGate Helper,51528952,0.326680958
2,dbgate,16.512,query,65894,11555006482927,com.apple.SafariPlatformSupport,9699952,0.112843958
2,dbgate,16.512,query,65871,11554981675949,DbGate Helper,7619424,0.070298958
2,dbgate,16.766,query,65870,11554981534413,DbGate Helper (GPU),284640264,1.692969458
2,dbgate,16.766,query,65877,11554990895186,DbGate Helper (Renderer),156206640,2.465981083
2,dbgate,16.766,query,65868,11554971486527,DbGate,120375048,1.209746208
2,dbgate,16.766,query,65947,11555283113763,DbGate Helper,57869536,0.366889583
2,dbgate,16.766,query,65884,11555001557134,DbGate Helper,52249848,0.343261917
2,dbgate,16.766,query,65883,11555001487779,DbGate Helper,51725536,0.346591000
2,dbgate,16.766,query,65881,11554999668676,DbGate Helper,51528952,0.326776500
2,dbgate,16.766,query,65894,11555006482927,com.apple.SafariPlatformSupport,9699952,0.112843958
2,dbgate,16.766,query,65871,11554981675949,DbGate Helper,7619424,0.070298958
2,dbgate,17.021,query,65870,11554981534413,DbGate Helper (GPU),284558344,1.733190542
2,dbgate,17.021,query,65877,11554990895186,DbGate Helper (Renderer),159581744,2.540228042
2,dbgate,17.021,query,65868,11554971486527,DbGate,120391432,1.222611167
2,dbgate,17.021,query,65947,11555283113763,DbGate Helper,57869536,0.366889583
2,dbgate,17.021,query,65884,11555001557134,DbGate Helper,52249848,0.343261917
2,dbgate,17.021,query,65883,11555001487779,DbGate Helper,51725536,0.346591000
2,dbgate,17.021,query,65881,11554999668676,DbGate Helper,51528952,0.326776500
2,dbgate,17.021,query,65894,11555006482927,com.apple.SafariPlatformSupport,9699952,0.112843958
2,dbgate,17.021,query,65871,11554981675949,DbGate Helper,7619424,0.070298958
2,dbgate,17.277,query,65870,11554981534413,DbGate Helper (GPU),284558344,1.772609875
2,dbgate,17.277,query,65877,11554990895186,DbGate Helper (Renderer),162940464,2.613532500
2,dbgate,17.277,query,65868,11554971486527,DbGate,120407816,1.237219333
2,dbgate,17.277,query,65947,11555283113763,DbGate Helper,57869536,0.366889583
2,dbgate,17.277,query,65884,11555001557134,DbGate Helper,52249848,0.343261917
2,dbgate,17.277,query,65883,11555001487779,DbGate Helper,51725536,0.346591000
2,dbgate,17.277,query,65881,11554999668676,DbGate Helper,51528952,0.326776500
2,dbgate,17.277,query,65894,11555006482927,com.apple.SafariPlatformSupport,9699952,0.112843958
2,dbgate,17.277,query,65871,11554981675949,DbGate Helper,7619424,0.070298958
2,dbgate,17.528,query,65870,11554981534413,DbGate Helper (GPU),284558344,1.818374958
2,dbgate,17.528,query,65877,11554990895186,DbGate Helper (Renderer),167282224,2.697481125
2,dbgate,17.528,query,65868,11554971486527,DbGate,120407816,1.252668750
2,dbgate,17.528,query,65947,11555283113763,DbGate Helper,57869536,0.367094625
2,dbgate,17.528,query,65884,11555001557134,DbGate Helper,52249848,0.343261917
2,dbgate,17.528,query,65883,11555001487779,DbGate Helper,51725536,0.346591000
2,dbgate,17.528,query,65881,11554999668676,DbGate Helper,51528952,0.326776500
2,dbgate,17.528,query,65894,11555006482927,com.apple.SafariPlatformSupport,9699952,0.112843958
2,dbgate,17.528,query,65871,11554981675949,DbGate Helper,7619424,0.070298958
2,dbgate,17.781,query,65870,11554981534413,DbGate Helper (GPU),284558344,1.853895583
2,dbgate,17.781,query,65877,11554990895186,DbGate Helper (Renderer),169821744,2.758036083
2,dbgate,17.781,query,65868,11554971486527,DbGate,120407816,1.265512417
2,dbgate,17.781,query,65947,11555283113763,DbGate Helper,57869536,0.367094625
2,dbgate,17.781,query,65884,11555001557134,DbGate Helper,52249848,0.343378083
2,dbgate,17.781,query,65883,11555001487779,DbGate Helper,51725536,0.346742333
2,dbgate,17.781,query,65881,11554999668676,DbGate Helper,51528952,0.326935292
2,dbgate,17.781,query,65894,11555006482927,com.apple.SafariPlatformSupport,9699952,0.112843958
2,dbgate,17.781,query,65871,11554981675949,DbGate Helper,7619424,0.070298958
2,dbgate,18.036,query,65870,11554981534413,DbGate Helper (GPU),257295368,1.908403458
2,dbgate,18.036,query,65877,11554990895186,DbGate Helper (Renderer),174327344,2.852097875
2,dbgate,18.036,query,65868,11554971486527,DbGate,120424200,1.283119708
2,dbgate,18.036,query,65947,11555283113763,DbGate Helper,57869536,0.367094625
2,dbgate,18.036,query,65884,11555001557134,DbGate Helper,52249848,0.343378083
2,dbgate,18.036,query,65883,11555001487779,DbGate Helper,51725536,0.346742333
2,dbgate,18.036,query,65881,11554999668676,DbGate Helper,51528952,0.326935292
2,dbgate,18.036,query,65894,11555006482927,com.apple.SafariPlatformSupport,9699952,0.112843958
2,dbgate,18.036,query,65871,11554981675949,DbGate Helper,7619424,0.070298958
2,dbgate,18.291,query,65870,11554981534413,DbGate Helper (GPU),257082376,1.953048750
2,dbgate,18.291,query,65877,11554990895186,DbGate Helper (Renderer),178210352,2.932166958
2,dbgate,18.291,query,65868,11554971486527,DbGate,120424200,1.300037667
2,dbgate,18.291,query,65947,11555283113763,DbGate Helper,57804000,0.367177000
2,dbgate,18.291,query,65884,11555001557134,DbGate Helper,52249848,0.343378083
2,dbgate,18.291,query,65883,11555001487779,DbGate Helper,51725536,0.346742333
2,dbgate,18.291,query,65881,11554999668676,DbGate Helper,51528952,0.326935292
2,dbgate,18.291,query,65894,11555006482927,com.apple.SafariPlatformSupport,9699952,0.112843958
2,dbgate,18.291,query,65871,11554981675949,DbGate Helper,7619424,0.070298958
2,dbgate,18.546,query,65870,11554981534413,DbGate Helper (GPU),183108616,1.988079250
2,dbgate,18.546,query,65877,11554990895186,DbGate Helper (Renderer),178292272,3.076932458
2,dbgate,18.546,query,65868,11554971486527,DbGate,120424200,1.312412500
2,dbgate,18.546,query,65947,11555283113763,DbGate Helper,57804000,0.367326917
2,dbgate,18.546,query,65884,11555001557134,DbGate Helper,52249848,0.343378083
2,dbgate,18.546,query,65883,11555001487779,DbGate Helper,51725536,0.346742333
2,dbgate,18.546,query,65881,11554999668676,DbGate Helper,51528952,0.327052208
2,dbgate,18.546,query,65894,11555006482927,com.apple.SafariPlatformSupport,9699952,0.112843958
2,dbgate,18.546,query,65871,11554981675949,DbGate Helper,7619424,0.070298958
2,dbgate,18.801,query,65877,11554990895186,DbGate Helper (Renderer),178914864,3.163127542
2,dbgate,18.801,query,65870,11554981534413,DbGate Helper (GPU),164709384,2.035163667
2,dbgate,18.801,query,65868,11554971486527,DbGate,120424200,1.330088333
2,dbgate,18.801,query,65947,11555283113763,DbGate Helper,57804000,0.367326917
2,dbgate,18.801,query,65884,11555001557134,DbGate Helper,52249848,0.343482167
2,dbgate,18.801,query,65883,11555001487779,DbGate Helper,51725536,0.346846000
2,dbgate,18.801,query,65881,11554999668676,DbGate Helper,51528952,0.327052208
2,dbgate,18.801,query,65894,11555006482927,com.apple.SafariPlatformSupport,9699952,0.112843958
2,dbgate,18.801,query,65871,11554981675949,DbGate Helper,7619424,0.070298958
2,dbgate,19.054,query,65877,11554990895186,DbGate Helper (Renderer),178931248,3.240770917
2,dbgate,19.054,query,65870,11554981534413,DbGate Helper (GPU),164709384,2.077969750
2,dbgate,19.054,query,65868,11554971486527,DbGate,120424200,1.345620542
2,dbgate,19.054,query,65947,11555283113763,DbGate Helper,57804000,0.367326917
2,dbgate,19.054,query,65884,11555001557134,DbGate Helper,52249848,0.343482167
2,dbgate,19.054,query,65883,11555001487779,DbGate Helper,51725536,0.346846000
2,dbgate,19.054,query,65881,11554999668676,DbGate Helper,51528952,0.327052208
2,dbgate,19.054,query,65894,11555006482927,com.apple.SafariPlatformSupport,9699952,0.112843958
2,dbgate,19.054,query,65871,11554981675949,DbGate Helper,7619424,0.070298958
2,dbgate,19.309,query,65877,11554990895186,DbGate Helper (Renderer),178931248,3.282419542
2,dbgate,19.309,query,65870,11554981534413,DbGate Helper (GPU),164643848,2.104738333
2,dbgate,19.309,query,65868,11554971486527,DbGate,120424200,1.354197833
2,dbgate,19.309,query,65947,11555283113763,DbGate Helper,57804000,0.367326917
2,dbgate,19.309,query,65884,11555001557134,DbGate Helper,52249848,0.343482167
2,dbgate,19.309,query,65883,11555001487779,DbGate Helper,51725536,0.346846000
2,dbgate,19.309,query,65881,11554999668676,DbGate Helper,51528952,0.327052208
2,dbgate,19.309,query,65894,11555006482927,com.apple.SafariPlatformSupport,9699952,0.112843958
2,dbgate,19.309,query,65871,11554981675949,DbGate Helper,7619424,0.070298958
2,dbgate,19.561,after-query,65877,11554990895186,DbGate Helper (Renderer),178931248,3.291562292
2,dbgate,19.561,after-query,65870,11554981534413,DbGate Helper (GPU),164168712,2.112181333
2,dbgate,19.561,after-query,65868,11554971486527,DbGate,120424200,1.355630667
2,dbgate,19.561,after-query,65947,11555283113763,DbGate Helper,57804000,0.367836750
2,dbgate,19.561,after-query,65884,11555001557134,DbGate Helper,52249848,0.343482167
2,dbgate,19.561,after-query,65883,11555001487779,DbGate Helper,51725536,0.346846000
2,dbgate,19.561,after-query,65881,11554999668676,DbGate Helper,51528952,0.327411958
2,dbgate,19.561,after-query,65894,11555006482927,com.apple.SafariPlatformSupport,9699952,0.112843958
2,dbgate,19.561,after-query,65871,11554981675949,DbGate Helper,7619424,0.070298958
2,dbgate,19.816,after-query,65877,11554990895186,DbGate Helper (Renderer),178931248,3.303362583
2,dbgate,19.816,after-query,65870,11554981534413,DbGate Helper (GPU),163628040,2.122901208
2,dbgate,19.816,after-query,65868,11554971486527,DbGate,120424200,1.356452708
2,dbgate,19.816,after-query,65947,11555283113763,DbGate Helper,57804000,0.367836750
2,dbgate,19.816,after-query,65884,11555001557134,DbGate Helper,52249848,0.343684875
2,dbgate,19.816,after-query,65883,11555001487779,DbGate Helper,51725536,0.347137750
2,dbgate,19.816,after-query,65881,11554999668676,DbGate Helper,51528952,0.327411958
2,dbgate,19.816,after-query,65894,11555006482927,com.apple.SafariPlatformSupport,9699952,0.112843958
2,dbgate,19.816,after-query,65871,11554981675949,DbGate Helper,7619424,0.070298958
2,dbgate,20.070,after-query,65877,11554990895186,DbGate Helper (Renderer),178931248,3.311545500
2,dbgate,20.070,after-query,65870,11554981534413,DbGate Helper (GPU),161170440,2.131191833
2,dbgate,20.070,after-query,65868,11554971486527,DbGate,120424200,1.356452708
2,dbgate,20.070,after-query,65947,11555283113763,DbGate Helper,57804000,0.367836750
2,dbgate,20.070,after-query,65884,11555001557134,DbGate Helper,52249848,0.343684875
2,dbgate,20.070,after-query,65883,11555001487779,DbGate Helper,51725536,0.347137750
2,dbgate,20.070,after-query,65881,11554999668676,DbGate Helper,51528952,0.327411958
2,dbgate,20.070,after-query,65894,11555006482927,com.apple.SafariPlatformSupport,9699952,0.112843958
2,dbgate,20.070,after-query,65871,11554981675949,DbGate Helper,7619424,0.070298958
2,dbgate,20.324,after-query,65877,11554990895186,DbGate Helper (Renderer),178931248,3.319768125
2,dbgate,20.324,after-query,65870,11554981534413,DbGate Helper (GPU),155911176,2.139424375
2,dbgate,20.324,after-query,65868,11554971486527,DbGate,120424200,1.356452708
2,dbgate,20.324,after-query,65947,11555283113763,DbGate Helper,57804000,0.367836750
2,dbgate,20.324,after-query,65884,11555001557134,DbGate Helper,52249848,0.343684875
2,dbgate,20.324,after-query,65883,11555001487779,DbGate Helper,51725536,0.347137750
2,dbgate,20.324,after-query,65881,11554999668676,DbGate Helper,51528952,0.327411958
2,dbgate,20.324,after-query,65894,11555006482927,com.apple.SafariPlatformSupport,9699952,0.112843958
2,dbgate,20.324,after-query,65871,11554981675949,DbGate Helper,7619424,0.070298958
2,dbgate,20.579,after-query,65877,11554990895186,DbGate Helper (Renderer),178931248,3.327211125
2,dbgate,20.579,after-query,65870,11554981534413,DbGate Helper (GPU),155911176,2.146197792
2,dbgate,20.579,after-query,65868,11554971486527,DbGate,120424200,1.357734667
2,dbgate,20.579,after-query,65947,11555283113763,DbGate Helper,57804000,0.368194292
2,dbgate,20.579,after-query,65884,11555001557134,DbGate Helper,52249848,0.343684875
2,dbgate,20.579,after-query,65883,11555001487779,DbGate Helper,51725536,0.347137750
2,dbgate,20.579,after-query,65881,11554999668676,DbGate Helper,51528952,0.327750083
2,dbgate,20.579,after-query,65894,11555006482927,com.apple.SafariPlatformSupport,9699952,0.112843958
2,dbgate,20.579,after-query,65871,11554981675949,DbGate Helper,7619424,0.070298958
2,dbgate,20.834,after-query,65877,11554990895186,DbGate Helper (Renderer),178931248,3.337425917
2,dbgate,20.834,after-query,65870,11554981534413,DbGate Helper (GPU),155878408,2.156954833
2,dbgate,20.834,after-query,65868,11554971486527,DbGate,120424200,1.358407042
2,dbgate,20.834,after-query,65947,11555283113763,DbGate Helper,57804000,0.368194292
2,dbgate,20.834,after-query,65884,11555001557134,DbGate Helper,52249848,0.343880125
2,dbgate,20.834,after-query,65883,11555001487779,DbGate Helper,51725536,0.347384542
2,dbgate,20.834,after-query,65881,11554999668676,DbGate Helper,51528952,0.327750083
2,dbgate,20.834,after-query,65894,11555006482927,com.apple.SafariPlatformSupport,9699952,0.112843958
2,dbgate,20.834,after-query,65871,11554981675949,DbGate Helper,7619424,0.070298958
2,dbgate,21.089,after-query,65877,11554990895186,DbGate Helper (Renderer),178390576,3.344457542
2,dbgate,21.089,after-query,65870,11554981534413,DbGate Helper (GPU),138642440,2.167976083
2,dbgate,21.089,after-query,65868,11554971486527,DbGate,120424200,1.358590458
2,dbgate,21.089,after-query,65947,11555283113763,DbGate Helper,57804000,0.368194292
2,dbgate,21.089,after-query,65884,11555001557134,DbGate Helper,52249848,0.343880125
2,dbgate,21.089,after-query,65883,11555001487779,DbGate Helper,51725536,0.347384542
2,dbgate,21.089,after-query,65881,11554999668676,DbGate Helper,51528952,0.327750083
2,dbgate,21.089,after-query,65894,11555006482927,com.apple.SafariPlatformSupport,9699952,0.112843958
2,dbgate,21.089,after-query,65871,11554981675949,DbGate Helper,7619424,0.070298958
2,dbgate,21.347,after-query,65877,11554990895186,DbGate Helper (Renderer),178390576,3.355234500
2,dbgate,21.347,after-query,65870,11554981534413,DbGate Helper (GPU),138626056,2.175778458
2,dbgate,21.347,after-query,65868,11554971486527,DbGate,120424200,1.360007833
2,dbgate,21.347,after-query,65947,11555283113763,DbGate Helper,57804000,0.368194292
2,dbgate,21.347,after-query,65884,11555001557134,DbGate Helper,52315384,0.344470833
2,dbgate,21.347,after-query,65883,11555001487779,DbGate Helper,51725536,0.347384542
2,dbgate,21.347,after-query,65881,11554999668676,DbGate Helper,51528952,0.327750083
2,dbgate,21.347,after-query,65894,11555006482927,com.apple.SafariPlatformSupport,9699952,0.112843958
2,dbgate,21.347,after-query,65871,11554981675949,DbGate Helper,7619424,0.070298958
2,dbgate,21.602,after-query,65877,11554990895186,DbGate Helper (Renderer),178406960,3.363740167
2,dbgate,21.602,after-query,65870,11554981534413,DbGate Helper (GPU),138626056,2.182866250
2,dbgate,21.602,after-query,65868,11554971486527,DbGate,120424200,1.361884208
2,dbgate,21.602,after-query,65947,11555283113763,DbGate Helper,57804000,0.369141208
2,dbgate,21.602,after-query,65884,11555001557134,DbGate Helper,52315384,0.344802792
2,dbgate,21.602,after-query,65883,11555001487779,DbGate Helper,51725536,0.347789917
2,dbgate,21.602,after-query,65881,11554999668676,DbGate Helper,51528952,0.328193250
2,dbgate,21.602,after-query,65894,11555006482927,com.apple.SafariPlatformSupport,9699952,0.112843958
2,dbgate,21.602,after-query,65871,11554981675949,DbGate Helper,7619424,0.070298958
2,dbgate,21.857,after-query,65877,11554990895186,DbGate Helper (Renderer),178406960,3.373016042
2,dbgate,21.857,after-query,65870,11554981534413,DbGate Helper (GPU),136561672,2.196322500
2,dbgate,21.857,after-query,65868,11554971486527,DbGate,120325896,1.362561208
2,dbgate,21.857,after-query,65947,11555283113763,DbGate Helper,57804000,0.369141208
2,dbgate,21.857,after-query,65884,11555001557134,DbGate Helper,52315384,0.344802792
2,dbgate,21.857,after-query,65883,11555001487779,DbGate Helper,51725536,0.347789917
2,dbgate,21.857,after-query,65881,11554999668676,DbGate Helper,51528952,0.328193250
2,dbgate,21.857,after-query,65894,11555006482927,com.apple.SafariPlatformSupport,9699952,0.112843958
2,dbgate,21.857,after-query,65871,11554981675949,DbGate Helper,7619424,0.070298958
2,dbgate,22.112,after-query,65877,11554990895186,DbGate Helper (Renderer),178406960,3.382646625
2,dbgate,22.112,after-query,65870,11554981534413,DbGate Helper (GPU),136545288,2.206117000
2,dbgate,22.112,after-query,65868,11554971486527,DbGate,120325896,1.362561208
2,dbgate,22.112,after-query,65947,11555283113763,DbGate Helper,57804000,0.369141208
2,dbgate,22.112,after-query,65884,11555001557134,DbGate Helper,52315384,0.344802792
2,dbgate,22.112,after-query,65883,11555001487779,DbGate Helper,51725536,0.347789917
2,dbgate,22.112,after-query,65881,11554999668676,DbGate Helper,51528952,0.328193250
2,dbgate,22.112,after-query,65894,11555006482927,com.apple.SafariPlatformSupport,9699952,0.112843958
2,dbgate,22.112,after-query,65871,11554981675949,DbGate Helper,7619424,0.070298958
2,dbgate,22.367,after-query,65877,11554990895186,DbGate Helper (Renderer),178406960,3.391227417
2,dbgate,22.367,after-query,65870,11554981534413,DbGate Helper (GPU),136528904,2.214450792
2,dbgate,22.367,after-query,65868,11554971486527,DbGate,120325896,1.363092833
2,dbgate,22.367,after-query,65947,11555283113763,DbGate Helper,57804000,0.369614208
2,dbgate,22.367,after-query,65884,11555001557134,DbGate Helper,52315384,0.344802792
2,dbgate,22.367,after-query,65883,11555001487779,DbGate Helper,51725536,0.347789917
2,dbgate,22.367,after-query,65881,11554999668676,DbGate Helper,51528952,0.328193250
2,dbgate,22.367,after-query,65894,11555006482927,com.apple.SafariPlatformSupport,9699952,0.112843958
2,dbgate,22.367,after-query,65871,11554981675949,DbGate Helper,7619424,0.070298958
2,dbgate,22.623,after-query,65877,11554990895186,DbGate Helper (Renderer),178406960,3.399438250
2,dbgate,22.623,after-query,65870,11554981534413,DbGate Helper (GPU),136528904,2.221526875
2,dbgate,22.623,after-query,65868,11554971486527,DbGate,120325896,1.364185542
2,dbgate,22.623,after-query,65947,11555283113763,DbGate Helper,57804000,0.369614208
2,dbgate,22.623,after-query,65884,11555001557134,DbGate Helper,52315384,0.344936417
2,dbgate,22.623,after-query,65883,11555001487779,DbGate Helper,51725536,0.347966542
2,dbgate,22.623,after-query,65881,11554999668676,DbGate Helper,51528952,0.328377458
2,dbgate,22.623,after-query,65894,11555006482927,com.apple.SafariPlatformSupport,9699952,0.112843958
2,dbgate,22.623,after-query,65871,11554981675949,DbGate Helper,7619424,0.070298958
2,dbgate,22.878,after-query,65877,11554990895186,DbGate Helper (Renderer),178406960,3.407851792
2,dbgate,22.878,after-query,65870,11554981534413,DbGate Helper (GPU),125453320,2.231544500
2,dbgate,22.878,after-query,65868,11554971486527,DbGate,120325896,1.364185542
2,dbgate,22.878,after-query,65947,11555283113763,DbGate Helper,57804000,0.369614208
2,dbgate,22.878,after-query,65884,11555001557134,DbGate Helper,52315384,0.344936417
2,dbgate,22.878,after-query,65883,11555001487779,DbGate Helper,51725536,0.347966542
2,dbgate,22.878,after-query,65881,11554999668676,DbGate Helper,51528952,0.328377458
2,dbgate,22.878,after-query,65894,11555006482927,com.apple.SafariPlatformSupport,9699952,0.112843958
2,dbgate,22.878,after-query,65871,11554981675949,DbGate Helper,7619424,0.070298958
2,dbgate,23.133,after-query,65877,11554990895186,DbGate Helper (Renderer),178406960,3.416665875
2,dbgate,23.133,after-query,65870,11554981534413,DbGate Helper (GPU),125469704,2.240988500
2,dbgate,23.133,after-query,65868,11554971486527,DbGate,120325896,1.364185542
2,dbgate,23.133,after-query,65947,11555283113763,DbGate Helper,57804000,0.369614208
2,dbgate,23.133,after-query,65884,11555001557134,DbGate Helper,52315384,0.344936417
2,dbgate,23.133,after-query,65883,11555001487779,DbGate Helper,51725536,0.347966542
2,dbgate,23.133,after-query,65881,11554999668676,DbGate Helper,51528952,0.328377458
2,dbgate,23.133,after-query,65894,11555006482927,com.apple.SafariPlatformSupport,9699952,0.112843958
2,dbgate,23.133,after-query,65871,11554981675949,DbGate Helper,7619424,0.070298958
2,dbgate,23.388,after-query,65877,11554990895186,DbGate Helper (Renderer),178406960,3.424457667
2,dbgate,23.388,after-query,65870,11554981534413,DbGate Helper (GPU),125453320,2.248618333
2,dbgate,23.388,after-query,65868,11554971486527,DbGate,120325896,1.364689583
2,dbgate,23.388,after-query,65947,11555283113763,DbGate Helper,57804000,0.370592250
2,dbgate,23.388,after-query,65884,11555001557134,DbGate Helper,52315384,0.344936417
2,dbgate,23.388,after-query,65883,11555001487779,DbGate Helper,51725536,0.347966542
2,dbgate,23.388,after-query,65881,11554999668676,DbGate Helper,51528952,0.328377458
2,dbgate,23.388,after-query,65894,11555006482927,com.apple.SafariPlatformSupport,9699952,0.112843958
2,dbgate,23.388,after-query,65871,11554981675949,DbGate Helper,7619424,0.070298958
2,dbgate,23.644,after-query,65877,11554990895186,DbGate Helper (Renderer),178423344,3.433145292
2,dbgate,23.644,after-query,65870,11554981534413,DbGate Helper (GPU),125436936,2.256066792
2,dbgate,23.644,after-query,65868,11554971486527,DbGate,120325896,1.365991833
2,dbgate,23.644,after-query,65947,11555283113763,DbGate Helper,57804000,0.370592250
2,dbgate,23.644,after-query,65884,11555001557134,DbGate Helper,52315384,0.345207542
2,dbgate,23.644,after-query,65883,11555001487779,DbGate Helper,51725536,0.348231417
2,dbgate,23.644,after-query,65881,11554999668676,DbGate Helper,51528952,0.328594125
2,dbgate,23.644,after-query,65894,11555006482927,com.apple.SafariPlatformSupport,9699952,0.112843958
2,dbgate,23.644,after-query,65871,11554981675949,DbGate Helper,7619424,0.070298958
2,dbgate,23.899,after-query,65877,11554990895186,DbGate Helper (Renderer),178423344,3.441967958
2,dbgate,23.899,after-query,65870,11554981534413,DbGate Helper (GPU),125404168,2.266013875
2,dbgate,23.899,after-query,65868,11554971486527,DbGate,120325896,1.365991833
2,dbgate,23.899,after-query,65947,11555283113763,DbGate Helper,57804000,0.370592250
2,dbgate,23.899,after-query,65884,11555001557134,DbGate Helper,52315384,0.345207542
2,dbgate,23.899,after-query,65883,11555001487779,DbGate Helper,51725536,0.348231417
2,dbgate,23.899,after-query,65881,11554999668676,DbGate Helper,51528952,0.328594125
2,dbgate,23.899,after-query,65894,11555006482927,com.apple.SafariPlatformSupport,9699952,0.112843958
2,dbgate,23.899,after-query,65871,11554981675949,DbGate Helper,7619424,0.070298958
2,dbgate,24.153,after-query,65877,11554990895186,DbGate Helper (Renderer),178423344,3.449409417
2,dbgate,24.153,after-query,65870,11554981534413,DbGate Helper (GPU),125420552,2.273973958
2,dbgate,24.153,after-query,65868,11554971486527,DbGate,120325896,1.365991833
2,dbgate,24.153,after-query,65947,11555283113763,DbGate Helper,57804000,0.370592250
2,dbgate,24.153,after-query,65884,11555001557134,DbGate Helper,52315384,0.345207542
2,dbgate,24.153,after-query,65883,11555001487779,DbGate Helper,51725536,0.348231417
2,dbgate,24.153,after-query,65881,11554999668676,DbGate Helper,51528952,0.328594125
2,dbgate,24.153,after-query,65894,11555006482927,com.apple.SafariPlatformSupport,9699952,0.112843958
2,dbgate,24.153,after-query,65871,11554981675949,DbGate Helper,7619424,0.070298958
2,pgpad,0.253,launch,66045,11555825726741,pgpad-tauri,18203632,0.129702000
2,pgpad,0.253,launch,66046,11555830532579,com.apple.WebKit.GPU,1229064,0.006284458
2,pgpad,0.508,settle,66045,11555825726741,pgpad-tauri,30475272,0.305970792
2,pgpad,0.508,settle,66048,11555830862461,com.apple.WebKit.Networking,6685200,0.023538875
2,pgpad,0.508,settle,66046,11555830532579,com.apple.WebKit.GPU,5669392,0.030770083
2,pgpad,0.508,settle,66049,11555830930175,com.apple.WebKit.WebContent,5227000,0.032064417
2,pgpad,0.763,settle,66045,11555825726741,pgpad-tauri,30704648,0.353836958
2,pgpad,0.763,settle,66049,11555830930175,com.apple.WebKit.WebContent,9978480,0.080199417
2,pgpad,0.763,settle,66048,11555830862461,com.apple.WebKit.Networking,7225896,0.029671333
2,pgpad,0.763,settle,66046,11555830532579,com.apple.WebKit.GPU,5653008,0.030843167
2,pgpad,1.018,settle,66049,11555830930175,com.apple.WebKit.WebContent,146211536,0.258240000
2,pgpad,1.018,settle,66045,11555825726741,pgpad-tauri,33784888,0.377552833
2,pgpad,1.018,settle,66046,11555830532579,com.apple.WebKit.GPU,32572184,0.101451833
2,pgpad,1.018,settle,66048,11555830862461,com.apple.WebKit.Networking,7258664,0.031346708
2,pgpad,1.018,settle,66052,11555845915575,com.apple.audio.SandboxHelper,5489144,0.021258458
2,pgpad,1.269,settle,66049,11555830930175,com.apple.WebKit.WebContent,146211536,0.258706500
2,pgpad,1.269,settle,66045,11555825726741,pgpad-tauri,33571896,0.379061458
2,pgpad,1.269,settle,66046,11555830532579,com.apple.WebKit.GPU,32572184,0.101597625
2,pgpad,1.269,settle,66048,11555830862461,com.apple.WebKit.Networking,7258664,0.031442417
2,pgpad,1.269,settle,66052,11555845915575,com.apple.audio.SandboxHelper,5489144,0.021258458
2,pgpad,1.524,settle,66049,11555830930175,com.apple.WebKit.WebContent,141247184,0.261933917
2,pgpad,1.524,settle,66045,11555825726741,pgpad-tauri,33424440,0.380852042
2,pgpad,1.524,settle,66046,11555830532579,com.apple.WebKit.GPU,32506648,0.102482667
2,pgpad,1.524,settle,66048,11555830862461,com.apple.WebKit.Networking,6980136,0.032443250
2,pgpad,1.524,settle,66052,11555845915575,com.apple.audio.SandboxHelper,5489144,0.021258458
2,pgpad,1.780,settle,66049,11555830930175,com.apple.WebKit.WebContent,138674896,0.284184458
2,pgpad,1.780,settle,66045,11555825726741,pgpad-tauri,32932920,0.381839292
2,pgpad,1.780,settle,66046,11555830532579,com.apple.WebKit.GPU,32441112,0.103213333
2,pgpad,1.780,settle,66048,11555830862461,com.apple.WebKit.Networking,6554152,0.032854625
2,pgpad,1.780,settle,66052,11555845915575,com.apple.audio.SandboxHelper,5489144,0.021258458
2,pgpad,2.032,settle,66049,11555830930175,com.apple.WebKit.WebContent,138396368,0.286931333
2,pgpad,2.032,settle,66045,11555825726741,pgpad-tauri,32900152,0.383317792
2,pgpad,2.032,settle,66046,11555830532579,com.apple.WebKit.GPU,27165464,0.103653750
2,pgpad,2.032,settle,66048,11555830862461,com.apple.WebKit.Networking,6128168,0.033353500
2,pgpad,2.032,settle,66052,11555845915575,com.apple.audio.SandboxHelper,5472760,0.021632750
2,pgpad,2.287,settle,66049,11555830930175,com.apple.WebKit.WebContent,97305296,0.288996875
2,pgpad,2.287,settle,66045,11555825726741,pgpad-tauri,31867960,0.384012333
2,pgpad,2.287,settle,66046,11555830532579,com.apple.WebKit.GPU,16286488,0.106000458
2,pgpad,2.287,settle,66048,11555830862461,com.apple.WebKit.Networking,6128168,0.033487042
2,pgpad,2.287,settle,66052,11555845915575,com.apple.audio.SandboxHelper,5472760,0.021632750
2,pgpad,2.542,settle,66049,11555830930175,com.apple.WebKit.WebContent,96912080,0.289579500
2,pgpad,2.542,settle,66045,11555825726741,pgpad-tauri,31835192,0.384200542
2,pgpad,2.542,settle,66046,11555830532579,com.apple.WebKit.GPU,16155416,0.106231458
2,pgpad,2.542,settle,66048,11555830862461,com.apple.WebKit.Networking,6128168,0.033717583
2,pgpad,2.542,settle,66052,11555845915575,com.apple.audio.SandboxHelper,5472760,0.021632750
2,pgpad,2.797,settle,66049,11555830930175,com.apple.WebKit.WebContent,96764624,0.290137125
2,pgpad,2.797,settle,66045,11555825726741,pgpad-tauri,31835192,0.384200542
2,pgpad,2.797,settle,66046,11555830532579,com.apple.WebKit.GPU,16139032,0.106400625
2,pgpad,2.797,settle,66048,11555830862461,com.apple.WebKit.Networking,6128168,0.033717583
2,pgpad,2.797,settle,66052,11555845915575,com.apple.audio.SandboxHelper,5472760,0.021632750
2,pgpad,3.053,settle,66049,11555830930175,com.apple.WebKit.WebContent,96764624,0.290525583
2,pgpad,3.053,settle,66045,11555825726741,pgpad-tauri,31835192,0.384200542
2,pgpad,3.053,settle,66046,11555830532579,com.apple.WebKit.GPU,16106264,0.106676167
2,pgpad,3.053,settle,66048,11555830862461,com.apple.WebKit.Networking,6128168,0.033717583
2,pgpad,3.053,settle,66052,11555845915575,com.apple.audio.SandboxHelper,5472760,0.021632750
2,pgpad,3.305,settle,66049,11555830930175,com.apple.WebKit.WebContent,96436944,0.291016792
2,pgpad,3.305,settle,66045,11555825726741,pgpad-tauri,31835192,0.384272833
2,pgpad,3.305,settle,66046,11555830532579,com.apple.WebKit.GPU,16106264,0.106820917
2,pgpad,3.305,settle,66048,11555830862461,com.apple.WebKit.Networking,6128168,0.033717583
2,pgpad,3.305,settle,66052,11555845915575,com.apple.audio.SandboxHelper,5472760,0.021632750
2,pgpad,3.556,settle,66049,11555830930175,com.apple.WebKit.WebContent,96404176,0.291418500
2,pgpad,3.556,settle,66045,11555825726741,pgpad-tauri,31835192,0.384272833
2,pgpad,3.556,settle,66046,11555830532579,com.apple.WebKit.GPU,16089880,0.107048542
2,pgpad,3.556,settle,66048,11555830862461,com.apple.WebKit.Networking,6128168,0.033717583
2,pgpad,3.556,settle,66052,11555845915575,com.apple.audio.SandboxHelper,5472760,0.021632750
2,pgpad,3.811,settle,66049,11555830930175,com.apple.WebKit.WebContent,96404176,0.291418500
2,pgpad,3.811,settle,66045,11555825726741,pgpad-tauri,31835192,0.384656208
2,pgpad,3.811,settle,66046,11555830532579,com.apple.WebKit.GPU,16089880,0.107217167
2,pgpad,3.811,settle,66048,11555830862461,com.apple.WebKit.Networking,6128168,0.033717583
2,pgpad,3.811,settle,66052,11555845915575,com.apple.audio.SandboxHelper,5472760,0.021632750
2,pgpad,4.062,settle,66049,11555830930175,com.apple.WebKit.WebContent,96404176,0.291485292
2,pgpad,4.062,settle,66045,11555825726741,pgpad-tauri,31835192,0.384911250
2,pgpad,4.062,settle,66046,11555830532579,com.apple.WebKit.GPU,16089880,0.107217167
2,pgpad,4.062,settle,66048,11555830862461,com.apple.WebKit.Networking,6128168,0.033717583
2,pgpad,4.062,settle,66052,11555845915575,com.apple.audio.SandboxHelper,5472760,0.021632750
2,pgpad,4.313,settle,66049,11555830930175,com.apple.WebKit.WebContent,96404176,0.291485292
2,pgpad,4.313,settle,66045,11555825726741,pgpad-tauri,31835192,0.385240375
2,pgpad,4.313,settle,66046,11555830532579,com.apple.WebKit.GPU,16089880,0.107217167
2,pgpad,4.313,settle,66048,11555830862461,com.apple.WebKit.Networking,6128168,0.033717583
2,pgpad,4.313,settle,66052,11555845915575,com.apple.audio.SandboxHelper,5472760,0.021632750
2,pgpad,4.565,settle,66049,11555830930175,com.apple.WebKit.WebContent,96404176,0.291485292
2,pgpad,4.565,settle,66045,11555825726741,pgpad-tauri,31835192,0.385422708
2,pgpad,4.565,settle,66046,11555830532579,com.apple.WebKit.GPU,16089880,0.107217167
2,pgpad,4.565,settle,66048,11555830862461,com.apple.WebKit.Networking,6128168,0.033717583
2,pgpad,4.565,settle,66052,11555845915575,com.apple.audio.SandboxHelper,5472760,0.021632750
2,pgpad,4.821,settle,66049,11555830930175,com.apple.WebKit.WebContent,96404176,0.291485292
2,pgpad,4.821,settle,66045,11555825726741,pgpad-tauri,31835192,0.385422708
2,pgpad,4.821,settle,66046,11555830532579,com.apple.WebKit.GPU,16089880,0.107217167
2,pgpad,4.821,settle,66048,11555830862461,com.apple.WebKit.Networking,6128168,0.033717583
2,pgpad,4.821,settle,66052,11555845915575,com.apple.audio.SandboxHelper,5472760,0.021632750
2,pgpad,5.076,settle,66049,11555830930175,com.apple.WebKit.WebContent,96404176,0.291485292
2,pgpad,5.076,settle,66045,11555825726741,pgpad-tauri,31835192,0.385422708
2,pgpad,5.076,settle,66046,11555830532579,com.apple.WebKit.GPU,16089880,0.107217167
2,pgpad,5.076,settle,66048,11555830862461,com.apple.WebKit.Networking,6128168,0.033717583
2,pgpad,5.076,settle,66052,11555845915575,com.apple.audio.SandboxHelper,5472760,0.021632750
2,pgpad,5.331,settle,66049,11555830930175,com.apple.WebKit.WebContent,96404176,0.291485292
2,pgpad,5.331,settle,66045,11555825726741,pgpad-tauri,31835192,0.385780500
2,pgpad,5.331,settle,66046,11555830532579,com.apple.WebKit.GPU,16089880,0.107217167
2,pgpad,5.331,settle,66048,11555830862461,com.apple.WebKit.Networking,6128168,0.033717583
2,pgpad,5.331,settle,66052,11555845915575,com.apple.audio.SandboxHelper,5472760,0.021632750
2,pgpad,5.586,query,66049,11555830930175,com.apple.WebKit.WebContent,96404176,0.291485292
2,pgpad,5.586,query,66045,11555825726741,pgpad-tauri,31654968,0.386826000
2,pgpad,5.586,query,66046,11555830532579,com.apple.WebKit.GPU,16089880,0.107254208
2,pgpad,5.586,query,66048,11555830862461,com.apple.WebKit.Networking,6079016,0.037986083
2,pgpad,5.586,query,66052,11555845915575,com.apple.audio.SandboxHelper,5472760,0.021632750
2,pgpad,5.841,query,66049,11555830930175,com.apple.WebKit.WebContent,96404176,0.291603125
2,pgpad,5.841,query,66045,11555825726741,pgpad-tauri,31654968,0.386826000
2,pgpad,5.841,query,66046,11555830532579,com.apple.WebKit.GPU,16089880,0.107254208
2,pgpad,5.841,query,66048,11555830862461,com.apple.WebKit.Networking,6079016,0.038130167
2,pgpad,5.841,query,66052,11555845915575,com.apple.audio.SandboxHelper,5472760,0.021632750
2,pgpad,6.092,query,66049,11555830930175,com.apple.WebKit.WebContent,96404176,0.291752667
2,pgpad,6.092,query,66045,11555825726741,pgpad-tauri,31654968,0.386826000
2,pgpad,6.092,query,66046,11555830532579,com.apple.WebKit.GPU,16089880,0.107254208
2,pgpad,6.092,query,66048,11555830862461,com.apple.WebKit.Networking,6029864,0.038481375
2,pgpad,6.092,query,66052,11555845915575,com.apple.audio.SandboxHelper,5407224,0.021712250
2,pgpad,6.347,query,66049,11555830930175,com.apple.WebKit.WebContent,96404176,0.291752667
2,pgpad,6.347,query,66045,11555825726741,pgpad-tauri,31654968,0.386826000
2,pgpad,6.347,query,66046,11555830532579,com.apple.WebKit.GPU,16089880,0.107254208
2,pgpad,6.347,query,66048,11555830862461,com.apple.WebKit.Networking,5997096,0.038610000
2,pgpad,6.347,query,66052,11555845915575,com.apple.audio.SandboxHelper,5407224,0.021712250
2,pgpad,6.602,query,66049,11555830930175,com.apple.WebKit.WebContent,96305872,0.291968333
2,pgpad,6.602,query,66045,11555825726741,pgpad-tauri,31654968,0.386826000
2,pgpad,6.602,query,66046,11555830532579,com.apple.WebKit.GPU,16089880,0.107254208
2,pgpad,6.602,query,66048,11555830862461,com.apple.WebKit.Networking,5997096,0.038916458
2,pgpad,6.602,query,66052,11555845915575,com.apple.audio.SandboxHelper,5407224,0.021712250
2,pgpad,6.857,query,66049,11555830930175,com.apple.WebKit.WebContent,96305872,0.292038750
2,pgpad,6.857,query,66045,11555825726741,pgpad-tauri,31654968,0.386826000
2,pgpad,6.857,query,66046,11555830532579,com.apple.WebKit.GPU,16089880,0.107254208
2,pgpad,6.857,query,66048,11555830862461,com.apple.WebKit.Networking,5997096,0.039148833
2,pgpad,6.857,query,66052,11555845915575,com.apple.audio.SandboxHelper,5407224,0.021712250
2,pgpad,7.112,query,66049,11555830930175,com.apple.WebKit.WebContent,96305872,0.292038750
2,pgpad,7.112,query,66045,11555825726741,pgpad-tauri,31654968,0.386826000
2,pgpad,7.112,query,66046,11555830532579,com.apple.WebKit.GPU,16089880,0.107254208
2,pgpad,7.112,query,66048,11555830862461,com.apple.WebKit.Networking,5997096,0.039148833
2,pgpad,7.112,query,66052,11555845915575,com.apple.audio.SandboxHelper,5407224,0.021712250
2,pgpad,7.366,query,66049,11555830930175,com.apple.WebKit.WebContent,96305872,0.292038750
2,pgpad,7.366,query,66045,11555825726741,pgpad-tauri,31654968,0.386826000
2,pgpad,7.366,query,66046,11555830532579,com.apple.WebKit.GPU,15991576,0.107381042
2,pgpad,7.366,query,66048,11555830862461,com.apple.WebKit.Networking,5997096,0.039148833
2,pgpad,7.366,query,66052,11555845915575,com.apple.audio.SandboxHelper,5407224,0.021712250
2,pgpad,7.621,query,66049,11555830930175,com.apple.WebKit.WebContent,96305872,0.292038750
2,pgpad,7.621,query,66045,11555825726741,pgpad-tauri,31654968,0.386826000
2,pgpad,7.621,query,66046,11555830532579,com.apple.WebKit.GPU,15991576,0.107381042
2,pgpad,7.621,query,66048,11555830862461,com.apple.WebKit.Networking,5997096,0.039148833
2,pgpad,7.621,query,66052,11555845915575,com.apple.audio.SandboxHelper,5407224,0.021712250
2,pgpad,7.874,query,66049,11555830930175,com.apple.WebKit.WebContent,96305872,0.292038750
2,pgpad,7.874,query,66045,11555825726741,pgpad-tauri,31654968,0.386826000
2,pgpad,7.874,query,66046,11555830532579,com.apple.WebKit.GPU,15991576,0.107381042
2,pgpad,7.874,query,66048,11555830862461,com.apple.WebKit.Networking,5997096,0.039148833
2,pgpad,7.874,query,66052,11555845915575,com.apple.audio.SandboxHelper,5407224,0.021712250
2,pgpad,8.129,query,66049,11555830930175,com.apple.WebKit.WebContent,96305872,0.292038750
2,pgpad,8.129,query,66045,11555825726741,pgpad-tauri,31654968,0.386826000
2,pgpad,8.129,query,66046,11555830532579,com.apple.WebKit.GPU,15991576,0.107381042
2,pgpad,8.129,query,66048,11555830862461,com.apple.WebKit.Networking,5997096,0.039148833
2,pgpad,8.129,query,66052,11555845915575,com.apple.audio.SandboxHelper,5407224,0.021712250
2,pgpad,8.385,query,66049,11555830930175,com.apple.WebKit.WebContent,96305872,0.292038750
2,pgpad,8.385,query,66045,11555825726741,pgpad-tauri,31654968,0.386826000
2,pgpad,8.385,query,66046,11555830532579,com.apple.WebKit.GPU,15991576,0.107381042
2,pgpad,8.385,query,66048,11555830862461,com.apple.WebKit.Networking,5997096,0.039148833
2,pgpad,8.385,query,66052,11555845915575,com.apple.audio.SandboxHelper,5407224,0.021712250
2,pgpad,8.639,query,66049,11555830930175,com.apple.WebKit.WebContent,96305872,0.292038750
2,pgpad,8.639,query,66045,11555825726741,pgpad-tauri,31654968,0.386826000
2,pgpad,8.639,query,66046,11555830532579,com.apple.WebKit.GPU,15991576,0.107455250
2,pgpad,8.639,query,66048,11555830862461,com.apple.WebKit.Networking,5997096,0.039148833
2,pgpad,8.639,query,66052,11555845915575,com.apple.audio.SandboxHelper,5407224,0.021712250
2,pgpad,8.894,query,66049,11555830930175,com.apple.WebKit.WebContent,96256720,0.296455292
2,pgpad,8.894,query,66045,11555825726741,pgpad-tauri,31556664,0.392381000
2,pgpad,8.894,query,66046,11555830532579,com.apple.WebKit.GPU,15991576,0.107455250
2,pgpad,8.894,query,66048,11555830862461,com.apple.WebKit.Networking,5997096,0.039148833
2,pgpad,8.894,query,66052,11555845915575,com.apple.audio.SandboxHelper,5407224,0.021712250
2,pgpad,9.149,query,66049,11555830930175,com.apple.WebKit.WebContent,96256720,0.297498208
2,pgpad,9.149,query,66045,11555825726741,pgpad-tauri,31556664,0.395778208
2,pgpad,9.149,query,66046,11555830532579,com.apple.WebKit.GPU,15991576,0.107455250
2,pgpad,9.149,query,66048,11555830862461,com.apple.WebKit.Networking,5997096,0.039148833
2,pgpad,9.149,query,66052,11555845915575,com.apple.audio.SandboxHelper,5407224,0.021712250
2,pgpad,9.402,query,66049,11555830930175,com.apple.WebKit.WebContent,96256720,0.297930333
2,pgpad,9.402,query,66045,11555825726741,pgpad-tauri,31556664,0.396436458
2,pgpad,9.402,query,66046,11555830532579,com.apple.WebKit.GPU,15991576,0.107455250
2,pgpad,9.402,query,66048,11555830862461,com.apple.WebKit.Networking,5997096,0.039148833
2,pgpad,9.402,query,66052,11555845915575,com.apple.audio.SandboxHelper,5407224,0.021712250
2,pgpad,9.657,query,66049,11555830930175,com.apple.WebKit.WebContent,96256720,0.298417833
2,pgpad,9.657,query,66045,11555825726741,pgpad-tauri,31523896,0.396785667
2,pgpad,9.657,query,66046,11555830532579,com.apple.WebKit.GPU,15991576,0.107455250
2,pgpad,9.657,query,66048,11555830862461,com.apple.WebKit.Networking,5997096,0.039148833
2,pgpad,9.657,query,66052,11555845915575,com.apple.audio.SandboxHelper,5407224,0.021712250
2,pgpad,9.912,query,66049,11555830930175,com.apple.WebKit.WebContent,96256720,0.298661917
2,pgpad,9.912,query,66045,11555825726741,pgpad-tauri,31523896,0.396937208
2,pgpad,9.912,query,66046,11555830532579,com.apple.WebKit.GPU,15991576,0.107455250
2,pgpad,9.912,query,66048,11555830862461,com.apple.WebKit.Networking,5997096,0.039148833
2,pgpad,9.912,query,66052,11555845915575,com.apple.audio.SandboxHelper,5407224,0.021712250
2,pgpad,10.166,query,66049,11555830930175,com.apple.WebKit.WebContent,96256720,0.299142625
2,pgpad,10.166,query,66045,11555825726741,pgpad-tauri,31523896,0.397252292
2,pgpad,10.166,query,66046,11555830532579,com.apple.WebKit.GPU,15991576,0.107455250
2,pgpad,10.166,query,66048,11555830862461,com.apple.WebKit.Networking,5997096,0.039148833
2,pgpad,10.166,query,66052,11555845915575,com.apple.audio.SandboxHelper,5407224,0.021712250
2,pgpad,10.421,query,66049,11555830930175,com.apple.WebKit.WebContent,96256720,0.299389500
2,pgpad,10.421,query,66045,11555825726741,pgpad-tauri,31523896,0.397341458
2,pgpad,10.421,query,66046,11555830532579,com.apple.WebKit.GPU,15991576,0.107455250
2,pgpad,10.421,query,66048,11555830862461,com.apple.WebKit.Networking,5997096,0.039148833
2,pgpad,10.421,query,66052,11555845915575,com.apple.audio.SandboxHelper,5407224,0.021712250
2,pgpad,10.675,query,66049,11555830930175,com.apple.WebKit.WebContent,147571432,0.317781042
2,pgpad,10.675,query,66046,11555830532579,com.apple.WebKit.GPU,33882904,0.119910833
2,pgpad,10.675,query,66045,11555825726741,pgpad-tauri,31540280,0.407062917
2,pgpad,10.675,query,66048,11555830862461,com.apple.WebKit.Networking,5947944,0.040277708
2,pgpad,10.675,query,66052,11555845915575,com.apple.audio.SandboxHelper,5407224,0.021712250
2,pgpad,10.927,query,66049,11555830930175,com.apple.WebKit.WebContent,199754472,0.372252000
2,pgpad,10.927,query,66046,11555830532579,com.apple.WebKit.GPU,35488632,0.165507417
2,pgpad,10.927,query,66045,11555825726741,pgpad-tauri,31982648,0.433752208
2,pgpad,10.927,query,66048,11555830862461,com.apple.WebKit.Networking,5947944,0.040317875
2,pgpad,10.927,query,66052,11555845915575,com.apple.audio.SandboxHelper,5407224,0.021712250
2,pgpad,11.178,query,66049,11555830930175,com.apple.WebKit.WebContent,199656168,0.374242625
2,pgpad,11.178,query,66046,11555830532579,com.apple.WebKit.GPU,35275640,0.167030625
2,pgpad,11.178,query,66045,11555825726741,pgpad-tauri,31917112,0.435263167
2,pgpad,11.178,query,66048,11555830862461,com.apple.WebKit.Networking,5915176,0.040511458
2,pgpad,11.178,query,66052,11555845915575,com.apple.audio.SandboxHelper,5407224,0.021712250
2,pgpad,11.432,query,66049,11555830930175,com.apple.WebKit.WebContent,199656168,0.376388375
2,pgpad,11.432,query,66046,11555830532579,com.apple.WebKit.GPU,35275640,0.167505208
2,pgpad,11.432,query,66045,11555825726741,pgpad-tauri,31917112,0.436850958
2,pgpad,11.432,query,66048,11555830862461,com.apple.WebKit.Networking,5915176,0.040750917
2,pgpad,11.432,query,66052,11555845915575,com.apple.audio.SandboxHelper,5407224,0.021712250
2,pgpad,11.686,query,66049,11555830930175,com.apple.WebKit.WebContent,199508712,0.377604375
2,pgpad,11.686,query,66046,11555830532579,com.apple.WebKit.GPU,35275640,0.168042708
2,pgpad,11.686,query,66045,11555825726741,pgpad-tauri,31917112,0.437307042
2,pgpad,11.686,query,66048,11555830862461,com.apple.WebKit.Networking,5915176,0.040915875
2,pgpad,11.686,query,66052,11555845915575,com.apple.audio.SandboxHelper,5407224,0.021712250
2,pgpad,11.938,query,66049,11555830930175,com.apple.WebKit.WebContent,200213224,0.405678083
2,pgpad,11.938,query,66046,11555830532579,com.apple.WebKit.GPU,38355832,0.177494792
2,pgpad,11.938,query,66045,11555825726741,pgpad-tauri,32080952,0.450717292
2,pgpad,11.938,query,66048,11555830862461,com.apple.WebKit.Networking,5915176,0.041001667
2,pgpad,11.938,query,66052,11555845915575,com.apple.audio.SandboxHelper,5407224,0.021712250
2,pgpad,12.189,query,66049,11555830930175,com.apple.WebKit.WebContent,149488360,0.415024250
2,pgpad,12.189,query,66046,11555830532579,com.apple.WebKit.GPU,38323064,0.178016833
2,pgpad,12.189,query,66045,11555825726741,pgpad-tauri,32212024,0.457992208
2,pgpad,12.189,query,66103,11556112859792,com.apple.SafariPlatformSupport,9732720,0.106156375
2,pgpad,12.189,query,66048,11555830862461,com.apple.WebKit.Networking,5915176,0.041030167
2,pgpad,12.189,query,66052,11555845915575,com.apple.audio.SandboxHelper,5407224,0.021712250
2,pgpad,12.440,query,66049,11555830930175,com.apple.WebKit.WebContent,162415336,0.422164917
2,pgpad,12.440,query,66046,11555830532579,com.apple.WebKit.GPU,38355832,0.179807292
2,pgpad,12.440,query,66045,11555825726741,pgpad-tauri,32752696,0.474575125
2,pgpad,12.440,query,66103,11556112859792,com.apple.SafariPlatformSupport,9749104,0.107428208
2,pgpad,12.440,query,66048,11555830862461,com.apple.WebKit.Networking,5915176,0.041030167
2,pgpad,12.440,query,66052,11555845915575,com.apple.audio.SandboxHelper,5407224,0.021712250
2,pgpad,12.694,query,66049,11555830930175,com.apple.WebKit.WebContent,162415336,0.423287875
2,pgpad,12.694,query,66046,11555830532579,com.apple.WebKit.GPU,38323064,0.180371750
2,pgpad,12.694,query,66045,11555825726741,pgpad-tauri,32736312,0.476406333
2,pgpad,12.694,query,66103,11556112859792,com.apple.SafariPlatformSupport,9749104,0.107428208
2,pgpad,12.694,query,66048,11555830862461,com.apple.WebKit.Networking,5915176,0.041030167
2,pgpad,12.694,query,66052,11555845915575,com.apple.audio.SandboxHelper,5407224,0.021712250
2,pgpad,12.949,query,66049,11555830930175,com.apple.WebKit.WebContent,163365608,0.443971917
2,pgpad,12.949,query,66046,11555830532579,com.apple.WebKit.GPU,47301520,0.188375125
2,pgpad,12.949,query,66045,11555825726741,pgpad-tauri,32949328,0.489961583
2,pgpad,12.949,query,66103,11556112859792,com.apple.SafariPlatformSupport,9749104,0.107428208
2,pgpad,12.949,query,66048,11555830862461,com.apple.WebKit.Networking,5915176,0.041030167
2,pgpad,12.949,query,66052,11555845915575,com.apple.audio.SandboxHelper,5407224,0.021712250
2,pgpad,13.204,query,66049,11555830930175,com.apple.WebKit.WebContent,163365608,0.444633375
2,pgpad,13.204,query,66046,11555830532579,com.apple.WebKit.GPU,47301520,0.188811417
2,pgpad,13.204,query,66045,11555825726741,pgpad-tauri,32932944,0.490555125
2,pgpad,13.204,query,66103,11556112859792,com.apple.SafariPlatformSupport,9749104,0.107564208
2,pgpad,13.204,query,66048,11555830862461,com.apple.WebKit.Networking,5915176,0.041030167
2,pgpad,13.204,query,66052,11555845915575,com.apple.audio.SandboxHelper,5407224,0.021712250
2,pgpad,13.459,query,66049,11555830930175,com.apple.WebKit.WebContent,162366184,0.454263125
2,pgpad,13.459,query,66046,11555830532579,com.apple.WebKit.GPU,47285136,0.194353250
2,pgpad,13.459,query,66045,11555825726741,pgpad-tauri,32965712,0.497197500
2,pgpad,13.459,query,66103,11556112859792,com.apple.SafariPlatformSupport,9749104,0.107564208
2,pgpad,13.459,query,66048,11555830862461,com.apple.WebKit.Networking,5915176,0.041030167
2,pgpad,13.459,query,66052,11555845915575,com.apple.audio.SandboxHelper,5407224,0.021712250
2,pgpad,13.714,query,66049,11555830930175,com.apple.WebKit.WebContent,162448104,0.472467333
2,pgpad,13.714,query,66046,11555830532579,com.apple.WebKit.GPU,47268752,0.196082250
2,pgpad,13.714,query,66045,11555825726741,pgpad-tauri,32965712,0.504488667
2,pgpad,13.714,query,66103,11556112859792,com.apple.SafariPlatformSupport,9749104,0.107564208
2,pgpad,13.714,query,66048,11555830862461,com.apple.WebKit.Networking,5915176,0.041030167
2,pgpad,13.714,query,66052,11555845915575,com.apple.audio.SandboxHelper,5407224,0.021712250
2,pgpad,13.969,query,66049,11555830930175,com.apple.WebKit.WebContent,124109544,0.474052458
2,pgpad,13.969,query,66046,11555830532579,com.apple.WebKit.GPU,44073872,0.197485083
2,pgpad,13.969,query,66045,11555825726741,pgpad-tauri,32932944,0.505231208
2,pgpad,13.969,query,66103,11556112859792,com.apple.SafariPlatformSupport,9749104,0.107564208
2,pgpad,13.969,query,66048,11555830862461,com.apple.WebKit.Networking,5915176,0.041030167
2,pgpad,13.969,query,66052,11555845915575,com.apple.audio.SandboxHelper,5407224,0.021712250
2,pgpad,14.220,query,66049,11555830930175,com.apple.WebKit.WebContent,171885288,0.508592833
2,pgpad,14.220,query,66046,11555830532579,com.apple.WebKit.GPU,47858576,0.211238042
2,pgpad,14.220,query,66045,11555825726741,pgpad-tauri,33014864,0.515902375
2,pgpad,14.220,query,66103,11556112859792,com.apple.SafariPlatformSupport,9749104,0.107823792
2,pgpad,14.220,query,66048,11555830862461,com.apple.WebKit.Networking,5915176,0.041626292
2,pgpad,14.220,query,66052,11555845915575,com.apple.audio.SandboxHelper,5407224,0.021712250
2,pgpad,14.473,query,66049,11555830930175,com.apple.WebKit.WebContent,248546072,0.703039833
2,pgpad,14.473,query,66046,11555830532579,com.apple.WebKit.GPU,54232000,0.240232375
2,pgpad,14.473,query,66045,11555825726741,pgpad-tauri,35619920,0.547276917
2,pgpad,14.473,query,66103,11556112859792,com.apple.SafariPlatformSupport,9749104,0.107853083
2,pgpad,14.473,query,66048,11555830862461,com.apple.WebKit.Networking,6488616,0.041655500
2,pgpad,14.473,query,66052,11555845915575,com.apple.audio.SandboxHelper,5407224,0.021712250
2,pgpad,14.727,query,66049,11555830930175,com.apple.WebKit.WebContent,248496920,0.704434917
2,pgpad,14.727,query,66046,11555830532579,com.apple.WebKit.GPU,46957504,0.240757875
2,pgpad,14.727,query,66045,11555825726741,pgpad-tauri,35603536,0.547777292
2,pgpad,14.727,query,66103,11556112859792,com.apple.SafariPlatformSupport,9749104,0.107853083
2,pgpad,14.727,query,66048,11555830862461,com.apple.WebKit.Networking,6488616,0.041780833
2,pgpad,14.727,query,66052,11555845915575,com.apple.audio.SandboxHelper,5407224,0.021712250
2,pgpad,14.982,query,66049,11555830930175,com.apple.WebKit.WebContent,248152856,0.710784208
2,pgpad,14.982,query,66046,11555830532579,com.apple.WebKit.GPU,46924736,0.241374708
2,pgpad,14.982,query,66045,11555825726741,pgpad-tauri,35570768,0.550361083
2,pgpad,14.982,query,66103,11556112859792,com.apple.SafariPlatformSupport,9749104,0.107853083
2,pgpad,14.982,query,66048,11555830862461,com.apple.WebKit.Networking,6488616,0.041908167
2,pgpad,14.982,query,66052,11555845915575,com.apple.audio.SandboxHelper,5407224,0.021712250
2,pgpad,15.237,query,66049,11555830930175,com.apple.WebKit.WebContent,245170968,0.713021083
2,pgpad,15.237,query,66046,11555830532579,com.apple.WebKit.GPU,46810048,0.241815458
2,pgpad,15.237,query,66045,11555825726741,pgpad-tauri,35505232,0.550743083
2,pgpad,15.237,query,66103,11556112859792,com.apple.SafariPlatformSupport,9749104,0.107853083
2,pgpad,15.237,query,66048,11555830862461,com.apple.WebKit.Networking,6488616,0.042014292
2,pgpad,15.237,query,66052,11555845915575,com.apple.audio.SandboxHelper,5407224,0.021712250
2,pgpad,15.488,query,66049,11555830930175,com.apple.WebKit.WebContent,183403288,0.720439333
2,pgpad,15.488,query,66046,11555830532579,com.apple.WebKit.GPU,36307904,0.244062750
2,pgpad,15.488,query,66045,11555825726741,pgpad-tauri,35505232,0.553776708
2,pgpad,15.488,query,66103,11556112859792,com.apple.SafariPlatformSupport,9749104,0.107853083
2,pgpad,15.488,query,66048,11555830862461,com.apple.WebKit.Networking,6472232,0.042365333
2,pgpad,15.488,query,66052,11555845915575,com.apple.audio.SandboxHelper,5407224,0.021712250
2,pgpad,15.743,query,66049,11555830930175,com.apple.WebKit.WebContent,179405592,0.722468667
2,pgpad,15.743,query,66045,11555825726741,pgpad-tauri,35308624,0.554653750
2,pgpad,15.743,query,66046,11555830532579,com.apple.WebKit.GPU,23315392,0.244862375
2,pgpad,15.743,query,66103,11556112859792,com.apple.SafariPlatformSupport,9749104,0.107853083
2,pgpad,15.743,query,66048,11555830862461,com.apple.WebKit.Networking,6472232,0.042464875
2,pgpad,15.743,query,66052,11555845915575,com.apple.audio.SandboxHelper,5407224,0.021712250
2,pgpad,15.999,query,66049,11555830930175,com.apple.WebKit.WebContent,179405592,0.729275667
2,pgpad,15.999,query,66045,11555825726741,pgpad-tauri,35325008,0.557422125
2,pgpad,15.999,query,66046,11555830532579,com.apple.WebKit.GPU,23315392,0.245777208
2,pgpad,15.999,query,66103,11556112859792,com.apple.SafariPlatformSupport,9749104,0.107853083
2,pgpad,15.999,query,66048,11555830862461,com.apple.WebKit.Networking,6472232,0.042464875
2,pgpad,15.999,query,66052,11555845915575,com.apple.audio.SandboxHelper,5407224,0.021712250
2,pgpad,16.252,query,66049,11555830930175,com.apple.WebKit.WebContent,239289112,0.744876292
2,pgpad,16.252,query,66046,11555830532579,com.apple.WebKit.GPU,44565440,0.262956167
2,pgpad,16.252,query,66045,11555825726741,pgpad-tauri,35292240,0.564514083
2,pgpad,16.252,query,66103,11556112859792,com.apple.SafariPlatformSupport,9749104,0.107853083
2,pgpad,16.252,query,66048,11555830862461,com.apple.WebKit.Networking,6472232,0.042464875
2,pgpad,16.252,query,66052,11555845915575,com.apple.audio.SandboxHelper,5407224,0.021712250
2,pgpad,16.506,query,66049,11555830930175,com.apple.WebKit.WebContent,279036696,0.782961667
2,pgpad,16.506,query,66046,11555830532579,com.apple.WebKit.GPU,44925912,0.290880792
2,pgpad,16.506,query,66045,11555825726741,pgpad-tauri,35325008,0.571796000
2,pgpad,16.506,query,66103,11556112859792,com.apple.SafariPlatformSupport,9749104,0.107992083
2,pgpad,16.506,query,66048,11555830862461,com.apple.WebKit.Networking,6472232,0.042464875
2,pgpad,16.506,query,66052,11555845915575,com.apple.audio.SandboxHelper,5407224,0.021712250
2,pgpad,16.761,query,66049,11555830930175,com.apple.WebKit.WebContent,279118616,0.794249625
2,pgpad,16.761,query,66046,11555830532579,com.apple.WebKit.GPU,44925912,0.300468917
2,pgpad,16.761,query,66045,11555825726741,pgpad-tauri,35325008,0.577459833
2,pgpad,16.761,query,66103,11556112859792,com.apple.SafariPlatformSupport,9749104,0.107992083
2,pgpad,16.761,query,66048,11555830862461,com.apple.WebKit.Networking,6472232,0.042464875
2,pgpad,16.761,query,66052,11555845915575,com.apple.audio.SandboxHelper,5407224,0.021712250
2,pgpad,17.016,query,66049,11555830930175,com.apple.WebKit.WebContent,279855896,0.837473667
2,pgpad,17.016,query,66046,11555830532579,com.apple.WebKit.GPU,44991448,0.321021167
2,pgpad,17.016,query,66045,11555825726741,pgpad-tauri,35325008,0.584891625
2,pgpad,17.016,query,66103,11556112859792,com.apple.SafariPlatformSupport,9749104,0.107992083
2,pgpad,17.016,query,66048,11555830862461,com.apple.WebKit.Networking,6472232,0.042464875
2,pgpad,17.016,query,66052,11555845915575,com.apple.audio.SandboxHelper,5407224,0.021712250
2,pgpad,17.271,query,66049,11555830930175,com.apple.WebKit.WebContent,279954200,0.848642583
2,pgpad,17.271,query,66046,11555830532579,com.apple.WebKit.GPU,45007832,0.331936458
2,pgpad,17.271,query,66045,11555825726741,pgpad-tauri,35325008,0.590370292
2,pgpad,17.271,query,66103,11556112859792,com.apple.SafariPlatformSupport,9749104,0.108377500
2,pgpad,17.271,query,66048,11555830862461,com.apple.WebKit.Networking,6472232,0.042464875
2,pgpad,17.271,query,66052,11555845915575,com.apple.audio.SandboxHelper,5407224,0.021712250
2,pgpad,17.526,query,66049,11555830930175,com.apple.WebKit.WebContent,280478488,0.894187958
2,pgpad,17.526,query,66046,11555830532579,com.apple.WebKit.GPU,44712920,0.354551250
2,pgpad,17.526,query,66045,11555825726741,pgpad-tauri,35341392,0.597666292
2,pgpad,17.526,query,66103,11556112859792,com.apple.SafariPlatformSupport,9749104,0.108377500
2,pgpad,17.526,query,66048,11555830862461,com.apple.WebKit.Networking,6472232,0.042464875
2,pgpad,17.526,query,66052,11555845915575,com.apple.audio.SandboxHelper,5407224,0.021712250
2,pgpad,17.777,query,66049,11555830930175,com.apple.WebKit.WebContent,280478488,0.895495042
2,pgpad,17.777,query,66046,11555830532579,com.apple.WebKit.GPU,44499928,0.354935917
2,pgpad,17.777,query,66045,11555825726741,pgpad-tauri,35292240,0.598170125
2,pgpad,17.777,query,66103,11556112859792,com.apple.SafariPlatformSupport,9749104,0.108377500
2,pgpad,17.777,query,66048,11555830862461,com.apple.WebKit.Networking,6472232,0.042464875
2,pgpad,17.777,query,66052,11555845915575,com.apple.audio.SandboxHelper,5407224,0.021712250
2,pgpad,18.031,query,66049,11555830930175,com.apple.WebKit.WebContent,280478488,0.908444292
2,pgpad,18.031,query,66046,11555830532579,com.apple.WebKit.GPU,44696536,0.363040208
2,pgpad,18.031,query,66045,11555825726741,pgpad-tauri,35243088,0.605286458
2,pgpad,18.031,query,66103,11556112859792,com.apple.SafariPlatformSupport,9749104,0.108377500
2,pgpad,18.031,query,66048,11555830862461,com.apple.WebKit.Networking,6472232,0.042464875
2,pgpad,18.031,query,66052,11555845915575,com.apple.audio.SandboxHelper,5407224,0.021712250
2,pgpad,18.284,after-query,66049,11555830930175,com.apple.WebKit.WebContent,267076376,0.949539542
2,pgpad,18.284,after-query,66046,11555830532579,com.apple.WebKit.GPU,44549080,0.386702292
2,pgpad,18.284,after-query,66045,11555825726741,pgpad-tauri,35243088,0.611288625
2,pgpad,18.284,after-query,66103,11556112859792,com.apple.SafariPlatformSupport,9749104,0.108377500
2,pgpad,18.284,after-query,66048,11555830862461,com.apple.WebKit.Networking,6472232,0.042464875
2,pgpad,18.284,after-query,66052,11555845915575,com.apple.audio.SandboxHelper,5407224,0.021712250
2,pgpad,18.539,after-query,66049,11555830930175,com.apple.WebKit.WebContent,267076376,0.952384958
2,pgpad,18.539,after-query,66046,11555830532579,com.apple.WebKit.GPU,44549080,0.387440833
2,pgpad,18.539,after-query,66045,11555825726741,pgpad-tauri,35161168,0.612850208
2,pgpad,18.539,after-query,66103,11556112859792,com.apple.SafariPlatformSupport,9749104,0.108377500
2,pgpad,18.539,after-query,66048,11555830862461,com.apple.WebKit.Networking,6472232,0.042464875
2,pgpad,18.539,after-query,66052,11555845915575,com.apple.audio.SandboxHelper,5407224,0.021712250
2,pgpad,18.794,after-query,66049,11555830930175,com.apple.WebKit.WebContent,267059992,0.953710042
2,pgpad,18.794,after-query,66046,11555830532579,com.apple.WebKit.GPU,44516312,0.388082375
2,pgpad,18.794,after-query,66045,11555825726741,pgpad-tauri,35128400,0.614174750
2,pgpad,18.794,after-query,66103,11556112859792,com.apple.SafariPlatformSupport,9749104,0.108377500
2,pgpad,18.794,after-query,66048,11555830862461,com.apple.WebKit.Networking,6472232,0.042464875
2,pgpad,18.794,after-query,66052,11555845915575,com.apple.audio.SandboxHelper,5407224,0.021712250
2,pgpad,19.049,after-query,66049,11555830930175,com.apple.WebKit.WebContent,266634008,0.955043625
2,pgpad,19.049,after-query,66046,11555830532579,com.apple.WebKit.GPU,43697112,0.388817708
2,pgpad,19.049,after-query,66045,11555825726741,pgpad-tauri,34980944,0.614835917
2,pgpad,19.049,after-query,66103,11556112859792,com.apple.SafariPlatformSupport,9749104,0.108377500
2,pgpad,19.049,after-query,66048,11555830862461,com.apple.WebKit.Networking,6472232,0.042464875
2,pgpad,19.049,after-query,66052,11555845915575,com.apple.audio.SandboxHelper,5407224,0.021712250
2,pgpad,19.302,after-query,66049,11555830930175,com.apple.WebKit.WebContent,266617624,0.955743417
2,pgpad,19.302,after-query,66046,11555830532579,com.apple.WebKit.GPU,43172824,0.390746708
2,pgpad,19.302,after-query,66045,11555825726741,pgpad-tauri,34980944,0.615067833
2,pgpad,19.302,after-query,66103,11556112859792,com.apple.SafariPlatformSupport,9749104,0.108377500
2,pgpad,19.302,after-query,66048,11555830862461,com.apple.WebKit.Networking,6472232,0.042464875
2,pgpad,19.302,after-query,66052,11555845915575,com.apple.audio.SandboxHelper,5407224,0.021712250
2,pgpad,19.557,after-query,66049,11555830930175,com.apple.WebKit.WebContent,181109528,0.956487667
2,pgpad,19.557,after-query,66045,11555825726741,pgpad-tauri,34866256,0.615432417
2,pgpad,19.557,after-query,66046,11555830532579,com.apple.WebKit.GPU,21480408,0.391642000
2,pgpad,19.557,after-query,66103,11556112859792,com.apple.SafariPlatformSupport,9732720,0.108694583
2,pgpad,19.557,after-query,66048,11555830862461,com.apple.WebKit.Networking,6472232,0.042464875
2,pgpad,19.557,after-query,66052,11555845915575,com.apple.audio.SandboxHelper,5407224,0.021712250
2,pgpad,19.813,after-query,66049,11555830930175,com.apple.WebKit.WebContent,181093144,0.956707000
2,pgpad,19.813,after-query,66045,11555825726741,pgpad-tauri,34866256,0.615432417
2,pgpad,19.813,after-query,66046,11555830532579,com.apple.WebKit.GPU,21480408,0.391869375
2,pgpad,19.813,after-query,66103,11556112859792,com.apple.SafariPlatformSupport,9732720,0.108694583
2,pgpad,19.813,after-query,66048,11555830862461,com.apple.WebKit.Networking,6472232,0.042464875
2,pgpad,19.813,after-query,66052,11555845915575,com.apple.audio.SandboxHelper,5407224,0.021712250
2,pgpad,20.063,after-query,66049,11555830930175,com.apple.WebKit.WebContent,181093144,0.957145167
2,pgpad,20.063,after-query,66045,11555825726741,pgpad-tauri,34866256,0.615472458
2,pgpad,20.063,after-query,66046,11555830532579,com.apple.WebKit.GPU,21480408,0.392155292
2,pgpad,20.063,after-query,66103,11556112859792,com.apple.SafariPlatformSupport,9732720,0.108694583
2,pgpad,20.063,after-query,66048,11555830862461,com.apple.WebKit.Networking,6472232,0.042464875
2,pgpad,20.063,after-query,66052,11555845915575,com.apple.audio.SandboxHelper,5407224,0.021712250
2,pgpad,20.318,after-query,66049,11555830930175,com.apple.WebKit.WebContent,181043992,0.957563375
2,pgpad,20.318,after-query,66045,11555825726741,pgpad-tauri,34866256,0.615472458
2,pgpad,20.318,after-query,66046,11555830532579,com.apple.WebKit.GPU,21382104,0.392707792
2,pgpad,20.318,after-query,66103,11556112859792,com.apple.SafariPlatformSupport,9732720,0.108694583
2,pgpad,20.318,after-query,66048,11555830862461,com.apple.WebKit.Networking,6472232,0.042464875
2,pgpad,20.318,after-query,66052,11555845915575,com.apple.audio.SandboxHelper,5407224,0.021712250
2,pgpad,20.573,after-query,66049,11555830930175,com.apple.WebKit.WebContent,181027608,0.957924792
2,pgpad,20.573,after-query,66045,11555825726741,pgpad-tauri,34866256,0.615472458
2,pgpad,20.573,after-query,66046,11555830532579,com.apple.WebKit.GPU,21365720,0.393002083
2,pgpad,20.573,after-query,66103,11556112859792,com.apple.SafariPlatformSupport,9732720,0.108694583
2,pgpad,20.573,after-query,66048,11555830862461,com.apple.WebKit.Networking,6472232,0.042464875
2,pgpad,20.573,after-query,66052,11555845915575,com.apple.audio.SandboxHelper,5407224,0.021712250
2,pgpad,20.824,after-query,66049,11555830930175,com.apple.WebKit.WebContent,180945664,0.958482917
2,pgpad,20.824,after-query,66045,11555825726741,pgpad-tauri,34849872,0.615657833
2,pgpad,20.824,after-query,66046,11555830532579,com.apple.WebKit.GPU,21365720,0.393002083
2,pgpad,20.824,after-query,66103,11556112859792,com.apple.SafariPlatformSupport,9732720,0.108694583
2,pgpad,20.824,after-query,66048,11555830862461,com.apple.WebKit.Networking,6472232,0.042464875
2,pgpad,20.824,after-query,66052,11555845915575,com.apple.audio.SandboxHelper,5407224,0.021712250
2,pgpad,21.076,after-query,66049,11555830930175,com.apple.WebKit.WebContent,180978432,0.961610583
2,pgpad,21.076,after-query,66045,11555825726741,pgpad-tauri,34849872,0.617211417
2,pgpad,21.076,after-query,66046,11555830532579,com.apple.WebKit.GPU,21365720,0.393002083
2,pgpad,21.076,after-query,66103,11556112859792,com.apple.SafariPlatformSupport,9732720,0.108694583
2,pgpad,21.076,after-query,66048,11555830862461,com.apple.WebKit.Networking,6472232,0.042464875
2,pgpad,21.076,after-query,66052,11555845915575,com.apple.audio.SandboxHelper,5407224,0.021712250
2,pgpad,21.331,after-query,66049,11555830930175,com.apple.WebKit.WebContent,180978432,0.961991042
2,pgpad,21.331,after-query,66045,11555825726741,pgpad-tauri,34849872,0.617374167
2,pgpad,21.331,after-query,66046,11555830532579,com.apple.WebKit.GPU,21365720,0.393002083
2,pgpad,21.331,after-query,66103,11556112859792,com.apple.SafariPlatformSupport,9732720,0.108694583
2,pgpad,21.331,after-query,66048,11555830862461,com.apple.WebKit.Networking,6472232,0.042464875
2,pgpad,21.331,after-query,66052,11555845915575,com.apple.audio.SandboxHelper,5407224,0.021712250
2,pgpad,21.586,after-query,66049,11555830930175,com.apple.WebKit.WebContent,180929280,0.962449125
2,pgpad,21.586,after-query,66045,11555825726741,pgpad-tauri,34849872,0.617691000
2,pgpad,21.586,after-query,66046,11555830532579,com.apple.WebKit.GPU,21365720,0.393002083
2,pgpad,21.586,after-query,66103,11556112859792,com.apple.SafariPlatformSupport,9732720,0.108694583
2,pgpad,21.586,after-query,66048,11555830862461,com.apple.WebKit.Networking,6472232,0.042464875
2,pgpad,21.586,after-query,66052,11555845915575,com.apple.audio.SandboxHelper,5407224,0.021712250
2,pgpad,21.841,after-query,66049,11555830930175,com.apple.WebKit.WebContent,180929280,0.962889375
2,pgpad,21.841,after-query,66045,11555825726741,pgpad-tauri,34849872,0.617981875
2,pgpad,21.841,after-query,66046,11555830532579,com.apple.WebKit.GPU,21365720,0.393002083
2,pgpad,21.841,after-query,66103,11556112859792,com.apple.SafariPlatformSupport,9683568,0.108870375
2,pgpad,21.841,after-query,66048,11555830862461,com.apple.WebKit.Networking,6472232,0.042464875
2,pgpad,21.841,after-query,66052,11555845915575,com.apple.audio.SandboxHelper,5407224,0.021712250
2,pgpad,22.097,after-query,66049,11555830930175,com.apple.WebKit.WebContent,180929280,0.963232625
2,pgpad,22.097,after-query,66045,11555825726741,pgpad-tauri,34849872,0.618242208
2,pgpad,22.097,after-query,66046,11555830532579,com.apple.WebKit.GPU,21365720,0.393002083
2,pgpad,22.097,after-query,66103,11556112859792,com.apple.SafariPlatformSupport,9683568,0.108870375
2,pgpad,22.097,after-query,66048,11555830862461,com.apple.WebKit.Networking,6472232,0.042464875
2,pgpad,22.097,after-query,66052,11555845915575,com.apple.audio.SandboxHelper,5407224,0.021712250
2,pgpad,22.352,after-query,66049,11555830930175,com.apple.WebKit.WebContent,180929280,0.963537292
2,pgpad,22.352,after-query,66045,11555825726741,pgpad-tauri,34849872,0.618547333
2,pgpad,22.352,after-query,66046,11555830532579,com.apple.WebKit.GPU,21365720,0.393002083
2,pgpad,22.352,after-query,66103,11556112859792,com.apple.SafariPlatformSupport,9683568,0.108870375
2,pgpad,22.352,after-query,66048,11555830862461,com.apple.WebKit.Networking,6472232,0.042464875
2,pgpad,22.352,after-query,66052,11555845915575,com.apple.audio.SandboxHelper,5407224,0.021712250
2,pgpad,22.607,after-query,66049,11555830930175,com.apple.WebKit.WebContent,180929280,0.963718792
2,pgpad,22.607,after-query,66045,11555825726741,pgpad-tauri,34849872,0.618638417
2,pgpad,22.607,after-query,66046,11555830532579,com.apple.WebKit.GPU,21365720,0.393002083
2,pgpad,22.607,after-query,66103,11556112859792,com.apple.SafariPlatformSupport,9683568,0.108870375
2,pgpad,22.607,after-query,66048,11555830862461,com.apple.WebKit.Networking,6472232,0.042464875
2,pgpad,22.607,after-query,66052,11555845915575,com.apple.audio.SandboxHelper,5407224,0.021712250
2,pgpad,22.862,after-query,66049,11555830930175,com.apple.WebKit.WebContent,180929280,0.963718792
2,pgpad,22.862,after-query,66045,11555825726741,pgpad-tauri,34849872,0.618638417
2,pgpad,22.862,after-query,66046,11555830532579,com.apple.WebKit.GPU,21365720,0.393002083
2,pgpad,22.862,after-query,66103,11556112859792,com.apple.SafariPlatformSupport,9683568,0.108870375
2,pgpad,22.862,after-query,66048,11555830862461,com.apple.WebKit.Networking,6472232,0.042464875
2,pgpad,22.862,after-query,66052,11555845915575,com.apple.audio.SandboxHelper,5407224,0.021712250
2,pgpad,23.115,after-query,66049,11555830930175,com.apple.WebKit.WebContent,180929280,0.963718792
2,pgpad,23.115,after-query,66045,11555825726741,pgpad-tauri,34849872,0.618638417
2,pgpad,23.115,after-query,66046,11555830532579,com.apple.WebKit.GPU,21365720,0.393002083
2,pgpad,23.115,after-query,66103,11556112859792,com.apple.SafariPlatformSupport,9683568,0.108870375
2,pgpad,23.115,after-query,66048,11555830862461,com.apple.WebKit.Networking,6472232,0.042464875
2,pgpad,23.115,after-query,66052,11555845915575,com.apple.audio.SandboxHelper,5407224,0.021712250
2,pgpad,23.370,after-query,66049,11555830930175,com.apple.WebKit.WebContent,180880128,0.963841292
2,pgpad,23.370,after-query,66045,11555825726741,pgpad-tauri,34800720,0.619027917
2,pgpad,23.370,after-query,66046,11555830532579,com.apple.WebKit.GPU,21365720,0.393002083
2,pgpad,23.370,after-query,66103,11556112859792,com.apple.SafariPlatformSupport,9683568,0.108870375
2,pgpad,23.370,after-query,66048,11555830862461,com.apple.WebKit.Networking,6472232,0.042464875
2,pgpad,23.370,after-query,66052,11555845915575,com.apple.audio.SandboxHelper,5407224,0.021712250
3,pgadmin,0.254,launch,66177,11556512640098,pgAdmin 4,8225728,0.102143875
3,pgadmin,0.509,launch,66177,11556512640098,pgAdmin 4,32949688,0.246724125
3,pgadmin,0.764,launch,66177,11556512640098,pgAdmin 4,53282520,0.422186542
3,pgadmin,0.764,launch,66180,11556525242446,pgAdmin 4 Helper,11387816,0.106224958
3,pgadmin,0.764,launch,66182,11556528523730,pgAdmin 4 Helper (Renderer),8717224,0.053205958
3,pgadmin,0.764,launch,66181,11556525403134,pgAdmin 4 Helper,6865760,0.054672583
3,pgadmin,0.764,launch,66183,11556529538891,Python,2654568,0.011987333
3,pgadmin,1.015,launch,66177,11556512640098,pgAdmin 4,54134488,0.438918083
3,pgadmin,1.015,launch,66180,11556525242446,pgAdmin 4 Helper,43713520,0.158894000
3,pgadmin,1.015,launch,66183,11556529538891,Python,26149296,0.208878333
3,pgadmin,1.015,launch,66182,11556528523730,pgAdmin 4 Helper (Renderer),19449056,0.097164083
3,pgadmin,1.015,launch,66181,11556525403134,pgAdmin 4 Helper,6865760,0.054796125
3,pgadmin,1.270,launch,66177,11556512640098,pgAdmin 4,54265560,0.441271458
3,pgadmin,1.270,launch,66180,11556525242446,pgAdmin 4 Helper,43697136,0.159064708
3,pgadmin,1.270,launch,66183,11556529538891,Python,35783136,0.434130083
3,pgadmin,1.270,launch,66182,11556528523730,pgAdmin 4 Helper (Renderer),19449056,0.097196667
3,pgadmin,1.270,launch,66181,11556525403134,pgAdmin 4 Helper,6865760,0.054796125
3,pgadmin,1.525,launch,66177,11556512640098,pgAdmin 4,55674584,0.444880750
3,pgadmin,1.525,launch,66183,11556529538891,Python,45269496,0.658966500
3,pgadmin,1.525,launch,66180,11556525242446,pgAdmin 4 Helper,43697136,0.159064708
3,pgadmin,1.525,launch,66182,11556528523730,pgAdmin 4 Helper (Renderer),19449056,0.097243583
3,pgadmin,1.525,launch,66181,11556525403134,pgAdmin 4 Helper,6865760,0.054796125
3,pgadmin,1.777,launch,66183,11556529538891,Python,56099320,0.875231833
3,pgadmin,1.777,launch,66177,11556512640098,pgAdmin 4,55723736,0.446068375
3,pgadmin,1.777,launch,66180,11556525242446,pgAdmin 4 Helper,43664368,0.159366125
3,pgadmin,1.777,launch,66182,11556528523730,pgAdmin 4 Helper (Renderer),19449056,0.097243583
3,pgadmin,1.777,launch,66181,11556525403134,pgAdmin 4 Helper,6964064,0.055699875
3,pgadmin,2.032,launch,66183,11556529538891,Python,77283832,1.108541292
3,pgadmin,2.032,launch,66177,11556512640098,pgAdmin 4,55723736,0.446068375
3,pgadmin,2.032,launch,66180,11556525242446,pgAdmin 4 Helper,41567216,0.159431833
3,pgadmin,2.032,launch,66182,11556528523730,pgAdmin 4 Helper (Renderer),19449056,0.097396833
3,pgadmin,2.032,launch,66181,11556525403134,pgAdmin 4 Helper,6964064,0.055699875
3,pgadmin,2.286,launch,66183,11556529538891,Python,86196752,1.340653000
3,pgadmin,2.286,launch,66177,11556512640098,pgAdmin 4,55740120,0.448085292
3,pgadmin,2.286,launch,66180,11556525242446,pgAdmin 4 Helper,41567216,0.159431833
3,pgadmin,2.286,launch,66182,11556528523730,pgAdmin 4 Helper (Renderer),19449056,0.097396833
3,pgadmin,2.286,launch,66181,11556525403134,pgAdmin 4 Helper,6964064,0.055699875
3,pgadmin,2.541,launch,66183,11556529538891,Python,95814160,1.580415208
3,pgadmin,2.541,launch,66177,11556512640098,pgAdmin 4,55740120,0.448085292
3,pgadmin,2.541,launch,66180,11556525242446,pgAdmin 4 Helper,41567216,0.159431833
3,pgadmin,2.541,launch,66182,11556528523730,pgAdmin 4 Helper (Renderer),19449056,0.097396833
3,pgadmin,2.541,launch,66181,11556525403134,pgAdmin 4 Helper,6964064,0.055699875
3,pgadmin,2.795,launch,66183,11556529538891,Python,104874512,1.809284375
3,pgadmin,2.795,launch,66177,11556512640098,pgAdmin 4,55740120,0.448085292
3,pgadmin,2.795,launch,66180,11556525242446,pgAdmin 4 Helper,41567216,0.159486250
3,pgadmin,2.795,launch,66182,11556528523730,pgAdmin 4 Helper (Renderer),19449056,0.097396833
3,pgadmin,2.795,launch,66193,11556577529549,Python,15171992,0.050226750
3,pgadmin,2.795,launch,66181,11556525403134,pgAdmin 4 Helper,6964064,0.055699875
3,pgadmin,3.049,launch,66183,11556529538891,Python,115507752,2.033695417
3,pgadmin,3.049,launch,66177,11556512640098,pgAdmin 4,55740120,0.448108833
3,pgadmin,3.049,launch,66193,11556577529549,Python,31310352,0.301554000
3,pgadmin,3.049,launch,66180,11556525242446,pgAdmin 4 Helper,26756080,0.160297708
3,pgadmin,3.049,launch,66182,11556528523730,pgAdmin 4 Helper (Renderer),19350752,0.097533625
3,pgadmin,3.049,launch,66181,11556525403134,pgAdmin 4 Helper,6964064,0.055699875
3,pgadmin,3.300,launch,66183,11556529538891,Python,128827944,2.263211333
3,pgadmin,3.300,launch,66177,11556512640098,pgAdmin 4,55789272,0.449481583
3,pgadmin,3.300,launch,66180,11556525242446,pgAdmin 4 Helper,26756080,0.160297708
3,pgadmin,3.300,launch,66182,11556528523730,pgAdmin 4 Helper (Renderer),19350752,0.097533625
3,pgadmin,3.300,launch,66181,11556525403134,pgAdmin 4 Helper,6964064,0.055699875
3,pgadmin,3.552,launch,66183,11556529538891,Python,138740264,2.493591000
3,pgadmin,3.552,launch,66177,11556512640098,pgAdmin 4,55789272,0.449481583
3,pgadmin,3.552,launch,66180,11556525242446,pgAdmin 4 Helper,26756080,0.160297708
3,pgadmin,3.552,launch,66182,11556528523730,pgAdmin 4 Helper (Renderer),19350752,0.097533625
3,pgadmin,3.552,launch,66181,11556525403134,pgAdmin 4 Helper,6964064,0.055699875
3,pgadmin,3.807,launch,66183,11556529538891,Python,148685352,2.747828042
3,pgadmin,3.807,launch,66177,11556512640098,pgAdmin 4,55789272,0.449481583
3,pgadmin,3.807,launch,66180,11556525242446,pgAdmin 4 Helper,26756080,0.160297708
3,pgadmin,3.807,launch,66182,11556528523730,pgAdmin 4 Helper (Renderer),19350752,0.097533625
3,pgadmin,3.807,launch,66181,11556525403134,pgAdmin 4 Helper,6964064,0.055699875
3,pgadmin,4.061,launch,66183,11556529538891,Python,155435584,2.954024750
3,pgadmin,4.061,launch,66177,11556512640098,pgAdmin 4,55789272,0.449481583
3,pgadmin,4.061,launch,66180,11556525242446,pgAdmin 4 Helper,26756080,0.160319417
3,pgadmin,4.061,launch,66182,11556528523730,pgAdmin 4 Helper (Renderer),19350752,0.097533625
3,pgadmin,4.061,launch,66181,11556525403134,pgAdmin 4 Helper,6964064,0.055699875
3,pgadmin,4.316,launch,66183,11556529538891,Python,155861568,2.973178708
3,pgadmin,4.316,launch,66177,11556512640098,pgAdmin 4,57280216,0.477057333
3,pgadmin,4.316,launch,66180,11556525242446,pgAdmin 4 Helper,26756080,0.160522583
3,pgadmin,4.316,launch,66182,11556528523730,pgAdmin 4 Helper (Renderer),19350752,0.097675667
3,pgadmin,4.316,launch,66181,11556525403134,pgAdmin 4 Helper,6964064,0.055699875
3,pgadmin,4.567,settle,66183,11556529538891,Python,157319816,3.027503458
3,pgadmin,4.567,settle,66177,11556512640098,pgAdmin 4,58967768,0.537540125
3,pgadmin,4.567,settle,66206,11556619331554,pgAdmin 4 Helper (Renderer),36373776,0.092025375
3,pgadmin,4.567,settle,66180,11556525242446,pgAdmin 4 Helper,32293872,0.172658500
3,pgadmin,4.567,settle,66181,11556525403134,pgAdmin 4 Helper,10060664,0.114810833
3,pgadmin,4.822,settle,66183,11556529538891,Python,157778496,3.121256542
3,pgadmin,4.822,settle,66180,11556525242446,pgAdmin 4 Helper,121357296,0.184931958
3,pgadmin,4.822,settle,66206,11556619331554,pgAdmin 4 Helper (Renderer),92554680,0.374301042
3,pgadmin,4.822,settle,66177,11556512640098,pgAdmin 4,59147992,0.554943750
3,pgadmin,4.822,settle,66181,11556525403134,pgAdmin 4 Helper,8520544,0.180323625
3,pgadmin,5.074,settle,66183,11556529538891,Python,157811264,3.121517542
3,pgadmin,5.074,settle,66206,11556619331554,pgAdmin 4 Helper (Renderer),134317520,0.654035208
3,pgadmin,5.074,settle,66180,11556525242446,pgAdmin 4 Helper,121373680,0.186460750
3,pgadmin,5.074,settle,66177,11556512640098,pgAdmin 4,59147992,0.557398750
3,pgadmin,5.074,settle,66181,11556525403134,pgAdmin 4 Helper,8536928,0.181134250
3,pgadmin,5.330,settle,66180,11556525242446,pgAdmin 4 Helper,217203696,0.219344958
3,pgadmin,5.330,settle,66206,11556619331554,pgAdmin 4 Helper (Renderer),188122672,1.087090500
3,pgadmin,5.330,settle,66183,11556529538891,Python,160236264,3.223581500
3,pgadmin,5.330,settle,66177,11556512640098,pgAdmin 4,62211824,0.609971958
3,pgadmin,5.330,settle,66181,11556525403134,pgAdmin 4 Helper,8635232,0.200192167
3,pgadmin,5.582,settle,66180,11556525242446,pgAdmin 4 Helper,217416688,0.224494542
3,pgadmin,5.582,settle,66206,11556619331554,pgAdmin 4 Helper (Renderer),211650240,1.339605333
3,pgadmin,5.582,settle,66183,11556529538891,Python,160252648,3.227237750
3,pgadmin,5.582,settle,66177,11556512640098,pgAdmin 4,62392048,0.616229542
3,pgadmin,5.582,settle,66181,11556525403134,pgAdmin 4 Helper,8635232,0.201316708
3,pgadmin,5.837,settle,66206,11556619331554,pgAdmin 4 Helper (Renderer),236209952,1.596521667
3,pgadmin,5.837,settle,66180,11556525242446,pgAdmin 4 Helper,217449456,0.231211792
3,pgadmin,5.837,settle,66183,11556529538891,Python,160678632,3.250022375
3,pgadmin,5.837,settle,66177,11556512640098,pgAdmin 4,62801672,0.639808792
3,pgadmin,5.837,settle,66181,11556525403134,pgAdmin 4 Helper,8749920,0.211183208
3,pgadmin,6.089,settle,66180,11556525242446,pgAdmin 4 Helper,283182112,0.265523125
3,pgadmin,6.089,settle,66206,11556619331554,pgAdmin 4 Helper (Renderer),269371192,1.831435167
3,pgadmin,6.089,settle,66183,11556529538891,Python,161710872,3.301161417
3,pgadmin,6.089,settle,66177,11556512640098,pgAdmin 4,62850824,0.644108917
3,pgadmin,6.089,settle,66181,11556525403134,pgAdmin 4 Helper,8700768,0.218819542
3,pgadmin,6.341,settle,66180,11556525242446,pgAdmin 4 Helper,283182112,0.272962542
3,pgadmin,6.341,settle,66206,11556619331554,pgAdmin 4 Helper (Renderer),270075704,1.851507125
3,pgadmin,6.341,settle,66183,11556529538891,Python,161710872,3.301161417
3,pgadmin,6.341,settle,66177,11556512640098,pgAdmin 4,62834440,0.649623250
3,pgadmin,6.341,settle,66181,11556525403134,pgAdmin 4 Helper,8700768,0.218819542
3,pgadmin,6.594,settle,66180,11556525242446,pgAdmin 4 Helper,283182112,0.276984250
3,pgadmin,6.594,settle,66206,11556619331554,pgAdmin 4 Helper (Renderer),271009592,1.872715875
3,pgadmin,6.594,settle,66183,11556529538891,Python,161727256,3.306457458
3,pgadmin,6.594,settle,66177,11556512640098,pgAdmin 4,63063816,0.671163875
3,pgadmin,6.594,settle,66181,11556525403134,pgAdmin 4 Helper,8700768,0.220099667
3,pgadmin,6.594,settle,66223,11556666832051,com.apple.SafariPlatformSupport,4817496,0.056356042
3,pgadmin,6.846,settle,66180,11556525242446,pgAdmin 4 Helper,283182112,0.280120375
3,pgadmin,6.846,settle,66206,11556619331554,pgAdmin 4 Helper (Renderer),271091512,1.878853833
3,pgadmin,6.846,settle,66183,11556529538891,Python,161727256,3.306457458
3,pgadmin,6.846,settle,66177,11556512640098,pgAdmin 4,63096584,0.673391958
3,pgadmin,6.846,settle,66223,11556666832051,com.apple.SafariPlatformSupport,9798256,0.117054542
3,pgadmin,6.846,settle,66181,11556525403134,pgAdmin 4 Helper,8700768,0.220099667
3,pgadmin,7.101,settle,66180,11556525242446,pgAdmin 4 Helper,283165728,0.288381583
3,pgadmin,7.101,settle,66206,11556619331554,pgAdmin 4 Helper (Renderer),271173432,1.906718917
3,pgadmin,7.101,settle,66183,11556529538891,Python,161727256,3.306576708
3,pgadmin,7.101,settle,66177,11556512640098,pgAdmin 4,63096584,0.673761458
3,pgadmin,7.101,settle,66223,11556666832051,com.apple.SafariPlatformSupport,9798256,0.117519750
3,pgadmin,7.101,settle,66181,11556525403134,pgAdmin 4 Helper,8700768,0.220099667
3,pgadmin,7.356,settle,66180,11556525242446,pgAdmin 4 Helper,278840352,0.296965458
3,pgadmin,7.356,settle,66206,11556619331554,pgAdmin 4 Helper (Renderer),271255352,1.934508292
3,pgadmin,7.356,settle,66183,11556529538891,Python,161727256,3.306576708
3,pgadmin,7.356,settle,66177,11556512640098,pgAdmin 4,63096584,0.673761458
3,pgadmin,7.356,settle,66223,11556666832051,com.apple.SafariPlatformSupport,9798256,0.117519750
3,pgadmin,7.356,settle,66181,11556525403134,pgAdmin 4 Helper,8700768,0.220099667
3,pgadmin,7.611,settle,66206,11556619331554,pgAdmin 4 Helper (Renderer),271337272,1.962814333
3,pgadmin,7.611,settle,66180,11556525242446,pgAdmin 4 Helper,247399456,0.310134583
3,pgadmin,7.611,settle,66183,11556529538891,Python,161727256,3.306666500
3,pgadmin,7.611,settle,66177,11556512640098,pgAdmin 4,63096584,0.673996042
3,pgadmin,7.611,settle,66223,11556666832051,com.apple.SafariPlatformSupport,9798256,0.117519750
3,pgadmin,7.611,settle,66181,11556525403134,pgAdmin 4 Helper,8700768,0.220099667
3,pgadmin,7.866,settle,66206,11556619331554,pgAdmin 4 Helper (Renderer),271320888,1.988793083
3,pgadmin,7.866,settle,66180,11556525242446,pgAdmin 4 Helper,247317536,0.319297833
3,pgadmin,7.866,settle,66183,11556529538891,Python,161727256,3.306666500
3,pgadmin,7.866,settle,66177,11556512640098,pgAdmin 4,63211272,0.693179292
3,pgadmin,7.866,settle,66223,11556666832051,com.apple.SafariPlatformSupport,9798256,0.117692042
3,pgadmin,7.866,settle,66181,11556525403134,pgAdmin 4 Helper,8700768,0.220099667
3,pgadmin,8.122,settle,66206,11556619331554,pgAdmin 4 Helper (Renderer),274220856,2.034208333
3,pgadmin,8.122,settle,66180,11556525242446,pgAdmin 4 Helper,247333920,0.326247583
3,pgadmin,8.122,settle,66183,11556529538891,Python,161727256,3.316235042
3,pgadmin,8.122,settle,66177,11556512640098,pgAdmin 4,63227656,0.694890375
3,pgadmin,8.122,settle,66223,11556666832051,com.apple.SafariPlatformSupport,9798256,0.117692042
3,pgadmin,8.122,settle,66181,11556525403134,pgAdmin 4 Helper,8700768,0.225350333
3,pgadmin,8.372,settle,66206,11556619331554,pgAdmin 4 Helper (Renderer),274319160,2.061762250
3,pgadmin,8.372,settle,66180,11556525242446,pgAdmin 4 Helper,247301152,0.334902625
3,pgadmin,8.372,settle,66183,11556529538891,Python,161727256,3.316235042
3,pgadmin,8.372,settle,66177,11556512640098,pgAdmin 4,63227656,0.694890375
3,pgadmin,8.372,settle,66223,11556666832051,com.apple.SafariPlatformSupport,9798256,0.117692042
3,pgadmin,8.372,settle,66181,11556525403134,pgAdmin 4 Helper,8700768,0.225350333
3,pgadmin,8.627,settle,66206,11556619331554,pgAdmin 4 Helper (Renderer),274401080,2.083495542
3,pgadmin,8.627,settle,66180,11556525242446,pgAdmin 4 Helper,247301152,0.342245000
3,pgadmin,8.627,settle,66183,11556529538891,Python,161727256,3.316302375
3,pgadmin,8.627,settle,66177,11556512640098,pgAdmin 4,63227656,0.696206708
3,pgadmin,8.627,settle,66223,11556666832051,com.apple.SafariPlatformSupport,9798256,0.117794875
3,pgadmin,8.627,settle,66181,11556525403134,pgAdmin 4 Helper,8700768,0.225350333
3,pgadmin,8.879,settle,66206,11556619331554,pgAdmin 4 Helper (Renderer),274483000,2.112726042
3,pgadmin,8.879,settle,66180,11556525242446,pgAdmin 4 Helper,247317536,0.353047250
3,pgadmin,8.879,settle,66183,11556529538891,Python,161727256,3.316302375
3,pgadmin,8.879,settle,66177,11556512640098,pgAdmin 4,63227656,0.696206708
3,pgadmin,8.879,settle,66223,11556666832051,com.apple.SafariPlatformSupport,9798256,0.117868792
3,pgadmin,8.879,settle,66181,11556525403134,pgAdmin 4 Helper,8700768,0.225350333
3,pgadmin,9.134,settle,66206,11556619331554,pgAdmin 4 Helper (Renderer),274597688,2.142378542
3,pgadmin,9.134,settle,66180,11556525242446,pgAdmin 4 Helper,247317536,0.360045292
3,pgadmin,9.134,settle,66183,11556529538891,Python,161727256,3.316396500
3,pgadmin,9.134,settle,66177,11556512640098,pgAdmin 4,63227656,0.696206708
3,pgadmin,9.134,settle,66223,11556666832051,com.apple.SafariPlatformSupport,9798256,0.117868792
3,pgadmin,9.134,settle,66181,11556525403134,pgAdmin 4 Helper,8700768,0.225350333
3,pgadmin,9.390,settle,66206,11556619331554,pgAdmin 4 Helper (Renderer),274695992,2.171031750
3,pgadmin,9.390,settle,66180,11556525242446,pgAdmin 4 Helper,247301152,0.369594625
3,pgadmin,9.390,settle,66183,11556529538891,Python,161727256,3.316396500
3,pgadmin,9.390,settle,66177,11556512640098,pgAdmin 4,63227656,0.696206708
3,pgadmin,9.390,settle,66223,11556666832051,com.apple.SafariPlatformSupport,9798256,0.117868792
3,pgadmin,9.390,settle,66181,11556525403134,pgAdmin 4 Helper,8700768,0.225350333
3,pgadmin,9.641,query,66206,11556619331554,pgAdmin 4 Helper (Renderer),274745144,2.191798125
3,pgadmin,9.641,query,66180,11556525242446,pgAdmin 4 Helper,247301152,0.374809917
3,pgadmin,9.641,query,66183,11556529538891,Python,161727256,3.316442958
3,pgadmin,9.641,query,66177,11556512640098,pgAdmin 4,63162120,0.696685083
3,pgadmin,9.641,query,66223,11556666832051,com.apple.SafariPlatformSupport,9798256,0.118041542
3,pgadmin,9.641,query,66181,11556525403134,pgAdmin 4 Helper,8700768,0.225350333
3,pgadmin,9.896,query,66206,11556619331554,pgAdmin 4 Helper (Renderer),274810680,2.213482208
3,pgadmin,9.896,query,66180,11556525242446,pgAdmin 4 Helper,247333920,0.383114208
3,pgadmin,9.896,query,66183,11556529538891,Python,161727256,3.316442958
3,pgadmin,9.896,query,66177,11556512640098,pgAdmin 4,63162120,0.696730750
3,pgadmin,9.896,query,66223,11556666832051,com.apple.SafariPlatformSupport,9798256,0.118041542
3,pgadmin,9.896,query,66181,11556525403134,pgAdmin 4 Helper,8700768,0.225350333
3,pgadmin,10.151,query,66206,11556619331554,pgAdmin 4 Helper (Renderer),279005008,2.276909458
3,pgadmin,10.151,query,66180,11556525242446,pgAdmin 4 Helper,247317536,0.389290583
3,pgadmin,10.151,query,66183,11556529538891,Python,161727256,3.326380750
3,pgadmin,10.151,query,66177,11556512640098,pgAdmin 4,63162120,0.698183125
3,pgadmin,10.151,query,66223,11556666832051,com.apple.SafariPlatformSupport,9798256,0.118041542
3,pgadmin,10.151,query,66181,11556525403134,pgAdmin 4 Helper,8700768,0.230959958
3,pgadmin,10.406,query,66206,11556619331554,pgAdmin 4 Helper (Renderer),279136080,2.304847333
3,pgadmin,10.406,query,66180,11556525242446,pgAdmin 4 Helper,247317536,0.398190875
3,pgadmin,10.406,query,66183,11556529538891,Python,161727256,3.326380750
3,pgadmin,10.406,query,66177,11556512640098,pgAdmin 4,63162120,0.698183125
3,pgadmin,10.406,query,66223,11556666832051,com.apple.SafariPlatformSupport,9798256,0.118041542
3,pgadmin,10.406,query,66181,11556525403134,pgAdmin 4 Helper,8700768,0.230959958
3,pgadmin,10.661,query,66206,11556619331554,pgAdmin 4 Helper (Renderer),279267152,2.332828125
3,pgadmin,10.661,query,66180,11556525242446,pgAdmin 4 Helper,247301152,0.406866708
3,pgadmin,10.661,query,66183,11556529538891,Python,161661696,3.326626292
3,pgadmin,10.661,query,66177,11556512640098,pgAdmin 4,63162120,0.698472375
3,pgadmin,10.661,query,66223,11556666832051,com.apple.SafariPlatformSupport,9798256,0.118041542
3,pgadmin,10.661,query,66181,11556525403134,pgAdmin 4 Helper,8700768,0.230959958
3,pgadmin,10.912,query,66206,11556619331554,pgAdmin 4 Helper (Renderer),279430992,2.358005000
3,pgadmin,10.912,query,66180,11556525242446,pgAdmin 4 Helper,247301152,0.414664250
3,pgadmin,10.912,query,66183,11556529538891,Python,161710848,3.327488417
3,pgadmin,10.912,query,66177,11556512640098,pgAdmin 4,63162120,0.698472375
3,pgadmin,10.912,query,66223,11556666832051,com.apple.SafariPlatformSupport,9798256,0.118327625
3,pgadmin,10.912,query,66181,11556525403134,pgAdmin 4 Helper,8700768,0.230959958
3,pgadmin,11.167,query,66206,11556619331554,pgAdmin 4 Helper (Renderer),279611216,2.386757875
3,pgadmin,11.167,query,66183,11556529538891,Python,161710848,3.327575375
3,pgadmin,11.167,query,66180,11556525242446,pgAdmin 4 Helper,149488672,0.433478750
3,pgadmin,11.167,query,66177,11556512640098,pgAdmin 4,63080200,0.699172958
3,pgadmin,11.167,query,66223,11556666832051,com.apple.SafariPlatformSupport,9798256,0.118327625
3,pgadmin,11.167,query,66181,11556525403134,pgAdmin 4 Helper,8700768,0.230959958
3,pgadmin,11.422,query,66206,11556619331554,pgAdmin 4 Helper (Renderer),279758672,2.411419875
3,pgadmin,11.422,query,66183,11556529538891,Python,161710848,3.327575375
3,pgadmin,11.422,query,66180,11556525242446,pgAdmin 4 Helper,104367136,0.448495625
3,pgadmin,11.422,query,66177,11556512640098,pgAdmin 4,63080200,0.699434375
3,pgadmin,11.422,query,66223,11556666832051,com.apple.SafariPlatformSupport,9798256,0.118327625
3,pgadmin,11.422,query,66181,11556525403134,pgAdmin 4 Helper,8700768,0.230959958
3,pgadmin,11.673,query,66206,11556619331554,pgAdmin 4 Helper (Renderer),279873360,2.437218708
3,pgadmin,11.673,query,66183,11556529538891,Python,161710848,3.327675583
3,pgadmin,11.673,query,66180,11556525242446,pgAdmin 4 Helper,104383520,0.455740750
3,pgadmin,11.673,query,66177,11556512640098,pgAdmin 4,63080200,0.700060292
3,pgadmin,11.673,query,66223,11556666832051,com.apple.SafariPlatformSupport,9798256,0.118917583
3,pgadmin,11.673,query,66181,11556525403134,pgAdmin 4 Helper,8700768,0.230959958
3,pgadmin,11.928,query,66206,11556619331554,pgAdmin 4 Helper (Renderer),280020816,2.465446625
3,pgadmin,11.928,query,66183,11556529538891,Python,161710848,3.327675583
3,pgadmin,11.928,query,66180,11556525242446,pgAdmin 4 Helper,104350752,0.464534083
3,pgadmin,11.928,query,66177,11556512640098,pgAdmin 4,63080200,0.700060292
3,pgadmin,11.928,query,66223,11556666832051,com.apple.SafariPlatformSupport,9798256,0.118917583
3,pgadmin,11.928,query,66181,11556525403134,pgAdmin 4 Helper,8700768,0.230959958
3,pgadmin,12.182,query,66206,11556619331554,pgAdmin 4 Helper (Renderer),282838864,2.504242458
3,pgadmin,12.182,query,66183,11556529538891,Python,161710848,3.337377000
3,pgadmin,12.182,query,66180,11556525242446,pgAdmin 4 Helper,104350752,0.469985458
3,pgadmin,12.182,query,66177,11556512640098,pgAdmin 4,63080200,0.701299083
3,pgadmin,12.182,query,66223,11556666832051,com.apple.SafariPlatformSupport,9798256,0.118917583
3,pgadmin,12.182,query,66181,11556525403134,pgAdmin 4 Helper,8700768,0.236058958
3,pgadmin,12.433,query,66206,11556619331554,pgAdmin 4 Helper (Renderer),282986320,2.532231167
3,pgadmin,12.433,query,66183,11556529538891,Python,161710848,3.337377000
3,pgadmin,12.433,query,66180,11556525242446,pgAdmin 4 Helper,104367136,0.479561917
3,pgadmin,12.433,query,66177,11556512640098,pgAdmin 4,63080200,0.701299083
3,pgadmin,12.433,query,66223,11556666832051,com.apple.SafariPlatformSupport,9781872,0.119303083
3,pgadmin,12.433,query,66181,11556525403134,pgAdmin 4 Helper,8700768,0.236058958
3,pgadmin,12.688,query,66206,11556619331554,pgAdmin 4 Helper (Renderer),283133776,2.561084708
3,pgadmin,12.688,query,66183,11556529538891,Python,161710848,3.337464708
3,pgadmin,12.688,query,66180,11556525242446,pgAdmin 4 Helper,104367136,0.486640917
3,pgadmin,12.688,query,66177,11556512640098,pgAdmin 4,63080200,0.701299083
3,pgadmin,12.688,query,66223,11556666832051,com.apple.SafariPlatformSupport,9781872,0.119303083
3,pgadmin,12.688,query,66181,11556525403134,pgAdmin 4 Helper,8700768,0.236058958
3,pgadmin,12.943,query,66206,11556619331554,pgAdmin 4 Helper (Renderer),283297616,2.580375583
3,pgadmin,12.943,query,66183,11556529538891,Python,161710848,3.337464708
3,pgadmin,12.943,query,66180,11556525242446,pgAdmin 4 Helper,104350752,0.494274625
3,pgadmin,12.943,query,66177,11556512640098,pgAdmin 4,63063816,0.702993375
3,pgadmin,12.943,query,66223,11556666832051,com.apple.SafariPlatformSupport,9781872,0.119303083
3,pgadmin,12.943,query,66181,11556525403134,pgAdmin 4 Helper,8700768,0.236110000
3,pgadmin,13.197,query,66206,11556619331554,pgAdmin 4 Helper (Renderer),283428688,2.603912708
3,pgadmin,13.197,query,66183,11556529538891,Python,161710848,3.337543875
3,pgadmin,13.197,query,66180,11556525242446,pgAdmin 4 Helper,104334368,0.500016958
3,pgadmin,13.197,query,66177,11556512640098,pgAdmin 4,63063816,0.702993375
3,pgadmin,13.197,query,66223,11556666832051,com.apple.SafariPlatformSupport,9781872,0.119303083
3,pgadmin,13.197,query,66181,11556525403134,pgAdmin 4 Helper,8700768,0.236110000
3,pgadmin,13.449,query,66206,11556619331554,pgAdmin 4 Helper (Renderer),283576144,2.628969750
3,pgadmin,13.449,query,66183,11556529538891,Python,161710848,3.337543875
3,pgadmin,13.449,query,66180,11556525242446,pgAdmin 4 Helper,104334368,0.507990083
3,pgadmin,13.449,query,66177,11556512640098,pgAdmin 4,63063816,0.702993375
3,pgadmin,13.449,query,66223,11556666832051,com.apple.SafariPlatformSupport,9781872,0.119303083
3,pgadmin,13.449,query,66181,11556525403134,pgAdmin 4 Helper,8700768,0.236110000
3,pgadmin,13.699,query,66206,11556619331554,pgAdmin 4 Helper (Renderer),283690832,2.653374500
3,pgadmin,13.699,query,66183,11556529538891,Python,161710848,3.337626833
3,pgadmin,13.699,query,66180,11556525242446,pgAdmin 4 Helper,104350752,0.516807000
3,pgadmin,13.699,query,66177,11556512640098,pgAdmin 4,63063816,0.702993375
3,pgadmin,13.699,query,66223,11556666832051,com.apple.SafariPlatformSupport,9781872,0.119303083
3,pgadmin,13.699,query,66181,11556525403134,pgAdmin 4 Helper,8700768,0.236110000
3,pgadmin,13.954,query,66206,11556619331554,pgAdmin 4 Helper (Renderer),283821904,2.677962625
3,pgadmin,13.954,query,66183,11556529538891,Python,161710848,3.337626833
3,pgadmin,13.954,query,66180,11556525242446,pgAdmin 4 Helper,104350752,0.524198458
3,pgadmin,13.954,query,66177,11556512640098,pgAdmin 4,63063816,0.702993375
3,pgadmin,13.954,query,66223,11556666832051,com.apple.SafariPlatformSupport,9781872,0.119303083
3,pgadmin,13.954,query,66181,11556525403134,pgAdmin 4 Helper,8700768,0.236110000
3,pgadmin,14.210,query,66206,11556619331554,pgAdmin 4 Helper (Renderer),294094672,2.738140500
3,pgadmin,14.210,query,66183,11556529538891,Python,161710848,3.347428833
3,pgadmin,14.210,query,66180,11556525242446,pgAdmin 4 Helper,104334368,0.530257000
3,pgadmin,14.210,query,66177,11556512640098,pgAdmin 4,63063816,0.704016917
3,pgadmin,14.210,query,66223,11556666832051,com.apple.SafariPlatformSupport,9781872,0.119303083
3,pgadmin,14.210,query,66181,11556525403134,pgAdmin 4 Helper,8700768,0.239913375
3,pgadmin,14.460,query,66206,11556619331554,pgAdmin 4 Helper (Renderer),294242128,2.761716708
3,pgadmin,14.460,query,66183,11556529538891,Python,161710848,3.347428833
3,pgadmin,14.460,query,66180,11556525242446,pgAdmin 4 Helper,104334368,0.537547625
3,pgadmin,14.460,query,66177,11556512640098,pgAdmin 4,63063816,0.704016917
3,pgadmin,14.460,query,66223,11556666832051,com.apple.SafariPlatformSupport,9781872,0.119303083
3,pgadmin,14.460,query,66181,11556525403134,pgAdmin 4 Helper,8700768,0.239913375
3,pgadmin,14.715,query,66206,11556619331554,pgAdmin 4 Helper (Renderer),294405968,2.781485958
3,pgadmin,14.715,query,66183,11556529538891,Python,161710848,3.347485333
3,pgadmin,14.715,query,66180,11556525242446,pgAdmin 4 Helper,104367136,0.544055458
3,pgadmin,14.715,query,66177,11556512640098,pgAdmin 4,63063816,0.704339542
3,pgadmin,14.715,query,66223,11556666832051,com.apple.SafariPlatformSupport,9781872,0.119303083
3,pgadmin,14.715,query,66181,11556525403134,pgAdmin 4 Helper,8700768,0.239913375
3,pgadmin,14.970,query,66206,11556619331554,pgAdmin 4 Helper (Renderer),294537040,2.805222458
3,pgadmin,14.970,query,66183,11556529538891,Python,161710848,3.347485333
3,pgadmin,14.970,query,66180,11556525242446,pgAdmin 4 Helper,104350752,0.551113458
3,pgadmin,14.970,query,66177,11556512640098,pgAdmin 4,63063816,0.704399458
3,pgadmin,14.970,query,66223,11556666832051,com.apple.SafariPlatformSupport,9781872,0.119303083
3,pgadmin,14.970,query,66181,11556525403134,pgAdmin 4 Helper,8700768,0.239913375
3,pgadmin,15.224,query,66206,11556619331554,pgAdmin 4 Helper (Renderer),294700880,2.824925458
3,pgadmin,15.224,query,66183,11556529538891,Python,161710848,3.347557875
3,pgadmin,15.224,query,66180,11556525242446,pgAdmin 4 Helper,104350752,0.556162417
3,pgadmin,15.224,query,66177,11556512640098,pgAdmin 4,63063816,0.704399458
3,pgadmin,15.224,query,66223,11556666832051,com.apple.SafariPlatformSupport,9781872,0.119303083
3,pgadmin,15.224,query,66181,11556525403134,pgAdmin 4 Helper,8700768,0.239913375
3,pgadmin,15.480,query,66206,11556619331554,pgAdmin 4 Helper (Renderer),294848336,2.848191875
3,pgadmin,15.480,query,66183,11556529538891,Python,161710848,3.347557875
3,pgadmin,15.480,query,66180,11556525242446,pgAdmin 4 Helper,104334368,0.563767458
3,pgadmin,15.480,query,66177,11556512640098,pgAdmin 4,63063816,0.704399458
3,pgadmin,15.480,query,66223,11556666832051,com.apple.SafariPlatformSupport,9781872,0.119303083
3,pgadmin,15.480,query,66181,11556525403134,pgAdmin 4 Helper,8700768,0.239913375
3,pgadmin,15.735,query,66206,11556619331554,pgAdmin 4 Helper (Renderer),294963024,2.870051833
3,pgadmin,15.735,query,66183,11556529538891,Python,161710848,3.347617542
3,pgadmin,15.735,query,66180,11556525242446,pgAdmin 4 Helper,104334368,0.569152167
3,pgadmin,15.735,query,66177,11556512640098,pgAdmin 4,63063816,0.705735875
3,pgadmin,15.735,query,66223,11556666832051,com.apple.SafariPlatformSupport,9781872,0.119303083
3,pgadmin,15.735,query,66181,11556525403134,pgAdmin 4 Helper,8700768,0.239913375
3,pgadmin,15.985,query,66206,11556619331554,pgAdmin 4 Helper (Renderer),309495632,3.055222875
3,pgadmin,15.985,query,66180,11556525242446,pgAdmin 4 Helper,174081056,0.602600750
3,pgadmin,15.985,query,66183,11556529538891,Python,163562240,3.380799500
3,pgadmin,15.985,query,66177,11556512640098,pgAdmin 4,62539528,0.729985583
3,pgadmin,15.985,query,66223,11556666832051,com.apple.SafariPlatformSupport,9716336,0.119759375
3,pgadmin,15.985,query,66181,11556525403134,pgAdmin 4 Helper,8700768,0.246522500
3,pgadmin,16.240,query,66206,11556619331554,pgAdmin 4 Helper (Renderer),311347024,3.080804625
3,pgadmin,16.240,query,66180,11556525242446,pgAdmin 4 Helper,175359008,0.613940750
3,pgadmin,16.240,query,66183,11556529538891,Python,163562240,3.380799500
3,pgadmin,16.240,query,66177,11556512640098,pgAdmin 4,63833864,0.734311833
3,pgadmin,16.240,query,66223,11556666832051,com.apple.SafariPlatformSupport,9716336,0.119759375
3,pgadmin,16.240,query,66181,11556525403134,pgAdmin 4 Helper,8700768,0.246522500
3,pgadmin,16.495,query,66206,11556619331554,pgAdmin 4 Helper (Renderer),311592784,3.107785958
3,pgadmin,16.495,query,66180,11556525242446,pgAdmin 4 Helper,175490080,0.624420417
3,pgadmin,16.495,query,66183,11556529538891,Python,163562240,3.380849042
3,pgadmin,16.495,query,66177,11556512640098,pgAdmin 4,63833864,0.735175458
3,pgadmin,16.495,query,66223,11556666832051,com.apple.SafariPlatformSupport,9716336,0.119759375
3,pgadmin,16.495,query,66181,11556525403134,pgAdmin 4 Helper,8700768,0.246522500
3,pgadmin,16.753,query,66206,11556619331554,pgAdmin 4 Helper (Renderer),311658320,3.127467833
3,pgadmin,16.753,query,66180,11556525242446,pgAdmin 4 Helper,175490080,0.630790208
3,pgadmin,16.753,query,66183,11556529538891,Python,163562240,3.380849042
3,pgadmin,16.753,query,66177,11556512640098,pgAdmin 4,63833864,0.735504750
3,pgadmin,16.753,query,66223,11556666832051,com.apple.SafariPlatformSupport,9716336,0.119759375
3,pgadmin,16.753,query,66181,11556525403134,pgAdmin 4 Helper,8700768,0.246522500
3,pgadmin,17.007,query,66206,11556619331554,pgAdmin 4 Helper (Renderer),311756624,3.141811083
3,pgadmin,17.007,query,66180,11556525242446,pgAdmin 4 Helper,175490080,0.635983125
3,pgadmin,17.007,query,66183,11556529538891,Python,163562240,3.380941250
3,pgadmin,17.007,query,66177,11556512640098,pgAdmin 4,63866632,0.735797125
3,pgadmin,17.007,query,66223,11556666832051,com.apple.SafariPlatformSupport,9716336,0.119759375
3,pgadmin,17.007,query,66181,11556525403134,pgAdmin 4 Helper,8700768,0.246522500
3,pgadmin,17.258,query,66206,11556619331554,pgAdmin 4 Helper (Renderer),311805776,3.158723917
3,pgadmin,17.258,query,66180,11556525242446,pgAdmin 4 Helper,173392928,0.641476833
3,pgadmin,17.258,query,66183,11556529538891,Python,163562240,3.380941250
3,pgadmin,17.258,query,66177,11556512640098,pgAdmin 4,63866632,0.735797125
3,pgadmin,17.258,query,66223,11556666832051,com.apple.SafariPlatformSupport,9716336,0.119915333
3,pgadmin,17.258,query,66181,11556525403134,pgAdmin 4 Helper,8700768,0.246522500
3,pgadmin,17.513,query,66206,11556619331554,pgAdmin 4 Helper (Renderer),313935696,3.210310875
3,pgadmin,17.513,query,66180,11556525242446,pgAdmin 4 Helper,186467360,0.664282208
3,pgadmin,17.513,query,66183,11556529538891,Python,163562240,3.381028500
3,pgadmin,17.513,query,66177,11556512640098,pgAdmin 4,64489224,0.743298833
3,pgadmin,17.513,query,66223,11556666832051,com.apple.SafariPlatformSupport,9716336,0.119915333
3,pgadmin,17.513,query,66181,11556525403134,pgAdmin 4 Helper,8700768,0.246522500
3,pgadmin,17.765,query,66206,11556619331554,pgAdmin 4 Helper (Renderer),325650256,3.368065875
3,pgadmin,17.765,query,66180,11556525242446,pgAdmin 4 Helper,229753912,0.717120708
3,pgadmin,17.765,query,66183,11556529538891,Python,163562240,3.381028500
3,pgadmin,17.765,query,66177,11556512640098,pgAdmin 4,65160968,0.756572542
3,pgadmin,17.765,query,66223,11556666832051,com.apple.SafariPlatformSupport,9716336,0.119915333
3,pgadmin,17.765,query,66181,11556525403134,pgAdmin 4 Helper,8700768,0.246522500
3,pgadmin,18.020,query,66206,11556619331554,pgAdmin 4 Helper (Renderer),335775592,3.495621667
3,pgadmin,18.020,query,66180,11556525242446,pgAdmin 4 Helper,230130744,0.743671833
3,pgadmin,18.020,query,66183,11556529538891,Python,163562240,3.385850875
3,pgadmin,18.020,query,66177,11556512640098,pgAdmin 4,65210120,0.770375458
3,pgadmin,18.020,query,66223,11556666832051,com.apple.SafariPlatformSupport,9716336,0.119915333
3,pgadmin,18.020,query,66181,11556525403134,pgAdmin 4 Helper,8700768,0.248434708
3,pgadmin,18.274,query,66206,11556619331554,pgAdmin 4 Helper (Renderer),340772712,3.591889875
3,pgadmin,18.274,query,66180,11556525242446,pgAdmin 4 Helper,230163512,0.773741417
3,pgadmin,18.274,query,66183,11556529538891,Python,163562240,3.385850875
3,pgadmin,18.274,query,66177,11556512640098,pgAdmin 4,65242888,0.783081000
3,pgadmin,18.274,query,66223,11556666832051,com.apple.SafariPlatformSupport,9716336,0.119915333
3,pgadmin,18.274,query,66181,11556525403134,pgAdmin 4 Helper,8700768,0.248434708
3,pgadmin,18.524,query,66206,11556619331554,pgAdmin 4 Helper (Renderer),347457384,3.694475542
3,pgadmin,18.524,query,66180,11556525242446,pgAdmin 4 Helper,228901944,0.804453042
3,pgadmin,18.524,query,66183,11556529538891,Python,163562240,3.385892167
3,pgadmin,18.524,query,66177,11556512640098,pgAdmin 4,65259272,0.796109000
3,pgadmin,18.524,query,66223,11556666832051,com.apple.SafariPlatformSupport,9716336,0.119915333
3,pgadmin,18.524,query,66181,11556525403134,pgAdmin 4 Helper,8700768,0.248434708
3,pgadmin,18.778,query,66206,11556619331554,pgAdmin 4 Helper (Renderer),350062440,3.743727833
3,pgadmin,18.778,query,66180,11556525242446,pgAdmin 4 Helper,228918328,0.822104875
3,pgadmin,18.778,query,66183,11556529538891,Python,163562240,3.385892167
3,pgadmin,18.778,query,66177,11556512640098,pgAdmin 4,65275656,0.805769000
3,pgadmin,18.778,query,66223,11556666832051,com.apple.SafariPlatformSupport,9716336,0.119915333
3,pgadmin,18.778,query,66181,11556525403134,pgAdmin 4 Helper,8700768,0.248434708
3,pgadmin,19.033,query,66206,11556619331554,pgAdmin 4 Helper (Renderer),359024488,3.863126250
3,pgadmin,19.033,query,66180,11556525242446,pgAdmin 4 Helper,238289952,0.861274708
3,pgadmin,19.033,query,66183,11556529538891,Python,163562240,3.385923500
3,pgadmin,19.033,query,66177,11556512640098,pgAdmin 4,65308424,0.818990083
3,pgadmin,19.033,query,66223,11556666832051,com.apple.SafariPlatformSupport,9716336,0.119915333
3,pgadmin,19.033,query,66181,11556525403134,pgAdmin 4 Helper,8700768,0.248434708
3,pgadmin,19.288,query,66206,11556619331554,pgAdmin 4 Helper (Renderer),361334632,3.937945625
3,pgadmin,19.288,query,66180,11556525242446,pgAdmin 4 Helper,238978080,0.887339250
3,pgadmin,19.288,query,66183,11556529538891,Python,163562240,3.385923500
3,pgadmin,19.288,query,66177,11556512640098,pgAdmin 4,65308424,0.834865875
3,pgadmin,19.288,query,66223,11556666832051,com.apple.SafariPlatformSupport,9716336,0.119915333
3,pgadmin,19.288,query,66181,11556525403134,pgAdmin 4 Helper,8700768,0.248434708
3,pgadmin,19.542,query,66206,11556619331554,pgAdmin 4 Helper (Renderer),370247528,4.079241042
3,pgadmin,19.542,query,66180,11556525242446,pgAdmin 4 Helper,238978080,0.933719750
3,pgadmin,19.542,query,66183,11556529538891,Python,163562240,3.385952750
3,pgadmin,19.542,query,66177,11556512640098,pgAdmin 4,65373960,0.848962125
3,pgadmin,19.542,query,66223,11556666832051,com.apple.SafariPlatformSupport,9716336,0.119915333
3,pgadmin,19.542,query,66181,11556525403134,pgAdmin 4 Helper,8700768,0.248434708
3,pgadmin,19.796,query,66206,11556619331554,pgAdmin 4 Helper (Renderer),374540160,4.141250917
3,pgadmin,19.796,query,66180,11556525242446,pgAdmin 4 Helper,238978080,0.950840083
3,pgadmin,19.796,query,66183,11556529538891,Python,163562240,3.385952750
3,pgadmin,19.796,query,66177,11556512640098,pgAdmin 4,65390344,0.859375625
3,pgadmin,19.796,query,66223,11556666832051,com.apple.SafariPlatformSupport,9716336,0.119915333
3,pgadmin,19.796,query,66181,11556525403134,pgAdmin 4 Helper,8700768,0.248434708
3,pgadmin,20.049,query,66206,11556619331554,pgAdmin 4 Helper (Renderer),385976216,4.293000833
3,pgadmin,20.049,query,66180,11556525242446,pgAdmin 4 Helper,238978080,0.998388667
3,pgadmin,20.049,query,66183,11556529538891,Python,163562240,3.389783292
3,pgadmin,20.049,query,66177,11556512640098,pgAdmin 4,65406728,0.875633083
3,pgadmin,20.049,query,66223,11556666832051,com.apple.SafariPlatformSupport,9716336,0.119915333
3,pgadmin,20.049,query,66181,11556525403134,pgAdmin 4 Helper,8700768,0.250242333
3,pgadmin,20.304,query,66206,11556619331554,pgAdmin 4 Helper (Renderer),391464856,4.374552792
3,pgadmin,20.304,query,66180,11556525242446,pgAdmin 4 Helper,238978080,1.024452208
3,pgadmin,20.304,query,66183,11556529538891,Python,163562240,3.389783292
3,pgadmin,20.304,query,66177,11556512640098,pgAdmin 4,65439496,0.886582875
3,pgadmin,20.304,query,66223,11556666832051,com.apple.SafariPlatformSupport,9716336,0.119915333
3,pgadmin,20.304,query,66181,11556525403134,pgAdmin 4 Helper,8700768,0.250242333
3,pgadmin,20.558,query,66206,11556619331554,pgAdmin 4 Helper (Renderer),387663768,4.449558208
3,pgadmin,20.558,query,66180,11556525242446,pgAdmin 4 Helper,238978080,1.046570417
3,pgadmin,20.558,query,66183,11556529538891,Python,163562240,3.389840875
3,pgadmin,20.558,query,66177,11556512640098,pgAdmin 4,65439496,0.903743167
3,pgadmin,20.558,query,66223,11556666832051,com.apple.SafariPlatformSupport,9716336,0.119915333
3,pgadmin,20.558,query,66181,11556525403134,pgAdmin 4 Helper,8700768,0.250242333
3,pgadmin,20.808,query,66206,11556619331554,pgAdmin 4 Helper (Renderer),394004376,4.557739042
3,pgadmin,20.808,query,66180,11556525242446,pgAdmin 4 Helper,239207456,1.084433875
3,pgadmin,20.808,query,66183,11556529538891,Python,163562240,3.389840875
3,pgadmin,20.808,query,66177,11556512640098,pgAdmin 4,65472264,0.918958917
3,pgadmin,20.808,query,66223,11556666832051,com.apple.SafariPlatformSupport,9716336,0.119915333
3,pgadmin,20.808,query,66181,11556525403134,pgAdmin 4 Helper,8700768,0.250242333
3,pgadmin,21.063,query,66206,11556619331554,pgAdmin 4 Helper (Renderer),406996888,4.675261208
3,pgadmin,21.063,query,66180,11556525242446,pgAdmin 4 Helper,227197984,1.117716208
3,pgadmin,21.063,query,66183,11556529538891,Python,163562240,3.389880417
3,pgadmin,21.063,query,66177,11556512640098,pgAdmin 4,65423112,0.935812167
3,pgadmin,21.063,query,66223,11556666832051,com.apple.SafariPlatformSupport,9716336,0.119915333
3,pgadmin,21.063,query,66181,11556525403134,pgAdmin 4 Helper,8700768,0.250242333
3,pgadmin,21.319,query,66206,11556619331554,pgAdmin 4 Helper (Renderer),406505368,4.770765792
3,pgadmin,21.319,query,66180,11556525242446,pgAdmin 4 Helper,227951648,1.145969583
3,pgadmin,21.319,query,66183,11556529538891,Python,163562240,3.389880417
3,pgadmin,21.319,query,66177,11556512640098,pgAdmin 4,65341192,0.950792167
3,pgadmin,21.319,query,66223,11556666832051,com.apple.SafariPlatformSupport,9716336,0.119915333
3,pgadmin,21.319,query,66181,11556525403134,pgAdmin 4 Helper,8700768,0.250242333
3,pgadmin,21.573,query,66206,11556619331554,pgAdmin 4 Helper (Renderer),408094616,5.148596500
3,pgadmin,21.573,query,66180,11556525242446,pgAdmin 4 Helper,228738080,1.177021417
3,pgadmin,21.573,query,66183,11556529538891,Python,163562240,3.389907125
3,pgadmin,21.573,query,66177,11556512640098,pgAdmin 4,65357576,0.963449708
3,pgadmin,21.573,query,66223,11556666832051,com.apple.SafariPlatformSupport,9716336,0.119915333
3,pgadmin,21.573,query,66181,11556525403134,pgAdmin 4 Helper,8700768,0.250242333
3,pgadmin,21.826,query,66206,11556619331554,pgAdmin 4 Helper (Renderer),408373144,5.234755583
3,pgadmin,21.826,query,66180,11556525242446,pgAdmin 4 Helper,228852768,1.203853458
3,pgadmin,21.826,query,66183,11556529538891,Python,163562240,3.389907125
3,pgadmin,21.826,query,66177,11556512640098,pgAdmin 4,65357576,0.975333333
3,pgadmin,21.826,query,66223,11556666832051,com.apple.SafariPlatformSupport,9716336,0.119915333
3,pgadmin,21.826,query,66181,11556525403134,pgAdmin 4 Helper,8700768,0.250242333
3,pgadmin,22.081,query,66206,11556619331554,pgAdmin 4 Helper (Renderer),412682136,5.318851083
3,pgadmin,22.081,query,66180,11556525242446,pgAdmin 4 Helper,228852768,1.216993458
3,pgadmin,22.081,query,66183,11556529538891,Python,163562240,3.399307083
3,pgadmin,22.081,query,66177,11556512640098,pgAdmin 4,65357576,0.983884125
3,pgadmin,22.081,query,66223,11556666832051,com.apple.SafariPlatformSupport,9716336,0.119915333
3,pgadmin,22.081,query,66181,11556525403134,pgAdmin 4 Helper,8700768,0.255266708
3,pgadmin,22.336,query,66206,11556619331554,pgAdmin 4 Helper (Renderer),413697944,5.448892958
3,pgadmin,22.336,query,66180,11556525242446,pgAdmin 4 Helper,228852768,1.248206708
3,pgadmin,22.336,query,66183,11556529538891,Python,163562240,3.399307083
3,pgadmin,22.336,query,66177,11556512640098,pgAdmin 4,65357576,0.999746125
3,pgadmin,22.336,query,66223,11556666832051,com.apple.SafariPlatformSupport,9716336,0.119915333
3,pgadmin,22.336,query,66181,11556525403134,pgAdmin 4 Helper,8700768,0.255266708
3,pgadmin,22.592,query,66206,11556619331554,pgAdmin 4 Helper (Renderer),413697944,5.508468250
3,pgadmin,22.592,query,66180,11556525242446,pgAdmin 4 Helper,228836384,1.264063792
3,pgadmin,22.592,query,66183,11556529538891,Python,163562240,3.399365292
3,pgadmin,22.592,query,66177,11556512640098,pgAdmin 4,65357576,1.010863292
3,pgadmin,22.592,query,66223,11556666832051,com.apple.SafariPlatformSupport,9716336,0.119915333
3,pgadmin,22.592,query,66181,11556525403134,pgAdmin 4 Helper,8700768,0.255266708
3,pgadmin,22.847,query,66206,11556619331554,pgAdmin 4 Helper (Renderer),413714328,5.563041917
3,pgadmin,22.847,query,66180,11556525242446,pgAdmin 4 Helper,228836384,1.281640583
3,pgadmin,22.847,query,66183,11556529538891,Python,163562240,3.399365292
3,pgadmin,22.847,query,66177,11556512640098,pgAdmin 4,65357576,1.023108083
3,pgadmin,22.847,query,66223,11556666832051,com.apple.SafariPlatformSupport,9716336,0.119915333
3,pgadmin,22.847,query,66181,11556525403134,pgAdmin 4 Helper,8700768,0.255266708
3,pgadmin,23.097,after-query,66206,11556619331554,pgAdmin 4 Helper (Renderer),413714328,5.586429917
3,pgadmin,23.097,after-query,66180,11556525242446,pgAdmin 4 Helper,226378784,1.288511458
3,pgadmin,23.097,after-query,66183,11556529538891,Python,163562240,3.399471333
3,pgadmin,23.097,after-query,66177,11556512640098,pgAdmin 4,65357576,1.024513958
3,pgadmin,23.097,after-query,66223,11556666832051,com.apple.SafariPlatformSupport,9716336,0.119915333
3,pgadmin,23.097,after-query,66181,11556525403134,pgAdmin 4 Helper,8700768,0.255266708
3,pgadmin,23.347,after-query,66206,11556619331554,pgAdmin 4 Helper (Renderer),413714328,5.608433333
3,pgadmin,23.347,after-query,66180,11556525242446,pgAdmin 4 Helper,226378784,1.295441833
3,pgadmin,23.347,after-query,66183,11556529538891,Python,163562240,3.399471333
3,pgadmin,23.347,after-query,66177,11556512640098,pgAdmin 4,65357576,1.024855958
3,pgadmin,23.347,after-query,66223,11556666832051,com.apple.SafariPlatformSupport,9716336,0.119915333
3,pgadmin,23.347,after-query,66181,11556525403134,pgAdmin 4 Helper,8700768,0.255266708
3,pgadmin,23.599,after-query,66206,11556619331554,pgAdmin 4 Helper (Renderer),413714328,5.628797708
3,pgadmin,23.599,after-query,66180,11556525242446,pgAdmin 4 Helper,226378784,1.301857208
3,pgadmin,23.599,after-query,66183,11556529538891,Python,163562240,3.399570625
3,pgadmin,23.599,after-query,66177,11556512640098,pgAdmin 4,65357576,1.024855958
3,pgadmin,23.599,after-query,66223,11556666832051,com.apple.SafariPlatformSupport,9716336,0.119915333
3,pgadmin,23.599,after-query,66181,11556525403134,pgAdmin 4 Helper,8700768,0.255266708
3,pgadmin,23.855,after-query,66206,11556619331554,pgAdmin 4 Helper (Renderer),413452184,5.649345375
3,pgadmin,23.855,after-query,66180,11556525242446,pgAdmin 4 Helper,221611040,1.310253083
3,pgadmin,23.855,after-query,66183,11556529538891,Python,163562240,3.399570625
3,pgadmin,23.855,after-query,66177,11556512640098,pgAdmin 4,65357576,1.024855958
3,pgadmin,23.855,after-query,66223,11556666832051,com.apple.SafariPlatformSupport,9716336,0.119915333
3,pgadmin,23.855,after-query,66181,11556525403134,pgAdmin 4 Helper,8700768,0.255266708
3,pgadmin,24.110,after-query,66206,11556619331554,pgAdmin 4 Helper (Renderer),413484952,5.684072458
3,pgadmin,24.110,after-query,66180,11556525242446,pgAdmin 4 Helper,200213536,1.316190000
3,pgadmin,24.110,after-query,66183,11556529538891,Python,163562240,3.409068750
3,pgadmin,24.110,after-query,66177,11556512640098,pgAdmin 4,65357576,1.026147583
3,pgadmin,24.110,after-query,66223,11556666832051,com.apple.SafariPlatformSupport,9716336,0.119915333
3,pgadmin,24.110,after-query,66181,11556525403134,pgAdmin 4 Helper,8700768,0.260391458
3,pgadmin,24.365,after-query,66206,11556619331554,pgAdmin 4 Helper (Renderer),413484952,5.704623125
3,pgadmin,24.365,after-query,66180,11556525242446,pgAdmin 4 Helper,200213536,1.322674042
3,pgadmin,24.365,after-query,66183,11556529538891,Python,163562240,3.409068750
3,pgadmin,24.365,after-query,66177,11556512640098,pgAdmin 4,65357576,1.026147583
3,pgadmin,24.365,after-query,66223,11556666832051,com.apple.SafariPlatformSupport,9716336,0.119915333
3,pgadmin,24.365,after-query,66181,11556525403134,pgAdmin 4 Helper,8700768,0.260391458
3,pgadmin,24.616,after-query,66206,11556619331554,pgAdmin 4 Helper (Renderer),413484952,5.723874250
3,pgadmin,24.616,after-query,66180,11556525242446,pgAdmin 4 Helper,200213536,1.329053458
3,pgadmin,24.616,after-query,66183,11556529538891,Python,163562240,3.409175375
3,pgadmin,24.616,after-query,66177,11556512640098,pgAdmin 4,65390344,1.026730083
3,pgadmin,24.616,after-query,66223,11556666832051,com.apple.SafariPlatformSupport,9716336,0.119915333
3,pgadmin,24.616,after-query,66181,11556525403134,pgAdmin 4 Helper,8700768,0.260391458
3,pgadmin,24.871,after-query,66206,11556619331554,pgAdmin 4 Helper (Renderer),413484952,5.741345375
3,pgadmin,24.871,after-query,66180,11556525242446,pgAdmin 4 Helper,193872928,1.337032792
3,pgadmin,24.871,after-query,66183,11556529538891,Python,163562240,3.409175375
3,pgadmin,24.871,after-query,66177,11556512640098,pgAdmin 4,65390344,1.026852208
3,pgadmin,24.871,after-query,66223,11556666832051,com.apple.SafariPlatformSupport,9716336,0.119915333
3,pgadmin,24.871,after-query,66181,11556525403134,pgAdmin 4 Helper,8700768,0.260391458
3,pgadmin,25.127,after-query,66206,11556619331554,pgAdmin 4 Helper (Renderer),413484952,5.761732750
3,pgadmin,25.127,after-query,66180,11556525242446,pgAdmin 4 Helper,193872928,1.343780250
3,pgadmin,25.127,after-query,66183,11556529538891,Python,163562240,3.409276708
3,pgadmin,25.127,after-query,66177,11556512640098,pgAdmin 4,65390344,1.026852208
3,pgadmin,25.127,after-query,66223,11556666832051,com.apple.SafariPlatformSupport,9716336,0.119915333
3,pgadmin,25.127,after-query,66181,11556525403134,pgAdmin 4 Helper,8700768,0.260391458
3,pgadmin,25.382,after-query,66206,11556619331554,pgAdmin 4 Helper (Renderer),413484952,5.781118083
3,pgadmin,25.382,after-query,66180,11556525242446,pgAdmin 4 Helper,193872928,1.350248833
3,pgadmin,25.382,after-query,66183,11556529538891,Python,163562240,3.409276708
3,pgadmin,25.382,after-query,66177,11556512640098,pgAdmin 4,65390344,1.026852208
3,pgadmin,25.382,after-query,66223,11556666832051,com.apple.SafariPlatformSupport,9716336,0.119915333
3,pgadmin,25.382,after-query,66181,11556525403134,pgAdmin 4 Helper,8700768,0.260391458
3,pgadmin,25.633,after-query,66206,11556619331554,pgAdmin 4 Helper (Renderer),413484952,5.800260333
3,pgadmin,25.633,after-query,66180,11556525242446,pgAdmin 4 Helper,193872928,1.356347500
3,pgadmin,25.633,after-query,66183,11556529538891,Python,163562240,3.409363833
3,pgadmin,25.633,after-query,66177,11556512640098,pgAdmin 4,65390344,1.027170042
3,pgadmin,25.633,after-query,66223,11556666832051,com.apple.SafariPlatformSupport,9716336,0.119915333
3,pgadmin,25.633,after-query,66181,11556525403134,pgAdmin 4 Helper,8700768,0.260391458
3,pgadmin,25.888,after-query,66206,11556619331554,pgAdmin 4 Helper (Renderer),413484952,5.821194125
3,pgadmin,25.888,after-query,66180,11556525242446,pgAdmin 4 Helper,193889312,1.363292208
3,pgadmin,25.888,after-query,66183,11556529538891,Python,163562240,3.409363833
3,pgadmin,25.888,after-query,66177,11556512640098,pgAdmin 4,65390344,1.029279292
3,pgadmin,25.888,after-query,66223,11556666832051,com.apple.SafariPlatformSupport,9716336,0.119915333
3,pgadmin,25.888,after-query,66181,11556525403134,pgAdmin 4 Helper,8700768,0.260391458
3,pgadmin,26.143,after-query,66206,11556619331554,pgAdmin 4 Helper (Renderer),413534104,5.855955125
3,pgadmin,26.143,after-query,66180,11556525242446,pgAdmin 4 Helper,193889312,1.369212833
3,pgadmin,26.143,after-query,66183,11556529538891,Python,163562240,3.419467250
3,pgadmin,26.143,after-query,66177,11556512640098,pgAdmin 4,65390344,1.030639042
3,pgadmin,26.143,after-query,66223,11556666832051,com.apple.SafariPlatformSupport,9716336,0.119915333
3,pgadmin,26.143,after-query,66181,11556525403134,pgAdmin 4 Helper,8700768,0.265205250
3,pgadmin,26.398,after-query,66206,11556619331554,pgAdmin 4 Helper (Renderer),413534104,5.877323417
3,pgadmin,26.398,after-query,66180,11556525242446,pgAdmin 4 Helper,193889312,1.376084917
3,pgadmin,26.398,after-query,66183,11556529538891,Python,163562240,3.419467250
3,pgadmin,26.398,after-query,66177,11556512640098,pgAdmin 4,65390344,1.030639042
3,pgadmin,26.398,after-query,66223,11556666832051,com.apple.SafariPlatformSupport,9716336,0.119915333
3,pgadmin,26.398,after-query,66181,11556525403134,pgAdmin 4 Helper,8700768,0.265205250
3,pgadmin,26.654,after-query,66206,11556619331554,pgAdmin 4 Helper (Renderer),413534104,5.895351625
3,pgadmin,26.654,after-query,66180,11556525242446,pgAdmin 4 Helper,174588960,1.385412000
3,pgadmin,26.654,after-query,66183,11556529538891,Python,163562240,3.419569667
3,pgadmin,26.654,after-query,66177,11556512640098,pgAdmin 4,65390344,1.030639042
3,pgadmin,26.654,after-query,66223,11556666832051,com.apple.SafariPlatformSupport,9716336,0.119915333
3,pgadmin,26.654,after-query,66181,11556525403134,pgAdmin 4 Helper,8700768,0.265205250
3,pgadmin,26.909,after-query,66206,11556619331554,pgAdmin 4 Helper (Renderer),413534104,5.912564375
3,pgadmin,26.909,after-query,66180,11556525242446,pgAdmin 4 Helper,174588960,1.391112458
3,pgadmin,26.909,after-query,66183,11556529538891,Python,163562240,3.419569667
3,pgadmin,26.909,after-query,66177,11556512640098,pgAdmin 4,65390344,1.030639042
3,pgadmin,26.909,after-query,66223,11556666832051,com.apple.SafariPlatformSupport,9716336,0.119915333
3,pgadmin,26.909,after-query,66181,11556525403134,pgAdmin 4 Helper,8700768,0.265205250
3,pgadmin,27.162,after-query,66206,11556619331554,pgAdmin 4 Helper (Renderer),413534104,5.932088083
3,pgadmin,27.162,after-query,66180,11556525242446,pgAdmin 4 Helper,174588960,1.397661333
3,pgadmin,27.162,after-query,66183,11556529538891,Python,163562240,3.419627583
3,pgadmin,27.162,after-query,66177,11556512640098,pgAdmin 4,65390344,1.030639042
3,pgadmin,27.162,after-query,66223,11556666832051,com.apple.SafariPlatformSupport,9716336,0.119915333
3,pgadmin,27.162,after-query,66181,11556525403134,pgAdmin 4 Helper,8700768,0.265205250
3,pgadmin,27.417,after-query,66206,11556619331554,pgAdmin 4 Helper (Renderer),413534104,5.953546750
3,pgadmin,27.417,after-query,66180,11556525242446,pgAdmin 4 Helper,174588960,1.404561208
3,pgadmin,27.417,after-query,66183,11556529538891,Python,163562240,3.419627583
3,pgadmin,27.417,after-query,66177,11556512640098,pgAdmin 4,65390344,1.030639042
3,pgadmin,27.417,after-query,66223,11556666832051,com.apple.SafariPlatformSupport,9716336,0.119915333
3,pgadmin,27.417,after-query,66181,11556525403134,pgAdmin 4 Helper,8700768,0.265205250
3,pgadmin,27.670,after-query,66206,11556619331554,pgAdmin 4 Helper (Renderer),413534104,5.971127083
3,pgadmin,27.670,after-query,66183,11556529538891,Python,163562240,3.419719583
3,pgadmin,27.670,after-query,66180,11556525242446,pgAdmin 4 Helper,152503328,1.412327333
3,pgadmin,27.670,after-query,66177,11556512640098,pgAdmin 4,65390344,1.030639042
3,pgadmin,27.670,after-query,66223,11556666832051,com.apple.SafariPlatformSupport,9716336,0.119915333
3,pgadmin,27.670,after-query,66181,11556525403134,pgAdmin 4 Helper,8700768,0.265205250
3,dbgate,0.255,launch,66347,11557318736216,DbGate,8569720,0.104072750
3,dbgate,0.510,launch,66347,11557318736216,DbGate,40568296,0.294352292
3,dbgate,0.510,launch,66349,11557328718776,DbGate Helper (GPU),5751552,0.042078125
3,dbgate,0.510,launch,66350,11557328864243,DbGate Helper,5391128,0.038091833
3,dbgate,0.765,launch,66347,11557318736216,DbGate,65537560,0.459954708
3,dbgate,0.765,launch,66349,11557328718776,DbGate Helper (GPU),10814256,0.085329083
3,dbgate,0.765,launch,66350,11557328864243,DbGate Helper,5964592,0.042090000
3,dbgate,1.018,settle,66347,11557318736216,DbGate,87082736,0.604595958
3,dbgate,1.018,settle,66356,11557337869103,DbGate Helper (Renderer),80250152,0.174436125
3,dbgate,1.018,settle,66349,11557328718776,DbGate Helper (GPU),30983008,0.116592375
3,dbgate,1.018,settle,66350,11557328864243,DbGate Helper,6472520,0.046933292
3,dbgate,1.273,settle,66347,11557318736216,DbGate,110364400,0.732384625
3,dbgate,1.273,settle,66356,11557337869103,DbGate Helper (Renderer),81757552,0.375814292
3,dbgate,1.273,settle,66349,11557328718776,DbGate Helper (GPU),65766264,0.134236875
3,dbgate,1.273,settle,66358,11557346489338,DbGate Helper,12911672,0.065946583
3,dbgate,1.273,settle,66350,11557328864243,DbGate Helper,6472520,0.046933292
3,dbgate,1.528,settle,66349,11557328718776,DbGate Helper (GPU),243975152,0.224437542
3,dbgate,1.528,settle,66347,11557318736216,DbGate,116999944,0.828593250
3,dbgate,1.528,settle,66356,11557337869103,DbGate Helper (Renderer),105711128,0.563924000
3,dbgate,1.528,settle,66358,11557346489338,DbGate Helper,46990440,0.234634833
3,dbgate,1.528,settle,66361,11557348429814,DbGate Helper,35849344,0.169394708
3,dbgate,1.528,settle,66360,11557348357230,DbGate Helper,35832984,0.171835333
3,dbgate,1.528,settle,66350,11557328864243,DbGate Helper,7308104,0.054383500
3,dbgate,1.528,settle,66367,11557353567151,com.apple.SafariPlatformSupport,2834912,0.015688375
3,dbgate,1.783,settle,66349,11557328718776,DbGate Helper (GPU),244057072,0.234913125
3,dbgate,1.783,settle,66347,11557318736216,DbGate,117425928,0.844759250
3,dbgate,1.783,settle,66356,11557337869103,DbGate Helper (Renderer),106169880,0.584853333
3,dbgate,1.783,settle,66360,11557348357230,DbGate Helper,52004088,0.347111417
3,dbgate,1.783,settle,66361,11557348429814,DbGate Helper,51873016,0.346109708
3,dbgate,1.783,settle,66358,11557346489338,DbGate Helper,51823840,0.326232625
3,dbgate,1.783,settle,66367,11557353567151,com.apple.SafariPlatformSupport,9831000,0.104548292
3,dbgate,1.783,settle,66350,11557328864243,DbGate Helper,7308104,0.054383500
3,dbgate,2.037,settle,66349,11557328718776,DbGate Helper (GPU),244024304,0.255365208
3,dbgate,2.037,settle,66347,11557318736216,DbGate,117671688,0.859566125
3,dbgate,2.037,settle,66356,11557337869103,DbGate Helper (Renderer),106202648,0.601404417
3,dbgate,2.037,settle,66360,11557348357230,DbGate Helper,52004088,0.347454792
3,dbgate,2.037,settle,66361,11557348429814,DbGate Helper,51873016,0.346563958
3,dbgate,2.037,settle,66358,11557346489338,DbGate Helper,51823840,0.326408083
3,dbgate,2.037,settle,66367,11557353567151,com.apple.SafariPlatformSupport,9831000,0.104766542
3,dbgate,2.037,settle,66350,11557328864243,DbGate Helper,7603016,0.058567792
3,dbgate,2.291,settle,66349,11557328718776,DbGate Helper (GPU),244040688,0.276171583
3,dbgate,2.291,settle,66347,11557318736216,DbGate,119408392,0.876086208
3,dbgate,2.291,settle,66356,11557337869103,DbGate Helper (Renderer),106399256,0.622862875
3,dbgate,2.291,settle,66360,11557348357230,DbGate Helper,52004088,0.347454792
3,dbgate,2.291,settle,66361,11557348429814,DbGate Helper,51873016,0.346563958
3,dbgate,2.291,settle,66358,11557346489338,DbGate Helper,51823840,0.326408083
3,dbgate,2.291,settle,66367,11557353567151,com.apple.SafariPlatformSupport,9831000,0.104766542
3,dbgate,2.291,settle,66350,11557328864243,DbGate Helper,7717704,0.060463625
3,dbgate,2.545,settle,66349,11557328718776,DbGate Helper (GPU),244040688,0.300652875
3,dbgate,2.545,settle,66347,11557318736216,DbGate,119408392,0.877162958
3,dbgate,2.545,settle,66356,11557337869103,DbGate Helper (Renderer),106415640,0.644407708
3,dbgate,2.545,settle,66360,11557348357230,DbGate Helper,52004088,0.347454792
3,dbgate,2.545,settle,66361,11557348429814,DbGate Helper,51873016,0.346563958
3,dbgate,2.545,settle,66358,11557346489338,DbGate Helper,51823840,0.326408083
3,dbgate,2.545,settle,66367,11557353567151,com.apple.SafariPlatformSupport,9831000,0.104766542
3,dbgate,2.545,settle,66350,11557328864243,DbGate Helper,7717704,0.060463625
3,dbgate,2.797,settle,66349,11557328718776,DbGate Helper (GPU),241910768,0.319516250
3,dbgate,2.797,settle,66347,11557318736216,DbGate,119621384,0.896350750
3,dbgate,2.797,settle,66356,11557337869103,DbGate Helper (Renderer),106432024,0.663433167
3,dbgate,2.797,settle,66360,11557348357230,DbGate Helper,52004088,0.347951542
3,dbgate,2.797,settle,66361,11557348429814,DbGate Helper,51889400,0.347417417
3,dbgate,2.797,settle,66358,11557346489338,DbGate Helper,51823840,0.326824417
3,dbgate,2.797,settle,66367,11557353567151,com.apple.SafariPlatformSupport,9831000,0.104868208
3,dbgate,2.797,settle,66350,11557328864243,DbGate Helper,7865160,0.071660458
3,dbgate,3.052,settle,66349,11557328718776,DbGate Helper (GPU),241910768,0.327033625
3,dbgate,3.052,settle,66347,11557318736216,DbGate,119621384,0.896350750
3,dbgate,3.052,settle,66356,11557337869103,DbGate Helper (Renderer),106448408,0.673006375
3,dbgate,3.052,settle,66360,11557348357230,DbGate Helper,52004088,0.347951542
3,dbgate,3.052,settle,66361,11557348429814,DbGate Helper,51889400,0.347417417
3,dbgate,3.052,settle,66358,11557346489338,DbGate Helper,51823840,0.326824417
3,dbgate,3.052,settle,66367,11557353567151,com.apple.SafariPlatformSupport,9831000,0.104868208
3,dbgate,3.052,settle,66350,11557328864243,DbGate Helper,7865160,0.071660458
3,dbgate,3.304,settle,66349,11557328718776,DbGate Helper (GPU),241894384,0.333059292
3,dbgate,3.304,settle,66347,11557318736216,DbGate,119621384,0.896350750
3,dbgate,3.304,settle,66356,11557337869103,DbGate Helper (Renderer),106448408,0.678276333
3,dbgate,3.304,settle,66360,11557348357230,DbGate Helper,52004088,0.347951542
3,dbgate,3.304,settle,66361,11557348429814,DbGate Helper,51889400,0.347417417
3,dbgate,3.304,settle,66358,11557346489338,DbGate Helper,51823840,0.326824417
3,dbgate,3.304,settle,66367,11557353567151,com.apple.SafariPlatformSupport,9831000,0.104868208
3,dbgate,3.304,settle,66350,11557328864243,DbGate Helper,7865160,0.071660458
3,dbgate,3.559,settle,66349,11557328718776,DbGate Helper (GPU),241910768,0.342281542
3,dbgate,3.559,settle,66347,11557318736216,DbGate,119621384,0.897008375
3,dbgate,3.559,settle,66356,11557337869103,DbGate Helper (Renderer),106448408,0.687930208
3,dbgate,3.559,settle,66360,11557348357230,DbGate Helper,52004088,0.347951542
3,dbgate,3.559,settle,66361,11557348429814,DbGate Helper,51889400,0.347417417
3,dbgate,3.559,settle,66358,11557346489338,DbGate Helper,51823840,0.327161792
3,dbgate,3.559,settle,66367,11557353567151,com.apple.SafariPlatformSupport,9831000,0.104868208
3,dbgate,3.559,settle,66350,11557328864243,DbGate Helper,7865160,0.071660458
3,dbgate,3.810,settle,66349,11557328718776,DbGate Helper (GPU),227460080,0.349676375
3,dbgate,3.810,settle,66347,11557318736216,DbGate,119621384,0.897834708
3,dbgate,3.810,settle,66356,11557337869103,DbGate Helper (Renderer),106448408,0.694739417
3,dbgate,3.810,settle,66360,11557348357230,DbGate Helper,52004088,0.348206750
3,dbgate,3.810,settle,66361,11557348429814,DbGate Helper,51889400,0.347803708
3,dbgate,3.810,settle,66358,11557346489338,DbGate Helper,51823840,0.327161792
3,dbgate,3.810,settle,66367,11557353567151,com.apple.SafariPlatformSupport,9831000,0.105111792
3,dbgate,3.810,settle,66350,11557328864243,DbGate Helper,7865160,0.071660458
3,dbgate,4.065,settle,66349,11557328718776,DbGate Helper (GPU),216925144,0.363363417
3,dbgate,4.065,settle,66347,11557318736216,DbGate,119621384,0.897834708
3,dbgate,4.065,settle,66356,11557337869103,DbGate Helper (Renderer),106219032,0.705293417
3,dbgate,4.065,settle,66360,11557348357230,DbGate Helper,52004088,0.348206750
3,dbgate,4.065,settle,66361,11557348429814,DbGate Helper,51889400,0.347803708
3,dbgate,4.065,settle,66358,11557346489338,DbGate Helper,51823840,0.327161792
3,dbgate,4.065,settle,66367,11557353567151,com.apple.SafariPlatformSupport,9831000,0.105111792
3,dbgate,4.065,settle,66350,11557328864243,DbGate Helper,7865160,0.071660458
3,dbgate,4.320,settle,66349,11557328718776,DbGate Helper (GPU),216908760,0.371264917
3,dbgate,4.320,settle,66347,11557318736216,DbGate,119621384,0.897834708
3,dbgate,4.320,settle,66356,11557337869103,DbGate Helper (Renderer),106219032,0.712338917
3,dbgate,4.320,settle,66360,11557348357230,DbGate Helper,52004088,0.348206750
3,dbgate,4.320,settle,66361,11557348429814,DbGate Helper,51889400,0.347803708
3,dbgate,4.320,settle,66358,11557346489338,DbGate Helper,51823840,0.327161792
3,dbgate,4.320,settle,66367,11557353567151,com.apple.SafariPlatformSupport,9831000,0.105111792
3,dbgate,4.320,settle,66350,11557328864243,DbGate Helper,7865160,0.071660458
3,dbgate,4.576,settle,66349,11557328718776,DbGate Helper (GPU),216908760,0.381522958
3,dbgate,4.576,settle,66347,11557318736216,DbGate,119621384,0.898235625
3,dbgate,4.576,settle,66356,11557337869103,DbGate Helper (Renderer),106219032,0.722350167
3,dbgate,4.576,settle,66360,11557348357230,DbGate Helper,52004088,0.348206750
3,dbgate,4.576,settle,66361,11557348429814,DbGate Helper,51889400,0.347803708
3,dbgate,4.576,settle,66358,11557346489338,DbGate Helper,51823840,0.327404708
3,dbgate,4.576,settle,66367,11557353567151,com.apple.SafariPlatformSupport,9831000,0.105111792
3,dbgate,4.576,settle,66350,11557328864243,DbGate Helper,7865160,0.071660458
3,dbgate,4.831,settle,66349,11557328718776,DbGate Helper (GPU),216908760,0.388307375
3,dbgate,4.831,settle,66347,11557318736216,DbGate,119621384,0.898992292
3,dbgate,4.831,settle,66356,11557337869103,DbGate Helper (Renderer),106219032,0.728991750
3,dbgate,4.831,settle,66360,11557348357230,DbGate Helper,52004088,0.348412292
3,dbgate,4.831,settle,66361,11557348429814,DbGate Helper,51889400,0.348161458
3,dbgate,4.831,settle,66358,11557346489338,DbGate Helper,51823840,0.327404708
3,dbgate,4.831,settle,66367,11557353567151,com.apple.SafariPlatformSupport,9831000,0.105111792
3,dbgate,4.831,settle,66350,11557328864243,DbGate Helper,7865160,0.071660458
3,dbgate,5.086,settle,66349,11557328718776,DbGate Helper (GPU),216925144,0.397768417
3,dbgate,5.086,settle,66347,11557318736216,DbGate,119637768,0.900048167
3,dbgate,5.086,settle,66356,11557337869103,DbGate Helper (Renderer),106235416,0.736786167
3,dbgate,5.086,settle,66360,11557348357230,DbGate Helper,52004088,0.348412292
3,dbgate,5.086,settle,66361,11557348429814,DbGate Helper,51889400,0.348161458
3,dbgate,5.086,settle,66358,11557346489338,DbGate Helper,51823840,0.327404708
3,dbgate,5.086,settle,66367,11557353567151,com.apple.SafariPlatformSupport,9831000,0.105111792
3,dbgate,5.086,settle,66350,11557328864243,DbGate Helper,7865160,0.071660458
3,dbgate,5.341,settle,66349,11557328718776,DbGate Helper (GPU),216908760,0.405986750
3,dbgate,5.341,settle,66347,11557318736216,DbGate,119637768,0.900048167
3,dbgate,5.341,settle,66356,11557337869103,DbGate Helper (Renderer),106235416,0.744117792
3,dbgate,5.341,settle,66360,11557348357230,DbGate Helper,52004088,0.348412292
3,dbgate,5.341,settle,66361,11557348429814,DbGate Helper,51889400,0.348161458
3,dbgate,5.341,settle,66358,11557346489338,DbGate Helper,51823840,0.327404708
3,dbgate,5.341,settle,66367,11557353567151,com.apple.SafariPlatformSupport,9831000,0.105111792
3,dbgate,5.341,settle,66350,11557328864243,DbGate Helper,7865160,0.071660458
3,dbgate,5.596,settle,66349,11557328718776,DbGate Helper (GPU),216908760,0.415834458
3,dbgate,5.596,settle,66347,11557318736216,DbGate,119637768,0.901259208
3,dbgate,5.596,settle,66356,11557337869103,DbGate Helper (Renderer),106235416,0.754168083
3,dbgate,5.596,settle,66360,11557348357230,DbGate Helper,52004088,0.348412292
3,dbgate,5.596,settle,66361,11557348429814,DbGate Helper,51889400,0.348161458
3,dbgate,5.596,settle,66358,11557346489338,DbGate Helper,51823840,0.327768583
3,dbgate,5.596,settle,66367,11557353567151,com.apple.SafariPlatformSupport,9831000,0.105111792
3,dbgate,5.596,settle,66350,11557328864243,DbGate Helper,7865160,0.071783292
3,dbgate,5.851,settle,66349,11557328718776,DbGate Helper (GPU),216908760,0.423366708
3,dbgate,5.851,settle,66347,11557318736216,DbGate,119637768,0.901866333
3,dbgate,5.851,settle,66356,11557337869103,DbGate Helper (Renderer),106235416,0.761866333
3,dbgate,5.851,settle,66360,11557348357230,DbGate Helper,52004088,0.348739875
3,dbgate,5.851,settle,66361,11557348429814,DbGate Helper,51889400,0.348496333
3,dbgate,5.851,settle,66358,11557346489338,DbGate Helper,51823840,0.327768583
3,dbgate,5.851,settle,66367,11557353567151,com.apple.SafariPlatformSupport,9831000,0.105230958
3,dbgate,5.851,settle,66350,11557328864243,DbGate Helper,7865160,0.071783292
3,dbgate,6.106,query,66349,11557328718776,DbGate Helper (GPU),216925144,0.431764375
3,dbgate,6.106,query,66347,11557318736216,DbGate,119654176,0.902398500
3,dbgate,6.106,query,66356,11557337869103,DbGate Helper (Renderer),106235416,0.769115708
3,dbgate,6.106,query,66360,11557348357230,DbGate Helper,52004088,0.348739875
3,dbgate,6.106,query,66361,11557348429814,DbGate Helper,51889400,0.348496333
3,dbgate,6.106,query,66358,11557346489338,DbGate Helper,51823840,0.327768583
3,dbgate,6.106,query,66367,11557353567151,com.apple.SafariPlatformSupport,9831000,0.105331167
3,dbgate,6.106,query,66350,11557328864243,DbGate Helper,7848776,0.071832083
3,dbgate,6.362,query,66349,11557328718776,DbGate Helper (GPU),216908760,0.437774250
3,dbgate,6.362,query,66347,11557318736216,DbGate,119654176,0.904844417
3,dbgate,6.362,query,66356,11557337869103,DbGate Helper (Renderer),106251800,0.775302208
3,dbgate,6.362,query,66360,11557348357230,DbGate Helper,52004088,0.348739875
3,dbgate,6.362,query,66361,11557348429814,DbGate Helper,51889400,0.348496333
3,dbgate,6.362,query,66358,11557346489338,DbGate Helper,51823840,0.327768583
3,dbgate,6.362,query,66367,11557353567151,com.apple.SafariPlatformSupport,9831000,0.105331167
3,dbgate,6.362,query,66350,11557328864243,DbGate Helper,7848776,0.071832083
3,dbgate,6.613,query,66349,11557328718776,DbGate Helper (GPU),163152856,0.453102250
3,dbgate,6.613,query,66347,11557318736216,DbGate,119670560,0.905503750
3,dbgate,6.613,query,66356,11557337869103,DbGate Helper (Renderer),106284568,0.785491083
3,dbgate,6.613,query,66360,11557348357230,DbGate Helper,51889400,0.348951167
3,dbgate,6.613,query,66361,11557348429814,DbGate Helper,51791096,0.348723750
3,dbgate,6.613,query,66358,11557346489338,DbGate Helper,51774688,0.328786958
3,dbgate,6.613,query,66367,11557353567151,com.apple.SafariPlatformSupport,9831000,0.105768292
3,dbgate,6.613,query,66350,11557328864243,DbGate Helper,7848776,0.071832083
3,dbgate,6.868,query,66349,11557328718776,DbGate Helper (GPU),163152856,0.459553375
3,dbgate,6.868,query,66347,11557318736216,DbGate,119670560,0.906027958
3,dbgate,6.868,query,66356,11557337869103,DbGate Helper (Renderer),106284568,0.791220458
3,dbgate,6.868,query,66360,11557348357230,DbGate Helper,51889400,0.349147583
3,dbgate,6.868,query,66361,11557348429814,DbGate Helper,51791096,0.349054833
3,dbgate,6.868,query,66358,11557346489338,DbGate Helper,51774688,0.328786958
3,dbgate,6.868,query,66367,11557353567151,com.apple.SafariPlatformSupport,9831000,0.105768292
3,dbgate,6.868,query,66350,11557328864243,DbGate Helper,7848776,0.071832083
3,dbgate,7.122,query,66349,11557328718776,DbGate Helper (GPU),118801368,0.475060333
3,dbgate,7.122,query,66347,11557318736216,DbGate,116492064,0.907491583
3,dbgate,7.122,query,66356,11557337869103,DbGate Helper (Renderer),106284568,0.801042292
3,dbgate,7.122,query,66360,11557348357230,DbGate Helper,51889400,0.349147583
3,dbgate,7.122,query,66361,11557348429814,DbGate Helper,51791096,0.349054833
3,dbgate,7.122,query,66358,11557346489338,DbGate Helper,51774688,0.328786958
3,dbgate,7.122,query,66367,11557353567151,com.apple.SafariPlatformSupport,9814616,0.106119792
3,dbgate,7.122,query,66350,11557328864243,DbGate Helper,7848776,0.071832083
3,dbgate,7.377,query,66347,11557318736216,DbGate,116492064,0.907491583
3,dbgate,7.377,query,66349,11557328718776,DbGate Helper (GPU),113345496,0.482313042
3,dbgate,7.377,query,66356,11557337869103,DbGate Helper (Renderer),106284568,0.808590292
3,dbgate,7.377,query,66360,11557348357230,DbGate Helper,51889400,0.349147583
3,dbgate,7.377,query,66361,11557348429814,DbGate Helper,51791096,0.349054833
3,dbgate,7.377,query,66358,11557346489338,DbGate Helper,51774688,0.328786958
3,dbgate,7.377,query,66367,11557353567151,com.apple.SafariPlatformSupport,9814616,0.106119792
3,dbgate,7.377,query,66350,11557328864243,DbGate Helper,7848776,0.071832083
3,dbgate,7.629,query,66347,11557318736216,DbGate,116492064,0.910885625
3,dbgate,7.629,query,66349,11557328718776,DbGate Helper (GPU),113345496,0.492104833
3,dbgate,7.629,query,66356,11557337869103,DbGate Helper (Renderer),106284568,0.816560958
3,dbgate,7.629,query,66360,11557348357230,DbGate Helper,51889400,0.349844792
3,dbgate,7.629,query,66361,11557348429814,DbGate Helper,51791096,0.349756583
3,dbgate,7.629,query,66358,11557346489338,DbGate Helper,51774688,0.329070417
3,dbgate,7.629,query,66367,11557353567151,com.apple.SafariPlatformSupport,9814616,0.106119792
3,dbgate,7.629,query,66350,11557328864243,DbGate Helper,7848776,0.071832083
3,dbgate,7.885,query,66347,11557318736216,DbGate,116492064,0.910885625
3,dbgate,7.885,query,66356,11557337869103,DbGate Helper (Renderer),106284568,0.825437375
3,dbgate,7.885,query,66349,11557328718776,DbGate Helper (GPU),81691608,0.503956667
3,dbgate,7.885,query,66360,11557348357230,DbGate Helper,51889400,0.349844792
3,dbgate,7.885,query,66361,11557348429814,DbGate Helper,51791096,0.349756583
3,dbgate,7.885,query,66358,11557346489338,DbGate Helper,51774688,0.329070417
3,dbgate,7.885,query,66367,11557353567151,com.apple.SafariPlatformSupport,9814616,0.106119792
3,dbgate,7.885,query,66350,11557328864243,DbGate Helper,7848776,0.071832083
3,dbgate,8.140,query,66347,11557318736216,DbGate,116492064,0.910885625
3,dbgate,8.140,query,66356,11557337869103,DbGate Helper (Renderer),106284568,0.831441167
3,dbgate,8.140,query,66349,11557328718776,DbGate Helper (GPU),81691608,0.512358875
3,dbgate,8.140,query,66360,11557348357230,DbGate Helper,51889400,0.349844792
3,dbgate,8.140,query,66361,11557348429814,DbGate Helper,51791096,0.349756583
3,dbgate,8.140,query,66358,11557346489338,DbGate Helper,51774688,0.329070417
3,dbgate,8.140,query,66367,11557353567151,com.apple.SafariPlatformSupport,9814616,0.106119792
3,dbgate,8.140,query,66350,11557328864243,DbGate Helper,7848776,0.071832083
3,dbgate,8.395,query,66347,11557318736216,DbGate,116492064,0.910885625
3,dbgate,8.395,query,66356,11557337869103,DbGate Helper (Renderer),106284568,0.841224500
3,dbgate,8.395,query,66349,11557328718776,DbGate Helper (GPU),81691608,0.520784583
3,dbgate,8.395,query,66360,11557348357230,DbGate Helper,51889400,0.349844792
3,dbgate,8.395,query,66361,11557348429814,DbGate Helper,51791096,0.349756583
3,dbgate,8.395,query,66358,11557346489338,DbGate Helper,51774688,0.329070417
3,dbgate,8.395,query,66367,11557353567151,com.apple.SafariPlatformSupport,9814616,0.106119792
3,dbgate,8.395,query,66350,11557328864243,DbGate Helper,7848776,0.071832083
3,dbgate,8.650,query,66347,11557318736216,DbGate,116492064,0.912631292
3,dbgate,8.650,query,66356,11557337869103,DbGate Helper (Renderer),106284568,0.848186292
3,dbgate,8.650,query,66349,11557328718776,DbGate Helper (GPU),81675224,0.528997292
3,dbgate,8.650,query,66360,11557348357230,DbGate Helper,51889400,0.350201583
3,dbgate,8.650,query,66361,11557348429814,DbGate Helper,51791096,0.350116750
3,dbgate,8.650,query,66358,11557346489338,DbGate Helper,51774688,0.329400750
3,dbgate,8.650,query,66367,11557353567151,com.apple.SafariPlatformSupport,9814616,0.106119792
3,dbgate,8.650,query,66350,11557328864243,DbGate Helper,7848776,0.071832083
3,dbgate,8.907,query,66347,11557318736216,DbGate,116492064,0.912631292
3,dbgate,8.907,query,66356,11557337869103,DbGate Helper (Renderer),106284568,0.857006167
3,dbgate,8.907,query,66349,11557328718776,DbGate Helper (GPU),81691608,0.537304333
3,dbgate,8.907,query,66360,11557348357230,DbGate Helper,51889400,0.350201583
3,dbgate,8.907,query,66361,11557348429814,DbGate Helper,51791096,0.350116750
3,dbgate,8.907,query,66358,11557346489338,DbGate Helper,51774688,0.329400750
3,dbgate,8.907,query,66367,11557353567151,com.apple.SafariPlatformSupport,9814616,0.106119792
3,dbgate,8.907,query,66350,11557328864243,DbGate Helper,7848776,0.071832083
3,dbgate,9.158,query,66347,11557318736216,DbGate,116492064,0.912631292
3,dbgate,9.158,query,66356,11557337869103,DbGate Helper (Renderer),106284568,0.863877292
3,dbgate,9.158,query,66349,11557328718776,DbGate Helper (GPU),81658840,0.546948875
3,dbgate,9.158,query,66360,11557348357230,DbGate Helper,51889400,0.350201583
3,dbgate,9.158,query,66361,11557348429814,DbGate Helper,51791096,0.350116750
3,dbgate,9.158,query,66358,11557346489338,DbGate Helper,51774688,0.329400750
3,dbgate,9.158,query,66367,11557353567151,com.apple.SafariPlatformSupport,9814616,0.106119792
3,dbgate,9.158,query,66350,11557328864243,DbGate Helper,7848776,0.071832083
3,dbgate,9.410,query,66347,11557318736216,DbGate,116557600,0.914059750
3,dbgate,9.410,query,66356,11557337869103,DbGate Helper (Renderer),106284568,0.869521750
3,dbgate,9.410,query,66349,11557328718776,DbGate Helper (GPU),81675224,0.552645792
3,dbgate,9.410,query,66360,11557348357230,DbGate Helper,51889400,0.350201583
3,dbgate,9.410,query,66361,11557348429814,DbGate Helper,51791096,0.350116750
3,dbgate,9.410,query,66358,11557346489338,DbGate Helper,51774688,0.329400750
3,dbgate,9.410,query,66367,11557353567151,com.apple.SafariPlatformSupport,9814616,0.106119792
3,dbgate,9.410,query,66350,11557328864243,DbGate Helper,7848776,0.071832083
3,dbgate,9.662,query,66347,11557318736216,DbGate,116557600,0.915194292
3,dbgate,9.662,query,66356,11557337869103,DbGate Helper (Renderer),106284568,0.874458500
3,dbgate,9.662,query,66349,11557328718776,DbGate Helper (GPU),81658840,0.559396458
3,dbgate,9.662,query,66360,11557348357230,DbGate Helper,51889400,0.350688333
3,dbgate,9.662,query,66361,11557348429814,DbGate Helper,51807480,0.350546083
3,dbgate,9.662,query,66358,11557346489338,DbGate Helper,51774688,0.330053833
3,dbgate,9.662,query,66367,11557353567151,com.apple.SafariPlatformSupport,9814616,0.106119792
3,dbgate,9.662,query,66350,11557328864243,DbGate Helper,7848776,0.071832083
3,dbgate,9.917,query,66347,11557318736216,DbGate,116557600,0.915194292
3,dbgate,9.917,query,66356,11557337869103,DbGate Helper (Renderer),106284568,0.881415250
3,dbgate,9.917,query,66349,11557328718776,DbGate Helper (GPU),81675224,0.566205083
3,dbgate,9.917,query,66360,11557348357230,DbGate Helper,51889400,0.350688333
3,dbgate,9.917,query,66361,11557348429814,DbGate Helper,51807480,0.350546083
3,dbgate,9.917,query,66358,11557346489338,DbGate Helper,51774688,0.330053833
3,dbgate,9.917,query,66367,11557353567151,com.apple.SafariPlatformSupport,9814616,0.106119792
3,dbgate,9.917,query,66350,11557328864243,DbGate Helper,7848776,0.071832083
3,dbgate,10.171,query,66347,11557318736216,DbGate,116557600,0.915194292
3,dbgate,10.171,query,66356,11557337869103,DbGate Helper (Renderer),106284568,0.886513083
3,dbgate,10.171,query,66349,11557328718776,DbGate Helper (GPU),81658840,0.573783583
3,dbgate,10.171,query,66360,11557348357230,DbGate Helper,51889400,0.350688333
3,dbgate,10.171,query,66361,11557348429814,DbGate Helper,51807480,0.350546083
3,dbgate,10.171,query,66358,11557346489338,DbGate Helper,51774688,0.330053833
3,dbgate,10.171,query,66367,11557353567151,com.apple.SafariPlatformSupport,9814616,0.106119792
3,dbgate,10.171,query,66350,11557328864243,DbGate Helper,7848776,0.071832083
3,dbgate,10.426,query,66347,11557318736216,DbGate,116557600,0.915194292
3,dbgate,10.426,query,66356,11557337869103,DbGate Helper (Renderer),106284568,0.894236750
3,dbgate,10.426,query,66349,11557328718776,DbGate Helper (GPU),81675224,0.581334667
3,dbgate,10.426,query,66360,11557348357230,DbGate Helper,51889400,0.350688333
3,dbgate,10.426,query,66361,11557348429814,DbGate Helper,51807480,0.350546083
3,dbgate,10.426,query,66358,11557346489338,DbGate Helper,51774688,0.330053833
3,dbgate,10.426,query,66367,11557353567151,com.apple.SafariPlatformSupport,9814616,0.106119792
3,dbgate,10.426,query,66350,11557328864243,DbGate Helper,7848776,0.071832083
3,dbgate,10.680,query,66347,11557318736216,DbGate,116557600,0.918160500
3,dbgate,10.680,query,66356,11557337869103,DbGate Helper (Renderer),106284568,0.900538083
3,dbgate,10.680,query,66349,11557328718776,DbGate Helper (GPU),81658840,0.588696375
3,dbgate,10.680,query,66360,11557348357230,DbGate Helper,51889400,0.350974042
3,dbgate,10.680,query,66361,11557348429814,DbGate Helper,51807480,0.350892250
3,dbgate,10.680,query,66358,11557346489338,DbGate Helper,51774688,0.330388792
3,dbgate,10.680,query,66367,11557353567151,com.apple.SafariPlatformSupport,9814616,0.106119792
3,dbgate,10.680,query,66350,11557328864243,DbGate Helper,7848776,0.071832083
3,dbgate,10.935,query,66347,11557318736216,DbGate,116557600,0.920193208
3,dbgate,10.935,query,66356,11557337869103,DbGate Helper (Renderer),106284568,0.908917958
3,dbgate,10.935,query,66349,11557328718776,DbGate Helper (GPU),81675224,0.596632167
3,dbgate,10.935,query,66360,11557348357230,DbGate Helper,51889400,0.350974042
3,dbgate,10.935,query,66361,11557348429814,DbGate Helper,51807480,0.350892250
3,dbgate,10.935,query,66358,11557346489338,DbGate Helper,51774688,0.330388792
3,dbgate,10.935,query,66367,11557353567151,com.apple.SafariPlatformSupport,9814616,0.106119792
3,dbgate,10.935,query,66350,11557328864243,DbGate Helper,7848776,0.071832083
3,dbgate,11.188,query,66347,11557318736216,DbGate,116557600,0.920193208
3,dbgate,11.188,query,66356,11557337869103,DbGate Helper (Renderer),106284568,0.915449417
3,dbgate,11.188,query,66349,11557328718776,DbGate Helper (GPU),81658840,0.605507708
3,dbgate,11.188,query,66360,11557348357230,DbGate Helper,51889400,0.350974042
3,dbgate,11.188,query,66361,11557348429814,DbGate Helper,51807480,0.350892250
3,dbgate,11.188,query,66358,11557346489338,DbGate Helper,51774688,0.330388792
3,dbgate,11.188,query,66367,11557353567151,com.apple.SafariPlatformSupport,9798232,0.106357417
3,dbgate,11.188,query,66350,11557328864243,DbGate Helper,7848776,0.071832083
3,dbgate,11.440,query,66347,11557318736216,DbGate,116557600,0.920232750
3,dbgate,11.440,query,66356,11557337869103,DbGate Helper (Renderer),106317336,0.923045167
3,dbgate,11.440,query,66349,11557328718776,DbGate Helper (GPU),81675224,0.611944375
3,dbgate,11.440,query,66360,11557348357230,DbGate Helper,51889400,0.350974042
3,dbgate,11.440,query,66361,11557348429814,DbGate Helper,51807480,0.350892250
3,dbgate,11.440,query,66358,11557346489338,DbGate Helper,51774688,0.330388792
3,dbgate,11.440,query,66367,11557353567151,com.apple.SafariPlatformSupport,9798232,0.106357417
3,dbgate,11.440,query,66350,11557328864243,DbGate Helper,7848776,0.071832083
3,dbgate,11.695,query,66347,11557318736216,DbGate,116557600,0.921608250
3,dbgate,11.695,query,66356,11557337869103,DbGate Helper (Renderer),106317336,0.928688583
3,dbgate,11.695,query,66349,11557328718776,DbGate Helper (GPU),81658840,0.618985542
3,dbgate,11.695,query,66360,11557348357230,DbGate Helper,51889400,0.351369333
3,dbgate,11.695,query,66361,11557348429814,DbGate Helper,51807480,0.351394000
3,dbgate,11.695,query,66358,11557346489338,DbGate Helper,51774688,0.330853458
3,dbgate,11.695,query,66367,11557353567151,com.apple.SafariPlatformSupport,9798232,0.106357417
3,dbgate,11.695,query,66350,11557328864243,DbGate Helper,7848776,0.071832083
3,dbgate,11.950,query,66349,11557328718776,DbGate Helper (GPU),143786968,0.633945708
3,dbgate,11.950,query,66347,11557318736216,DbGate,117032736,0.945652167
3,dbgate,11.950,query,66356,11557337869103,DbGate Helper (Renderer),106546712,0.942487042
3,dbgate,11.950,query,66360,11557348357230,DbGate Helper,51889400,0.351369333
3,dbgate,11.950,query,66361,11557348429814,DbGate Helper,51807480,0.351394000
3,dbgate,11.950,query,66358,11557346489338,DbGate Helper,51774688,0.330853458
3,dbgate,11.950,query,66367,11557353567151,com.apple.SafariPlatformSupport,9798232,0.106357417
3,dbgate,11.950,query,66350,11557328864243,DbGate Helper,7848776,0.071832083
3,dbgate,12.205,query,66349,11557328718776,DbGate Helper (GPU),197346264,0.646426375
3,dbgate,12.205,query,66347,11557318736216,DbGate,118884128,0.990362917
3,dbgate,12.205,query,66356,11557337869103,DbGate Helper (Renderer),107103768,0.960931500
3,dbgate,12.205,query,66360,11557348357230,DbGate Helper,51889400,0.351369333
3,dbgate,12.205,query,66361,11557348429814,DbGate Helper,51807480,0.351394000
3,dbgate,12.205,query,66358,11557346489338,DbGate Helper,51774688,0.330853458
3,dbgate,12.205,query,66367,11557353567151,com.apple.SafariPlatformSupport,9798232,0.106357417
3,dbgate,12.205,query,66350,11557328864243,DbGate Helper,7848776,0.072149875
3,dbgate,12.456,query,66349,11557328718776,DbGate Helper (GPU),197329880,0.652190958
3,dbgate,12.456,query,66347,11557318736216,DbGate,118884128,0.992181333
3,dbgate,12.456,query,66356,11557337869103,DbGate Helper (Renderer),107103768,0.966132417
3,dbgate,12.456,query,66360,11557348357230,DbGate Helper,51889400,0.351369333
3,dbgate,12.456,query,66361,11557348429814,DbGate Helper,51807480,0.351394000
3,dbgate,12.456,query,66358,11557346489338,DbGate Helper,51774688,0.330853458
3,dbgate,12.456,query,66367,11557353567151,com.apple.SafariPlatformSupport,9798232,0.106357417
3,dbgate,12.456,query,66350,11557328864243,DbGate Helper,7848776,0.072149875
3,dbgate,12.711,query,66349,11557328718776,DbGate Helper (GPU),197886936,0.667649792
3,dbgate,12.711,query,66347,11557318736216,DbGate,118900512,1.001331458
3,dbgate,12.711,query,66356,11557337869103,DbGate Helper (Renderer),107267608,0.984175333
3,dbgate,12.711,query,66360,11557348357230,DbGate Helper,51889400,0.351598625
3,dbgate,12.711,query,66361,11557348429814,DbGate Helper,51807480,0.351528250
3,dbgate,12.711,query,66358,11557346489338,DbGate Helper,51774688,0.331210708
3,dbgate,12.711,query,66367,11557353567151,com.apple.SafariPlatformSupport,9798232,0.106357417
3,dbgate,12.711,query,66350,11557328864243,DbGate Helper,7848776,0.072149875
3,dbgate,12.963,query,66349,11557328718776,DbGate Helper (GPU),197886936,0.680700083
3,dbgate,12.963,query,66347,11557318736216,DbGate,118900512,1.001960792
3,dbgate,12.963,query,66356,11557337869103,DbGate Helper (Renderer),107447832,0.999773083
3,dbgate,12.963,query,66360,11557348357230,DbGate Helper,51889400,0.351598625
3,dbgate,12.963,query,66361,11557348429814,DbGate Helper,51807480,0.351528250
3,dbgate,12.963,query,66358,11557346489338,DbGate Helper,51774688,0.331210708
3,dbgate,12.963,query,66367,11557353567151,com.apple.SafariPlatformSupport,9798232,0.106357417
3,dbgate,12.963,query,66350,11557328864243,DbGate Helper,7848776,0.072222792
3,dbgate,13.218,query,66349,11557328718776,DbGate Helper (GPU),217187288,0.722231167
3,dbgate,13.218,query,66347,11557318736216,DbGate,119457568,1.025792417
3,dbgate,13.218,query,66356,11557337869103,DbGate Helper (Renderer),108971544,1.057955375
3,dbgate,13.218,query,66360,11557348357230,DbGate Helper,51889400,0.351598625
3,dbgate,13.218,query,66361,11557348429814,DbGate Helper,51807480,0.351528250
3,dbgate,13.218,query,66358,11557346489338,DbGate Helper,51774688,0.331210708
3,dbgate,13.218,query,66424,11557629431739,DbGate Helper,38405272,0.170320750
3,dbgate,13.218,query,66367,11557353567151,com.apple.SafariPlatformSupport,9798232,0.106357417
3,dbgate,13.218,query,66350,11557328864243,DbGate Helper,7848776,0.072222792
3,dbgate,13.471,query,66349,11557328718776,DbGate Helper (GPU),275317744,0.756423583
3,dbgate,13.471,query,66356,11557337869103,DbGate Helper (Renderer),120899096,1.136952833
3,dbgate,13.471,query,66347,11557318736216,DbGate,120456992,1.049652000
3,dbgate,13.471,query,66424,11557629431739,DbGate Helper,57885944,0.377221792
3,dbgate,13.471,query,66360,11557348357230,DbGate Helper,51889400,0.351598625
3,dbgate,13.471,query,66361,11557348429814,DbGate Helper,51807480,0.351528250
3,dbgate,13.471,query,66358,11557346489338,DbGate Helper,51774688,0.331210708
3,dbgate,13.471,query,66367,11557353567151,com.apple.SafariPlatformSupport,9798232,0.106357417
3,dbgate,13.471,query,66350,11557328864243,DbGate Helper,7848776,0.072222792
3,dbgate,13.726,query,66349,11557328718776,DbGate Helper (GPU),274858992,0.773647583
3,dbgate,13.726,query,66356,11557337869103,DbGate Helper (Renderer),121669144,1.173878542
3,dbgate,13.726,query,66347,11557318736216,DbGate,120522528,1.051290542
3,dbgate,13.726,query,66424,11557629431739,DbGate Helper,57885944,0.377448792
3,dbgate,13.726,query,66360,11557348357230,DbGate Helper,51889400,0.351758542
3,dbgate,13.726,query,66361,11557348429814,DbGate Helper,51807480,0.351612583
3,dbgate,13.726,query,66358,11557346489338,DbGate Helper,51774688,0.331331375
3,dbgate,13.726,query,66367,11557353567151,com.apple.SafariPlatformSupport,9798232,0.106357417
3,dbgate,13.726,query,66350,11557328864243,DbGate Helper,7848776,0.072222792
3,dbgate,13.980,query,66349,11557328718776,DbGate Helper (GPU),274842608,0.781545167
3,dbgate,13.980,query,66356,11557337869103,DbGate Helper (Renderer),121669144,1.182672917
3,dbgate,13.980,query,66347,11557318736216,DbGate,120522528,1.051290542
3,dbgate,13.980,query,66424,11557629431739,DbGate Helper,57885944,0.377448792
3,dbgate,13.980,query,66360,11557348357230,DbGate Helper,51889400,0.351758542
3,dbgate,13.980,query,66361,11557348429814,DbGate Helper,51807480,0.351612583
3,dbgate,13.980,query,66358,11557346489338,DbGate Helper,51774688,0.331331375
3,dbgate,13.980,query,66367,11557353567151,com.apple.SafariPlatformSupport,9798232,0.106357417
3,dbgate,13.980,query,66350,11557328864243,DbGate Helper,7848776,0.072222792
3,dbgate,14.236,query,66349,11557328718776,DbGate Helper (GPU),278742024,0.852014750
3,dbgate,14.236,query,66356,11557337869103,DbGate Helper (Renderer),128239128,1.297270875
3,dbgate,14.236,query,66347,11557318736216,DbGate,120555296,1.068830417
3,dbgate,14.236,query,66424,11557629431739,DbGate Helper,57885944,0.377448792
3,dbgate,14.236,query,66360,11557348357230,DbGate Helper,51889400,0.351758542
3,dbgate,14.236,query,66361,11557348429814,DbGate Helper,51807480,0.351612583
3,dbgate,14.236,query,66358,11557346489338,DbGate Helper,51774688,0.331331375
3,dbgate,14.236,query,66367,11557353567151,com.apple.SafariPlatformSupport,9798232,0.106357417
3,dbgate,14.236,query,66350,11557328864243,DbGate Helper,7848776,0.072222792
3,dbgate,14.491,query,66349,11557328718776,DbGate Helper (GPU),292013088,0.957195542
3,dbgate,14.491,query,66356,11557337869103,DbGate Helper (Renderer),135349808,1.420032125
3,dbgate,14.491,query,66347,11557318736216,DbGate,120555296,1.083301917
3,dbgate,14.491,query,66424,11557629431739,DbGate Helper,57885944,0.377762458
3,dbgate,14.491,query,66360,11557348357230,DbGate Helper,51889400,0.351758542
3,dbgate,14.491,query,66361,11557348429814,DbGate Helper,51807480,0.351612583
3,dbgate,14.491,query,66358,11557346489338,DbGate Helper,51774688,0.331331375
3,dbgate,14.491,query,66367,11557353567151,com.apple.SafariPlatformSupport,9798232,0.106357417
3,dbgate,14.491,query,66350,11557328864243,DbGate Helper,7848776,0.072222792
3,dbgate,14.746,query,66349,11557328718776,DbGate Helper (GPU),296289312,1.061046083
3,dbgate,14.746,query,66356,11557337869103,DbGate Helper (Renderer),138135088,1.597975208
3,dbgate,14.746,query,66347,11557318736216,DbGate,120588064,1.098266042
3,dbgate,14.746,query,66424,11557629431739,DbGate Helper,57885944,0.377762458
3,dbgate,14.746,query,66360,11557348357230,DbGate Helper,51889400,0.351827583
3,dbgate,14.746,query,66361,11557348429814,DbGate Helper,51807480,0.351669500
3,dbgate,14.746,query,66358,11557346489338,DbGate Helper,51774688,0.331460458
3,dbgate,14.746,query,66367,11557353567151,com.apple.SafariPlatformSupport,9798232,0.106357417
3,dbgate,14.746,query,66350,11557328864243,DbGate Helper,7537480,0.072329833
3,dbgate,15.000,query,66349,11557328718776,DbGate Helper (GPU),297534496,1.155906417
3,dbgate,15.000,query,66356,11557337869103,DbGate Helper (Renderer),138446384,1.696988333
3,dbgate,15.000,query,66347,11557318736216,DbGate,120604448,1.112710333
3,dbgate,15.000,query,66424,11557629431739,DbGate Helper,57885944,0.377762458
3,dbgate,15.000,query,66360,11557348357230,DbGate Helper,51889400,0.351827583
3,dbgate,15.000,query,66361,11557348429814,DbGate Helper,51807480,0.351669500
3,dbgate,15.000,query,66358,11557346489338,DbGate Helper,51774688,0.331460458
3,dbgate,15.000,query,66367,11557353567151,com.apple.SafariPlatformSupport,9798232,0.106357417
3,dbgate,15.000,query,66350,11557328864243,DbGate Helper,7537480,0.072329833
3,dbgate,15.255,query,66349,11557328718776,DbGate Helper (GPU),298959904,1.254157792
3,dbgate,15.255,query,66356,11557337869103,DbGate Helper (Renderer),144967240,1.830412792
3,dbgate,15.255,query,66347,11557318736216,DbGate,120620832,1.127021583
3,dbgate,15.255,query,66424,11557629431739,DbGate Helper,57885944,0.377762458
3,dbgate,15.255,query,66360,11557348357230,DbGate Helper,51889400,0.351827583
3,dbgate,15.255,query,66361,11557348429814,DbGate Helper,51807480,0.351669500
3,dbgate,15.255,query,66358,11557346489338,DbGate Helper,51774688,0.331460458
3,dbgate,15.255,query,66367,11557353567151,com.apple.SafariPlatformSupport,9798232,0.106357417
3,dbgate,15.255,query,66350,11557328864243,DbGate Helper,7537480,0.072329833
3,dbgate,15.509,query,66349,11557328718776,DbGate Helper (GPU),300139552,1.352538958
3,dbgate,15.509,query,66356,11557337869103,DbGate Helper (Renderer),152061536,1.938074500
3,dbgate,15.509,query,66347,11557318736216,DbGate,120620832,1.140904708
3,dbgate,15.509,query,66424,11557629431739,DbGate Helper,57885944,0.377865708
3,dbgate,15.509,query,66360,11557348357230,DbGate Helper,51889400,0.351827583
3,dbgate,15.509,query,66361,11557348429814,DbGate Helper,51807480,0.351669500
3,dbgate,15.509,query,66358,11557346489338,DbGate Helper,51774688,0.331460458
3,dbgate,15.509,query,66367,11557353567151,com.apple.SafariPlatformSupport,9798232,0.106357417
3,dbgate,15.509,query,66350,11557328864243,DbGate Helper,7537480,0.072329833
3,dbgate,15.760,query,66349,11557328718776,DbGate Helper (GPU),300172320,1.422166667
3,dbgate,15.760,query,66356,11557337869103,DbGate Helper (Renderer),156272224,2.014569375
3,dbgate,15.760,query,66347,11557318736216,DbGate,120620832,1.154296792
3,dbgate,15.760,query,66424,11557629431739,DbGate Helper,57885944,0.377865708
3,dbgate,15.760,query,66360,11557348357230,DbGate Helper,51889400,0.351914167
3,dbgate,15.760,query,66361,11557348429814,DbGate Helper,51807480,0.351743375
3,dbgate,15.760,query,66358,11557346489338,DbGate Helper,51774688,0.331549625
3,dbgate,15.760,query,66367,11557353567151,com.apple.SafariPlatformSupport,9798232,0.106357417
3,dbgate,15.760,query,66350,11557328864243,DbGate Helper,7537480,0.072329833
3,dbgate,16.014,query,66349,11557328718776,DbGate Helper (GPU),304350240,1.514588542
3,dbgate,16.014,query,66356,11557337869103,DbGate Helper (Renderer),164349536,2.120189417
3,dbgate,16.014,query,66347,11557318736216,DbGate,120620832,1.164330958
3,dbgate,16.014,query,66424,11557629431739,DbGate Helper,57885944,0.377865708
3,dbgate,16.014,query,66360,11557348357230,DbGate Helper,51889400,0.351914167
3,dbgate,16.014,query,66361,11557348429814,DbGate Helper,51807480,0.351743375
3,dbgate,16.014,query,66358,11557346489338,DbGate Helper,51774688,0.331549625
3,dbgate,16.014,query,66367,11557353567151,com.apple.SafariPlatformSupport,9798232,0.106357417
3,dbgate,16.014,query,66350,11557328864243,DbGate Helper,7537480,0.072329833
3,dbgate,16.275,query,66349,11557328718776,DbGate Helper (GPU),304350240,1.598168500
3,dbgate,16.275,query,66356,11557337869103,DbGate Helper (Renderer),168887904,2.199287625
3,dbgate,16.275,query,66347,11557318736216,DbGate,120620832,1.176932000
3,dbgate,16.275,query,66424,11557629431739,DbGate Helper,57885944,0.377865708
3,dbgate,16.275,query,66360,11557348357230,DbGate Helper,51889400,0.351914167
3,dbgate,16.275,query,66361,11557348429814,DbGate Helper,51807480,0.351743375
3,dbgate,16.275,query,66358,11557346489338,DbGate Helper,51774688,0.331549625
3,dbgate,16.275,query,66367,11557353567151,com.apple.SafariPlatformSupport,9798232,0.106357417
3,dbgate,16.275,query,66350,11557328864243,DbGate Helper,7537480,0.072329833
3,dbgate,16.529,query,66349,11557328718776,DbGate Helper (GPU),304366624,1.641487875
3,dbgate,16.529,query,66356,11557337869103,DbGate Helper (Renderer),173540960,2.288178333
3,dbgate,16.529,query,66347,11557318736216,DbGate,120653600,1.195117208
3,dbgate,16.529,query,66424,11557629431739,DbGate Helper,57885944,0.378206042
3,dbgate,16.529,query,66360,11557348357230,DbGate Helper,51889400,0.351914167
3,dbgate,16.529,query,66361,11557348429814,DbGate Helper,51807480,0.351743375
3,dbgate,16.529,query,66358,11557346489338,DbGate Helper,51774688,0.331549625
3,dbgate,16.529,query,66367,11557353567151,com.apple.SafariPlatformSupport,9798232,0.106357417
3,dbgate,16.529,query,66350,11557328864243,DbGate Helper,7537480,0.072329833
3,dbgate,16.780,query,66349,11557328718776,DbGate Helper (GPU),304366624,1.684148167
3,dbgate,16.780,query,66356,11557337869103,DbGate Helper (Renderer),177112672,2.367791542
3,dbgate,16.780,query,66347,11557318736216,DbGate,120669984,1.209515542
3,dbgate,16.780,query,66424,11557629431739,DbGate Helper,57885944,0.378206042
3,dbgate,16.780,query,66360,11557348357230,DbGate Helper,51889400,0.352024042
3,dbgate,16.780,query,66361,11557348429814,DbGate Helper,51807480,0.351852833
3,dbgate,16.780,query,66358,11557346489338,DbGate Helper,51774688,0.331652708
3,dbgate,16.780,query,66367,11557353567151,com.apple.SafariPlatformSupport,9699928,0.106497375
3,dbgate,16.780,query,66350,11557328864243,DbGate Helper,7537480,0.072329833
3,dbgate,17.035,query,66349,11557328718776,DbGate Helper (GPU),300336160,1.719170000
3,dbgate,17.035,query,66356,11557337869103,DbGate Helper (Renderer),179783264,2.431270917
3,dbgate,17.035,query,66347,11557318736216,DbGate,120669984,1.221115333
3,dbgate,17.035,query,66424,11557629431739,DbGate Helper,57885944,0.378206042
3,dbgate,17.035,query,66360,11557348357230,DbGate Helper,51889400,0.352024042
3,dbgate,17.035,query,66361,11557348429814,DbGate Helper,51807480,0.351852833
3,dbgate,17.035,query,66358,11557346489338,DbGate Helper,51774688,0.331652708
3,dbgate,17.035,query,66367,11557353567151,com.apple.SafariPlatformSupport,9699928,0.106497375
3,dbgate,17.035,query,66350,11557328864243,DbGate Helper,7537480,0.072329833
3,dbgate,17.289,query,66349,11557328718776,DbGate Helper (GPU),300303392,1.768336000
3,dbgate,17.289,query,66356,11557337869103,DbGate Helper (Renderer),184026720,2.528343125
3,dbgate,17.289,query,66347,11557318736216,DbGate,120669984,1.239003333
3,dbgate,17.289,query,66424,11557629431739,DbGate Helper,57885944,0.378206042
3,dbgate,17.289,query,66360,11557348357230,DbGate Helper,51889400,0.352024042
3,dbgate,17.289,query,66361,11557348429814,DbGate Helper,51807480,0.351852833
3,dbgate,17.289,query,66358,11557346489338,DbGate Helper,51774688,0.331652708
3,dbgate,17.289,query,66367,11557353567151,com.apple.SafariPlatformSupport,9699928,0.106497375
3,dbgate,17.289,query,66350,11557328864243,DbGate Helper,7537480,0.072329833
3,dbgate,17.544,query,66349,11557328718776,DbGate Helper (GPU),300303392,1.815562292
3,dbgate,17.544,query,66356,11557337869103,DbGate Helper (Renderer),189482616,2.622071167
3,dbgate,17.544,query,66347,11557318736216,DbGate,120686368,1.255827458
3,dbgate,17.544,query,66424,11557629431739,DbGate Helper,57885944,0.378357000
3,dbgate,17.544,query,66360,11557348357230,DbGate Helper,51889400,0.352024042
3,dbgate,17.544,query,66361,11557348429814,DbGate Helper,51807480,0.351852833
3,dbgate,17.544,query,66358,11557346489338,DbGate Helper,51774688,0.331652708
3,dbgate,17.544,query,66367,11557353567151,com.apple.SafariPlatformSupport,9699928,0.106497375
3,dbgate,17.544,query,66350,11557328864243,DbGate Helper,7537480,0.072329833
3,dbgate,17.798,query,66349,11557328718776,DbGate Helper (GPU),300303392,1.843911875
3,dbgate,17.798,query,66356,11557337869103,DbGate Helper (Renderer),191301240,2.673032125
3,dbgate,17.798,query,66347,11557318736216,DbGate,120686368,1.266619958
3,dbgate,17.798,query,66424,11557629431739,DbGate Helper,57885944,0.378357000
3,dbgate,17.798,query,66360,11557348357230,DbGate Helper,51889400,0.352141500
3,dbgate,17.798,query,66361,11557348429814,DbGate Helper,51807480,0.351969917
3,dbgate,17.798,query,66358,11557346489338,DbGate Helper,51774688,0.331775667
3,dbgate,17.798,query,66367,11557353567151,com.apple.SafariPlatformSupport,9699928,0.106497375
3,dbgate,17.798,query,66350,11557328864243,DbGate Helper,7537480,0.072329833
3,dbgate,18.048,query,66349,11557328718776,DbGate Helper (GPU),275678240,1.890105750
3,dbgate,18.048,query,66356,11557337869103,DbGate Helper (Renderer),195479160,2.759694417
3,dbgate,18.048,query,66347,11557318736216,DbGate,120686368,1.283042000
3,dbgate,18.048,query,66424,11557629431739,DbGate Helper,57869560,0.378407375
3,dbgate,18.048,query,66360,11557348357230,DbGate Helper,51889400,0.352141500
3,dbgate,18.048,query,66361,11557348429814,DbGate Helper,51807480,0.351969917
3,dbgate,18.048,query,66358,11557346489338,DbGate Helper,51774688,0.331775667
3,dbgate,18.048,query,66367,11557353567151,com.apple.SafariPlatformSupport,9699928,0.106497375
3,dbgate,18.048,query,66350,11557328864243,DbGate Helper,7537480,0.072329833
3,dbgate,18.303,query,66349,11557328718776,DbGate Helper (GPU),275448864,1.938934375
3,dbgate,18.303,query,66356,11557337869103,DbGate Helper (Renderer),199001720,2.840597125
3,dbgate,18.303,query,66347,11557318736216,DbGate,120686368,1.299998583
3,dbgate,18.303,query,66424,11557629431739,DbGate Helper,57869560,0.378407375
3,dbgate,18.303,query,66360,11557348357230,DbGate Helper,51889400,0.352141500
3,dbgate,18.303,query,66361,11557348429814,DbGate Helper,51807480,0.351969917
3,dbgate,18.303,query,66358,11557346489338,DbGate Helper,51774688,0.331775667
3,dbgate,18.303,query,66367,11557353567151,com.apple.SafariPlatformSupport,9699928,0.106497375
3,dbgate,18.303,query,66350,11557328864243,DbGate Helper,7537480,0.072329833
3,dbgate,18.554,query,66356,11557337869103,DbGate Helper (Renderer),201377400,2.903850333
3,dbgate,18.554,query,66349,11557328718776,DbGate Helper (GPU),175784992,1.980746458
3,dbgate,18.554,query,66347,11557318736216,DbGate,120686368,1.312542708
3,dbgate,18.554,query,66424,11557629431739,DbGate Helper,57820408,0.378925083
3,dbgate,18.554,query,66360,11557348357230,DbGate Helper,51889400,0.352141500
3,dbgate,18.554,query,66361,11557348429814,DbGate Helper,51807480,0.351969917
3,dbgate,18.554,query,66358,11557346489338,DbGate Helper,51774688,0.331775667
3,dbgate,18.554,query,66367,11557353567151,com.apple.SafariPlatformSupport,9699928,0.106497375
3,dbgate,18.554,query,66350,11557328864243,DbGate Helper,7537480,0.072329833
3,dbgate,18.810,query,66356,11557337869103,DbGate Helper (Renderer),207111800,2.990180000
3,dbgate,18.810,query,66349,11557328718776,DbGate Helper (GPU),164906016,2.030150667
3,dbgate,18.810,query,66347,11557318736216,DbGate,120686368,1.329139667
3,dbgate,18.810,query,66424,11557629431739,DbGate Helper,57820408,0.378925083
3,dbgate,18.810,query,66360,11557348357230,DbGate Helper,51889400,0.352255667
3,dbgate,18.810,query,66361,11557348429814,DbGate Helper,51807480,0.352085083
3,dbgate,18.810,query,66358,11557346489338,DbGate Helper,51774688,0.332042083
3,dbgate,18.810,query,66367,11557353567151,com.apple.SafariPlatformSupport,9699928,0.106497375
3,dbgate,18.810,query,66350,11557328864243,DbGate Helper,7537480,0.072329833
3,dbgate,19.062,query,66356,11557337869103,DbGate Helper (Renderer),202770040,3.168895833
3,dbgate,19.062,query,66349,11557328718776,DbGate Helper (GPU),164906016,2.071397667
3,dbgate,19.062,query,66347,11557318736216,DbGate,120686368,1.343794958
3,dbgate,19.062,query,66424,11557629431739,DbGate Helper,57820408,0.378925083
3,dbgate,19.062,query,66360,11557348357230,DbGate Helper,51889400,0.352255667
3,dbgate,19.062,query,66361,11557348429814,DbGate Helper,51807480,0.352085083
3,dbgate,19.062,query,66358,11557346489338,DbGate Helper,51774688,0.332042083
3,dbgate,19.062,query,66367,11557353567151,com.apple.SafariPlatformSupport,9699928,0.106497375
3,dbgate,19.062,query,66350,11557328864243,DbGate Helper,7537480,0.072329833
3,dbgate,19.317,query,66356,11557337869103,DbGate Helper (Renderer),202786424,3.201829375
3,dbgate,19.317,query,66349,11557328718776,DbGate Helper (GPU),164840480,2.092361458
3,dbgate,19.317,query,66347,11557318736216,DbGate,120686368,1.350447375
3,dbgate,19.317,query,66424,11557629431739,DbGate Helper,57820408,0.378925083
3,dbgate,19.317,query,66360,11557348357230,DbGate Helper,51889400,0.352255667
3,dbgate,19.317,query,66361,11557348429814,DbGate Helper,51807480,0.352085083
3,dbgate,19.317,query,66358,11557346489338,DbGate Helper,51774688,0.332042083
3,dbgate,19.317,query,66367,11557353567151,com.apple.SafariPlatformSupport,9699928,0.106497375
3,dbgate,19.317,query,66350,11557328864243,DbGate Helper,7537480,0.072329833
3,dbgate,19.572,after-query,66356,11557337869103,DbGate Helper (Renderer),202786424,3.213653958
3,dbgate,19.572,after-query,66349,11557328718776,DbGate Helper (GPU),164365344,2.101854917
3,dbgate,19.572,after-query,66347,11557318736216,DbGate,120686368,1.351933708
3,dbgate,19.572,after-query,66424,11557629431739,DbGate Helper,57820408,0.379360708
3,dbgate,19.572,after-query,66360,11557348357230,DbGate Helper,51889400,0.352255667
3,dbgate,19.572,after-query,66361,11557348429814,DbGate Helper,51807480,0.352085083
3,dbgate,19.572,after-query,66358,11557346489338,DbGate Helper,51774688,0.332330208
3,dbgate,19.572,after-query,66367,11557353567151,com.apple.SafariPlatformSupport,9699928,0.106497375
3,dbgate,19.572,after-query,66350,11557328864243,DbGate Helper,7537480,0.072329833
3,dbgate,19.824,after-query,66356,11557337869103,DbGate Helper (Renderer),202786424,3.224946250
3,dbgate,19.824,after-query,66349,11557328718776,DbGate Helper (GPU),163808288,2.112845958
3,dbgate,19.824,after-query,66347,11557318736216,DbGate,120686368,1.352460417
3,dbgate,19.824,after-query,66424,11557629431739,DbGate Helper,57820408,0.379360708
3,dbgate,19.824,after-query,66360,11557348357230,DbGate Helper,51889400,0.352505375
3,dbgate,19.824,after-query,66361,11557348429814,DbGate Helper,51807480,0.352353542
3,dbgate,19.824,after-query,66358,11557346489338,DbGate Helper,51774688,0.332330208
3,dbgate,19.824,after-query,66367,11557353567151,com.apple.SafariPlatformSupport,9699928,0.106497375
3,dbgate,19.824,after-query,66350,11557328864243,DbGate Helper,7537480,0.072329833
3,dbgate,20.080,after-query,66356,11557337869103,DbGate Helper (Renderer),202786424,3.234599042
3,dbgate,20.080,after-query,66349,11557328718776,DbGate Helper (GPU),163824672,2.121389250
3,dbgate,20.080,after-query,66347,11557318736216,DbGate,120686368,1.352460417
3,dbgate,20.080,after-query,66424,11557629431739,DbGate Helper,57820408,0.379360708
3,dbgate,20.080,after-query,66360,11557348357230,DbGate Helper,51889400,0.352505375
3,dbgate,20.080,after-query,66361,11557348429814,DbGate Helper,51807480,0.352353542
3,dbgate,20.080,after-query,66358,11557346489338,DbGate Helper,51774688,0.332330208
3,dbgate,20.080,after-query,66367,11557353567151,com.apple.SafariPlatformSupport,9699928,0.106497375
3,dbgate,20.080,after-query,66350,11557328864243,DbGate Helper,7537480,0.072329833
3,dbgate,20.335,after-query,66356,11557337869103,DbGate Helper (Renderer),202786424,3.242890375
3,dbgate,20.335,after-query,66349,11557328718776,DbGate Helper (GPU),158565408,2.129267542
3,dbgate,20.335,after-query,66347,11557318736216,DbGate,120686368,1.352969292
3,dbgate,20.335,after-query,66424,11557629431739,DbGate Helper,57820408,0.379856667
3,dbgate,20.335,after-query,66360,11557348357230,DbGate Helper,51889400,0.352505375
3,dbgate,20.335,after-query,66361,11557348429814,DbGate Helper,51807480,0.352353542
3,dbgate,20.335,after-query,66358,11557346489338,DbGate Helper,51774688,0.332330208
3,dbgate,20.335,after-query,66367,11557353567151,com.apple.SafariPlatformSupport,9699928,0.106497375
3,dbgate,20.335,after-query,66350,11557328864243,DbGate Helper,7537480,0.072329833
3,dbgate,20.588,after-query,66356,11557337869103,DbGate Helper (Renderer),202786424,3.250910667
3,dbgate,20.588,after-query,66349,11557328718776,DbGate Helper (GPU),158565408,2.136145792
3,dbgate,20.588,after-query,66347,11557318736216,DbGate,120686368,1.353497375
3,dbgate,20.588,after-query,66424,11557629431739,DbGate Helper,57820408,0.379856667
3,dbgate,20.588,after-query,66360,11557348357230,DbGate Helper,51889400,0.352505375
3,dbgate,20.588,after-query,66361,11557348429814,DbGate Helper,51807480,0.352353542
3,dbgate,20.588,after-query,66358,11557346489338,DbGate Helper,51774688,0.332605000
3,dbgate,20.588,after-query,66367,11557353567151,com.apple.SafariPlatformSupport,9699928,0.106497375
3,dbgate,20.588,after-query,66350,11557328864243,DbGate Helper,7537480,0.072329833
3,dbgate,20.843,after-query,66356,11557337869103,DbGate Helper (Renderer),202786424,3.259692250
3,dbgate,20.843,after-query,66349,11557328718776,DbGate Helper (GPU),158532640,2.145907333
3,dbgate,20.843,after-query,66347,11557318736216,DbGate,120686368,1.353960500
3,dbgate,20.843,after-query,66424,11557629431739,DbGate Helper,57820408,0.379856667
3,dbgate,20.843,after-query,66360,11557348357230,DbGate Helper,51889400,0.352678542
3,dbgate,20.843,after-query,66361,11557348429814,DbGate Helper,51807480,0.352482958
3,dbgate,20.843,after-query,66358,11557346489338,DbGate Helper,51774688,0.332605000
3,dbgate,20.843,after-query,66367,11557353567151,com.apple.SafariPlatformSupport,9699928,0.106497375
3,dbgate,20.843,after-query,66350,11557328864243,DbGate Helper,7537480,0.072329833
3,dbgate,21.098,after-query,66356,11557337869103,DbGate Helper (Renderer),202229344,3.269866292
3,dbgate,21.098,after-query,66349,11557328718776,DbGate Helper (GPU),138904608,2.159632750
3,dbgate,21.098,after-query,66347,11557318736216,DbGate,120686368,1.354243792
3,dbgate,21.098,after-query,66424,11557629431739,DbGate Helper,57820408,0.379856667
3,dbgate,21.098,after-query,66360,11557348357230,DbGate Helper,51889400,0.352678542
3,dbgate,21.098,after-query,66361,11557348429814,DbGate Helper,51807480,0.352482958
3,dbgate,21.098,after-query,66358,11557346489338,DbGate Helper,51774688,0.332605000
3,dbgate,21.098,after-query,66367,11557353567151,com.apple.SafariPlatformSupport,9699928,0.106497375
3,dbgate,21.098,after-query,66350,11557328864243,DbGate Helper,7537480,0.072329833
3,dbgate,21.354,after-query,66356,11557337869103,DbGate Helper (Renderer),202229344,3.282199875
3,dbgate,21.354,after-query,66349,11557328718776,DbGate Helper (GPU),138888224,2.168558375
3,dbgate,21.354,after-query,66347,11557318736216,DbGate,120686368,1.356355042
3,dbgate,21.354,after-query,66424,11557629431739,DbGate Helper,57836792,0.380636125
3,dbgate,21.354,after-query,66360,11557348357230,DbGate Helper,51889400,0.352678542
3,dbgate,21.354,after-query,66361,11557348429814,DbGate Helper,51873016,0.353094167
3,dbgate,21.354,after-query,66358,11557346489338,DbGate Helper,51774688,0.332605000
3,dbgate,21.354,after-query,66367,11557353567151,com.apple.SafariPlatformSupport,9699928,0.106497375
3,dbgate,21.354,after-query,66350,11557328864243,DbGate Helper,7537480,0.072329833
3,dbgate,21.609,after-query,66356,11557337869103,DbGate Helper (Renderer),202229344,3.290578708
3,dbgate,21.609,after-query,66349,11557328718776,DbGate Helper (GPU),136823840,2.179391542
3,dbgate,21.609,after-query,66347,11557318736216,DbGate,120686368,1.357128000
3,dbgate,21.609,after-query,66424,11557629431739,DbGate Helper,57836792,0.380636125
3,dbgate,21.609,after-query,66360,11557348357230,DbGate Helper,51889400,0.352678542
3,dbgate,21.609,after-query,66361,11557348429814,DbGate Helper,51873016,0.353094167
3,dbgate,21.609,after-query,66358,11557346489338,DbGate Helper,51774688,0.333003167
3,dbgate,21.609,after-query,66367,11557353567151,com.apple.SafariPlatformSupport,9699928,0.106497375
3,dbgate,21.609,after-query,66350,11557328864243,DbGate Helper,7537480,0.072329833
3,dbgate,21.861,after-query,66356,11557337869103,DbGate Helper (Renderer),202229344,3.300238708
3,dbgate,21.861,after-query,66349,11557328718776,DbGate Helper (GPU),136823840,2.189792583
3,dbgate,21.861,after-query,66347,11557318736216,DbGate,120588064,1.358528500
3,dbgate,21.861,after-query,66424,11557629431739,DbGate Helper,57836792,0.380636125
3,dbgate,21.861,after-query,66360,11557348357230,DbGate Helper,51889400,0.353120333
3,dbgate,21.861,after-query,66361,11557348429814,DbGate Helper,51873016,0.353538083
3,dbgate,21.861,after-query,66358,11557346489338,DbGate Helper,51774688,0.333003167
3,dbgate,21.861,after-query,66367,11557353567151,com.apple.SafariPlatformSupport,9699928,0.106497375
3,dbgate,21.861,after-query,66350,11557328864243,DbGate Helper,7537480,0.072329833
3,dbgate,22.114,after-query,66356,11557337869103,DbGate Helper (Renderer),202229344,3.305824542
3,dbgate,22.114,after-query,66349,11557328718776,DbGate Helper (GPU),136807456,2.196294208
3,dbgate,22.114,after-query,66347,11557318736216,DbGate,120588064,1.358889542
3,dbgate,22.114,after-query,66424,11557629431739,DbGate Helper,57836792,0.380636125
3,dbgate,22.114,after-query,66360,11557348357230,DbGate Helper,51889400,0.353120333
3,dbgate,22.114,after-query,66361,11557348429814,DbGate Helper,51873016,0.353538083
3,dbgate,22.114,after-query,66358,11557346489338,DbGate Helper,51774688,0.333003167
3,dbgate,22.114,after-query,66367,11557353567151,com.apple.SafariPlatformSupport,9749080,0.106996750
3,dbgate,22.114,after-query,66350,11557328864243,DbGate Helper,7537480,0.072329833
3,dbgate,22.367,after-query,66356,11557337869103,DbGate Helper (Renderer),202229344,3.313487125
3,dbgate,22.367,after-query,66349,11557328718776,DbGate Helper (GPU),136791072,2.203396792
3,dbgate,22.367,after-query,66347,11557318736216,DbGate,120588064,1.359445125
3,dbgate,22.367,after-query,66424,11557629431739,DbGate Helper,57836792,0.381101042
3,dbgate,22.367,after-query,66360,11557348357230,DbGate Helper,51889400,0.353120333
3,dbgate,22.367,after-query,66361,11557348429814,DbGate Helper,51873016,0.353538083
3,dbgate,22.367,after-query,66358,11557346489338,DbGate Helper,51774688,0.333003167
3,dbgate,22.367,after-query,66367,11557353567151,com.apple.SafariPlatformSupport,9749080,0.106996750
3,dbgate,22.367,after-query,66350,11557328864243,DbGate Helper,7537480,0.072329833
3,dbgate,22.619,after-query,66356,11557337869103,DbGate Helper (Renderer),202229344,3.323833208
3,dbgate,22.619,after-query,66349,11557328718776,DbGate Helper (GPU),136791072,2.211365750
3,dbgate,22.619,after-query,66347,11557318736216,DbGate,120588064,1.359876042
3,dbgate,22.619,after-query,66424,11557629431739,DbGate Helper,57836792,0.381101042
3,dbgate,22.619,after-query,66360,11557348357230,DbGate Helper,51889400,0.353120333
3,dbgate,22.619,after-query,66361,11557348429814,DbGate Helper,51873016,0.353538083
3,dbgate,22.619,after-query,66358,11557346489338,DbGate Helper,51774688,0.333232583
3,dbgate,22.619,after-query,66367,11557353567151,com.apple.SafariPlatformSupport,9749080,0.106996750
3,dbgate,22.619,after-query,66350,11557328864243,DbGate Helper,7537480,0.072329833
3,dbgate,22.872,after-query,66356,11557337869103,DbGate Helper (Renderer),202229344,3.335235042
3,dbgate,22.872,after-query,66349,11557328718776,DbGate Helper (GPU),136791072,2.223254458
3,dbgate,22.872,after-query,66347,11557318736216,DbGate,120588064,1.360526042
3,dbgate,22.872,after-query,66424,11557629431739,DbGate Helper,57836792,0.381101042
3,dbgate,22.872,after-query,66360,11557348357230,DbGate Helper,51889400,0.353410708
3,dbgate,22.872,after-query,66361,11557348429814,DbGate Helper,51873016,0.353730625
3,dbgate,22.872,after-query,66358,11557346489338,DbGate Helper,51774688,0.333232583
3,dbgate,22.872,after-query,66367,11557353567151,com.apple.SafariPlatformSupport,9749080,0.106996750
3,dbgate,22.872,after-query,66350,11557328864243,DbGate Helper,7537480,0.072329833
3,dbgate,23.127,after-query,66356,11557337869103,DbGate Helper (Renderer),202245728,3.345352708
3,dbgate,23.127,after-query,66349,11557328718776,DbGate Helper (GPU),136774688,2.233299708
3,dbgate,23.127,after-query,66347,11557318736216,DbGate,120588064,1.360897750
3,dbgate,23.127,after-query,66424,11557629431739,DbGate Helper,57836792,0.381101042
3,dbgate,23.127,after-query,66360,11557348357230,DbGate Helper,51889400,0.353410708
3,dbgate,23.127,after-query,66361,11557348429814,DbGate Helper,51873016,0.353730625
3,dbgate,23.127,after-query,66358,11557346489338,DbGate Helper,51774688,0.333232583
3,dbgate,23.127,after-query,66367,11557353567151,com.apple.SafariPlatformSupport,9781848,0.107461833
3,dbgate,23.127,after-query,66350,11557328864243,DbGate Helper,7537480,0.072329833
3,dbgate,23.379,after-query,66356,11557337869103,DbGate Helper (Renderer),202262112,3.351163125
3,dbgate,23.379,after-query,66349,11557328718776,DbGate Helper (GPU),136758304,2.239618417
3,dbgate,23.379,after-query,66347,11557318736216,DbGate,120588064,1.361325917
3,dbgate,23.379,after-query,66424,11557629431739,DbGate Helper,57836792,0.381998708
3,dbgate,23.379,after-query,66360,11557348357230,DbGate Helper,51889400,0.353410708
3,dbgate,23.379,after-query,66361,11557348429814,DbGate Helper,51873016,0.353730625
3,dbgate,23.379,after-query,66358,11557346489338,DbGate Helper,51774688,0.333232583
3,dbgate,23.379,after-query,66367,11557353567151,com.apple.SafariPlatformSupport,9781848,0.107461833
3,dbgate,23.379,after-query,66350,11557328864243,DbGate Helper,7537480,0.072329833
3,dbgate,23.635,after-query,66356,11557337869103,DbGate Helper (Renderer),202262112,3.360927417
3,dbgate,23.635,after-query,66349,11557328718776,DbGate Helper (GPU),123618336,2.250096708
3,dbgate,23.635,after-query,66347,11557318736216,DbGate,120588064,1.362471917
3,dbgate,23.635,after-query,66424,11557629431739,DbGate Helper,57836792,0.381998708
3,dbgate,23.635,after-query,66360,11557348357230,DbGate Helper,51889400,0.353743917
3,dbgate,23.635,after-query,66361,11557348429814,DbGate Helper,51873016,0.353909333
3,dbgate,23.635,after-query,66358,11557346489338,DbGate Helper,51774688,0.333506167
3,dbgate,23.635,after-query,66367,11557353567151,com.apple.SafariPlatformSupport,9781848,0.107461833
3,dbgate,23.635,after-query,66350,11557328864243,DbGate Helper,7537480,0.072329833
3,dbgate,23.890,after-query,66356,11557337869103,DbGate Helper (Renderer),202262112,3.369014250
3,dbgate,23.890,after-query,66349,11557328718776,DbGate Helper (GPU),123601952,2.258273083
3,dbgate,23.890,after-query,66347,11557318736216,DbGate,120588064,1.362471917
3,dbgate,23.890,after-query,66424,11557629431739,DbGate Helper,57836792,0.381998708
3,dbgate,23.890,after-query,66360,11557348357230,DbGate Helper,51889400,0.353743917
3,dbgate,23.890,after-query,66361,11557348429814,DbGate Helper,51873016,0.353909333
3,dbgate,23.890,after-query,66358,11557346489338,DbGate Helper,51774688,0.333506167
3,dbgate,23.890,after-query,66367,11557353567151,com.apple.SafariPlatformSupport,9781848,0.107461833
3,dbgate,23.890,after-query,66350,11557328864243,DbGate Helper,7537480,0.072329833
3,dbgate,24.142,after-query,66356,11557337869103,DbGate Helper (Renderer),202278496,3.376987833
3,dbgate,24.142,after-query,66349,11557328718776,DbGate Helper (GPU),123618336,2.266404792
3,dbgate,24.142,after-query,66347,11557318736216,DbGate,120588064,1.362471917
3,dbgate,24.142,after-query,66424,11557629431739,DbGate Helper,57836792,0.381998708
3,dbgate,24.142,after-query,66360,11557348357230,DbGate Helper,51889400,0.353743917
3,dbgate,24.142,after-query,66361,11557348429814,DbGate Helper,51873016,0.353909333
3,dbgate,24.142,after-query,66358,11557346489338,DbGate Helper,51774688,0.333506167
3,dbgate,24.142,after-query,66367,11557353567151,com.apple.SafariPlatformSupport,9781848,0.107461833
3,dbgate,24.142,after-query,66350,11557328864243,DbGate Helper,7537480,0.072329833
3,pgpad,0.255,launch,66522,11558173151067,pgpad-tauri,17892264,0.130930875
3,pgpad,0.255,launch,66523,11558178043546,com.apple.WebKit.GPU,2195792,0.007030458
3,pgpad,0.510,settle,66522,11558173151067,pgpad-tauri,30213128,0.306707667
3,pgpad,0.510,settle,66525,11558178400781,com.apple.WebKit.Networking,6406648,0.022811542
3,pgpad,0.510,settle,66523,11558178043546,com.apple.WebKit.GPU,5636648,0.030317500
3,pgpad,0.510,settle,66526,11558178471219,com.apple.WebKit.WebContent,5177824,0.031408875
3,pgpad,0.762,settle,66522,11558173151067,pgpad-tauri,30508040,0.352546375
3,pgpad,0.762,settle,66526,11558178471219,com.apple.WebKit.WebContent,9929400,0.084931542
3,pgpad,0.762,settle,66525,11558178400781,com.apple.WebKit.Networking,6898192,0.029133208
3,pgpad,0.762,settle,66523,11558178043546,com.apple.WebKit.GPU,5603880,0.030368000
3,pgpad,1.017,settle,66526,11558178471219,com.apple.WebKit.WebContent,146539264,0.258246667
3,pgpad,1.017,settle,66523,11558178043546,com.apple.WebKit.GPU,34931504,0.104738458
3,pgpad,1.017,settle,66522,11558173151067,pgpad-tauri,33686536,0.376183750
3,pgpad,1.017,settle,66525,11558178400781,com.apple.WebKit.Networking,6717968,0.030691917
3,pgpad,1.017,settle,66529,11558193281137,com.apple.audio.SandboxHelper,5538320,0.020894917
3,pgpad,1.272,settle,66526,11558178471219,com.apple.WebKit.WebContent,146195200,0.258699000
3,pgpad,1.272,settle,66523,11558178043546,com.apple.WebKit.GPU,34931504,0.104858000
3,pgpad,1.272,settle,66522,11558173151067,pgpad-tauri,33489928,0.377186625
3,pgpad,1.272,settle,66525,11558178400781,com.apple.WebKit.Networking,6717968,0.030752792
3,pgpad,1.272,settle,66529,11558193281137,com.apple.audio.SandboxHelper,5538320,0.020894917
3,pgpad,1.527,settle,66526,11558178471219,com.apple.WebKit.WebContent,141296384,0.263962458
3,pgpad,1.527,settle,66523,11558178043546,com.apple.WebKit.GPU,34865968,0.105391333
3,pgpad,1.527,settle,66522,11558173151067,pgpad-tauri,33457160,0.379724125
3,pgpad,1.527,settle,66525,11558178400781,com.apple.WebKit.Networking,6210064,0.031462375
3,pgpad,1.527,settle,66529,11558193281137,com.apple.audio.SandboxHelper,5538320,0.020894917
3,pgpad,1.782,settle,66526,11558178471219,com.apple.WebKit.WebContent,139248384,0.284588792
3,pgpad,1.782,settle,66523,11558178043546,com.apple.WebKit.GPU,34767664,0.105906042
3,pgpad,1.782,settle,66522,11558173151067,pgpad-tauri,32883720,0.380630417
3,pgpad,1.782,settle,66525,11558178400781,com.apple.WebKit.Networking,6160912,0.031706375
3,pgpad,1.782,settle,66529,11558193281137,com.apple.audio.SandboxHelper,5538320,0.020894917
3,pgpad,2.037,settle,66526,11558178471219,com.apple.WebKit.WebContent,138904320,0.286933000
3,pgpad,2.037,settle,66523,11558178043546,com.apple.WebKit.GPU,34767664,0.107156500
3,pgpad,2.037,settle,66522,11558173151067,pgpad-tauri,32769032,0.381803750
3,pgpad,2.037,settle,66525,11558178400781,com.apple.WebKit.Networking,5833232,0.032024042
3,pgpad,2.037,settle,66529,11558193281137,com.apple.audio.SandboxHelper,5521936,0.021271875
3,pgpad,2.292,settle,66526,11558178471219,com.apple.WebKit.WebContent,97583872,0.288277583
3,pgpad,2.292,settle,66522,11558173151067,pgpad-tauri,31949832,0.382378208
3,pgpad,2.292,settle,66523,11558178043546,com.apple.WebKit.GPU,16548656,0.108276750
3,pgpad,2.292,settle,66525,11558178400781,com.apple.WebKit.Networking,5833232,0.032126417
3,pgpad,2.292,settle,66529,11558193281137,com.apple.audio.SandboxHelper,5521936,0.021271875
3,pgpad,2.547,settle,66526,11558178471219,com.apple.WebKit.WebContent,97288960,0.288963417
3,pgpad,2.547,settle,66522,11558173151067,pgpad-tauri,31933448,0.382704042
3,pgpad,2.547,settle,66523,11558178043546,com.apple.WebKit.GPU,16548656,0.108479000
3,pgpad,2.547,settle,66525,11558178400781,com.apple.WebKit.Networking,5816848,0.032379083
3,pgpad,2.547,settle,66529,11558193281137,com.apple.audio.SandboxHelper,5521936,0.021271875
3,pgpad,2.802,settle,66526,11558178471219,com.apple.WebKit.WebContent,97141504,0.289473417
3,pgpad,2.802,settle,66522,11558173151067,pgpad-tauri,31851528,0.382952125
3,pgpad,2.802,settle,66523,11558178043546,com.apple.WebKit.GPU,16548656,0.108691333
3,pgpad,2.802,settle,66525,11558178400781,com.apple.WebKit.Networking,5816848,0.032379083
3,pgpad,2.802,settle,66529,11558193281137,com.apple.audio.SandboxHelper,5521936,0.021271875
3,pgpad,3.055,settle,66526,11558178471219,com.apple.WebKit.WebContent,97141504,0.289877125
3,pgpad,3.055,settle,66522,11558173151067,pgpad-tauri,31851528,0.383049958
3,pgpad,3.055,settle,66523,11558178043546,com.apple.WebKit.GPU,16499504,0.109041167
3,pgpad,3.055,settle,66525,11558178400781,com.apple.WebKit.Networking,5816848,0.032379083
3,pgpad,3.055,settle,66529,11558193281137,com.apple.audio.SandboxHelper,5521936,0.021271875
3,pgpad,3.310,settle,66526,11558178471219,com.apple.WebKit.WebContent,96764672,0.290426292
3,pgpad,3.310,settle,66522,11558173151067,pgpad-tauri,31851528,0.383116125
3,pgpad,3.310,settle,66523,11558178043546,com.apple.WebKit.GPU,16499504,0.109927125
3,pgpad,3.310,settle,66525,11558178400781,com.apple.WebKit.Networking,5816848,0.032379083
3,pgpad,3.310,settle,66529,11558193281137,com.apple.audio.SandboxHelper,5521936,0.021271875
3,pgpad,3.565,settle,66526,11558178471219,com.apple.WebKit.WebContent,96731904,0.290901417
3,pgpad,3.565,settle,66522,11558173151067,pgpad-tauri,31851528,0.383116125
3,pgpad,3.565,settle,66523,11558178043546,com.apple.WebKit.GPU,16483120,0.110062875
3,pgpad,3.565,settle,66525,11558178400781,com.apple.WebKit.Networking,5816848,0.032379083
3,pgpad,3.565,settle,66529,11558193281137,com.apple.audio.SandboxHelper,5521936,0.021271875
3,pgpad,3.816,settle,66526,11558178471219,com.apple.WebKit.WebContent,96731904,0.290901417
3,pgpad,3.816,settle,66522,11558173151067,pgpad-tauri,31851528,0.383439125
3,pgpad,3.816,settle,66523,11558178043546,com.apple.WebKit.GPU,16483120,0.110141000
3,pgpad,3.816,settle,66525,11558178400781,com.apple.WebKit.Networking,5816848,0.032379083
3,pgpad,3.816,settle,66529,11558193281137,com.apple.audio.SandboxHelper,5521936,0.021271875
3,pgpad,4.067,settle,66526,11558178471219,com.apple.WebKit.WebContent,96731904,0.290972292
3,pgpad,4.067,settle,66522,11558173151067,pgpad-tauri,31851528,0.383634958
3,pgpad,4.067,settle,66523,11558178043546,com.apple.WebKit.GPU,16483120,0.110141000
3,pgpad,4.067,settle,66525,11558178400781,com.apple.WebKit.Networking,5816848,0.032379083
3,pgpad,4.067,settle,66529,11558193281137,com.apple.audio.SandboxHelper,5521936,0.021271875
3,pgpad,4.318,settle,66526,11558178471219,com.apple.WebKit.WebContent,96731904,0.290972292
3,pgpad,4.318,settle,66522,11558173151067,pgpad-tauri,31851528,0.384001667
3,pgpad,4.318,settle,66523,11558178043546,com.apple.WebKit.GPU,16483120,0.110141000
3,pgpad,4.318,settle,66525,11558178400781,com.apple.WebKit.Networking,5816848,0.032379083
3,pgpad,4.318,settle,66529,11558193281137,com.apple.audio.SandboxHelper,5521936,0.021271875
3,pgpad,4.573,settle,66526,11558178471219,com.apple.WebKit.WebContent,96731904,0.290972292
3,pgpad,4.573,settle,66522,11558173151067,pgpad-tauri,31851528,0.384203083
3,pgpad,4.573,settle,66523,11558178043546,com.apple.WebKit.GPU,16483120,0.110141000
3,pgpad,4.573,settle,66525,11558178400781,com.apple.WebKit.Networking,5816848,0.032379083
3,pgpad,4.573,settle,66529,11558193281137,com.apple.audio.SandboxHelper,5521936,0.021271875
3,pgpad,4.826,settle,66526,11558178471219,com.apple.WebKit.WebContent,96731904,0.290972292
3,pgpad,4.826,settle,66522,11558173151067,pgpad-tauri,31851528,0.384203083
3,pgpad,4.826,settle,66523,11558178043546,com.apple.WebKit.GPU,16483120,0.110141000
3,pgpad,4.826,settle,66525,11558178400781,com.apple.WebKit.Networking,5816848,0.032379083
3,pgpad,4.826,settle,66529,11558193281137,com.apple.audio.SandboxHelper,5521936,0.021271875
3,pgpad,5.081,settle,66526,11558178471219,com.apple.WebKit.WebContent,96731904,0.290972292
3,pgpad,5.081,settle,66522,11558173151067,pgpad-tauri,31851528,0.384203083
3,pgpad,5.081,settle,66523,11558178043546,com.apple.WebKit.GPU,16483120,0.110141000
3,pgpad,5.081,settle,66525,11558178400781,com.apple.WebKit.Networking,5816848,0.032379083
3,pgpad,5.081,settle,66529,11558193281137,com.apple.audio.SandboxHelper,5521936,0.021271875
3,pgpad,5.336,settle,66526,11558178471219,com.apple.WebKit.WebContent,96731904,0.290972292
3,pgpad,5.336,settle,66522,11558173151067,pgpad-tauri,31851528,0.384782750
3,pgpad,5.336,settle,66523,11558178043546,com.apple.WebKit.GPU,16483120,0.110141000
3,pgpad,5.336,settle,66525,11558178400781,com.apple.WebKit.Networking,5816848,0.032379083
3,pgpad,5.336,settle,66529,11558193281137,com.apple.audio.SandboxHelper,5521936,0.021271875
3,pgpad,5.589,query,66526,11558178471219,com.apple.WebKit.WebContent,96731904,0.290972292
3,pgpad,5.589,query,66522,11558173151067,pgpad-tauri,31605768,0.386201083
3,pgpad,5.589,query,66523,11558178043546,com.apple.WebKit.GPU,16483120,0.110182708
3,pgpad,5.589,query,66525,11558178400781,com.apple.WebKit.Networking,5816848,0.037476833
3,pgpad,5.589,query,66529,11558193281137,com.apple.audio.SandboxHelper,5521936,0.021271875
3,pgpad,5.841,query,66526,11558178471219,com.apple.WebKit.WebContent,96731904,0.291059083
3,pgpad,5.841,query,66522,11558173151067,pgpad-tauri,31605768,0.386201083
3,pgpad,5.841,query,66523,11558178043546,com.apple.WebKit.GPU,16483120,0.110182708
3,pgpad,5.841,query,66525,11558178400781,com.apple.WebKit.Networking,5816848,0.037580083
3,pgpad,5.841,query,66529,11558193281137,com.apple.audio.SandboxHelper,5521936,0.021271875
3,pgpad,6.096,query,66526,11558178471219,com.apple.WebKit.WebContent,96731904,0.291240500
3,pgpad,6.096,query,66522,11558173151067,pgpad-tauri,31605768,0.386201083
3,pgpad,6.096,query,66523,11558178043546,com.apple.WebKit.GPU,16483120,0.110182708
3,pgpad,6.096,query,66525,11558178400781,com.apple.WebKit.Networking,5784080,0.037872542
3,pgpad,6.096,query,66529,11558193281137,com.apple.audio.SandboxHelper,5456400,0.021324333
3,pgpad,6.350,query,66526,11558178471219,com.apple.WebKit.WebContent,96731904,0.291240500
3,pgpad,6.350,query,66522,11558173151067,pgpad-tauri,31605768,0.386201083
3,pgpad,6.350,query,66523,11558178043546,com.apple.WebKit.GPU,16483120,0.110182708
3,pgpad,6.350,query,66525,11558178400781,com.apple.WebKit.Networking,5784080,0.037998042
3,pgpad,6.350,query,66529,11558193281137,com.apple.audio.SandboxHelper,5456400,0.021324333
3,pgpad,6.605,query,66526,11558178471219,com.apple.WebKit.WebContent,96666368,0.291523000
3,pgpad,6.605,query,66522,11558173151067,pgpad-tauri,31605768,0.386201083
3,pgpad,6.605,query,66523,11558178043546,com.apple.WebKit.GPU,16483120,0.110182708
3,pgpad,6.605,query,66525,11558178400781,com.apple.WebKit.Networking,5784080,0.038276792
3,pgpad,6.605,query,66529,11558193281137,com.apple.audio.SandboxHelper,5456400,0.021324333
3,pgpad,6.860,query,66526,11558178471219,com.apple.WebKit.WebContent,96666368,0.291580875
3,pgpad,6.860,query,66522,11558173151067,pgpad-tauri,31605768,0.386201083
3,pgpad,6.860,query,66523,11558178043546,com.apple.WebKit.GPU,16483120,0.110182708
3,pgpad,6.860,query,66525,11558178400781,com.apple.WebKit.Networking,5784080,0.038321375
3,pgpad,6.860,query,66529,11558193281137,com.apple.audio.SandboxHelper,5456400,0.021324333
3,pgpad,7.115,query,66526,11558178471219,com.apple.WebKit.WebContent,96666368,0.291580875
3,pgpad,7.115,query,66522,11558173151067,pgpad-tauri,31605768,0.386201083
3,pgpad,7.115,query,66523,11558178043546,com.apple.WebKit.GPU,16483120,0.110182708
3,pgpad,7.115,query,66525,11558178400781,com.apple.WebKit.Networking,5784080,0.038321375
3,pgpad,7.115,query,66529,11558193281137,com.apple.audio.SandboxHelper,5456400,0.021324333
3,pgpad,7.371,query,66526,11558178471219,com.apple.WebKit.WebContent,96666368,0.291580875
3,pgpad,7.371,query,66522,11558173151067,pgpad-tauri,31605768,0.386201083
3,pgpad,7.371,query,66523,11558178043546,com.apple.WebKit.GPU,16483120,0.110182708
3,pgpad,7.371,query,66525,11558178400781,com.apple.WebKit.Networking,5784080,0.038321375
3,pgpad,7.371,query,66529,11558193281137,com.apple.audio.SandboxHelper,5456400,0.021324333
3,pgpad,7.626,query,66526,11558178471219,com.apple.WebKit.WebContent,96666368,0.291580875
3,pgpad,7.626,query,66522,11558173151067,pgpad-tauri,31605768,0.386201083
3,pgpad,7.626,query,66523,11558178043546,com.apple.WebKit.GPU,16433968,0.110351000
3,pgpad,7.626,query,66525,11558178400781,com.apple.WebKit.Networking,5784080,0.038321375
3,pgpad,7.626,query,66529,11558193281137,com.apple.audio.SandboxHelper,5456400,0.021324333
3,pgpad,7.881,query,66526,11558178471219,com.apple.WebKit.WebContent,96666368,0.291580875
3,pgpad,7.881,query,66522,11558173151067,pgpad-tauri,31605768,0.386201083
3,pgpad,7.881,query,66523,11558178043546,com.apple.WebKit.GPU,16433968,0.110351000
3,pgpad,7.881,query,66525,11558178400781,com.apple.WebKit.Networking,5784080,0.038321375
3,pgpad,7.881,query,66529,11558193281137,com.apple.audio.SandboxHelper,5456400,0.021324333
3,pgpad,8.136,query,66526,11558178471219,com.apple.WebKit.WebContent,96666368,0.291580875
3,pgpad,8.136,query,66522,11558173151067,pgpad-tauri,31605768,0.386201083
3,pgpad,8.136,query,66523,11558178043546,com.apple.WebKit.GPU,16433968,0.110351000
3,pgpad,8.136,query,66525,11558178400781,com.apple.WebKit.Networking,5784080,0.038321375
3,pgpad,8.136,query,66529,11558193281137,com.apple.audio.SandboxHelper,5456400,0.021324333
3,pgpad,8.391,query,66526,11558178471219,com.apple.WebKit.WebContent,96666368,0.291580875
3,pgpad,8.391,query,66522,11558173151067,pgpad-tauri,31605768,0.386201083
3,pgpad,8.391,query,66523,11558178043546,com.apple.WebKit.GPU,16433968,0.110351000
3,pgpad,8.391,query,66525,11558178400781,com.apple.WebKit.Networking,5784080,0.038321375
3,pgpad,8.391,query,66529,11558193281137,com.apple.audio.SandboxHelper,5456400,0.021324333
3,pgpad,8.643,query,66526,11558178471219,com.apple.WebKit.WebContent,96666368,0.291580875
3,pgpad,8.643,query,66522,11558173151067,pgpad-tauri,31605768,0.386201083
3,pgpad,8.643,query,66523,11558178043546,com.apple.WebKit.GPU,16433968,0.110427708
3,pgpad,8.643,query,66525,11558178400781,com.apple.WebKit.Networking,5784080,0.038321375
3,pgpad,8.643,query,66529,11558193281137,com.apple.audio.SandboxHelper,5456400,0.021324333
3,pgpad,8.895,query,66526,11558178471219,com.apple.WebKit.WebContent,96568064,0.293036417
3,pgpad,8.895,query,66522,11558173151067,pgpad-tauri,31556616,0.392846667
3,pgpad,8.895,query,66523,11558178043546,com.apple.WebKit.GPU,16433968,0.110427708
3,pgpad,8.895,query,66525,11558178400781,com.apple.WebKit.Networking,5784080,0.038321375
3,pgpad,8.895,query,66529,11558193281137,com.apple.audio.SandboxHelper,5456400,0.021324333
3,pgpad,9.150,query,66526,11558178471219,com.apple.WebKit.WebContent,96666368,0.297677333
3,pgpad,9.150,query,66522,11558173151067,pgpad-tauri,31556616,0.396887000
3,pgpad,9.150,query,66523,11558178043546,com.apple.WebKit.GPU,16433968,0.110427708
3,pgpad,9.150,query,66525,11558178400781,com.apple.WebKit.Networking,5784080,0.038321375
3,pgpad,9.150,query,66529,11558193281137,com.apple.audio.SandboxHelper,5456400,0.021324333
3,pgpad,9.405,query,66526,11558178471219,com.apple.WebKit.WebContent,96666368,0.298191792
3,pgpad,9.405,query,66522,11558173151067,pgpad-tauri,31556616,0.397726458
3,pgpad,9.405,query,66523,11558178043546,com.apple.WebKit.GPU,16433968,0.110427708
3,pgpad,9.405,query,66525,11558178400781,com.apple.WebKit.Networking,5784080,0.038321375
3,pgpad,9.405,query,66529,11558193281137,com.apple.audio.SandboxHelper,5456400,0.021324333
3,pgpad,9.658,query,66526,11558178471219,com.apple.WebKit.WebContent,96666368,0.298688667
3,pgpad,9.658,query,66522,11558173151067,pgpad-tauri,31556616,0.398029500
3,pgpad,9.658,query,66523,11558178043546,com.apple.WebKit.GPU,16433968,0.110427708
3,pgpad,9.658,query,66525,11558178400781,com.apple.WebKit.Networking,5784080,0.038321375
3,pgpad,9.658,query,66529,11558193281137,com.apple.audio.SandboxHelper,5456400,0.021324333
3,pgpad,9.909,query,66526,11558178471219,com.apple.WebKit.WebContent,96666368,0.298898583
3,pgpad,9.909,query,66522,11558173151067,pgpad-tauri,31556616,0.398153208
3,pgpad,9.909,query,66523,11558178043546,com.apple.WebKit.GPU,16433968,0.110427708
3,pgpad,9.909,query,66525,11558178400781,com.apple.WebKit.Networking,5784080,0.038321375
3,pgpad,9.909,query,66529,11558193281137,com.apple.audio.SandboxHelper,5456400,0.021324333
3,pgpad,10.162,query,66526,11558178471219,com.apple.WebKit.WebContent,96666368,0.299181750
3,pgpad,10.162,query,66522,11558173151067,pgpad-tauri,31556616,0.398428750
3,pgpad,10.162,query,66523,11558178043546,com.apple.WebKit.GPU,16433968,0.110427708
3,pgpad,10.162,query,66525,11558178400781,com.apple.WebKit.Networking,5784080,0.038321375
3,pgpad,10.162,query,66529,11558193281137,com.apple.audio.SandboxHelper,5456400,0.021324333
3,pgpad,10.417,query,66526,11558178471219,com.apple.WebKit.WebContent,96666368,0.299388042
3,pgpad,10.417,query,66522,11558173151067,pgpad-tauri,31556616,0.398478208
3,pgpad,10.417,query,66523,11558178043546,com.apple.WebKit.GPU,16433968,0.110427708
3,pgpad,10.417,query,66525,11558178400781,com.apple.WebKit.Networking,5784080,0.038321375
3,pgpad,10.417,query,66529,11558193281137,com.apple.audio.SandboxHelper,5456400,0.021324333
3,pgpad,10.668,query,66526,11558178471219,com.apple.WebKit.WebContent,147997440,0.313428750
3,pgpad,10.668,query,66523,11558178043546,com.apple.WebKit.GPU,44860232,0.124205417
3,pgpad,10.668,query,66522,11558173151067,pgpad-tauri,31605768,0.404547292
3,pgpad,10.668,query,66525,11558178400781,com.apple.WebKit.Networking,5702160,0.039501000
3,pgpad,10.668,query,66529,11558193281137,com.apple.audio.SandboxHelper,5456400,0.021324333
3,pgpad,10.924,query,66526,11558178471219,com.apple.WebKit.WebContent,200147712,0.367079875
3,pgpad,10.924,query,66523,11558178043546,com.apple.WebKit.GPU,46482320,0.162755042
3,pgpad,10.924,query,66522,11558173151067,pgpad-tauri,31949832,0.431466833
3,pgpad,10.924,query,66525,11558178400781,com.apple.WebKit.Networking,5702160,0.039584667
3,pgpad,10.924,query,66529,11558193281137,com.apple.audio.SandboxHelper,5456400,0.021324333
3,pgpad,11.179,query,66526,11558178471219,com.apple.WebKit.WebContent,200082176,0.368506917
3,pgpad,11.179,query,66523,11558178043546,com.apple.WebKit.GPU,46498704,0.163032333
3,pgpad,11.179,query,66522,11558173151067,pgpad-tauri,31933448,0.432704750
3,pgpad,11.179,query,66525,11558178400781,com.apple.WebKit.Networking,5702160,0.039695000
3,pgpad,11.179,query,66529,11558193281137,com.apple.audio.SandboxHelper,5456400,0.021324333
3,pgpad,11.434,query,66526,11558178471219,com.apple.WebKit.WebContent,200065792,0.370957333
3,pgpad,11.434,query,66523,11558178043546,com.apple.WebKit.GPU,46498704,0.165239667
3,pgpad,11.434,query,66522,11558173151067,pgpad-tauri,31917064,0.433998250
3,pgpad,11.434,query,66525,11558178400781,com.apple.WebKit.Networking,5653008,0.039988417
3,pgpad,11.434,query,66529,11558193281137,com.apple.audio.SandboxHelper,5456400,0.021324333
3,pgpad,11.688,query,66526,11558178471219,com.apple.WebKit.WebContent,199901952,0.371781958
3,pgpad,11.688,query,66523,11558178043546,com.apple.WebKit.GPU,36668304,0.165893333
3,pgpad,11.688,query,66522,11558173151067,pgpad-tauri,31900680,0.434628500
3,pgpad,11.688,query,66525,11558178400781,com.apple.WebKit.Networking,5653008,0.040238375
3,pgpad,11.688,query,66529,11558193281137,com.apple.audio.SandboxHelper,5456400,0.021324333
3,pgpad,11.946,query,66526,11558178471219,com.apple.WebKit.WebContent,149816064,0.398368958
3,pgpad,11.946,query,66523,11558178043546,com.apple.WebKit.GPU,41485200,0.175805917
3,pgpad,11.946,query,66522,11558173151067,pgpad-tauri,31998984,0.446326792
3,pgpad,11.946,query,66525,11558178400781,com.apple.WebKit.Networking,5702160,0.041180500
3,pgpad,11.946,query,66529,11558193281137,com.apple.audio.SandboxHelper,5456400,0.021324333
3,pgpad,12.200,query,66526,11558178471219,com.apple.WebKit.WebContent,149848832,0.410051792
3,pgpad,12.200,query,66523,11558178043546,com.apple.WebKit.GPU,41436048,0.176487333
3,pgpad,12.200,query,66522,11558173151067,pgpad-tauri,32130056,0.461812208
3,pgpad,12.200,query,66585,11558461237442,com.apple.SafariPlatformSupport,9765464,0.115299750
3,pgpad,12.200,query,66525,11558178400781,com.apple.WebKit.Networking,5702160,0.041299708
3,pgpad,12.200,query,66529,11558193281137,com.apple.audio.SandboxHelper,5456400,0.021324333
3,pgpad,12.455,query,66526,11558178471219,com.apple.WebKit.WebContent,162808576,0.416661042
3,pgpad,12.455,query,66523,11558178043546,com.apple.WebKit.GPU,41468816,0.178217792
3,pgpad,12.455,query,66522,11558173151067,pgpad-tauri,32654344,0.477526542
3,pgpad,12.455,query,66585,11558461237442,com.apple.SafariPlatformSupport,9749080,0.117259917
3,pgpad,12.455,query,66525,11558178400781,com.apple.WebKit.Networking,5702160,0.041441708
3,pgpad,12.455,query,66529,11558193281137,com.apple.audio.SandboxHelper,5456400,0.021324333
3,pgpad,12.706,query,66526,11558178471219,com.apple.WebKit.WebContent,162824960,0.417831583
3,pgpad,12.706,query,66523,11558178043546,com.apple.WebKit.GPU,41468816,0.178578417
3,pgpad,12.706,query,66522,11558173151067,pgpad-tauri,32637960,0.478026667
3,pgpad,12.706,query,66585,11558461237442,com.apple.SafariPlatformSupport,9749080,0.117259917
3,pgpad,12.706,query,66525,11558178400781,com.apple.WebKit.Networking,5702160,0.041616750
3,pgpad,12.706,query,66529,11558193281137,com.apple.audio.SandboxHelper,5456400,0.021324333
3,pgpad,12.959,query,66526,11558178471219,com.apple.WebKit.WebContent,163742464,0.436665083
3,pgpad,12.959,query,66523,11558178043546,com.apple.WebKit.GPU,42320784,0.184386708
3,pgpad,12.959,query,66522,11558173151067,pgpad-tauri,32883720,0.493090875
3,pgpad,12.959,query,66585,11558461237442,com.apple.SafariPlatformSupport,9749080,0.117259917
3,pgpad,12.959,query,66525,11558178400781,com.apple.WebKit.Networking,5702160,0.041816625
3,pgpad,12.959,query,66529,11558193281137,com.apple.audio.SandboxHelper,5456400,0.021324333
3,pgpad,13.213,query,66526,11558178471219,com.apple.WebKit.WebContent,163742464,0.437493750
3,pgpad,13.213,query,66523,11558178043546,com.apple.WebKit.GPU,42320784,0.184955833
3,pgpad,13.213,query,66522,11558173151067,pgpad-tauri,32867336,0.493842417
3,pgpad,13.213,query,66585,11558461237442,com.apple.SafariPlatformSupport,9749080,0.117259917
3,pgpad,13.213,query,66525,11558178400781,com.apple.WebKit.Networking,5702160,0.041921000
3,pgpad,13.213,query,66529,11558193281137,com.apple.audio.SandboxHelper,5456400,0.021324333
3,pgpad,13.467,query,66526,11558178471219,com.apple.WebKit.WebContent,162759424,0.445726583
3,pgpad,13.467,query,66523,11558178043546,com.apple.WebKit.GPU,42304400,0.189210458
3,pgpad,13.467,query,66522,11558173151067,pgpad-tauri,32900104,0.499191042
3,pgpad,13.467,query,66585,11558461237442,com.apple.SafariPlatformSupport,9749080,0.117358792
3,pgpad,13.467,query,66525,11558178400781,com.apple.WebKit.Networking,5702160,0.041976417
3,pgpad,13.467,query,66529,11558193281137,com.apple.audio.SandboxHelper,5456400,0.021324333
3,pgpad,13.721,query,66526,11558178471219,com.apple.WebKit.WebContent,162759424,0.464011792
3,pgpad,13.721,query,66523,11558178043546,com.apple.WebKit.GPU,37372816,0.191785167
3,pgpad,13.721,query,66522,11558173151067,pgpad-tauri,32916488,0.506388167
3,pgpad,13.721,query,66585,11558461237442,com.apple.SafariPlatformSupport,9749080,0.117358792
3,pgpad,13.721,query,66525,11558178400781,com.apple.WebKit.Networking,5702160,0.041976417
3,pgpad,13.721,query,66529,11558193281137,com.apple.audio.SandboxHelper,5456400,0.021324333
3,pgpad,13.976,query,66526,11558178471219,com.apple.WebKit.WebContent,124453632,0.465134167
3,pgpad,13.976,query,66523,11558178043546,com.apple.WebKit.GPU,34194320,0.193123458
3,pgpad,13.976,query,66522,11558173151067,pgpad-tauri,32900104,0.507034208
3,pgpad,13.976,query,66585,11558461237442,com.apple.SafariPlatformSupport,9749080,0.117358792
3,pgpad,13.976,query,66525,11558178400781,com.apple.WebKit.Networking,5702160,0.041976417
3,pgpad,13.976,query,66529,11558193281137,com.apple.audio.SandboxHelper,5456400,0.021324333
3,pgpad,14.230,query,66526,11558178471219,com.apple.WebKit.WebContent,163513088,0.490274583
3,pgpad,14.230,query,66523,11558178043546,com.apple.WebKit.GPU,37471120,0.199493917
3,pgpad,14.230,query,66522,11558173151067,pgpad-tauri,32982024,0.513969000
3,pgpad,14.230,query,66585,11558461237442,com.apple.SafariPlatformSupport,9749080,0.117462625
3,pgpad,14.230,query,66525,11558178400781,com.apple.WebKit.Networking,5702160,0.041976417
3,pgpad,14.230,query,66529,11558193281137,com.apple.audio.SandboxHelper,5456400,0.021324333
3,pgpad,14.485,query,66526,11558178471219,com.apple.WebKit.WebContent,249889584,0.702616500
3,pgpad,14.485,query,66523,11558178043546,com.apple.WebKit.GPU,51790760,0.223200458
3,pgpad,14.485,query,66522,11558173151067,pgpad-tauri,34866184,0.546564958
3,pgpad,14.485,query,66585,11558461237442,com.apple.SafariPlatformSupport,9749080,0.117480167
3,pgpad,14.485,query,66525,11558178400781,com.apple.WebKit.Networking,5702160,0.041976417
3,pgpad,14.485,query,66529,11558193281137,com.apple.audio.SandboxHelper,5456400,0.021324333
3,pgpad,14.740,query,66526,11558178471219,com.apple.WebKit.WebContent,249840432,0.703956333
3,pgpad,14.740,query,66523,11558178043546,com.apple.WebKit.GPU,51790760,0.223688583
3,pgpad,14.740,query,66522,11558173151067,pgpad-tauri,34849800,0.547350083
3,pgpad,14.740,query,66585,11558461237442,com.apple.SafariPlatformSupport,9749080,0.117480167
3,pgpad,14.740,query,66525,11558178400781,com.apple.WebKit.Networking,5702160,0.041976417
3,pgpad,14.740,query,66529,11558193281137,com.apple.audio.SandboxHelper,5456400,0.021324333
3,pgpad,14.995,query,66526,11558178471219,com.apple.WebKit.WebContent,248529712,0.711309625
3,pgpad,14.995,query,66523,11558178043546,com.apple.WebKit.GPU,51790760,0.224396667
3,pgpad,14.995,query,66522,11558173151067,pgpad-tauri,34849800,0.550503708
3,pgpad,14.995,query,66585,11558461237442,com.apple.SafariPlatformSupport,9749080,0.117480167
3,pgpad,14.995,query,66525,11558178400781,com.apple.WebKit.Networking,5702160,0.041976417
3,pgpad,14.995,query,66529,11558193281137,com.apple.audio.SandboxHelper,5456400,0.021324333
3,pgpad,15.249,query,66526,11558178471219,com.apple.WebKit.WebContent,246170416,0.713896917
3,pgpad,15.249,query,66523,11558178043546,com.apple.WebKit.GPU,51741608,0.224983000
3,pgpad,15.249,query,66522,11558173151067,pgpad-tauri,34833416,0.551206792
3,pgpad,15.249,query,66585,11558461237442,com.apple.SafariPlatformSupport,9749080,0.117480167
3,pgpad,15.249,query,66525,11558178400781,com.apple.WebKit.Networking,5702160,0.041976417
3,pgpad,15.249,query,66529,11558193281137,com.apple.audio.SandboxHelper,5456400,0.021324333
3,pgpad,15.505,query,66526,11558178471219,com.apple.WebKit.WebContent,186303280,0.721251542
3,pgpad,15.505,query,66523,11558178043546,com.apple.WebKit.GPU,41157544,0.227147917
3,pgpad,15.505,query,66522,11558173151067,pgpad-tauri,34817032,0.554448875
3,pgpad,15.505,query,66585,11558461237442,com.apple.SafariPlatformSupport,9749080,0.117480167
3,pgpad,15.505,query,66525,11558178400781,com.apple.WebKit.Networking,5702160,0.041976417
3,pgpad,15.505,query,66529,11558193281137,com.apple.audio.SandboxHelper,5456400,0.021324333
3,pgpad,15.760,query,66526,11558178471219,com.apple.WebKit.WebContent,180667184,0.723542542
3,pgpad,15.760,query,66522,11558173151067,pgpad-tauri,34800648,0.555217542
3,pgpad,15.760,query,66523,11558178043546,com.apple.WebKit.GPU,22660008,0.228119958
3,pgpad,15.760,query,66585,11558461237442,com.apple.SafariPlatformSupport,9749080,0.117480167
3,pgpad,15.760,query,66525,11558178400781,com.apple.WebKit.Networking,5702160,0.041976417
3,pgpad,15.760,query,66529,11558193281137,com.apple.audio.SandboxHelper,5456400,0.021324333
3,pgpad,16.015,query,66526,11558178471219,com.apple.WebKit.WebContent,180634416,0.726469500
3,pgpad,16.015,query,66522,11558173151067,pgpad-tauri,34817032,0.556393208
3,pgpad,16.015,query,66523,11558178043546,com.apple.WebKit.GPU,22660008,0.228581250
3,pgpad,16.015,query,66585,11558461237442,com.apple.SafariPlatformSupport,9749080,0.117480167
3,pgpad,16.015,query,66525,11558178400781,com.apple.WebKit.Networking,5702160,0.041976417
3,pgpad,16.015,query,66529,11558193281137,com.apple.audio.SandboxHelper,5456400,0.021324333
3,pgpad,16.267,query,66526,11558178471219,com.apple.WebKit.WebContent,240534320,0.744253125
3,pgpad,16.267,query,66523,11558178043546,com.apple.WebKit.GPU,48612264,0.238845292
3,pgpad,16.267,query,66522,11558173151067,pgpad-tauri,34849800,0.563110458
3,pgpad,16.267,query,66585,11558461237442,com.apple.SafariPlatformSupport,9749080,0.117480167
3,pgpad,16.267,query,66525,11558178400781,com.apple.WebKit.Networking,5702160,0.041976417
3,pgpad,16.267,query,66529,11558193281137,com.apple.audio.SandboxHelper,5456400,0.021324333
3,pgpad,16.517,query,66526,11558178471219,com.apple.WebKit.WebContent,280265520,0.788644250
3,pgpad,16.517,query,66523,11558178043546,com.apple.WebKit.GPU,49562560,0.264958667
3,pgpad,16.517,query,66522,11558173151067,pgpad-tauri,34849800,0.570823667
3,pgpad,16.517,query,66585,11558461237442,com.apple.SafariPlatformSupport,9749080,0.117724458
3,pgpad,16.517,query,66525,11558178400781,com.apple.WebKit.Networking,5702160,0.042615292
3,pgpad,16.517,query,66529,11558193281137,com.apple.audio.SandboxHelper,5456400,0.021324333
3,pgpad,16.771,query,66526,11558178471219,com.apple.WebKit.WebContent,280363824,0.800132708
3,pgpad,16.771,query,66523,11558178043546,com.apple.WebKit.GPU,49578944,0.273591792
3,pgpad,16.771,query,66522,11558173151067,pgpad-tauri,34849800,0.575537250
3,pgpad,16.771,query,66585,11558461237442,com.apple.SafariPlatformSupport,9749080,0.117724458
3,pgpad,16.771,query,66525,11558178400781,com.apple.WebKit.Networking,5702160,0.042785958
3,pgpad,16.771,query,66529,11558193281137,com.apple.audio.SandboxHelper,5456400,0.021324333
3,pgpad,17.026,query,66526,11558178471219,com.apple.WebKit.WebContent,281035568,0.848455750
3,pgpad,17.026,query,66523,11558178043546,com.apple.WebKit.GPU,49644480,0.293349458
3,pgpad,17.026,query,66522,11558173151067,pgpad-tauri,34849800,0.583142000
3,pgpad,17.026,query,66585,11558461237442,com.apple.SafariPlatformSupport,9749080,0.117724458
3,pgpad,17.026,query,66525,11558178400781,com.apple.WebKit.Networking,5685776,0.042949125
3,pgpad,17.026,query,66529,11558193281137,com.apple.audio.SandboxHelper,5456400,0.021324333
3,pgpad,17.282,query,66526,11558178471219,com.apple.WebKit.WebContent,281133872,0.858424583
3,pgpad,17.282,query,66523,11558178043546,com.apple.WebKit.GPU,49644480,0.302386583
3,pgpad,17.282,query,66522,11558173151067,pgpad-tauri,34849800,0.587547042
3,pgpad,17.282,query,66585,11558461237442,com.apple.SafariPlatformSupport,9749080,0.118370875
3,pgpad,17.282,query,66525,11558178400781,com.apple.WebKit.Networking,5685776,0.043214833
3,pgpad,17.282,query,66529,11558193281137,com.apple.audio.SandboxHelper,5456400,0.021324333
3,pgpad,17.537,query,66526,11558178471219,com.apple.WebKit.WebContent,281690928,0.896784333
3,pgpad,17.537,query,66523,11558178043546,com.apple.WebKit.GPU,48956352,0.327457292
3,pgpad,17.537,query,66522,11558173151067,pgpad-tauri,34882568,0.596452042
3,pgpad,17.537,query,66585,11558461237442,com.apple.SafariPlatformSupport,9749080,0.118370875
3,pgpad,17.537,query,66525,11558178400781,com.apple.WebKit.Networking,5685776,0.043315167
3,pgpad,17.537,query,66529,11558193281137,com.apple.audio.SandboxHelper,5456400,0.021324333
3,pgpad,17.792,query,66526,11558178471219,com.apple.WebKit.WebContent,281690928,0.897702458
3,pgpad,17.792,query,66523,11558178043546,com.apple.WebKit.GPU,48956352,0.327766417
3,pgpad,17.792,query,66522,11558173151067,pgpad-tauri,34866184,0.597022292
3,pgpad,17.792,query,66585,11558461237442,com.apple.SafariPlatformSupport,9749080,0.118370875
3,pgpad,17.792,query,66525,11558178400781,com.apple.WebKit.Networking,5669392,0.043487833
3,pgpad,17.792,query,66529,11558193281137,com.apple.audio.SandboxHelper,5456400,0.021324333
3,pgpad,18.047,query,66526,11558178471219,com.apple.WebKit.WebContent,281674544,0.907796083
3,pgpad,18.047,query,66523,11558178043546,com.apple.WebKit.GPU,60851136,0.337445500
3,pgpad,18.047,query,66522,11558173151067,pgpad-tauri,34849800,0.602968083
3,pgpad,18.047,query,66585,11558461237442,com.apple.SafariPlatformSupport,9749080,0.118370875
3,pgpad,18.047,query,66525,11558178400781,com.apple.WebKit.Networking,5669392,0.043529875
3,pgpad,18.047,query,66529,11558193281137,com.apple.audio.SandboxHelper,5456400,0.021324333
3,pgpad,18.302,after-query,66526,11558178471219,com.apple.WebKit.WebContent,268305200,0.948570750
3,pgpad,18.302,after-query,66523,11558178043546,com.apple.WebKit.GPU,54068160,0.360651833
3,pgpad,18.302,after-query,66522,11558173151067,pgpad-tauri,34849800,0.611230000
3,pgpad,18.302,after-query,66585,11558461237442,com.apple.SafariPlatformSupport,9749080,0.118370875
3,pgpad,18.302,after-query,66525,11558178400781,com.apple.WebKit.Networking,5669392,0.043529875
3,pgpad,18.302,after-query,66529,11558193281137,com.apple.audio.SandboxHelper,5456400,0.021324333
3,pgpad,18.554,after-query,66526,11558178471219,com.apple.WebKit.WebContent,268288816,0.950145167
3,pgpad,18.554,after-query,66523,11558178043546,com.apple.WebKit.GPU,54068160,0.361199708
3,pgpad,18.554,after-query,66522,11558173151067,pgpad-tauri,34784264,0.612015125
3,pgpad,18.554,after-query,66585,11558461237442,com.apple.SafariPlatformSupport,9749080,0.118370875
3,pgpad,18.554,after-query,66525,11558178400781,com.apple.WebKit.Networking,5669392,0.043529875
3,pgpad,18.554,after-query,66529,11558193281137,com.apple.audio.SandboxHelper,5456400,0.021324333
3,pgpad,18.809,after-query,66526,11558178471219,com.apple.WebKit.WebContent,268272432,0.952166333
3,pgpad,18.809,after-query,66523,11558178043546,com.apple.WebKit.GPU,54068160,0.361858375
3,pgpad,18.809,after-query,66522,11558173151067,pgpad-tauri,34653192,0.614106875
3,pgpad,18.809,after-query,66585,11558461237442,com.apple.SafariPlatformSupport,9749080,0.118370875
3,pgpad,18.809,after-query,66525,11558178400781,com.apple.WebKit.Networking,5669392,0.043529875
3,pgpad,18.809,after-query,66529,11558193281137,com.apple.audio.SandboxHelper,5456400,0.021324333
3,pgpad,19.061,after-query,66526,11558178471219,com.apple.WebKit.WebContent,267928368,0.952944333
3,pgpad,19.061,after-query,66523,11558178043546,com.apple.WebKit.GPU,54051776,0.362222458
3,pgpad,19.061,after-query,66522,11558173151067,pgpad-tauri,34653192,0.614473958
3,pgpad,19.061,after-query,66585,11558461237442,com.apple.SafariPlatformSupport,9749080,0.118370875
3,pgpad,19.061,after-query,66525,11558178400781,com.apple.WebKit.Networking,5669392,0.043529875
3,pgpad,19.061,after-query,66529,11558193281137,com.apple.audio.SandboxHelper,5456400,0.021324333
3,pgpad,19.312,after-query,66526,11558178471219,com.apple.WebKit.WebContent,241828656,0.953577000
3,pgpad,19.312,after-query,66523,11558178043546,com.apple.WebKit.GPU,52741056,0.363528875
3,pgpad,19.312,after-query,66522,11558173151067,pgpad-tauri,34653192,0.614626750
3,pgpad,19.312,after-query,66585,11558461237442,com.apple.SafariPlatformSupport,9749080,0.118370875
3,pgpad,19.312,after-query,66525,11558178400781,com.apple.WebKit.Networking,5669392,0.043529875
3,pgpad,19.312,after-query,66529,11558193281137,com.apple.audio.SandboxHelper,5456400,0.021324333
3,pgpad,19.563,after-query,66526,11558178471219,com.apple.WebKit.WebContent,182453040,0.953853333
3,pgpad,19.563,after-query,66522,11558173151067,pgpad-tauri,34571272,0.615168958
3,pgpad,19.563,after-query,66523,11558178043546,com.apple.WebKit.GPU,20890560,0.364377292
3,pgpad,19.563,after-query,66585,11558461237442,com.apple.SafariPlatformSupport,9749080,0.118370875
3,pgpad,19.563,after-query,66525,11558178400781,com.apple.WebKit.Networking,5669392,0.043529875
3,pgpad,19.563,after-query,66529,11558193281137,com.apple.audio.SandboxHelper,5456400,0.021324333
3,pgpad,19.818,after-query,66526,11558178471219,com.apple.WebKit.WebContent,182436656,0.954349458
3,pgpad,19.818,after-query,66522,11558173151067,pgpad-tauri,34571272,0.615168958
3,pgpad,19.818,after-query,66523,11558178043546,com.apple.WebKit.GPU,20890560,0.364560750
3,pgpad,19.818,after-query,66585,11558461237442,com.apple.SafariPlatformSupport,9732696,0.118717458
3,pgpad,19.818,after-query,66525,11558178400781,com.apple.WebKit.Networking,5669392,0.043529875
3,pgpad,19.818,after-query,66529,11558193281137,com.apple.audio.SandboxHelper,5456400,0.021324333
3,pgpad,20.073,after-query,66526,11558178471219,com.apple.WebKit.WebContent,182436656,0.954798917
3,pgpad,20.073,after-query,66522,11558173151067,pgpad-tauri,34571272,0.615216625
3,pgpad,20.073,after-query,66523,11558178043546,com.apple.WebKit.GPU,20890560,0.364781875
3,pgpad,20.073,after-query,66585,11558461237442,com.apple.SafariPlatformSupport,9732696,0.118717458
3,pgpad,20.073,after-query,66525,11558178400781,com.apple.WebKit.Networking,5669392,0.043529875
3,pgpad,20.073,after-query,66529,11558193281137,com.apple.audio.SandboxHelper,5456400,0.021324333
3,pgpad,20.328,after-query,66526,11558178471219,com.apple.WebKit.WebContent,182403888,0.955408792
3,pgpad,20.328,after-query,66522,11558173151067,pgpad-tauri,34571272,0.615216625
3,pgpad,20.328,after-query,66523,11558178043546,com.apple.WebKit.GPU,20890560,0.365095583
3,pgpad,20.328,after-query,66585,11558461237442,com.apple.SafariPlatformSupport,9732696,0.118717458
3,pgpad,20.328,after-query,66525,11558178400781,com.apple.WebKit.Networking,5669392,0.043529875
3,pgpad,20.328,after-query,66529,11558193281137,com.apple.audio.SandboxHelper,5456400,0.021324333
3,pgpad,20.583,after-query,66526,11558178471219,com.apple.WebKit.WebContent,182403888,0.955709333
3,pgpad,20.583,after-query,66522,11558173151067,pgpad-tauri,34571272,0.615216625
3,pgpad,20.583,after-query,66523,11558178043546,com.apple.WebKit.GPU,20825024,0.365583375
3,pgpad,20.583,after-query,66585,11558461237442,com.apple.SafariPlatformSupport,9732696,0.118717458
3,pgpad,20.583,after-query,66525,11558178400781,com.apple.WebKit.Networking,5669392,0.043529875
3,pgpad,20.583,after-query,66529,11558193281137,com.apple.audio.SandboxHelper,5456400,0.021324333
3,pgpad,20.837,after-query,66526,11558178471219,com.apple.WebKit.WebContent,182321968,0.956450792
3,pgpad,20.837,after-query,66522,11558173151067,pgpad-tauri,34554888,0.615438292
3,pgpad,20.837,after-query,66523,11558178043546,com.apple.WebKit.GPU,20825024,0.365651792
3,pgpad,20.837,after-query,66585,11558461237442,com.apple.SafariPlatformSupport,9732696,0.118717458
3,pgpad,20.837,after-query,66525,11558178400781,com.apple.WebKit.Networking,5669392,0.043529875
3,pgpad,20.837,after-query,66529,11558193281137,com.apple.audio.SandboxHelper,5456400,0.021324333
3,pgpad,21.087,after-query,66526,11558178471219,com.apple.WebKit.WebContent,182354736,0.959068167
3,pgpad,21.087,after-query,66522,11558173151067,pgpad-tauri,34554888,0.617073833
3,pgpad,21.087,after-query,66523,11558178043546,com.apple.WebKit.GPU,20825024,0.365651792
3,pgpad,21.087,after-query,66585,11558461237442,com.apple.SafariPlatformSupport,9732696,0.118717458
3,pgpad,21.087,after-query,66525,11558178400781,com.apple.WebKit.Networking,5669392,0.043529875
3,pgpad,21.087,after-query,66529,11558193281137,com.apple.audio.SandboxHelper,5456400,0.021324333
3,pgpad,21.339,after-query,66526,11558178471219,com.apple.WebKit.WebContent,182354736,0.959500083
3,pgpad,21.339,after-query,66522,11558173151067,pgpad-tauri,34554888,0.617464708
3,pgpad,21.339,after-query,66523,11558178043546,com.apple.WebKit.GPU,20825024,0.365651792
3,pgpad,21.339,after-query,66585,11558461237442,com.apple.SafariPlatformSupport,9732696,0.118717458
3,pgpad,21.339,after-query,66525,11558178400781,com.apple.WebKit.Networking,5669392,0.043529875
3,pgpad,21.339,after-query,66529,11558193281137,com.apple.audio.SandboxHelper,5456400,0.021324333
3,pgpad,21.593,after-query,66526,11558178471219,com.apple.WebKit.WebContent,182305584,0.959822917
3,pgpad,21.593,after-query,66522,11558173151067,pgpad-tauri,34554888,0.617674375
3,pgpad,21.593,after-query,66523,11558178043546,com.apple.WebKit.GPU,20825024,0.365651792
3,pgpad,21.593,after-query,66585,11558461237442,com.apple.SafariPlatformSupport,9732696,0.118717458
3,pgpad,21.593,after-query,66525,11558178400781,com.apple.WebKit.Networking,5669392,0.043529875
3,pgpad,21.593,after-query,66529,11558193281137,com.apple.audio.SandboxHelper,5456400,0.021324333
3,pgpad,21.848,after-query,66526,11558178471219,com.apple.WebKit.WebContent,182305584,0.960243292
3,pgpad,21.848,after-query,66522,11558173151067,pgpad-tauri,34554888,0.618042500
3,pgpad,21.848,after-query,66523,11558178043546,com.apple.WebKit.GPU,20825024,0.365651792
3,pgpad,21.848,after-query,66585,11558461237442,com.apple.SafariPlatformSupport,9683544,0.118897250
3,pgpad,21.848,after-query,66525,11558178400781,com.apple.WebKit.Networking,5669392,0.043529875
3,pgpad,21.848,after-query,66529,11558193281137,com.apple.audio.SandboxHelper,5456400,0.021324333
3,pgpad,22.104,after-query,66526,11558178471219,com.apple.WebKit.WebContent,182305584,0.960512042
3,pgpad,22.104,after-query,66522,11558173151067,pgpad-tauri,34554888,0.618282000
3,pgpad,22.104,after-query,66523,11558178043546,com.apple.WebKit.GPU,20825024,0.365651792
3,pgpad,22.104,after-query,66585,11558461237442,com.apple.SafariPlatformSupport,9683544,0.118897250
3,pgpad,22.104,after-query,66525,11558178400781,com.apple.WebKit.Networking,5669392,0.043529875
3,pgpad,22.104,after-query,66529,11558193281137,com.apple.audio.SandboxHelper,5456400,0.021324333
3,pgpad,22.355,after-query,66526,11558178471219,com.apple.WebKit.WebContent,182305584,0.960706625
3,pgpad,22.355,after-query,66522,11558173151067,pgpad-tauri,34554888,0.618464250
3,pgpad,22.355,after-query,66523,11558178043546,com.apple.WebKit.GPU,20825024,0.365651792
3,pgpad,22.355,after-query,66585,11558461237442,com.apple.SafariPlatformSupport,9683544,0.118897250
3,pgpad,22.355,after-query,66525,11558178400781,com.apple.WebKit.Networking,5669392,0.043529875
3,pgpad,22.355,after-query,66529,11558193281137,com.apple.audio.SandboxHelper,5456400,0.021324333
3,pgpad,22.610,after-query,66526,11558178471219,com.apple.WebKit.WebContent,182305584,0.960843667
3,pgpad,22.610,after-query,66522,11558173151067,pgpad-tauri,34554888,0.618517042
3,pgpad,22.610,after-query,66523,11558178043546,com.apple.WebKit.GPU,20825024,0.365651792
3,pgpad,22.610,after-query,66585,11558461237442,com.apple.SafariPlatformSupport,9683544,0.118897250
3,pgpad,22.610,after-query,66525,11558178400781,com.apple.WebKit.Networking,5669392,0.043529875
3,pgpad,22.610,after-query,66529,11558193281137,com.apple.audio.SandboxHelper,5456400,0.021324333
3,pgpad,22.865,after-query,66526,11558178471219,com.apple.WebKit.WebContent,182305584,0.960843667
3,pgpad,22.865,after-query,66522,11558173151067,pgpad-tauri,34554888,0.618517042
3,pgpad,22.865,after-query,66523,11558178043546,com.apple.WebKit.GPU,20825024,0.365651792
3,pgpad,22.865,after-query,66585,11558461237442,com.apple.SafariPlatformSupport,9683544,0.118897250
3,pgpad,22.865,after-query,66525,11558178400781,com.apple.WebKit.Networking,5669392,0.043529875
3,pgpad,22.865,after-query,66529,11558193281137,com.apple.audio.SandboxHelper,5456400,0.021324333
3,pgpad,23.118,after-query,66526,11558178471219,com.apple.WebKit.WebContent,182305584,0.960843667
3,pgpad,23.118,after-query,66522,11558173151067,pgpad-tauri,34554888,0.618517042
3,pgpad,23.118,after-query,66523,11558178043546,com.apple.WebKit.GPU,20825024,0.365651792
3,pgpad,23.118,after-query,66585,11558461237442,com.apple.SafariPlatformSupport,9683544,0.118897250
3,pgpad,23.118,after-query,66525,11558178400781,com.apple.WebKit.Networking,5669392,0.043529875
3,pgpad,23.118,after-query,66529,11558193281137,com.apple.audio.SandboxHelper,5456400,0.021324333
3,pgpad,23.374,after-query,66526,11558178471219,com.apple.WebKit.WebContent,182289200,0.961027000
3,pgpad,23.374,after-query,66522,11558173151067,pgpad-tauri,34505736,0.618853375
3,pgpad,23.374,after-query,66523,11558178043546,com.apple.WebKit.GPU,20693952,0.365849042
3,pgpad,23.374,after-query,66585,11558461237442,com.apple.SafariPlatformSupport,9683544,0.118897250
3,pgpad,23.374,after-query,66525,11558178400781,com.apple.WebKit.Networking,5669392,0.043529875
3,pgpad,23.374,after-query,66529,11558193281137,com.apple.audio.SandboxHelper,5456400,0.021324333
3,pgpad,23.629,after-query,66526,11558178471219,com.apple.WebKit.WebContent,189317936,0.961027000
3,pgpad,23.629,after-query,66522,11558173151067,pgpad-tauri,34964488,0.618853375
3,pgpad,23.629,after-query,66523,11558178043546,com.apple.WebKit.GPU,22725568,0.365919875
3,pgpad,23.629,after-query,66585,11558461237442,com.apple.SafariPlatformSupport,9683544,0.118897250
3,pgpad,23.629,after-query,66525,11558178400781,com.apple.WebKit.Networking,6570512,0.043529875
3,pgpad,23.629,after-query,66529,11558193281137,com.apple.audio.SandboxHelper,5456400,0.021324333
3,dbeaver,0.255,launch,66649,11558862250765,dbeaver,22725520,0.123158708
3,dbeaver,0.506,launch,66649,11558862250765,dbeaver,67191792,0.561720333
3,dbeaver,0.761,launch,66649,11558862250765,dbeaver,114410528,1.177060833
3,dbeaver,1.016,launch,66649,11558862250765,dbeaver,140903456,1.718469000
3,dbeaver,1.271,launch,66649,11558862250765,dbeaver,160318496,2.360333833
3,dbeaver,1.527,launch,66649,11558862250765,dbeaver,183518504,2.997067333
3,dbeaver,1.782,launch,66649,11558862250765,dbeaver,222774640,3.758751250
3,dbeaver,2.037,launch,66649,11558862250765,dbeaver,254133640,4.221936750
3,dbeaver,2.292,launch,66649,11558862250765,dbeaver,268928392,4.811784708
3,dbeaver,2.544,launch,66649,11558862250765,dbeaver,285754760,5.681465542
3,dbeaver,2.799,launch,66649,11558862250765,dbeaver,298894752,6.686977875
3,dbeaver,3.054,launch,66649,11558862250765,dbeaver,312886712,7.362153375
3,dbeaver,3.309,launch,66649,11558862250765,dbeaver,322455208,8.104798958
3,dbeaver,3.563,launch,66649,11558862250765,dbeaver,575227920,8.788249458
3,dbeaver,3.818,settle,66649,11558862250765,dbeaver,809830440,9.384041208
3,dbeaver,3.818,settle,66665,11558947746467,com.apple.SafariPlatformSupport,8454768,0.099759417
3,dbeaver,4.073,settle,66649,11558862250765,dbeaver,875415592,9.930655625
3,dbeaver,4.073,settle,66665,11558947746467,com.apple.SafariPlatformSupport,9863792,0.123185250
3,dbeaver,4.329,settle,66649,11558862250765,dbeaver,899401768,10.364736500
3,dbeaver,4.329,settle,66665,11558947746467,com.apple.SafariPlatformSupport,9863792,0.123185250
3,dbeaver,4.584,settle,66649,11558862250765,dbeaver,973555752,11.247204750
3,dbeaver,4.584,settle,66665,11558947746467,com.apple.SafariPlatformSupport,9863792,0.123185250
3,dbeaver,4.839,settle,66649,11558862250765,dbeaver,916801576,11.287685833
3,dbeaver,4.839,settle,66665,11558947746467,com.apple.SafariPlatformSupport,9863792,0.123320667
3,dbeaver,5.094,settle,66649,11558862250765,dbeaver,891062312,11.323602625
3,dbeaver,5.094,settle,66665,11558947746467,com.apple.SafariPlatformSupport,9863792,0.123320667
3,dbeaver,5.349,settle,66649,11558862250765,dbeaver,819595304,11.379615542
3,dbeaver,5.349,settle,66665,11558947746467,com.apple.SafariPlatformSupport,9863792,0.123320667
3,dbeaver,5.605,settle,66649,11558862250765,dbeaver,779634728,11.392086750
3,dbeaver,5.605,settle,66665,11558947746467,com.apple.SafariPlatformSupport,9863792,0.123320667
3,dbeaver,5.860,settle,66649,11558862250765,dbeaver,709396520,11.408633958
3,dbeaver,5.860,settle,66665,11558947746467,com.apple.SafariPlatformSupport,9863792,0.123514167
3,dbeaver,6.111,settle,66649,11558862250765,dbeaver,709396520,11.417414583
3,dbeaver,6.111,settle,66665,11558947746467,com.apple.SafariPlatformSupport,9863792,0.123592625
3,dbeaver,6.366,settle,66649,11558862250765,dbeaver,709396520,11.433272958
3,dbeaver,6.366,settle,66665,11558947746467,com.apple.SafariPlatformSupport,9863792,0.123592625
3,dbeaver,6.621,settle,66649,11558862250765,dbeaver,709445672,11.446183583
3,dbeaver,6.621,settle,66665,11558947746467,com.apple.SafariPlatformSupport,9863792,0.123592625
3,dbeaver,6.876,settle,66649,11558862250765,dbeaver,709445672,11.458864375
3,dbeaver,6.876,settle,66665,11558947746467,com.apple.SafariPlatformSupport,9863792,0.123592625
3,dbeaver,7.132,settle,66649,11558862250765,dbeaver,709445672,11.467065250
3,dbeaver,7.132,settle,66665,11558947746467,com.apple.SafariPlatformSupport,9863792,0.123592625
3,dbeaver,7.386,settle,66649,11558862250765,dbeaver,709462056,11.479725083
3,dbeaver,7.386,settle,66665,11558947746467,com.apple.SafariPlatformSupport,9863792,0.123592625
3,dbeaver,7.641,settle,66649,11558862250765,dbeaver,709462056,11.487504875
3,dbeaver,7.641,settle,66665,11558947746467,com.apple.SafariPlatformSupport,9863792,0.123592625
3,dbeaver,7.896,settle,66649,11558862250765,dbeaver,670500904,11.498897417
3,dbeaver,7.896,settle,66665,11558947746467,com.apple.SafariPlatformSupport,9863792,0.123779542
3,dbeaver,8.152,settle,66649,11558862250765,dbeaver,709478440,11.515571250
3,dbeaver,8.152,settle,66665,11558947746467,com.apple.SafariPlatformSupport,9863792,0.123779542
3,dbeaver,8.407,settle,66649,11558862250765,dbeaver,709330984,11.529084583
3,dbeaver,8.407,settle,66665,11558947746467,com.apple.SafariPlatformSupport,9863792,0.123779542
3,dbeaver,8.661,settle,66649,11558862250765,dbeaver,709330984,11.544108250
3,dbeaver,8.661,settle,66665,11558947746467,com.apple.SafariPlatformSupport,9863792,0.123976167
3,dbeaver,8.916,query,66649,11558862250765,dbeaver,709232680,11.548906500
3,dbeaver,8.916,query,66665,11558947746467,com.apple.SafariPlatformSupport,9863792,0.124199375
3,dbeaver,9.170,query,66649,11558862250765,dbeaver,709117992,11.562705750
3,dbeaver,9.170,query,66665,11558947746467,com.apple.SafariPlatformSupport,9863792,0.124199375
3,dbeaver,9.425,query,66649,11558862250765,dbeaver,709068840,11.568765667
3,dbeaver,9.425,query,66665,11558947746467,com.apple.SafariPlatformSupport,9863792,0.124199375
3,dbeaver,9.678,query,66649,11558862250765,dbeaver,709068840,11.581009042
3,dbeaver,9.678,query,66665,11558947746467,com.apple.SafariPlatformSupport,9863792,0.124199375
3,dbeaver,9.933,query,66649,11558862250765,dbeaver,709085224,11.592114125
3,dbeaver,9.933,query,66665,11558947746467,com.apple.SafariPlatformSupport,9863792,0.124199375
3,dbeaver,10.188,query,66649,11558862250765,dbeaver,709085224,11.603265917
3,dbeaver,10.188,query,66665,11558947746467,com.apple.SafariPlatformSupport,9863792,0.124199375
3,dbeaver,10.440,query,66649,11558862250765,dbeaver,709085224,11.610490417
3,dbeaver,10.440,query,66665,11558947746467,com.apple.SafariPlatformSupport,9863792,0.124199375
3,dbeaver,10.696,query,66649,11558862250765,dbeaver,709085224,11.617020583
3,dbeaver,10.696,query,66665,11558947746467,com.apple.SafariPlatformSupport,9863792,0.124199375
3,dbeaver,10.948,query,66649,11558862250765,dbeaver,709101608,11.632995167
3,dbeaver,10.948,query,66665,11558947746467,com.apple.SafariPlatformSupport,9863792,0.124199375
3,dbeaver,11.203,query,66649,11558862250765,dbeaver,709101608,11.641569208
3,dbeaver,11.203,query,66665,11558947746467,com.apple.SafariPlatformSupport,9847408,0.124638417
3,dbeaver,11.458,query,66649,11558862250765,dbeaver,709134376,11.661799625
3,dbeaver,11.458,query,66665,11558947746467,com.apple.SafariPlatformSupport,9847408,0.124638417
3,dbeaver,11.710,query,66649,11558862250765,dbeaver,709134376,11.671002333
3,dbeaver,11.710,query,66665,11558947746467,com.apple.SafariPlatformSupport,9847408,0.124638417
3,dbeaver,11.965,query,66649,11558862250765,dbeaver,709134376,11.684308750
3,dbeaver,11.965,query,66665,11558947746467,com.apple.SafariPlatformSupport,9847408,0.124638417
3,dbeaver,12.216,query,66649,11558862250765,dbeaver,709134376,11.691227625
3,dbeaver,12.216,query,66665,11558947746467,com.apple.SafariPlatformSupport,9847408,0.124638417
3,dbeaver,12.469,query,66649,11558862250765,dbeaver,709134376,11.704733792
3,dbeaver,12.469,query,66665,11558947746467,com.apple.SafariPlatformSupport,9847408,0.124638417
3,dbeaver,12.724,query,66649,11558862250765,dbeaver,709134376,11.711749250
3,dbeaver,12.724,query,66665,11558947746467,com.apple.SafariPlatformSupport,9847408,0.124638417
3,dbeaver,12.979,query,66649,11558862250765,dbeaver,709134376,11.719109875
3,dbeaver,12.979,query,66665,11558947746467,com.apple.SafariPlatformSupport,9847408,0.124638417
3,dbeaver,13.234,query,66649,11558862250765,dbeaver,709134376,11.727814000
3,dbeaver,13.234,query,66665,11558947746467,com.apple.SafariPlatformSupport,9847408,0.124638417
3,dbeaver,13.489,query,66649,11558862250765,dbeaver,709134376,11.733744958
3,dbeaver,13.489,query,66665,11558947746467,com.apple.SafariPlatformSupport,9847408,0.124638417
3,dbeaver,13.744,query,66649,11558862250765,dbeaver,709134376,11.741189958
3,dbeaver,13.744,query,66665,11558947746467,com.apple.SafariPlatformSupport,9847408,0.124638417
3,dbeaver,13.999,query,66649,11558862250765,dbeaver,709167120,11.773465958
3,dbeaver,13.999,query,66665,11558947746467,com.apple.SafariPlatformSupport,9847408,0.124638417
3,dbeaver,14.254,query,66649,11558862250765,dbeaver,749226000,11.839497250
3,dbeaver,14.254,query,66665,11558947746467,com.apple.SafariPlatformSupport,9847408,0.124638417
3,dbeaver,14.507,query,66649,11558862250765,dbeaver,749258768,11.862143083
3,dbeaver,14.507,query,66665,11558947746467,com.apple.SafariPlatformSupport,9847408,0.124638417
3,dbeaver,14.762,query,66649,11558862250765,dbeaver,797313040,11.945973125
3,dbeaver,14.762,query,66665,11558947746467,com.apple.SafariPlatformSupport,9847408,0.124638417
3,dbeaver,15.018,query,66649,11558862250765,dbeaver,796755984,12.027253625
3,dbeaver,15.018,query,66665,11558947746467,com.apple.SafariPlatformSupport,9847408,0.124638417
3,dbeaver,15.273,query,66649,11558862250765,dbeaver,796510224,12.064404833
3,dbeaver,15.273,query,66665,11558947746467,com.apple.SafariPlatformSupport,9847408,0.124638417
3,dbeaver,15.528,query,66649,11558862250765,dbeaver,796575760,12.088064375
3,dbeaver,15.528,query,66665,11558947746467,com.apple.SafariPlatformSupport,9847408,0.124638417
3,dbeaver,15.779,query,66649,11558862250765,dbeaver,712525840,12.117429083
3,dbeaver,15.779,query,66665,11558947746467,com.apple.SafariPlatformSupport,9847408,0.124638417
3,dbeaver,16.030,query,66649,11558862250765,dbeaver,710084624,12.130840208
3,dbeaver,16.030,query,66665,11558947746467,com.apple.SafariPlatformSupport,9847408,0.124638417
3,dbeaver,16.286,query,66649,11558862250765,dbeaver,709478416,12.150381792
3,dbeaver,16.286,query,66665,11558947746467,com.apple.SafariPlatformSupport,9847408,0.124638417
3,dbeaver,16.541,query,66649,11558862250765,dbeaver,797476904,12.331253083
3,dbeaver,16.541,query,66665,11558947746467,com.apple.SafariPlatformSupport,9847408,0.124638417
3,dbeaver,16.796,query,66649,11558862250765,dbeaver,949766184,13.086098792
3,dbeaver,16.796,query,66665,11558947746467,com.apple.SafariPlatformSupport,9847408,0.124638417
3,dbeaver,17.049,query,66649,11558862250765,dbeaver,955009064,13.434837792
3,dbeaver,17.049,query,66665,11558947746467,com.apple.SafariPlatformSupport,9847408,0.124638417
3,dbeaver,17.304,query,66649,11558862250765,dbeaver,1014220840,13.980270208
3,dbeaver,17.304,query,66665,11558947746467,com.apple.SafariPlatformSupport,9847408,0.124638417
3,dbeaver,17.559,query,66649,11558862250765,dbeaver,991856680,14.064006125
3,dbeaver,17.559,query,66665,11558947746467,com.apple.SafariPlatformSupport,9847408,0.124638417
3,dbeaver,17.814,query,66649,11558862250765,dbeaver,950880296,14.121231458
3,dbeaver,17.814,query,66665,11558947746467,com.apple.SafariPlatformSupport,9847408,0.124638417
3,dbeaver,18.069,query,66649,11558862250765,dbeaver,950880296,14.148573458
3,dbeaver,18.069,query,66665,11558947746467,com.apple.SafariPlatformSupport,9847408,0.124638417
3,dbeaver,18.324,query,66649,11558862250765,dbeaver,909166632,14.198083042
3,dbeaver,18.324,query,66665,11558947746467,com.apple.SafariPlatformSupport,9847408,0.124638417
3,dbeaver,18.575,query,66649,11558862250765,dbeaver,744998952,14.222479375
3,dbeaver,18.575,query,66665,11558947746467,com.apple.SafariPlatformSupport,9847408,0.124638417
3,dbeaver,18.830,query,66649,11558862250765,dbeaver,745015336,14.263183500
3,dbeaver,18.830,query,66665,11558947746467,com.apple.SafariPlatformSupport,9847408,0.124638417
3,dbeaver,19.085,query,66649,11558862250765,dbeaver,739756072,14.289837625
3,dbeaver,19.085,query,66665,11558947746467,com.apple.SafariPlatformSupport,9847408,0.124638417
3,dbeaver,19.340,query,66649,11558862250765,dbeaver,739756072,14.319508167
3,dbeaver,19.340,query,66665,11558947746467,com.apple.SafariPlatformSupport,9847408,0.124638417
3,dbeaver,19.590,query,66649,11558862250765,dbeaver,739756072,14.339938250
3,dbeaver,19.590,query,66665,11558947746467,com.apple.SafariPlatformSupport,9847408,0.124638417
3,dbeaver,19.843,query,66649,11558862250765,dbeaver,739772456,14.379611125
3,dbeaver,19.843,query,66665,11558947746467,com.apple.SafariPlatformSupport,9847408,0.124638417
3,dbeaver,20.099,query,66649,11558862250765,dbeaver,739772456,14.416070417
3,dbeaver,20.099,query,66665,11558947746467,com.apple.SafariPlatformSupport,9847408,0.124638417
3,dbeaver,20.354,query,66649,11558862250765,dbeaver,739772456,14.447281125
3,dbeaver,20.354,query,66665,11558947746467,com.apple.SafariPlatformSupport,9847408,0.124638417
3,dbeaver,20.608,query,66649,11558862250765,dbeaver,739772456,14.478628958
3,dbeaver,20.608,query,66665,11558947746467,com.apple.SafariPlatformSupport,9847408,0.124638417
3,dbeaver,20.863,query,66649,11558862250765,dbeaver,739870760,14.505714833
3,dbeaver,20.863,query,66665,11558947746467,com.apple.SafariPlatformSupport,9847408,0.124638417
3,dbeaver,21.118,query,66649,11558862250765,dbeaver,740018216,14.541225625
3,dbeaver,21.118,query,66665,11558947746467,com.apple.SafariPlatformSupport,9847408,0.124638417
3,dbeaver,21.373,query,66649,11558862250765,dbeaver,740050984,14.575090542
3,dbeaver,21.373,query,66665,11558947746467,com.apple.SafariPlatformSupport,9847408,0.124638417
3,dbeaver,21.628,query,66649,11558862250765,dbeaver,740067368,14.593787458
3,dbeaver,21.628,query,66665,11558947746467,com.apple.SafariPlatformSupport,9847408,0.124638417
3,dbeaver,21.884,query,66649,11558862250765,dbeaver,740034600,14.611933167
3,dbeaver,21.884,query,66665,11558947746467,com.apple.SafariPlatformSupport,9847408,0.124638417
3,dbeaver,22.137,query,66649,11558862250765,dbeaver,739805200,14.632566417
3,dbeaver,22.137,query,66665,11558947746467,com.apple.SafariPlatformSupport,9847408,0.124638417
3,dbeaver,22.392,query,66649,11558862250765,dbeaver,739756048,14.644325750
3,dbeaver,22.392,query,66665,11558947746467,com.apple.SafariPlatformSupport,9847408,0.124638417
3,dbeaver,22.647,after-query,66649,11558862250765,dbeaver,739756048,14.652897708
3,dbeaver,22.647,after-query,66665,11558947746467,com.apple.SafariPlatformSupport,9847408,0.124638417
3,dbeaver,22.900,after-query,66649,11558862250765,dbeaver,739723280,14.661096833
3,dbeaver,22.900,after-query,66665,11558947746467,com.apple.SafariPlatformSupport,9847408,0.124638417
3,dbeaver,23.156,after-query,66649,11558862250765,dbeaver,739739664,14.667456875
3,dbeaver,23.156,after-query,66665,11558947746467,com.apple.SafariPlatformSupport,9847408,0.124638417
3,dbeaver,23.415,after-query,66649,11558862250765,dbeaver,739739664,14.682962667
3,dbeaver,23.415,after-query,66665,11558947746467,com.apple.SafariPlatformSupport,9847408,0.124638417
3,dbeaver,23.670,after-query,66649,11558862250765,dbeaver,739756048,14.690533625
3,dbeaver,23.670,after-query,66665,11558947746467,com.apple.SafariPlatformSupport,9847408,0.124638417
3,dbeaver,23.925,after-query,66649,11558862250765,dbeaver,739772432,14.703353583
3,dbeaver,23.925,after-query,66665,11558947746467,com.apple.SafariPlatformSupport,9847408,0.124638417
3,dbeaver,24.178,after-query,66649,11558862250765,dbeaver,739772432,14.710464167
3,dbeaver,24.178,after-query,66665,11558947746467,com.apple.SafariPlatformSupport,9847408,0.124638417
3,dbeaver,24.433,after-query,66649,11558862250765,dbeaver,739887120,14.734345125
3,dbeaver,24.433,after-query,66665,11558947746467,com.apple.SafariPlatformSupport,9847408,0.124638417
3,dbeaver,24.686,after-query,66649,11558862250765,dbeaver,739919888,14.741661667
3,dbeaver,24.686,after-query,66665,11558947746467,com.apple.SafariPlatformSupport,9847408,0.124638417
3,dbeaver,24.941,after-query,66649,11558862250765,dbeaver,738920464,14.759683500
3,dbeaver,24.941,after-query,66665,11558947746467,com.apple.SafariPlatformSupport,9847408,0.124638417
3,dbeaver,25.193,after-query,66649,11558862250765,dbeaver,738920464,14.765591125
3,dbeaver,25.193,after-query,66665,11558947746467,com.apple.SafariPlatformSupport,9847408,0.124638417
3,dbeaver,25.448,after-query,66649,11558862250765,dbeaver,738920464,14.775684583
3,dbeaver,25.448,after-query,66665,11558947746467,com.apple.SafariPlatformSupport,9847408,0.124638417
3,dbeaver,25.703,after-query,66649,11558862250765,dbeaver,738920464,14.787171750
3,dbeaver,25.703,after-query,66665,11558947746467,com.apple.SafariPlatformSupport,9847408,0.124638417
3,dbeaver,25.958,after-query,66649,11558862250765,dbeaver,738920464,14.800868000
3,dbeaver,25.958,after-query,66665,11558947746467,com.apple.SafariPlatformSupport,9847408,0.124638417
3,dbeaver,26.213,after-query,66649,11558862250765,dbeaver,738936848,14.814883583
3,dbeaver,26.213,after-query,66665,11558947746467,com.apple.SafariPlatformSupport,9847408,0.124638417
3,dbeaver,26.469,after-query,66649,11558862250765,dbeaver,738936848,14.826525000
3,dbeaver,26.469,after-query,66665,11558947746467,com.apple.SafariPlatformSupport,9847408,0.124638417
3,dbeaver,26.719,after-query,66649,11558862250765,dbeaver,738936848,14.836270958
3,dbeaver,26.719,after-query,66665,11558947746467,com.apple.SafariPlatformSupport,9847408,0.124638417
